a,g2,g3,e1,e2,e3,G,m,wavelength,amplitude,mean,minimum,maximum,rms,background,distance_to_endpoint,a_exact_decimal,g2_exact_decimal,g3_exact_decimal,m_exact_decimal,dps,a_label
-2.1666666666666665,0.0023148148148148147,-2.143347050754458e-05,0.013888888888888888,0.013888888888888888,-0.027777777777777776,0.041666666666666664,1.0,235.72584600746822,2.9166666666666665,1.9191790496842251,-0.9166666666666666,2.0,0.39383990988929113,-0.0009975749559082891,1e-80,-2.1666666666666666666666666666666666666666666666666666666666666666666666666666666566666666666666666666666666666666666666666667,0.0023148148148148148148148148148148148148157071741281697162034143597425382175692651623536813836947468921631099971280653906442476,-0.000021433470507544581618655692729766803840860563520896014091655146022838848787319157482038130528611429402410351934074680820912759,0.99999999999999999997972195345715128900551835816960057423855478275402765189891647208495396984170863254386647553098968656005963,135,−13/6 + 1.0e-80
-2.1666666666666665,0.0023148148148148147,-2.143347050754458e-05,0.013888888888888888,0.013888888888888888,-0.027777777777777776,0.041666666666666664,1.0,234.82908439427734,2.9166666666666665,1.9188704119106215,-0.9166666666666666,2.0,0.39455945827619526,-0.0009975749559082891,2.079656614865565e-80,-2.166666666666666666666666666666666666666666666666666666666666666666666666666666645870100518011016666666666666666666666666667,0.002314814814814814814814814814814814814816101687481570928598459288388405250812236312329509491734198548785053868815858960179559,-0.00002143347050754458161865569272976680384085289242791321273952927241028032314092805101907750217031938508205489061137043263851303,0.9999999999999999999756485950129932496437041574348086582455702080075095968980513854128740717998876588835419958366587752998096,134,−13/6 + 2.1e-80
-2.1666666666666665,0.0023148148148148147,-2.143347050754458e-05,0.013888888888888888,0.013888888888888888,-0.027777777777777776,0.041666666666666664,1.0,233.9323227810864,2.9166666666666665,1.9185594078585624,-0.9166666666666666,2.0,0.39528295464708235,-0.0009975749559082891,4.324971635754243e-80,-2.166666666666666666666666666666666666666666666666666666666666666666666666666666623416950309124236666666666666666666666666667,0.00231481481481481481481481481481481481481667061576367025948189404477759038668929920522415978175250652385470447693589542410686,-0.00002143347050754458161865569272976680384084182993353905908346248548049061216554071539134319034255741377193988947057485182331274,0.9999999999999999999707569995172761230116137107974905085228665365192034950427043503729049678529160553500543424881310474787823,134,−13/6 + 4.3e-80
-2.1666666666666665,0.0023148148148148147,-2.143347050754458e-05,0.013888888888888888,0.013888888888888888,-0.027777777777777776,0.041666666666666664,1.0,233.0355611678955,2.9166666666666665,1.9182460102104868,-0.9166666666666666,2.0,0.3960104351308467,-0.0009975749559082891,8.994455871402255e-80,-2.166666666666666666666666666666666666666666666666666666666666666666666666666666576722107952644116666666666666666666666666667,0.002314814814814814814814814814814814814817491068068723900747203254789881886005997075099397315785431178810200811966108421374209,-0.00002143347050754458161865569272976680384082587669427412716997036195247383301216047570681454338592575915635224705866259055310123,0.9999999999999999999648828033664230709624202201337194086685997949195022963181531789304350240056428687131344599086188334028189,134,−13/6 + 9.0e-80
-2.1666666666666665,0.0023148148148148147,-2.143347050754458e-05,0.013888888888888888,0.013888888888888888,-0.027777777777777776,0.041666666666666664,1.0,232.13879955470463,2.9166666666666665,1.917930191226719,-0.9166666666666666,2.0,0.39674193631941534,-0.0009975749559082891,1.870537965007812e-79,-2.16666666666666666666666666666666666666666666666666666666666666666666666666666647961287016588546666666666666666666666666667,0.00231481481481481481481481481481481481481867424353397583259822587012055426662763986262807603433417796758237658206930566727705,-0.0000214334705075445816186556927297668038408028705046720062728671444321552033889618590327000792176595288618505387083653791520439,0.999999999999999999957828626370612529044380093171146650612151655131437486509305974488662380161768436568287182640255707245264,133,−13/6 + 1.9e-79
-2.1666666666666665,0.0023148148148148147,-2.143347050754458e-05,0.013888888888888888,0.013888888888888888,-0.027777777777777776,0.041666666666666664,1.0,231.24203794151373,2.9166666666666665,1.9176119227372828,-0.9166666666666666,2.0,0.3974774952753764,-0.0009975749559082891,3.8900766522856694e-79,-2.16666666666666666666666666666666666666666666666666666666666666666666666666666627765900143809972666666666666666666666666667,0.0023148148148148148148148148148148148148203805025973623382860072015067307443014545109090966020233349798754704789408183166142,-0.0000214334705075445816186556927297668038407696932451061575511602852107573274341932264875015505307022735658381004002512087042376,0.999999999999999999949357439537500685179718855276653770409497919617348127254187016458641075723890576071612566401358001635863,133,−13/6 + 3.9e-79
-2.1666666666666665,0.0023148148148148147,-2.143347050754458e-05,0.013888888888888888,0.013888888888888888,-0.027777777777777776,0.041666666666666664,1.0,230.34527632832283,2.9166666666666665,1.9172911761335256,-0.9166666666666666,2.0,0.39821714953976195,-0.0009975749559082891,8.090023642259985e-79,-2.16666666666666666666666666666666666666666666666666666666666666666666666666666585766430244066816666666666666666666666666667,0.00231481481481481481481481481481481481482284110128022016093827034843455176423013771835583119976786727380400202399810953607044,-0.0000214334705075445816186556927297668038407218482707172554440329462427163631578021342063293608857010402152334628076129962849924,0.999999999999999999939184600607586375126183663021939556090863015611236569478597224226003790726174493392270829020123069417441,133,−13/6 + 8.1e-79
-2.1666666666666665,0.0023148148148148147,-2.143347050754458e-05,0.013888888888888888,0.013888888888888888,-0.027777777777777776,0.041666666666666664,1.0,229.4485147151319,2.9166666666666665,1.9169679223595464,-0.9166666666666666,2.0,0.3989609371399874,-0.0009975749559082891,1.6824471182045343e-78,-2.1666666666666666666666666666666666666666666666666666666666666666666666666666649842195484621323666666666666666666666666667,0.0023148148148148148148148148148148148148263895342280664210302837551325806376831315509534303133110993982585386942437280989084,-0.000021433470507544581618655692729766803840652850963398022608910463334699135062882747472433453725223663436309779689589216653995,0.99999999999999999992696828972544638439714149041957573155302013169763503209229312288994486210829683065214133202813641629355,132,−13/6 + 1.7e-78
-2.1666666666666665,0.0023148148148148147,-2.143347050754458e-05,0.013888888888888888,0.013888888888888888,-0.027777777777777776,0.041666666666666664,1.0,228.55175310194102,2.9166666666666665,1.9166421319034206,-0.9166666666666666,2.0,0.399708896597952,-0.0009975749559082891,3.498912278535567e-78,-2.1666666666666666666666666666666666666666666666666666666666666666666666666666631677543881310996666666666666666666666666667,0.0023148148148148148148148148148148148148315067345554012727548442853910763968599543510930668274876823379173613022808294842823,-0.000021433470507544581618655692729766803840553349845922067158710675246339495301111063647413432400230277216448058037585749894598,0.99999999999999999991229802387367637074600605918655986021925510524075437534266859140885963548048792228362313749697295997029,132,−13/6 + 3.5e-78
-2.1666666666666665,0.0023148148148148147,-2.143347050754458e-05,0.013888888888888888,0.013888888888888888,-0.027777777777777776,0.041666666666666664,1.0,227.6549914887501,2.9166666666666665,1.916313774788219,-0.9166666666666666,2.0,0.40046106693830413,-0.0009975749559082891,7.276536064890838e-78,-2.1666666666666666666666666666666666666666666666666666666666666666666666666666593901306017758286666666666666666666666666667,0.0023148148148148148148148148148148148148388862566077963890224852256660032347729628999404093502722085675190965417920516236108,-0.000021433470507544581618655692729766803840409859139347717675728768074327029008357850580525194224220614774761895616890334700453,0.99999999999999999989468086414043310527155836271324855905058073724623397885333326114988340503447909635920805774271522325365,132,−13/6 + 7.3e-78
-2.1666666666666665,0.0023148148148148147,-2.143347050754458e-05,0.013888888888888888,0.013888888888888888,-0.027777777777777776,0.041666666666666664,1.0,226.7582298755592,2.9166666666666665,1.9159828205628135,-0.9166666666666666,2.0,0.4012174876968753,-0.0009975749559082891,1.5132696360658082e-77,-2.166666666666666666666666666666666666666666666666666666666666666666666666666651533970306008584666666666666666666666666667,0.002314814814814814814814814814814814814849528276118130550468214309931572684904819255207506531551897457273130414139352452791,-0.00002143347050754458161865569272976680384020293098220233120317292476916317858912675078364390521187338778737932815600621203327,0.999999999999999999873524852367874695621104930853633815089502205075775217914266342462916837819583873333346006120801588927,131,−13/6 + 1.5e-77
-2.1666666666666665,0.0023148148148148147,-2.143347050754458e-05,0.013888888888888888,0.013888888888888888,-0.027777777777777776,0.041666666666666664,1.0,225.86146826236828,2.9166666666666665,1.9156492382924624,-0.9166666666666666,2.0,0.4019781989292871,-0.0009975749559082891,3.147081208719567e-77,-2.166666666666666666666666666666666666666666666666666666666666666666666666666635195854579470996666666666666666666666666667,0.00231481481481481481481481481481481481486487514796894118391092590483253772059258930904784394254212246920008422951693322712,-0.00002143347050754458161865569272976680383990451958510323555289797709053330289519672494218103834660761654407032590543075483419,0.999999999999999999848119120632577877887494262911888611297204188058618353853095066391779192867220988612398372479187964878,131,−13/6 + 3.1e-77
-2.1666666666666665,0.0023148148148148147,-2.143347050754458e-05,0.013888888888888888,0.013888888888888888,-0.027777777777777776,0.041666666666666664,1.0,224.9647066491774,2.9166666666666665,1.915312996549171,-0.9166666666666666,2.0,0.4027432412197344,-0.0009975749559082891,6.544848253232766e-77,-2.166666666666666666666666666666666666666666666666666666666666666666666666666601218184134339006666666666666666666666666667,0.002314814814814814814814814814814814814887006894239136384571438905785881175815660832841917840775431850247010495347903192055,-0.00002143347050754458161865569272976680383947418007429388442894355762755162459919013636196541824634454951943992201854653805356,0.9999999999999999998176100052121077028024610180356359129358669203608068074216085172041182621039986587405608798377018976361,131,−13/6 + 6.5e-77
-2.1666666666666665,0.0023148148148148147,-2.143347050754458e-05,0.013888888888888888,0.013888888888888888,-0.027777777777777776,0.041666666666666664,1.0,224.0679450359865,2.9166666666666665,1.9149740634018229,-0.9166666666666666,2.0,0.4035126556899509,-0.0009975749559082891,1.3611036963126862e-76,-2.16666666666666666666666666666666666666666666666666666666666666666666666666653055629703539804666666666666666666666666667,0.00231481481481481481481481481481481481491892311780116768390877629919374359079423243681094303638399573907461789558765573448,-0.0000214334705075445816186556927297668038388535868383654980529397749779542998634906556090706305425597958406694932247109786541,0.99999999999999999978097236243772476358351851634739870538721879150395383573438750311633736991402529888905420019910170293,130,−13/6 + 1.4e-76
-2.1666666666666665,0.0023148148148148147,-2.143347050754458e-05,0.013888888888888888,0.013888888888888888,-0.027777777777777776,0.041666666666666664,1.0,223.1711834227956,2.9166666666666665,1.91463240640607,-0.9166666666666666,2.0,0.4042864840083594,-0.0009975749559082891,2.830628305554649e-76,-2.16666666666666666666666666666666666666666666666666666666666666666666666666638360383611120176666666666666666666666666667,0.00231481481481481481481481481481481481496494955033050542687679544422180712973321967292950135109327174369764138099110916718,-0.0000214334705075445816186556927297668038379586284280728197174505138246308421618887704294915268249221641268457459657979289475,0.999999999999999999736975122610749547335691465011793348250236320925129339437746470093875814672170454614858924898645733472,130,−13/6 + 2.8e-76
-2.1666666666666665,0.0023148148148148147,-2.143347050754458e-05,0.013888888888888888,0.013888888888888888,-0.027777777777777776,0.041666666666666664,1.0,222.27442180960466,2.9166666666666665,1.9142879925939802,-0.9166666666666666,2.0,0.4050647683994129,-0.0009975749559082891,5.886734879872624e-76,-2.16666666666666666666666666666666666666666666666666666666666666666666666666607799317867940426666666666666666666666666667,0.00231481481481481481481481481481481481503132433578281555408654531466079977495632766194970764678237046369619055215616250098,-0.0000214334705075445816186556927297668038366680075998334561328164885660948740603065701688114615668649026909765206290423124455,0.999999999999999999684139924551939073933066369307345836674638181739671323340603991178777454916385592324915654272047099228,130,−13/6 + 5.9e-76
-2.1666666666666665,0.0023148148148148147,-2.143347050754458e-05,0.013888888888888888,0.013888888888888888,-0.027777777777777776,0.041666666666666664,1.0,221.37766019641379,2.9166666666666665,1.913940788463432,-0.9166666666666666,2.0,0.4058475516531299,-0.0009975749559082891,1.2242387132886953e-75,-2.1666666666666666666666666666666666666666666666666666666666666666666666666654424279533779713666666666666666666666666667,0.0023148148148148148148148148148148148151270435106511180164565776568177834008931985774226080517490868213150784241738793855,-0.000021433470507544581618655692729766803834806801421838686031176970801931303555933256411731458471714363828444014285680161016,0.99999999999999999962069144085406072231466172595767643812453500024522746490703714886394946253619884548215166747614769156,129,−13/6 + 1.2e-75
-2.1666666666666665,0.0023148148148148147,-2.143347050754458e-05,0.013888888888888888,0.013888888888888888,-0.027777777777777776,0.041666666666666664,1.0,220.48089858322288,2.9166666666666665,1.9135907599672524,-0.9166666666666666,2.0,0.4066348771348301,-0.0009975749559082891,2.545996138265343e-75,-2.1666666666666666666666666666666666666666666666666666666666666666666666666641206705284013236666666666666666666666666667,0.0023148148148148148148148148148148148152650802722772923548501139076689841432496783451635126582522321341067298163640499304,-0.000021433470507544581618655692729766803832122753279107518340191543702046844676685340883366529321047791863193242913328289352,0.99999999999999999954449772470523305809299239852563141447830773332634550554378382975417845227193821714765883727748183185,129,−13/6 + 2.5e-75
-2.1666666666666665,0.0023148148148148147,-2.143347050754458e-05,0.013888888888888888,0.013888888888888888,-0.027777777777777776,0.041666666666666664,1.0,219.58413697003198,2.9166666666666665,1.9132378725020847,-0.9166666666666666,2.0,0.40742678879507427,-0.0009975749559082891,5.294797710365705e-75,-2.1666666666666666666666666666666666666666666666666666666666666666666666666613718689563009616666666666666666666666666667,0.0023148148148148148148148148148148148154641432874616313024387606354013771092428877470930904186880978756911823810162834106,-0.000021433470507544581618655692729766803828252083539412038803745635107250314782177152258090525717131029224122334783002720456,0.999999999999999999452998573863236589336842605883932042587360527677410991151524029627202843615607321653087080093414845,129,−13/6 + 5.3e-75
-2.1666666666666665,0.0023148148148148147,-2.143347050754458e-05,0.013888888888888888,0.013888888888888888,-0.027777777777777776,0.041666666666666664,1.0,218.68737535684105,2.9166666666666665,1.9128820908969877,-0.9166666666666666,2.0,0.4082233311798137,-0.0009975749559082891,1.1011361082737447e-74,-2.166666666666666666666666666666666666666666666666666666666666666666666666655655305583929219666666666666666666666666667,0.002314814814814814814814814814814814815751212351872141313849662525808153307445117884676674038125884174617789076820412634,-0.00002143347050754458161865569272976680382267018506476323302631143168267411092783773694949436687763561187319899945866787099,0.9999999999999999993431195047224982107325230342590143817833944635964061844475756551459654377478529952997336208894869235,128,−13/6 + 1.1e-74
-2.1666666666666665,0.0023148148148148147,-2.143347050754458e-05,0.013888888888888888,0.013888888888888888,-0.027777777777777776,0.041666666666666664,1.0,217.79061374365017,2.9166666666666665,1.9125233794017487,-0.9166666666666666,2.0,0.4090245494407547,-0.0009975749559082891,2.2899849914388182e-74,-2.166666666666666666666666666666666666666666666666666666666666666666666666643766816752278484666666666666666666666666667,0.002314814814814814814814814814814814816165195068175342934213715838778823148711942397221537540341118665167372172345395833,-0.000021433470507544581618655692729766803814620521136645423741454839486022197346802724075107011385843659172341721319371344,0.9999999999999999992111684458970144892824907054915373523942131161927552268891108074657365185177995596605263532028331386,128,−13/6 + 2.3e-74
-2.1666666666666665,0.0023148148148148147,-2.143347050754458e-05,0.013888888888888888,0.013888888888888888,-0.027777777777777776,0.041666666666666664,1.0,216.89385213045927,2.9166666666666665,1.9121617016749084,-0.9166666666666666,2.0,0.4098304893459436,-0.0009975749559082891,4.762382435388603e-74,-2.166666666666666666666666666666666666666666666666666666666666666666666666619042842312780636666666666666666666666666667,0.002314814814814814814814814814814814816762200146899907016576760324332103607943651023826489694102325419460429034933798678,-0.00002143347050754458161865569272976680380301208905033445547328453004470841063775853393959064486327888396422174101461031448,0.9999999999999999990527116800969144823233659151112487176828318880791649234789327660471378856777848518907413159761331002,128,−13/6 + 4.8e-74
-2.1666666666666665,0.0023148148148148147,-2.143347050754458e-05,0.013888888888888888,0.013888888888888888,-0.027777777777777776,0.041666666666666664,1.0,215.99709051726836,2.9166666666666665,1.9117970207714883,-0.9166666666666666,2.0,0.4106411972905767,-0.0009975749559082891,9.904120134275488e-74,-2.166666666666666666666666666666666666666666666666666666666666666666666666567625465323911786666666666666666666666666667,0.00231481481481481481481481481481481481762314204129987495390891816010873542144240985766645258917443091476235758611092213,-0.00002143347050754458161865569272976680378627155221477952335849257212682945870495379472113062204599364178349335821916910839,0.9999999999999999988624248657937728504445653803289331553647498626669929287624284996954958290569999634477512648711325091,128,−13/6 + 9.9e-74
-2.1666666666666665,0.0023148148148148147,-2.143347050754458e-05,0.013888888888888888,0.013888888888888888,-0.027777777777777776,0.041666666666666664,1.0,215.10032890407743,2.9166666666666665,1.9114292991304094,-0.9166666666666666,2.0,0.4114567203080426,-0.0009975749559082891,2.0597168951669922e-73,-2.16666666666666666666666666666666666666666666666666666666666666666666666646069497714996744666666666666666666666666667,0.00231481481481481481481481481481481481886470760237781833556927569960649368315482922094072534845982692313525346105248545,-0.000021433470507544581618655692729766803762129999638263957603985619969928603608485064354476718678122337632083060940751169,0.999999999999999998633914132819963611854764223506766858557050251209538941373894138381913139320224049096609021806207961,127,−13/6 + 2.1e-73
-2.1666666666666665,0.0023148148148148147,-2.143347050754458e-05,0.013888888888888888,0.013888888888888888,-0.027777777777777776,0.041666666666666664,1.0,214.20356729088655,2.9166666666666665,1.9110584985615962,-0.9166666666666666,2.0,0.41227710608120116,-0.0009975749559082891,4.283503865784399e-73,-2.16666666666666666666666666666666666666666666666666666666666666666666666623831628008822676666666666666666666666666667,0.00231481481481481481481481481481481482065517110808163176039671899478683072219791049426755845247906501044195201198094194,-0.0000214334705075445816186556927297668037273154314718009187878964447858664945001417677248495023392867252506921275936459971,0.999999999999999998359501240495028827737694147626899018415642342556285659423151048632537778262697598706285999079188273,127,−13/6 + 4.3e-73
-2.1666666666666665,0.0023148148148148147,-2.143347050754458e-05,0.013888888888888888,0.013888888888888888,-0.027777777777777776,0.041666666666666664,1.0,213.30680567769565,2.9166666666666665,1.9106845802327548,-0.9166666666666666,2.0,0.41310240295390604,-0.0009975749559082891,8.908217149280745e-73,-2.16666666666666666666666666666666666666666666666666666666666666666666666577584495173859216666666666666666666666666667,0.00231481481481481481481481481481481482323720113996655779935932642809272554503980261062088586254866798277404932228997945,-0.0000214334705075445816186556927297668036771092919629273569191790780271407618008320899389454437246854708741492098526043023,0.999999999999999998029965579328644532215427223164526646923974757638945256974340047410243301863508669680318233642139474,127,−13/6 + 8.9e-73
-2.1666666666666665,0.0023148148148148147,-2.143347050754458e-05,0.013888888888888888,0.013888888888888888,-0.027777777777777776,0.041666666666666664,1.0,212.41004406450475,2.9166666666666665,1.9103075046558156,-0.9166666666666666,2.0,0.4139326599427766,-0.0009975749559082891,1.852603272116057e-72,-2.1666666666666666666666666666666666666666666666666666666666666666666666648140633945506096666666666666666666666666667,0.0023148148148148148148148148148148148269607504132788833080145220551349259909058997600075487272231721161795472717275658,-0.000021433470507544581618655692729766803604706944981854360917550274167986864173821685453864143008436209590694727067232657,0.99999999999999999763423434724141733125260778326353103645797923885404873267531887280177022485380604878996057005404853,126,−13/6 + 1.9e-72
-2.1666666666666665,0.0023148148148148147,-2.143347050754458e-05,0.013888888888888888,0.013888888888888888,-0.027777777777777776,0.041666666666666664,1.0,211.51328245131387,2.9166666666666665,1.9099272316730327,-0.9166666666666666,2.0,0.4147679267492259,-0.0009975749559082891,3.8527786495777487e-72,-2.1666666666666666666666666666666666666666666666666666666666666666666666628138880170889179666666666666666666666666667,0.0023148148148148148148148148148148148323304862488699165770195129322714144085264145553251112837118336299025499474996287,-0.000021433470507544581618655692729766803500295414845362047353564340445888478133182375155902157401498560499072239544583786,0.99999999999999999715901048984467546149624046697433629025740480509361588182308462881285218161277515437632698966253656,126,−13/6 + 3.9e-72
-2.1666666666666665,0.0023148148148148147,-2.143347050754458e-05,0.013888888888888888,0.013888888888888888,-0.027777777777777776,0.041666666666666664,1.0,210.61652083812294,2.9166666666666665,1.9095437204427264,-0.9166666666666666,2.0,0.4156082537717505,-0.0009975749559082891,8.012456604207446e-72,-2.1666666666666666666666666666666666666666666666666666666666666666666666586542100624592206666666666666666666666666667,0.0023148148148148148148148148148148148400741901258921746484477741300255841785701661617772313876115190826821685571754602,-0.000021433470507544581618655692729766803349723395014373695964681483822890732308280513105252151107722625412972819071407795,0.99999999999999999658832590311670488076308798582533445083456727936822900431506385984796336969996660213790986724392102,126,−13/6 + 8.0e-72
-2.1666666666666665,0.0023148148148148147,-2.143347050754458e-05,0.013888888888888888,0.013888888888888888,-0.027777777777777776,0.041666666666666664,1.0,209.71975922493203,2.9166666666666665,1.909156929424661,-0.9166666666666666,2.0,0.4164536921184899,-0.0009975749559082891,1.66631583782633e-71,-2.166666666666666666666666666666666666666666666666666666666666666666666650003508288403366666666666666666666666666667,0.002314814814814814814814814814814814851241396776459923270339610641837536541350140664917745161582223940137818168025923,-0.0000214334705075445816186556927297668031325832656977785838723402183154361024158563810957639559300871249795403195853998,0.9999999999999999959030048855379305068750512739104280511039205718702390473225318534070348891193900856880241462382062,125,−13/6 + 1.7e-71
-2.1666666666666665,0.0023148148148148147,-2.143347050754458e-05,0.01388888888888889,0.013888888888888888,-0.027777777777777776,0.041666666666666664,1.0,208.82299761174113,2.9166666666666665,1.9087668163650457,-0.9166666666666666,2.0,0.4173042936200625,-0.0009975749559082891,3.4653647545907833e-71,-2.166666666666666666666666666666666666666666666666666666666666666666666632013019120758833666666666666666666666666667,0.002314814814814814814814814814814814867345641767868789586434366849090999135503363040121965582854170508992215414441825,-0.00002143347050754458161865569272976680281944516864260618328160884761884099513705874034966102323726366249398118173762338,0.9999999999999999950800198110188216474678282512972401231229791842891339536745964746871870591879273933015654109773606,125,−13/6 + 3.5e-71
-2.1666666666666665,0.0023148148148148147,-2.143347050754458e-05,0.01388888888888889,0.013888888888888888,-0.027777777777777776,0.041666666666666664,1.0,207.92623599855025,2.9166666666666665,1.9083733382811467,-0.9166666666666666,2.0,0.41816011084268345,-0.0009975749559082891,7.206768734806708e-71,-2.166666666666666666666666666666666666666666666666666666666666666666666594598979318599586666666666666666666666666667,0.002314814814814814814814814814814814890569596948292735116541411181164809109093449886168614033540706157352213685215023,-0.00002143347050754458161865569272976680236786826235658502019619409671740579854132273528342298712348700779296415400285863,0.9999999999999999940917173724417494256847775637216914289730259852603876538172289487020049538011835646406916405195597,125,−13/6 + 7.2e-71
-2.1666666666666665,0.0023148148148148147,-2.143347050754458e-05,0.01388888888888889,0.013888888888888888,-0.027777777777777776,0.041666666666666664,1.0,207.02947438535932,2.9166666666666665,1.9079764514455007,-0.9166666666666666,2.0,0.4190211971015745,-0.0009975749559082891,1.4987604271147603e-70,-2.16666666666666666666666666666666666666666666666666666666666666666666651679062395519063666666666666666666666666667,0.00231481481481481481481481481481481492406089657209362781868927629588468524280322175792892850032772832511909046452786,-0.0000214334705075445816186556927297668017166485474493454398766522750422970903995048517791839665086111494026254085896679,0.999999999999999992904889396651094017914386356147267364695851432734600087082115040157322355412935293108175539238082,124,−13/6 + 1.5e-70
-2.1666666666666665,0.0023148148148148147,-2.143347050754458e-05,0.01388888888888889,0.013888888888888888,-0.027777777777777776,0.041666666666666664,1.0,206.13271277216842,2.9166666666666665,1.907576111369714,-0.9166666666666666,2.0,0.41988760647467116,-0.0009975749559082891,3.116907036347951e-70,-2.16666666666666666666666666666666666666666666666666666666666666666666635497596303187156666666666666666666666666667,0.0023148148148148148148148148148148149723587485864044924836229961186734078370184335489417196793805461486763361934732,-0.0000214334705075445816186556927297668007775236471710786269473855007102941395422816507631182975711881247707789727051007,0.999999999999999991479657009136984111569368348731361726171580111874793258818027412125516026598774381693826697826617,124,−13/6 + 3.1e-70
-2.1666666666666665,0.0023148148148148147,-2.143347050754458e-05,0.01388888888888889,0.013888888888888888,-0.027777777777777776,0.041666666666666664,1.0,205.2359511589775,2.9166666666666665,1.9071722727878406,-0.9166666666666666,2.0,0.4207593938166366,-0.0009975749559082891,6.48209633606204e-70,-2.16666666666666666666666666666666666666666666666666666666666666666666601845703306046266666666666666666666666666667,0.00231481481481481481481481481481481504200915138948402829400394165638239644295311653653284273439504174839121157518682,-0.0000214334705075445816186556927297667994232102593334209861899782263659526704583002813171584262023165222976914648367973,0.999999999999999989768130654977675463807259948969282969379274837456184618566312871771176110270429088453953423550629,124,−13/6 + 6.5e-70
-2.1666666666666665,0.0023148148148148147,-2.143347050754458e-05,0.01388888888888889,0.013888888888888888,-0.027777777777777776,0.041666666666666664,1.0,204.33918954578664,2.9166666666666665,1.9067648896393186,-0.9166666666666666,2.0,0.4216366147731887,-0.0009975749559082891,1.3480534523487264e-69,-2.1666666666666666666666666666666666666666666666666666666666666666666653186132143179402666666666666666666666666667,0.0023148148148148148148148148148148151424520988148437607068944444275377677532166980452349116100615337026626719887257,-0.000021433470507544581618655692729766797470152948284759522605996228037931511801193693397068340514499406662643630213126,0.9999999999999999877128009511030815883628731677766169588045581219262920244999576871636167670344580222370199970309,123,−13/6 + 1.3e-69
-2.1666666666666665,0.0023148148148148147,-2.143347050754458e-05,0.01388888888888889,0.013888888888888888,-0.027777777777777776,0.041666666666666664,1.0,203.4424279325957,2.9166666666666665,1.9063539150514575,-0.9166666666666666,2.0,0.4225193257957504,-0.0009975749559082891,2.8034882793694826e-69,-2.1666666666666666666666666666666666666666666666666666666666666666666638631783872971840666666666666666666666666667,0.0023148148148148148148148148148148152873010197323269713162316314807592327763070167889887571091016462256381828701315,-0.00002143347050754458161865569272976679465364615266703042742443981311418069935543272204372077489926075147943827262295,0.99999999999999998524460630054251658147928705602107468659197979020414279474728725688568341879854649768636767402766,123,−13/6 + 2.8e-69
-2.1666666666666665,0.0023148148148148147,-2.143347050754458e-05,0.01388888888888889,0.013888888888888888,-0.027777777777777776,0.041666666666666664,1.0,202.5456663194048,2.9166666666666665,1.9059393013214603,-0.9166666666666666,2.0,0.42340758415643026,-0.0009975749559082891,5.830292944888826e-69,-2.1666666666666666666666666666666666666666666666666666666666666666666608363737217778406666666666666666666666666667,0.0023148148148148148148148148148148154961878597620739617457387568172796667055915651475826493657307931109827182635119,-0.000021433470507544581618655692729766790591957596533061169072912376015172046257188617966830989567369220161865301466751,0.99999999999999998228061233812813131549290197797847383699641731713802833316963462753569090457597465285042685489198,123,−13/6 + 5.8e-69
-2.1666666666666665,0.0023148148148148147,-2.143347050754458e-05,0.01388888888888889,0.013888888888888888,-0.027777777777777776,0.041666666666666664,1.0,201.64890470621393,2.9166666666666665,1.9055209998979652,-0.9166666666666666,2.0,0.424301447963343,-0.0009975749559082891,1.2125007289442084e-68,-2.166666666666666666666666666666666666666666666666666666666666666666654541659377224582666666666666666666666666667,0.002314814814814814814814814814814815797423876304245934689716291175257678351215344013801096581560022512069750342515,-0.00002143347050754458161865569272976678473459060821305058405112698572115470480635982995147229370402309291857761458404,0.9999999999999999787212252341839510131223498622884064589328791208015037673884563661293156075553809507823142305426,122,−13/6 + 1.2e-68
-2.1666666666666665,0.0023148148148148147,-2.143347050754458e-05,0.01388888888888889,0.013888888888888888,-0.027777777777777776,0.041666666666666664,1.0,200.75214309302302,2.9166666666666665,1.905098961362093,-0.9166666666666666,2.0,0.42520097617627883,-0.0009975749559082891,2.5215851614781425e-68,-2.166666666666666666666666666666666666666666666666666666666666666666641450815051885241666666666666666666666666667,0.002314814814814814814814814814814816231836774930474377318633432633474833532101603012828301018448225661520340706864,-0.00002143347050754458161865569272976677628767313492527531071107145736693131055947421413413420173319122256266520767429,0.9999999999999999744468452197914335547175608661515216420364280667123945508558934339297679221962274925366628630643,122,−13/6 + 2.5e-68
-2.1666666666666665,0.0023148148148148147,-2.143347050754458e-05,0.01388888888888889,0.013888888888888888,-0.027777777777777776,0.041666666666666664,1.0,199.8553814798321,2.9166666666666665,1.9046731354079842,-0.9166666666666666,2.0,0.4261062286227309,-0.0009975749559082891,5.244031261015045e-68,-2.166666666666666666666666666666666666666666666666666666666666666666614226354056516216666666666666666666666666667,0.002314814814814814814814814814814816858304249368188501888669866397846742597150397929918572287317551827752835781853,-0.00002143347050754458161865569272976676410636113196972288851591857861525336189712974252511396979577483770707610514563,0.9999999999999999693138478879773105217095437898148049470894644025989648284413226236809973999355399771900328102313,122,−13/6 + 5.2e-68
-2.1666666666666665,0.0023148148148148147,-2.143347050754458e-05,0.01388888888888889,0.013888888888888888,-0.027777777777777776,0.041666666666666664,1.0,198.9586198666412,2.9166666666666665,1.9042434708228093,-0.9166666666666666,2.0,0.42701726601429024,-0.0009975749559082891,1.090578430053175e-67,-2.16666666666666666666666666666666666666666666666666666666666666666655760882366134916666666666666666666666666667,0.00231481481481481481481481481481481776173390757916357900787240990981418545747266082491084448816183858171382701344,-0.0000214334705075445816186556927297667465396733334229852778647580103269934959143396472699223522152555867238596909054,0.999999999999999963149758237620585991861477632648884163522509210731947631219060055619210569786641054289389613844,121,−13/6 + 1.1e-67
-2.1666666666666665,0.0023148148148148147,-2.143347050754458e-05,0.01388888888888889,0.013888888888888888,-0.027777777777777776,0.041666666666666664,1.0,198.0618582534503,2.9166666666666665,1.903809915466237,-0.9166666666666666,2.0,0.4279341499634189,-0.0009975749559082891,2.2680286460897884e-67,-2.16666666666666666666666666666666666666666666666666666666666666666643986380205768782666666666666666666666666667,0.00231481481481481481481481481481481906457113479163185625921700016082373667409694735522660259606846878767483407133,-0.0000214334705075445816186556927297667212067272487361021090886131998906882803046506241847227821683531617846571680351,0.999999999999999955747455302035825116807108434022903517589334702045558733088956017198183875925696974912490353289,121,−13/6 + 2.3e-67
-2.1666666666666665,0.0023148148148148147,-2.143347050754458e-05,0.01388888888888889,0.013888888888888888,-0.027777777777777776,0.041666666666666664,1.0,197.16509664025938,2.9166666666666665,1.9033724162493402,-0.9166666666666666,2.0,0.42885694300061056,-0.0009975749559082891,4.7167207765453746e-67,-2.16666666666666666666666666666666666666666666666666666666666666666619499458901212920666666666666666666666666667,0.00231481481481481481481481481481482094339459955592295722325024290124755516336837075747398937780477093257618537072,-0.0000214334705075445816186556927297666846740487672082195903435223688268743688527885054216503753724834690983830084859,0.999999999999999946858212630654748724098693635881251240938859739183434819868918114936161723722645508128403424399,121,−13/6 + 4.7e-67
-2.1666666666666665,0.0023148148148148147,-2.143347050754458e-05,0.01388888888888889,0.013888888888888888,-0.027777777777777776,0.04166666666666667,0.9999999999999999,196.2683350270685,2.9166666666666665,1.9029309191129273,-0.9166666666666666,2.0,0.42978570859194987,-0.0009975749559082891,9.809159563416112e-67,-2.16666666666666666666666666666666666666666666666666666666666666666568575071032505546666666666666666666666666667,0.00231481481481481481481481481481482365284865722134345792596792938877656322305089576329462114565557594311340753241,-0.000021433470507544581618655692729766631990219868158376521124011798235996274538542323062032677892193599643358300198,0.999999999999999936183340775461082282368170200090472690786661273063562934873235603589762002993589099029175118587,121,−13/6 + 9.8e-67
-2.1666666666666665,0.0023148148148148147,-2.143347050754458e-05,0.01388888888888889,0.013888888888888888,-0.027777777777777776,0.04166666666666667,0.9999999999999999,195.37157341387757,2.9166666666666665,1.9024853690052723,-0.9166666666666666,2.0,0.4307205111570812,-0.0009975749559082891,2.0399683572330805e-66,-2.1666666666666666666666666666666666666666666666666666666666666666646266983094335861666666666666666666666666667,0.0023148148148148148148148148148148275601563038830417211793867527043880661905634956225603372782764084367085931441,-0.000021433470507544581618655692729766556014793405292021402307534678210141619087557192657507000954480831226847307894,0.9999999999999999233641509594717251274672828266291330384036505498303498753661205272650024430713166858473485166,120,−13/6 + 2.0e-66
-2.1666666666666665,0.0023148148148148147,-2.143347050754458e-05,0.013888888888888892,0.013888888888888886,-0.027777777777777776,0.04166666666666667,0.9999999999999999,194.4748118006867,2.9166666666666665,1.9020357098592326,-0.9166666666666666,2.0,0.43166141608759795,-0.0009975749559082891,4.242433688236216e-66,-2.1666666666666666666666666666666666666666666666666666666666666666624242329784304506666666666666666666666666667,0.0023148148148148148148148148148148331948903575815808088707617925694805224870069741552035565954063983712956003168,-0.000021433470507544581618655692729766446450520138931539141641908903055409209239973661680897394574389147067783418443,0.99999999999999990796990269424396077121518184720834241661425798377089990416626942642150624395288172466906637627,120,−13/6 + 4.2e-66
-2.1666666666666665,0.0023148148148148147,-2.143347050754458e-05,0.013888888888888892,0.013888888888888886,-0.027777777777777776,0.04166666666666667,0.9999999999999999,193.5780501874958,2.9166666666666665,1.9015818845687276,-0.9166666666666666,2.0,0.4326084897658639,-0.0009975749559082891,8.822805282868963e-66,-2.1666666666666666666666666666666666666666666666666666666666666666578438613837977036666666666666666666666666667,0.0023148148148148148148148148148148413207485512760841189286176481563514364583882535118203982419588515797971163819,-0.00002143347050754458161865569272976628844772192820508589051693393331037075583671710816548444802817691727576216631,0.99999999999999988948333037156181322042131205478611829051405498242417537835707043605544446579255449691560116649,120,−13/6 + 8.8e-66
-2.1666666666666665,0.0023148148148148147,-2.143347050754458e-05,0.013888888888888892,0.013888888888888886,-0.027777777777777776,0.04166666666666667,0.9999999999999999,192.68128857430486,2.9166666666666665,1.9011238349645632,-0.9166666666666666,2.0,0.4335617995842794,-0.0009975749559082891,1.8348405368189894e-65,-2.166666666666666666666666666666666666666666666666666666666666666648318261298476772666666666666666666666666667,0.002314814814814814814814814814814853039060499059138115522473194669421825514188742749642089634745221602329809282,-0.00002143347050754458161865569272976606059165627686792484563640941777776806265161351180328204416559294596188965311,0.999999999999999867283262505063884314880233849325353570431360455250731284170207649212500979750202384776331344,119,−13/6 + 1.8e-65
-2.1666666666666665,0.0023148148148148147,-2.143347050754458e-05,0.013888888888888892,0.013888888888888886,-0.027777777777777776,0.04166666666666667,0.9999999999999999,191.784526961114,2.9166666666666665,1.900661501789576,-0.9166666666666666,2.0,0.43452141396500277,-0.0009975749559082891,3.815838259618971e-65,-2.166666666666666666666666666666666666666666666666666666666666666628508284070476956666666666666666666666666667,0.002314814814814814814814814814814869938055243034840609861376866144656532608364214577739417721559802216439914042,-0.00002143347050754458161865569272976573200009181067370967793550469464679334655917023366435251655160574289974357622,0.999999999999999840623749607026505882630722276259685366007263890265857546192997395560581341300041324264512035,119,−13/6 + 3.8e-65
-2.1666666666666665,0.0023148148148148147,-2.143347050754458e-05,0.013888888888888893,0.013888888888888885,-0.027777777777777776,0.04166666666666667,0.9999999999999998,190.88776534792308,2.9166666666666665,1.900194824673079,-0.9166666666666666,2.0,0.4354874023801429,-0.0009975749559082891,7.935633277873959e-65,-2.166666666666666666666666666666666666666666666666666666666666666587310333887927076666666666666666666666666667,0.002314814814814814814814814814814894308120200300055199581533228091468236605216058169569290065931030752900498745,-0.00002143347050754458161865569272976525813771764162787043337690876790029810857319422365227593891532761892264821158,0.999999999999999808608999371361267344433894544446375080072715923776971753165115260720655121208887429146435604,119,−13/6 + 7.9e-65
-2.1666666666666665,0.0023148148148148147,-2.143347050754458e-05,0.013888888888888893,0.013888888888888885,-0.027777777777777776,0.04166666666666667,0.9999999999999998,189.99100373473217,2.9166666666666665,1.8997237421045805,-0.9166666666666666,2.0,0.43645983537243177,-0.0009975749559082891,1.6503392239477884e-64,-2.16666666666666666666666666666666666666666666666666666666666666650163274427188782666666666666666666666666667,0.00231481481481481481481481481481492945222640418941117267885250088731869552000878199314375583583774456603244842,-0.0000214334705075445816186556927297645747800970104459487342623673524193256816960964420400373950987655617980971946,0.999999999999999770163276954304358797986083840894516404022010327616113985555375239393469684939690525870765572,118,−13/6 + 1.7e-64
-2.1666666666666665,0.0023148148148148147,-2.143347050754458e-05,0.013888888888888895,0.013888888888888883,-0.027777777777777776,0.04166666666666667,0.9999999999999998,189.09424212154127,2.9166666666666665,1.8992481914067585,-0.9166666666666666,2.0,0.43743878457639535,-0.0009975749559082891,3.432138883855178e-64,-2.16666666666666666666666666666666666666666666666666666666666666632345277828114886666666666666666666666666667,0.00231481481481481481481481481481498013359319726899968834442152545514432666337195274012172359983006095682473157,-0.0000214334705075445816186556927297635893090760338983942629874140969211364175843525265183148025368070426181989585,0.999999999999999723994758965278220273463765751527422099883323681338431949208036513375707822053525045174262101,118,−13/6 + 3.4e-64
-2.1666666666666665,0.0023148148148148147,-2.143347050754458e-05,0.013888888888888895,0.013888888888888881,-0.027777777777777776,0.04166666666666667,0.9999999999999997,188.19748050835037,2.9166666666666665,1.89876810870766,-0.9166666666666666,2.0,0.43842432274003224,-0.0009975749559082891,7.137670332946738e-64,-2.16666666666666666666666666666666666666666666666666666666666666595289963337199286666666666666666666666666667,0.00231481481481481481481481481481505322126613772604926808864669052955531191097558469524157196450748262270782105,-0.0000214334705075445816186556927297621681598799694557635457385914426700856969643420191288761555598183087871072355,0.999999999999999668552126617778009880491390516757046007221593502136991406743968830124408718681589098817115672,118,−13/6 + 7.1e-64
-2.1666666666666665,0.0023148148148148147,-2.143347050754458e-05,0.013888888888888897,0.013888888888888881,-0.027777777777777776,0.04166666666666668,0.9999999999999996,187.30071889515946,2.9166666666666665,1.8982834289121036,-0.9166666666666666,2.0,0.43941652374701834,-0.0009975749559082891,1.4843903322642626e-63,-2.1666666666666666666666666666666666666666666666666666666666666651822763344024040666666666666666666666666667,0.0023148148148148148148148148148151586211058393828387451270471810448264534261967441152173299886992840743736432,-0.000021433470507544581618655692729760118718552437240412603325248571484925801478233377985472883437003569889666768,0.9999999999999996019724395169087259487499830924046065540624568670899441597740514184132625731621342981450116,117,−13/6 + 1.5e-63
-2.1666666666666665,0.0023148148148148147,-2.143347050754458e-05,0.013888888888888899,0.01388888888888888,-0.027777777777777776,0.04166666666666668,0.9999999999999996,186.40395728196856,2.9166666666666665,1.8977940856722546,-0.9166666666666666,2.0,0.4404154626394497,-0.0009975749559082891,3.0870221735358683e-63,-2.1666666666666666666666666666666666666666666666666666666666666635796444931307983666666666666666666666666667,0.0023148148148148148148148148148153106183683351365984749044316441910692771143141066811101147214304953398058008,-0.000021433470507544581618655692729757163216226130917306746542772899082723329389369725529010616198008404040625325,0.9999999999999995220185385789903161843813072226209390125968706103852805673214618302752217955843826635223049,117,−13/6 + 3.1e-63
-2.1666666666666665,0.0023148148148148147,-2.143347050754458e-05,0.0138888888888889,0.013888888888888878,-0.027777777777777776,0.04166666666666668,0.9999999999999994,185.50719566877765,2.9166666666666665,1.8973000113573484,-0.9166666666666666,2.0,0.4414212156411406,-0.0009975749559082891,6.419946083430647e-63,-2.1666666666666666666666666666666666666666666666666666666666666602467205832360196666666666666666666666666667,0.0023148148148148148148148148148155298138421764591244289177182623683403184904227452291317392854500039121317367,-0.000021433470507544581618655692729752901082012549645968751839977545398398670872814381967051677025861657728937501,0.99999999999999942600387474457154768288653183038359815447634629873086379896916387134422778077695621798134124,117,−13/6 + 6.4e-63
-2.1666666666666665,0.0023148148148148147,-2.143347050754458e-05,0.013888888888888904,0.013888888888888874,-0.027777777777777776,0.04166666666666668,0.9999999999999993,184.61043405558675,2.9166666666666665,1.8968011370225308,-0.9166666666666666,2.0,0.4424338601814919,-0.0009975749559082891,1.3351283339486824e-62,-2.166666666666666666666666666666666666666666666666666666666666653315383327179842666666666666666666666666667,0.00231481481481481481481481481481584591595456721367775985256974335991449948112599609534268638869761763927251,-0.00002143347050754458161865569272974675465204939608520953921786541451299349519488243848588440073060223196623978,0.999999999999999310702237637532245167309789461882716809200521318100990489444046964160266463180606319586548,116,−13/6 + 1.3e-62
-2.1666666666666665,0.0023148148148148147,-2.143347050754458e-05,0.013888888888888905,0.013888888888888873,-0.027777777777777776,0.041666666666666685,0.9999999999999992,183.71367244239585,2.9166666666666665,1.8962973923767852,-0.9166666666666666,2.0,0.4434534749199462,-0.0009975749559082891,2.776608471390864e-62,-2.166666666666666666666666666666666666666666666666666666666666638900581952758026666666666666666666666666667,0.002314814814814814814814814814816301767271689915844609593664756817140725318521182037253852378069455281882797,-0.00002143347050754458161865569272973789087643867687640968314101792959578829376819427878917868028223726647077234,0.9999999999999991722393509425288055975693078853403384313761250076838943959811483345692237516714437913459582,116,−13/6 + 2.8e-62
-2.1666666666666665,0.0023148148148148147,-2.143347050754458e-05,0.013888888888888909,0.013888888888888869,-0.027777777777777776,0.041666666666666685,0.999999999999999,182.81691082920494,2.9166666666666665,1.8957887057499163,-0.9166666666666666,2.0,0.44448013977104767,-0.0009975749559082891,5.774392174419776e-62,-2.166666666666666666666666666666666666666666666666666666666666608922744922468906666666666666666666666666667,0.00231481481481481481481481481481695915112069633222784746631224287291090136858406541436767376769227323131805,-0.00002143347050754458161865569272972510841270799655784672450620569859841684847216242964729312192350294865301929,0.9999999999999990059626919726794068647138632874909601428549244377279947867910408879761184015961492630789075,116,−13/6 + 5.8e-62
-2.1666666666666665,0.0023148148148148147,-2.143347050754458e-05,0.013888888888888914,0.013888888888888864,-0.027777777777777776,0.04166666666666669,0.9999999999999988,181.92014921601404,2.9166666666666665,1.895275004058558,-0.9166666666666666,2.0,0.4455139359301223,-0.0009975749559082891,1.2008752882360237e-61,-2.16666666666666666666666666666666666666666666666666666666666654657913784306429666666666666666666666666667,0.00231481481481481481481481481481790716532774574795455061209378680578790386073467500405056983061710444574387,-0.0000214334705075445816186556927297066748031264801409386077826756732409361675774525708165644449187102066120322,0.99999999999999880628516120533531762604411258473728137796102179026604396834212492722915208974999221175168,115,−13/6 + 1.2e-61
-2.1666666666666665,0.0023148148148148147,-2.143347050754458e-05,0.01388888888888892,0.013888888888888859,-0.027777777777777776,0.0416666666666667,0.9999999999999986,181.02338760282314,2.9166666666666665,1.8947562127711697,-0.9166666666666666,2.0,0.4465549458995986,-0.0009975749559082891,2.4974082368086388e-61,-2.16666666666666666666666666666666666666666666666666666666666641692584298580278666666666666666666666666667,0.00231481481481481481481481481481927429799783773862663133062759318051094801056502477518044364966015667021209,-0.0000214334705075445816186556927296800916678746914334259271445183178312007038904728352383268699539512599587376,0.999999999999998566497348890850377741733254833230669404135982327309032544659783233924455525977412562518642,115,−13/6 + 2.5e-61
-2.1666666666666665,0.0023148148148148147,-2.143347050754458e-05,0.013888888888888925,0.013888888888888853,-0.027777777777777776,0.041666666666666706,0.9999999999999982,180.12662598963223,2.9166666666666665,1.8942322558719875,-0.9166666666666666,2.0,0.44760325351598607,-0.0009975749559082891,5.1937515596989186e-61,-2.16666666666666666666666666666666666666666666666666666666666614729151069677480666666666666666666666666667,0.00231481481481481481481481481482124584201451460588326613168956421988613503463316326765689417971664521934354,-0.000021433470507544581618655692729641756089772641236769139346091083971958656411941367400287625336793505028904,0.999999999999998278542090662203085027607134952510636707527682543820743380798403417485432047552165529905344,115,−13/6 + 5.2e-61
-2.1666666666666665,0.0023148148148148147,-2.143347050754458e-05,0.013888888888888931,0.013888888888888846,-0.027777777777777776,0.04166666666666671,0.9999999999999979,179.22986437644133,2.9166666666666665,1.893703055823894,-0.9166666666666666,2.0,0.44865894397753125,-0.0009975749559082891,1.0801219787096203e-60,-2.1666666666666666666666666666666666666666666666666666666666655865446879570463666666666666666666666666667,0.002314814814814814814814814814824089008515270260388194137727798164947151314313951571540237624504649550376,-0.000021433470507544581618655692729586472296702392399173317006458717323206506548601252944436289183958394579944,0.99999999999999793274373693780758552005641747979228652363146524270244472284081449125929986241632308378988,114,−13/6 + 1.1e-60
-2.1666666666666665,0.0023148148148148147,-2.143347050754458e-05,0.01388888888888894,0.013888888888888838,-0.027777777777777776,0.04166666666666672,0.9999999999999976,178.33310276325042,2.9166666666666665,1.8931685335301662,-0.9166666666666666,2.0,0.4497221038725719,-0.0009975749559082891,2.2462828178851817e-60,-2.1666666666666666666666666666666666666666666666666666666666644203838487814849666666666666666666666666667,0.0023148148148148148148148148148281891430710509669044994926211120089685753965738075284532621331070701789277,-0.000021433470507544581618655692729506747458117767550245157327977531740678874780913170591355399702101011796887,0.99999999999999751748303923747510211064985716814301739619891567766619317045186957818588524170467820401608,114,−13/6 + 2.2e-60
-2.1666666666666665,0.0023148148148148147,-2.143347050754458e-05,0.01388888888888895,0.013888888888888827,-0.027777777777777776,0.04166666666666673,0.999999999999997,177.43634115005952,2.9166666666666665,1.8926286082950645,-0.9166666666666666,2.0,0.4507928212086083,-0.0009975749559082891,4.6714969210737794e-60,-2.1666666666666666666666666666666666666666666666666666666666619951697455928872666666666666666666666666667,0.0023148148148148148148148148148341019530915116927977382130145549917764643201341547718118153616981097975694,-0.000021433470507544581618655692729391776152164364546765515542549301005589354501021803252545925069755134415888,0.9999999999999970188067291935105269968325320760231949963651763394617600207205831064661328480193283739648,114,−13/6 + 4.7e-60
-2.1666666666666665,0.0023148148148148147,-2.143347050754458e-05,0.013888888888888963,0.013888888888888814,-0.027777777777777776,0.04166666666666674,0.9999999999999964,176.53957953686862,2.9166666666666665,1.8920831977832209,-0.9166666666666666,2.0,0.45187118544211574,-0.0009975749559082891,9.715109473235365e-60,-2.1666666666666666666666666666666666666666666666666666666666569515571934313016666666666666666666666666667,0.0023148148148148148148148148148426288250422799939432899120438178275152117660459786494559386596473547877632,-0.000021433470507544581618655692729225975864232758691157565839202164412339339236098162326844668827199284098973,0.99999999999999641995867163297838862747914259360082472249188867371273913101836647607109576157577318265115,114,−13/6 + 9.7e-60
-2.1666666666666665,0.0023148148148148147,-2.143347050754458e-05,0.013888888888888978,0.0138888888888888,-0.027777777777777776,0.041666666666666755,0.9999999999999957,175.6428179236777,2.9166666666666665,1.891532217977782,-0.9166666666666666,2.0,0.4529572875091168,-0.0009975749559082891,2.0204091680157046e-59,-2.166666666666666666666666666666666666666666666666666666666646462574986509620666666666666666666666666667,0.002314814814814814814814814814854925439513774644635015362957774194428073647323859049059231352801797383197,-0.00002143347050754458161865569272898687502728702937215179318254115464386225837642142806105415335938182117474,0.9999999999999957008168379004122593556195925638899272672014126087281960104140324405277519627927132748271,113,−13/6 + 2.0e-59
-2.1666666666666665,0.0023148148148148147,-2.143347050754458e-05,0.013888888888888996,0.01388888888888878,-0.027777777777777776,0.041666666666666775,0.9999999999999948,174.7460563104868,2.9166666666666665,1.8909755831372643,-0.9166666666666666,2.0,0.4540512198565399,-0.0009975749559082891,4.201757290998961e-59,-2.166666666666666666666666666666666666666666666666666666666624649093756677056666666666666666666666666667,0.002314814814814814814814814814872658405170301728717942221474095741396333198985985793020699673087776027289,-0.00002143347050754458161865569272864206736174344718165043760027779311939183884880315162932476252519687907501,0.9999999999999948372171810342213160350485785796597860761067209078747386709124089259935083119918183433902,113,−13/6 + 4.2e-59
-2.1666666666666665,0.0023148148148148147,-2.143347050754458e-05,0.013888888888889018,0.01388888888888876,-0.027777777777777776,0.041666666666666796,0.9999999999999938,173.8492946972959,2.9166666666666665,1.8904132057510732,-0.9166666666666666,2.0,0.4551530764743846,-0.0009975749559082891,8.738212344285607e-59,-2.166666666666666666666666666666666666666666666666666666666579284543223810596666666666666666666666666667,0.002314814814814814814814814814898231140796397418739848549405802582230200467699263602502086258633081477129,-0.00002143347050754458161865569272814481972456936432011337011271359567650162297852360447915254559754961397493,0.9999999999999938001416941745333483622293462593284280581108615493800220170107073064908675700611546328737,113,−13/6 + 8.7e-59
-2.1666666666666665,0.0023148148148148147,-2.143347050754458e-05,0.013888888888889044,0.013888888888888734,-0.027777777777777776,0.041666666666666824,0.9999999999999926,172.95253308410503,2.9166666666666665,1.889844996493639,-0.9166666666666666,2.0,0.45626295292872027,-0.0009975749559082891,1.8172481103893502e-58,-2.16666666666666666666666666666666666666666666666666666666648494185562773164666666666666666666666666667,0.00231481481481481481481481481493510962012517719262855797250137602652229446913308191727785584835782544456,-0.0000214334705075445816186556927274277381820653131611662424414040591395117553616124648827292363388946073278,0.999999999999992554743369969402391690907529318307416234917852498782143741259286650042680670348701212149,112,−13/6 + 1.8e-58
-2.1666666666666665,0.0023148148148148147,-2.143347050754458e-05,0.013888888888889075,0.013888888888888703,-0.027777777777777776,0.04166666666666685,0.999999999999991,172.0557714709141,2.9166666666666665,1.8892708641771179,-0.9166666666666666,2.0,0.4573809463955423,-0.0009975749559082891,3.779252053623222e-58,-2.16666666666666666666666666666666666666666666666666666666628874146130434446666666666666666666666666667,0.00231481481481481481481481481498829212893019679706673474231684773551916179520049851788556548498809356241,-0.0000214334705075445816186556927263936338441899319637572496949781348552903759316691079051010864466713486872,0.999999999999991059175298420883215367733713559667874969415711585580769862055014014665535697609899959105,112,−13/6 + 3.8e-58
-2.1666666666666665,0.0023148148148148147,-2.143347050754458e-05,0.013888888888889112,0.013888888888888664,-0.027777777777777776,0.04166666666666689,0.9999999999999892,171.15900985772322,2.9166666666666665,1.888690715702607,-0.9166666666666666,2.0,0.45850715569551165,-0.0009975749559082891,7.859546532561806e-58,-2.16666666666666666666666666666666666666666666666666666666588071201341048606666666666666666666666666667,0.00231481481481481481481481481506498670241247728359417182460532822703470715674821081937978982743092605207,-0.0000214334705075445816186556927249023504709233669479459730948952855937777162377570382250507494355685995403,0.999999999999989263184559423514618891571905026199780882933878068125521494505040764805179225680885752554,112,−13/6 + 7.9e-58
-2.1666666666666665,0.0023148148148148147,-2.143347050754458e-05,0.013888888888889157,0.013888888888888621,-0.027777777777777776,0.041666666666666935,0.9999999999999871,170.2622482445323,2.9166666666666665,1.8881044560098166,-0.9166666666666666,2.0,0.4596416813296069,-0.0009975749559082891,1.6345157936286143e-57,-2.1666666666666666666666666666666666666666666666666666666650321508730380523666666666666666666666666667,0.0023148148148148148148148148151755880586439833988821498681774957156026177395000574464285340551358649926,-0.000021433470507544581618655692722751768544199636928457511136487145599517600654334379451243224658366371808,0.99999999999998710642366306078986440668805678061769482558813677510293497968950310418843562011312352115,111,−13/6 + 1.6e-57
-2.1666666666666665,0.0023148148148148147,-2.143347050754458e-05,0.01388888888888921,0.013888888888888565,-0.027777777777777776,0.04166666666666699,0.9999999999999846,169.3654866313414,2.9166666666666665,1.8875119880251443,-0.9166666666666666,2.0,0.4607846255157134,-0.0009975749559082891,3.3992315823219866e-57,-2.1666666666666666666666666666666666666666666666666666666632674350843446800666666666666666666666666667,0.0023148148148148148148148148153350864357107024517307781555845120567224572178336382051651347275730944016,-0.000021433470507544581618655692719650411212346766456400849992336135847779028725198514270691696847028677208,0.99999999999998451642279998509804827040339164437298529169598461337413875603785602008206735616343953962,111,−13/6 + 3.4e-57
-2.1666666666666665,0.0023148148148148147,-2.143347050754458e-05,0.013888888888889277,0.013888888888888501,-0.027777777777777776,0.04166666666666705,0.9999999999999815,168.46872501815048,2.9166666666666665,1.8869132126080908,-0.9166666666666666,2.0,0.46193609222618187,-0.0009975749559082891,7.069234445635978e-57,-2.1666666666666666666666666666666666666666666666666666666595974322210306886666666666666666666666666667,0.0023148148148148148148148148155650992778106588756794485541032823277862202326496019260648318969792693116,-0.00002143347050754458161865569271517793928262539154628781446532087325064788239722429092274498280114167722,0.99999999999998140615476700748391495393444355542700010815356263472899370217406656945091592528113049583,111,−13/6 + 7.1e-57
-2.1666666666666665,0.0023148148148148147,-2.143347050754458e-05,0.013888888888889355,0.013888888888888423,-0.027777777777777776,0.04166666666666713,0.9999999999999777,167.5719634049596,2.9166666666666665,1.8863080284959546,-0.9166666666666666,2.0,0.46309618722638407,-0.0009975749559082891,1.4701580176902367e-56,-2.166666666666666666666666666666666666666666666666666666651965086489764299666666666666666666666666667,0.002314814814814814814814814815896801132737786019433910947600835604782457911990182522155104430096059261,-0.0000214334705075445816186556927087281809923756970843954901467692784962861106408155656569822743189570114,0.9999999999999776711107464143215083178947713630837475937500347839948307150809678887104099806531927691,110,−13/6 + 1.5e-56
-2.1666666666666665,0.0023148148148148147,-2.143347050754458e-05,0.013888888888889447,0.01388888888888833,-0.027777777777777776,0.041666666666667226,0.9999999999999731,166.67520179176867,2.9166666666666665,1.8856963322467417,-0.9166666666666666,2.0,0.4642650181142979,-0.0009975749559082891,3.0574238463871974e-56,-2.166666666666666666666666666666666666666666666666666666636092428202794692666666666666666666666666667,0.002314814814814814814814814816375148861314992981854589579744862739914740479327225364306859234837105835,-0.00002143347050754458161865569269942697515893000614843785007617155298502665566339300896870432752405169628,0.9999999999999731857886816102155955619791151834775880605751407752408889060429856119424377799252433323,110,−13/6 + 3.1e-56
-2.1666666666666665,0.0023148148148148147,-2.143347050754458e-05,0.01388888888888956,0.013888888888888219,-0.027777777777777776,0.04166666666666734,0.9999999999999678,165.7784401785778,2.9166666666666665,1.8850780181802225,-0.9166666666666666,2.0,0.46544269436115326,-0.0009975749559082891,6.358391726586855e-56,-2.166666666666666666666666666666666666666666666666666666603082749400798116666666666666666666666666667,0.002314814814814814814814814817064974818077376777358895557427255346204201052860259481972747969388289633,-0.00002143347050754458161865569268601369266632809901363190050777391336116488126349854215169782743234696364,0.9999999999999677994762542073678701349974247173010664221500587960076705391007342758183283884342959152,110,−13/6 + 6.4e-56
-2.1666666666666665,0.0023148148148148147,-2.143347050754458e-05,0.013888888888889695,0.013888888888888083,-0.027777777777777776,0.04166666666666747,0.9999999999999614,164.88167856538686,2.9166666666666665,1.8844529783170643,-0.9166666666666666,2.0,0.4666293273531731,-0.0009975749559082891,1.322327141410305e-55,-2.16666666666666666666666666666666666666666666666666666653443395252563616666666666666666666666666667,0.00231481481481481481481481481805977383601889115334481645962389136218831075245264877039740874284962285,-0.0000214334705075445816186556926666703784285764305916834385157275864923027802671508017169475135785151825,0.999999999999961331186765420631075802942961369212641358537326108961660854217454189361511987303093739,109,−13/6 + 1.3e-55
-2.1666666666666665,0.0023148148148148147,-2.143347050754458e-05,0.013888888888889856,0.013888888888887922,-0.027777777777777776,0.041666666666667636,0.9999999999999536,163.984916952196,2.9166666666666665,1.8838211023159683,-0.9166666666666666,2.0,0.46782503043444207,-0.0009975749559082891,2.7499863866502144e-55,-2.16666666666666666666666666666666666666666666666666666639166802800164522666666666666666666666666667,0.00231481481481481481481481481949437495010576153831490955697529188825009294007847020259671430818546719,-0.0000214334705075445816186556926387753567657761731061538505015040631205892847385290602011120598466530042,0.999999999999953563577761180091993539929252264062879872312240170335629849908806690122478315757576937,109,−13/6 + 2.7e-55
-2.1666666666666665,0.0023148148148148147,-2.143347050754458e-05,0.01388888888889005,0.013888888888887728,-0.027777777777777776,0.04166666666666783,0.9999999999999443,163.08815533900506,2.9166666666666665,1.8831822774087315,-0.9166666666666666,2.0,0.46902991895094126,-0.0009975749559082891,5.7190273797874655e-55,-2.16666666666666666666666666666666666666666666666666666609476392868792011666666666666666666666666667,0.00231481481481481481481481482156321530822961702162942035353974688944381541896202586638764761897611441,-0.0000214334705075445816186556925985479053578123164861494738804926446989645449425738824311132898151127765,0.999999999999944235648059307929866702962262068910864244864827194473347231453558613021077608898247236,109,−13/6 + 5.7e-55
-2.1666666666666665,0.0023148148148148147,-2.143347050754458e-05,0.013888888888890285,0.013888888888887493,-0.027777777777777776,0.04166666666666806,0.999999999999933,162.19139372581418,2.9166666666666665,1.8825363883331536,-0.9166666666666666,2.0,0.47024411029578345,-0.0009975749559082891,1.1893613120972283e-54,-2.1666666666666666666666666666666666666666666666666666654773053545694383666666666666666666666666667,0.0023148148148148148148148148245466930048339105180154538386416766428429653578485498935823315790306486,-0.000021433470507544581618655692540535839034951054056421044959532146351639068922914262883248468330818638,0.99999999999993303396778992726528789513200126488738759764376504449247855409857539665540852283876769,108,−13/6 + 1.2e-54
-2.1666666666666665,0.0023148148148148147,-2.143347050754458e-05,0.013888888888890564,0.013888888888887214,-0.027777777777777776,0.041666666666668344,0.9999999999999196,161.29463211262325,2.9166666666666665,1.8818833172637084,-0.9166666666666666,2.0,0.4714677239556888,-0.0009975749559082891,2.4734631201682293e-54,-2.1666666666666666666666666666666666666666666666666666641932035464984373666666666666666666666666667,0.0023148148148148148148148148288491705407070668048139351624042561671289085284015237673126539562022037,-0.000021433470507544581618655692456876553615195237368672796906021746194868165392931224093156122830842101,0.99999999999991958214676770692573530788732928118174839709938514238328636558021776337106024029381933,108,−13/6 + 2.5e-54
-2.1666666666666665,0.0023148148148148147,-2.143347050754458e-05,0.0138888888888909,0.013888888888886878,-0.027777777777777776,0.04166666666666868,0.9999999999999034,160.39787049943237,2.9166666666666665,1.8812229437398857,-0.9166666666666666,2.0,0.47270088155874035,-0.0009975749559082891,5.143953939483878e-54,-2.1666666666666666666666666666666666666666666666666666615227127271827886666666666666666666666666667,0.0023148148148148148148148148350537796677541158389256043329510191729396123301345333289724677006328307,-0.00002143347050754458161865569233623137614483595059427922951073990004800414560139905873778724105256897,0.99999999999990342818732034937477328238576578316172250568773675029280299790096333180430937694892313,108,−13/6 + 5.1e-54
-2.1666666666666665,0.0023148148148148147,-2.143347050754458e-05,0.013888888888891305,0.013888888888886473,-0.027777777777777776,0.041666666666669086,0.999999999999884,159.50110888624144,2.9166666666666665,1.8805551445921203,-0.9166666666666666,2.0,0.4739437069234598,-0.0009975749559082891,1.0697657836811604e-53,-2.166666666666666666666666666666666666666666666666666655969008829855062666666666666666666666666667,0.002314814814814814814814814844001455535543293502200406117795888831962696959805043619052750266493027,-0.00002143347050754458161865569216224878982671305158615808329874892325021012110709355425283370534133128,0.9999999999998840292966128508675350108173755920245632116119857962270068230283116252544861402312391,107,−13/6 + 1.1e-53
-2.1666666666666665,0.0023148148148148147,-2.143347050754458e-05,0.01388888888889179,0.013888888888885988,-0.027777777777777776,0.041666666666669565,0.9999999999998608,158.60434727305056,2.9166666666666665,1.8798797938652039,-0.9166666666666666,2.0,0.4751963261092474,-0.0009975749559082891,2.2247454883893707e-53,-2.166666666666666666666666666666666666666666666666666644419211782772959666666666666666666666666667,0.002314814814814814814814814856904911949262056830809112934067570191893386796615869659879852626659795,-0.0000214334705075445816186556919113482484488482090854332277152755572713510523428944495163290792389186,0.999999999999860733648143025631872087458083842528767849157815530095305819807156827761037301308206,107,−13/6 + 2.2e-53
-2.1666666666666665,0.0023148148148148147,-2.143347050754458e-05,0.013888888888892373,0.013888888888885405,-0.027777777777777776,0.04166666666667015,0.9999999999998328,157.70758565985963,2.9166666666666665,1.8791967627390882,-0.9166666666666666,2.0,0.4764588674682292,-0.0009975749559082891,4.626706671321353e-53,-2.166666666666666666666666666666666666666666666666666620399599953453136666666666666666666666666667,0.002314814814814814814814814875513005255382962118962612406694005971359356211105695867696631642573506,-0.00002143347050754458161865569154952421194094171737133740292562963155097835646285724731755131546091074,0.9999999999998327584795721794312943557560249867335693278265338752314636972284979998464596484787336,107,−13/6 + 4.6e-53
-2.1666666666666665,0.0023148148148148147,-2.143347050754458e-05,0.013888888888893072,0.013888888888884704,-0.027777777777777776,0.04166666666667085,0.9999999999997992,156.81082404666876,2.9166666666666665,1.878505919446966,-0.9166666666666666,2.0,0.477731461698558,-0.0009975749559082891,9.621961134056091e-53,-2.166666666666666666666666666666666666666666666666666570447055326105756666666666666666666666666667,0.002314814814814814814814814902347763740802903416125079635417651258759076667254312821471285799585315,-0.00002143347050754458161865569102773724139110952548206720325368520200628436183831510194653748690905442,0.9999999999997991637909512151480117664113539958662299516742673949070311149649103644173234926142343,107,−13/6 + 9.6e-53
-2.1666666666666665,0.0023148148148148147,-2.143347050754458e-05,0.013888888888893914,0.013888888888883864,-0.027777777777777776,0.04166666666667169,0.9999999999997589,155.91406243347782,2.9166666666666665,1.8778071291905298,-0.9166666666666666,2.0,0.47901424189921565,-0.0009975749559082891,2.0010375120419452e-52,-2.16666666666666666666666666666666666666666666666666646656291546247214666666666666666666666666667,0.00231481481481481481481481494104620807491320131921101579221416021383535123726510213736696270084655,-0.0000214334705075445816186556902752674904500759551442851039168200447150142081621795348682677171518798,0.999999999999758820759570316028151980273057434731121350996760520129565621827625885339928929820324,106,−13/6 + 2.0e-52
-2.1666666666666665,0.0023148148148148147,-2.143347050754458e-05,0.013888888888894923,0.013888888888882855,-0.027777777777777776,0.0416666666666727,0.9999999999997103,155.01730082028695,2.9166666666666665,1.877100254052286,-0.9166666666666666,2.0,0.4803073436263651,-0.0009975749559082891,4.161470898512165e-52,-2.16666666666666666666666666666666666666666666666666625051957681545016666666666666666666666666667,0.00231481481481481481481481499685329106743711435434849579186183195788168911475394064371838888904694,-0.0000214334705075445816186556891901297655954443127943896440915242446333453876098685270468517821907591,0.999999999999710373810132467369748140574083685693950851370106254292295310184910942591824740173924,106,−13/6 + 4.2e-52
-2.1666666666666665,0.0023148148148148147,-2.143347050754458e-05,0.013888888888896134,0.013888888888881642,-0.027777777777777776,0.041666666666673915,0.9999999999996522,154.12053920709604,2.9166666666666665,1.8763851529048088,-0.9166666666666666,2.0,0.4816109049513051,-0.0009975749559082891,8.65443048166137e-52,-2.16666666666666666666666666666666666666666666666666580122361850052966666666666666666666666666667,0.00231481481481481481481481507733276681187494964087156195695661502697293623759238283884325062165437,-0.0000214334705075445816186556876252510705647086266675522144357668306175041864321708320407814358080821,0.999999999999652195065762138393486270226859516187850066939757459522178701966758658169860084490595,106,−13/6 + 8.7e-52
-2.1666666666666665,0.0023148148148148147,-2.143347050754458e-05,0.01388888888889759,0.013888888888880187,-0.027777777777777776,0.041666666666675366,0.9999999999995823,153.22377759390514,2.9166666666666665,1.8756616813168074,-0.9166666666666666,2.0,0.4829250665200783,-0.0009975749559082891,1.7998243599081542e-51,-2.1666666666666666666666666666666666666666666666666648668423067585124666666666666666666666666667,0.0023148148148148148148148151933923361136319564996575327151459904912828826518566366859854730682996,-0.000021433470507544581618655685368537223030544604413380494252931271944155513277321539038461508360447,0.99999999999958232964934721296773045118437164538572383549085321063561385015700866990825054428912,105,−13/6 + 1.8e-51
-2.1666666666666665,0.0023148148148148147,-2.143347050754458e-05,0.013888888888899338,0.01388888888887844,-0.027777777777777776,0.041666666666677114,0.9999999999994984,152.32701598071424,2.9166666666666665,1.8749296914558762,-0.9166666666666666,2.0,0.4842499716147904,-0.0009975749559082891,3.7430166356791745e-51,-2.1666666666666666666666666666666666666666666666666629236500309874921666666666666666666666666667,0.0023148148148148148148148153607620102064662895574246506180174411105946264429446072883713432727512,-0.000021433470507544581618655682114126893447654794956797507737533708547260495117289890335736992719192,0.99999999999949842999727221842323372248617299729982592034435346169536712033434031809183647653883,105,−13/6 + 3.7e-51
-2.1666666666666665,0.0023148148148148147,-2.143347050754458e-05,0.013888888888901437,0.01388888888887634,-0.027777777777777776,0.04166666666667922,0.9999999999993977,151.43025436752333,2.9166666666666665,1.874189031987788,-0.9166666666666666,2.0,0.4855857662166944,-0.0009975749559082891,7.784189305942176e-51,-2.1666666666666666666666666666666666666666666666666588824773607244906666666666666666666666666667,0.0023148148148148148148148156021260612233157105061566993066531019812293410303857700698539667131721,-0.00002143347050754458161865567742093701256447160984256293984791791932469802486295066540976601360358,0.9999999999993976769784037649004373343042538503909037932653110292626504752611557284388376102546,105,−13/6 + 7.8e-51
-2.1666666666666665,0.0023148148148148147,-2.143347050754458e-05,0.013888888888903958,0.01388888888887382,-0.027777777777777776,0.041666666666681736,0.9999999999992767,150.53349275433243,2.9166666666666665,1.8734395479721884,-0.9166666666666666,2.0,0.4869325990711026,-0.0009975749559082891,1.6188440781468438e-50,-2.166666666666666666666666666666666666666666666666650478225885198228666666666666666666666666667,0.002314814814814814814814815950197511078375269197711102882452206569905518556259939985365635286441,-0.00002143347050754458161865567065288104316053574639567116061396983677693474391123380654444020873467,0.9999999999992766851678294781224997590745927398350121527678756519338376755198997463190645820986,104,−13/6 + 1.6e-50
-2.1666666666666665,0.0023148148148148147,-2.143347050754458e-05,0.013888888888906985,0.013888888888870793,-0.027777777777777776,0.04166666666668476,0.9999999999991314,149.63673114114152,2.9166666666666665,1.87268108075454,-0.9166666666666666,2.0,0.4882906217541845,-0.0009975749559082891,3.3666397955540866e-50,-2.166666666666666666666666666666666666666666666666633000268711125800666666666666666666666666667,0.002314814814814814814814816452151856366319961805448899368956639189274936731019783611771113282625,-0.00002143347050754458161865566089265766256161116791187942850763905490258637057043553936259346727152,0.999999999999131389092431900082858841193055915658656540809145937181768701303305149755882208674,104,−13/6 + 3.4e-50
-2.1666666666666665,0.0023148148148148147,-2.143347050754458e-05,0.01388888888891062,0.013888888888867157,-0.027777777777777776,0.0416666666666884,0.999999999998957,148.73996952795062,2.9166666666666665,1.8719134678541567,-0.9166666666666666,2.0,0.4896599887417171,-0.0009975749559082891,7.00145472069371e-50,-2.166666666666666666666666666666666666666666666666596652119459729566666666666666666666666666667,0.00231481481481481481481481717602094950324837362309013281726247017265899449651894291137968931423,-0.0000214334705075445816186556468174252960102253825688528558910619000095772701454080570968592764864,0.9999999999989569066260093033969200168871721957246376070750649088065266357384787427602094114426,104,−13/6 + 7.0e-50
-2.1666666666666665,0.0023148148148148147,-2.143347050754458e-05,0.013888888888914985,0.013888888888862793,-0.027777777777777776,0.04166666666669276,0.9999999999987473,147.84320791475972,2.9166666666666665,1.871136542848164,-0.9166666666666666,2.0,0.4910408574798525,-0.0009975749559082891,1.456062162357265e-49,-2.16666666666666666666666666666666666666666666666652106045043094016666666666666666666666666667,0.00231481481481481481481481821991362404184502339382616234883155357909398703340190432497197748593,-0.0000214334705075445816186556265195121799819571925823135643107635695710621018742251949712664932153,0.999999999998747374943851972093921789733581869777802687039053923723555325511176158980810856135,103,−13/6 + 1.5e-49
-2.1666666666666665,0.0023148148148148147,-2.143347050754458e-05,0.013888888888920228,0.01388888888885755,-0.027777777777777776,0.04166666666669801,0.9999999999984958,146.9464463015688,2.9166666666666665,1.8703501352512109,-0.9166666666666666,2.0,0.492433388457971,-0.0009975749559082891,3.028109307601745e-49,-2.16666666666666666666666666666666666666666666666636385573590649216666666666666666666666666667,0.00231481481481481481481481972531277188080867207168313010993699626673927914712714074119454731045,-0.0000214334705075445816186555972478620831132195794017502164833910409580161797287761365805213795361,0.999999999998495753524646773112974223972845148448837021125116616521556985875745550822898921504,103,−13/6 + 3.0e-49
-2.1666666666666665,0.0023148148148148147,-2.143347050754458e-05,0.013888888888926523,0.013888888888851255,-0.027777777777777776,0.0416666666667043,0.9999999999981936,146.0496846883779,2.9166666666666665,1.8695540703907478,-0.9166666666666666,2.0,0.4938377452836936,-0.0009975749559082891,6.297427552090058e-49,-2.16666666666666666666666666666666666666666666666603692391145766086666666666666666666666666667,0.00231481481481481481481482189625107769472539635435817032526832143274876880320146908229206272223,-0.0000214334705075445816186555550351728033981721627941567043316887189052675561010159680887129810867,0.999999999998193587580332451255833159703525990491547473859377611626157601479970807210034959906,103,−13/6 + 6.3e-49
-2.1666666666666665,0.0023148148148148147,-2.143347050754458e-05,0.013888888888934083,0.013888888888843695,-0.027777777777777776,0.04166666666671186,0.9999999999978307,145.152923075187,2.9166666666666665,1.8687481692776853,-0.9166666666666666,2.0,0.49525409476012433,-0.0009975749559082891,1.3096486865340753e-48,-2.1666666666666666666666666666666666666666666666653570179801325913666666666666666666666666667,0.0023148148148148148148148250269643735110363102443820819815557767195648035441987441845055804109,-0.000021433470507544581618655494160192051414348837154754440222158778534841809436558302584479227965,0.99999999999783072396485901066968253660736343214708729533624626467828629478827620488778762469,102,−13/6 + 1.3e-48
-2.1666666666666665,0.0023148148148148147,-2.143347050754458e-05,0.01388888888894316,0.013888888888834617,-0.027777777777777776,0.04166666666672094,0.999999999997395,144.2561614619961,2.9166666666666665,1.8679322484722243,-0.9166666666666666,2.0,0.4966826069654033,-0.0009975749559082891,2.7236195541006332e-48,-2.1666666666666666666666666666666666666666666666639430471125660334666666666666666666666666667,0.0023148148148148148148148295417705816620286040203279216467266712810379634550523835281071660801,-0.000021433470507544581618655406372293559589498680400151292112527669333832361267450739263966796586,0.99999999999739497001603714397697376235945165246477194906158367019488732560056258941575370665,102,−13/6 + 2.7e-48
-2.1666666666666665,0.0023148148148148147,-2.143347050754458e-05,0.013888888888954062,0.013888888888823716,-0.027777777777777776,0.04166666666673184,0.9999999999968717,143.3593998488052,2.9166666666666665,1.8671061199446533,-0.9166666666666666,2.0,0.49812345533464747,-0.0009975749559082891,5.664193422062583e-48,-2.1666666666666666666666666666666666666666666666610024732446040836666666666666666666666666667,0.0023148148148148148148148360525791965540476728459320690974152178207200000189092875391960236727,-0.000021433470507544581618655279773237158911350119902083426877062202444003588345105437412786048837,0.99999999999687168386714596511074960496394701514586308508320064285343487080297626668972210889,102,−13/6 + 5.7e-48
-2.1666666666666665,0.0023148148148148147,-2.143347050754458e-05,0.013888888888967154,0.013888888888810624,-0.027777777777777776,0.041666666666744935,0.9999999999962432,142.4626382356143,2.9166666666666665,1.866269590930888,-0.9166666666666666,2.0,0.49957681674436405,-0.0009975749559082891,1.1779577318070664e-47,-2.166666666666666666666666666666666666666666666654887089348596002666666666666666666666666667,0.002314814814814814814814845441825792171453760559998767047842810997306012531915768693429891974,-0.00002143347050754458161865509720455335523956508101701762029851939487933254947398819369940307817,0.9999999999962432824622667036417681776718584534265442606245328937585239916806948966604888922,101,−13/6 + 1.2e-47
-2.1666666666666665,0.0023148148148148147,-2.143347050754458e-05,0.013888888888982875,0.013888888888794903,-0.027777777777777776,0.04166666666676065,0.9999999999954886,141.5658766224234,2.9166666666666665,1.8654224637825192,-0.9166666666666666,2.0,0.5010428715994214,-0.0009975749559082891,2.449747588984603e-47,-2.166666666666666666666666666666666666666666666642169190776820636666666666666666666666666667,0.002314814814814814814814858982071996255458882879021025757502611709370591358346418538057144921,-0.00002143347050754458161865483392198827582835436925734564549019311564901702748376596636574989493,0.9999999999954886507440549415406506572638603721335036779116022758578905821429617837026720497,101,−13/6 + 2.4e-47
-2.1666666666666665,0.0023148148148148147,-2.143347050754458e-05,0.013888888889001754,0.013888888888776024,-0.027777777777777776,0.04166666666677953,0.9999999999945824,140.66911500923248,2.9166666666666665,1.8645645358111254,-0.9166666666666666,2.0,0.5025218039226691,-0.0009975749559082891,5.094633778182883e-47,-2.166666666666666666666666666666666666666666666615720328884837836666666666666666666666666667,0.002314814814814814814814878508480787435350091538696068513417270280076490690010945078158091082,-0.00002143347050754458161865445424181733621935864531733599205310731865452199578790733872864516049,0.99999999999458243216193608362714285571897023972634486402765811958545378664539437516883739,101,−13/6 + 5.1e-47
-2.1666666666666665,0.0023148148148148147,-2.143347050754458e-05,0.013888888889024427,0.01388888888875335,-0.027777777777777776,0.0416666666668022,0.9999999999934942,139.77235339604158,2.9166666666666665,1.8636955991265927,-0.9166666666666666,2.0,0.5040138014472978,-0.0009975749559082891,1.059508883711558e-46,-2.16666666666666666666666666666666666666666666656071577829551086666666666666666666666666667,0.00231481481481481481481490666754337266724570982674614506639607660064298628929459468886113876,-0.0000214334705075445816186539067044892900436105119346668004895360155551877734764670913616487829,0.999999999993494176660930375648206599799219377692463970286712837891316852342976506238581465,100,−13/6 + 1.1e-46
-2.1666666666666665,0.0023148148148148147,-2.143347050754458e-05,0.013888888889051654,0.013888888888726124,-0.027777777777777776,0.04166666666682943,0.9999999999921874,138.87559178285068,2.9166666666666665,1.8628154404691708,-0.9166666666666666,2.0,0.5055190557120381,-0.0009975749559082891,2.203414658519608e-46,-2.16666666666666666666666666666666666666666666644632520081470586666666666666666666666666667,0.00231481481481481481481494727576857981394701754115555556344994119864423491028915287191001738,-0.0000214334705075445816186531171001102621910850841463363415738301725883545525198121401821212062,0.99999999999218731752248725203912214291260312652021538309721493360875974945412496767476081,100,−13/6 + 2.2e-46
-2.1666666666666665,0.0023148148148148147,-2.143347050754458e-05,0.013888888889084348,0.01388888888869343,-0.027777777777777776,0.041666666666862126,0.999999999990618,137.97883016965977,2.9166666666666665,1.8619238410349788,-0.9166666666666666,2.0,0.5070377621592977,-0.0009975749559082891,4.5823458698820536e-46,-2.16666666666666666666666666666666666666666666620843207967846130666666666666666666666666667,0.00231481481481481481481500583694935360537609339548744614994741274936001533300864738184973629,-0.0000214334705075445816186519784104841051355197202951611812283847100993658984053115605145912136,0.999999999990617942677927785448394014962676380011804240809706286096194557978984202660701061,100,−13/6 + 4.6e-46
-2.1666666666666665,0.0023148148148148147,-2.143347050754458e-05,0.013888888889123612,0.013888888888654166,-0.027777777777777776,0.041666666666901386,0.9999999999887333,137.08206855646887,2.9166666666666665,1.8610205762946626,-0.9166666666666666,2.0,0.5085701202363418,-0.0009975749559082891,9.529705899902272e-46,-2.16666666666666666666666666666666666666666666571369607667643946666666666666666666666666667,0.00231481481481481481481509028811352359932851127867801293048390934831933497667954337699632378,-0.0000214334705075445816186503363045141330308893725312181089998601081395459400996301038870148181,0.999999999988733319209120295090821662699568876174443687761948080422233092227432182953988109,100,−13/6 + 9.5e-46
-2.1666666666666665,0.0023148148148148147,-2.143347050754458e-05,0.013888888889170762,0.013888888888607016,-0.027777777777777776,0.041666666666948536,0.9999999999864702,136.18530694327796,2.9166666666666665,1.8601054158048878,-0.9166666666666666,2.0,0.5101163334996255,-0.0009975749559082891,1.981851591245516e-45,-2.1666666666666666666666666666666666666666666646848150754211506666666666666666666666666667,0.002314814814814814814815212075260494153786405992974532562463339514088225511807552403345082,-0.000021433470507544581618647968221100816694208086346614771337062869161280912169797438415919335,0.99999999998647012145780448438418541042064042034769665973435161668845506966775829549894721,99,−13/6 + 2.0e-45
-2.1666666666666665,0.0023148148148148147,-2.143347050754458e-05,0.013888888889227383,0.013888888888550395,-0.027777777777777776,0.04166666666700516,0.9999999999837523,135.2885453300871,2.9166666666666665,1.8591781230123354,-0.9166666666666666,2.0,0.5116766097223912,-0.0009975749559082891,4.121570771415584e-45,-2.1666666666666666666666666666666666666666666625450958952510826666666666666666666666666667,0.002314814814814814814815387704682693376262544908617855140399139610459626634397462412872807,-0.000021433470507544581618644553204558054034949829501148514645713764723304117603478196003099391,0.9999999999837523032058647794385580996875244645422193250779466682754160216363614799256278,99,−13/6 + 4.1e-45
-2.1666666666666665,0.0023148148148148147,-2.143347050754458e-05,0.013888888889295377,0.0138888888884824,-0.027777777777777776,0.04166666666707316,0.9999999999804885,134.39178371689616,2.9166666666666665,1.85823845504985,-0.9166666666666666,2.0,0.5132511610056489,-0.0009975749559082891,8.571451918411129e-45,-2.1666666666666666666666666666666666666666666580952147482555376666666666666666666666666667,0.0023148148148148148148156409801284963014020989011955007994779859789801616615101765467358398,-0.000021433470507544581618639628404222997157236279328528969636876865962227813229858621212106094,0.99999999998048854242920326911756434184307620297493467224701236670099983217273091903566638,99,−13/6 + 8.6e-45
-2.1666666666666665,0.0023148148148148147,-2.143347050754458e-05,0.01388888888937703,0.013888888888400747,-0.027777777777777776,0.04166666666715481,0.9999999999765692,133.49502210370528,2.9166666666666665,1.8572861625243717,-0.9166666666666666,2.0,0.5148402038926608,-0.0009975749559082891,1.7825676681125844e-44,-2.166666666666666666666666666666666666666666648840989985540822666666666666666666666666667,0.002314814814814814814816006229018137934520745117144332253526324416018125694273365498597291,-0.00002143347050754458161863252634247996540215149113705776239543018552707250813004563467312582,0.9999999999765691727658106370802652495845394480209998906057482116234740026692996993305953,98,−13/6 + 1.8e-44
-2.1666666666666665,0.0023148148148148147,-2.143347050754458e-05,0.013888888889475088,0.01388888888830269,-0.027777777777777776,0.04166666666725286,0.9999999999718625,132.59826049051435,2.9166666666666665,1.8563209892962624,-0.9166666666666666,2.0,0.5164439594870586,-0.0009975749559082891,3.707128642435882e-44,-2.166666666666666666666666666666666666666666629595380242307846666666666666666666666666667,0.002314814814814814814816532954974385017065013812236396257639787002077260037203028164410709,-0.00002143347050754458161862228444888627213045737625060881536153052128285639473835426417003216,0.9999999999718624985916007068994622345595998210082528227582407513357594501263470790692736,98,−13/6 + 3.7e-44
-2.1666666666666665,0.0023148148148148147,-2.143347050754458e-05,0.013888888889592839,0.013888888888184939,-0.027777777777777776,0.041666666667370615,0.9999999999662104,131.70149887732347,2.9166666666666665,1.8553426722496176,-0.9166666666666666,2.0,0.5180626535747229,-0.0009975749559082891,7.709554603399385e-44,-2.166666666666666666666666666666666666666666589571120632672816666666666666666666666666667,0.002314814814814814814817292547243800548415113375400031572268665802320970591343203980245679,-0.0000214334705075445816186075145992031923542054374494740539278614391994881900203392521807721,0.9999999999662103698860427431723128827152573932512453662826935254461579751027609007083262,98,−13/6 + 7.7e-44
-2.1666666666666665,0.0023148148148148147,-2.143347050754458e-05,0.013888888889734247,0.013888888888043531,-0.027777777777777776,0.04166666666751202,0.9999999999594229,130.80473726413254,2.9166666666666665,1.8543509410531291,-0.9166666666666666,2.0,0.5196965167495669,-0.0009975749559082891,1.6033226228627062e-43,-2.16666666666666666666666666666666666666666650633440438039604666666666666666666666666667,0.0023148148148148148148183879563629311929279106046995004208576508183836730810400956539046,-0.0000214334705075445816185862149774423187109010409512211160402857334062543976210201991879451,0.999999999959422868197650827061544264521538762932739456727983446334971547357108018923701,97,−13/6 + 1.6e-43
-2.1666666666666665,0.0023148148148148147,-2.143347050754458e-05,0.013888888889904057,0.013888888887873721,-0.027777777777777776,0.04166666666768183,0.999999999951272,129.90797565094167,2.9166666666666665,1.8533455179110436,-0.9166666666666666,2.0,0.5213457845433612,-0.0009975749559082891,3.3343604984000346e-43,-2.16666666666666666666666666666666666666666633323061682666320666666666666666666666666667,0.00231481481481481481481996764745062196188641497172115902013515948675639387402851910788638,-0.0000214334705075445816185554987618483315367078881520259343212259138676894945061558673970976,0.999999999951271925151261801589574480725808210468196210953969165982385941934257307253,97,−13/6 + 3.3e-43
-2.1666666666666665,0.0023148148148148147,-2.143347050754458e-05,0.013888888890107979,0.013888888887669799,-0.027777777777777776,0.04166666666788576,0.9999999999414837,129.01121403775073,2.9166666666666665,1.8523261173037344,-0.9166666666666666,2.0,0.5230106975597542,-0.0009975749559082891,6.934324866844188e-43,-2.16666666666666666666666666666666666666666597323417998224786666666666666666666666666667,0.00231481481481481481482224572227120608718352361424520705851970529942359645304538586685214,-0.0000214334705075445816185112028625591957670418611288420341150776940368223255556044079070852,0.999999999941483659071121604627220670647897456364529369047464295824016187245066980052209,97,−13/6 + 6.9e-43
-2.1666666666666665,0.0023148148148148147,-2.143347050754458e-05,0.013888888890352865,0.013888888887424913,-0.027777777777777776,0.04166666666813064,0.9999999999297292,128.11445242455986,2.9166666666666665,1.851292445717378,-0.9166666666666666,2.0,0.5246915016126379,-0.0009975749559082891,1.4421014578959296e-42,-2.1666666666666666666666666666666666666666652245652087707370666666666666666666666666667,0.002314814814814814814825530937291166401848829907242224732218220421661712477469571146644,-0.000021433470507544581618447323681615522981883074329899225252506851652698972979669571872729,0.9999999999297291722209292975371618015772244532697842651030231558606190625262981503377,96,−13/6 + 1.4e-42
-2.1666666666666665,0.0023148148148148147,-2.143347050754458e-05,0.01388888889064694,0.013888888887130836,-0.027777777777777776,0.041666666668424716,0.9999999999156135,127.21769081136894,2.9166666666666665,1.8502442013621974,-0.9166666666666666,2.0,0.5263884478690232,-0.0009975749559082891,2.999075836220594e-42,-2.1666666666666666666666666666666666666666636675908304460726666666666666666666666666667,0.0023148148148148148148302685506609529016452068946228318920585728511922642108673156191252,-0.000021433470507544581618355203421647452152508966457443094248175212808731829486835890319431,0.99999999991561349943682042182024795563059659481460569239805465683611976419921768014488,96,−13/6 + 3.0e-42
-2.1666666666666665,0.0023148148148148147,-2.143347050754458e-05,0.01388888889100009,0.013888888886777688,-0.027777777777777776,0.04166666666877787,0.9999999998986623,126.32092919817804,2.9166666666666665,1.849181073878703,-0.9166666666666666,2.0,0.5281017929965897,-0.0009975749559082891,6.237047901279634e-42,-2.1666666666666666666666666666666666666666604296187653870326666666666666666666666666667,0.0023148148148148148148371006698084691334772132096566275564758754554373230484389900069999,-0.000021433470507544581618222356660445747644664168595883886596756153030606998775794866902768,0.99999999989866233681382207367013768063316629405260889387148991374201564529152077903783,96,−13/6 + 6.2e-42
-2.1666666666666665,0.0023148148148148147,-2.143347050754458e-05,0.013888888891424178,0.0138888888863536,-0.027777777777777776,0.041666666669201956,0.9999999998783061,125.42416758498713,2.9166666666666665,1.8481027440313345,-0.9166666666666666,2.0,0.5298317993160858,-0.0009975749559082891,1.2970917925129794e-41,-2.166666666666666666666666666666666666666653695748741536872666666666666666666666666667,0.00231481481481481481484695327879162125069944596936193774858798225371312998525880117315,-0.00002143347050754458161803077815244001203200916309235300820597231250938202088601921805961,0.9999999998783061045133726045507497945672036121491644073484536383094573678412464113102,95,−13/6 + 1.3e-41
-2.1666666666666665,0.0023148148148148147,-2.143347050754458e-05,0.013888888891933456,0.013888888885844322,-0.027777777777777776,0.041666666669711236,0.9999999998538608,124.52740597179623,2.9166666666666665,1.847008883388862,-0.9166666666666666,2.0,0.5315787349587578,-0.0009975749559082891,2.697505526387451e-41,-2.166666666666666666666666666666666666666639691611402792156666666666666666666666666667,0.002314814814814814814861161740570303188445071898578796973531631305338066036124168654216,-0.00002143347050754458161775450250674341879806543924523468106027316107832262618923998337265,0.9999999998538608081827191811488542439217797148374704420386178074315333663244305951642,95,−13/6 + 2.7e-41
-2.1666666666666665,0.0023148148148148147,-2.143347050754458e-05,0.013888888892545033,0.013888888885232745,-0.027777777777777776,0.04166666667032281,0.999999999824505,123.63064435860532,2.9166666666666665,1.845899153990881,-0.9166666666666666,2.0,0.5333428740289983,-0.0009975749559082891,5.609885211588172e-41,-2.166666666666666666666666666666666666666610567814550784946666666666666666666666666667,0.002314814814814814814881651784015799542826875751525309494966401395270803091415936224659,-0.00002143347050754458161735608499530321190730606776010291998038057420908652154320056590243,0.9999999998245050559064199537868235695606965738560903913998560658567044926198156780551,95,−13/6 + 5.6e-41
-2.1666666666666665,0.0023148148148148147,-2.143347050754458e-05,0.013888888893279463,0.013888888884498315,-0.027777777777777776,0.04166666667105724,0.9999999997892525,122.73388274541442,2.9166666666666665,1.8447732079996841,-0.9166666666666666,2.0,0.5351244967724076,-0.0009975749559082891,1.1666634888915853e-40,-2.16666666666666666666666666666666666666655000031777750813666666666666666666666666667,0.00231481481481481481491120050554090022742475337625706081260756500184693799672288288298,-0.0000214334705075445816167815265212040319290096889104917101138537422886004765625782688869,0.999999999789252458431373615451545411091346480267781603421954017036931096261387673159,94,−13/6 + 1.2e-40
-2.1666666666666665,0.0023148148148148147,-2.143347050754458e-05,0.01388888889416142,0.013888888883616357,-0.027777777777777776,0.0416666666719392,0.9999999997469184,121.83712113222352,2.9166666666666665,1.8436306873367607,-0.9166666666666666,2.0,0.5369238897494732,-0.0009975749559082891,2.426259441995564e-40,-2.16666666666666666666666666666666666666642404072246711026666666666666666666666666667,0.0023148148148148148149538127599312098954311385663877013408979186765936819561954047424,-0.0000214334705075445816159529549080591217177654498434706800502309701530101374591867198529,0.999999999746918485279100405663534002964993532481560205632193645877481330325181708184,94,−13/6 + 2.4e-40
-2.1666666666666665,0.0023148148148148147,-2.143347050754458e-05,0.013888888895220542,0.013888888882557236,-0.027777777777777776,0.04166666667299832,0.9999999996960807,120.94035951903263,2.9166666666666665,1.842471223303124,-0.9166666666666666,2.0,0.538741346015078,-0.0009975749559082891,5.0457864979261096e-40,-2.16666666666666666666666666666666666666616208801687405570666666666666666666666666667,0.00231481481481481481501526395411170654524578113446591720605204195053307315542015393054,-0.0000214334705075445816147580705767716868602398534196141283588444203569590293472427809871,0.999999999696080663070058006688966014971662866229835230907015517858970829457677454725,94,−13/6 + 5.0e-40
-2.1666666666666665,0.0023148148148148147,-2.143347050754458e-05,0.013888888896492414,0.013888888881285363,-0.027777777777777776,0.04166666667427019,0.9999999996350308,120.04359790584171,2.9166666666666665,1.841294436182619,-0.9166666666666666,2.0,0.5405771653040568,-0.0009975749559082891,1.0493503267611559e-39,-2.1666666666666666666666666666666666666656173163399055107666666666666666666666666667,0.0023148148148148148151038828108288489743340975830728014513266430739643838394996274322,-0.00002143347050754458161303492614060502851681712107298678192722471732273496051376752251,0.99999999963503077867489686614731172444544195651908010541158241916416899847991698684,93,−13/6 + 1.0e-39
-2.1666666666666665,0.0023148148148148147,-2.143347050754458e-05,0.013888888898019775,0.013888888879758003,-0.027777777777777776,0.041666666675797555,0.9999999995617175,119.14683629265082,2.9166666666666665,1.840099934827319,-0.9166666666666666,2.0,0.5424316542230313,-0.0009975749559082891,2.18228834836018e-39,-2.1666666666666666666666666666666666666644843783183064866666666666666666666666666667,0.0023148148148148148152316801932977081831075408937021639528201474835233981408459982111,-0.000021433470507544581610549977037043877235030585330578307069129966677081782245724670846,0.99999999956171748116000920229023372227711974852411256596360476569882781759994656571,93,−13/6 + 2.2e-39
-2.1666666666666665,0.0023148148148148147,-2.143347050754458e-05,0.013888888899853943,0.013888888877923835,-0.027777777777777776,0.04166666667763172,0.9999999994736773,118.2500746794599,2.9166666666666665,1.8388873162240558,-0.9166666666666666,2.0,0.5443051264487604,-0.0009975749559082891,4.538410399211372e-39,-2.1666666666666666666666666666666666666621282562674552946666666666666666666666666667,0.0023148148148148148154159769848713387141901092744438573036279965736027102481676083798,-0.000021433470507544581606966428312001061352701718521936321544178851437179436968701869267,0.99999999947367735388238644862488098778561688467843696849548012698862675487597212004,93,−13/6 + 4.5e-39
-2.1666666666666665,0.0023148148148148147,-2.143347050754458e-05,0.013888888902056553,0.013888888875721225,-0.027777777777777776,0.04166666667983433,0.9999999993679521,117.35331306626901,2.9166666666666665,1.8376561650410734,-0.9166666666666666,2.0,0.5461979029332517,-0.0009975749559082891,9.438335207694599e-39,-2.1666666666666666666666666666666666666572283314589720676666666666666666666666666667,0.0023148148148148148156817516566852085406867836208343675302130688948290233304623881072,-0.000021433470507544581601798587471175814726028497626416911369176178745530526128464975418,0.99999999936795214067178100449151753632980894721069112593706229807942545446376275605,93,−13/6 + 9.4e-39
-2.1666666666666665,0.0023148148148148147,-2.143347050754458e-05,0.01388888890470161,0.013888888873076167,-0.027777777777777776,0.04166666668247939,0.9999999992409894,116.4565514530781,2.9166666666666665,1.83640605315374,-0.9166666666666666,2.0,0.5481103121158943,-0.0009975749559082891,1.9628496248000633e-38,-2.166666666666666666666666666666666666647038170418666033666666666666666666666666667,0.002314814814814814816065025698379802529471140416678965321682888321794506090924467467,-0.00002143347050754458159434603666044759827671798720577010003946110172612290506883359036,0.9999999992409893447984524871223686698841292438661011923874789470375396605014052867,92,−13/6 + 2.0e-38
-2.1666666666666665,0.0023148148148148147,-2.143347050754458e-05,0.013888888907877995,0.013888888869899781,-0.027777777777777776,0.04166666668565577,0.9999999990885229,115.5597898398872,2.9166666666666665,1.8351365391481729,-0.9166666666666666,2.0,0.5500426901428763,-0.0009975749559082891,4.0820532062019106e-38,-2.166666666666666666666666666666666666625846134604647560666666666666666666666666667,0.002314814814814814816617745752681256330055639976116716714490135948906730065347369272,-0.0000214334705075445815835987022712526632638433137342227636270538766337845977458854366,0.9999999990885228607301170317699777308655376786433828630652263021562965282231986265,92,−13/6 + 4.1e-38
-2.1666666666666665,0.0023148148148148147,-2.143347050754458e-05,0.013888888911692439,0.01388888886608534,-0.027777777777777776,0.041666666689470215,0.9999999989054297,114.6630282266963,2.9166666666666665,1.8338471678015744,-0.9166666666666666,2.0,0.5519953810941655,-0.0009975749559082891,8.489268952510992e-38,-2.166666666666666666666666666666666666581773977141556746666666666666666666666666667,0.002314814814814814817414824148797685470167550144599930123615819106557266125628922974,-0.00002143347050754458156809995568009987442519490679269797198369392444511491251040565387,0.9999999989054296277589461362712656739132078312821315272650353176633720450286256126,92,−13/6 + 8.5e-38
-2.1666666666666665,0.0023148148148148147,-2.143347050754458e-05,0.013888888916273108,0.01388888886150467,-0.027777777777777776,0.041666666694050884,0.9999999986855574,113.7662666135054,2.9166666666666665,1.8325374695379872,-0.9166666666666666,2.0,0.5539687372183424,-0.0009975749559082891,1.7654764332462642e-37,-2.16666666666666666666666666666666666649011902334204024666666666666666666666666667,0.0023148148148148148185642920658945679238388220378860074167863198811784837783665573,-0.0000214334705075445815457491906254382711528364893663008494067743714906125606874563993,0.999999998685557488884922666249665050991953875933218055552551739624535898073576861,91,−13/6 + 1.8e-37
-2.1666666666666665,0.0023148148148148147,-2.143347050754458e-05,0.013888888921773921,0.013888888856003857,-0.027777777777777776,0.0416666666995517,0.9999999984215184,112.86950500031449,2.9166666666666665,1.8312069598581076,-0.9166666666666666,2.0,0.5559631191755818,-0.0009975749559082891,3.671584742789858e-37,-2.16666666666666666666666666666666666629950819238768086666666666666666666666666667,0.00231481481481481482022194142494454886329537933243531650518510883340884355215167055,-0.0000214334705075445815135171197550219750942716052946255815316937304670393036423369365,0.999999998421518470803401941344811337156887496497558522010320116822694834193240292,91,−13/6 + 3.7e-37
-2.1666666666666665,0.0023148148148148147,-2.143347050754458e-05,0.01388888892837971,0.013888888849398066,-0.027777777777777776,0.04166666670615749,0.9999999981044405,111.97274338712359,2.9166666666666665,1.829855138741698,-0.9166666666666666,2.0,0.5579788962890957,-0.0009975749559082891,7.635635497382537e-37,-2.16666666666666666666666666666666666590310311692841296666666666666666666666666667,0.00231481481481481482261243998231084257508769739687644516970179677558935133319791558,-0.0000214334705075445814670352033617884862256314409747042122358961272820228328119844249,0.999999998104440538951323661372390690721063705600362171745022440555067351823006159,91,−13/6 + 7.6e-37
-2.1666666666666665,0.0023148148148148147,-2.143347050754458e-05,0.013888888936312441,0.013888888841465337,-0.027777777777777776,0.04166666671409022,0.9999999977236694,111.07598177393268,2.9166666666666665,1.828481490021053,-0.9166666666666666,2.0,0.5600164468053558,-0.0009975749559082891,1.5879499870833912e-36,-2.1666666666666666666666666666666666650787166795832754666666666666666666666666667,0.0023148148148148148260597814369868271707576789940288951543791904006035527817373826,-0.000021433470507544581400003563965311007917775927202071993979684003626206068288679235,0.9999999977236694862780480689266053123270319505294153713382939209515930476167125,90,−13/6 + 1.6e-36
-2.1666666666666665,0.0023148148148148147,-2.143347050754458e-05,0.013888888945838661,0.013888888831939117,-0.027777777777777776,0.041666666723616436,0.999999997266411,110.17922016074178,2.9166666666666665,1.8270854807238694,-0.9166666666666666,2.0,0.562076158163434,-0.0009975749559082891,3.302390694713717e-36,-2.1666666666666666666666666666666666633642759719529496666666666666666666666666667,0.002314814814814814831031197574640270955020818222611939246590004070662506301167696,-0.000021433470507544581303337139066494045323881502911936891937247580598497943206446344,0.9999999972664109388386847638811638858031327865583073937636297004194752033697436,90,−13/6 + 3.3e-36
-2.1666666666666665,0.0023148148148148147,-2.143347050754458e-05,0.013888888957278463,0.013888888820499315,-0.027777777777777776,0.04166666673505624,0.9999999967173004,109.28245854755086,2.9166666666666665,1.825666560383761,-0.9166666666666666,2.0,0.5641584272738016,-0.0009975749559082891,6.867838653131984e-36,-2.1666666666666666666666666666666666597988280135346826666666666666666666666666667,0.0023148148148148148382004840345577138042644358908601285653579235876194957090838382,-0.000021433470507544581163934346790321545223528541241707356998888291206239534011191016,0.99999999671730044916035980629778262307550130723501356033836142634959724290782544,90,−13/6 + 6.9e-36
-2.1666666666666665,0.0023148148148148147,-2.143347050754458e-05,0.013888888971016238,0.01388888880676154,-0.027777777777777776,0.04166666674879402,0.9999999960578873,108.38569693435997,2.9166666666666665,1.824224160316545,-0.9166666666666666,2.0,0.5662636608069482,-0.0009975749559082891,1.4282746084815344e-35,-2.166666666666666666666666666666666652383920581851322666666666666666666666666667,0.002314814814814814848539322490478011961544296319178392420517985327457591262978596,-0.00002143347050754458096290137681409352497051505629767274218379355069831160188119226,0.999999996057887231992954396503394680372978089972886599851603189747863043558131,89,−13/6 + 1.4e-35
-2.1666666666666665,0.0023148148148148147,-2.143347050754458e-05,0.013888888987513594,0.013888888790264184,-0.027777777777777776,0.04166666676529137,0.9999999952660142,107.48893532116907,2.9166666666666665,1.8227576928603035,-0.9166666666666666,2.0,0.5683922754921906,-0.0009975749559082891,2.9703207373731485e-35,-2.166666666666666666666666666666666636963459292935181666666666666666666666666667,0.002314814814814814863448976500711176250338071964623878390621443701989744573929272,-0.0000214334705075445806729914377262264404789792984541714210647528903277561117391967,0.9999999952660141953350263181602381602222528290948746030645020306865584705434712,89,−13/6 + 3.0e-35
-2.1666666666666665,0.0023148148148148147,-2.143347050754458e-05,0.01388888900732486,0.013888888770452919,-0.027777777777777776,0.04166666678510264,0.9999999943150735,106.59217370797818,2.9166666666666665,1.821266550577084,-0.9166666666666666,2.0,0.5705446984270541,-0.0009975749559082891,6.177247169750431e-35,-2.166666666666666666666666666666666604894194969162356666666666666666666666666667,0.002314814814814814884950210285592309022806003660161010540604599241890146340347453,-0.00002143347050754458025491189190909330095241165766681659819603582428992728146850948,0.9999999943150734350207658796406473954968990223097914549298195069195142608139279,89,−13/6 + 6.2e-35
-2.1666666666666665,0.002314814814814815,-2.143347050754458e-05,0.013888889031115719,0.013888888746662059,-0.027777777777777776,0.0416666668088935,0.9999999931731122,105.69541209478727,2.9166666666666665,1.8197501054139587,-0.9166666666666666,2.0,0.5727213673976236,-0.0009975749559082894,1.2846552938231284e-34,-2.16666666666666666666666666666666653820113728435382666666666666666666666666667,0.00231481481481481491595717087333143058324776136845925454290062983625757465581214,-0.0000214334705075445796519987693697214880824930295205238972446648143210790129928975,0.999999993173112176577982768843505115144702421580338227779921918996691496037146,88,−13/6 + 1.3e-34
-2.1666666666666665,0.002314814814814815,-2.143347050754458e-05,0.013888889059685574,0.013888888718092204,-0.027777777777777776,0.041666666837463354,0.9999999918017591,104.79865048159635,2.9166666666666665,1.8182077078210157,-0.9166666666666666,2.0,0.5749227312102725,-0.0009975749559082894,2.671641879621379e-34,-2.16666666666666666666666666666666639950247870452876666666666666666666666666667,0.00231481481481481496067235394183201417109924494006808916318747309575757914197372,-0.0000214334705075445787825368763710990195510034572360318332462233684057816592830767,0.999999991801759122914459316730855858780727581962801129098263608137070564830808,88,−13/6 + 2.7e-34
-2.1666666666666665,0.002314814814814815,-2.1433470507544577e-05,0.013888889093994407,0.01388888868378337,-0.02777777777777778,0.04166666687177219,0.9999999901549351,103.90188886840546,2.9166666666666665,1.816638685823672,-0.9166666666666666,2.0,0.5771492500351931,-0.0009975749559082894,5.556097707506473e-34,-2.16666666666666666666666666666666611105689591601936666666666666666666666666667,0.00231481481481481502515618463499889357776400259804027228382794910346041658328546,-0.0000214334705075445775286846128928541216546315463289238434628271849355623925183582,0.999999990154935131808174491392470017342253439902129577345116933817669644570282,88,−13/6 + 5.6e-34
-2.1666666666666665,0.002314814814814815,-2.1433470507544577e-05,0.013888889135195039,0.013888888642582739,-0.02777777777777778,0.04166666691297281,0.999999988177305,103.00512725521456,2.9166666666666665,1.8150423440465278,-0.9166666666666666,2.0,0.5794013957621621,-0.0009975749559082894,1.1554775350255238e-33,-2.1666666666666666666666666666666655111891316411428666666666666666666666666667,0.0023148148148148151181484108883291201668195456817023604466912644600884907653637,-0.000021433470507544575720502435744766339697371750266514966582143606534616777938935,0.99999998817730490039834734905484416567447325165881010087389734265008165321232,87,−13/6 + 1.2e-33
-2.1666666666666665,0.002314814814814815,-2.1433470507544573e-05,0.013888889184671857,0.01388888859310592,-0.02777777777777778,0.04166666696244964,0.9999999858024177,102.10836564202366,2.9166666666666665,1.8134179626857847,-0.9166666666666666,2.0,0.5816796523689887,-0.0009975749559082894,2.4029964990444276e-33,-2.1666666666666666666666666666666642636701676222390666666666666666666666666667,0.0023148148148148152522526359412483464698338722623488520969645167030017156323748,-0.000021433470507544573112920281938003517173021666547127221813012790754084973688062,0.99999998580241763139812744106701566456545270195400049409094966552859600159233,87,−13/6 + 2.4e-33
-2.1666666666666665,0.0023148148148148156,-2.143347050754457e-05,0.013888889244087346,0.013888888533690432,-0.02777777777777778,0.041666667021865125,0.9999999829504742,101.21160402883274,2.9166666666666665,1.8117647964270354,-0.9166666666666666,2.0,0.5839845163031069,-0.0009975749559082894,4.9974075647366204e-33,-2.1666666666666666666666666666666616692591019300462666666666666666666666666667,0.0023148148148148154456445344000685758390258039146426087529222108891194841652081,-0.000021433470507544569352522256349832205762732276713172036858077565327623930938373,0.99999998295047420516274959441080745318589508076819383702745009868433881838012,87,−13/6 + 5.0e-33
-2.1666666666666665,0.0023148148148148156,-2.1433470507544563e-05,0.01388888931543794,0.01388888846233984,-0.02777777777777778,0.04166666709321572,0.9999999795256458,100.31484241564185,2.9166666666666665,1.8100820733050074,-0.9166666666666666,1.9999999999999998,0.5863164968767813,-0.0009975749559082894,1.0392891699183728e-32,-2.166666666666666666666666666666656273774967482938666666666666666666666666667,0.002314814814814815724535273112789626608389612863517241634990311998877606518243,-0.00002143347050754456392964678138025583428691644408143551901133672701436477054312,0.999999979525645831898038136979409406719467751983257146258704903640785548196,86,−13/6 + 1.0e-32
-2.1666666666666665,0.002314814814814816,-2.1433470507544556e-05,0.013888889401121103,0.013888888376656677,-0.02777777777777778,0.04166666717889888,0.9999999754128541,99.41808080245094,2.9166666666666665,1.8083689935015932,-0.9166666666666666,1.9999999999999998,0.5886761166764124,-0.0009975749559082894,2.161364596978904e-32,-2.166666666666666666666666666666645053020696877626666666666666666666666666667,0.002314814814814816126724014004082722967705731554605709323235440531678136095913,-0.00002143347050754455610931015293844482810119201331385929294088633744239050581032,0.9999999754128540874951804334752079476526912716492036882827565912400788852517,86,−13/6 + 2.2e-32
-2.1666666666666665,0.002314814814814817,-2.1433470507544546e-05,0.013888889504015896,0.013888888273761883,-0.02777777777777778,0.041666667281793676,0.9999999704739041,98.52131918926004,2.9166666666666665,1.8066247280782406,-0.9166666666666666,1.9999999999999998,0.5910639119864317,-0.0009975749559082894,4.4948961812434607e-32,-2.166666666666666666666666666666621717704854232059666666666666666666666666667,0.002314814814814816706720983592747052877005848301150981466982436688075745503546,-0.00002143347050754454483159129982552564002749012461252616605191857954318854828797,0.9999999704739041383337406546108504512470080755060696158608394947106832993248,86,−13/6 + 4.5e-32
-2.1666666666666665,0.0023148148148148177,-2.143347050754453e-05,0.013888889627579712,0.01388888815019807,-0.02777777777777778,0.041666667405357495,0.9999999645428412,97.62455757606914,2.916666666666666,1.8048484176384758,-0.9166666666666666,1.9999999999999996,0.5934804332282922,-0.0009975749559082896,9.347840576457008e-32,-2.166666666666666666666666666666573188260902096586666666666666666666666666667,0.002314814814814817543135459011784373479395577526096177634669961444118242181902,-0.0000214334705075445285679765000109076162456989412890490597007811391069011350514,0.9999999645428412267866043827754664082299104941249399680956736441704574864711,86,−13/6 + 9.3e-32
-2.1666666666666665,0.0023148148148148186,-2.1433470507544506e-05,0.013888889775964443,0.01388888800181334,-0.027777777777777783,0.04166666755374222,0.9999999574203744,96.72779596287823,2.916666666666666,1.8030391709160298,-0.9166666666666666,1.9999999999999993,0.5959262454150644,-0.0009975749559082896,1.9440298489537712e-31,-2.16666666666666666666666666666647226368177128954666666666666666666666666667,0.00231481481481481874932999341884181642611904076695099435791968148001686900407,-0.0000214334705075445051141938865403390372546279817641826195874453684915767367376,0.999999957420374389823160409340529081482636926123190996816132390981219623949,85,−13/6 + 1.9e-31
-2.1666666666666665,0.0023148148148148203,-2.143347050754447e-05,0.013888889954156002,0.013888887823621783,-0.027777777777777783,0.04166666773193379,0.99999994886718,95.83103434968733,2.9166666666666656,1.8011960632836916,-0.9166666666666666,1.9999999999999991,0.598401928622155,-0.0009975749559082898,4.042914534872849e-31,-2.16666666666666666666666666666626237521317938176666666666666666666666666667,0.0023148148148148204887848899933684300450895190616499587320914661847295657036,-0.0000214334705075444712914597864800843786757439018467925765819301690189452235639,0.999999948867180041071707801635683809118337485370647747802438803850938186474,85,−13/6 + 4.0e-31
-2.1666666666666665,0.002314814814814823,-2.1433470507544424e-05,0.013888890168141842,0.013888887609635947,-0.027777777777777787,0.04166666794591963,0.9999999385958604,94.93427273649642,2.916666666666665,1.7993181351776508,-0.9166666666666666,1.9999999999999987,0.6009080784746722,-0.00099757495590829,8.407873955784528e-31,-2.16666666666666666666666666666582587927108821386666666666666666666666666667,0.00231481481481482299725533228771588653564889544936424824861680473560645916713,-0.0000214334705075444225156456307566305241269689074615934400192557521372580162271,0.999999938595860408852449704924684292918657440032813649557628143445465806923,85,−13/6 + 8.4e-31
-2.1666666666666665,0.002314814814814827,-2.1433470507544353e-05,0.013888890425112148,0.013888887352665644,-0.027777777777777794,0.04166666820288994,0.9999999262612866,94.03751112330552,2.9166666666666647,1.7974043904316817,-0.9166666666666666,1.999999999999998,0.6034453066519603,-0.0009975749559082904,1.7485490689103342e-30,-2.1666666666666666666666666666649181175977563324666666666666666666666666667,0.0023148148148148266147242142092555584766148080702567793904584048887213909468,-0.00002143347050754435217597292672662780321834882019871740680633521259896424659,0.99999992626128662436393598792034513048292874796548675096146751543626764404,84,−13/6 + 1.7e-30
-2.1666666666666665,0.002314814814814832,-2.143347050754425e-05,0.013888890733701439,0.013888887044076358,-0.027777777777777797,0.04166666851147924,0.999999911449002,93.14074951011462,2.916666666666664,1.7954537945150988,-0.9166666666666666,1.9999999999999971,0.6060142414098293,-0.0009975749559082909,3.6363816375764316e-30,-2.1666666666666666666666666666630302850290902350666666666666666666666666667,0.0023148148148148318314813627214871547572539211058160161005078884753893039623,-0.000021433470507544250739028372321990081196757370703658389575884059797519575729,0.99999991144900197670139471434553433128454599198034064609884301296703407414,84,−13/6 + 3.6e-30
-2.1666666666666665,0.0023148148148148394,-2.1433470507544106e-05,0.013888891104278695,0.013888886673499112,-0.027777777777777807,0.0416666688820565,0.9999998936612957,92.24398789692371,2.9166666666666625,1.7934652726679332,-0.9166666666666666,1.9999999999999958,0.6086155281209988,-0.0009975749559082917,7.562425126761564e-30,-2.1666666666666666666666666666591042415399051026666666666666666666666666667,0.0023148148148148393545744520800152560188281283013440349341321434487241493049,-0.000021433470507544104456662745905886257272331182584511452203050021696471897512,0.99999989366129567094529009202417902547924162894609612581354990305596340492,84,−13/6 + 7.6e-30
-2.1666666666666665,0.0023148148148148502,-2.1433470507543892e-05,0.013888891549295764,0.013888886228482056,-0.02777777777777782,0.04166666932707359,0.9999998723004792,91.34722628373281,2.9166666666666607,1.7914377079262631,-0.9166666666666666,1.999999999999994,0.611249829834269,-0.0009975749559082928,1.5727247439295375e-29,-2.166666666666666666666666666650939419227371291666666666666666666666666667,0.002314814814814850203637964130779107809947221700482326139571960714553415179,-0.00002143347050754389350265001158489648794982076504746163777540437305827095883,0.9999998723004791520850894520999774653223956872234561402534569690865403764,83,−13/6 + 1.6e-29
-2.1666666666666665,0.002314814814814866,-2.143347050754359e-05,0.013888892083705768,0.013888885694072073,-0.02777777777777784,0.0416666698614836,0.999999846648803,90.4504646705419,2.916666666666658,1.7893699390300826,-0.9166666666666666,1.9999999999999913,0.6139178278529169,-0.0009975749559082943,3.2707274170758414e-29,-2.166666666666666666666666666633959392495908252666666666666666666666666667,0.002314814814814865849088271664770526176684156460410152759175636766041457179,-0.00002143347050754358928556069842274283831658386417354611100470040853792964271,0.9999998466488030610169073609310030377754502354576487283430161445308089233,83,−13/6 + 3.3e-29
-2.1666666666666665,0.0023148148148148884,-2.143347050754315e-05,0.013888892725465537,0.01388888505231233,-0.027777777777777866,0.0416666705032434,0.9999998158443401,89.553703057351,2.916666666666654,1.787260758205467,-0.9166666666666666,1.9999999999999876,0.6166202223328012,-0.0009975749559082965,6.801989908343994e-29,-2.166666666666666666666666666598646767583226726666666666666666666666666667,0.002314814814814888411414969597930210079609879028501862891059127800825267049,-0.00002143347050754315057365268305323384042403376683401421247187226767993904308,0.9999998158443400109691757174911900021208509159435747404567106204559478907,83,−13/6 + 6.8e-29
-2.1666666666666665,0.002314814814814921,-2.1433470507542517e-05,0.013888893496138987,0.013888884281638918,-0.027777777777777905,0.04166667127391689,0.9999997788520228,88.65694144416011,2.9166666666666488,1.785108908812142,-0.9166666666666666,1.9999999999999822,0.6193577329006298,-0.0009975749559082998,1.4145803307136522e-28,-2.16666666666666666666666666652520863359530144666666666666666666666666667,0.00231481481481492094857919421167305644313789592037049014952275229607072845,-0.0000214334705075425179065705377807811914759516706415166707466086320362305436,0.999999778852022820767705497649151646444790771374101774583579472946720139,82,−13/6 + 1.4e-28
-2.1666666666666665,0.0023148148148149678,-2.1433470507541605e-05,0.013888894421621693,0.013888883356156269,-0.02777777777777796,0.04166667219939965,0.999999734428865,87.76017983096922,2.9166666666666408,1.782913082846822,-0.9166666666666666,1.9999999999999742,0.6221310992928138,-0.0009975749559083045,2.9418413420273652e-28,-2.16666666666666666666666666637248253246393014666666666666666666666666667,0.00231481481481496787047115832588646457872683945833973247383411660007831284,-0.0000214334705075416055364490133268647725196020193439022387632062526327357163,0.999999734428865060833706630943201188775236765723598284749247158759295742,82,−13/6 + 2.9e-28
-2.1666666666666665,0.0023148148148150354,-2.143347050754029e-05,0.013888895533011012,0.01388888224476703,-0.027777777777778043,0.041666673310789056,0.9999996810821953,86.86341821777832,2.9166666666666297,1.7806719182919015,-0.9166666666666666,1.999999999999963,0.6249410820152909,-0.0009975749559083113,6.118019806832252e-28,-2.16666666666666666666666666605486468598344146666666666666666666666666667,0.00231481481481503553659996701100142987912294560020498894560421290744031028,-0.0000214334705075402898061666222047847601628631079989744110298248797381069676,0.999999681082195289366667070508891122373160247672245793661858049101612914,82,−13/6 + 6.1e-28
-2.1666666666666665,0.002314814814815133,-2.1433470507538393e-05,0.01388889686765099,0.013888880910127169,-0.02777777777777816,0.04166667464542915,0.9999996170195016,85.96665660458743,2.9166666666666132,1.7783839962982002,-0.9166666666666666,1.9999999999999465,0.6277884630246431,-0.000997574955908321,1.2723380361157345e-27,-2.1666666666666666666666666653943286305509321666666666666666666666666667,0.0023148148148151331180229721895275879308945904395921146437061416775410011,-0.000021433470507538392389608188130840514894619922294219826666211446848389284,0.99999961701950161190626228558439493721508233045243119288536812612782399,81,−13/6 + 1.3e-27
-2.1666666666666665,0.002314814814815274,-2.1433470507535656e-05,0.013888898470387174,0.013888879307391154,-0.027777777777778328,0.0416666762481655,0.9999995400882014,85.06989499139654,2.9166666666665897,1.776047838189522,-0.9166666666666666,1.999999999999923,0.6306740464307766,-0.0009975749559083351,2.646026213153171e-27,-2.1666666666666666666666666640206404535134956666666666666666666666666667,0.0023148148148152738403353515165124457041741995605236888372528535817898288,-0.000021433470507535656122423034452738353274771789824497433572365839356344706,0.99999954008820130023883837864315952678426496850892740647630018629158514,81,−13/6 + 2.6e-27
-2.1666666666666665,0.002314814814815477,-2.143347050753171e-05,0.01388890039507347,0.013888877382705103,-0.02777777777777857,0.041666678172852044,0.9999994477033117,84.17313337820565,2.9166666666665555,1.7736619022757385,-0.9166666666666666,1.9999999999998888,0.6335986592213446,-0.0009975749559083555,5.502825917291719e-27,-2.1666666666666666666666666611638407493749476666666666666666666666666667,0.0023148148148154767761871922293377701721090475852155098673921471998888957,-0.000021433470507531710147526131499881281773029939781998070723807064432132049,0.99999944770331168522727880989363645033853234929240979073591440839296069,81,−13/6 + 5.5e-27
-2.1666666666666665,0.0023148148148157692,-2.143347050752602e-05,0.01388890270638171,0.013888875071397213,-0.027777777777778925,0.04166668048416063,0.999999336760592,83.27637176501479,2.916666666666506,1.7712245804599598,-0.9166666666666666,1.9999999999998397,0.6365631520079991,-0.0009975749559083848,1.1443988319349488e-26,-2.166666666666666666666666655222678347317178666666666666666666666666667,0.002314814814815769430274991070927387998730087428887057301480944643164212,-0.00002143347050752601965137448693470121989807300590558016179221775431896593,0.9999993367605920190150943187887890848028698645513608848094428847950847,80,−13/6 + 1.1e-26
-2.1666666666666665,0.0023148148148161916,-2.1433470507517814e-05,0.013888905481974701,0.013888872295804728,-0.02777777777777943,0.04166668325975413,0.9999992035322378,82.37961015182393,2.9166666666664356,1.7687341946241075,-0.9166666666666666,1.9999999999997686,0.6395683997944432,-0.0009975749559084268,2.379956600877962e-26,-2.166666666666666666666666642867100657887046666666666666666666666666667,0.002314814814816191467161664977393812865507885738108289854597737218208157,-0.00002143347050751781337857804898449383542102747817985810592379098412771177,0.9999992035322378274346518691143039850885087594448088657366720723448566,80,−13/6 + 2.4e-26
-2.1666666666666665,0.0023148148148168,-2.143347050750598e-05,0.013888908815115796,0.013888868962664364,-0.02777777777778016,0.041666686592895956,0.9999990435416231,81.48284853863308,2.916666666666333,1.7661889927758139,-0.9166666666666666,1.9999999999996665,0.6426153027661137,-0.0009975749559084878,4.94949248810886e-26,-2.166666666666666666666666617171741785578066666666666666666666666666667,0.002314814814816800087171223262722111831433344464097794933479376729624867,-0.00002143347050750597910061441382851203413909175255316524125692554896475043,0.9999990435416230425771338961635347955267230371663796021854969628674466,80,−13/6 + 4.9e-26
-2.1666666666666665,0.002314814814817678,-2.1433470507488913e-05,0.013888912817802657,0.013888864959978556,-0.027777777777781214,0.04166669059558387,0.9999988514128813,80.58608692544226,2.9166666666661856,1.7635871449380585,-0.9166666666666666,1.999999999999519,0.6457047871011524,-0.0009975749559085756,1.0293244793123098e-25,-2.16666666666666666666666656373421873543568666666666666666666666666667,0.0023148148148176777789743118688586099635686645295912784078190438750756,-0.0000214334705074889128711099093475442962337803514501983949478101210765135,0.999998851412881223922007856537668386623240379413898314790280804342686,79,−13/6 + 1.0e-25
-2.1666666666666665,0.0023148148148189433,-2.14334705074643e-05,0.013888917624530522,0.01388886015325221,-0.02777777777778273,0.041666695402313256,0.9999986206902718,79.68932531225148,2.916666666665973,1.7609267387612755,-0.9166666666666666,1.9999999999993063,0.6488378058021356,-0.000997574955908702,2.1406414622449165e-25,-2.16666666666666666666666645260252044217501666666666666666666666666667,0.00231481481481894349960312918770781253284423871845493505459208804306102,-0.000021433470507464301636660675787891119980313563151460916291785180270791,0.999998620690271794780320427725532771773019538883866538358663361472085,79,−13/6 + 2.1e-25
-2.1666666666666665,0.0023148148148207687,-2.143347050742881e-05,0.013888923396811415,0.013888854380973509,-0.027777777777784923,0.04166670117459634,0.999998343621262,78.79256369906076,2.9166666666656664,1.758205774835821,-0.9166666666666666,1.9999999999989997,0.652015339547784,-0.0009975749559088846,4.451799177013173e-25,-2.16666666666666666666666622148674896534936666666666666666666666666667,0.00231481481482076879716723545155160458804460057778018260335050549089383,-0.0000214334705074288097395808153074689898041929613757734126098345823024506,0.999998343621262040785267340583105850067042092165633509342247930531231,79,−13/6 + 4.5e-25
-2.1666666666666665,0.002314814814823401,-2.1433470507377626e-05,0.013888930328601161,0.013888847449186921,-0.02777777777778808,0.04166670810638924,0.9999980108960366,77.89580208587013,2.916666666665224,1.7554221616806553,-0.9166666666666666,1.9999999999985576,0.6552383975636087,-0.0009975749559091478,9.2582136065286e-25,-2.16666666666666666666666574084530601380666666666666666666666666666667,0.00231481481482340106144552667927560639390478497734442211258403996705581,-0.0000214334705073776268230584516457812801264942820094542346478164082748773,0.999998010896036538377394385901310963136615674975719036170606861873429,79,−13/6 + 9.3e-25
-2.1666666666666665,0.002314814814827197,-2.1433470507303816e-05,0.013888938652816549,0.013888839124976087,-0.027777777777792636,0.04166671643060919,0.9999976113346818,76.99904047267961,2.9166666666645864,1.7525737103818406,-0.9166666666666666,1.9999999999979199,0.6585080185101087,-0.0009975749559095275,1.925390516865574e-24,-2.1666666666666666666666647412761498010926666666666666666666666666667,0.0023148148148271970535988171956727986849865003383178489901558415433703,-0.000021433470507303815864522175965895973418730560162357798287790416282124,0.99999761133468175688086765685826815668656038548900867908819239548189,78,−13/6 + 1.9e-24
-2.1666666666666665,0.002314814814832671,-2.1433470507197374e-05,0.013888948649161655,0.01388882912863755,-0.027777777777799207,0.04166672642696086,0.9999971315115357,76.10227885948926,2.9166666666636667,1.7496581288519713,-0.9166666666666666,1.9999999999970002,0.661825271386762,-0.0009975749559100748,4.004151124598953e-24,-2.1666666666666666666666626625155420677136666666666666666666666666667,0.0023148148148326712594172376184200307388921809266926129672807630962597,-0.000021433470507197372973608297463716338227121988756783983504603052041908,0.99999713151153564087578640047483963705992379771974485588639967521812,78,−13/6 + 4.0e-24
-2.1666666666666665,0.002314814814840566,-2.1433470507043872e-05,0.013888960653526256,0.013888817124282422,-0.02777777777780868,0.041666738431334935,0.999996555304081,75.20551724629917,2.9166666666623406,1.7466730156788979,-0.9166666666666666,1.999999999995674,0.6651912564495871,-0.0009975749559108643,8.327259373193673e-24,-2.1666666666666666666666583394072934729936666666666666666666666666667,0.0023148148148405656196088012912937351286109937143471059466371791847575,-0.000021433470507043871525438695910812500969031804877742958415098573397083,0.99999655530408099403371265453960619139771961478178063271138311220881,78,−13/6 + 8.3e-24
-2.1666666666666665,0.00231481481485195,-2.1433470506822508e-05,0.013888975069272199,0.013888802708550141,-0.02777777777782234,0.04166675284709454,0.9999958633512266,74.30875563310941,2.916666666660428,1.7436158535290438,-0.9166666666666666,1.9999999999937612,0.6686071061395261,-0.0009975749559120028,1.7317840039163643e-23,-2.166666666666666666666649348826627503023666666666666666666666666667,0.002314814814851950087950205008605799410935029209508110318874990446336,-0.00002143347050682250686324409438610741086702636128846668690205010701164,0.9999958633512265668746819483948012461897608712284938023361816877318,77,−13/6 + 1.7e-23
-2.1666666666666665,0.0023148148148683678,-2.1433470506503275e-05,0.013888992380786912,0.013888785397055129,-0.02777777777784204,0.041666770158628956,0.9999950324027758,73.41199401992017,2.9166666666576697,1.7404840020672372,-0.9166666666666666,1.9999999999910032,0.6720739860182717,-0.0009975749559136445,3.60151605926307e-23,-2.166666666666666666666630651506074035966666666666666666666666666667,0.002314814814868367646342701181035112792618280706852509070579181441551,-0.0000214334705065032765611664482042159679703363265103506200939211664963,0.9999950324027757906915801686590655253895083955602428674359223450193,77,−13/6 + 3.6e-23
-2.1666666666666665,0.0023148148148920433,-2.1433470506042913e-05,0.013889013169759507,0.013888764608110945,-0.027777777777870452,0.04166679094762996,0.9999940345382279,72.51523240673167,2.9166666666536925,1.7372746903511953,-0.9166666666666666,1.9999999999870257,0.6755930957074302,-0.0009975749559160121,7.489916696191067e-23,-2.166666666666666666666591767499704755996666666666666666666666666667,0.002314814814892043431235586087694165734452100141616997215022030647363,-0.00002143347050604291407713536105861124950314711628760226804135084566407,0.9999940345382279155050321837772697932351811039664807441839003682227,77,−13/6 + 7.5e-23
-2.1666666666666665,0.002314814814926186,-2.1433470505379025e-05,0.013889038134726393,0.01388873964318503,-0.027777777777911423,0.041666815912637815,0.9999928362286672,71.61847079354423,2.916666666647956,1.7339850086546258,-0.9166666666666666,1.9999999999812896,0.6791656698260513,-0.0009975749559194263,1.557645480202592e-22,-2.16666666666666666666651090211864640746666666666666666666666666667,0.00231481481492618631514639300631832759960075250553707546155208605135,-0.0000214334705053790246677528002206160158328719941675563099121043748199,0.999992836228667224177140042346930854660636850576117443364332132415,76,−13/6 + 1.6e-22
-2.1666666666666665,0.0023148148149754236,-2.1433470504421627e-05,0.01388906811454314,0.01388870966342737,-0.027777777777970507,0.04166684589251365,0.9999913972102258,70.72170918035832,2.9166666666396845,1.730611899668216,-0.9166666666666666,1.9999999999730178,0.6827929789205514,-0.00099757495592435,3.239367726518797e-22,-2.16666666666666666666634272989401478696666666666666666666666666667,0.00231481481497542381781082918158786851966513493854139256606012753081,-0.0000214334705044216287825990076228088988763683657188323438684013085325,0.999991397210225733131072385884772944132428050005700003542694457416,76,−13/6 + 3.2e-22
-2.1666666666666665,0.0023148148150464293,-2.1433470503040967e-05,0.013889104116571342,0.013888673661484373,-0.027777777778055714,0.041666881894627056,0.9999896691312765,69.82494756717462,2.9166666666277554,1.7271521490225945,-0.9166666666666666,1.999999999961089,0.6864763303798773,-0.0009975749559314507,6.736772520436899e-22,-2.16666666666666666666599298941462297676666666666666666666666666667,0.00231481481504642929218613849357951037555487379740882609795116098758,-0.0000214334705030409667808319718213062683869569711094860156157395303853,0.999989669131276559503905181607262705489013092890026935443216270872,76,−13/6 + 6.7e-22
-2.1666666666666665,0.0023148148151488266,-2.143347050104991e-05,0.013889147350527613,0.013888630427650978,-0.02777777777817859,0.041666925128706206,0.9999875939279167,68.9281859539941,2.9166666666105527,1.7236023750715053,-0.9166666666666666,1.9999999999438862,0.6902170693273796,-0.0009975749559416904,1.4010173534971162e-21,-2.1666666666666666666652656493131695504666666666666666666666666667,0.0023148148151488263903008866938935277197059701958859466518195709133,-0.000021433470501049912095215618631338970737061667684275802515221115376,0.99998759392791672308647499316395579073742814304953253740519963104,75,−13/6 + 1.4e-21
-2.1666666666666665,0.002314814815296493,-2.1433470498178608e-05,0.013889199269132133,0.013888578509223658,-0.027777777778355793,0.041666977047487924,0.9999851018731749,68.03142434081818,2.916666666585745,1.719959017866941,-0.9166666666666666,1.9999999999190783,0.6940165794792438,-0.000997574955956457,2.913635006741749e-21,-2.1666666666666666666637530316599249176666666666666666666666666667,0.0023148148152964933947754886961732150288098253166343685149070460482,-0.000021433470498178609230323954509153685996256201935882428389252403726,0.99998510187317485486044765043128982501078166154209741068270275106,75,−13/6 + 2.9e-21
-2.1666666666666665,0.0023148148155094444,-2.1433470494037898e-05,0.013889261616922673,0.01388851616168866,-0.02777777777861133,0.041667039395534004,0.9999821092344254,67.13466272764887,2.9166666665499696,1.7162183272506801,-0.9166666666666666,1.9999999998833027,0.6978762839574344,-0.0009975749559777522,6.059360315074404e-21,-2.1666666666666666666606073063515922626666666666666666666666666667,0.0023148148155094441972093772810492241337763568347412221795102001003,-0.000021433470494037899182774288627449295802943802768510828770468302885,0.99998210923442543175234308537213988406125688561608576742028129292,75,−13/6 + 6.1e-21
-2.1666666666666665,0.0023148148158165407,-2.1433470488066576e-05,0.013889336488874427,0.01388844129010542,-0.02777777777897985,0.04166711426785428,0.99997851546034,66.2379011144891,2.9166666664983776,1.7123763499784839,-0.9166666666666666,1.9999999998317108,0.7017976460428836,-0.0009975749560084618,1.2601388761098481e-20,-2.166666666666666666654065277905568185666666666666666666666666667,0.002314814815816540859855111801230772008018935785169374468343797359,-0.00002143347048806657518641904984863686942566453285968669558388083497,0.9999785154603399571024709756447247971268704076371976751224969745,74,−13/6 + 1.3e-20
-2.1666666666666665,0.0023148148162594052,-2.143347047945532e-05,0.01388942640079552,0.013888351378715767,-0.027777777779511285,0.041667204180306804,0.9999741998029169,65.34113950134311,2.916666666423977,1.7084289157840291,-0.9166666666666666,1.9999999997573104,0.7057821698520478,-0.0009975749560527482,2.6206561493511474e-20,-2.166666666666666666640460105173155192666666666666666666666666667,0.002314814816259405404762595565787982344532095626397270567256053579,-0.00002143347047945532014558228058557762058986452454029329842910044378,0.9999741998029168998809190851407412994917010396518772999042055897,74,−13/6 + 2.6e-20
-2.1666666666666665,0.002314814816898061,-2.1433470467037018e-05,0.013889534373863774,0.0138882434064139,-0.027777777780277672,0.04166731215414145,0.9999690172611784,64.44437788821698,2.916666666316684,1.7043716222792957,-0.9166666666666666,1.9999999996500173,0.7098314009168889,-0.0009975749561166138,5.450064896286234e-20,-2.166666666666666666612166017703804326666666666666666666666666667,0.002314814816898061010605549072947198883069283075223765990185337778,-0.00002143347046703701669662071399624135023264587020690272839696789172,0.9999690172611783204208496213822759126024581699990337694399781917,74,−13/6 + 5.5e-20
-2.1666666666666665,0.0023148148178190673,-2.1433470449128563e-05,0.013889664036145666,0.013888113745237214,-0.027777777781382882,0.041667441817528544,0.9999627937103689,63.547616275119466,2.916666666161957,1.7001998185764713,-0.9166666666666666,1.9999999994952904,0.7139469266447449,-0.0009975749562087144,1.133426351300837e-19,-2.16666666666666666655332403153658296666666666666666666666666667,0.00231481481781906719084654781256885902959526333261753430644452629,-0.0000214334704491285631877436027387387749495244814839640611923483374,0.999962793710368888121824807188997066393148920612026268746880078,73,−13/6 + 1.1e-19
-2.1666666666666665,0.0023148148191472514,-2.1433470423302756e-05,0.013889819744509101,0.0138879580384676,-0.0277777777829767,0.041667597527485806,0.9999553200531834,62.65085466206325,2.9166666659388256,1.6959085875032787,-0.9166666666666666,1.9999999992721587,0.7181303766303103,-0.0009975749563415329,2.357137608945747e-19,-2.16666666666666666643095290577209196666666666666666666666666667,0.00231481481914725154602309852723865034626688153653048090567721152,-0.000021433470423302756272817002255578148881570390065846361280756489,0.999955320053183443368281836722425858046407874246263199356842171,73,−13/6 + 2.4e-19
-2.1666666666666665,0.002314814821062628,-2.1433470386059323e-05,0.013890006731027148,0.013887771054248006,-0.027777777785275154,0.0416677845163023,0.9999463451967726,61.75409304906659,2.916666665617048,1.6914927262687478,-0.9166666666666666,1.9999999989503814,0.7223834227869675,-0.0009975749565330706,4.902036820592464e-19,-2.16666666666666666617646298460742026666666666666666666666666667,0.00231481482106262814081106869074775070826286496941879422469857288,-0.0000214334703860593224671470752224279462541210674222166875488189792,0.999946345196772661532313142552058590261132985827275707305053692,73,−13/6 + 4.9e-19
-2.1666666666666665,0.0023148148238247954,-2.1433470332350513e-05,0.013890231278793104,0.01388754650979665,-0.027777777788589756,0.04166800906738286,0.9999355676199428,60.85733143615579,2.916666665153014,1.6869467254195947,-0.9166666666666666,1.9999999984863477,0.7267077792588269,-0.0009975749568092874,1.0194553300259766e-18,-2.1666666666666666656472113366406900666666666666666666666666667,0.0023148148238247955202278626098830009937600595470204661181463162,-0.000021433470332350512274124540527327555501608433149222495093744477,0.99993556761994286371950529673937972133657131908108184720020317,72,−13/6 + 1.0e-18
-2.1666666666666665,0.002314814827808121,-2.143347025489696e-05,0.013890500933056018,0.013887276860313727,-0.027777777793369745,0.04166827872642576,0.9999226252477704,59.960569823368836,2.9166666644838335,1.68226474590826,-0.9166666666666666,1.9999999978171668,0.7311052020678948,-0.0009975749572076198,2.120117020648497e-18,-2.1666666666666666645465496460181696666666666666666666666666667,0.0023148148278081211243164164868529950837565918594060862971976653,-0.000021433470254896958782896841330624592429129344076898661856914747,0.99992262524777042129502883962717203912453250690870327713370341,72,−13/6 + 2.1e-18
-2.1666666666666665,0.0023148148335524806,-2.1433470143201076e-05,0.013890824754773184,0.013886953045489793,-0.027777777800262977,0.04166860255503616,0.9999070832942315,59.063808210760456,2.916666663518812,1.6774405940719088,-0.9166666666666666,1.9999999968521451,0.7355774884425836,-0.000997574957782056,4.409115386280757e-18,-2.1666666666666666622575512803859096666666666666666666666666667,0.002314814833552480783747300369213645392875738865605824453760244,-0.000021433470143201076353151139152704496927172777287003479117054797,0.99990708329423148701242100299421532801886054373270422917631616,72,−13/6 + 4.4e-18
-2.1666666666666665,0.00231481484183643,-2.1433469982124283e-05,0.013891213625102428,0.013886564185101289,-0.027777777810203717,0.04166899143530614,0.9998884196655358,58.16704659840962,2.9166666621271617,1.6724676942969543,-0.9166666666666666,1.9999999954604952,0.740126475764067,-0.0009975749586104508,9.169445978784394e-18,-2.1666666666666666574972206878822726666666666666666666666666667,0.0023148148418364302201728816244304670906495241210477602310062037,-0.000021433469982124281416932175166373752658881980398674198390983189,0.99988841966553576628035383307343697699794321118094314247963269,72,−13/6 + 9.2e-18
-2.1666666666666665,0.0023148148537827256,-2.14334697498352e-05,0.013891680611069938,0.013886097213469334,-0.02777777782453927,0.04166945843560921,0.9998660074354162,57.27028498643018,2.916666660120277,1.6673390591154251,-0.9166666666666666,1.9999999934536103,0.7447540400554664,-0.0009975749598050802,1.9069298984431577e-17,-2.166666666666666647597367682235089666666666666666666666666667,0.002314814853782725773093436110894241502254702815428283852064189,-0.00002143346974983520051613699581866805624405828098387526670611102,0.9998660074354162537231980356819172994583517563221851979655198,71,−13/6 + 1.9e-17
-2.1666666666666665,0.002314814871010496,-2.1433469414850777e-05,0.013892241404706998,0.013885536440505598,-0.027777777845212594,0.041670019249919595,0.9998390938060002,56.37352337498632,2.916666657226172,1.6620472564472164,-0.9166666666666666,1.9999999905595054,0.7494620939251789,-0.0009975749615278573,3.965759377382266e-17,-2.166666666666666627009072892844006666666666666666666666666667,0.002314814871010495992929355506844531658159004142222790751846671,-0.00002143346941485077810848025811829961979334702384187022505820048,0.9998390938060002441945804764952013275448528552352233717316987,71,−13/6 + 4.0e-17
-2.1666666666666665,0.0023148148958546887,-2.1433468931769252e-05,0.013892914850420447,0.013884863024605178,-0.027777777875025625,0.041670692725446074,0.999806774850893,55.476761764314844,2.9166666530526255,1.6565843736652912,-0.9166666666666666,1.999999986385959,0.7542525838593842,-0.0009975749640122767,8.247417722138241e-17,-2.166666666666666584192489445284256666666666666666666666666667,0.002314814895854688515203525942962668076071171396882641916788045,-0.00002143346893176925379242388950890072234600794503301955068872965,0.9998067748508929306674393282586722292748225636883621675591958,71,−13/6 + 8.2e-17
-2.1666666666666665,0.0023148149316825346,-2.143346823511668e-05,0.01389372357833055,0.01388405433968849,-0.027777777918019043,0.04167150149634959,0.9997679651969607,54.5800001547572,2.916666647034029,1.6509419781184616,-0.9166666666666666,1.999999980367362,0.7591274867393647,-0.0009975749675950611,1.7151796821404356e-16,-2.16666666666666649514869845262310666666666666666666666666667,0.00231481493168253471349325272004356322503269224669613333103824,-0.0000214334682351166824835289664824844991684703979753952878613631,0.999767965196960617895698651981906048281938672975095370751143,70,−13/6 + 1.7e-16
-2.1666666666666665,0.0023148149833499237,-2.1433467230472993e-05,0.013894694764876559,0.01388308321514335,-0.02777777798001991,0.041672472744896466,0.9997213616335107,53.68323854680583,2.9166666383547404,1.6451110736975612,-0.9166666666666665,1.999999971688074,0.7640888054361088,-0.0009975749727618001,3.5669847716464033e-16,-2.16666666666666630996818950202633666666666666666666666666667,0.00231481498334992382801431430491840228625741726444448760886648,-0.0000214334672304729920672359668896510579802123101689508549912,0.999721361633510685922332318349451329634769041607787756444607,70,−13/6 + 3.6e-16
-2.166666666666666,0.002314815057859541,-2.1433465781674857e-05,0.013895861046275078,0.01388191702315637,-0.027777778069431446,0.041673639115706526,0.9996653994368,52.78647694117087,2.9166666258385683,1.6390820529745505,-0.9166666666666664,1.9999999591719018,0.7691385633069207,-0.0009975749802127616,7.41810347547924e-16,-2.16666666666666592485631911874266666666666666666666666666667,0.00231481505785954074347077347978625223554841032898111499570874,-0.0000214334657816748579481854971078860774395969643999849228086983,0.999665399436800035371117817529536551183150905191596981271885,70,−13/6 + 7.4e-16
-2.166666666666665,0.0023148151653099676,-2.143346369236095e-05,0.013897261615564758,0.0138805165828072,-0.027777778198371957,0.041675039813936714,0.9995981999577609,51.88971533887639,2.9166666077893955,1.6328446443790767,-0.916666666666666,1.9999999411227294,0.7742787973854895,-0.0009975749909578043,1.5427107962537767e-15,-2.1666666666666651239558704128899666666666666666666666666667,0.0023148151653099673998812537575403461506935900200973977814545,-0.00002143346369236094925157122297587048210185080166272323637261,0.99959819995776086287204713016072431934077658225376741421913,69,−13/6 + 1.5e-15
-2.1666666666666634,0.002314815320264383,-2.14334606793583e-05,0.013898943540157221,0.013878834844160033,-0.027777778384317255,0.041676721924474476,0.9995175077340864,50.99295374139924,2.916666581761381,1.6263878538017222,-0.9166666666666653,1.9999999150947159,0.7795115500168501,-0.0009975750064532456,3.208308712253716e-15,-2.1666666666666634583579544129506666666666666666666666666667,0.0023148153202643832415663176245416302126335663344742977608665,-0.000021433460679358300364263371195202579891362641177873573007644,0.99951750773408645737614516518696591420747456232789484405224,69,−13/6 + 3.2e-15
-2.16666666666666,0.00231481554372437,-2.1433456334302756e-05,0.01390096334424903,0.013876815308220202,-0.02777777865246923,0.04167874199671826,0.9994206150456574,50.09619215086917,2.916666544227597,1.6196998999257632,-0.9166666666666639,1.9999998775609333,0.7848388586404211,-0.0009975750287992437,6.6721804359693186e-15,-2.1666666666666599944862306973480666666666666666666666666667,0.0023148155437243699652331997657596542191221901383660997454145,-0.000021433456334302756245148408507918876165591080497377284168982,0.9994206150456573835294019705591482782176307265943766331263,69,−13/6 + 6.7e-15
-2.1666666666666528,0.002314815865976338,-2.1433450068291758e-05,0.013903388909385936,0.013874390129785643,-0.027777779039171578,0.041681167948557515,0.9993042714245416,49.19943057035749,2.916666490102243,1.6127681424875597,-0.9166666666666609,1.999999823435582,0.7902627433659932,-0.0009975750610244393,1.3875844179240318e-14,-2.166666666666652790822487426348666666666666666666666666667,0.002314815865976337882014569748857791907076776747865298508687,-0.0000214334500682917558930236035377591911110879427175007283841,0.9993042714245415554102372547186551874337033653996505971137,68,−13/6 + 1.4e-14
-2.1666666666666377,0.002314816330696361,-2.143344103206802e-05,0.013906301757214048,0.013871477839621527,-0.027777779596835576,0.04168408135404962,0.9991645751456836,48.30266900429335,2.9166664120517485,1.6055790025470282,-0.9166666666666545,1.999999745385094,0.7957851919168555,-0.0009975751074964394,2.885699113420121e-14,-2.166666666666637809675532465456666666666666666666666666667,0.00231481633069636081110185984293045101065992563020005044898,-0.00002143344103206802079444018154264868865647027697029689465901,0.9991645751456835915356694780742939510640991405642771630875,68,−13/6 + 2.9e-14
-2.1666666666666066,0.002314817000869763,-2.1433428000916314e-05,0.013909799791370834,0.013867980609672762,-0.027777780401043596,0.041687580192414427,0.9989968431483658,47.40590745906403,2.9166662995015242,1.5981178737108641,-0.9166666666666414,1.9999996328348826,0.8014081414283204,-0.0009975751745137746,6.001263249735901e-14,-2.166666666666606654034169307656666666666666666666666666667,0.002314817000869762981778867171067263387167640599055431812574,-0.00002143342800091631508039688965428850749525040502390224382015,0.9989968431483657625324575024204011890305269128013942589602,68,−13/6 + 6.0e-14
-2.1666666666665417,0.0023148179673277607,-2.1433409208672853e-05,0.013914000591006653,0.013863780969786412,-0.027777781560793063,0.041691782151799715,0.9987954551561891,46.50914594388066,2.916666137203948,1.590369023088406,-0.9166666666666141,1.9999994705373338,0.8071334564851349,-0.000997575271159564,1.2480566814862985e-13,-2.16666666666654186099851803681666666666666666666666666667,0.00231481796732776085189625913593241905861447674999719176517,-0.000021433409208672852719666516577886837539646789810997062942,0.998795455156189010432869443650904705152791070087300271473,67,−13/6 + 1.2e-13
-2.166666666666407,0.0023148193610581604,-2.1433382108349932e-05,0.013919045367121262,0.01385873786614801,-0.027777783233269272,0.041696828600390534,0.9985536669574748,45.612384472026626,2.9166659031738837,1.5823154805686173,-0.9166666666665575,1.9999992365073263,0.8129629026530918,-0.0009975754105325829,2.595529333380168e-13,-2.16666666666640711373332864986666666666666666666666666667,0.00231481936105816030805813936204453155431789579683153499707,-0.0000214333821083499325844614806402161137146310209267456556974,0.998553666957474877824647183825234878100646489543740541282,67,−13/6 + 2.6e-13
-2.166666666666127,0.002314821370958618,-2.143334302693219e-05,0.013925103715399118,0.013852681929750144,-0.027777785645149263,0.041702889360548376,0.9982633868597727,44.71562306265797,2.916665565712559,1.5739389147809446,-0.9166666666664396,1.9999988990461195,0.8188981146028312,-0.0009975756115225844,5.397809747241699e-13,-2.16666666666612688569194249676666666666666666666666666667,0.00231482137095861771139429187548889931862187910494766242547,-0.0000214333430269321905007766228914992496805214043912861100463,0.998263386859772697906318654792413048196751488533488356924,67,−13/6 + 5.4e-13
-2.1666666666655443,0.002314824269438616,-2.1433286667557384e-05,0.013932379326318392,0.0138454097970057,-0.027777789123324095,0.04171016844964249,0.9979149082215362,43.81886174339968,2.9166650791175566,1.565219493835876,-0.9166666666661943,1.9999984124513623,0.8249405577300197,-0.0009975759013704922,1.1225590746637114e-12,-2.1666666666655441075920029552666666666666666666666666667,0.002314824269438615803277744679204241464938194691853418307,-0.000021433286667557385921521951901422371499037473760132649944,0.99791490822153614489798009496140076123183381692423917481,66,−13/6 + 1.1e-12
-2.166666666664332,0.0023148284493400527,-2.1433205391609786e-05,0.013941116845945551,0.013836677293257842,-0.027777794139203393,0.041718910985148946,0.9974965896706918,42.92210055408998,2.916664377499403,1.5561357286244613,-0.9166666666656844,1.9999977108337188,0.831091481936459,-0.0009975763193604448,2.3345374052017745e-12,-2.1666666666643321292614648921666666666666666666666666667,0.0023148284493400528129213051120318543077738858538183647863,-0.000021433205391609787681501033106650560035013101671853232951,0.99749658967069182001691606247914842643122893694046523777,66,−13/6 + 2.3e-12
-2.1666666666618117,0.0023148344771803577,-2.1433088183424335e-05,0.013951610120168831,0.013826191252437888,-0.027777801372606718,0.04172941149277555,0.9969944731247251,42.02533955217992,2.9166633658700274,1.5466642960795298,-0.9166666666646239,1.9999966992054032,0.8373518659392073,-0.000997576922144078,4.8550361573790025e-12,-2.1666666666618116305092876641666666666666666666666666667,0.0023148344771803578995478808521789440283569782001261904435,-0.000021433088183424333309443190844247768585293562128049427288,0.99699447312472508601111676866576755437987289740536376239,66,−13/6 + 4.9e-12
-2.1666666666565697,0.002314843169934216,-2.1432919157281524e-05,0.013964212102581293,0.01381359970131957,-0.027777811803900862,0.041742023906482156,0.9963918280148766,41.12857882052036,2.916661907301034,1.5367798393522412,-0.9166666666624186,1.9999952406386152,0.8437223501039794,-0.000997577791418637,1.0096808060104819e-11,-2.166666666656569858606561847666666666666666666666666667,0.002314843169934216125799937311948607555581099390212239532,-0.00002143291915728152393449176660222934128406037582391748469,0.9963918280148765253994791587485620187424917949971932043,65,−13/6 + 1.0e-11
-2.1666666666456686,0.0023148557057600873,-2.1432675404335383e-05,0.013979346763518965,0.013798480083351139,-0.027777826846870104,0.04175717361038907,0.9956686081808269,40.23181847859195,2.916659804421274,1.5264547413203384,-0.9166666666578321,1.9999931377634421,0.8502031553348502,-0.000997579044999505,2.0997893671225114e-11,-2.166666666645668772995441552666666666666666666666666667,0.002314855705760087249605567208004277181539386232962208334,-0.00002143267540433538217547557684829864993698082262874753083,0.9956686081808269730280218268096519793149418248441681087,65,−13/6 + 2.1e-11
-2.1666666666229983,0.0023148737836780012,-2.143232388765014e-05,0.013997523406998048,0.013780325133328204,-0.027777848540326253,0.0417753719473243,0.9948008057488101,39.33505869870052,2.916656772763222,1.5156588672000009,-0.916666666648294,1.999990106114928,0.8567939849683889,-0.0009975808527877207,4.366840847160746e-11,-2.166666666622998258195059206666666666666666666666666667,0.002314873783678001098402427120479936085383689972963881468,-0.00002143232388765014148829516562810164306493756338897078355,0.9948008057488101885607993284969342454374418355261691658,65,−13/6 + 4.4e-11
-2.166666666575851,0.0023148998538388955,-2.143181696449698e-05,0.014019353886060832,0.013758525938364189,-0.02777787982442502,0.041797233710485854,0.9937596839660896,38.43829972933407,2.9166524023754286,1.504359271257959,-0.9166666666284579,1.9999857357469706,0.8634939058824564,-0.0009975834597963746,9.081529453863066e-11,-2.166666666575851372128036006666666666666666666666666667,0.002314899853838895475598261383565711335495255872239701871,-0.00002143181696449697892284027756267597411972683558774382159,0.9937596839660896379026633147816893216432034729261649353,65,−13/6 + 9.1e-11
-2.166666666477802,0.002314937449591698,-2.1431085928986832e-05,0.01404557330851039,0.013732351630621874,-0.027777924939132264,0.04182349824764266,0.9925108685066494,37.541541928848716,2.916646102549601,1.4925198616856483,-0.9166666665872059,1.9999794359623948,0.8703012040926692,-0.0009975872193561913,1.8886462801822945e-10,-2.166666666477802038648437216666666666666666666666666667,0.002314937449591697986504161968644970278555256042410726195,-0.00002143108592898683122440033513707197943630415204782311233,0.9925108685066493699597511293628497113401619619129004634,65,−13/6 + 1.9e-10
-2.166666666273893,0.0023149916663480446,-2.143003169975708e-05,0.014077064948110351,0.01370092505072168,-0.02777798999883203,0.04185505494694238,0.9910132743138078,36.64478581405356,2.9166370222595344,1.4801010165671258,-0.9166666665014166,1.9999703557581179,0.8772132089128688,-0.0009975926409996668,3.927735729722384e-10,-2.166666666273893093694428266666666666666666666666666667,0.002314991666348044515458623583942536801893092523994384819,-0.00002143003169975707956257689833862564344250228298428253825,0.9910132743138078066935072964862251723496764194169298351,65,−13/6 + 3.9e-10
-2.1666666658498324,0.0023150698521336045,-2.1428511390390912e-05,0.014114890225899394,0.013663193595027151,-0.027778083820926544,0.04189297404682594,0.9892178428209141,35.748032130287534,2.9166239356814283,1.467059142503743,-0.9166666663230069,1.9999572693584213,0.8842260782196307,-0.0009976004595113432,8.168341591761051e-10,-2.166666665849832507490561566666666666666666666666666667,0.002315069852133604665327349895879266173825000976420028044,-0.00002142851139039091073220005223443195747423226315906947373,0.9892178428209140926455155791414850323908782174785451014,65,−13/6 + 8.2e-10
-2.166666664967932,0.0023151826033911763,-2.1426318942017336e-05,0.014160324808339862,0.013617894312331985,-0.027778219120671847,0.04193854392901171,0.9870660627387056,34.85128195250344,2.9166050775427874,1.453346165798141,-0.9166666659519829,1.9999384115908043,0.8913345353772198,-0.0009976117344980134,1.6987345623787529e-09,-2.166666664967932104287913766666666666666666666666666667,0.002315182603391176247012292079399642567681043585821321002,-0.00002142631894201733731827192493257417751060396636656479437,0.9870660627387055917996141281309765106408239547725141317,65,−13/6 + 1.7e-09
-2.1666666631338822,0.002315345200942465,-2.142315719234537e-05,0.01421490209106913,0.013563512142996469,-0.027778414234065598,0.04199331632513473,0.9844882470574782,33.95453683109514,2.9165779064367827,1.4389089440838867,-0.9166666651804017,1.999911241256381,0.8985315458030217,-0.0009976279939638893,3.5327845695517634e-09,-2.166666663133882097114903266666666666666666666666666667,0.00231534520094246480085642247878150714490429380529766337,-0.00002142315719234537100114155822536554810150130931107509683,0.9844882470574781283127417418071829215537181022737576091,65,−13/6 + 3.5e-09
-2.166666659319688,0.002315579680609034,-2.1418597593862782e-05,0.014280465608363425,0.013498229993675122,-0.027778695602038547,0.04205916121040197,0.9814015403023577,33.05779900230563,2.9165387648009915,1.423688583838355,-0.9166666635758416,1.99987210122515,0.9058079177866846,-0.0009976514413289996,7.346978798963353e-09,-2.166666659319687867703313666666666666666666666666666667,0.002315579680609033748157849782265440149405779968209276622,-0.00002141859759386278072569239919572725532601174933177391856,0.9814015403023576634804754941374128467814425810060998189,65,−13/6 + 7.3e-09
-2.1666666513874735,0.0023159178188799545,-2.141202211816762e-05,0.014359232240636038,0.01341986911146866,-0.027779101352104697,0.04213833359274074,0.9777076346149293,32.161071691884565,2.916482390810653,1.407619646245467,-0.9166666602390985,1.9998157305715543,0.9131518077487008,-0.000997685253905081,1.5279193058541325e-08,-2.166666651387473608125341666666666666666666666666666667,0.002315917818879954362577117522192404899621840587488862727,-0.00002141202211816762033752462770766293511821312251181999849,0.9777076346149292334087551864001135388104419097406046182,65,−13/6 + 1.5e-08
-2.166666634891192,0.0023164054377613308,-2.1402539465272163e-05,0.014453868499720806,0.013325817962067728,-0.027779686461788532,0.04223355496150934,0.9732901826833863,31.264359553461947,2.916401218316842,1.3906292202793964,-0.9166666533003918,1.9997345650164502,0.9205481042639275,-0.0009977340131915463,3.1775474914003757e-08,-2.166666634891191752662909666666666666666666666666666667,0.002316405437761330665783916293007992139636096595615940025,-0.00002140253946527216376595893654856045909687584290119568264,0.9732901826833862939804710701205716939277372023583750267,65,−13/6 + 3.2e-08
-2.1666666005845903,0.002317108611170063,-2.1388864206407983e-05,0.0145675826719624,0.013212947529364463,-0.027780530201326863,0.04234811287328926,0.968011912439849,30.367669301691762,2.916284373852522,1.3726358375502261,-0.9166666388719835,1.9996177349805382,0.9279776573674829,-0.0009978043251218343,6.608207659540327e-08,-2.166666600584590071263396666666666666666666666666666667,0.002317108611170063069426510598576397383131991599075291715,-0.00002138886420640798379303891456122888328234910554590980282,0.9680119124398489668978209230810396646757369372926520457,65,−13/6 + 6.6e-08
-2.166666529238639,0.0023181226117777046,-2.1369142449025508e-05,0.014704236213556807,0.013077510646000478,-0.027781746859557286,0.04248598307311409,0.9617114763531093,29.471010627293545,2.916116241421844,1.3535481982809148,-0.9166666088710052,1.999449632550839,0.9354163091866203,-0.0009979057139304394,1.374280277156845e-07,-2.166666529238638950982166666666666666666666666666666667,0.002318122611777704643036062053383192526992193088501277321,-0.00002136914244902550797533161308399688605007544813563093742,0.9617114763531092393526151738060560170055810908303551182,65,-2.1667
-2.1666663808635596,0.0023195848061745906,-2.1340700331440313e-05,0.01486847854616512,0.012915022650518462,-0.02778350119668358,0.0426519797428487,0.9542001119895452,28.574397520715287,2.915874411859406,1.3332636716938258,-0.9166665464947378,1.9992078653646685,0.9428336677957305,-0.0009980519099695023,2.858031069068538e-07,-2.166666380863559759812866666666666666666666666666666667,0.002319584806174590674402474347404687841849441319443009262,-0.00002134070033144031178443813404900190844724126682339048738,0.9542001119895451940197387036280628919226160334838631963,65,-2.1667
-2.166666072294345,0.002321693236225365,-2.1299681127055972e-05,0.015065910321274563,0.012720120376175039,-0.0277860306974496,0.042851941018724166,0.9452582569346268,27.677850189375942,2.9155267579673727,1.311666527079687,-0.9166664168199156,1.9988603411474573,0.9501915469515011,-0.0009982627043093185,5.943723218279737e-07,-2.166666072294344838692966666666666666666666666666666667,0.002321693236225364721289040913707637272633937576510864201,-0.00002129968112705597137593696038302249728320209106730915972,0.9452582569346268147952999003675883799676541636928333484,65,-2.1667
-2.166665430576336,0.002324733384443828,-2.1240521500895774e-05,0.015303281336238289,0.012486396261256883,-0.02778967759749517,0.04309295893373346,0.9346323588660251,26.781397839749953,2.915027271276739,1.2886258441052911,-0.9166661472800008,1.9983611239967383,0.9574419680139931,-0.000998566617924155,1.2360903307825576e-06,-2.166665430576335884109066666666666666666666666666666667,0.002324733384443828006829014489822146511376692956027933542,-0.00002124052150089577396451125685198735822176735280451099315,0.9346323588660250918116222440400432526927198190435681013,65,-2.1667
-2.1666640960232337,0.0023291167080072023,-2.115519537587673e-05,0.015588730611679986,0.01220620432202696,-0.027794934933706945,0.04338366554538693,0.9220322615175449,25.885082724771287,2.9143101503131104,1.263993043134113,-0.9166655871471677,1.9976445631659425,0.9645245840188783,-0.0009990047398047606,2.5706434329833316e-06,-2.166664096023233683335066666666666666666666666666666667,0.002329116708007202164731844210278885178927792896246081502,-0.00002115519537587672703102338775052984660802609502279486357,0.9220322615175449251341281560117579685147615853228394133,65,-2.1667
-2.166661320611047,0.0023354360740446634,-2.1032121795451418e-05,0.015932077669566485,0.011870435004065776,-0.027802512673632263,0.04373459034319875,0.9071297425303918,24.988966053093566,2.913281429538724,1.2375989701068741,-0.9166644235165953,1.9966170060221287,0.9713633354230293,-0.0009996362386916742,5.346055619864554e-06,-2.166661320611046802112666666666666666666666666666666667,0.00233543607404466333626931574953712043800091207697505887,-0.00002103212179545141817950585116888550813879591677171835052,0.9071297425303917563582010240395873490250967347926889862,65,-2.1667
-2.1666555487067334,0.002344545420488759,-2.0854586491395993e-05,0.016345175705200506,0.011468256795652073,-0.02781343250085258,0.044158608206053086,0.8895590439175136,24.09313665929092,2.911807164724248,1.2092504696397581,-0.9166620073272865,1.9951451573969614,0.977862076652705,-0.001000546263037173,1.1117959933290617e-05,-2.166655548706733376049666666666666666666666666666666667,0.002344545420488759008428038747189402803074011157525844036,-0.00002085458649139599444410049277664389806034944267823081264,0.8895590439175136016214929578954595645918862680060929746,65,-2.1667
-2.1666435451277475,0.0023576740405201525,-2.0598458757160527e-05,0.01684233888774133,0.010986824417497265,-0.027829163305238595,0.044671502192979926,0.8689205828595516,23.19772381067571,2.9096968226812563,1.178726393101746,-0.9166569937839284,1.993039828897328,0.9838988141109024,-0.0010018572319389267,2.312153891907834e-05,-2.166643545127747588326666666666666666666666666666666667,0.002357674040520152672434608892270844082761630842399721759,-0.00002059845875716052666281437296073226187651781123647200273,0.8689205828595517017072199185762109891790214558422633059,65,-2.1666
-2.1666185818053076,0.0023765901343362652,-2.0228885647526155e-05,0.017440856864725678,0.010410957232355222,-0.0278518140970809,0.04529267096180658,0.8447894663068451,22.302916295369652,2.9066800378660975,1.14577303536352,-0.9166466012961675,1.9900334365699301,0.9893180591502947,-0.001003744904353305,4.808486135893327e-05,-2.166618581805307733396666666666666666666666666666666667,0.00237659013433626538500687751856595608500517857814622494,-0.00002022888564752615557660358541238562116817538602864620318,0.8447894663068451373885460996543588523106295265209510005,65,-2.1666
-2.1665666666666668,0.0024038339869730937,-1.969549996650511e-05,0.0181616083291238,0.009722798785880848,-0.027884407115004648,0.046046015444128445,0.8167309492070497,21.408991210173447,2.9023742796988574,1.1100991205802704,-0.916625090638013,1.9857491890608443,0.9939206123466054,-0.001006461102222298,0.0001,-2.166566666666666666666666666666666666666666666666666667,0.00240383398697309369400316497201774524693792578135720464,-0.00001969549996650510910138990624902418620285223696058910193,0.8167309492070496608012865511370544658771154492539282011,65,-2.1666
-2.1665666666666663,0.0024038339869732563,-1.969549996650192e-05,0.018161608329127756,0.009722798785877087,-0.027884407115004842,0.046046015444132594,0.8167309492068986,21.40899121016897,2.9023742796988317,1.1100991205800845,-0.9166250906380128,1.985749189060819,0.993920612346626,-0.0010064611022223143,0.00010000000000036667,-2.1665666666666663,0.00240383398697325649278222287101191666641944296570441815,-0.00001969549996650191789585698862792351692370402330274358927,0.8167309492068986030712127166625148181665678872547365513,65,-2.1666
-2.162233533333333,0.002898589502530122,-9.79060489321083e-06,0.025037750365441154,0.0034335750400796496,-0.028471325405520803,0.05350907577096196,0.5962521308004809,16.821169920042514,2.8278782296983556,0.8673444529895128,-0.914952146305642,1.9129260833927135,0.9911621995654134,-0.0010552539787032865,0.004433133333333667,-2.162233533333333,0.002898589502530122171797886332520124662898067012532224723,-0.000009790604893210830027420120128598899442395211303827060824,0.5962521308004809127781351819102364310577664909901785351,65,-2.1622
-2.1579003999999995,0.0031290902950359563,-5.043277202330804e-06,0.027125478353866493,0.0016171452697425377,-0.02874262362360903,0.05586810197747552,0.5434186560623052,16.015263140546885,2.7945759960801992,0.8105611080794526,-0.9134018005944374,1.8811741954857617,0.9818925125633229,-0.0010776227495960218,0.008766266666667166,-2.1579003999999995,0.003129090295035956303284466934429737653225982989009317352,-0.000005043277202330803829427164037777437989529141888246683188,0.543418656062305270808957354218216572283471652996255112,65,-2.1579
-2.1535672666666663,0.0033036148389755738,-1.397311134566926e-06,0.028524677005902097,0.0004230559767901619,-0.028947732982692258,0.057472409988594354,0.5110415408943383,15.5467615246464,2.7698411276432755,0.7750451548427593,-0.9119345163345065,1.8579066113087692,0.9743691895992411,-0.0010943952623490016,0.013099400000000367,-2.1535672666666663,0.003303614838975573588658558145369398310142948327243892915,-0.000001397311134566925925123530845104037451853585258775633599,0.5110415408943383236971625145485837115299455003598466721,65,-2.1536
-2.149234133333333,0.0034488253927120573,1.6680883627077633e-06,0.029602260998897074,-0.0004837998825738573,-0.02911846111632322,0.058720722115220295,0.4876415037533626,15.217203031050781,2.7495859380901457,0.7489237723904997,-0.9105354304332703,1.8390505076568753,0.9679673175936171,-0.0011082377427985345,0.017432533333333666,-2.149234133333333,0.003448825392712057268727770707906875483490434807221469854,0.000001668088362707763157644599770341689921569791383471184528,0.4876415037533626308551714189513590198706932405139593526,65,-2.1492
-2.1449009999999995,0.0035751655250515824,4.357373706840906e-06,0.030488055882499778,-0.0012208251101533593,-0.029267230772346418,0.059755286654846196,0.46935438238615623,14.963836220672531,2.73221918168888,0.7282100894945975,-0.9091957536920885,1.8230234279967916,0.9623566098632385,-0.0011201945478252378,0.021765666666667165,-2.1449009999999995,0.003575165525051582557587741500019306190783808122427919939,0.000004357373706840905720343335346250677530237044874656990389,0.4693543823861562162576400732150826690006536985755321946,65,-2.1449
-2.1405678666666663,0.00368802346368753,6.776258597591937e-06,0.031244604276582554,-0.001844171146690787,-0.029400433129891768,0.06064503740647432,0.45438609920387546,14.75863117191788,2.716922707804963,0.7110476993771698,-0.9079094323388459,1.809013275466117,0.9573434952851425,-0.0011308045001984495,0.026098800000000366,-2.1405678666666663,0.003688023463687529985604737155205730148917090417915970499,0.000006776258597591937299920466622762738979484498724361598007,0.4543860992038754756118746586975274734672860259728719291,65,-2.1406
-2.136234733333333,0.003790613446516752,8.987940312867123e-06,0.03190729782798294,-0.002385427931987819,-0.029521869895995125,0.061429167723978065,0.4417517438286072,14.586622321754872,2.703209420156223,0.6964125088428332,-0.9066719325727048,1.7965374875835178,0.9528035659110944,-0.001140389023707855,0.030431933333333668,-2.136234733333333,0.003790613446516751795602871160131065792010808937480826192,0.000008987940312867123288544436331926731475744931164697818144,0.4417517438286072105489014819665053049588777260849948859,65,-2.1362
-2.1319015999999995,0.003885036656177086,1.1033820686711829e-05,0.0324982947458363,-0.0028642755766014934,-0.029634019169234804,0.062132313915071104,0.4308505816993228,14.438876019677705,2.6907611998646783,0.6836762623169418,-0.9054796716159101,1.7852815282487682,0.9486513021011566,-0.0011491582366172381,0.03476506666666717,-2.1319015999999995,0.003885036656177085842118628395782259639833019368825059467,0.00001103382068671182932236507665197491011228006247123531354,0.4308505816993227705522153802603211625577779536872155392,65,-2.1319
-2.1275684666666663,0.0039727566907874585,1.2942800957341056e-05,0.033032473460484546,-0.003293871377981998,-0.029738602082502546,0.06277107554298708,0.4212884752374616,14.309632051174116,2.679356499926294,0.6724241815009154,-0.9043297098758217,1.7750267900504721,0.9448248954883941,-0.0011572584987384915,0.03909820000000037,-2.1275684666666663,0.003972756690787458867383543051274626538013988670962074288,0.00001294280095734105666535799081204522169116366413838697058,0.4212884752374615911620800840771074456835275556292975741,65,-2.1276
-2.123235333333333,0.004054841864750408,1.4736022699488323e-05,0.03352035225269797,-0.003683481022887777,-0.029836871229810196,0.06335722348250816,0.41279255575558665,14.194959840629025,2.668833540286935,0.6623672380063562,-0.9032195675245619,1.765613972762373,0.9412779175294317,-0.0011647966415118684,0.04343133333333367,-2.123235333333333,0.004054841864750407525846186776253946865561489547159461661,0.00001473602269948832285978485130781596587813685595905629829,0.4127925557555866792396081785326726984645550394245771696,65,-2.1232
-2.1189021999999995,0.004132100532968786,1.6429517978328837e-05,0.033969667121907916,-0.00403989555560713,-0.029929771566300785,0.0638994386882087,0.40516593795167544,14.092058035656176,2.659069794550037,0.6532955050571282,-0.9021471073532391,1.756922687196798,0.9379744096650016,-0.0011718535004276549,0.047764466666667164,-2.1189021999999995,0.004132100532968785719702967397236631189185785713847229289,0.00001642951797832883621787498900125124769154707485767925456,0.4051659379516754419365294920292888829374798811175141717,65,-2.1189
-2.1145690666666663,0.004205162070367037,1.8035796635256513e-05,0.03438628918766988,-0.00436825260527564,-0.03001803658239424,0.06440432577006412,0.39826181969039287,13.99886000828502,2.6499697353424025,0.6450514134323182,-0.9011104559116158,1.748859279430787,0.9348858223834635,-0.0011784920129782948,0.05209760000000037,-2.1145690666666663,0.004205162070367037068561344944654019498374263585692292568,0.00001803579663525651126383267557842601158699191826110312352,0.3982618196903928744754236760602434226407061550516620226,65,-2.1146
-2.110235933333333,0.004274528022301383,1.956484977516475e-05,0.03477478947068789,-0.0046725404881515446,-0.030102248982536346,0.06487703845322423,0.391967776283737,13.913797782903508,2.64145710459318,0.6375134894778048,-0.9001079481790645,1.7413491564141153,0.9319890180090334,-0.0011847623336994106,0.05643073333333367,-2.110235933333333,0.004274528022301382859894438267400000352992188094280494116,0.00001956484977516474914249073135923624226954919693847499095,0.3919677762837370206679179978596839810854248092664656645,65,-2.1102
-2.1059027999999995,0.004340605851902891,2.1024812416394494e-05,0.03513880297285392,-0.004955922299385147,-0.030182880673468773,0.0653216836463227,0.38619577705119035,13.835653711229265,2.6334698196918134,0.630585987258745,-0.8991380874261469,1.7343317322656664,0.9292649176582553,-0.0011907052089041087,0.060763866666667166,-2.1059027999999995,0.004340605851902890694595021336759511855700384300618090472,0.00002102481241639449421146978726129043874254776831389682792,0.3861957770511903692579835622151526284116158352599611708,65,-2.1059
-2.1015696666666663,0.004403732019168724,2.242241706086965e-05,0.035481272448832646,-0.00522095236854507,-0.030260320080287572,0.06574159252912022,0.3808755880176058,13.763463463117189,2.625956493315168,0.6241920156841411,-0.8981995152817259,1.7277569780334416,0.9266975552597789,-0.0011963542845921057,0.06509700000000036,-2.1015696666666663,0.00440373201916872402407685353535333156713948416320301036,0.00002242241706086965205235860410765384383583018454287237211,0.380875588017605791594456035893965897587300986417881784,65,-2.1016
-2.097236533333333,0.004464188246824408,2.3763313645168644e-05,0.0358046168990806,-0.005469725522462922,-0.03033489137661768,0.06613950827569828,0.375950267886872,13.696450408531076,2.6188739826276373,0.6182688310390132,-0.8972909888873445,1.7215829937402927,0.9242733982127143,-0.0012017377330359542,0.06943013333333367,-2.097236533333333,0.004464188246824408372980826061991552340821257764141236113,0.00002376331364516864398679253580308433307816932862938935801,0.3759502678868720222719328691309491153237782570553112572,65,-2.0972
-2.0929033999999995,0.004522213282100787,2.505230109857209e-05,0.03611085122707011,-0.005703982852970469,-0.030406868374099647,0.06651771960116976,0.37137300661002753,13.633979943580623,2.612185618296015,0.6127645217014479,-0.8964113631128939,1.715774255183121,0.9219808481453894,-0.0012068794289587384,0.07376326666666716,-2.0929033999999995,0.004522213282100787343723282756217743413484256046643235226,0.00002505230109857209190537415130201073150925866719512525017,0.3713730066100275588568738224074492431765103364449644981,65,-2.0929
-2.0885702666666663,0.00457801159176741,2.629349867507128e-05,0.0364016732216068,-0.005925188442891098,-0.030476484778715698,0.0668781580003225,0.3671048526143051,13.57552690454791,2.60585989597317,0.6076356166553736,-0.895559576474235,1.710300319498935,0.9198098665934124,-0.0012117998190374131,0.07809640000000037,-2.0885702666666663,0.004578011591767410396955100919378468395123208804384848161,0.00002629349867507127816677089746541430055146588681499474136,0.3671048526143051017094869016563579903611014689090379538,65,-2.0886
-2.084237133333333,0.0046317599150797585,2.749047518956682e-05,0.0366785280854457,-0.006134586173814653,-0.03054394191163105,0.06722246999707676,0.3631130444757217,13.52065181441301,2.5998694905662005,0.6028453239744115,-0.8947346398151713,1.7051348507510289,0.9177516893533947,-0.001216516577197527,0.08242953333333367,-2.084237133333333,0.004631759915079758209329384661793678164320438304466520183,0.00002749047518956681872807658553230399355614631661801806357,0.3631130444757216808321264582649700414702293081541679372,65,-2.0842
-2.0799039999999995,0.004683612286738461,2.864634816665879e-05,0.0369426571697801,-0.006333242549122866,-0.03060941462065724,0.06755207179043735,0.35936976362242234,13.468983237539518,2.5941905009024055,0.5983622092847657,-0.8939356270913632,1.7002548738110423,0.9157986050815898,-0.0012210451069091424,0.08676266666666717,-2.0799039999999995,0.004683612286738461630847748289391669556104133333477672734,0.00002864634816665878831741595423672542695480986237772267425,0.3593697636224223476826211441375850514549445503133888993,65,-2.0799
-2.0755708666666663,0.004733703945336547,2.9763861057543984e-05,0.03719513536809254,-0.006522079493248749,-0.03067305587484379,0.06786819124293633,0.35585118653222775,13.420204450493944,2.5888018621322524,0.5941591880486392,-0.8931616677782246,1.6956401943540278,0.91394378128781,-0.0012253989320315625,0.09109580000000037,-2.0755708666666663,0.004733703945336546980062149188059743478355671281055967425,0.00002976386105754398349351157145496442105814460577521461087,0.3558511865322277335281850162095174786788615242343369556,65,-2.0756
-2.071237733333333,0.004782154415626191,3.0845444187915806e-05,0.037436900216908264,-0.0067018998331676285,-0.030735000383740635,0.0681719006006489,0.3525367539825382,13.374043221660951,2.583684882414234,0.5902127459072088,-0.8924119405514622,1.6912729418627719,0.9121811258643155,-0.0012295900050400047,0.09542893333333366,-2.071237733333333,0.004782154415626190751171465597711680502413476487706139318,0.00003084544418791580697582842933295678567196291867081902597,0.352536753982538170458879209637116450854483277680032147,65,-2.0712
-2.0669045999999995,0.004829069968687864,3.189326344732361e-05,0.037668774832071414,-0.0068734073491685385,-0.030795367482902875,0.06846414231497429,0.34940860025207954,13.33026386870633,2.5788228731428684,0.5865023275530372,-0.8916856679776678,1.6871372051652005,0.9105051756475326,-0.001233628953042516,0.09976206666666716,-2.0669045999999995,0.004829069968687864774690664246656553465442420204106191603,0.00003189326344732360757142991563732073633290458488637001371,0.3494086002520795591513105192603051921027097395889461302,65,-2.0669
-2.0625714666666664,0.0048745456070308025,3.290925961087586e-05,0.03789148619488742,-0.007037222735337726,-0.030854263459549693,0.06874574965443711,0.34645110197986945,13.288661010954915,2.5742008505866676,0.5830098520285721,-0.8909821120157617,1.683218738570906,0.9089110058167228,-0.0012375252762900201,0.10409520000000026,-2.0625714666666664,0.004874545607030802463520391509669337711746016265599182051,0.00003290925961087586277612688319255033101931782529371971259,0.3464511019798694480300292551120526061656607120647301609,65,-2.0626
-2.058238333333333,0.004918666682252776,3.3895180410641944e-05,0.03810567988345657,-0.007193896437864034,-0.030911783445592537,0.06901746332904911,0.34365051776317257,13.249054600633531,2.569805292742113,0.5797193241656867,-0.8903005701761365,1.6795047225659765,0.9073941555466691,-0.0012412875099422943,0.10842833333333367,-2.058238333333333,0.004918666682252776677953549326321399529683361899737326787,0.00003389518041064194310595755428430288554945861777157837132,0.3436505177631725715541072447724549330308759537508946337,65,-2.0582
-2.0539051999999995,0.004961510225192173,3.485260693013643e-05,0.03831193205342895,-0.007343919080984622,-0.030968012972444326,0.06927994502587327,0.34099469742126753,13.211285931363605,2.565623939381889,0.576616520046287,-0.8896403722183059,1.6759835671635832,0.9059505664782621,-0.0012449233570831768,0.11276146666666717,-2.0539051999999995,0.004961510225192172914730058029020257451094198884937045209,0.00003485260693013642658052768271960333541834116847224121901,0.3409946974212675108969894147202300319657817550959176727,65,-2.0539
-2.0495720666666664,0.005003146048723882,3.578297550655142e-05,0.038510759266806485,-0.00748773000820072,-0.03102302925860577,0.06953378852541225,0.338472845353503,13.17521440211587,2.5616456262541827,0.5736887301010242,-0.8890008772932643,1.6726447489609186,0.9045765313986002,-0.0012484397990001571,0.11709460000000027,-2.0495720666666664,0.005003146048723881903249274804506815515316829633148000463,0.00003578297550655142194705828026197893817892273454605974154,0.3384728453535030491055345647164529548013683356220690689,65,-2.0496
-2.045238933333333,0.0050436376690127915,3.6687596043523934e-05,0.0387026266199822,-0.007625724335918987,-0.031076902284063217,0.06977952890404542,0.3360753263380754,13.140714871405066,2.557860146547656,0.5709245475566292,-0.8883814714559918,1.6694786750916644,0.9032686511279558,-0.0012518431873097236,0.12142773333333366,-2.045238933333333,0.005043637669012791578261297374956320273336189669853263803,0.00003668759604352393555053531645416123928347480643731117845,0.3360753263380754181932216434464378651261081117979129236,65,-2.0452
-2.0409057999999995,0.005083043080506541,3.756766743006835e-05,0.038887954515009336,-0.007758258821928748,-0.031129695693080592,0.07001765020808993,0.33379350494757787,13.107675477162989,2.5542581343211115,0.5683136929045738,-0.8877815654882819,1.6664765688328294,0.902023798059848,-0.0012551393214566403,0.12576086666666716,-2.0409057999999995,0.005083043080506541534226254574803013778098099750419038671,0.0000375676674300683463076620457552151533064643104622544716,0.3337935049475778767997672046829369393579291441595419032,65,-2.0409
-2.0365726666666664,0.0051214154121167485,3.842429060717519e-05,0.03906712433915448,-0.007885656781441132,-0.03118146755771334,0.07024859189686782,0.3316196118275633,13.075995827343343,2.5508309657746886,0.5658468672352267,-0.8872005929834693,1.6636303727912194,0.9008390851370366,-0.0012583335143320693,0.13009400000000026,-2.0365726666666664,0.005121415412116748371340955995530661637249911026432396057,0.000038424290607175190012553601174113554208872286710443713,0.3316196118275632509205679464800412160099588330320352134,65,-2.0366
-2.032239533333333,0.005158803486146276,3.9258479707585865e-05,0.03924048325897086,-0.008008212231555458,-0.0312322710274154,0.07047275428638626,0.3295466316171256,13.045585488146115,2.547570675125096,0.5635156288926373,-0.8866380086535651,1.660932666471531,0.8997118393013455,-0.0012614306481662963,0.13442713333333367,-2.032239533333333,0.005158803486146275678854802333479568136597273102527046006,0.00003925847970758586823319302761357126111390860686070168382,0.3295466316171256190291334511552760558660421761970063323,65,-2.0322
-2.0279063999999996,0.005195252297041671,4.007117160604226e-05,0.039408348290824735,-0.008126193405999897,-0.03128215488482484,0.07069050317564957,0.32756820843795276,13.016362713028913,2.544469882520375,0.5613122891134755,-0.8860932868263464,1.6583765956940284,0.898639578650496,-0.0012644352224039765,0.13876026666666708,-2.0279063999999996,0.005195252297041670461493342677152756071327762847701600059,0.00004007117160604225778339162058725154198763406196338477559,0.327568208437952740634187683339445314291296606853738895,65,-2.0279
-2.0235732666666664,0.005230803423612316,4.0863234149570106e-05,0.039571009776098495,-0.00823984575233868,-0.031331164023759815,0.07090217379985832,0.3256785657461363,12.988253367938194,2.5415217319461663,0.5592298232294441,-0.8855659201055448,1.6559558118406215,0.8976199926860213,-0.0012673513949260481,0.14309340000000026,-2.0235732666666664,0.005230803423612315899057296307192456778692270262594098763,0.00004086323414957010425938785175865366374467263490446473643,0.3256785657461362787025780312556070567620698051916591686,65,-2.0236
-2.019240133333333,0.005265495385694869,4.163547328485393e-05,0.03972873436340313,-0.008349394501085648,-0.03137933986231748,0.0711080742257206,0.32387243800369486,12.961190017524915,2.5387198374754116,0.5572617947131691,-0.8850554181717795,1.653664419303632,0.8966509251539285,-0.0012701830177161766,0.14742653333333366,-2.019240133333333,0.00526549538569486870461334019865346686965487247860249765,0.00004163547328485393037668327631841977182647786163318303885,0.3238724380036948749996460935482874858628694242807219865,65,-2.0192
-2.0149069999999996,0.005299363954161283,4.238863925872949e-05,0.03988176758007195,-0.008455046878553968,-0.031426720701517974,0.07130848828158992,0.32214501213728186,12.935111144273167,2.5360582365258098,0.5554022898884822,-0.884561306705505,1.6514969298203048,0.8957303590721902,-0.0012729336678615577,0.15175966666666707,-2.0149069999999996,0.005299363954161282854235881281233561905333500630139681894,0.00004238863925872948730521027097508710347884007033301383678,0.3221450121372818827408777147070362284221586651909104755,65,-2.0149
-2.0105738666666664,0.005332442421530642,4.3123432035494816e-05,0.0400303360595365,-0.008556994021529013,-0.03147334203800749,0.07150367809754399,0.3204918771481436,12.909960478017073,2.5335313490352998,0.5536458615470682,-0.8840831264162029,1.649448222619097,0.8948564036123008,-0.0012756066746140995,0.15609280000000025,-2.0105738666666664,0.005332442421530641687755891132852567993706038020586228097,0.00004312343203549481892819030852305903314001239356253688469,0.3204918771481436059673728531057120146055853220251383912,65,-2.0106
-2.006240733333333,0.005364761839145418,4.3840506049083206e-05,0.040174649478848405,-0.008655412641043478,-0.03151923683780493,0.07169388631665333,0.31890898054790695,12.885686417650305,2.5311339416609204,0.5519874800437797,-0.8836204321644596,1.6475135094964608,0.8940272825604806,-0.0012782051431080492,0.16042593333333366,-2.006240733333333,0.005364761839145417658645139485809840683344233726351615114,0.00004384050604908320753905807029314743166890360626496389124,0.3189089805479069352389831726222446447017820622591640958,65,-2.0062
-2.0019075999999996,0.005396351225834578,4.4540474387634796e-05,0.04031490225082879,-0.008750466473972355,-0.031564435776856435,0.07187933802768523,0.31739259053967633,12.862241530236323,2.52886109626223,0.5504224907039945,-0.8831727921655708,1.6456883040966594,0.8932413241309428,-0.0012807319752263038,0.16475906666666706,-2.0019075999999996,0.005396351225834577977318158367894431798811333176020624349,0.00004454047438763479856197381470756404123598519558699537654,0.3173925905396763101925672292414130830316889690007958774,65,-2.0019
-1.9975744666666664,0.00542723775215111,4.522391249150631e-05,0.040451275007517794,-0.008842307554337143,-0.031608967453180654,0.07206024246069845,0.31593926305841136,12.83958211542277,2.526708182055764,0.5489465765841375,-0.8827397872649562,1.6439683947908077,0.8924969519414789,-0.001283189888024162,0.16909220000000028,-1.9975744666666664,0.005427237752151110195210764333502834549844936777351106221,0.000045223912491506311230856626965317006261037555064001919,0.3159392630584113523677484002166594546224262059625488624,65,-1.9976
-1.993241333333333,0.00545744690359594,4.589136143240122e-05,0.04058393590532176,-0.00893107733072738,-0.03165285857459438,0.07223679447991613,0.3145458129400287,12.817667825211892,2.524670830928385,0.5475557257928975,-0.8823210102770508,1.6423498206513343,0.8917926769923648,-0.0012855814300517159,0.17342533333333365,-1.993241333333333,0.005457446903595939512299547653078805855556730431408006005,0.00004589136143240122121910457492951287636949298278471456341,0.3145458129400286888381891079575115191937841924093661343,65,-1.9932
-1.9889081999999996,0.005487002625690359,4.654333083042699e-05,0.040713041777183843,-0.00901690765182093,-0.031696134125362915,0.07240917590254677,0.31320928861371444,12.796461330862167,2.522744915479901,0.5462462027147833,-0.8819160653804816,1.6408288500994197,0.8911270905147293,-0.0012879089958610951,0.17775846666666706,-1.9889081999999996,0.00548700262569035949797052513313090490146182875736961556,0.00004654333083042698574503581605714010827851399826355498605,0.3132092886137144678382625859858834162226157035145600258,65,-1.9889
-1.9845750666666664,0.005515927453309112,4.7180301456981264e-05,0.040838739152980606,-0.009099921638389045,-0.03173881751459156,0.07257755666757217,0.3119269498130905,12.77592803008672,2.520926529432827,0.5450145225863703,-0.8815245675633113,1.639401961869516,0.8904988575751748,-0.001290174838939774,0.18209160000000027,-1.9845750666666664,0.005515927453309111958785327721374616090817693202776022609,0.00004718030145698126303990476084241628838583880657836079468,0.3119269498130904838658654964418379119584551388855912938,65,-1.9846
-1.980241933333333,0.005544242626315954,4.78027275640378e-05,0.04096116516597629,-0.00918023445723572,-0.03178093070874057,0.07274209587471686,0.3106962478841667,12.756035788842466,2.519211970102748,0.5438574289642104,-0.8811461421129475,1.6380658279898006,0.8899067113404976,-0.0012923810832741283,0.18642473333333368,-1.980241933333333,0.005544242626315954023486471788256662202026198231862403553,0.00004780272756403779821930713782572289993606490786226052674,0.3106962478841667167784692364801685399090435268645139561,65,-1.9802
-1.9759087999999996,0.005571968193237399,4.841103897433862e-05,0.04108044836039773,-0.009257954010110247,-0.031822494350287486,0.07290294271068522,0.30951480833530204,12.736754712924233,2.5175977226686603,0.5427718736959807,-0.8807804241460074,1.6368172985226528,0.88934944792051,-0.001294529733716809,0.19075786666666705,-1.9759087999999996,0.005571968193237399637206288054457432996773573583560188306,0.00004841103897433862213987623876545721629128433852184841911,0.3095148083353020183410477977399351485905292083971349434,65,-1.9759
-1.9715756666666664,0.00559912310445601,4.9005642961959684e-05,0.0411967094129061,-0.009333181548643503,-0.0318635278642626,0.0730602372771687,0.3083804153296915,12.718056945332728,2.516080446020834,0.5417549990662367,-0.8804270581740224,1.6356533878468118,0.8888259217187667,-0.0012966226853060728,0.19509100000000026,-1.9715756666666664,0.005599123104456010192162313877836669836142549184272732051,0.00004900564296195968143161652484796773410918436169601216574,0.3083804153296915226802792569626031893316178978509871953,65,-1.9716
-1.967242533333333,0.00562572529619231,4.958692594850793e-05,0.041310061778845525,-0.009406012224710174,-0.031904049554135346,0.07321411133298088,0.30729099786656083,12.69991648600688,2.5146569599955946,0.540804121837605,-0.8800856977013682,1.6345712622942263,0.8883350412308787,-0.0012986617316639716,0.19942413333333367,-1.967242533333333,0.005625725296192309887963577793896901634199427105819403287,0.00004958692594850792714744587938533120057678639701792878155,0.3072909978665608479724153709752651843048171837456635561,65,-1.9672
-1.9629093999999996,0.005651791766366501,5.0155255036679225e-05,0.04142061227256807,-0.009476535584247063,-0.031944076688321006,0.07336468896088907,0.3062446174351186,12.682309031025595,2.5133242338331088,0.5399167189493623,-0.8797560048522461,1.6335682289808626,0.8878757652384032,-0.0013006485725825258,0.20375726666666708,-1.9629093999999996,0.005651791766366501122917959954159868632113585142640095253,0.00005015525503667922714800266912144972106929692827392852304,0.3062446174351185775785647887628854357150186882441940077,65,-1.9629
-1.9585762666666664,0.005677338643281473,5.0710979399936186e-05,0.041528461589813055,-0.009544836011410651,-0.031983625578402404,0.07351208716821546,0.3052394569568642,12.665211828811678,2.5120793757167323,0.5390904146696603,-0.8794376500239082,1.632641725692824,0.887447099353316,-0.0013025848208920246,0.20809040000000026,-1.9585762666666664,0.005677338643281473141045128824908681434427703471269187625,0.00005071097939993618831078346504769907632014884307038105492,0.3052394569568642139157516059625507144636503372631532851,65,-1.9586
-1.954243133333333,0.005702381247942075,5.125443154455299e-05,0.041633704779007547,-0.009610993128994022,-0.032022711650013524,0.07365641642902107,0.304273810858237,12.64860355122759,2.510919623271456,0.5383229690264177,-0.8791303115636477,1.6317893117078086,0.8870480928740099,-0.0013044720086929525,0.21242353333333366,-1.954243133333333,0.005702381247942075492078615761458637041105514017827355735,0.00005125443154455298799651728910105395808606499762996182485,0.3042738108582370394260467017913845214734236284758482226,65,-1.9542
-1.9499099999999996,0.005726934150718367,5.178592845814381e-05,0.04173643166741837,-0.009675082160211852,-0.032061349507206516,0.07379778117462488,0.3033460761377485,12.632464177751965,2.5098423349150885,0.5376122673660976,-0.8788336754673542,1.6310086594477342,0.8866778359188182,-0.0013063115930223156,0.21675666666666707,-1.9499099999999996,0.005726934150718367012979008916175004725021422020117552087,0.00005178592845814380919630422616649164005989664104345750528,0.3033460761377484921687658409966232644544020272894846913,65,-1.9499
-1.9455768666666664,0.005751011222969297,5.2305772656978114e-05,0.04183672724729344,-0.009737174256275953,-0.03209955299101749,0.07393628023831093,0.3024547443104152,12.616774891177503,2.5088449819695047,0.5369563109100224,-0.8785474350976751,1.6302975468718297,0.8863354568073785,-0.001308104961016009,0.22108980000000028,-1.9455768666666664,0.005751011222969297055881425187489387849795468334823613075,0.00005230577265697811462264810295831780640426667188530548421,0.3024547443104151774539659246106496624992099420423803148,65,-1.9456
-1.941243733333333,0.00577462568416529,5.2814253142835456e-05,0.04193467202645649,-0.009797336793601223,-0.032137335232855266,0.07407200725931175,0.3015983941281088,12.601517983483287,2.507925141451013,0.5363532081952016,-0.8782712909200407,1.629653850530972,0.8860201196638359,-0.001309853434621075,0.22542293333333366,-1.941243733333333,0.005774625684165289495031071207768073459951428812204604722,0.00005281425314283545244738409819292726263380029369557979834,0.3015983941281087819095727224860523899828041797623421319,65,-1.9412
-1.9369105999999996,0.005797790144981414,5.331164627882406e-05,0.04203034234724526,-0.009855633643985699,-0.03217470870325956,0.07420505105050482,0.30077568498784857,12.58667677071474,2.5070804894688936,0.5358011673013777,-0.8780049502549961,1.6290755392138976,0.8857310222190687,-0.0013115582749050202,0.22975606666666706,-1.9369105999999996,0.005797790144981413770959237961351352415255823233925074897,0.00005331164627882406345489768278977205428505039484996257568,0.3007756849878485958898960626892366223512903075220005582,65,-1.9369
-1.9325774666666664,0.005820516646775455,5.37982165924459e-05,0.0421238106771929,-0.009912125420684561,-0.03221168525650833,0.07433549593370123,0.29998535095148127,12.57223551585744,2.5063087951698058,0.5352984887785652,-0.8777481270454409,1.628560668124365,0.8854673937918407,-0.0013132206860036236,0.23408920000000027,-1.9325774666666664,0.005820516646775455212155608979247781623714832444796744547,0.00005379821659244590092541198560135760478345994974286286854,0.2999853509514812889753755455394902649537597604306355016,65,-1.9326
-1.928244333333333,0.005842816697815683,5.427421751320483e-05,0.042215145874430794,-0.009966869702934474,-0.032248276171496316,0.07446342204592711,0.29922619530995026,12.558179358821585,2.505607915173167,0.53484355920012,-0.87750054163753,1.6281073735356368,0.8852284934311523,-0.001314841818743712,0.23842233333333368,-1.928244333333333,0.005842816697815683005979435791651776625168029908238276635,0.00005427421751320483215373097520221536258946414551729082451,0.2992261953099502769798380364466385609337226836160913232,65,-1.9282
-1.9239111999999996,0.005864701306580334,5.473989205120268e-05,0.0423044134304292,-0.01001992124117222,-0.032284492189256976,0.07458890561968617,0.29849708563371774,12.544494252765665,2.5049757884490575,0.5344348452756121,-0.8772619205741075,1.62771386787495,0.8850136082041093,-0.0013164227739731087,0.24275546666666706,-1.9239111999999996,0.005864701306580334230753286414567360011485548560293089149,0.00005473989205120267747716821782401422947507033946209514655,0.2984970856337177550636965391388685317920577871661371594,65,-1.9239
-1.9195780666666664,0.0058861810124137695,5.51954734224292e-05,0.04239167569237952,-0.010071332144922306,-0.03232034354745721,0.07471201923983672,0.29779694925808736,12.531166906083621,2.504410431595758,0.5340708884657354,-0.8770319963996608,1.627378435196097,0.884822051615403,-0.0013179646056262503,0.24708860000000027,-1.9195780666666664,0.005886181012413769688584310212073617132520202921115790085,0.00005519547342242919795493470112975631139287523454993243893,0.2977969492580873716081354485042091145071096478933174336,65,-1.9196
-1.915244933333333,0.005907265913791986,5.564118562580869e-05,0.04247699206725174,-0.010121152055095254,-0.03235584001215649,0.07483283207940823,0.29712476915837,12.518184729462389,2.503909934478874,0.5337503000483512,-0.876810507475883,1.627099427002991,0.8846531621460455,-0.0013194683235507364,0.2514217333333337,-1.915244933333333,0.00590726591379198548961098961656978412455808837609199256,0.00005564118562580868648646644775511045234157622387282058949,0.2971247691583699696165288371501557036314419303183370152,65,-1.9152
-1.9109117999999996,0.0059279656944220644,5.607724397650532e-05,0.04256041920932585,-0.010169428302236373,-0.032390990907089474,0.07495141011641533,0.29647958017518733,12.50553578748782,2.5034724561982378,0.5334717565907212,-0.8765971978070133,1.6268752583912245,0.8845063019003611,-0.001320934896117275,0.2557548666666671,-1.9109117999999996,0.005927965694422064057227476978435217439105567719710369126,0.00005607724397650531799163962957890530937018534655166584307,0.2964795801751873385350899858704049703149572040621196497,65,-1.9109
-1.9065786666666664,0.005948289647375621,5.6503855599499986e-05,0.04264201119279232,-0.010216206052089359,-0.03242580514070296,0.07506781633349527,0.2958604655548462,12.49320875433858,2.5030962213524446,0.5332339957881409,-0.8763918168742111,1.6267044044782335,0.8843808553514118,-0.0013223652526330276,0.26008800000000026,-1.9065786666666664,0.005948289647375621239164125854400928329850880992284564808,0.00005650385559949998614651194032548495691273495545026838284,0.2958604655548461618428432630213375275873900622954163573,65,-1.9066
-1.902245533333333,0.005968246697434775,5.692121988702143e-05,0.0427218196708387,-0.010261528439686142,-0.03246029123115256,0.07518211090199126,0.29526655377374433,12.481192873161053,2.5027795165741376,0.5330358126336868,-0.8761941194782825,1.626585397095855,0.8842762281760823,-0.0013237602855762063,0.26442113333333367,-1.902245533333333,0.005968246697434774427093396321954003885619754118897620913,0.00005692121988702143039418980528138564988689868078207733069,0.2952665537737443503179804056107304301439084344054206152,65,-1.9022
-1.8979123999999996,0.00598784542181028,5.73295289230374e-05,0.042799894022484,-0.01030543669304075,-0.03249445732944325,0.07529435135192725,0.29469701561928047,12.46947791876476,2.5025206873119745,0.5328760558877087,-0.876003865590144,1.6265168217218307,0.8841918461719589,-0.0013251208526678863,0.2687542666666671,-1.8979123999999996,0.005987845421810279662976218159890226666801507899119802579,0.00005732952892303740371080663574056593615698512730416553526,0.2946970156192804944840976847992348924291746611637130142,65,-1.8979
-1.8935792666666664,0.006007094069374901,5.7728967877680224e-05,0.04287628148828634,-0.010347970247408179,-0.032528311240878155,0.07540459272916449,0.294151061502799,12.458054163318238,2.50231813483772,0.5327536248191312,-0.8758208202084623,1.6264973146292574,0.8841271542489456,-0.0013264477787953443,0.27308740000000026,-1.8935792666666664,0.006007094069374900918337714111720874394030744268200878449,0.00005772896787768022478366509089622216418667537998367577041,0.294151061502799028140753727400491383852442603581269974,65,-1.8936
-1.889246133333333,0.006026000578540403,5.811971537418771e-05,0.04295102729592987,-0.010389166850966535,-0.03256186044496333,0.0755128877408932,0.29362793898278383,12.446912344760776,2.5021703134590996,0.5326674661936325,-0.8756447532239595,1.6265255602351398,0.8840816154892717,-0.001327741857799757,0.27742053333333366,-1.889246133333333,0.006026000578540403571907741376946351766183074498250349103,0.00005811971537418770554288934368221304219428986400592839299,0.2936279389827838535302737871720942545248450014562859,65,-1.8892
-1.8849129999999996,0.006044572593893625,5.850194383068163e-05,0.04302417477659163,-0.010429062662690508,-0.03259511211390112,0.07561928689049276,0.29312693047886235,12.43604363767636,2.502075727921011,0.5326165714864118,-0.8754754392899168,1.6266002886310942,0.8840547102701753,-0.0013290038541398073,0.28175366666666707,-1.8849129999999996,0.006044572593893624746994694423891955287834681368885113456,0.00005850194383068162904798986478640112742309736885132600477,0.2931269304788623426982108851008993627184891869028246604,65,-1.8849
-1.8805798666666664,0.00606281748169564,5.8875819778877154e-05,0.04309576547289644,-0.010467692343104787,-0.03262807312979166,0.0757238386026881,0.2926473511592452,12.425439626403342,2.5020329309793974,0.5325999742995815,-0.8753126576984517,1.6267202732809456,0.8840459354441081,-0.0013302345044416037,0.28608680000000025,-1.8805798666666664,0.006062817481695639502287179797341562539232313464163610991,0.00005887581977887715719628701047385193477017827795345175438,0.2926473511592451659135924618835295500084176492775793195,65,-1.8806
-1.876246733333333,0.0060807423443378535,5.924150416161255e-05,0.04316583923918582,-0.010505089138535808,-0.03266075010065001,0.07582658933983583,0.29218854698604557,12.41509228017733,2.5020405211336274,0.532616747966268,-0.8751561922621787,1.626884328871449,0.8840548035717994,-0.001331434518944286,0.29041993333333366,-1.876246733333333,0.006080742344337853638277622334041633609281455949982846545,0.00005924150416161254530640012183906176151443081627048141128,0.292188546986045566935944383574629536544808780795240936,65,-1.8762
-1.8719135999999996,0.006098354033839821,5.959915261090762e-05,0.043234434334754476,-0.010541284959418046,-0.03269314937533643,0.07592758371009091,0.2917498929045251,12.404993930125777,2.5020971405045853,0.532666003325323,-0.8750058312008957,1.6270913093036898,0.8840808422039655,-0.0013326045828498101,0.29475306666666706,-1.8719135999999996,0.006098354033839821342372183120469718624080294992747266038,0.00005959915261090761757323202029511266653263511729475773738,0.291749892904525060014485491955393572164867238982022717,65,-1.8719
-1.8675804666666664,0.006115659164465564,5.994891570809871e-05,0.04330158751064361,-0.010576310453156143,-0.03272527705748747,0.07602686456813108,0.2913307911637293,12.395137247951444,2.50220147284688,0.5327468866521489,-0.8748613670329705,1.6273401058139096,0.8841235932078388,-0.0013337453575845782,0.29908620000000025,-1.8675804666666664,0.006115659164465564425385832069013423435496074595282105343,0.00005994891570809871392748457321697489865832393524409296217,0.2913307911637292851856593655835706292908655071838866429,65,-1.8676
-1.863247333333333,0.006132664124527972,6.029093922745348e-05,0.043367334090522985,-0.010610195071995157,-0.03275713901852783,0.07612447310905081,0.2909306697572336,12.385515226158295,2.5023522416846693,0.5328585777325654,-0.874722596471124,1.627629645213545,0.8841826121350489,-0.0013348574819798788,0.30341933333333365,-1.863247333333333,0.006132664124527971568953941655485088541018274401312116497,0.00006029093922745348337168504130211724913668049595812164971,0.2909306697572335681649647569972052737838628038378308388,65,-1.8632
-1.8589141999999996,0.006149375087444445,6.062536436454032e-05,0.04343170804614294,-0.010642967136307793,-0.03278874090983515,0.0762204489559781,0.2905489809738313,12.376121159688,2.5025482085615547,0.5330002880679159,-0.8745893203223372,1.6279588882392175,0.8842574676276986,-0.0013359415733774525,0.30775246666666706,-1.8589141999999996,0.006149375087444445488984279810491327925091050522387353737,0.00006062536436454031631675488097537862995209208505737917512,0.2905489809738312840262410868932923444302517982621961355,65,-1.8589
-1.8545810666666664,0.006165798022101248,6.095232795051247e-05,0.04349474206779216,-0.010674653893668678,-0.03282008817412348,0.07631483024191563,0.2901852000489874,12.366948628848156,2.5027881713958755,0.5331712592007313,-0.874461343391623,1.6283268280042529,0.8843477408597644,-0.0013369982286659252,0.31208560000000024,-1.8545810666666664,0.00616579802210124842164960925279069425312960975709136927,0.00006095232795051246876028415159781908541078075518419173879,0.2901852000489873834501448213262789438387997138118193916,65,-1.8546
-1.850247933333333,0.00618193870257883,6.12719626533632e-05,0.043556467630156345,-0.010705281574051198,-0.032851186056105146,0.0764076536862615,0.28983882390876115,12.357991483424902,2.5030709629334953,0.5333707611512828,-0.8743384743894332,1.6287324885440622,0.8844530250112025,-0.0013380280252533422,0.31641873333333365,-1.850247933333333,0.006181938702578829590762402633589195007863120087656048714,0.00006127196265336318965767599032765442634835260642216259506,0.2898388239087611661581613488662562393887515206398145812,65,-1.8502
-1.8459147999999996,0.0061978027172858,6.158439716711538e-05,0.043616915053936965,-0.010734875441451384,-0.03288203961248558,0.07649895466642254,0.28950936999868815,12.349243827882756,2.5033954492908768,0.5335980909562478,-0.8742205258424807,1.629174923448396,0.8845729247723692,-0.0013390315219805643,0.32075186666666705,-1.8459147999999996,0.006197802717285799516413679101476517121667363013818221668,0.00006158439716711538972525481361431382464143677123487054827,0.2895093699986881507626269827515999792470920555788610698,65,-1.8459
-1.8415816666666665,0.006213395477545081,6.188975638982629e-05,0.04367611356355637,-0.01076345984221574,-0.032912653721340626,0.076588767284897,0.28919637519081237,12.340700007563791,2.503760528581869,0.5338525713015179,-0.8741073140077774,1.6296532145740918,0.884707055876573,-0.0013400092599798838,0.3250850000000002,-1.8415816666666665,0.00621339547754508118651312927789573466928878442925336615,0.00006188975638982628824059944704733959365650382576093419702,0.2891963751908123833107244434688860128368123283232554216,65,-1.8416
-1.837248533333333,0.006228722225672008,6.218816159121188e-05,0.04373409134124685,-0.010791058250324958,-0.03294303309092189,0.07667712443216874,0.2888993947626889,12.332354595806327,2.504165129622192,0.534133549241902,-0.8739986587897056,1.6301664708324863,0.8848550446587581,-0.0013409617634828344,0.32941813333333364,-1.837248533333333,0.006228722225672008307553186958870750477195777527343867366,0.0000621881615912118802895688261253097485245841935107511963,0.2888993947626888993717711601617829184949480523523226988,65,-1.8372
-1.8329153999999996,0.006243788042580757,6.247973057062801e-05,0.04379087557779464,-0.010817693309863189,-0.032973182267931445,0.07676405784572608,0.28861800144273886,12.324202381910737,2.504608210706106,0.5344403950011182,-0.8738943836599485,1.6307138270461574,0.8850165276384871,-0.001341889540580833,0.33375126666666705,-1.8329153999999996,0.006243788042580756704413160642930334556354738784443061113,0.00006247973057062800451141673373427058091754434074285881632,0.288618001442738844314210307129001222789983389955062202,65,-1.8329
-1.8285822666666665,0.006258597854952485,6.27645778060842e-05,0.0438464925201865,-0.010843386874882465,-0.03300310564530403,0.07684959816549053,0.2883517845168439,12.316238359886446,2.505088758450232,0.5347725008460552,-0.8737943155801245,1.6312944428701077,0.8851911511255444,-0.0013427930839419963,0.3380844000000002,-1.8285822666666665,0.006258597854952485214641692815442163690385139065184218601,0.00006276457780608419709909064127246541489313274174461342329,0.2883517845168438778695615350946552430219236216640806489,65,-1.8286
-1.824249133333333,0.006273156441995763,6.304281459491017e-05,0.04390096751638528,-0.010868160046853747,-0.03303280746953153,0.0769337749859168,0.28810034899152104,12.308457717920186,2.505605786699883,0.5351292800298045,-0.8736982849269753,1.6319075017729079,0.8853785708466136,-0.0013436728714871808,0.3424175333333337,-1.824249133333333,0.006273156441995763147277836798926475226066421725483309312,0.00006304281459491017785242354001078909007660656052595637728,0.2881003489915210405887478324642699326092128016152109807,65,-1.8242
-1.8199159999999996,0.006287468441827375,6.331454918664474e-05,0.0439543250574414,-0.010892033209879722,-0.03306229184756168,0.07701661690500308,0.2878633148094273,12.30085582851079,2.5061583354936547,0.5355101657984351,-0.8736061254199743,1.6325522100736805,0.8855784515916152,-0.0013445293670280647,0.34675066666666704,-1.8199159999999996,0.006287468441827375459074030421153288796237272898800377718,0.00006331454918664474039097440370920129046942000899184700476,0.2878633148094272637232057598567225163483520872215272459,65,-1.8199
-1.8155828666666665,0.006301538357499359,6.357988690867169e-05,0.044006588817130265,-0.01091502606382984,-0.03309156275330043,0.07709815157043069,0.28764031611331015,12.29342823922061,2.506745470082372,0.5359146104569128,-0.8735176740512267,1.6332277960311452,0.8857904668783928,-0.0013453630208698523,0.35108380000000017,-1.8155828666666665,0.00630153835749935894204324405648964410790000993633603581,0.0000635798869086716879538533929693171778335199675627064249,0.2876403161133101714212820807540803008720736978074044202,65,-1.8156
-1.811249733333333,0.006315370562696029,6.383893028508529e-05,0.044057781689289525,-0.010937157655544616,-0.03312062403374491,0.07717840572303444,0.2874310005548545,12.286170663997993,2.50736627999878,0.5363420844899468,-0.8734327710175442,1.6339335089812357,0.8860142986345493,-0.0013461742703809749,0.3554169333333337,-1.811249733333333,0.006315370562696029316615399287148526393294458792161489355,0.00006383893028508528129089650957678980153473302032722409294,0.2874310005548544739949335150338056051251266725822914425,65,-1.8112
-1.8069165999999997,0.006328969307122899,6.409177914923015e-05,0.04410792582301618,-0.010958446408244178,-0.033149479414772004,0.07725740523778818,0.287235028645173,12.279078975029027,2.508019878174668,0.5367920757338962,-0.8733512596545844,1.6346686185200838,0.8862496368953205,-0.0013469635405319836,0.359750066666667,-1.8069165999999997,0.006328969307122899674196333113422289365008248656956621954,0.00006409177914923015525481358947282009003173400558157100165,0.2872350286451729676727646733148033953446727594593401173,65,-1.8069
-1.8025834666666665,0.006342338721607717,6.433853075032683e-05,0.044157042655870456,-0.010978910149265175,-0.03317813250660528,0.07733517516247573,0.2870520731439621,12.272149195080395,2.5087054001023636,0.5372640885961872,-0.8732729863729524,1.6354324137294114,0.8864961795164618,-0.0013477312444056535,0.36408320000000016,-1.8025834666666665,0.006342338721607716960280045603655255830764012375561285217,0.00006433853075032683776839524702348803993231664566059380012,0.2870520731439620998292141146099421090651463552876066921,65,-1.8026
-1.798250333333333,0.006355482822932248,6.457927985456187e-05,0.04420515294522171,-0.01099856613624007,-0.03320658680898164,0.07741173975420336,0.28688181848458855,12.26537749029828,2.509422003037765,0.5377576433189737,-0.8731978005961702,1.6362242024415945,0.886753631901201,-0.001348477783680161,0.3684163333333337,-1.798250333333333,0.006355482822932248504074992563009650990748411967395804253,0.00006457927985456186700863237343764846105585087990322394666,0.2868818184845885223867030653439754757169608840660057429,65,-1.7983
-1.7939171999999997,0.006368405518412063,6.481411884099344e-05,0.04425227679786097,-0.011017431081823908,-0.03323484571603706,0.07748712251389804,0.2867239602325955,12.258760163431145,2.510168865242304,0.5382722752840379,-0.8731255547004239,1.6370433105418802,0.8870217067403823,-0.0013492035490870631,0.372749466666667,-1.7939171999999997,0.00636840551841206273260378904536768668042584251447243231,0.00006481411884099343370580657311493220919901834679779096149,0.2867239602325955022372086340521590663717363366355023806,65,-1.7939
-1.7895840666666665,0.006381110610240261,6.504313779259743e-05,0.04429843369799498,-0.011035521177065378,-0.0332629125209296,0.07756134621892458,0.2865782045753204,12.252293647446876,2.5109451852614213,0.5388075343561649,-0.8730561039560057,1.6378890813054154,0.8873001237649863,-0.0013499089208456698,0.37708260000000016,-1.7895840666666665,0.006381110610240260701602020734845424996882560310658781272,0.00006504313779259743794799946431491539824120549564393471375,0.2865782045753204071756256761280678857784438672135408928,65,-1.7896
-1.785250933333333,0.006393601799609909,6.526642458275452e-05,0.0443436425337278,-0.011052852113511497,-0.03329079042021631,0.07763443295394411,0.28644426784049876,12.245974499517091,2.5117501812373044,0.5393629842624366,-0.8729893064703742,1.6387608747669304,0.8875886095102797,-0.001350594269075288,0.3814157333333337,-1.785250933333333,0.006393601799609909149989630393702655579060921273391750665,0.00006526642458275451276489922765830378044361695980039126891,0.2864442678404987504031359407758176409914729425674901198,65,-1.7853
-1.7809177999999997,0.006405882690628861,6.5484064957457e-05,0.044387921622128,-0.0110694391041284,-0.0333184825179996,0.0777064041401276,0.2863218760418974,12.239799395343598,2.5125830902538273,0.5399382020050902,-0.8729250231327575,1.6396580671210697,0.8878868970908912,-0.0013512599541867028,0.38574886666666697,-1.7809177999999997,0.006405882690628861119243964241722370884194543952294548694,0.00006548406495745700202711867631940628543966453857613022554,0.2863218760418974273157966162855352868979129504385107597,65,-1.7809
-1.7765846666666665,0.006417956794039666,6.569614261349494e-05,0.044431288732971905,-0.011085296903114505,-0.0333459918298574,0.07777728056282932,0.28621076445017224,12.233765123803973,2.5134431677117495,0.5405327773057671,-0.872863117560235,1.6405800501515142,0.8881947259861703,-0.001351906327254169,0.39008200000000015,-1.7765846666666665,0.006417956794039666154613134117840583474842969951960109485,0.00006569614261349494192254316678920939881871253360994934131,0.2862107644501722315904759565614218397852607402247711832,65,-1.7766
-1.772251533333333,0.00642982753075634,6.590273927286126e-05,0.04447376111124689,-0.01110043982467655,-0.033373321286570334,0.07784708239781722,0.28611067718728406,12.22786858189496,2.5143296867323977,0.541146312079137,-0.8728034560452295,1.6415262306871683,0.8885118418352246,-0.0013525337303690885,0.39441513333333367,-1.772251533333333,0.006429827530756339676042900083919564606336349616209017067,0.00006590273927286127060486283769437828632927269833220531539,0.2861106771872840620924905860692406112704217086755551415,65,-1.7723
-1.7679183999999997,0.006441498235228943,6.610393475359988e-05,0.04451535549849227,-0.011114881760833868,-0.0334004737376584,0.07791582923615066,0.286021366842935,12.222106769954097,2.5152419375881614,0.5417784199340366,-0.872745907504353,1.6424960300838083,0.8888379962410765,-0.0013531424969764672,0.39874826666666696,-1.7679183999999997,0.006441498235228942583452057395942401711905279827003481373,0.00006610393475359987587772859808749445151096161924933588695,0.2860213668429349989737640784371397607628335395515081943,65,-1.7679
-1.7635852666666665,0.006452972158646162,6.629980703730466e-05,0.04455608815304996,-0.011128636198311398,-0.03342745195473856,0.07798354010778852,0.28594259411160144,12.216476787141408,2.516179227158252,0.5424287257003979,-0.872690343428549,1.6434888837297028,0.8891729465834182,-0.001353732952195174,0.40308140000000015,-1.7635852666666665,0.006452972158646161815801526847311352228610973781009592137,0.00006629980703730465510036123658117551010581766324368913878,0.2859425941116014298049330214251949844213121406931455707,65,-1.7636
-1.759252133333333,0.006464252471985355,6.649043233346307e-05,0.044595974869291614,-0.011141716234577591,-0.033454258634714025,0.07805023350400564,0.2858741274488477,12.210975827164404,2.517140878408295,0.5430968649803639,-0.8726366378344772,1.6445042405738175,0.8895164558394792,-0.0013543054131229441,0.40741453333333366,-1.759252133333333,0.006464252471985354750467918111923207984306605074196561445,0.00006649043233346306707351731985631200348752308569941312122,0.2858741274488477339807823612102626348702635322302885907,65,-1.7593
-1.7549189999999997,0.006475342268918886,6.667588514082475e-05,0.04463503099588432,-0.011154134593079339,-0.03348089640280498,0.0781159273986893,0.2858157427457011,12.205601174230841,2.5181262298924025,0.5437824837221116,-0.8725846672170927,1.6455415626753098,0.8898682924125539,-0.0013548601891270147,0.41174766666666696,-1.7549189999999997,0.006475342268918885941934530361004947444896233458881997105,0.00006667588514082474727415383727746188229116713038043098829,0.2858157427457010695472543528742874072007516940079764063,65,-1.7549
-1.7505858666666665,0.006486244568584992,6.68562383059637e-05,0.044673271453152634,-0.01116590363772235,-0.03350736781543028,0.07818063926858292,0.2857672230199569,12.200350199214876,2.5191346352764827,0.5444852378150001,-0.8725343105033708,1.6466003247731118,0.8902282299677667,-0.0013553975821212088,0.41608080000000014,-1.7505858666666665,0.006486244568584992316363740299096474425973312043338358952,0.00006685623830596370674894154794213293578228929500964146492,0.285767223019956876878275221721219278903906032448560795,65,-1.7506
-1.746252733333333,0.0064969623182308395,6.703156307919106e-05,0.044710710749590536,-0.011177035386642001,-0.03353367536294853,0.07824438611253907,0.28572835812336655,12.195220356023274,2.520165462881612,0.5452047927047649,-0.8724854490071356,1.6476800138744767,0.89059604727468,-0.0013559178868302435,0.42041393333333366,-1.746252733333333,0.0064969623182308395261769183216142193297569970568240678,0.00006703156307919106335343411686065444308540942057758286746,0.2857283581233665633246324063090865688563227380267961398,65,-1.7463
-1.7419195999999997,0.006507498395734937,6.720192916796515e-05,0.044747362997573314,-0.011187541525306561,-0.03355982147226675,0.07830718446984006,0.2856989444637338,12.190209178149276,2.5212180952463856,0.545940823027565,-0.8724379663849483,1.6487801288614374,0.8909715280563768,-0.0013564213910419694,0.42474706666666695,-1.7419195999999997,0.006507498395734936831294014098032749965750128617916169194,0.00006720192916796514675417380775081500797240790387027103118,0.2856989444637337610872813904404045970219980799873756755,65,-1.7419
-1.7375864666666665,0.006517855612015613,6.736740478793633e-05,0.04478324192831586,-0.01119743341899181,-0.03358580850932405,0.07836905043763992,0.28567878474101455,12.185314275402668,2.5222919287072187,0.5466930122617762,-0.872391748593018,1.6499001801142008,0.8913544608446731,-0.0013569083758482195,0.4290802000000002,-1.7375864666666665,0.006517855612015612793550933422828547186749403744130270672,0.00006736740478793633544098116704730105238989135005862716116,0.2856787847410145256983050087244508647705854107734530378,65,-1.7376
-1.733253333333333,0.006528036713331798,6.75280567117548e-05,0.044818360906120874,-0.011206722124663428,-0.03361163878145745,0.07842999968757833,0.28566768769658035,12.180533330805334,2.5233863729956543,0.5474610523964941,-0.8723466838450962,1.651039689150558,0.8917446388411379,-0.0013573791158748869,0.43341333333333365,-1.733253333333333,0.006528036713331798320807746056107275702387429718730412219,0.00006752805671175479630098357083732459891058470498037502135,0.2856676876965803569421283392192810049088201385720661235,65,-1.7333
-1.7289201999999997,0.006538044383481974,6.768395031576133e-05,0.04485273294195732,-0.011215418402301048,-0.033637314539656266,0.07849004748161359,0.28566546787486125,12.175864097642386,2.524500850851777,0.548244643615785,-0.8723026625713212,1.6521981882804553,0.8921418597836169,-0.0013578338795018196,0.43774646666666694,-1.7289201999999997,0.006538044383481974185698718197503971685648407665960614536,0.00006768395031576132541850609177814723393759463080468697923,0.2856654678748612589029983350913974474064631785179599365,65,-1.7289
-1.7245870666666665,0.0065478812459067726,6.783514962467397e-05,0.04488637070640706,-0.011223532725695639,-0.03366283798071142,0.07854920868711848,0.2856719453966399,12.17130439665961,2.525634797652899,0.5490434939977864,-0.8722595773779784,1.6533752202749206,0.8925459258179803,-0.0013582729290730808,0.4420796000000002,-1.7245870666666665,0.006547881245906772390060487251051389293390966208720732594,0.00006783514962467397073211396714323602200259290662059439438,0.2856719453966398990753744638721645193699856272862367191,65,-1.7246
-1.720253933333333,0.006557549865700355,6.798171735437577e-05,0.044919286542014956,-0.011231075292749776,-0.03368821124926518,0.07860749779128014,0.2856869457433176,12.166852113398624,2.5267876610567415,0.5498573192278172,-0.8722173230081454,1.654570338048596,0.892956643374824,-0.0013586965210980867,0.44641273333333364,-1.720253933333333,0.006557549865700355458513710286233793185517753402452415268,0.00006798171735437576603154475058946958263017028773899103938,0.2856869457433175806991015869994408255120051929088990472,65,-1.7203
-1.7159207999999997,0.00656705275153539,6.812371495290257e-05,0.04495149247507537,-0.011238056035308431,-0.03371343643976694,0.07866492891484231,0.2857102995515185,12.162505195661723,2.5279589006583616,0.5506858423247126,-0.8721757963031916,1.6557831043551698,0.8933738230508811,-0.001359104906444104,0.450745866666667,-1.7159207999999997,0.006567052751535389685742846648717652587608479726836175871,0.00006812371495290257489061482750729808931225086405084206336,0.2857102995515185138435630780414982749503598297768918147,65,-1.7159
-1.7115876666666665,0.006576392357506135,6.826120263972404e-05,0.044983000226886054,-0.01124448462854611,-0.033738515598339944,0.07872151582522599,0.2857418424174412,12.15826165109891,2.5291479876601497,0.5515287933796541,-0.8721348961651056,1.6570130914950438,0.8937972794949037,-0.001359498330520559,0.4550790000000002,-1.7115876666666665,0.006576392357506135623566005948321049420775478990172260255,0.00006826120263972404114979529618173587544440615708813983106,0.2857418424174412211462889784395820477591955442404208222,65,-1.7116
-1.707254533333333,0.006585571084893884,6.839423944340472e-05,0.04501382122449833,-0.011250370499934525,-0.033763450724563805,0.07877727194906214,0.285781414710405,12.154119544910138,2.530354404554242,0.5523859093068048,-0.8720945235196205,1.6582598810346216,0.8942268312977999,-0.0013598770334555803,0.4594121333333337,-1.707254533333333,0.006585571084893883950903043250191972514994982227317176119,0.00006839423944340471859708032933691568101059879088178421771,0.2857814147104050003483632007077010677481393018146885165,65,-1.7073
-1.7029213999999997,0.00659459128385872,6.852288323772739e-05,0.045043966610990624,-0.011255722837813445,-0.03378824377317718,0.07883221038416781,0.2858288613950756,12.15007699765624,2.531577644816741,0.5532569336051115,-0.8720545812801154,1.6595230635366254,0.8946623008868163,-0.001360241250265177,0.463745266666667,-1.7029213999999997,0.006594591283858719767088628801036518693515249239803584237,0.00006852288323772739213085592229788181893533726980551254676,0.2858288613950755466053186762040891659316867355001894622,65,-1.7029
-1.6985882666666665,0.006603455255061364,6.864719077635578e-05,0.04507344725529072,-0.01126055059958594,-0.033812896655704784,0.07888634391099551,0.2858840318618874,12.146132183172437,2.5328172126131667,0.5541416161306713,-0.872014974312266,1.6608022383009007,0.8951035144235723,-0.0013605912110154204,0.46807840000000017,-1.6985882666666665,0.006603455255061363871307459019798915468786453510550909136,0.0000686471907763557791567924405197877752459772395523913639,0.2858840318618873881629483382836771784624100100440861922,65,-1.6986
-1.694255133333333,0.0066121652512185995,6.8767217726109e-05,0.04510227376157068,-0.011264862519557906,-0.03383741124201277,0.07893968500358345,0.28594677976521177,12.142283326578706,2.5340726225146115,0.5550397128790979,-0.8719756093994226,1.6620970131151889,0.8955503017057637,-0.0013609271409779893,0.4724115333333337,-1.694255133333333,0.006612165251218599280140339659304976886485106270296202581,0.00006876721772610899430541425624252379601518416302817505892,0.2859467797652117516675283322130008472071288144752434662,65,-1.6943
-1.6899219999999997,0.006620723478595595,6.88830186989161e-05,0.04513045647823658,-0.011268667116440562,-0.03386178936179602,0.0789922458400326,0.28601696286884726,12.138528702381716,2.5353433992240757,0.5559509857773614,-0.871936395208693,1.6634070040153826,0.8960024960723619,-0.0013612492607794008,0.476744666666667,-1.6899219999999997,0.006620723478595595198580561379016261312581055827056636056,0.00006888301869891609070840627504109325909338663218825014412,0.2860169628688472766926795379459980874720480246402451108,65,-1.6899
-1.6855888666666665,0.006629132098438252,6.899464728251509e-05,0.04515800550653432,-0.01127197270053339,-0.033886032806000936,0.07904403831253526,0.2860944428984378,12.134866632663275,2.5366290773125173,0.5568752024846038,-0.8718972422577095,1.6647318350548077,0.8964599343121471,-0.0013615577865442445,0.48107780000000017,-1.6855888666666665,0.006629132098438251754533168429669954820175788200422815664,0.00006899464728251509006064170078022871637724403330821672638,0.2860944428984377605481516688187779066899270640395066755,65,-1.6856
-1.6812557333333331,0.006637393228348491,6.910215606995698e-05,0.04518493070879094,-0.01127478738060404,-0.033910143328186905,0.07909507403697785,0.2861790854004458,12.13129548535065,2.5379292009641623,0.5578121362014654,-0.8718580628820604,1.6660711380821018,0.8969224565754214,-0.0013618529300327127,0.48541093333333357,-1.6812557333333331,0.006637393228348491502096242872650384948873167807762963796,0.00006910215606995698886007296208259089209095331872490826335,0.2861790854004457822628450191329624496666760325347465655,65,-1.6813
-1.6769225999999997,0.006645508943605267,6.920559668797195e-05,0.045211241716310226,-0.01127711907048061,-0.033934122645829616,0.07914536436213984,0.28627075960733417,12.127813672564344,2.5392433237306467,0.5587615654874837,-0.8718187712033668,1.6674245525272797,0.8973899062887569,-0.001362134898772701,0.489744066666667,-1.6769225999999997,0.006645508943605267667602745268220181754426319035948609679,0.00006920559668797195502894078189163579971086018938602941248,0.2862707596073341579395503770544793444712581124384628892,65,-1.6769
-1.6725894666666665,0.006653481278433901,6.930501982425168e-05,0.045236947936939914,-0.01127897549537089,-0.03395797244156902,0.07919492037850893,0.2863693383086286,12.124419649039222,2.5405710082935937,0.5597232740861547,-0.8717792830979861,1.6687917251956077,0.8978621300726436,-0.0013624038961867412,0.49407720000000016,-1.6725894666666665,0.006653481278433900802903170016325299650513915361020807222,0.00006930501982425168692091736029777420345668038398460885133,0.2863693383086286086570721440491073205794617550723212611,65,-1.6726
-1.6682563333333331,0.006661312227226203,6.940047525369883e-05,0.04526205856232699,-0.011280364197922235,-0.033981694364404756,0.07924375292673175,0.2864746977275549,12.121111910615113,2.5419118262352463,0.5606970507572687,-0.8717395161663248,1.6701723100689214,0.898338977661906,-0.0013626601217140146,0.49841033333333357,-1.6682563333333331,0.006661312227226203078111769036054862978243324981766299887,0.00006940047525369882145351357049579360998777436332718004431,0.2864746977275548929697838222628439429712714070635248474,65,-1.6683
-1.6639231999999997,0.00666900374571371,6.949201186369144e-05,0.04528658257487648,-0.011281292544034947,-0.03400529003084153,0.07929187260571802,0.28658671740296215,12.117888992793263,2.5432653578167925,0.5616826891161557,-0.8716993897027453,1.6715659681140473,0.8988203018287667,-0.001362903770927675,0.5027434666666669,-1.6639231999999997,0.00666900374571371049372732569594612454187726756674569304,0.00006949201186369144575890978477385417821075366270813262598,0.2865867174029621613963553539469516864051454192221632339,65,-1.6639
-1.6595900666666665,0.006676557752096224,6.957967767840824e-05,0.045310528754428356,-0.01128176772844134,-0.034028761025987016,0.07933928978041536,0.28670528007626167,12.114749469355237,2.544631191764053,0.5626799874794994,-0.8716588246660485,1.6729723670980046,0.8993059583084442,-0.0013631350356477021,0.5070766000000002,-1.6595900666666665,0.006676557752096224278796587510744384553703027281301147886,0.00006957967767840824500584561362425006618967373336474526882,0.286705280076261692809702840893160355521498512716220198,65,-1.6596
-1.655256933333333,0.006683976128127732,6.966351988225721e-05,0.04533390568466625,-0.01128179678006187,-0.03405210890460438,0.07938601458927062,0.2868302715831262,12.11169195104103,2.546008925060203,0.5636887487173957,-0.8716177436505191,1.674391181409684,0.8997958057271707,-0.001363354104049495,0.5114097333333336,-1.655256933333333,0.00668397612812773204585949123074086722184041869375650738,0.00006966351988225721598032137222744606624983501356502152187,0.2868302715831261570676456794695568191156520567806185006,65,-1.6553
-1.6509237999999997,0.006691260720161666,6.974358484244856e-05,0.04535672175927097,-0.011281386567149176,-0.034075335192121796,0.07943205695139277,0.2869615807497095,12.108715084283405,2.547398162745231,0.5647087801113502,-0.871576070857518,1.6758220918877131,0.9002897055325308,-0.0013635611607683968,0.515742866666667,-1.6509237999999997,0.00669126072016166521259257931968398937659711700882667431,0.00006974358484244855205674327374352244832143443841140239821,0.2869615807497095155752642668089654487668251902832166882,65,-1.6509
-1.6465906666666665,0.006698413340157357,6.981991813075029e-05,0.045378985187831025,-0.011280543802230158,-0.034098441385600864,0.07947742657343189,0.2870990992931619,12.105817549995617,2.548798517721844,0.5657398932179288,-0.871533732067607,1.677264785654237,0.9007875219260223,-0.0013637563870003407,0.5200760000000002,-1.6465906666666665,0.006698413340157357130037862187286131109836138559824839079,0.00006981991813075028565083663301323171806349169920465494465,0.2870990992931619193111366217632885290922512635904837959,65,-1.6466
-1.642257533333333,0.006705435766649448,6.989256454446302e-05,0.04540070400152168,-0.011279275046855736,-0.03412142895466594,0.07952213295618761,0.2872427217262267,12.102998062409808,2.550209610567549,0.5667819037377908,-0.8714906546131943,1.6787189559543547,0.9012891217977432,-0.0013639399605987906,0.5244091333333337,-1.642257533333333,0.006705435766649447959335904452647456113058014887231954178,0.00006989256454446301332830445943315247906904611940030551617,0.2872427217262267423804498809666607635781498994275675254,65,-1.6423
-1.6379243999999997,0.0067123297456819,6.996156812664824e-05,0.04542188605856347,-0.011277586716167326,-0.03414429934239614,0.07956618540095961,0.2873923452657193,12.100255367963616,2.551631069352652,0.5678346313898455,-0.8714467673516858,1.6801843020009661,0.901794374663121,-0.0013641120561681433,0.528742266666667,-1.6379243999999997,0.006712329745681899989067308372340001904086611157663522418,0.00006996156812664824189594392108725400211377950363004196673,0.2873923452657192706205255006035251503371287586372802903,65,-1.6379
-1.6335912666666665,0.006719096991708203,7.002697218564312e-05,0.045442539049470515,-0.011275485083288636,-0.03416705396618187,0.07960959301565239,0.2875478697446981,12.097588244232568,2.5530625294639315,0.5688978997902951,-0.8714020006391309,1.6816605288248005,0.9023031526015974,-0.001364272845153747,0.5330754000000002,-1.6335912666666665,0.006719096991708203166486928789431814845380752769567748492,0.00007002697218564312233310514570520519508804712434475875499,0.287547869744698097819433233466239773102296460350263673,65,-1.6336
-1.629258133333333,0.006725739188459255,7.008881931389251e-05,0.04546267050209825,-0.011272976283550855,-0.034189694218547395,0.07965236472064564,0.2877091975281507,12.094995498906057,2.554503633433754,0.569971536336332,-0.871356286304351,1.6831473471294027,0.9028153301971923,-0.0013644224959286921,0.5374085333333337,-1.629258133333333,0.006725739188459255098833573324576129560723014826050056592,0.00007008881931389250814729702920453911115506051978678477057,0.2877091975281507011946780814925441670044849356951866829,65,-1.6293
-1.6249249999999997,0.006732257989780332,7.014715140612778e-05,0.04548228778649996,-0.01127006631855892,-0.03421222146794104,0.079694509254441,0.28787623343202484,12.092475968804763,2.5559540307744077,0.5710553720942754,-0.8713095576235379,1.68464447315087,0.9033307844808675,-0.001364561173877506,0.541741666666667,-1.6249249999999997,0.006732257989780331439436237859997211559278524142937383406,0.00007014715140612778175054997286719857972083333682558526043,0.2878762334320248325734078638104724824496849778066114398,65,-1.6249
-1.6205918666666665,0.006738655020438493,7.020200967692041e-05,0.0455013981196007,-0.011266761060106092,-0.03423463705949461,0.0797360351790953,0.28804888464544687,12.090028518937546,2.5574133778174555,0.5721492416919437,-0.8712617492953125,1.686151628522143,0.9038493948746225,-0.0013646890414768947,0.5460748000000002,-1.6205918666666665,0.006738655020438493475695137847109114639636696502697781852,0.00007020200967692042021886418633592729753023465509567499957,0.2880488846454468468698927248697561844477000907881057291,65,-1.6206
-1.616258733333333,0.006744931876901699,7.025343467763675e-05,0.04552000856969692,-0.011263066253943712,-0.03425694231575321,0.07977695088545013,0.2882270606559766,12.087652041595915,2.5588813375578923,0.5732529832150695,-0.8712127974162323,1.6876685401416602,0.9043710431372525,-0.001364806258373654,0.5504079333333337,-1.616258733333333,0.00674493187690169878724093963465612118297054120397661158,0.00007025343467763674470140811394158966336352516534002343771,0.2882270606559765625194193969093567048258457749223017997,65,-1.6163
-1.6119255999999997,0.006751090128090825,7.030146631281905e-05,0.04553812606078962,-0.011258987523412632,-0.03427913853737699,0.07981726459816661,0.28841067317775665,12.085345455484289,2.560357579502935,0.574366438107572,-0.8711626394567363,1.689194940046199,0.9048956133117039,-0.0013649129814598715,0.554741066666667,-1.6119255999999997,0.006751090128090824941767402120375725617341091080848889132,0.00007030146631281905507322079355982145530828032388698168975,0.2884106731777566591130948333690932442720450319321766549,65,-1.6119
-1.6075924666666666,0.006757131316105759,7.034614385601711e-05,0.045555757376758446,-0.01125453037294249,-0.03430122700381596,0.0798569843805744,0.28859963608242245,12.083107704884386,2.5618417795252544,0.5754894510755169,-0.8711112142375211,1.6907305652877331,0.9054229916739656,-0.0013650093649455364,0.5590742000000001,-1.6075924666666666,0.006757131316105758816613918494886129439619886249998408688,0.00007034614385601711875389502174540405029471521533666125403,0.2885996360824224559589129416353313639618106357193355942,65,-1.6076
-1.603259333333333,0.006763056956926636,7.038750596509271e-05,0.0455729091653837,-0.011249700191424631,-0.034323208973959074,0.07989611813934278,0.28879386533264484,12.080937758852134,2.5633336197204777,0.5766218699945957,-0.8710584619063325,1.692275157814145,0.9059530666834387,-0.0013650955604286618,0.5634073333333337,-1.603259333333333,0.006763056956926636244452467538821284534960982875645542429,0.0000703875059650927134043242800925218982853317929016830124,0.2887938653326448559181520680203303146933792420401461692,65,-1.6033
-1.5989261999999997,0.006768868541091267,7.042559069701885e-05,0.04558958794222305,-0.011244502255464263,-0.034345085686758786,0.07993467362898184,0.2889932789181861,12.078834610445599,2.564832788268808,0.5777635458209731,-0.8710043239151697,1.6938284643536383,0.9064857289347266,-0.0013651717169630288,0.567740466666667,-1.5989261999999997,0.006768868541091266979305554118336145936905520327148448082,0.00007042559069701885488105995811895099133889601832794912063,0.2889932789181861176480475335339892590973148507871260768,65,-1.5989
-1.5945930666666666,0.00677456753434974,7.046043552219436e-05,0.045605800094349086,-0.011238941732517034,-0.03436685836183205,0.07997265845618114,0.28919779679435487,12.076797275982518,2.566338979300596,0.5789143325053497,-0.870948742997888,1.6953902363027082,0.9070208711107947,-0.0013652379811236463,0.5720736000000001,-1.5945930666666666,0.006774567534349739984843673987288571166737097575099305664,0.00007046043552219436061722976899481117349424037087433479784,0.2891977967943548830240009849369036504290569585183569265,65,-1.5946
-1.590259933333333,0.006780155378297136,7.049207733829327e-05,0.04562155188395395,-0.011233023683915067,-0.03438852820003888,0.08001008008399282,0.28940734082275227,12.074824794326078,2.5678518927657206,0.5800740869101048,-0.8708916631481949,1.696960229617526,0.9075583879374471,-0.0013652944970700225,0.5764067333333337,-1.590259933333333,0.006780155378297136298894046609520090771334923521465549731,0.00007049207733829326552205900796300404842687570669637824647,0.2894073408227522501608769235033105071116337570840687671,65,-1.5903
-1.5859267999999997,0.006785633490985243,7.052055248366777e-05,0.04563684945182649,-0.011226753067787153,-0.03441009638403934,0.08004694583586583,0.28962183471420666,12.072916226197663,2.5693712343066344,0.5812426687293825,-0.8708330295980279,1.6985382047086066,0.9080981761390727,-0.0013653414066073359,0.580739866666667,-1.5859267999999997,0.006785633490985243151828748192931069494942925772607334807,0.00007052055248366776482209626842319478064359388807479899563,0.2896218347142066634233701234396236780623345868158292704,65,-1.5859
-1.5815936666666666,0.006791003267514127,7.05458967503225e-05,0.04565169882070762,-0.0112201347418776,-0.03443156407883002,0.08008326289953763,0.289841203973801,12.071070653515362,2.5708967151349467,0.5824199404119977,-0.8707727887963096,1.7001239263386372,0.9086401343956145,-0.0013653788492455935,0.5850730000000001,-1.5815936666666666,0.006791003267514126603974807048586915727467689410951408928,0.00007054589675032249661592143357664808565099918423765862082,0.2898412039738009816831391439215040558493331522575967846,65,-1.5816
-1.577260533333333,0.006796266080604362,7.056814539647704e-05,0.045666105898528736,-0.011213173466268017,-0.03445293243226072,0.08011903833078945,0.29006537584789943,12.069287178757095,2.5724280519114067,0.5836057670870399,-0.8707108883880683,1.7017171635233383,0.9091841633007185,-0.0013654069622568523,0.5894061333333337,-1.577260533333333,0.006796266080604362010979522115458562274757661759376048733,0.00007056814539647703909325361279512647677282659390176811854,0.2900653758478994280080199236032940240585788639146692855,65,-1.5773
-1.5729273999999998,0.006801423281150694,7.058733315873279e-05,0.04568007648153841,-0.011205873906006077,-0.03447420257553234,0.08015427905707075,0.2902942792730872,12.067564924347254,2.5739649666291706,0.5848000164920614,-0.8706472771939193,1.7033176894352515,0.9097301653210184,-0.0013654258807305874,0.5937392666666669,-1.5729273999999998,0.006801423281150694226531056243510724184988807286393420156,0.00007058733315873277980350180008936385074552567769714538502,0.2902942792730871858167168033522929318723796904627232,65,-1.5729
-1.5685942666666666,0.00680647619875787,7.060349426385958e-05,0.045693616257321705,-0.011198240633645136,-0.03449537562367657,0.08018899188099828,0.29052784482694016,12.065903032065835,2.575507186500234,0.5860025589037425,-0.8705819051898975,1.7049252813103364,0.9102780447565187,-0.001365435737627273,0.5980724000000001,-1.5685942666666666,0.006806476198757870249824296123101909075245003566102813375,0.00007060349426385958125427306361891468626573855623521753988,0.2905278448269401785877502778693062172147172757366861761,65,-1.5686
-1.564261133333333,0.006811426142259333,7.061666244021687e-05,0.04570673080771675,-0.011190278131698364,-0.03451645267601838,0.08022318348373512,0.2907660046805459,12.064300662479086,2.577054443844916,0.5872132670709298,-0.8705147234876357,1.70653972035728,0.9108277077020355,-0.0013654366638302536,0.6024055333333337,-1.564261133333333,0.006811426142259333028015092695847714325722808561948225746,0.00007061666244021687531984129379408109336405507698616393045,0.2907660046805458967536528490313773403121320402618382474,65,-1.5643
-1.5599279999999998,0.006816274400219449,7.062687092882323e-05,0.0457194256116327,-0.011181990795010883,-0.03453743481662182,0.08025686042825451,0.29100869255270073,12.062756994390734,2.5786064759842913,0.5884320161499487,-0.8704456843148803,1.708160791669411,0.9113790620096579,-0.0013654287881959659,0.6067386666666669,-1.5599279999999998,0.006816274400219449561536890656467381424045665940985397513,0.00007062687092882322665379049528885556328765962484412066446,0.2910086925527007571881653720291489115927089265796367119,65,-1.5599
-1.5555948666666666,0.006821022241419914,7.063415249408774e-05,0.04573170604777313,-0.011173382933053259,-0.034558323114719874,0.080290029162493,0.29125584366571317,12.061271224312884,2.580163025135469,0.5896586836420988,-0.8703747409963383,1.7097882841391305,0.911932017252199,-0.0013654122376025792,0.6110718,-1.5555948666666666,0.006821022241419914088604715563298531770704795427591899353,0.0000706341524940877442355977425941325898547470465559680253,0.2912558436657131805301578912344344950444674416196146616,65,-1.5556
-1.551261733333333,0.006825670915330926,7.06385394342161e-05,0.04574357739726864,-0.011164458772139481,-0.03457911862512916,0.0803226960223978,0.29150739470274445,12.059842565955812,2.5817238383096126,0.5908931493332419,-0.8703018479348477,1.711421990374765,0.9124864846875963,-0.0013653871369971135,0.6154049333333337,-1.551261733333333,0.00682567091533092607320233870829100179628774162196250046,0.00007063853943421609161109045060917544004612989887950264203,0.29150739470274447277622765368639375393222933985174627,65,-1.5513
-1.5469285999999998,0.006830221652567727,7.064006359130331e-05,0.045755044846222344,-0.011155222457572486,-0.034599822388649865,0.0803548672348722,0.29176328376662347,12.058470249735768,2.5832886672126194,0.5921352952353971,-0.8702269605928677,1.7130617066197515,0.9130423772242356,-0.0013653536094410932,0.6197380666666669,-1.5469285999999998,0.006830221652567727728262148865253674946641073520834354132,0.00007064006359130331382224469517774518969222187004556785356,0.2917632837666234854540172309764816249459592713973672679,65,-1.5469
-1.5425954666666664,0.00683467566533306,7.063875636112514e-05,0.045766113488171736,-0.01114567805572006,-0.03462043543245168,0.08038654892062341,0.2920234503400742,12.057153522300105,2.58485726814836,0.5933850055302663,-0.8701500354742787,1.714707232674081,0.9135996093871639,-0.001365311776154792,0.6240712000000003,-1.5425954666666664,0.006834675665333059237633391943522874609552303489016112466,0.00007063875636112513749907087799177267390743886709874992352,0.2920234503400741900673596605677443498848838539186390755,65,-1.5426
-1.538262333333333,0.006839034147846052,7.063464870263889e-05,0.04577678832647015,-0.011135829556023907,-0.03464095877044624,0.08041774709691639,0.2922878352472975,12.055891646068963,2.586429401924398,0.5946421665146076,-0.8700710301064882,1.7163583718179098,0.9141580972851626,-0.0013652617565601234,0.6284043333333337,-1.538262333333333,0.006839034147846052082006371987318293357307054916684534231,0.00007063464870263888259328865012885520615876023934387440573,0.2922878352472975165122515989322531481927352325661982948,65,-1.5383
-1.5339291999999998,0.006843298276758075,7.062777114720465e-05,0.045787074276591136,-0.011125680872944462,-0.03466139340364668,0.08044846768023782,0.2925563806168526,12.054683898792849,2.5880048337601065,0.5959066665473873,-0.8699899030228371,1.7180149307372694,0.9147177585786533,-0.0013652036683222241,0.6327374666666669,-1.5339291999999998,0.00684329827675807486770559748366616708689968296936629537,0.00007062777114720464944205846005240051950925221407784604146,0.2925563806168525477701136493789900048180763756621852375,65,-1.5339
-1.5295960666666664,0.0068474692115560115,7.061815380753697e-05,0.045796976168358566,-0.011115235847843961,-0.034681740320514604,0.08047871648887317,0.2928290298457842,12.053529573125433,2.5895833331970994,0.5971783959986413,-0.8699066137452984,1.719676719451801,0.9152785124484091,-0.0013651376273897825,0.6370706000000003,-1.5295960666666664,0.006847469211556011926877304057422460869778676768726659556,0.0000706181538075369691302216627456676546232663324491116574,0.2928290298457841599791193042090678807019083342470260603,65,-1.5296
-1.525262933333333,0.006851548094953436,7.060582638639668e-05,0.04580649874810547,-0.011104498250810151,-0.03470200049729532,0.08050849924540078,0.29310572756494674,12.052427976210954,2.5911646740119085,0.598457247199974,-0.8698211227674654,1.721343551244443,0.9158402795650435,-0.0013650637480341558,0.6414037333333337,-1.525262933333333,0.006851548094953435848143653804057641797418169944007666791,0.00007060582638639667641096828053376215064113456842752870105,0.2931057275649467660893022752085898647633657684731329558,65,-1.5253
-1.5209297999999998,0.00685553605327012,7.059081818503234e-05,0.045815646680764356,-0.01109347178242291,-0.034722174898341444,0.0805378215791058,0.2933864196054765,12.051378429285643,2.592748634130827,0.5997431143966377,-0.8697333915378206,1.7230152425930063,0.916402982059256,-0.0013649821428873216,0.6457368666666669,-1.5209297999999998,0.006855536053270119995482899873597432735223193419968104615,0.00007059081818503233442459914762182699605171603275880217171,0.2933864196054765059961142377714243201233524383303326394,65,-1.5209
-1.5165966666666664,0.006859434196800312,7.057315811138015e-05,0.04582442455189154,-0.011082160075465934,-0.03474226447642561,0.08056668902831715,0.29367105296636614,12.050380267292583,2.594334995546856,0.6010358937011274,-0.8696433824432835,1.7246916131035726,0.9169665434928048,-0.0013648929229787042,0.6500700000000003,-1.5165966666666664,0.006859434196800312569288699692842820356577938625346142094,0.0000705731581113801486767263533723229043361992272047139994,0.2936710529663661267589047344833646404913740616623762702,65,-1.5166
-1.512263533333333,0.006863243620170176,7.055287468803093e-05,0.04583283686962808,-0.011070566696585597,-0.03476227017304248,0.08059510704267056,0.2939595757830989,12.049432838509482,2.595923544238685,0.6023354830482338,-0.8695510587930293,1.726372485445656,0.91753088883019,-0.0013647961977709205,0.6544031333333337,-1.512263533333333,0.006863243620170175921001738404179745181107860085498070469,0.00007055287468803093871511820355726355731161737658273271633,0.2939595757830988959067515370168451031549921156679410298,65,-1.5123
-1.5079303999999998,0.006866965402684782,7.052999605997235e-05,0.045840888066599625,-0.011058695147898938,-0.03478219291870068,0.08062308098530031,0.29425193729730026,12.04853550418882,2.597514070091639,0.6036417821515,-0.869456384802574,1.7280576852890652,0.918095944411019,-0.0013646920751944772,0.6587362666666668,-1.5079303999999998,0.006866965402684782451297541194367287034386591993864876279,0.00007052999605997235482035003360076258874130036293137131966,0.2942519372973002463926748995136368108169483044767644748,65,-1.5079
-1.5035972666666664,0.006870600608665037,7.050455000211421e-05,0.04584858250175758,-0.011046548868552677,-0.0348020336332049,0.08065061613496248,0.2945480878273674,12.04768763820993,2.599106366820538,0.6049546924610286,-0.8693593255781226,1.7297470412424154,0.9186616379230383,-0.0013645806616814653,0.6630694000000003,-1.5035972666666664,0.006870600608665036950154880987605556199767511307035846209,0.00007050455000211420087559573341186775921071721611687140947,0.2945480878273674026809692306136238600453120844412413392,65,-1.5036
-1.499264133333333,0.00687415028777488,7.047656392660441e-05,0.04585592446216363,-0.01103413123623508,-0.03482179322592856,0.08067771768809219,0.29484797874003904,12.046888626742467,2.6007002318944026,0.6062741171225882,-0.8692598471011725,1.73144038479323,0.9192278983758068,-0.001364462062198278,0.6674025333333337,-1.499264133333333,0.006874150287774879918929893384637656642027643301905377919,0.00007047656392660440762091286468594561809716463812396331898,0.2948479787400390226145845613081752470714889033781219925,65,-1.4993
-1.4949309999999998,0.006877615475339116,7.044606488994286e-05,0.04586291816471988,-0.011021445568642393,-0.034841472596077484,0.08070439076079737,0.29515156242286894,12.046137867920903,2.6022954664629556,0.6075999609379704,-0.8691579162133708,1.7331375502495847,0.9197946560749947,-0.0013643363802773969,0.6717356666666668,-1.4949309999999998,0.006877615475339116100450888514375731342978028525325736822,0.00007044606488994285913774386442642217859255396019465829811,0.2951515624228689633226828227923742610503563674258955044,65,-1.4949
-1.4905978666666664,0.0068809971926521935,7.04130795999e-05,0.045869567757846376,-0.011008495124901518,-0.034861072632944856,0.08073064039079123,0.29545879225756955,12.045434771529546,2.6038918752848583,0.6089321303265536,-0.8690535006016166,1.734838374683242,0.9203618425972865,-0.0013642037180482658,0.6760688000000002,-1.4905978666666664,0.006880997192652193570655727669051435627011349068446672865,0.00007041307959990000594119363236823921448108709455975226276,0.2954587922575695365869329339424810951860102296546301337,65,-1.4906
-1.486264733333333,0.0068842964472782455,7.037763442224692e-05,0.04587587732310823,-0.010995283106950499,-0.03488059421615773,0.08075647153926596,0.29576962259419115,12.04477875869774,2.6054892666576364,0.6102705332880252,-0.8689465687834085,1.7365426978742278,0.9209293907658718,-0.0013640641762672986,0.6804019333333337,-1.486264733333333,0.006884296447278245557327645904335279315989507544088367533,0.00007037763442224692507806987567384341713970462744929806978,0.2957696225941911418133413171525476784596244058719553153,65,-1.4863
-1.4819315999999998,0.006887514233342698,7.033975538730318e-05,0.04588185087679392,-0.010981812660878358,-0.03490003821591556,0.08078188909270947,0.296084008726107,12.044169261604798,2.6070874523492344,0.6116150793662232,-0.8688370900924293,1.738250362256805,0.9214972346265043,-0.0013639178543470379,0.6847350666666668,-1.4819315999999998,0.006887514233342698545940616576796114695337800210553462397,0.00007033975538730317873910157858027698400470714381840804256,0.296084008726107004378451806347567161051196522704843893,65,-1.4819
-1.4775984666666664,0.006890651531815733,7.02994681963086e-05,0.04588749237144663,-0.010968086878225715,-0.034919405493220916,0.08080689786466755,0.2964019068657728,12.043605723194352,2.6086862475311663,0.6129656796140561,-0.8687250346643649,1.7399612128668016,0.9220653094241159,-0.0013637648503845017,0.6890682000000002,-1.4775984666666664,0.006890651531815733599145173144419771579678906432689276122,0.00007029946819630860264802775734112410526712387953079406435,0.2964019068657727564820307120105007162203539457619508805,65,-1.4776
-1.473265333333333,0.006893709310787877,7.025679822762492e-05,0.04589280569735034,-0.010954108797247602,-0.03493869690010274,0.08083150259745309,0.2967232741212319,12.043087596897708,2.6102854707131975,0.6143222465594598,-0.8686103734229527,1.7416750972902446,0.9226335515799639,-0.0013636052611887424,0.6934013333333336,-1.473265333333333,0.006893709310787876431991342701157584039523810626703195489,0.00007025679822762491978495510699961598450006478090899675097,0.29672327412123190042375734087936102761257353711790875,65,-1.4733
-1.4689321999999998,0.006896688525737984,7.02117705427728e-05,0.0458977946839722,-0.0109398814041398,-0.034957913279832394,0.08085570796380459,0.29704806847333987,12.042614346365921,2.6118849436795237,0.6156846941723575,-0.868493078066256,1.7433918656132679,0.9232018986693028,-0.0013634391823076461,0.6977344666666668,-1.4689321999999998,0.006896688525737984591760921954418081250738708391453770291,0.0000702117705427727925607720325862040333060261233782086986,0.2970480684733398391788820021006125518186076108665858578,65,-1.4689
-1.4645990666666664,0.0068995901197938855,7.016440989230975e-05,0.045902463101362756,-0.010925407634229974,-0.03497705546713278,0.08087951856849553,0.29737624875367996,12.04218544521022,2.613484491426407,0.6170529378325852,-0.8683731210531599,1.745111370373247,0.9237702893995596,-0.0013632667080539951,0.7020676000000002,-1.4645990666666664,0.006899590119793885395946842275486619532767316137735980563,0.00007016440989230974928941117443458464557272123929078234779,0.2973762487536799585904938786692650984796258529089826655,65,-1.4646
-1.460265933333333,0.006902415023985908,7.011474072155422e-05,0.045906814661515596,-0.010910690373134843,-0.03499612428838075,0.08090293894989635,0.29770777462314635,12.041800376750508,2.615083942101211,0.618426894298749,-0.8682504755900845,1.7468334665111265,0.9243386635890019,-0.001363087931530823,0.7064007333333336,-1.460265933333333,0.006902415023985908429214741095262870881553483730441924168,0.00007011474072155421678878024229064765180606076282383434043,0.2977077746231463633272442291799921700022349465875849573,65,-1.4603
-1.4559327999999998,0.00690516415749355,7.006278717616063e-05,0.0459108530196877,-0.010895732457884548,-0.03501512056180315,0.08092597358149084,0.2980426065511694,12.041458633771596,2.616683126942815,0.6198064816779804,-0.8681251156179113,1.748558011324904,0.9249069621458821,-0.0013629029446560789,0.7107338666666668,-1.4559327999999998,0.006905164157493550373927662513776080036557452374636588077,0.00007006278717616062996612776267296702305711779669906477326,0.2980426065511693514150969475260083405797913321718375924,65,-1.4559
-1.4515996666666664,0.006907838427885497,7.000857310755046e-05,0.04591458177568188,-0.010880536678015362,-0.03503404509766652,0.0809486268733484,0.2983807057955603,12.041159718286938,2.618281880223354,0.621191619396561,-0.8679970157991205,1.7502848644242335,0.9254751270480478,-0.0013627118381866314,0.7150670000000002,-1.4515996666666664,0.006907838427885496939223252941044515503381486086806010339,0.00007000857310755044969509201016440791614311085743649726647,0.2983807057955603330011609849048636294939310591997677697,65,-1.4516
-1.447266533333333,0.006910438731353218,6.995212207820374e-05,0.045918004475092804,-0.010865105776631821,-0.03505289869846098,0.0809709031735538,0.29872203438295386,12.040903141309556,2.61988003919125,0.6225822281713833,-0.8678661515051328,1.752013887686117,0.9260431013230012,-0.0013625147017416277,0.7194001333333336,-1.447266533333333,0.006910438731353218105743071080327424842144730609995134567,0.00006995212207820374329748877959039565757040487728888728029,0.2987220343829538608014976627598311909038915594724042228,65,-1.4473
-1.4429333999999998,0.006912965952938348,6.989345736681574e-05,0.045921124610517505,-0.010849442451439296,-0.03507168215907821,0.08099280676959571,0.29906655508982577,12.040688422629907,2.6214774440155044,0.6239782299822199,-0.8677324988038552,1.7537449452116494,0.9266108290283983,-0.0013623116238252314,0.7237332666666668,-1.4429333999999998,0.00691296595293834784008840847025689860686280189620447815,0.00006989345736681573829887365049231416077535407769923625427,0.2990665550898257867770157625006194769566152518909552713,65,-1.4429
-1.4386002666666664,0.006915420966754048,6.983260197332265e-05,0.04592394562273192,-0.010833549355748031,-0.03509039626698389,0.08101434188971582,0.29941423142406703,12.040515090600438,2.6230739377312102,0.6253795480447747,-0.8675960344474234,1.7554779032837868,0.9271782552329745,-0.0013621026918487582,0.7280664000000002,-1.4386002666666664,0.006915420966754047896603489619405543055967754549563947846,0.0000698326019733226538612825480333640666310214375169073739,0.299414231424067027848625829769015821005967165609221395,65,-1.4386
-1.434267133333333,0.006917804636200548,6.976957862380096e-05,0.04592647090183446,-0.0108174290994496,-0.03510904180238486,0.08103551270421933,0.2997650276070932,12.040382681926596,2.6246693661862506,0.6267861067844868,-0.8674567358601423,1.7572126303261086,0.9277453259978837,-0.0013618879921522315,0.7323995333333336,-1.434267133333333,0.006917804636200547890921672321186102141375506155426719627,0.00006976957862380096041016570058759012446657349093713787381,0.2997650276070932532027028593997897874804233111839711929,65,-1.4343
-1.4299339999999998,0.006920117814175049,6.970440977524399e-05,0.04592870378835766,-0.010801084249966675,-0.03512761953839098,0.08105632332674864,0.30011890855647205,12.040290741464057,2.6262635779891568,0.6281978318110641,-0.8673145811266149,1.758948996862542,0.9283119883584431,-0.001361667610025371,0.7367326666666668,-1.4299339999999998,0.006920117814175049560313112646025758071386214637758769317,0.00006970440977524398822190789409427281384079279934082298473,0.3001189085564720394100756893640967024184995816349941213,65,-1.4299
-1.4256008666666664,0.006922361343276173,6.963711762021973e-05,0.0459306475743491,-0.010784517333177033,-0.035146130241172066,0.08107677781552117,0.30047583986904935,12.040238822021957,2.627856424458087,0.6296146498937208,-0.8671695489800624,1.7606868754780245,0.9288781903062688,-0.0013614416297280392,0.7410658000000002,-1.4256008666666664,0.00692236134327617288266759958419678100739619038569726177,0.0000696371176202197289900021346854276421392324796471212033,0.3004758398690493769427002369970355260756675437989581046,65,-1.4256
-1.421267733333333,0.006924536056003116,6.956772409141354e-05,0.0459323055044226,-0.010767730834312619,-0.03516457467010998,0.08109688017453258,0.3008357878045581,12.040226484171908,2.6294477595709,0.6310364889370946,-0.8670216187908277,1.7624261407800719,0.9294438807717943,-0.0013612101345101553,0.7453989333333336,-1.421267733333333,0.006924536056003115247752028814764208751501215007402664736,0.00006956772409141354031664032896224239973677457769089459892,0.3008357878045581293176581215239621985013045671552792416,65,-1.4213
-1.4169345999999998,0.0069266427749496914,6.949625086605925e-05,0.04593368077678055,-0.01075072719883449,-0.035182953577946055,0.0811166343547266,0.30119871926969216,12.040253296062605,2.6310374399162946,0.6324632779578224,-0.8668707705550613,1.7641666693612335,0.9300090096071603,-0.0013609732066311012,0.7497320666666669,-1.4169345999999998,0.006926642774949691257121406786972749770666484940982254384,0.0000694962508660592443556826707963659458335023181887362183,0.3011987192696921847580153986752304142852776672981973123,65,-1.4169
-1.4126014666666664,0.006928682312993412,6.942271937026206e-05,0.04593477654420849,-0.010733508833284427,-0.03520126771092406,0.08113604425513254,0.3015646018026303,12.04031883323982,2.6326253246459856,0.633894947061752,-0.8667169848835854,1.7659083397624002,0.9305735275694675,-0.001360730927378628,0.7540652000000002,-1.4126014666666664,0.00692868231299341162638516922544062568100650285661328814,0.00006942271937026206139381087572104263257117720068100682895,0.3015646018026302648439414791921395008306679727513012558,65,-1.4126
-1.408268333333333,0.006930655473479754,6.934715078321671e-05,0.04593559591504274,-0.010716078106113979,-0.03521951780892876,0.08115511372397151,0.301933403557994,12.040422678471607,2.634211275427884,0.6353314274217686,-0.8665602429909338,1.76765103243695,0.9311373863043816,-0.001360483377087283,0.7583983333333336,-1.408268333333333,0.006930655473479754005627504497297468221187217648985256404,0.0000693471507832167021217283483660838679193234486865724863,0.3019334035579939768441017471679803625449609005611722046,65,-1.4083
-1.4039351999999998,0.006932563050401776,6.926956604132373e-05,0.045936141954112004,-0.010698437348491647,-0.035237704605620354,0.08117384655973235,0.30230509329222577,12.04056442157853,2.6357951564002646,0.6367726512562163,-0.8664005266845642,1.7693946297157004,0.9317005383300805,-0.0013602306351563724,0.7627314666666669,-1.4039351999999998,0.006932563050401775450385395054854644689024233711334303336,0.00006926956604132373226711805310214948421216431097492281615,0.3023050932922257554101657686022812367480402930830370271,65,-1.4039
-1.3996020666666664,0.006934405828575208,6.91899858422073e-05,0.04593641768365371,-0.01068058885508891,-0.0352558288285648,0.08119224651221851,0.30267964034937245,12.040743659268742,2.6373768341268886,0.6382185518078958,-0.8662378183542394,1.7711390157726492,0.9322629370215378,-0.0013599727800674693,0.7670646000000003,-1.3996020666666664,0.006934405828575208183200451269445953240706768003258517111,0.00006918998584220729638639392798129493714688306546739988541,0.3026796403493724663393634309695971731102933999663052642,65,-1.3996
-1.395268933333333,0.006936184583809175,6.910843064863718e-05,0.04593642608420607,-0.010662534884845797,-0.03527389119936027,0.08121031728356634,0.303057014647261,12.040959994977765,2.6389561775530566,0.6396690633236177,-0.8660721009615757,1.7728840765914808,0.9328245365951311,-0.0013597098894014858,0.7713977333333336,-1.395268933333333,0.006936184583809175334264494616625170850432148412621596674,0.00006910843064863718526168278066156962901749190440965367212,0.3030570146472609858570858982385333820695544316025830761,65,-1.3953
-1.3909357999999998,0.006937900083072661,6.902492069235803e-05,0.04593617009547639,-0.010644277661716587,-0.035291892433759804,0.08122806252923619,0.30343718666405306,12.041213038712778,2.6405330579625703,0.6411241210342967,-0.8659033580297537,1.7746296999328164,0.9333852920935672,-0.0013594420398553204,0.7757308666666669,-1.3909357999999998,0.006937900083072660701121138061343048671936215488503279582,0.00006902492069235802791406204099295390847419310869557025722,0.3034371866640530610258764505575483678044732247464016482,65,-1.3909
-1.3866026666666664,0.006939553084656859,6.893947597782838e-05,0.045935652617186615,-0.010625819375396334,-0.03530983324179028,0.0812454858589769,0.3038201274251668,12.041502406901312,2.6421073489355793,0.6425836611355659,-0.8657315736333909,1.776375775302188,0.9339451593711185,-0.0013591693072580928,0.7800640000000003,-1.3866026666666664,0.006939553084656859373795912676407757657466837578049457757,0.00006893947597782838357590646272405081212128247469253340566,0.303820127425166799160831053521546176995729730761020011,65,-1.3866
-1.382269533333333,0.006941144338333532,6.885211628587242e-05,0.0459348765098967,-0.010607162182028769,-0.03532771432786793,0.08126259083776463,0.3042058084905526,12.041827722244152,2.643678926307288,0.6440476207688975,-0.8655567323885716,1.7781221939187166,0.9345040950791588,-0.0013588917665869787,0.7843971333333337,-1.382269533333333,0.006941144338333531730058727781962541845371822322667457293,0.00006885211628587241930233046827873390365419621428550043382,0.3042058084905526051373794338696722767127856134013333465,65,-1.3823
-1.3779363999999998,0.006942674585509481,6.876286117724666e-05,0.0459338445958065,-0.010588308204896167,-0.035345536390910336,0.08127938098671683,0.30459420194231235,12.042188613572339,2.645247668127506,0.6455159380032122,-0.8653788194430317,1.7798688486844745,0.9350620566519944,-0.0013586094919826586,0.7887302666666669,-1.3779363999999998,0.006942674585509481008768130527573390124723190531212543334,0.00006876286117724666044208348099640033514375759199063984542,0.3045942019423123215470556358108338437560237656950729511,65,-1.3779
-1.3736032666666664,0.006944144559377269,6.867172999612432e-05,0.045932559659536944,-0.010569259535091741,-0.035363300124445204,0.08129585978398214,0.30498528037265027,12.042584715708132,2.6468134546210123,0.6469885518169625,-0.8651978204664965,1.781615634154516,0.9356190022929818,-0.0013583225567643886,0.7930634000000003,-1.3736032666666664,0.00694414455937726827863510705833710565447338602874778299,0.00006867172999612431469243068324212387631394380827843847395,0.3049852803726502950085916618071676907341201303629585013,65,-1.3736
-1.369270133333333,0.006945554985062274,6.85787418734996e-05,0.045931024448890995,-0.010550018232175109,-0.03538100621671588,0.08131203066560688,0.3053790168721455,12.043015669329796,2.648376168148723,0.6484654020806753,-0.8650137216411681,1.7833624465075548,0.9361748909609244,-0.0013580310334447069,0.7973965333333337,-1.369270133333333,0.006945554985062274805768442883945391723813049387051688456,0.00006857874187349959178777163628062369613024307137087196709,0.3053790168721455030897922022198029067417880589173624864,65,-1.3693
-1.3649369999999998,0.0069469065797662195,6.848391573051425e-05,0.04592924167559517,-0.010530586324811322,-0.035398655350783854,0.08132789702637902,0.3057753850183348,12.043481120840065,2.6499356931696343,0.6499464295399386,-0.8648265096523596,1.7851091835172745,0.936729682356742,-0.0013577349937437852,0.8017296666666669,-1.3649369999999998,0.006946906579766219808711794333082569729027176936312872522,0.000068483915730514245991518223537645805568537143886165601,0.3057753850183347653183643984346789772124118040304852348,65,-1.3649
-1.3606038666666664,0.006948200052907236,6.83872702817086e-05,0.04592721401602212,-0.010510965811393982,-0.03541624820462814,0.08134346222065027,0.306174358864597,12.04398072223823,2.6514919162035273,0.6514315757988205,-0.864636171679275,1.7868557445242526,0.9372833369104066,-0.001357434508603437,0.8060628000000003,-1.3606038666666664,0.006948200052907235919374075587256872944330067063235421826,0.00006838727028170859947522919724172124269316116679318635874,0.3061743588645969653670271084178892782795334111125683286,65,-1.3606
-1.356270733333333,0.006949436106256601,6.828882403819923e-05,0.045924944111894836,-0.010491158660652916,-0.03543378545124192,0.08135872956313676,0.30657591292932856,12.04451413099565,2.653044725794412,0.6529207833037038,-0.8644426953859297,1.7886020304084824,0.9378358157681362,-0.00135712964820079,0.8103959333333337,-1.356270733333333,0.006949436106256601311933312037480576893698547178240663005,0.00006828882403819923553155282658466438333668975570281925427,0.3065759129293285711408177854848269471846954879558793296,65,-1.3563
-1.3519375999999999,0.0069506154340722255,6.818859531078536e-05,0.045922434570973135,-0.010471166812246874,-0.03545126775872626,0.0813737023296994,0.3069800221854016,12.045081009934629,2.6545940124746936,0.6544139953275276,-0.8642460689122123,1.7903479435624812,0.9383870807798442,-0.0013568204819616352,0.8147290666666668,-1.3519375999999999,0.006950615434072225644121436368057913085744936830427514952,0.00006818859531078536043165766849117197690089531254332955853,0.3069800221854015797292380232064797989480404538790783385,65,-1.3519
-1.3476044666666664,0.006951738723228982,6.808660221298586e-05,0.045919687967722854,-0.010450992177341687,-0.035468695790381165,0.08138838375810402,0.30738666204989495,12.045681027110556,2.656139668730045,0.6559111559544207,-0.8640462808650827,1.7920933878649623,0.9389370944868336,-0.0013565070785734599,0.8190622000000003,-1.3476044666666664,0.006951738723228982146217788690167660797553168222868652841,0.00006808660221298586086194755558905532718027591667609660592,0.3073866620498949356952339098293070348380534974387759835,65,-1.3476
-1.343271333333333,0.006952806653345974,6.798286266400909e-05,0.04591670684396836,-0.01043063663917434,-0.035486070204794024,0.08140277704876238,0.30779580837409054,12.046313855697154,2.657681588964968,0.6574122100647152,-0.863843320309906,1.7938382686550622,0.9394858201097328,-0.0013561895059981746,0.8233953333333337,-1.343271333333333,0.006952806653345974490648067783582136209827219185506023551,0.00006798286266400908837137766273389659365900967036649935675,0.3077958083740905244390668547047178548647526536624806333,65,-1.3433
-1.3389381999999999,0.006953819896910827,6.787739439165708e-05,0.045913493709528796,-0.01041010205360335,-0.03550339165592545,0.08141688536545424,0.3082074374337262,12.046979173874794,2.659219669469023,0.6589171033203296,-0.8636371767619172,1.7955824927071058,0.9400332215366675,-0.0013558678314845416,0.8277284666666668,-1.3389381999999999,0.006953819896910826923319490247369773345076011637140050075,0.00006787739439165708300202448621863863760276489432969801587,0.308207437433726173332415128884403786247218122236829455,65,-1.3389
-1.3346050666666665,0.00695477911940108,6.777021493516615e-05,0.04591005104283859,-0.010389390249645868,-0.03552066079319272,0.08143071183603132,0.3086215259194973,12.047676664721754,2.660753808383718,0.6604257821505115,-0.8634278401778194,1.7973259682058982,0.9405792633116616,-0.0013555421215803148,0.8320616000000002,-1.3346050666666665,0.006954779119401080003458460673964160970166736464091290881,0.00006777021493516615581492838986822749932721005188650332091,0.3086215259194973014687391455690298664945233018381311009,65,-1.3346
-1.330271933333333,0.006955684979402773,6.766134164798562e-05,0.045906381291552716,-0.010368503030001893,-0.035537878261550825,0.08144425955310354,0.30903805092779946,12.048406016108318,2.662283905670033,0.6619381937379251,-0.8632153009475068,1.7990686047225266,0.9411239106232628,-0.0013552124421440982,0.8363947333333337,-1.330271933333333,0.006955684979402772709316794106974845358848997428297998635,0.00006766134164798561449776554585449009811515868366531965445,0.309038050927799469467112340187906176743232416999133009,65,-1.3303
-1.3259387999999999,0.00695653812872629,6.755079170049622e-05,0.04590248687313709,-0.010347442171565963,-0.03555504470157112,0.08145753157470821,0.30945698995170484,12.049166920593654,2.663809863076576,0.6634542860050777,-0.8629995498859153,1.8008103131906608,0.9416671292933868,-0.0013548788583569306,0.8407278666666668,-1.3259387999999999,0.006956538128726290092242239057733914194171669407506706709,0.0000675507917004962261228438488383229395693443309689199799,0.3094569899517048633510719833911415118856126766773985931,65,-1.3259
-1.3216056666666665,0.006957339212519551,6.743858208267008e-05,0.04589837017544456,-0.010326209425926684,-0.03557216074951788,0.08147053092496244,0.3098783208721655,12.04995907532537,2.66533158410834,0.6649740076010742,-0.8627805782249977,1.8025510058833425,0.9422088857663755,-0.0013545414347336034,0.8450610000000002,-1.3216056666666665,0.006957339212519551717800700274690968340265137432344933009,0.00006743858208267008135038339632018619191024211710976255549,0.3098783208721655107507087497615240425089311581637846709,65,-1.3216
-1.317272533333333,0.006958088869378613,6.732472960667357e-05,0.04589403355727698,-0.010304806519854465,-0.03558922703742252,0.0814832605946995,0.31030202194943596,12.050782181941653,2.666848973996064,0.6664973078886862,-0.8625583776058177,1.8042905963902465,0.9427491470982651,-0.0013542002351337227,0.8493941333333337,-1.317272533333333,0.006958088869378613173178855084754146093022999926894435666,0.00006732472960667356761764419958952136746860214531930336625,0.3103020219494359310067795190043595010933220825321503049,65,-1.3173
-1.3129393999999999,0.006958787731455753,6.720925090941483e-05,0.04588947934893364,-0.010283235155777783,-0.035606244193155855,0.08149572354208949,0.31072807181470924,12.051635946475942,2.66836193966617,0.6680241369317329,-0.8623329400707667,1.8060289995954035,0.9432878809462566,-0.0013538553227725161,0.8537272666666668,-1.3129393999999999,0.006958787731455752654605938609980213711192566315534378102,0.00006720925090941482923810553240233322789063348337358240587,0.3107280718147092168729406983438514746255986297016674638,65,-1.3129
-1.3086062666666665,0.006959436424565111,6.709216245503724e-05,0.045884709852746536,-0.010261497012248287,-0.03562321284049825,0.08150792269324479,0.31115644946196,12.052520079264033,2.6698703897112734,0.669554445482759,-0.862104258055896,1.8077661316553775,0.9438250555583875,-0.0013535067602313976,0.8580604000000002,-1.3086062666666665,0.006959436424565110585247288822284506402903608777293765808,0.00006709216245503724464398471034671310028249452173925573035,0.3111564494619600017623983464542593662809534049533064207,65,-1.3086
-1.304273133333333,0.006960035568285948,6.697348053736048e-05,0.045879727343602864,-0.0102395937443951,-0.035640133599207764,0.08151986094281063,0.3115871342399877,12.053434294853547,2.671374234361244,0.6710881849710044,-0.8618723243833648,1.809501909977879,0.9443606397633966,-0.0013531546094682934,0.8623935333333337,-1.304273133333333,0.006960035568285947814277976378891659073418216013940607704,0.00006697348053736048377470467243819763812900238390569401534,0.311587134239987711884285318860165323780059003041729142,65,-1.3043
-1.2999399999999999,0.0069605857760635876,6.685322128227037e-05,0.04587453406945502,-0.010217526984368584,-0.035657007085086435,0.08153154115454146,0.3120201058446548,12.054378311915698,2.672873385454812,0.6726253074906556,-0.8616371322540027,1.8112362532008095,0.9448946029607812,-0.0013527989318277357,0.8667266666666668,-1.2999399999999999,0.006960585776063587532663873011877486045411269343116643421,0.00006685322128227037456406711930784240822015778648660493343,0.3120201058446547791941472206015280996701471487159601024,65,-1.2999
-1.2956068666666665,0.006961087655308102,6.673140065005897e-05,0.04586913225181855,-0.01019529834177388,-0.035673833910044674,0.08154296616186323,0.3124553443113139,12.055351853159289,2.674367756411707,0.6741657657893729,-0.8613986752399824,1.8129690811717247,0.9454269151110382,-0.0013524397880507319,0.8710598000000002,-1.2956068666666665,0.006961087655308102520643203827879206159687081861642937143,0.00006673140065005897438571393389589037438725427670234462666,0.3124553443113139072719885918281533221863348998564665429,65,-1.2956
-1.291273733333333,0.006961541807490808,6.660803443771628e-05,0.04586352408625835,-0.010172909404094507,-0.03569061468216384,0.0815541387684222,0.3128928300074184,12.056354645246852,2.675857262205308,0.6757095132570815,-0.8611569472776032,1.8147003149277048,0.9459575467260891,-0.0013520772382844132,0.8753929333333337,-1.291273733333333,0.006961541807490807263413588036121028602010660649378995334,0.0000666080344377162828295384620331526641398640570271277699,0.3128928300074183982602922426028549755144448261287253856,65,-1.2913
-1.2869405999999999,0.006961948828238614,6.648313828117469e-05,0.04585771174286341,-0.010150361737106301,-0.03570735000575711,0.08156506174862052,0.3133325436253108,12.057386418712898,2.6773418193358056,0.6772565039150237,-0.8609119426601816,1.8164298766756242,0.9464864688598812,-0.001351711342091471,0.8797260666666668,-1.2869405999999999,0.006961948828238613914530326379153422502593954089651088869,0.00006648313828117469103769087938885799014063721091646164413,0.3133325436253108185492728732308436964118479270414372328,65,-1.2869
-1.2826074666666665,0.006962309307426308,6.635672765750745e-05,0.04585169736671051,-0.01012765688528193,-0.03572404048142858,0.0815757378481391,0.3137744661751847,12.0584469078842,2.6788213458038594,0.678806692405062,-0.8606636560310482,1.8181576897728113,0.9470136530991639,-0.0013513421584593838,0.8840592000000002,-1.2826074666666665,0.006962309307426308068085415285422368168205433817481851304,0.00006635672765750744342676023985968024174907963427467181421,0.3137744661751846607812729793789850870198650563915252506,65,-1.2826
-1.278274333333333,0.006962623829266799,6.622881788708243e-05,0.045845483078317074,-0.010104796372186305,-0.035740686706130766,0.08158616978444784,0.31421857897821354,12.059535850802028,2.6802957610847353,0.6803600339792265,-0.8604120823766488,1.8198836787080868,0.947539071554434,-0.0013509697458094427,0.8883923333333337,-1.278274333333333,0.006962623829266798511822577853218052003795610303521576519,0.00006622881788708243520168886498861677578873768354294312307,0.3142185789782135497073594143558170236107722276907117007,65,-1.2783
-1.2739411999999999,0.0069628929723993946,6.609942413567232e-05,0.045839070974083566,-0.010081781700863065,-0.0357572892732205,0.08159636024730406,0.3146648636598438,12.060652989146334,2.6817649861029196,0.6819164844895002,-0.8601572170197475,1.821607769083172,0.9480626968510477,-0.0013505941620055783,0.8927254666666667,-1.2739411999999999,0.006962892972399394420907644787535664340372271062543346634,0.00006609942413567232061787828902298322614454530977643174796,0.3146648636598438045805326533594712966035466092843368356,65,-1.2739
-1.2696080666666665,0.006963117309976161,6.59685614165221e-05,0.04583246312672565,-0.01005861435421243,-0.035773848772513224,0.08160631189923888,0.3151133021432455,12.061798068161755,2.683228943207194,0.6834760003778353,-0.8598990556127305,1.823329887594463,0.9485845021204953,-0.0013502154643629974,0.8970586000000002,-1.2696080666666665,0.006963117309976160899385628012535479625662332983874654791,0.00006596856141652210042160604804438771649570486385240158826,0.3151133021432455176128265037088608568856803987653903079,65,-1.2696
-1.265274933333333,0.006963297409746402,6.583624459237542e-05,0.04582566158569647,-0.010035295795360628,-0.035790365790335836,0.0816160273760323,0.3155638766429172,12.062970836585459,2.6846875561461627,0.6850385386663947,-0.8596375941310097,1.825049962015153,0.9491044609918341,-0.0013498337096566303,0.9013917333333337,-1.265274933333333,0.006963297409746402249200538664664411843440518227944820035,0.00006583624459237541094664185328591963571414225299167183862,0.3155638766429171747943914943466492710158859538884700417,65,-1.2653
-1.2609418,0.006963433834139322,6.570248837746038e-05,0.04581866837759918,-0.010011827468021147,-0.03580684090957803,0.08162550928717721,0.3160165696584401,12.064171046576714,2.6861407500442263,0.6866040569480109,-0.859372828866522,1.8267679211777041,0.9496225475832776,-0.001349448954129397,0.9057248666666666,-1.2609418,0.006963433834139321465711176067649045527895239615724126566,0.0000657024883774603845467613635199079708340498582899080013,0.3160165696584400978653027794411867212956337714066475618,65,-1.2609
-1.2566086666666665,0.006963527140344902,6.556730733943613e-05,0.0458114855065902,-0.009988210796847984,-0.03582327470974222,0.08163476021633242,0.3164713639683784,12.06539845364818,2.68758845137798,0.6881725133768587,-0.8591047564213252,1.828483694956655,0.9501387364939368,-0.0013490612535002964,0.9100580000000001,-1.2566086666666665,0.006963527140344902360246616996364690216902512690889214999,0.00006556730733943613183023753934244714929110376397603016121,0.3164713639683783866465623120885419460311502798108850468,65,-1.2566
-1.252275533333333,0.006963577880393059,6.543071590130104e-05,0.04580411495477323,-0.009964447187781188,-0.035839667766992045,0.08164378272176527,0.31692824262431957,12.066652816598847,2.689030587953045,0.6897438666593337,-0.8588333737012881,1.830197214251757,0.9506530027957092,-0.0013486706629723198,0.9143911333333337,-1.252275533333333,0.00696357788039305934618650545716236630747114370223159654,0.00006543071590130104304426213479402686674974680335781858263,0.316928242624319593794885318195795784016673239604085487,65,-1.2523
-1.2479424,0.006963586601231099,6.529272834326357e-05,0.0457965586825844,-0.009940538028384793,-0.03585602065419961,0.081652579336784,0.3173871889450532,12.067933897448574,2.690467088881306,0.6913180760451323,-0.858558677909872,1.831908410971434,0.951165322025315,-0.0013482772372401975,0.9187242666666666,-1.2479424,0.006963586601231099021784468549075825103317456305983098323,0.00006529272834326357192385083601308036795139614077322026931,0.317387188945053202489662321215542446936248096255236659,65,-1.2479
-1.2436092666666665,0.006963553844799536,6.515335880457658e-05,0.04578881862916876,-0.009916484688177438,-0.035872333940991326,0.08166115257016009,0.3178481865108826,12.069241461374201,2.691897884558559,0.6928951013185276,-0.8582806665420033,1.8336172180165555,0.9516756701764748,-0.0013478810304979813,0.9230574000000001,-1.2436092666666665,0.006963553844799535779404484660591585035783019469829694297,0.00006515335880457657403283105120263168689189124427086457372,0.3178481865108826184009361804611208237424238585113188898,65,-1.2436
-1.239276133333333,0.006963480148106303,6.501262128533625e-05,0.045780896712748355,-0.009892288518955815,-0.03588860819379254,0.0816695049065409,0.3183112191580665,12.07057527664717,2.693322906642553,0.6944749027898345,-0.8579993373780362,1.8353235692645167,0.9521840236922267,-0.0013474820964464644,0.9273905333333337,-1.239276133333333,0.00696348014810630275271373694715742881380302287142988535,0.00006501262128533625291398315435540567371577026615699943047,0.3183112191580665039712282487917003456066544749815165106,65,-1.2393
-1.234943,0.006963366043299398,6.48705296482463e-05,0.045772794830982046,-0.009867950855111137,-0.03590484397587091,0.08167763880685296,0.31877627097338684,12.07193511457263,2.694742088031421,0.6960574412870618,-0.8577146884778021,1.837027399553619,0.9526903594573801,-0.0013470804883004468,0.9317236666666666,-1.234943,0.006963366043299398095760365188574697370696437431387604848,0.00006487052964824630728299566254179681431320783074710304077,0.3187762709733868374666385477903681553326947253684606786,65,-1.2349
-1.2306098666666665,0.006963212057738005,6.472709762034828e-05,0.04576451486131738,-0.009843473013938819,-0.03592104184737856,0.08168555670869594,0.3192433262888398,12.073320749429955,2.6961553628424917,0.6976426781477438,-0.8574267181747453,1.8387286446677462,0.9531946547911037,-0.0013466762587958465,0.9360568000000001,-1.2306098666666665,0.006963212057738005264975282206275804165706539218229598005,0.00006472709762034827329764973209690504503134977355108522972,0.3192433262888397693872542430620063477007660386106421642,65,-1.2306
-1.226276733333333,0.006963018714062125,6.458233879471904e-05,0.04575605866133464,-0.009818856295941557,-0.035937202365393085,0.08169326102672773,0.31971236967644545,12.074731958414686,2.697562666391468,0.6992305752109469,-0.8571354250701438,1.8404272413213236,0.9536968874396424,-0.0013462694601966637,0.9403899333333336,-1.226276733333333,0.00696301871406212516566530411273498381867561225977252658,0.00006458233879471904258134078792783095085639158816419672668,0.31971236967644544247348420595492494070179618286097704,65,-1.2263
-1.2219436,0.006962786530260757,6.443626663213607e-05,0.04574742806908337,-0.009794101985125946,-0.035953326083957425,0.08170075415304079,0.3201833859431745,12.0761685215818,2.698963935171975,0.7008210948094477,-0.8568408080274142,1.8421231271445606,0.954197035569165,-0.0013458601443017985,0.9447230666666667,-1.2219436,0.006962786530260756451403530521115870366606501389790122298,0.00006443626663213606652515721223461488869120675649601802277,0.320183385943174502280141934925598910878250528731650016,65,-1.2219
-1.2176104666666665,0.00696251601973866,6.428889446271118e-05,0.045738624903411414,-0.009769211349292808,-0.035969413554118604,0.08170803845753002,0.3206563601259877,12.077630221790322,2.700359106835463,0.7024141997620784,-0.8565428661664963,1.8438162406689667,0.9546950777587344,-0.0013454483624517268,0.9490562000000001,-1.2176104666666665,0.006962516019738659446677504033872910982964556493466267723,0.00006428889446271117358475219175975094298123296412669283759,0.3206563601259876842204148020562376524276925045074582807,65,-1.2176
-1.213277333333333,0.006962207691381738,6.414023548749392e-05,0.045729650964286876,-0.00974418564032144,-0.03598546532396544,0.08171511628825232,0.32113127748698495,12.07911684464919,2.7017481201714553,0.7040098533662326,-0.8562415988583209,1.8455065213131345,0.9551909929934017,-0.001345034165535039,0.9533893333333336,-1.213277333333333,0.006962207691381738454075241501579153794811015477452481656,0.00006414023548749391500080186360685188607582757295365403217,0.3211312774869849454512069225526462224612469301634593303,65,-1.2133
-1.2089442,0.0069618620496210756,6.399030278004488e-05,0.04572050803311298,-0.009719026094447858,-0.03600148193866512,0.0817219899717781,0.3216081235086622,12.080628178464403,2.7031309150881415,0.7056080193905291,-0.8559370057193545,1.8471939093687868,0.9556847606574215,-0.001344617603994843,0.9577224666666667,-1.2089442,0.006961862049621075379556365201181187561103267212165552529,0.00006399030278004487423859082546539181242497871042470714507,0.3216081235086621780692674040229749478139224004413190863,65,-1.2089
-1.2046110666666665,0.006961479594495648,6.383910928797981e-05,0.045711197873036125,-0.009693733932537241,-0.03601746394049889,0.08172866181353501,0.32208688388927215,12.082164014187345,2.704507432593302,0.7072086620676318,-0.8556290866062236,1.8488783459870786,0.9561763605275827,-0.001344198727835037,0.9620556000000001,-1.2046110666666665,0.00696147959449564726814961602876052339817699847771497413,0.00006383910928797980636625711115999991610395696093995479825,0.3220868838892721696744292739805735098495550315823350943,65,-1.2046
-1.200277933333333,0.006961060821713759,6.368666783448547e-05,0.04570172222924731,-0.009668310360350728,-0.03603341186889658,0.0817351340981439,0.32256754453828657,12.083724145364322,2.705877614775564,0.7088117460872158,-0.8553178416104141,1.8505597731651497,0.9566657727666564,-0.0013437775866264514,0.9663887333333336,-1.200277933333333,0.006961060821713759721530421466736264942055330073314844037,0.00006368666783448546411496104610583638977038640430188893109,0.3225675445382865499827597602738800371978664029109430779,65,-1.2003
-1.1959448,0.006960606222713226,6.353299111980748e-05,0.04569208282927702,-0.009642756568806664,-0.03604932626047035,0.08174140908974736,0.323050091571957,12.08530836808722,2.707241404785971,0.7104172365890815,-0.8550032710530472,1.852238133732924,0.9571529779169555,-0.0013433542295128674,0.9707218666666667,-1.1959448,0.006960606222713226088903865028467654114019321072569987905,0.0000635329911198074773708813355452627899312965243082924611,0.3230500915719570385099848915798277727468973737488650884,65,-1.1959
-1.1916116666666665,0.0069601162847203225,6.33780917227111e-05,0.0456822813832838,-0.009617073734236462,-0.03606520764904734,0.08174748903233114,0.3235345113089729,12.086916480945314,2.7085987468198747,0.7120250991564118,-0.8546853754797276,1.853913371340147,0.9576379568940057,-0.0013429287052169128,0.9750550000000001,-1.1916116666666665,0.006960116284720322432251492620477716916053115022066019709,0.00006337809172271109788636593458374898557697207851356974371,0.3235345113089729102468232755166713985143827625406335703,65,-1.1916
-1.187278533333333,0.006959591490807548,6.322198210191562e-05,0.0456723195843367,-0.009591263018635237,-0.03608105656570146,0.08175337615003817,0.32402079026621167,12.088548284978124,2.709949586099126,0.7136352998091644,-0.8543641556554663,1.8555854304436596,0.9581206909803237,-0.0013425010620458373,0.9793881333333336,-1.187278533333333,0.006959591490807547723624728687965662078505777874936150567,0.00006322198210191561311036059122709479377277365748153744227,0.3240207902662116601929418219853822757011805231028330335,65,-1.1873
-1.1829454,0.006959032319950216,6.306467459750273e-05,0.04566219910869162,-0.009565325569907294,-0.036096873538784324,0.08175907264747595,0.3245089151545814,12.090203583629368,2.711293868854574,0.7152478049976027,-0.8540396125596733,1.8572542562949006,0.9586011618193025,-0.0013420713478971725,0.9837212666666667,-1.1829454,0.006959032319950216403210478885350195860476825421599787804,0.00006306467459750273332286182584629557260423881106300931144,0.3245089151545814329231583948144930568514781568593496716,65,-1.1829
-1.1786122666666665,0.006958439247081911,6.290618143229971e-05,0.04565192161606188,-0.009539262522106618,-0.03611265909395526,0.08176458071001715,0.3249988728749524,12.091882182701923,2.712631542308855,0.7168625815959564,-0.8537117473812215,1.858919794927634,0.959079351409201,-0.0013416396102642766,0.9880544000000002,-1.1786122666666665,0.006958439247081910963137873247909187815657653279539292095,0.00006290618143229971483032946694341892589222010542851516995,0.3249988728749523590567447892499939605067024064441656715,65,-1.1786
-1.1742791333333331,0.006957812743148822,6.274651471323799e-05,0.045641488749883,-0.009513074995672513,-0.036128413754210484,0.08176990250409348,0.325490650514174,12.093583890313813,2.713962554659475,0.7184795968962103,-0.8533805615135789,1.860581993145896,0.9595552420972332,-0.0013412058962417683,0.9923875333333335,-1.1742791333333331,0.006957812743148821761605298350977750034552065952028308388,0.00006274651471323797918433817987095599929894610731982385157,0.3254906505141739854070917804521276546078873339553030036,65,-1.1743
-1.169946,0.006957153275162999,6.258568643268745e-05,0.04563090213757192,-0.009486764097660458,-0.036144138039911455,0.08177504017748337,0.32598423534117765,12.095308516855143,2.7152868550621685,0.7200988186020189,-0.8530460565500098,1.8622407985121587,0.9600288165737602,-0.0013407702525308532,0.9967206666666667,-1.169946,0.006957153275162998579574161082603651530287369811393757881,0.00006258568643268744951675869928299394047275825832111912278,0.3259842353411776714308139628614389452840534452264692383,65,-1.1699
-1.1656128666666665,0.00695646130625454,6.24237084697674e-05,0.045620163390780795,-0.009460330921968343,-0.03615983246881245,0.08177999585959325,0.32647961480316107,12.097055874946022,2.716604393614544,0.7217202148227422,-0.8527082342788411,1.8638961593357026,0.9605000578665778,-0.0013403327254445409,1.0010538000000002,-1.1656128666666665,0.006956461306254539788009527339609395531422816306917070766,0.00006242370846976740019931274846206994494876924737880586795,0.3264796148031610570530560483462507164472470276250928848,65,-1.1656
-1.1612797333333331,0.006955737295722744,6.22605925916344e-05,0.045609274105645456,-0.009433776549558173,-0.03617549755608728,0.08178477166173274,0.32697677652185236,12.098825779395389,2.7179151213399924,0.7233437540676012,-0.8523670966787963,1.8655480246611962,0.9609689493353009,-0.001339893360912761,1.0053869333333336,-1.1612797333333331,0.006955737295722743764336655180051871298799755116569407347,0.0000622605925916344074419928751970108197763487612520848116,0.326976776521852381672544373813535951454023394565315995,65,-1.1613
-1.1569465999999997,0.006954981699086245,6.209635045474768e-05,0.04559823586302868,-0.009407102048673347,-0.036191133814355333,0.08178936967738401,0.3274757082898534,12.100618047160753,2.7192189901718686,0.7249694052399481,-0.8520226459143917,1.867196344257477,0.9614354746658416,-0.0013394522044873772,1.009720066666667,-1.1569465999999997,0.006954981699086245232409542406742441512067029472082734125,0.00006209635045474768700864355174624162219139235073430378497,0.3274757082898533697479921839145195306043599092847820512,65,-1.1569
-1.1526134666666665,0.006954194968132161,6.193099360611257e-05,0.045587050228758405,-0.009380308475051637,-0.03620674175370677,0.08179379198246517,0.327976398067058,12.102432497308818,2.7205159529379297,0.7265971376316506,-0.8516748843313983,1.8688410686065315,0.9618996178649794,-0.001339009301347101,1.0140532000000002,-1.1526134666666665,0.006954194968132160597370287277332568559920108667354872819,0.00006193099360611257921831987325021240150798809624711635724,0.3279763980670579635730991315534759616969856247524700798,65,-1.1526
-1.1482803333333331,0.006953377550964264,6.176453348450252e-05,0.045575718753861044,-0.009353396872133941,-0.0362223218817271,0.08179804063558814,0.3284788339771455,12.104268950976959,2.721805963345031,0.728226920917586,-0.8513238144523643,1.8704821488926666,0.9623613632550218,-0.00133856469630231,1.0183863333333336,-1.1482803333333331,0.006953377550964263967619684902588812709031296899986407997,0.00006176453348450251359742102438710704789057139471352911103,0.328478833977145509926316348971032845243671817733108691,65,-1.1483
-1.1439471999999997,0.0069525298920502165,6.159698142166008e-05,0.04556424297478991,-0.00932636827126895,-0.03623787470352096,0.08180211767831087,0.3289830043041461,12.106127231335538,2.723088975964072,0.7298587251502427,-0.8509694389721997,1.8721195369918722,0.9628206954685529,-0.00133811843379977,1.022719466666667,-1.1439471999999997,0.006952529892050216362202988984261599301856012041779714065,0.00006159698142166008895607983978677066736435520962123082831,0.32898300430414609915802930416469295925637418337884515,65,-1.1439
-1.1396140666666665,0.006951652432267868,6.14283486434776e-05,0.045552624413649004,-0.009299223691913779,-0.036253400721735225,0.08180602513538424,0.3294888974890767,12.108007163551047,2.7243649462151898,0.7314925207544272,-0.8506117607538214,1.8737531854613683,0.9632775994432696,-0.0013376705579272667,1.0270526000000002,-1.1396140666666665,0.006951652432267868624231509396212969679949034727400344258,0.00006142834864347759519868468139722822741210886683780712517,0.3294888974890767094380400381109778833268575275498295974,65,-1.1396
-1.1352809333333331,0.006950745608950659,6.125864627115751e-05,0.045540864578412166,-0.009271964141830695,-0.03626890043658147,0.08180976501499364,0.3299965021266462,12.109908574750023,2.7256338303531913,0.7331282785220724,-0.8502507828238568,1.8753830475293345,0.9637320604169021,-0.0013372211124181431,1.0313857333333336,-1.1352809333333331,0.006950745608950658985876158240220509528071452291149088593,0.00006125864627115750687594538796415014196568888728418967955,0.3299965021266462051378226832579525576337624167571435475,65,-1.1353
-1.1309477999999997,0.006949809855932126,6.108788532235347e-05,0.045528964963137734,-0.009244590617280024,-0.03628437434585771,0.08181333930899545,0.3305058069620273,12.11183129398376,2.7268955854532235,0.7347659696071474,-0.8498865083684066,1.877009077084817,0.9641840639222178,-0.0013367701406557537,1.035718866666667,-1.1309477999999997,0.006949809855932125777547799433815803796728832588145345351,0.00006108788532235347007359597394220007891395546492448636013,0.3305058069620272834807225480285645432359091277258686735,65,-1.1309
-1.1266146666666665,0.006948845603589554,6.091607671229208e-05,0.04551692704817889,-0.009217104103209304,-0.036299822944969584,0.08181674999314847,0.33101680088769414,12.113775152193776,2.728150169396674,0.7364055655206626,-0.8495189407288637,1.8786312286678104,0.9646335957821075,-0.0013363176856778266,1.0400520000000002,-1.1266146666666665,0.006948845603589554112401305249550849306225097602922000264,0.00006091607671229208126407084728639643494397310698262790064,0.3310168008876941451033017761413475479431118430839096067,65,-1.1266
-1.1222815333333331,0.006947853278886776,6.074323125487596e-05,0.04550475230038961,-0.009189505573438807,-0.03631524672695081,0.08181999902734043,0.3315294729403241,12.115739982177999,2.729397540857299,0.7380470381257722,-0.8491480833977896,1.8802494574595094,0.9650806421047514,-0.0013358637901807453,1.0443851333333336,-1.1222815333333331,0.006947853278886775921526543965712777731506412970619298913,0.00006074323125487595449103346486453330256190730439891848947,0.3315294729403240831156615878394290476592365317252303802,65,-1.1223
-1.1179483999999997,0.006946833305416142,6.0569359663768564e-05,0.045492442173326576,-0.009161795990843491,-0.036330646182483085,0.08182308835580966,0.3320438122977612,12.117725618557692,2.7306376592875745,0.7396903596329678,-0.8487739400148457,1.881863719272729,0.9655251892788641,-0.0013354084965237446,1.048718266666667,-1.1179483999999997,0.006946833305416142307774227446774581687382025632804621079,0.00006056935966376856579892533012846411227310807568741175167,0.3320438122977612256847151460094353378119929844514398972,65,-1.1179
-1.1136152666666665,0.0069457861034396854,6.0394472553461136e-05,0.04547999810744687,-0.009133976307531464,-0.036346021799915404,0.08182601990736227,0.33255980827604137,12.119731897745076,2.7318704849052664,0.7413355025953633,-0.848396514362779,1.8834739705424874,0.9659672239690158,-0.001334951846733028,1.0530514000000002,-1.1136152666666665,0.006945786103439685466021491505809888924228156127134016573,0.00006039447255346113795672705384314163756430778045470513651,0.3325598082760413503372472078082437190411396328982142906,65,-1.1136
-1.1092821333333331,0.006944712089929488,6.021858044032203e-05,0.045467421530301776,-0.009106047465019057,-0.03636137406528272,0.0818287955955845,0.3330774503264761,12.12175865791163,2.733095978680211,0.7429824399040684,-0.8480158103634606,1.8850801683167504,0.9664067331110303,-0.0013344938825058034,1.0573845333333336,-1.1092821333333331,0.006944712089929488117844537544352028911738725829950951064,0.00006021858044032203125305650871116994114367239735928412134,0.3330774503264760962470427968727218097872868848031198039,65,-1.1093
-1.1049489999999997,0.006943611678607278,6.00416937436291e-05,0.04545471385672665,-0.009078010394402569,-0.03637670346232408,0.08183141731905072,0.33359672803279494,12.123805738957067,2.734314102321312,0.7446311447836482,-0.8476318320739792,1.8866822702473327,0.9668437039074568,-0.001334034645214244,1.061717666666667,-1.1049489999999997,0.006943611678607278041737917992962550338733218715048174173,0.00006004169374362909953332173579354366414016728036572589647,0.3335967280327949369931220433266223663744602012661236539,65,-1.1049
-1.1006158666666666,0.006942485279983263,5.986382278658525e-05,0.045441876489026964,-0.009049866016526754,-0.03639201047250021,0.08183388696152717,0.33411763110834397,12.125872982478954,2.7355248182637366,0.7462815907876668,-0.8472445836827833,1.888280234580953,0.9672781238231137,-0.0013335741759093705,1.0660508,-1.1006158666666666,0.00694248527998326352743307282383983590764610758024487384,0.00005986382278658524602668150217924031617495595103549678094,0.3341176311083439494426971792659394982824244094020542257,65,-1.1006
-1.0962827333333331,0.0069413333013942265,5.968497779731759e-05,0.04542891081716066,-0.00902161524215015,-0.03640729557501051,0.08183620639217118,0.3346401493933399,12.12796023174298,2.7367280896563186,0.747933751794314,-0.8468540695058764,1.889874020150442,0.9677099805807056,-0.001333112515324861,1.0703839333333336,-1.0962827333333331,0.00694133330139422621917287840349492427727921794288795096,0.00005968497779731758807285048720469021054395304555001839321,0.3346401493933399085200274505251938517490356473274622639,65,-1.0963
-1.0919495999999997,0.006940156147040888,5.950516890986075e-05,0.045415818218916874,-0.008993258972107303,-0.03642255924680957,0.08183837746572645,0.3351642728521779,12.130067331653835,2.737923880349157,0.7495876020021115,-0.8464602939830617,1.8914635863660956,0.9681392621565077,-0.0013326497038807876,1.074717066666667,-1.0919495999999997,0.006940156147040888218365096952634288769338017347342994524,0.00005950516890986074926513693297577879066792206412957401256,0.3351642728521779329588520433902800029712263859670673304,65,-1.0919
-1.0876164666666666,0.006938954218024567,5.932440616512434e-05,0.04540260006009104,-0.008964798097467941,-0.0364378019626231,0.08184040202271414,0.33568999157079227,12.132194128726695,2.739112154881411,0.7512431159256986,-0.8460632616742353,1.8930488932071754,0.968565956776122,-0.0013321857816872822,1.0790502,-1.0876164666666666,0.006938954218024567034461033114606538765835126444553535651,0.0000593244061651243396131366913632001515112475775712400411,0.3356899915707922567876116180739612838717747276786715825,65,-1.0876
-1.0832833333333332,0.006937727912383135,5.9142699511845153e-05,0.045389257694656585,-0.008936233499693198,-0.036453024194963386,0.08184228188961998,0.33621729575406833,12.134340471059305,2.740292878469281,0.7529002683916936,-0.8456629772557294,1.8946299012135517,0.9689900529102984,-0.0013317207885481322,1.0833833333333334,-1.0832833333333332,0.006937727912383134602018797050762052354367815297127116858,0.00005914269951184515525406668120482867306220727107019125385,0.336217295754068331554697942128960595033841164309469173,65,-1.0833
-1.0789501999999997,0.006936477625126295,5.8960058807524474e-05,0.04537579246493322,-0.008907566050788953,-0.03646822641414427,0.08184401887907748,0.33674617572330495,12.136506208304638,2.7414660169941856,0.7545590345346305,-0.8452594455167008,1.896206571477485,0.9694115392708235,-0.0013312547639643074,1.087716466666667,-1.0789501999999997,0.006936477625126295367275182744232111277089056188178063368,0.00005896005880752447704504004230179668054606288059132482549,0.3367461757233049249106546313909880230030112304311006962,65,-1.079
-1.0746170666666666,0.006935203748270197,5.877649381935062e-05,0.045362205701751854,-0.008878796613456306,-0.03648340908829555,0.08184561479004741,0.33727662191372554,12.138691191644115,2.742631536991112,0.7562193897929685,-0.8448526713555689,1.8977788656355428,0.9698304048064731,-0.0013307877471374233,1.0920496000000002,-1.0746170666666666,0.006935203748270196549502061810908476567949942685572679251,0.00005877649381935061595655827749795914263178484394864606535,0.3372766219137255611674582414507577345756065456856618492,65,-1.0746
-1.0702839333333332,0.006933906670871385,5.8592014225107065e-05,0.04534849872461634,-0.008849926041239296,-0.03649857268337704,0.08184707140799338,0.33780862487203805,12.140895273761377,2.7437894056371523,0.7578813099051747,-0.8444426597764968,1.8993467458606554,0.9702466386990299,-0.001330319776973134,1.0963827333333334,-1.0702839333333332,0.006933906670871384739638229397106708074517674915289434119,0.00005859201422510706430602078966563646092414205872950655486,0.3378086248720380422723121868939809431430859906964049833,65,-1.0703
-1.0659507999999998,0.006932586779060124,5.840662961406676e-05,0.045334672841861955,-0.008820955178669923,-0.03651371766319204,0.08184839050505399,0.33834217525404037,12.143118308816595,2.744939590740217,0.7595447709058734,-0.8440294158859202,1.900910174854297,0.9706602303593627,-0.0013298508920844662,1.1007158666666668,-1.0659507999999998,0.006932586779060123806811867767550210519568901843691085728,0.00005840662961406676055511017953219573442407998208581565567,0.3383421752540403717655278774175524352981184255747196303,65,-1.066
-1.0616176666666666,0.006931244456073085,5.8220349487872475e-05,0.04532072935081086,-0.008791884861410498,-0.03652884448940036,0.08184957384021121,0.33887726382227285,12.145360152421311,2.7460820607279186,0.7612097491220663,-0.843612944889119,1.9024691158387999,0.9710711694235667,-0.001329381130795087,1.1050490000000002,-1.0616176666666666,0.006931244456073085285617621709998860545059144775211504427,0.00005822034948787247155795980529095583123073074964726457963,0.3388772638222728681454417786324968488349057750991679305,65,-1.0616
-1.0572845333333332,0.006929880082285425,5.803318326140375e-05,0.04530666953792442,-0.008762715916393413,-0.03654395362153101,0.08185062315945543,0.3394138814437149,12.147620661613784,2.7472167846366276,0.7628762211694188,-0.8431932520868338,1.904023532549794,0.9714794457491654,-0.0013289105311425117,1.1093821333333336,-1.0572845333333332,0.006929880082285425255958909701606576800237036778901941979,0.00005803318326140374921887976081552262150753760689049002747,0.3394138814437149516199457999118744398971481864145686215,65,-1.0573
-1.0529513999999998,0.006928494035242261,5.7845140263630794e-05,0.04529249467895269,-0.008733449161958378,-0.03655904551699431,0.081851540195947,0.3399520190875255,12.149899694834847,2.7483437321006945,0.7645441639486104,-0.8427703428719246,1.90557338922877,0.97188504941137,-0.0013284391308812525,1.1137152666666668,-1.0529513999999998,0.006928494035242260668176559514665653063224185441898628652,0.00005784514026363079617794377805650949913161308611916321128,0.3399520190875254538545421574983941218523905204779940713,65,-1.053
-1.0486182666666666,0.006927086689689556,5.765622973845537e-05,0.04527820603908081,-0.008704085407987169,-0.03657412063109364,0.08185232667017445,0.3404916678228259,12.152197111904236,2.749462873341836,0.7662135546417497,-0.8423442227260723,1.9071186506157638,0.9722879706993982,-0.0013279669674859055,1.1180484000000002,-1.0486182666666666,0.006927086689689556292311388962007228561921204945683249469,0.00005765622973845536902599234741961564169761093986896941833,0.3404916678228258986289283855664916833580756395529450863,65,-1.0486
-1.0442851333333332,0.006925658417604435,5.7466460845539066e-05,0.04526380487307273,-0.008674625456035949,-0.03658917941703678,0.08185298429010951,0.3410328188165256,12.15451277399743,2.7505741791586833,0.7678843707088515,-0.8419148972165218,1.9086592819421617,0.9726882001128492,-0.001327494078154183,1.1223815333333336,-1.0442851333333332,0.006925658417604434790738936425922009519270706820451794492,0.00005746646084553906792901281248494532386924960416055125744,0.341032818816525575078380978706874671679285898183294685,65,-1.0443
-1.0399519999999998,0.0069242095882249225,5.727584266111936e-05,0.045249292425412035,-0.008645070099465236,-0.0366042223259468,0.08185351475135884,0.34157546333118727,12.156846543622922,2.7516776209164857,0.7695565898843747,-0.8414823719928655,1.9101952489236202,0.9730857283581348,-0.0013270204998098876,1.126714666666667,-1.0399519999999998,0.006924209588224922193005102032369603323938054153418511866,0.00005727584266111935800435772966858021345028288985007335275,0.3415754633311872461368836722084178157298719917201852095,65,-1.04
-1.0356188666666666,0.0069227405680791386,5.708438417881343e-05,0.045234669930440084,-0.008615420123567516,-0.03661924980687257,0.08185391973731265,0.342119592722933,12.15919828459998,2.7527731705369707,0.7712301901738186,-0.8410466527838679,1.911726517753103,0.9734805463449656,-0.0013265462691058316,1.1310478000000002,-1.0356188666666666,0.006922740568079138990976386371681065889429040830667954973,0.000057084384178813425179687019086988538240634218347474061,0.3421195927229330341099967924254691490226877855338322304,65,-1.0356
-1.0312857333333332,0.006921251721013949,5.68920943104102e-05,0.04521993861249148,-0.0085856763056926,-0.03663426230679888,0.08185420091929035,0.34266519843938936,12.161567862036833,2.7538608004883582,0.7729051498503792,-0.840607745394329,1.9132530550940292,0.9738726451828911,-0.0013260714224267013,1.1353809333333336,-1.0312857333333332,0.006921251721013948529299998491252912689531514818856584912,0.00005689209431041019771714879161458298213377059729177558653,0.3426651984393893787846482620539694712192784490448728563,65,-1.0313
-1.0269525999999998,0.006919743408223074,5.669898188665086e-05,0.04520509968602691,-0.008555839415370766,-0.036649260270656146,0.08185435995668305,0.34321227201766996,12.163955142309304,2.7549404837755187,0.7745814474516608,-0.8401656557019872,1.9147748280735317,0.9742620161778923,-0.0013255959958918687,1.139714066666667,-1.0269525999999998,0.006919743408223074166419323741807451622436991664042535392,0.00005669898188665086148037362195838283936064086742172349704,0.3432122720176699822401028545808610374844088500175825449,65,-1.027
-1.0226194666666666,0.006918215988274695,5.6505055657997954e-05,0.04519015435576347,-0.008525910214433703,-0.036664244141329766,0.08185439849709324,0.34376080508239637,12.166359993039867,2.7560121939302844,0.7762590617764432,-0.8397203896544597,1.9162918042758248,0.974648650829027,-0.001325120025358152,1.1440472000000002,-1.0226194666666666,0.006918215988274694568567764764903912345512644375116847892,0.00005650505565799795177093314242070738718996004784102037759,0.3437608050823963571964085572479383959063517672371067722,65,-1.0226
-1.0182863333333332,0.006916669817138528,5.6310324295393336e-05,0.04517510381680244,-0.008495889457133326,-0.03667921435966911,0.08185431817647155,0.3443107893437549,12.168782283077135,2.7570759050019,0.7779379718815045,-0.839271953266222,1.9178039517356782,0.9750325408251258,-0.0013246435464225228,1.1483803333333336,-1.0182863333333332,0.00691666981713852805686455956110637420845728514477342523,0.00005631032429539333670650544962437291162099338449036048307,0.3443107893437549414841344342232999531560695079172041699,65,-1.0183
-1.0139531999999998,0.006915105248212417,5.611479639100541e-05,0.045159949254754625,-0.008465777890258526,-0.0366941713644961,0.08185412061925072,0.34486221659558974,12.171221882475733,2.7581315915476163,0.7796181570784951,-0.8388203526156225,1.9193112389319937,0.975413678041538,-0.0013241665944247654,1.152713466666667,-1.0139531999999998,0.006915105248212416746364309320621977838521205617969752374,0.00005611479639100540439478238180597089494418712009492981997,0.3448622165955897580110738695898544597357408670505059448,65,-1.014
-1.0096200666666666,0.006913522632348419,5.5918480458965516e-05,0.04514469184586333,-0.008435576253249855,-0.03670911559261347,0.0818538074384768,0.34541507871353033,12.17367866247659,2.759179228623422,0.781299596930865,-0.8383655938419352,1.9208136347814868,0.9757920545369274,-0.0013236892044500858,1.1570466000000001,-1.0096200666666666,0.006913522632348419052855434363906771280365372001953719107,0.00005591848045896551831947013396715634784811180635538548148,0.3454150787135303057524329552003274492569112794891652507,65,-1.0096
-1.0052869333333332,0.006911922317878421,5.572138493609404e-05,0.04512933275712492,-0.008405285278312215,-0.03672404747881271,0.08185338023593763,0.3459693676531537,12.176152495487617,2.760218791774914,0.7829822712508415,-0.8379076831424475,1.9223111086324665,0.9761676625501158,-0.0013232114113316724,1.1613797333333336,-1.0052869333333332,0.006911922317878420795512256669031782911342916786330991346,0.00005572138493609404104862992728395321643506170495639251021,0.3459693676531537056084901409012944938258562398403670449,65,-1.0053
-1.0009537999999998,0.006910304650639275,5.5523518182616225e-05,0.04511387314640715,-0.008374905690525597,-0.03673896745588155,0.0818528406022887,0.3465250754481801,12.178643255064772,2.7612502570282977,0.784666160096456,-0.8374466267695833,1.9238036302587147,0.9765404944969742,-0.0013227332496532104,1.165712866666667,-1.0009537999999998,0.00691030465063927495875971631650214055981203022401329636,0.00005552351818261622400315245727015840934596176385136701195,0.3465250754481801399949640694162686754099283186704343726,65,-1.001
-0.9966206666666666,0.006908669973997478,5.532488848286801e-05,0.04509831416256516,-0.008344438207953895,-0.03675387595461127,0.08185219011717644,0.34708219420870134,12.181150815893481,2.7622736008815227,0.78635124376862,-0.8369824310280606,1.9252911698534623,0.9769105429673611,-0.0013222547537513497,1.1700460000000001,-0.9966206666666666,0.006908669973997477965428402868234708538555549612312384052,0.00005532488848286801065335280784445543253484354764423678795,0.3470821942087013347587038156439041482521279395717454718,65,-0.99662
-0.9922875333333332,0.006907018628873392,5.512550404599204e-05,0.04508265694555538,-0.008313883541751844,-0.036768773403803544,0.08185143034935892,0.34764071611944114,12.183675053770454,2.7632888002955447,0.7880375028082488,-0.8365151022720838,1.9267736980234609,0.9772778007221062,-0.0013217759577181265,1.1743791333333335,-0.9922875333333332,0.006907018628873392054289613528782016564470646675227262307,0.00005512550404599203961547917454226625747112950147222748925,0.3476407161194411631753235387565210943246032772251248028,65,-0.99229
-0.9879543999999998,0.006905350953765023,5.492537300662413e-05,0.04506690262654714,-0.008283242396270126,-0.036783660230277015,0.08185056285682416,0.34820063343804747,12.186215845585837,2.7642958326857157,0.7897249179934303,-0.836044646902569,1.9282511857831466,0.9776422606900391,-0.0013212968954033411,1.178712266666667,-0.9879543999999998,0.006905350953765023205092841357108260276382741082140220811,0.00005492537300662413205655367672835749698350973317018222217,0.348200633438047465209693992543976955553384087221598686,65,-0.98795
-0.9836212666666666,0.0069036672847713615,5.4724503425570294e-05,0.04505105232803225,-0.008252515469158658,-0.03679853685887359,0.08184958918690584,0.3487619384934149,12.188773069305723,2.7652946759132977,0.7914134703366409,-0.8355710713644025,1.9297236045488952,0.9780039159650623,-0.0013208176004168928,1.1830454000000001,-0.9836212666666666,0.006903667284771361796844574440767831298716450705631203362,0.00005472450342557029497026523200920913810921130439614179339,0.348761938493414888604267599931212977543383169247986247,65,-0.98362
-0.9792881333333332,0.006901967955615295,5.4522903290474514e-05,0.04503510716393247,-0.008221703451468138,-0.03681340371246433,0.0818485108763968,0.3493246236840379,12.191346603955012,2.7662853082771006,0.7931031410820049,-0.8350943821437317,1.9311909261333693,0.978362759803268,-0.0013203381061310702,1.1873785333333335,-0.9792881333333332,0.006901967955615295009152541295438603354318437607554951502,0.00005452290329047451426864626279754359163492372131563047692,0.3493246236840378826251013627397353048847770372874934812,65,-0.97929
-0.9749549999999998,0.0069002532976660995,5.432058051647761e-05,0.04501906823970498,-0.008190807027749837,-0.03682826121195515,0.08184732945166012,0.34988868147639296,12.193936329600593,2.767267708505239,0.7947939117025972,-0.8346145857652879,1.9326531227399508,0.9787187856200976,-0.0013198584456828011,1.191711666666667,-0.9749549999999998,0.006900253297666099839703853193544223080107950101474906164,0.00005432058051647760984711298402055579092835819455707593507,0.3498886814763929872779182437691018697393013344971090115,65,-0.97495
-0.9706218666666666,0.006898523639961523,5.411754294686717e-05,0.04500293665244581,-0.008159826876153723,-0.03684310977629209,0.08184604642873791,0.3504541044033503,12.196542127334872,2.768241855747004,0.7964857638977894,-0.8341316887897414,1.934110166957263,0.979071986987542,-0.0013193786519758602,1.1960448000000001,-0.9706218666666666,0.006898523639961523309676229060174529545888596435771244976,0.00005411754294686716951629630050264521545059127793264275386,0.3504541044033502779120607410376707845908326619308542094,65,-0.97062
-0.9662887333333332,0.0068967793092294585,5.3913798353718824e-05,0.044986713490991356,-0.008128763668524906,-0.03685794982246645,0.08184466331345781,0.35102088506261314,12.199163879259606,2.76920772956486,0.7981786795906368,-0.8336456978110857,1.935562031753774,0.9794223576313853,-0.0013188987576830367,1.2003779333333335,-0.9662887333333332,0.006896779309229458330663950432245354432097403615015537722,0.0000539137983537188242287705649299941202077668968995634462,0.3510208850626131427304828537148362411416269347183474343,65,-0.96629
-0.9619555999999998,0.006895020629909224,5.370935443852913e-05,0.044970399836017944,-0.008097618070498473,-0.036872781765519475,0.08184318160153742,0.35158901611518556,12.201801468470066,2.770165309926542,0.7998726409253063,-0.8331566194540536,1.9370086904724886,0.9797698914284867,-0.0013184187952482627,1.204711066666667,-0.9619555999999998,0.006895020629909223581750297208016643910631283812197335819,0.00005370935443852912548840300246908646604212067229105968409,0.3515890161151855814033799951519106504269139421777913323,65,-0.96196
-0.9576224666666666,0.006893247924172454,5.350421883284003e-05,0.04495399676013958,-0.008066390741592716,-0.03688760601854686,0.08184160277868643,0.3521584902838669,12.204454779039503,2.77111457719728,0.8015676302645441,-0.8326644603715635,1.9384501168257164,0.9801145824041041,-0.0013179387968887013,1.2090442000000001,-0.9576224666666666,0.006893247924172453402496466291296038180979926612234008024,0.0000535042188328400282057422653167323774428051075008612128,0.3521584902838669338612781060510964114904643749765994379,65,-0.95762
-0.9532893333333332,0.006891461511943605,5.329839909885523e-05,0.04493750532800377,-0.008035082335300805,-0.036902422992702966,0.08183992832070673,0.35272930035177325,12.207123696003917,2.7720555121321198,0.8032636301871829,-0.8321692272421933,1.9398862848899263,0.9804564247292556,-0.0013174587945967984,1.2133773333333335,-0.9532893333333332,0.006891461511943605681952915464943691557626109173904683737,0.00005329839909885523083038559931287270306834007095356283029,0.3527293003517732594959593108173487226662304867293746118,65,-0.95329
-0.9489561999999998,0.006889661710920095,5.309190273004862e-05,0.04492092659638566,-0.00800369349918094,-0.036917233097204724,0.08183815969359039,0.3533014391608846,12.209808105347118,2.7729880958683606,0.8049606234856864,-0.8316709267676855,1.941317169100675,0.9807954127181202,-0.0013169788201422956,1.217710466666667,-0.9489561999999998,0.00688966171092009560939235007202366656022574479031170848,0.00005309190273004862327121936407971103053857431866847117181,0.3533014391608845964983458759701729295889098022575109927,65,-0.94896
-0.9446230666666666,0.006887848836592061,5.288473715176483e-05,0.044904261614280294,-0.007972224874944993,-0.036932036739335296,0.08183629835361558,0.3538748996106181,12.212507893986091,2.773912309918096,0.8066585931637316,-0.8311695656704794,1.9427427442476166,0.9811315408254759,-0.0013164989050742067,1.2220436000000001,-0.9446230666666666,0.006887848836592060770364556297182196534537085718872795482,0.00005288473715176483318984720431185348196230928026583999934,0.3538748996106180557527964630751425233833775203328468706,65,-0.94462
-0.9402899333333332,0.006886023202261765,5.267690972181211e-05,0.04488751142299317,-0.007940677098545674,-0.0369468343244475,0.08183434574744068,0.354449674656426,12.215222949756628,2.7748281361608584,0.808357522433828,-0.8306651506912716,1.944162985469587,0.9814648036441751,-0.0013160190807227578,1.2263767333333335,-0.9402899333333332,0.006886023202261765113632577396076596033721858517091217265,0.00005267690972181211273835193324627506300334877865366257039,0.354449674656426008613173722269165698025170577864185456,65,-0.94029
-0.9359567999999998,0.00688418511906265,5.2468427731047805e-05,0.04487067705622919,-0.007909050800262277,-0.03696162625596691,0.0818323033121961,0.3550257573084186,12.217953161399253,2.775735556836368,0.8100573947149721,-0.8301576885866047,1.9455778682497635,0.9817951959026567,-0.0013155393782012933,1.230709866666667,-0.9359567999999998,0.006884185119062649209551182764239247977984422137034281253,0.00005246842773104780668910396886454386750408973691085773099,0.3550257573084186363195606144975143064144693457914697906,65,-0.93596
-0.9316236666666666,0.006882334895978032,5.225929840395638e-05,0.044853759540179776,-0.007877346604784997,-0.036976412935394776,0.08183017247557454,0.35560314063001086,12.22069841854541,2.776634554537381,0.8117581936303365,-0.8296471861264824,1.9469873684108985,0.9821227124624937,-0.001315059828408145,1.2350430000000001,-0.9316236666666666,0.006882334895978031801516527231626950582830476461501117558,0.00005225929840395638073666720049707507377050403458567403654,0.3556031406300108373459201970927937815901057985964152029,65,-0.93162
-0.9272905333333332,0.00688047283985947,5.204952889922024e-05,0.044836759893608504,-0.007845565131297867,-0.036991194762310636,0.08182795465591915,0.3561818177365928,12.22345861170393,2.7775251122026368,0.8134599030049947,-0.829133650092012,1.9483914621106249,0.9824473483159767,-0.0013145804620284685,1.2393761333333335,-0.9272905333333332,0.006880472839859469756965386795474704386840499448297724438,0.00005204952889922024304639460777441490846024059301361052157,0.3561818177365927878152322173588427441023992033032365351,65,-0.92729
-0.9229573999999998,0.006878599255444783,5.183912631028359e-05,0.04481967912793507,-0.007813706993560338,-0.03700597213437473,0.08182565126230981,0.35676178179422346,12.226233632247743,2.7784072131099053,0.8151625068636777,-0.828617087273073,1.9497901258368322,0.9827690985837314,-0.001314101309536046,1.243709266666667,-0.9229573999999998,0.006878599255444783427790853865164599144700595251484572665,0.00005183912631028359117616619335391228656943098445887525301,0.3567617817942234575850280314569295597077522160990262261,65,-0.92296
-0.9186242666666664,0.006876714445375752,5.162809766590924e-05,0.04480251824731769,-0.007781772799987531,-0.03702074544733015,0.08182326369464783,0.35734302601834717,12.229023372400869,2.7792808408691263,0.8168659894285649,-0.8280975044660115,1.9511833364031146,0.9830879585123711,-0.001313622401195055,1.2480424000000003,-0.9186242666666664,0.006876714445375751889468530780560940825174528240375952792,0.00005162809766590924239269881517883004993011806539148362917,0.3573430260183471438558753782860460056458963866539341213,65,-0.91862
-0.9142911333333332,0.006874818710215486,5.141644993072874e-05,0.04478527824873393,-0.00774976315372918,-0.037035515095004745,0.08182079334373867,0.35792554367253215,12.23182772522564,2.7801459794156442,0.818570335117106,-0.8275749084713602,1.952571070944284,0.9834039234721818,-0.001313143767061807,1.2523755333333335,-0.9142911333333332,0.006874818710215485389373385725806554979473606172988931952,0.00005141644993072874043869635495868622794434764063948476104,0.3579255436725321622576246575150424059177598845298354804,65,-0.91429
-0.9099579999999998,0.00687291234846548,5.1204190005785756e-05,0.04476796012206011,-0.007717678652747289,-0.037050281469312815,0.08181824159137292,0.35850932806723157,12.234646584610186,2.7810026130035377,0.8202755285398753,-0.8270493060915836,1.9539533069119543,0.983716988954841,-0.0013126654369864513,1.256708666666667,-0.9099579999999998,0.006872912348465479802632431183942235742590670171605344592,0.00005120419000578575788703093891288476645254917236607714797,0.3585093280672315939628319716541486913352758856592063338,65,-0.90996
-0.9056248666666664,0.00687099565658236,5.0991324729073086e-05,0.04475056485014914,-0.0076855198898925494,-0.03706504496025659,0.08181560981040573,0.35909437255856524,12.237479845256148,2.781850726199037,0.8219815544984563,-0.8265207041288475,1.9553300220701892,0.9840271505711689,-0.0013121874406146505,1.2610418000000003,-0.9056248666666664,0.006870995656582360205895441138312956476878424060849050014,0.0000509913247290730831613787010843514330413510984749323468,0.3590943725585652466631886655813999864346881537627902849,65,-0.90562
-0.9012917333333332,0.006869068928994317,5.0777860876063136e-05,0.044733093408906945,-0.007653287452979514,-0.03707980595592743,0.08181289936483438,0.35968067054712294,12.240327402666644,2.78269030387403,0.8236883979833566,-0.825989109382814,1.956701194491216,0.9843344040489109,-0.0013117098073892237,1.2653749333333335,-0.9012917333333332,0.006869068928994317498679035864224262087536592996586200736,0.00005077786087606313679478132749073285505445770127164873647,0.3596806705471229382386688919273645120621233531159663965,65,-0.90129
-0.8969585999999998,0.006867132458117244,5.056380516023223e-05,0.044715546767367435,-0.007620981924860561,-0.03709456484250687,0.08181011160987431,0.36026821547678844,12.243189153134459,2.783521331199663,0.8253960441719522,-0.825454528648459,1.958066802551204,0.9846387452305526,-0.00131123256655176,1.269708066666667,-0.8969585999999998,0.006867132458117244321798794571448741660162088648107790099,0.00005056380516023223161224773942626774579156856695324529062,0.3602682154767884706352327443082055103105050731249395414,65,-0.89696
-0.8926254666666664,0.006865186534370576,5.034916423357879e-05,0.0446979258877661,-0.007588603883498689,-0.03710932200426741,0.08180724789203352,0.3608570008335837,12.246064993730458,2.7843437936400184,0.8271044784264613,-0.824916968713914,1.9594268249261042,0.9849401700711643,-0.0013107557471442033,1.2740412000000003,-0.8926254666666664,0.006865186534370576441942523814691118858114719732995106187,0.00005034916423357879091316390429462140112881702950368386821,0.360857000833583667011176013886272441403308087413275808,65,-0.89263
-0.8882923333333332,0.006863231446192843,5.0133944687135466e-05,0.04468023172561225,-0.007556153902039134,-0.03712407782357312,0.08180430954918537,0.36144702014453256,12.24895482229224,2.7851576769458837,0.8288136862919451,-0.824376436358331,1.9607812405875527,0.9852386746362768,-0.0013102793780104063,1.2783743333333335,-0.8882923333333332,0.006863231446192843247505420621277292254677936745038787016,0.00005013394468713546951544227510116994034225461591388137832,0.3614470201445325866464834048129155239735707083943839432,65,-0.88829
-0.8839591999999998,0.006861267480056933,4.991815305147538e-05,0.044662465229759814,-0.007523632548879845,-0.03713883268087997,0.08180129791063978,0.3620382669765453,12.251858537412993,2.785962967148604,0.8305236534943381,-0.8238329383497711,1.9621300287988328,0.9855342550997874,-0.001309803487797658,1.282707466666667,-0.8839591999999998,0.006861267480056933283349515341133041170295729573011430436,0.00004991815305147538544555139821462140086296423262225691047,0.3620382669765453119548426536183681660803305855676105311,65,-0.88396
-0.8796260666666664,0.006859294920485081,4.970179579721267e-05,0.04464462734247695,-0.007491040387740865,-0.037153586954736084,0.08179821429721303,0.3626307349353207,12.254776038430574,2.786759650554013,0.8322343659385043,-0.8232864814431137,1.9634731691108989,0.9858269077418937,-0.0013093281049581817,1.2870406000000003,-0.8796260666666664,0.006859294920485080677347852750375586654715048815472049014,0.00004970179579721266956678477668477306276473114561661447474,0.3626307349353207067817093420673377544151164677045606266,65,-0.87963
-0.8752929333333332,0.0068573140500635755,4.948487933549727e-05,0.04462671899951423,-0.007458377977732582,-0.03716834102178165,0.08179506002129588,0.3632244176642683,12.257707225416809,2.787547713736447,0.8339458097063203,-0.82273707237799,1.964810641358457,0.9861166289470583,-0.0013088532577506065,1.2913737333333335,-0.8752929333333332,0.00685731405006357576154466566522203738024055181325248541,0.00004948487933549726923762968641335641255046270498946162989,0.3632244176642682904795602553161804793133158428500534563,65,-0.87529
-0.8709597999999998,0.006855325149457206,4.926741001850421e-05,0.044608741130171665,-0.007425645873422925,-0.03718309525674874,0.0817918363869204,0.36381930884344865,12.26065199916698,2.7883271435328414,0.8356579710547845,-0.8221847178767369,1.9661424256561044,0.9864034152020004,-0.0013083789742414109,1.295706866666667,-0.8709597999999998,0.006855325149457205517628980257950566102392696942838282023,0.00004926741001850420739760015831818056813389702870289565643,0.3638193088434486467173373703871536048053608624629900854,65,-0.87096
-0.8666266666666664,0.006853328497423429,4.90493941399175e-05,0.04459069465736436,-0.007392844624903497,-0.03719785003246086,0.08178854468982522,0.3644154021885318,12.26361026118953,2.7890979270368983,0.8373708364141519,-0.8216294246423729,1.9674685023945253,0.9866872630937158,-0.0013079052823063411,1.3000400000000003,-0.8666266666666664,0.006853328497423429406625263943961365280936494141505029737,0.00004904939413991749809119961528101538816100676692903978624,0.364415402188531790187902177545352022607753573755199067,65,-0.86663
-0.8622935333333333,0.006851324370826294,4.883083793540865e-05,0.04457258049768703,-0.007359974777854672,-0.037212605719832356,0.08178518621751939,0.36501269144977366,12.266581913695969,2.789860051593338,0.8390843923860937,-0.8210711993565954,1.9687888522367427,0.986968169307525,-0.0013074322096318016,1.3043731333333333,-0.8622935333333333,0.006851324370826293615420085964702985423044533587821825769,0.000048830837935408651361391786818715205867832626390418705,0.3650126914497736497514690121281669350976491649303287892,65,-0.86229
-0.8579603999999998,0.006849313044650088,4.8611747583109925e-05,0.044554399561477304,-0.007327036873609664,-0.03722736268786764,0.08178176224934494,0.3656111704110102,12.269566859590965,2.7906135047922236,0.8407986257418818,-0.8205100486777989,1.9701034561144248,0.9872461306251479,-0.0013069597837162216,1.308706266666667,-0.8579603999999998,0.006849313044650088749353609138058000422150437913350654239,0.00004861174758310992764439088221062924982538693769178311952,0.3656111704110102061564046997573248098021292272022956983,65,-0.85796
-0.8536272666666664,0.006847294792012757,4.839212920408264e-05,0.04453615275287779,-0.007294031449217618,-0.03724212130366017,0.08177827405653797,0.36621083288866846,12.272565002462638,2.7913582744633567,0.8425135234205963,-0.8199459792391123,1.9714122952242445,0.9875211439228048,-0.0013064880318713952,1.3130394000000003,-0.8536272666666664,0.00684729479201275723212016352366111494634667390794762043,0.00004839212920408264290451595822654949765223488268919546942,0.3662108328886684397625302503107852679202584866354818974,65,-0.85363
-0.8492941333333333,0.006845269884179051,4.817198886278027e-05,0.044517840969897034,-0.007260959037505703,-0.03725688193239133,0.08177472290228836,0.36681167273079474,12.275576246573044,2.7920943486707532,0.8442290725273573,-0.8193789976464594,1.9727153510242939,0.9877932061693443,-0.0013060169812237976,1.3173725333333333,-0.8492941333333333,0.006845269884179051531541440475225041391358142774300451321,0.00004817198886278027303191970938159065042849871528071665094,0.366811672730794755522232323014135951335507230727602624,65,-0.84929
-0.8449609999999999,0.006843238590573449,4.795133256750669e-05,0.04449946510446929,-0.0072278201671402385,-0.03727164493732905,0.08177111004179834,0.36741368381609996,12.27860049684883,2.7928217157071846,0.8459452603315804,-0.818809110476636,1.9740126052305487,0.9880623144243967,-0.0013055466587158766,1.3217056666666667,-0.8449609999999999,0.006843238590573449649701723885864846766401940436761714329,0.00004795133256750669374585428835337515557175151207816440488,0.3674136838160999478458815174016666406978834946295839111,65,-0.84496
-0.8406278666666664,0.006841201178792833,4.773016627086971e-05,0.04448102604251322,-0.0071946153626869,-0.03728641067982632,0.08176743672233955,0.36801686005302026,12.281637658872082,2.7935403640887952,0.847662074265252,-0.8182363242754095,1.9753040398133859,0.988328465836553,-0.0013050770911073207,1.3260388000000003,-0.8406278666666664,0.00684120117879283259462571019982155174425239951495650175,0.00004773016627086971086575103784487644379719875107812535314,0.368016860053020266386583758968430680067302790400106953,65,-0.84063
-0.8362947333333333,0.006839157914618926,4.7508495870229765e-05,0.044462524663989485,-0.007161345144669976,-0.03730117951931951,0.081763704183309,0.3686211953787949,12.284687638871363,2.794250282549785,0.8493795019212298,-0.8176606455556359,1.9765896369941491,0.988591657641568,-0.0013046083049763019,1.3303719333333333,-0.8362947333333333,0.006839157914618925975476014068179010344660220261285940867,0.00004750849587022976343152462579553375833336660940977091444,0.3686211953787948882076546230394412967244300638240288974,65,-0.83629
-0.8319615999999999,0.00683710906203051,4.728632720814395e-05,0.044443961842957194,-0.00712801002963071,-0.03731595181332648,0.08175991365628368,0.3692266837585594,12.287750343712897,2.7949514600371637,0.8510975310515636,-0.8170820807953966,1.9778693792417672,0.9888518871605898,-0.0013041403267206985,1.3347050666666667,-0.8319615999999999,0.006837109062030510246294929124792800596768335470194903608,0.00004728632720814394840110085690023185821462842290945624951,0.3692266837585593761670021018229879838888761504060620024,65,-0.83196
-0.8276284666666665,0.0068350548832154055,4.70636660728057e-05,0.04442533844762937,-0.007094610530184776,-0.0373307279174446,0.08175606636507397,0.3698333191844542,12.290825680891958,2.7956438857055725,0.8528161495658364,-0.8165006364361544,1.979143249269418,0.9891091517984119,-0.0013036731825592925,1.3390382,-0.8276284666666665,0.006835054883215405767805211858758975624936817333568844165,0.00004706366607280570008381936712012801617901274411813315712,0.3698333191844542029667004898857992481910597373702851668,65,-0.82763
-0.8232953333333333,0.006832995638582234,4.684051819847986e-05,0.044406655340427356,-0.007061147155078844,-0.037345508185348514,0.08175216352577587,0.37044109567474903,12.2939135585244,2.79632754891217,0.8545353455295275,-0.8159163188809276,1.9804112300312424,0.9893634490417493,-0.001303206898532946,1.3433713333333335,-0.8232953333333333,0.006832995638582233257968297067484404318058539018748624529,0.00004684051819847985673181935931830366641240968532443375914,0.3704410956747490593304911521704515389198434914045016011,65,-0.8233
-0.8189621999999999,0.006830931586771955,4.66168892659334e-05,0.044387913378034154,-0.007027620409246301,-0.03736029296878785,0.081748206346822,0.37105000727298215,12.297013885338373,2.797002439211587,0.8562551071623958,-0.815329134492482,1.9816733047191049,0.9896147764575394,-0.0013027415005057552,1.3477044666666667,-0.8189621999999999,0.006830931586771955258669051323867987423841185327627575828,0.00004661688926593340178143023832555185753175449573109544836,0.3710500072729821525606804734614652838486769605984003428,65,-0.81896
-0.8146290666666665,0.006828862984669203,4.6392784902862024e-05,0.04436911341144681,-0.006994030793862125,-0.03737508261758468,0.08174419602903149,0.3716600480471141,12.300126570666201,2.797668546350941,0.8579754228368823,-0.8147390895915417,1.9829294567593996,0.9898631316912645,-0.0013022770141661833,1.3520376,-0.8146290666666665,0.006828862984669202872329010399692007323148959810743424908,0.00004639278490286202408271271802198601624483267540827555579,0.3716600480471140940453786663152007401438460256287106351,65,-0.81463
-0.8102959333333333,0.00682679008741339,4.61682106843124e-05,0.04435025628602779,-0.006960378806396922,-0.03738987747963087,0.08174013376565867,0.3722712120886966,12.303251524436401,2.798325860264921,0.8596962810765322,-0.8141461904550172,1.9841796698099035,0.9901085124652977,-0.0013018134650281718,1.3563707333333335,-0.8102959333333333,0.006826790087413389755912271972860755467357144375551821139,0.00004616821068431240205436679055695705045052013588245801098,0.3722712120886966272698309840886317801812238912076437961,65,-0.8103
-0.8059627999999999,0.0068247131484096175,4.5943172133100387e-05,0.044331342841555404,-0.006926664940670139,-0.037404677900885266,0.08173602074244067,0.3728834935120557,12.30638865716589,2.798974371070924,0.8614176705544372,-0.8135504433142507,1.9854239277566734,0.9903509165772714,-0.0013013508784322305,1.3607038666666669,-0.8059627999999999,0.006824713148409617805121881929779812885599420394316653476,0.00004594317213310038755434889637102576488029037571623403163,0.3728834935120557112526658765255085301764192209889393889,65,-0.80596
-0.8016296666666665,0.006822632419339379,4.5717674720225264e-05,0.04431237391227323,-0.006892889686902498,-0.03741948422537073,0.08173185813764397,0.3734968864534885,12.309537879952314,2.7996140690642677,0.863139580091695,-0.8129518543532797,1.9866622147109878,0.9905903418984674,-0.001300889279546509,1.365037,-0.8016296666666665,0.00682263241933937890905863449868970568332020498425602478,0.00004571767472022526523549878500610437413014166285560862619,0.373496886453488476110529242319863527703514954826955521,65,-0.80163
-0.7972965333333333,0.0068205481501710545,4.549172386527998e-05,0.04429335032693868,-0.00685905353176762,-0.03743429679517106,0.08172764712210974,0.3741113850704743,12.312699104466565,2.8002449447134476,0.864861998655888,-0.8123504297071161,1.9878945150063316,0.990826786372229,-0.0013004286933678449,1.3693701333333335,-0.7972965333333333,0.006820548150171054501387400459799811439017120354101736581,0.00004549172386527998122445586941251526038980275569774808479,0.3741113850704743356622090636070893128398720126584314401,65,-0.7973
-0.7929633999999999,0.006818460589170217,4.526532493685751e-05,0.044274272908870566,-0.006825156958442878,-0.037449115950427686,0.08172338885929825,0.3747269835408998,12.315872242945412,2.800866988655468,0.86658491535958,-0.8117461754600436,1.989120813195424,0.9910602480123949,-0.001299969144722796,1.3737032666666669,-0.7929633999999999,0.006818460589170217149159068607182432857192989721841509713,0.00004526532493685751282576649721301130069664875446397966845,0.3747269835408997867429112482694480464616361895495506499,65,-0.79296
-0.7886302666666665,0.006816369982909738,4.503848325295355e-05,0.044255142475995816,-0.0067912004466595035,-0.03746394202933631,0.08171908450533213,0.3753436760622964,12.319057208184304,2.8014801916912186,0.8683083194588301,-0.8111390976439302,1.9903410940472885,0.9912907249017527,-0.0012995106582686493,1.3780364000000003,-0.7886302666666665,0.006816369982909738370134002355123310171021762156067639688,0.00004503848325295355098012109637994831300038875652956812133,0.3753436760622964263181182896728849602775914267092735725,65,-0.78863
-0.7842971333333333,0.006814276576279704,4.481120408136538e-05,0.0442359598408953,-0.00675718447275193,-0.03747877536814337,0.08171473520903867,0.3759614568510925,12.322253913530309,2.802084544780922,0.870032200351724,-0.8105292022365587,1.9915553425443633,0.9915182151905156,-0.0012990532584944133,1.3823695333333335,-0.7842971333333333,0.006814276576279704206470094802236279993129781126368125282,0.00004481120408136538367678323041175526157817669753318129398,0.3759614568510924894199572962554806429385901165695197537,65,-0.7843
-0.7799639999999999,0.0068121806124971426,4.458349264008715e-05,0.04421672581084876,-0.006723109509706408,-0.037493616301142355,0.08171034211199112,0.3765803201418775,12.325462272875194,2.8026800390396254,0.8717565475769224,-0.8099164951599708,1.9927635438796545,0.9917427170948168,-0.0012985969697217909,1.3867026666666669,-0.7799639999999999,0.00681218061249714261718009193989914835315862637888273738,0.00004458349264008714821378776700997581524039334012442454987,0.3765803201418774511144267859790190369147627973002211343,65,-0.77996
-0.7756308666666665,0.006810082333115567,4.435535409770162e-05,0.04419744118787889,-0.006688976027208904,-0.03750846516066999,0.08170590634854888,0.37720026018667924,12.328682200648643,2.8032666657327576,0.873481350812226,-0.8093009822788302,1.9939656834539274,0.9919642288952263,-0.0012981418161061332,1.3910358000000003,-0.7756308666666665,0.006810082333115566703362232875123648315588642570205455736,0.00004435535409770162026811747861717796973521320426910488605,0.3772002601866792367947294923657401212842932639831045528,65,-0.77563
-0.7712977333333333,0.006807981978034335,4.412679357376842e-05,0.044178106768794606,-0.006654784491692284,-0.037523322277102325,0.08170142904589693,0.37782127125425435,12.331913611811622,2.8038444162717373,0.8752065998731556,-0.8086826693987987,1.9951617468729386,0.9921827489352862,-0.0012976878216373765,1.3953689333333334,-0.7712977333333333,0.00680798197803433511087533086204344705667903549544518172,0.00004412679357376842266328035117802196054071733675874864001,0.3778212712542543607218374482740725311296622703040769829,65,-0.7713
-0.7669645999999999,0.006805879785507833,4.389781613920882e-05,0.044158723345233436,-0.006620535366382797,-0.03753818797885064,0.08169691132408408,0.3784433476293905,12.335156421849863,2.8044132822096346,0.8769322847115504,-0.8080615622649291,1.9963517199447054,0.9923982756200663,-0.001297235010140959,1.3997020666666669,-0.7669645999999999,0.006805879785507833505957225579419034040384357021441559565,0.00004389781613920881817687670834231296461977190319874777353,0.3784433476293905484408346276800046664846162642188784528,65,-0.76696
-0.7626314666666665,0.006803775992154481,4.366842681668725e-05,0.044139291703703155,-0.006586229111345892,-0.03755306259235726,0.08169235429606042,0.3790664836122214,12.338410546767497,2.8049732552368885,0.8786583954141793,-0.8074376665600725,1.9975355886768158,0.9926108074147382,-0.0012967834052787226,1.4040352000000003,-0.7626314666666665,0.006803775992154480972494791654577600002096254705938235516,0.00004366842681668725083513508320734972753138975428834009219,0.379066483612221399485754734045417208984327506061971503,65,-0.76263
-0.7582983333333333,0.006801670832965562,4.343863058098951e-05,0.04411981262562257,-0.006551866183531343,-0.03756794644209123,0.08168775906771379,0.3796906735175534,12.341675903080807,2.805524327177076,0.8803849222013693,-0.8068109879033022,1.9987133392737735,0.9928203428431689,-0.001296333030549796,1.4083683333333334,-0.7582983333333333,0.006801670832965562506350594634272081062216827068373046255,0.00004343863058098951357162926587508248483246439066711007711,0.3796906735175534260682126086253946867356337359404289018,65,-0.7583
-0.7539651999999999,0.006799564541313891,4.3208432359397705e-05,0.04410028688736157,-0.006517447036817717,-0.03758283985054385,0.08168312673790543,0.38031591167420503,12.344952407812112,2.8060664899827326,0.8821118554256483,-0.8061815318483502,1.9998849581343823,0.9930268804865339,-0.0012958839092914603,1.4127014666666668,-0.7539651999999999,0.006799564541313891346199197205650353849260620078305874168,0.00004320843235939770327830705380443809225130206325465550112,0.3803159116742050347672925727571031892086115261818165178,65,-0.75397
-0.7496320666666665,0.006797457348962305,4.297783703206212e-05,0.04408071526028035,-0.006482972122056206,-0.03759774313822415,0.0816784583985045,0.380942192424357,12.348239978483782,2.806599735731225,0.8838391855704019,-0.80554930388206,2.001050431849165,0.9932304189819462,-0.0012954360646799995,1.4170346000000003,-0.7496320666666665,0.006797457348962304834881144024527429975797202872860931912,0.00004297783703206212441185793368419866284311835903375121692,0.3809421924243570187461856220396487352593326950284298332,65,-0.74963
-0.7452989333333333,0.006795349486071995,4.274684943237002e-05,0.04406109851076796,-0.0064484418871138035,-0.03761265662365416,0.08167375513442211,0.3815695101229149,12.351538533112363,2.807124056620673,0.8855669032485458,-0.8049143094228537,2.0022097471978193,0.9934309570211068,-0.0012949895197315326,1.4213677333333334,-0.7452989333333333,0.006795349486071994830361459978593033378630586317077141163,0.00004274684943237001430359473800408158850389800587506451061,0.3815695101229149109226704203822156477626715051781976759,65,-0.7453
-0.7409657999999999,0.006793241181210676,4.251547434731125e-05,0.044041437400279985,-0.006413856776915856,-0.03762758062336413,0.08166901802364412,0.38219785913688276,12.354847990202844,2.8076394449659214,0.8872949992012114,-0.8042765538192121,2.0033628911467094,0.9936284933489705,-0.0012945442973028311,1.4257008666666668,-0.7409657999999999,0.006793241181210676259663952313711085835622677165553746065,0.00004251547434731124810403641666673478080386055102176412491,0.3821978591368827755471577467093493279312645960299060721,65,-0.74097
-0.7366326666666665,0.0067911326613605974,4.228371651784118e-05,0.04402173268537564,-0.006379217233488014,-0.037642515451887626,0.08166424813726327,0.38282723384474804,12.358168268743023,2.8081458931945624,0.8890234642964452,-0.8036360423481711,2.004509850846391,0.99382302676243,-0.0012941004200921198,1.4300340000000002,-0.7366326666666665,0.006791132661360597364814280359274431043177908804735265886,0.00004228371651784118145406227918565508686273619318463639888,0.3828272338447480158981766361829623422361955781908470825,65,-0.73663
-0.7322995333333333,0.006789024151926393,4.20515806392405e-05,0.044001985117754015,-0.006344523695997555,-0.03765746142175646,0.08165944653951047,0.38345762863587757,12.361499288198015,2.808643393843002,0.8907522895279224,-0.8029927802138291,2.005650613629173,0.9940145561090185,-0.0012936579106398623,1.4343671333333334,-0.7322995333333333,0.006789024151926392515608001579155556827179594181422335573,0.00004205158063924049956341080612566132569892103648797957106,0.3834576286358775622863116029724781198263482543392420147,65,-0.7323
-0.7279663999999999,0.006786915876742781,4.1819071361472227e-05,0.04398219544428972,-0.006309776600794119,-0.0376724188434956,0.08165461428778532,0.38408903790992505,12.364840968504847,2.809131939552579,0.892481466013673,-0.8023467725458712,2.006785167006708,0.9942030802856281,-0.0012932167913295306,1.4387002666666668,-0.7279663999999999,0.006786915876742781045636405895962010580210277220777207982,0.00004181907136147222773089667483230721533169341080558507198,0.3840890379099250273756757551887408011516759324556841063,65,-0.72797
-0.7236332666666665,0.006784808058082115,4.158619328953606e-05,0.04396236440706775,-0.006274976381449863,-0.03768738802561789,0.08164975243268564,0.3847214560762484,12.368193230067197,2.809611523065728,0.8942109849948211,-0.8016980243981047,2.0079134986676235,0.9943885982372455,-0.0012927770843883595,1.4430334000000002,-0.7236332666666665,0.006784808058082115524554795473165410145142925176546064012,0.00004158619328953605852294954615153079605223734990739355188,0.3847214560762484158584890530145320448784234644045069944,65,-0.72363
-0.7193001333333333,0.00678270091666178,4.135295098381986e-05,0.043942492743417744,-0.006240123468799033,-0.03770236927461871,0.08164486201803645,0.38535487755333875,12.37155599375022,2.8100821372221874,0.8959408378343376,-0.8010465407470089,2.0090355964751785,0.9945711089557048,-0.0012923388118880879,1.4473665333333334,-0.7193001333333333,0.006782700916661780208357105340165165548169611688923290191,0.00004135295098381986006751149510211990774301056380787444919,0.3853548775533387655378424988470029545356069778804309991,65,-0.7193
-0.7149669999999999,0.006780594671651443,4.111934896044852e-05,0.04392258118594748,-0.006205218290976964,-0.03771736289497052,0.081639944080918,0.3859892967682593,12.374929180875508,2.8105437749552564,0.8976710160158042,-0.8003923264902981,2.010151448464958,0.994750611478456,-0.0012919019957456823,1.4516996666666668,-0.7149669999999999,0.006780594671651442995541191940718839117628556902165805594,0.00004111934896044851778507998529575671468979362701813544657,0.3859892967682593155678065058662618529611283704490531998,65,-0.71497
-0.7106338666666665,0.006778489540680164,4.088539169163026e-05,0.04390263046257584,-0.006170261273458539,-0.03773236918911729,0.08163499965169313,0.3866247081560948,12.378312713216134,2.810996429288093,0.8994015111421906,-0.7997353864454978,2.011261042842595,0.9949271048873506,-0.0012914666577240488,1.4560328000000002,-0.7106338666666665,0.006778489540680164174295210233485656201098143615044578515,0.00004088539169163026207865566633282687241149115979473538614,0.3866247081560947974171763348682860482524084100880592573,65,-0.71063
-0.7063007333333333,0.006776385739843363,4.0651083606000345e-05,0.043882641296564974,-0.006135252839096083,-0.03774738845746889,0.08163002975403386,0.38726110615941123,12.381706512991821,2.811440093330059,0.9011323149346426,-0.7990757253485333,2.0123643679815255,0.9951005883074421,-0.0012910328194327295,1.4603659333333334,-0.7063007333333333,0.006776385739843362579870033124617148923936151696270106835,0.00004065108360600034244302112402143011079306769671348806754,0.3872611061594112376383788289098465523998032166884221923,65,-0.7063
-0.7019675999999999,0.0067742834837096425,4.04164290889622e-05,0.04386261440655197,-0.006100193408156726,-0.037762420998395246,0.08162503540494721,0.38789848522772585,12.385110502864217,2.8118747602731076,0.9028634192312843,-0.7984133478523312,2.013461412420776,0.9952710609058031,-0.0012906005023285844,1.4646990666666668,-0.7019675999999999,0.006774283483709642369171870710708847238086862795390236432,0.00004041642908896219777222426784638126400911987135790717541,0.3878984852277258761755137628313927859644061178824661008,65,-0.70197
-0.6976344666666665,0.0067721829853274835,4.018143248302627e-05,0.043842550506579814,-0.006065083398359236,-0.03777746710822057,0.08162001761480038,0.3885368398169868,12.388524605932258,2.8123004233882125,0.9045948159860282,-0.7977482585254342,2.014552164862778,0.9954385218903578,-0.0012901697277164618,1.4690322000000002,-0.6976344666666665,0.00677218298532748357737233473552433286887585776594412487,0.00004018143248302627285844585996732262753273665362473016866,0.3885368398169868035719257843887007596917346762045773782,65,-0.69763
-0.6933013333333333,0.006770084456231797,3.9946098088146336e-05,0.04382245030612773,-0.006029923224910334,-0.0377925270812174,0.08161497738734513,0.3891761643890627,12.391948745727648,2.8127170760218427,0.9063264972673998,-0.7970804618506274,2.0156366141712154,0.9956029705087293,-0.001289740516749853,1.4733653333333334,-0.6933013333333333,0.006770084456231796962848962023993442622908776033263400934,0.00003994609808814633775795694291520667803490761569777692711,0.3891761643890627174046040759282483501084456481625446449,65,-0.6933
-0.6889681999999999,0.006767988106450346,3.9710430162053456e-05,0.04380231451014101,-0.005994713300540481,-0.03780760120960052,0.08160991571974152,0.38981645341124244,12.395382846210435,2.8131247115924753,0.9080584552573719,-0.7964099622235777,2.0167147493688975,0.9957644060471027,-0.0012893128904315338,1.4776984666666668,-0.6889681999999999,0.006767988106450346233702824462232032112273367274996921526,0.00003971043016205345741647766928401011277228691815423904388,0.3898164534112424089639500718378808839354778012055849514,65,-0.68897
-0.6846350666666665,0.006765894144510041,3.947443292058776e-05,0.04378214381906008,-0.005959454035539183,-0.037822689783520894,0.08160483360258097,0.3904577013557436,12.398826831764685,2.813523323587152,0.9097906822502094,-0.7957367639514845,2.0177865596356677,0.9959228278291031,-0.0012888868696141953,1.4820316000000002,-0.6846350666666665,0.006765894144510040707219658440742930414579303622653713741,0.00003947443292058775917183797303009560828124707968021729853,0.3904577013557435906502815189114408984996253555265173434,65,-0.68464
-0.6803019333333333,0.006763802777443099,3.9238110538027854e-05,0.04376193892884918,-0.005924145837789787,-0.03783779309105939,0.08159973201990857,0.39109990269923145,12.402280627194251,2.813912905558076,0.9115231706513255,-0.7950608712517435,2.0188520343063323,0.9960782352146871,-0.0012884624750010597,1.4863647333333334,-0.6803019333333333,0.006763802777443098804829561527380583833855354464475243948,0.00003923811053802785122277383501453718086076380184873192617,0.3910999026992314749316809945305915426455208329229801636,65,-0.6803
-0.6759687999999999,0.0067617142107930855,3.900146714741804e-05,0.04374170053102433,-0.005888789112803781,-0.03785291141822055,0.08159461194924489,0.3917430519223467,12.405744157718644,2.8142934511192457,0.9132559129761482,-0.7943822882506216,2.0199111628686244,0.9962306275990507,-0.0012880397271464832,1.4906978666666668,-0.6759687999999999,0.00676171421079308536850231561066746248163069588963271774,0.00003900146714741803721376017869958729525381323546580436864,0.3917430519223467225165234171951334699430110516292275213,65,-0.67597
-0.6716356666666665,0.006759628648620826,3.876450684089347e-05,0.04372142931268078,-0.005853384263754637,-0.037868045048926144,0.08158947436160693,0.39238714350924236,12.409217348968989,2.814664953943135,0.9149889018489964,-0.7937010189819439,2.020963934961191,0.9963800044115501,-0.0012876186464565484,1.4950310000000002,-0.6716356666666665,0.006759628648620825742847095438723212988325542280298329994,0.00003876450684089347231992897842296492032860123732817952232,0.3923871435092423766889961673715422749717739819685898166,65,-0.67164
-0.6673025333333333,0.006757546293510197,3.852723367000311e-05,0.0437011259565199,-0.005817931691511163,-0.03788319426500874,0.08158432022152864,0.3930321719471302,12.412700126984086,2.815027407757405,0.9167221300019666,-0.7930170673857923,2.0220103403716125,0.9965263651146369,-0.0012871992531896428,1.4993641333333334,-0.6673025333333333,0.006757546293510196930203221253668505842443905561152994567,0.00003852723367000311051893249613303279049949320617564545116,0.3930321719471302044889865615750395874615808752182351946,65,-0.6673
-0.6629693999999999,0.0067554673465737985,3.8289651646030585e-05,0.04368079114087553,-0.005782431794670391,-0.03789835934620514,0.08157915048708067,0.39367813172583604,12.416192418206553,2.8153808063416568,0.9184555902738295,-0.7923304373072153,2.0230503690344417,0.9966697092028083,-0.0012867815674570268,1.5036972666666668,-0.6629693999999999,0.006755467346573798703289217302498370397763228804071115393,0.00003828965164603058609022064406657057843555305454242053791,0.3936781317258360684210716085166664467485188951131382448,65,-0.66297
-0.6586362666666665,0.006753392007458507,3.8051764740313174e-05,0.04366042553973978,-0.005746884969590025,-0.03791354057014976,0.08157396610988954,0.39432501733736397,12.41969414947906,2.815725143524226,0.9201892756089356,-0.7916411324949502,2.024084011029276,0.9968100362015692,-0.0012863656092233875,1.5080304000000002,-0.6586362666666665,0.006753392007458507518390291342871127144470675278178790546,0.00003805176474031317262247922689582779634907559389277259645,0.3943250173373639515289836199419815728392288039081638475,65,-0.65864
-0.6543031333333333,0.0067513204743509135,3.781357688455866e-05,0.04364002982278836,-0.005711291610420421,-0.037928738212367946,0.08156876803515631,0.39497282327546906,12.423205248040658,2.8160604131790086,0.9219231790561306,-0.7909491566001551,2.0251112565788536,0.9969473456664093,-0.0012859513983073845,1.5123635333333334,-0.6543031333333333,0.006751320474350913449032065010955588641657131035502240883,0.00003781357688455866598706337510014833422417648524775869817,0.3949728232754690657171872553090032680025197470470151975,65,-0.6543
-0.6499699999999999,0.006749252943982643,3.7575091971160334e-05,0.043619604655405285,-0.005675652109136124,-0.03794395254626916,0.08156355720167445,0.3956215440352397,12.426725641523186,2.816386609222328,0.9236572937676808,-0.7902545131751532,2.0261320960471747,0.9970816371817935,-0.00128553895438218,1.5166966666666668,-0.6499699999999999,0.006749252943982642928782020150273278290919148830135069324,0.00003757509197116033233120648099268148476555552095880896022,0.3956215440352396724749873400616818074663609854582491714,65,-0.64997
-0.6456368666666665,0.00674718961163557,3.7336313853510065e-05,0.04359915069870716,-0.005639966855566992,-0.03795918384314017,0.08155833454184733,0.39627117411268725,12.430255257947772,2.8167037256098366,0.9253916129982054,-0.7895572056721879,2.027146519937649,0.997212910360165,-0.0012851282969759616,1.5210298000000002,-0.6456368666666665,0.006747189611635570050196239184999993010738265254900828546,0.0000373363138535100623890337548239308806535024730781150962,0.3962711741126872441802765816469691642811590560490545593,65,-0.64564
-0.6413037333333333,0.006745130671146917,3.709724634630958e-05,0.04357866860956697,-0.005604236237428867,-0.0379744323721381,0.08155310098170507,0.3969217080043454,12.433794025721415,2.8170117563334545,0.9271261301036202,-0.7888572374421884,2.028154518891266,0.9973411648409612,-0.0012847194454724514,1.5253629333333334,-0.6413037333333333,0.006745130671146916559930528328506751604634170245676000213,0.00003709724634630957550110481869047082326963127350432973622,0.396921708004345404468844688036851015885154585602202106,65,-0.6413
-0.6369705999999999,0.006743076314914243,3.685789322587981e-05,0.04355815904063729,-0.005568460640353832,-0.03798969840028346,0.08154785744092075,0.3975731402068773,12.437341873633647,2.8173106954183424,0.928860838540089,-0.7881546117335462,2.029156083684796,0.9974664002896442,-0.0012843124191114054,1.5296960666666668,-0.6369705999999999,0.006743076314914243247718573722160520821100327735318368502,0.00003685789322587981252294395674408044234844675007975296021,0.3975731402068772817739691323903905880052072664501182319,65,-0.63697
-0.6326374666666665,0.006741026733900335,3.661825823046866e-05,0.043537622640373135,-0.005532640447920066,-0.038004982192453074,0.0815426048328262,0.3982254652166909,12.440898730853284,2.817600536919911,0.9305957318629825,-0.7874493316909034,2.030151205229007,0.9975886163967415,-0.0012839072369891025,1.5340292000000002,-0.6326374666666665,0.006741026733900335385152991775214585717057986487044125918,0.00003661825823046865704932226202645234479940399742617709051,0.3982254652166909090451319821860364377780131227361701881,65,-0.63264
-0.6283043333333331,0.006738982117637982,3.637834506055681e-05,0.043517060053054224,-0.005496776041681268,-0.03802028401137296,0.08153734406442718,0.39887867752956313,12.444464526925255,2.8178812749208637,0.9323308037258472,-0.7867414003539497,2.031139874566914,0.9977078128769015,-0.001283503918058821,1.5383623333333336,-0.6283043333333331,0.006738982117637982187033531938389477591558207714944663532,0.00003637834506055681434984191783272180447176735002567909214,0.3988786775295631463474979120025269000471556523450727793,65,-0.6283
-0.6239712,0.0067369426542346535,3.613815737916207e-05,0.04349647191880685,-0.005460867801195701,-0.03803560411761115,0.081532076036418,0.3995327716402715,12.448039191767508,2.8181529035282753,0.9340660478793815,-0.7860308206562315,2.0321220828720437,0.9978239894679602,-0.0012831024811313088,1.5426954666666666,-0.6239712,0.006736942654234653613393969583387784484247557098584978565,0.00003613815737916206853245373552419133324854483812584790523,0.3995327716402715386154779253064484172106648558005789044,65,-0.62397
-0.6196380666666665,0.006734908530377075,3.5897698812141785e-05,0.043475858873625255,-0.0054249161040548196,-0.03805094276957043,0.08152680164319569,0.4001877420422345,12.451622655667995,2.818415416870702,0.9358014581704212,-0.7853175954239706,2.0330978214467312,0.9979371459300209,-0.0012827029448752374,1.5470286000000002,-0.6196380666666665,0.006734908530377074773161633036972516181108143159887085941,0.0000358976988121417840945902867520484700391626512675639331,0.4001877420422344852354541228728433572983594979017280732,65,-0.61964
-0.6153049333333331,0.006732879931335702,3.565697294849398e-05,0.04345522154939258,-0.005388921325911535,-0.03806630022348105,0.08152152177287363,0.40084358322715885,12.455214849281738,2.818668809095327,0.9375370285409299,-0.7846017273748938,2.034067081720433,0.998047282044545,-0.001282305327817653,1.5513617333333336,-0.6153049333333331,0.006732879931335702122448723443072893730239106653676725609,0.00003565697294849398270972279837836851585844203426325061995,0.4008435832271588326387496409867235598949334587008765134,65,-0.6153
-0.6109718,0.0067308570409690995,3.5415983340656636e-05,0.04343456057390138,-0.005352883840508075,-0.038081676733393306,0.08151623730729468,0.40150028968469587,12.458815703627964,2.818913074365137,0.9392727530270009,-0.7838832191170717,2.035029855248065,0.9981543976134556,-0.0012819096483444121,1.5556948666666666,-0.6109718,0.006730857040969099743649952925853752651061025536936575763,0.00003541598334065663246432298988534866779989222558103717738,0.4015002896846958899214673694163284896059399905620825044,65,-0.61097
-0.6066386666666665,0.00672884004172822,3.517473350480544e-05,0.04341387657087364,-0.005316804019703461,-0.038097072551170175,0.08151094912204382,0.40215785590210507,12.46242515008733,2.8191482068561324,0.9410086257578643,-0.7831620731477686,2.035986133708364,0.9982584924582532,-0.0012815159247006097,1.5600280000000002,-0.6066386666666665,0.006728840041728219526829449118151324458144575490961418006,0.00003517473350480543991315155553093782393464069278167375337,0.402157855902105088787577331546250590227368444591842661,65,-0.60664
-0.6023055333333331,0.006726829114660588,3.493322692115028e-05,0.04339317015998044,-0.005280682233500652,-0.03811248792647979,0.08150565808646022,0.4028162763639249,12.466043120399197,2.8193742007545715,0.942744640954902,-0.7824382918523022,2.036935908902269,0.9983595664191418,-0.0012811241749909983,1.5643611333333336,-0.6023055333333331,0.006726829114660587705374664350905482968959073171032819034,0.00003493322692115028078714019947773523437256023426412800946,0.4028162763639249290505760171297675011975246860980194211,65,-0.60231
-0.5979724,0.006724824439414396,3.469146703422995e-05,0.04337244195686119,-0.005244518850073282,-0.038127923106787906,0.0815003650636491,0.4034755455516521,12.469669546658997,2.8195910502542403,0.94448079293067,-0.7817118775029129,2.0378791727513272,0.9984576193541681,-0.0012807344171803974,1.5686942666666666,-0.5979724,0.006724824439414396410716889563623356552095699883318008077,0.00003469146703422995321066343426963625060289824817073532374,0.4034755455516520828427134220113352251330360878561054288,65,-0.59797
-0.5936392666666666,0.006722826194242504,3.444945725320554e-05,0.0433516925731424,-0.005208314235792051,-0.03814337833735035,0.08149507091049275,0.4041356579434279,12.473304361315668,2.819798749553762,0.9462170760879289,-0.7809828322576431,2.038815917296119,0.9985526511383706,-0.0012803466690940925,1.5730274,-0.5936392666666666,0.006722826194242503978828693900779926493972135031037599489,0.0000344494572532055428041866137437961088940577915119074527,0.4041356579434278804576912911190392305515684025745952623,65,-0.59364
-0.5893061333333331,0.006720834556006346,3.4207200952152494e-05,0.0433309226164561,-0.005172068755250779,-0.03815885386120532,0.08148977647766142,0.4047966080137319,12.476947497169151,2.81999729285393,0.9479534849186796,-0.7802511581592263,2.039746134694704,0.998644661662941,-0.0012799609484182273,1.5773605333333336,-0.5893061333333331,0.006720834556006346059796525207339517732893954148768819259,0.00003420720095215249481925416847150720066955306334794693377,0.4047966080137319291687946084854365597452736228035395667,65,-0.58931
-0.584973,0.006718849700179757,3.396470147035119e-05,0.04331013269045786,-0.005135782771292091,-0.03817434991916577,0.08148448260962363,0.40545839023308344,12.480598887367965,2.820186674355076,0.949690014003207,-0.779516857133986,2.0406698172210898,0.9987336508343966,-0.0012795772727001854,1.5816936666666668,-0.584973,0.006718849700179757120874529887811862328409545912806633465,0.00003396470147035119156360662212221583815045392631908203434,0.4054583902330834260560108568267711374739587524143333908,65,-0.58497
-0.5806398666666666,0.006716871800852705,3.372196211257613e-05,0.04328932339484435,-0.005099456645032758,-0.03818986674981159,0.08147919014465595,0.4061209990677499,12.484258465406844,2.820366888254466,0.9514266580091306,-0.778779930990744,2.041586957263722,0.9988196185737633,-0.0012791956593489636,1.5860268,-0.5806398666666666,0.006716871800852704378755916419411628833246386342068460287,0.00003372196211257612793910680540957117872522721622728741625,0.4061209990677499227197177228031661598804131788666940411,65,-0.58064
-0.5763067333333332,0.006714901030734938,3.347898614938398e-05,0.04326849532537064,-0.005063090735888722,-0.03820540458948192,0.08147389991485256,0.40678442897946276,12.487926165124447,2.8205379287437293,0.9531634116904614,-0.7780403814197383,2.042497547323991,0.9989025648157696,-0.0012788161256355364,1.5903599333333334,-0.5763067333333332,0.006714901030734937797416343522236538056862168140329202543,0.00003347898614938397981976326570330620526234663780986371801,0.4067844289794627478004780059742549425726948173156639832,65,-0.57631
-0.5719736,0.006712937561159554,3.32357768174002e-05,0.043247649073867,-0.0050266854015997686,-0.03822096367226723,0.08146861274613423,0.4074486744251401,12.491601920701136,2.8206997900063113,0.9549002698866649,-0.7772982099915502,2.043401580014761,0.9989824895080516,-0.001278438688693214,1.5946930666666668,-0.5719736,0.006712937561159554412278938389255840706505333930486479271,0.00003323577681740020444957224441373519837668063605273805302,0.4074486744251400820376732953872689737391743547469915625,65,-0.57197
-0.5676404666666666,0.00671098156208648,3.2992337319604424e-05,0.043226785228255425,-0.004990240998253873,-0.03823654423000155,0.08146332945825698,0.40811372985661704,12.495285666656802,2.8208524662149617,0.9566372275217314,-0.7765534181560413,2.0442990480589205,0.9990593926103682,-0.0012780633655179888,1.5990262000000002,-0.5676404666666666,0.006710981562086480225183542826322653155089201766767235643,0.00003299233731960442110591561656826100800383654038383705211,0.4081137298566170184230288560652096806353524871059707395,65,-0.56764
-0.5633073333333332,0.006709033202105872,3.274867082561467e-05,0.04320590437256572,-0.00495375788031124,-0.03825214649225448,0.08145805086482019,0.40877958972038236,12.498977337848782,2.8209959515292486,0.9583742796032515,-0.7758060072412992,2.0451899442879493,0.9991332740938277,-0.0012776901729688764,1.6033593333333334,-0.5633073333333332,0.006709033202105871585934128489827460506902821002099833764,0.00003274867082561466388656569862419047949835229222717343943,0.4087795897203823658220227738518509144934470054241551809,65,-0.56331
-0.5589742,0.0067070926484414355,3.250478047197034e-05,0.04318500708695129,-0.004917236400628011,-0.03826777068632328,0.08145277777327457,0.40944624845732264,12.502676869469814,2.8211302400930998,0.9601114212214986,-0.7750559784525928,2.046074261640507,0.999204133940123,-0.0012773191277682477,1.6076924666666668,-0.5589742,0.006707092648441435883794261592565909695366300202758795484,0.00003250478047197033934452434425043374246358186133422594131,0.409446248457322662122215085672527592043686238345883343,65,-0.55897
-0.5546410666666666,0.0067051600669536734,3.226066936241402e-05,0.04316409394770456,-0.004880676910479657,-0.038283417037224904,0.08144751098492947,0.41011370050247303,12.506384197046081,2.8212553260323747,0.9618486475485174,-0.7743033328713366,2.0469519931610383,0.9992719721407795,-0.0012769502465021525,1.6120256000000002,-0.5546410666666666,0.006705160066953673761900605333603898369159720275544293852,0.00003226066936241401842316990617705490637848588377597926235,0.4101137005024730523763805696010969852419629551004443909,65,-0.55464
-0.5503079333333332,0.006703235622143045,3.2016340568172194e-05,0.04314316552727202,-0.004844079759584083,-0.038299085767687945,0.08144225129495997,0.41078194028477466,12.510099256435282,2.8213712034524643,0.9635859538372172,-0.7735480714540638,2.0478231319984004,0.9993367886964107,-0.001276583545620637,1.6163587333333336,-0.5503079333333332,0.00670323562214304502304745319302228734809186698028595564,0.00003201634056817219237185338938720934119739626232850592187,0.4107819402847746858036573742025754763574393369684943002,65,-0.55031
-0.5459748,0.006701319477153058,3.1771797128234816e-05,0.043122222394269,-0.00480744529612441,-0.03831477709814459,0.08143699949241359,0.41145096222683913,12.513821983824798,2.821477866435915,0.9653233354204726,-0.7727901950314094,2.0486876714045055,0.999398583615986,-0.0012762190414380519,1.6206918666666668,-0.5459748,0.006701319477153057965964022430509355443441420129903986851,0.00003177179712823481762649591342147361915199558116542997067,0.4114509622268391181824811226560586306479721309801018581,65,-0.54597
-0.5416416666666666,0.006699411793773285,3.152704204963378e-05,0.043101265113494026,-0.004770773866771463,-0.03833049124672257,0.0814317563602166,0.41212076074471937,12.517552315729896,2.8215753090400844,0.9670607877102286,-0.7720297043071007,2.049545604732984,0.9994573569161065,-0.0012758567501333544,1.6250250000000002,-0.5416416666666666,0.006699411793773284299683424636770642228650989852104918039,0.00003152704204963377784504698487318442517985175508479647122,0.4121207607447193771826416976830244429994932377834214321,65,-0.54164
-0.5373085333333332,0.006697512732442301,3.128207830772039e-05,0.043080294245942945,-0.004734065816705975,-0.038346228429236975,0.08142652267517991,0.4127913302476873,12.521290188991998,2.8216635252948223,0.9687983061966121,-0.7712665998569579,2.0503969254378642,0.999513108620292,-0.0012754966877504025,1.6293581333333336,-0.5373085333333332,0.006697512732442301738440001396025621797618040455501780995,0.00003128207830772039150901604874128541136699536466145132412,0.4127913302476873465295420074847083006409332569905086209,65,-0.53731
-0.5329754,0.006695622452250564,3.103690884644179e-05,0.04305931034882267,-0.004697321489640498,-0.03836198885918217,0.08142129920800484,0.41346266513801794,12.525035540777012,2.8217425092001758,0.9705358864470482,-0.7705008821279032,2.0512416270722724,0.9995658387582774,-0.0012751388701982413,1.6336912666666668,-0.5329754,0.006695622452250563982119956668613160551544694323742065756,0.00003103690884644178802667388568067672663970423442515429248,0.4134626651380179603892735065186709585788987751892759103,65,-0.53298
-0.5286422666666666,0.0066937411109432,3.079153657861628e-05,0.043038313975564596,-0.004660541227841011,-0.03837777274772359,0.08141608672328819,0.41413475981077985,12.528788308573708,2.8218122547241253,0.9722735241053828,-0.7697325514369784,2.0520797032871467,0.9996155473653184,-0.0012747833132513839,1.6380244000000002,-0.5286422666666666,0.006693741110943200166804031546737348662669189604784986583,0.00003079153657861627932559701958273341511959734454257288546,0.4141347598107798673137392343059466929295731931341350336,65,-0.52864
-0.5243091333333332,0.0066918688649227455,3.0545964386207854e-05,0.043017305675837815,-0.00462372537214828,-0.038393580303689535,0.08141088597952735,0.4148076086536322,12.532548430192168,2.8218727558003427,0.9740112148910093,-0.7689616079703713,2.0529111478299713,0.9996622344815066,-0.0012744300325500835,1.6423575333333336,-0.5243091333333332,0.006691868864922745824093981468469005234155166761641783275,0.00003054596438620785413670269290635521395872702386612190032,0.4148076086536322213882030786714431861617452641105490362,65,-0.52431
-0.519976,0.006690005869251805,3.0300195120599617e-05,0.04299628599556188,-0.0045868742619989186,-0.03840941173356296,0.08140569772912484,0.4154812060466281,12.536315843762273,2.8219240063259776,0.9757489545980014,-0.7681880517824511,2.0537359545435265,0.9997059001510945,-0.0012740790436006008,1.6466906666666667,-0.519976,0.006690005869251805024146108742492358452877933040839401486,0.00003030019512059961594822002417388159059110972589908025789,0.4154812060466280964881299385243359716870154210179949886,65,-0.51998
-0.5156428666666666,0.006688152277655646,3.005423160286629e-05,0.04297525547691939,-0.004549988235446177,-0.03842526724147321,0.0814005227183926,0.4161555463620242,12.540090487732254,2.821966000159469,0.977486739094251,-0.7674118827948117,2.054554117364657,0.9997465444218298,-0.0012737303617754627,1.6510238000000002,-0.5156428666666666,0.006688152277655645725982006879745185623308016273539412037,0.00003005423160286629047142630640911651444361200100519480015,0.4161555463620241845089321465210672155404835454925195446,65,-0.51564
-0.5113097333333332,0.0066863082425247305,2.9808076624045928e-05,0.042954214658368246,-0.004513067629180482,-0.038441147029187765,0.08139536168755601,0.4168306239640964,12.543872300867298,2.8219987311183807,0.9792245643206101,-0.7666331007953239,2.055365630323057,0.9997841673442981,-0.001273384002313715,1.6553569333333336,-0.5113097333333332,0.006686308242524730312080757268208175018687627679181339754,0.00002980807662404592866711131799605553212974995641170944844,0.416830623964096436699389467510456401682932429846262776,65,-0.51131
-0.5069766,0.006684473914917181,2.9561732945410626e-05,0.042933164074653606,-0.004476112778549694,-0.03845705129610391,0.08139021537075752,0.41750643320896214,12.547661222248198,2.8220221929772635,0.980962426290039,-0.7658517054371966,2.0561704875400673,0.999818768971276,-0.0012730399803211705,1.6596900666666667,-0.5069766,0.006684473914917180955815494239967397620216789327047976142,0.00002956173294541062444095977753806126601848614591230961137,0.4175064332089621482062765485016191792595572379021314241,65,-0.50698
-0.5026434666666666,0.006682649444561182,2.9315203298736372e-05,0.04291210425681959,-0.004439124017579105,-0.038472980239240485,0.08138508449606008,0.41818296844440817,12.551457191270067,2.822036379465542,0.9827003210867585,-0.7650676962380452,2.0569686832274967,0.9998503493570919,-0.0012726983107706471,1.6640232000000001,-0.5026434666666666,0.006682649444561181786224482799877844614297954386042209557,0.00002931520329873637175645439423637903151838770416055903481,0.4181829684444081479695450590111583868473945749874313606,65,-0.50264
-0.4983103333333332,0.0066808349798573195,2.9068490386572187e-05,0.0428910357322207,-0.004402101678991199,-0.03848893405322951,0.0813799697854502,0.4188602240097248,12.555260147641091,2.8220412842654223,0.9844382448654064,-0.764281072578969,2.0577602116864533,0.9998789085569967,-0.001272359008502204,1.6683563333333336,-0.4983103333333332,0.006680834979857319767292787762668373324197923351832101949,0.00002906849038657218611332607316858495442980315889306701314,0.4188602240097247543448045411771758071463889777120060661,65,-0.49831
-0.4939772,0.006679030667880864,2.8821596882508308e-05,0.042869959024532965,-0.004365046094225143,-0.03850491293030782,0.08137487195484079,0.419538194235546,12.559070031381342,2.822036901009832,0.9861761938501998,-0.7634918337036379,2.058545067306194,0.9999044466265428,-0.0012720220882233675,1.6726894666666667,-0.4939772,0.006679030667880863917450465155183022614598025376967929396,0.00002882159688250830771184244278413008826102455130998517111,0.4195381942355460004615980679382031179903958806926587687,65,-0.49398
-0.4896440666666666,0.006677236654383985,2.857452543144361e-05,0.04284887465376482,-0.004327957593456033,-0.038520917060308794,0.08136979171407362,0.4202168734436958,12.56288678282163,2.8220232232803744,0.9879141643341016,-0.762699978717385,2.0593232445629894,0.9999269636209721,-0.0012716875645093551,1.6770226000000001,-0.4896440666666666,0.00667723665438398477639809648495897511886368973450349122,0.00002857452543144361000753725992652707719407151204338443239,0.4202168734436957925016714485712015183179597975303149598,65,-0.48964
-0.4853109333333332,0.006675453083797916,2.8327278649852336e-05,0.04282778313626778,-0.004290836505613903,-0.038536946630653886,0.08136472976692168,0.42089625594703967,12.56671034260242,2.8220002446053147,0.9896521526779903,-0.76190550658631,2.0600947380190044,0.9999464595946127,-0.00127135545180329,1.6813557333333335,-0.4853109333333332,0.00667545308379791597828364810815339566781329129070361566,0.00002832727864985233755241225845571229793008433596709313931,0.4208962559470396622949927413010377686709272624582043078,65,-0.48531
-0.4809778,0.006673680099235057,2.8079859126049988e-05,0.04280668498474678,-0.004253683158402492,-0.03855300182634429,0.08135968681109107,0.42157633604934264,12.570540651672774,2.8219679584575847,0.9913901553098361,-0.7611084161363886,2.0608595423211957,0.9999629346002837,-0.0012710257644164122,1.6856888666666667,-0.4809778,0.006673680099235057537359605777397906753366760198199941713,0.00002807985912604998873316479431632899782388106438531962583,0.4215763360493426218601115644699142664738154261444451429,65,-0.48098
-0.4766446666666666,0.0066719178424910226,2.7832269420458468e-05,0.04278558070827031,-0.004216497878317757,-0.03856908282995255,0.08135466353822286,0.4222571080451328,12.574377651289364,2.8219263582528127,0.9931281687238804,-0.7603087060525919,2.0616176522002205,0.9999763886887093,-0.001270698516528283,1.6900220000000001,-0.4766446666666666,0.006671917842491022697378710240645654786924124395289009794,0.00002783226942045846611318723617405637478582480360665724393,0.4222571080451327839038162150489843005102550484868426687,65,-0.47664
-0.4723115333333332,0.00667016645404663,2.7584512065870618e-05,0.042764470812280325,-0.004179280990666186,-0.038585189821614144,0.08134966063389447,0.42293856621957043,12.578221283015516,2.821875437347377,0.994866189479819,-0.7595063748780123,2.0623690624693647,0.9999868219079404,-0.0012703737221869847,1.6943551333333335,-0.4723115333333332,0.006670166454046630147106655456505429082802435014708858496,0.00002758451206587061726830884046945318447969061285111652501,0.4229385662195704104903873755279948206474945304164812092,65,-0.47231
-0.4679784,0.006668426073069841,2.733658956771398e-05,0.042743355798601904,-0.00414203281958285,-0.038601322979019054,0.08134467877762096,0.4236207048483229,12.582071488720302,2.8218151890364807,0.9966042142019904,-0.7587014210129983,2.0631137680234826,0.9999942343027853,-0.0012700513953093128,1.6986882666666667,-0.4679784,0.006668426073069841191573977815077026958681772651399271902,0.00002733658956771398009138054408974504941024079452443553192,0.423620704848322900858159720490629066573999375745632279,65,-0.46798
-0.4636452666666666,0.006666696837417644,2.7088504404313855e-05,0.04272223616545264,-0.0041047536880492435,-0.038617482477403396,0.08133971864285604,0.4243035181974454,12.585928210577686,2.821745606552251,0.9983422395785682,-0.757893842714297,2.0638517638379543,0.9999986259142485,-0.0012697315496809662,1.7030214000000001,-0.4636452666666666,0.006666696837417643675838975308930417926919825514591539849,0.00002708850440431385431793620818034335382133063178808904354,0.4243035181974453830309099405596177883671602765145046425,65,-0.46365
-0.4593121333333332,0.0066649788836378844,2.684025902715582e-05,0.04270111240745188,-0.004067443917910902,-0.03863366848954097,0.08133478089699285,0.42498700052326654,12.589791391065699,2.8216666830618595,1.0000802623607568,-0.7570836380942048,2.0645830449676548,0.9999999967789767,-0.0012694141989567297,1.7073545333333335,-0.4593121333333332,0.006664978883637884408344026347855062317567419963024534708,0.00002684025902715582120004421379392769339468988271230201578,0.4249870005232665720540661719784171074695733786130862967,65,-0.45931
-0.454979,0.00666327234697105,2.6591855861147524e-05,0.04267998501562965,-0.004030103829894801,-0.03864988118573485,0.0813298662013645,0.4256711460722804,12.593660972965669,2.8215784116656644,1.0018182793619916,-0.7562708051197254,2.0653076065459386,0.9999983469287146,-0.0012690993566606523,1.7116876666666667,-0.454979,0.006663272346971049659853981528988347414039271532905970111,0.00002659185586114752373870212961879001118505653637648347087,0.4256711460722804089326417848133067185930583975852585512,65,-0.45498
-0.4506458666666666,0.006661577361351995,2.6343297304879827e-05,0.042658854477435455,-0.003992733743626524,-0.03866612073380893,0.08132497521124439,0.42635594908104313,12.597536899361497,2.8214807853953774,1.0035562874571438,-0.7554553416117368,2.0660254437836403,0.9999936763897671,-0.001268787036186219,1.7160208000000001,-0.4506458666666666,0.006661577361351995481479303404695754968328959349951467085,0.00002634329730487982831330317594210770669866245670552176596,0.4263559490810431453678527918382766790053081902690449183,65,-0.45065
-0.4463127333333332,0.00665989405941163,2.609458573088749e-05,0.042637721276746796,-0.003955333977647246,-0.03868238729909954,0.08132010857584634,0.4270414037760755,12.60141911363896,2.8213737972122495,1.005294283581727,-0.7546372452441644,2.066736551968085,0.9999859851824706,-0.0012684772507965208,1.7203539333333335,-0.4463127333333332,0.006659894059411629534774980693358282493025192447144026156,0.00002609458573088748871316118685914205188647245479138735691,0.4270414037760755375640981416567046422381718075010755478,65,-0.44631
-0.44197960000000003,0.006658222572478544,2.5845723485909126e-05,0.0426165858938775,-0.003917904849430486,-0.038698681044447014,0.08131526693832451,0.42772750437377066,12.605307559485066,2.821257440005281,1.0070322647311096,-0.7538165135431638,2.0674409264621167,0.9999752733206715,-0.001268170013624417,1.7246870666666667,-0.44197960000000003,0.006658222572478544010489362350188161118196423580286589199,0.00002584572348590912520758854754863474470545551645682665325,0.4277275043737706612923600421315271728809404573146455605,65,-0.44198
-0.4376464666666666,0.006656563030580601,2.5596712891146628e-05,0.04259544880558587,-0.0038804466753986477,-0.03871500213018723,0.08131045093577309,0.42841424508030707,12.609202180887456,2.821131706589448,1.0087702279597315,-0.7529931438863098,2.0681385627031386,0.9999615408112126,-0.0012678653376726938,1.7290202000000001,-0.4376464666666666,0.006656563030580601246558213229659141812350000551866203679,0.0000255967128911466265534471632754664672761167971358628829,0.4284142450803070468542238083916545275234556164649176726,65,-0.43765
-0.4333133333333332,0.006654915562446474,2.534755624252413e-05,0.04257431048508261,-0.0038429597709393856,-0.03873135071414323,0.08130566119922585,0.4291016200915667,12.613102922133825,2.8209965897039595,1.0105081703803205,-0.7521671335017941,2.0688294562021654,0.9999447876534274,-0.0012675632358142184,1.7333533333333335,-0.4333133333333332,0.006654915562446473927468895155506583406154987309223115203,0.00002534755624252413125477559400654580979575922147884089184,0.4291016200915666976962315844146475194482518220765662203,65,-0.43331
-0.42898020000000003,0.006653280295507139,2.509825581094634e-05,0.042553171402038556,-0.0038054444504217466,-0.03874772695161681,0.08130089835365537,0.42978962359305867,12.617009727811407,2.8208520820105236,1.0122460891631175,-0.7513384794676299,2.069513602542894,0.9999250138386423,-0.0012672637207920886,1.7376864666666667,-0.42898020000000003,0.006653280295507139029293777552889535201994437049669924865,0.00002509825581094633895891757823418631574326309148323187975,0.4297896235930586738178330855479425451904904543116674717,65,-0.42898
-0.42464706666666663,0.006651657355897327,2.484881384255632e-05,0.04253203202259222,-0.0037679010272121147,-0.0387641309953801,0.08129616301797231,0.4304782497598478,12.62092254280648,2.8206981760916463,1.0139839815351017,-0.7505071787108649,2.0701909973807813,0.9999022193496852,-0.0012669668052197774,1.7420196000000001,-0.42464706666666663,0.00665165735589732748630086230822416324223533275685604607,0.00002484881384255632107781072786345735132526858450214223313,0.4304782497598477677317739664757603952398872613618232344,65,-0.42465
-0.4203139333333332,0.006650046868456931,2.4599232558992937e-05,0.04251089280935714,-0.003730329813689982,-0.03878056299566716,0.0812914558050243,0.43116749275648797,12.624841312303921,2.8205348644489407,1.0157218447792207,-0.7496732280068015,2.0708616364421393,0.9998764041604032,-0.0012666725015812738,1.7463527333333335,-0.4203139333333332,0.006650046868456931083391596861152836363747286334552488688,0.0000245992325589929378795408121569079649499510421561532168,0.4311674927564879697667404050734576515322419615513969832,65,-0.42031
-0.41598080000000004,0.0066484489567323665,2.434951415764766e-05,0.0424897542214291,-0.0036927311212635117,-0.03879702310016559,0.0812867773215947,0.43185734673696125,12.628765981786788,2.820362139501466,1.0174596762336232,-0.7488366239782239,2.071525515523242,0.9998475682351871,-0.0012663808222312199,1.7506858666666667,-0.41598080000000004,0.006648448956732366060596053995113445243895307455632083251,0.00002434951415764766037841127269181993793076592540547084329,0.4318573467369612717033740019108733331289305457834236527,65,-0.41598
-0.41164766666666663,0.006646863742977895,2.40996608119209e-05,0.0424686167143931,-0.003655105260384908,-0.038813511454008194,0.08128212816840129,0.4325478058446215,12.632696497035953,2.82017999358408,1.0191974732908968,-0.7479973630946347,2.0721826304894453,0.9998157115285022,-0.0012660917793950416,1.755019,-0.41164766666666663,0.006646863742977894918859503820607648317391738792376618186,0.00002409966081192089917595157829999291839472113829695151304,0.4325478058446215189472385686661853039487993244108742373,65,-0.41165
-0.40731453333333323,0.006645291348156908,2.3849674671478022e-05,0.04244748074033016,-0.0036174525405656263,-0.03883002819976454,0.08127750894009471,0.4332388642121428,12.636632804129752,2.819988418945814,1.0209352333973074,-0.7471554416714962,2.0728329772743175,0.999780833984429,-0.0012658053851690781,1.7593521333333335,-0.40731453333333323,0.006645291348156908361544224116108734909153473594020203655,0.00002384967467147802096101554477870583362313013178680455656,0.4332388642121428029380638472055558090907747590357139283,65,-0.40731
-0.40298140000000005,0.006643731891943167,2.3599557862504783e-05,0.04242634674782404,-0.003579773270391377,-0.038846573477432665,0.0812729202252567,0.43393051596147314,12.64057484944369,2.8197874077482687,1.0226729540520423,-0.7463108558694821,2.073476551878787,0.9997429355362077,-0.0012655216515207051,1.7636852666666667,-0.40298140000000005,0.006643731891943166419529325395895741769606414250452375199,0.0000235995578625047816743639949535105910862460125777040073,0.4339305159614731329065703865306603600518846656023000309,65,-0.40298
-0.39864826666666664,0.0066421854927220005,2.334931248796234e-05,0.04240521518196767,-0.0035420677575369527,-0.03886314742443072,0.08126836260639839,0.4346227552037929,12.644522579650165,2.8195769520640312,1.0244106328064573,-0.7454636016937339,2.0741133503702973,0.9997020161057936,-0.0012652405902884563,1.7680184,-0.39864826666666664,0.006642185492722000615090507931672078189593144572923226492,0.0000233493124879623428543445350922454428638609958836460777,0.4346227552037929170767017602428755231157387202098436076,65,-0.39865
-0.39431513333333323,0.006640652267591479,2.3098940627841986e-05,0.042384086484369525,-0.003504336308780899,-0.038879750175588625,0.08126383665995815,0.4353155760394779,12.64847594171824,2.819357043875106,1.0261482672633269,-0.744613674993127,2.0747433688819785,0.9996580756034164,-0.001264962213182138,1.7723515333333335,-0.39431513333333323,0.006640652267591478621472131619562111425943746389011737685,0.00002309894062784198484711490112013339537147721164753259918,0.4353155760394779278288996643405016247878000156243212133,65,-0.39432
-0.38998200000000005,0.006639132332363531,2.2848444339419302e-05,0.04236296109315978,-0.003466579230019989,-0.03889638186313979,0.08125934295629957,0.4360089725580673,12.652434882913438,2.8191276750713716,1.027885855076096,-0.743761071459543,2.075366603611829,0.9996111139271486,-0.0012646865317829437,1.7766846666666667,-0.38998200000000005,0.006639132332363530830510764408007551021494926169326673159,0.00002284844433941930105680084506264592480711293511933646515,0.4360089725580673361872793485252561895201390612085789934,65,-0.38998
-0.38564886666666665,0.00663762580156504,2.2597825657508e-05,0.04234183944299634,-0.0034287968262835295,-0.038913042616712815,0.08125488205970915,0.43670293883823647,12.656399350797567,2.818888837449056,1.0296233939481378,-0.7429057866271485,2.0759830508219075,0.9995611309624807,-0.0012644135575435613,1.7810178,-0.38564886666666665,0.006637625801565040400127586295211611420181388878509453164,0.00002259782565750800272775296329047858330722771041325696137,0.436702938838236445664554432610746632479790486781062137,65,-0.38565
-0.38131573333333324,0.006636132788438899,2.2347086594713464e-05,0.042320721965070716,-0.0033909894017475177,-0.038929732563323195,0.08125045452839391,0.43739746894777376,12.6603692932286,2.818640522709226,1.0313608816320117,-0.7420478158716834,2.0765927068375425,0.9995081265819018,-0.0012641433017882798,1.7853509333333335,-0.38131573333333324,0.006636132788438898293457050837187760697507229462733702635,0.00002234708659471346392738851246551448159969601740554263413,0.4373974689477737534676360230954087164554147416047556446,65,-0.38132
-0.37698260000000006,0.006634653404945023,2.209622914168579e-05,0.042299609087113735,-0.0033531572597486113,-0.03894645182736512,0.08124606091447885,0.4380925569435629,12.664344658360552,2.818382722456301,1.033098315928726,-0.7411871544097555,2.077195568046546,0.9994521006444892,-0.0012638757757130914,1.7896840666666667,-0.37698260000000006,0.006634653404945022717134945500603100512705336820985939204,0.00002209622914168578852727936363825917124739610824497913045,0.4380925569435629295836993609518322722324003383924485378,65,-0.37698
-0.37264946666666665,0.0066331877617613446,2.184525526737252e-05,0.04227850123340114,-0.00331530070279794,-0.038963200530603204,0.08124170176400435,0.4387881968715694,12.668325394643427,2.8181154281965863,1.0348356946870034,-0.7403237972981401,2.077791630898446,0.9993930529955038,-0.001263610990385789,1.7940172,-0.37264946666666665,0.006633187761761344428485416997232437463406842124418842138,0.00002184525526737251930428594613695013448801516151320649644,0.438788196871569367365694075623981765868670222025941509,65,-0.37265
-0.36831633333333325,0.006631735968284759,2.159416691927113e-05,0.04225739882475906,-0.003277420032594768,-0.03897997879216429,0.08123737761692335,0.4394843827668309,12.672311450823155,2.8178386313368184,1.0365730158025497,-0.7394577394330916,2.078380891903727,0.9993309834659918,-0.0012633489567460624,1.7983503333333335,-0.36831633333333325,0.006631735968284759444177360194338564308064634184939267565,0.00002159416691927113028273133176244913802216450530764418909,0.4394843827668308995214493776107120996285130032906018073,65,-0.36832
-0.36398319999999984,0.006630298132632048,2.1342966023681055e-05,0.04223630227856927,-0.0032395155500399876,-0.038996786728529284,0.08123308900709855,0.44018110865345333,12.676302775941597,2.8175523231827384,1.038310277217324,-0.7385889755496572,2.0789633476330813,0.9992658918723943,-0.0012630896856055895,1.802683466666667,-0.36398319999999984,0.006630298132632048395802672222505150589865200181864769277,0.00002134296602368105396122560546757583631245851143146844125,0.4401811086534533522073880380806560252485805027616548486,65,-0.36398
-0.35965006666666666,0.006628874361640765,2.1091654485955478e-05,0.04221521200877443,-0.0032015875552494585,-0.03901362445352497,0.08122883646229939,0.44087836854461027,12.68029931933655,2.8172564949376757,1.040047476918814,-0.7377175002210016,2.0795389947166742,0.9991977780161628,-0.0012628331876481254,1.8070166,-0.35965006666666666,0.006628874361640764606428627070518991991263924954566039508,0.00002109165448595547708265087034356822243279014095071385959,0.4408783685446102735656134516187214030381468407583523671,65,-0.35965
-0.35531693333333325,0.0066274647608700905,2.0840234190752745e-05,0.0421941284258831,-0.003163636347567194,-0.03903049207831591,0.08122462050419901,0.4415761564425473,12.684301030641802,2.816951137701156,1.041784612939312,-0.7368433078577362,2.0801078298434192,0.9991266416833814,-0.0012625794734295885,1.8113497333333335,-0.35531693333333325,0.006627464760870090651717958080786418287745014619681116331,0.00002084023419075274448906806349930080676095484075172126106,0.4415761564425472647426962724249024994120331873280558443,65,-0.35532
-0.35098379999999985,0.0066260694346016655,2.0588707002287603e-05,0.042173051936974716,-0.0031256622255784053,-0.03904738971139631,0.08122044164837103,0.44227446633859024,12.688307859787198,2.8166362424675215,1.043521683355196,-0.7359663927072577,2.080669849760264,0.9990524826443954,-0.001262328553378143,1.815682866666667,-0.35098379999999985,0.006626069434601665414683247568305269175295420164165417224,0.00002058870700228760454434928179027238701128926064823631937,0.4422744663385902481052162651841146985524219011054625638,65,-0.35098
-0.34665066666666666,0.006624688485840381,2.0337074764582046e-05,0.04215198294570436,-0.003087665487122391,-0.03906431745858197,0.08121630040428633,0.44297329221315834,12.692319756998746,2.816311800124578,1.0452586862862108,-0.7350867488530917,2.081225051271486,0.9989753006534478,-0.0012620804377942779,1.820016,-0.34665066666666666,0.006624688485840380887658191407840539450718119723125056835,0.00002033707476458204568237415913769851638417245740430283869,0.4429732922131583492370733340916514503477031132583339117,65,-0.34665
-0.34231753333333326,0.00662332201631515,2.008533930171587e-05,0.042130921852307504,-0.003049646429305271,-0.039081275423002236,0.08121219727530975,0.443672628035781,12.696336672798749,2.81597780145225,1.0469956198947554,-0.7342043702142442,2.081773431238006,0.9988950954483197,-0.0012618351368508844,1.8243491333333335,-0.34231753333333326,0.006623322016315150217132628325087596864773169778185506193,0.00002008533930171586763040126478892343228434880979715092076,0.4436726280357809757678374761161994785521031048160642467,65,-0.34232
-0.33798439999999985,0.006621970126479648,1.9833502418077094e-05,0.04210986905360456,-0.003011605348512603,-0.03909826370509196,0.08120813275869652,0.4443724677651188,12.700358558005954,2.815634237121262,1.0487324823851696,-0.733319250544561,2.082314986576701,0.9988118667499797,-0.00126159266059333,1.828682266666667,-0.33798439999999985,0.006621970126479648217782507757588120404193612421352938403,0.00001983350241807709384998674833771803048942388799841599063,0.4443724677651187772909578018886607134176728883494913302,65,-0.33798
-0.33365126666666667,0.006620632915513024,1.9581565898612022e-05,0.04208882494300538,-0.0029735425404218353,-0.039115282402583544,0.08120410734558892,0.445072805348989,12.704385363735737,2.815281097691831,1.0504692720030258,-0.7324313834320925,2.082849714259739,0.998725614262238,-0.0012613530189395296,1.8330154,-0.33365126666666667,0.006620632915513023900272369832547467265245538069699883074,0.00001958156589861202357420243210906890414510247404016078091,0.4450728053489890260357924304851312199530649290095893131,65,-0.33365
-0.32931813333333326,0.0066193104813205865,1.9329531509075028e-05,0.04206778991051361,-0.002935458300014623,-0.039132331610498984,0.0812001215210126,0.44577363472439513,12.708417041400311,2.8149183736123833,1.0522059870344225,-0.7315407622984661,2.0833776113139173,0.9986363376714077,-0.0012611162216800142,1.8373485333333335,-0.32931813333333326,0.006619310481320586254462025452960543534126494211465431325,0.00001932953150907502922971920801699080501154795769264284245,0.4457736347243951038047606728828692460749715598120241978,65,-0.32932
-0.32498499999999986,0.006618002920534465,1.9077400996278243e-05,0.04204676434273097,-0.0028973529215890284,-0.03914941142114194,0.08119617576387292,0.4464749498175597,12.712453542708955,2.814546055218281,1.0539426258052804,-0.7306473803982665,2.0838986748200146,0.9985440366459716,-0.0012608822784779968,1.8416816666666669,-0.32498499999999986,0.00661800292053446466729973484707034714683482262896776482,0.00001907740099627824234674028986151578939666844710042877407,0.4464749498175596755053257697997098311324673441316608449,65,-0.32498
-0.3206518666666667,0.006616710328514243,1.882517608834089e-05,0.042025748622861445,-0.002859226698771563,-0.03916652192408988,0.08119227054695131,0.44717674454396217,12.716494819668275,2.814164132730573,1.0556791866806425,-0.7297512308184213,2.084412901912152,0.9984487108362563,-0.0012606511988694357,1.8460148,-0.3206518666666667,0.006616710328514243338752708090501929177213860139866492957,0.00001882517608834088988176221287108905663772607040411593922,0.4471767445439621887537279992527324600853421959770549884,65,-0.32065
-0.31631873333333327,0.006615432799347571,1.8572858494938412e-05,0.042004743130715304,-0.002821079924529105,-0.0391836632061862,0.0811884063369015,0.44787901280838033,12.720540824582478,2.8137725962547604,1.057415668063974,-0.7288523064775944,2.084920289777166,0.9983503598741114,-0.0012604229922630957,1.8503479333333335,-0.31631873333333327,0.006615432799347571024861531848472070864147955533691380806,0.00001857285849493841114039528133658014518982328013727932896,0.4478790128083803149105371839275670173600303489170189621,65,-0.31632
-0.31198559999999986,0.006614170425850748,1.83204499075515e-05,0.04198374824271314,-0.002782912891180703,-0.03920083535153244,0.08118458359424557,0.44858174850493493,12.72459151005368,2.813371435779577,1.0591520683964675,-0.7279506001255862,2.0854208356539905,0.998248983372595,-0.001260197667940607,1.8546810666666669,-0.31198559999999986,0.00661417042585074742794210222576734473640197536842454838,0.00001832044990755149727688558668954925404577544616953389902,0.448581748504934912549220178346065236975661597089010513,65,-0.31199
-0.3076524666666667,0.006612923299569286,1.806795199971479e-05,0.04196276433188974,-0.0027447258904092315,-0.0392180384414805,0.08118080277337024,0.4492849455171392,12.728646828982228,2.8129606411757897,1.0608883861563505,-0.7270461043427409,2.085914536833049,0.9981445809256668,-0.0012599752350565207,1.8590142,-0.3076524666666667,0.006612923299569285488886789592230841930447227712940358644,0.0000180679519997147898506550478077044741318961832776972015,0.4492849455171392222367880900515826411901208871602830436,65,-0.30765
-0.3033193333333333,0.006611691510778451,1.7815366427265397e-05,0.04194179176789786,-0.0027065192132729255,-0.03923527255462494,0.08117706432252281,0.4499885977179518,12.732706734567056,2.812540202195016,1.0626246198581935,-0.7261388115393591,2.086401390655657,0.9980371521078846,-0.0012597557026383635,1.8633473333333335,-0.3033193333333333,0.006611691510778451012070778721216014296885133576688006268,0.00001781536642726539777319665738477767324479238376160666923,0.449988597717951824495432476381862733548971330470428705,65,-0.30332
-0.29898619999999987,0.006610475148483781,1.756269482859135e-05,0.04192083091701203,-0.0026682931502168094,-0.03925253776679522,0.08117336868380724,0.450692698969833,12.736771180306048,2.8121101084685565,1.0643607680522222,-0.7252287139551198,2.086881394513437,0.9979266964741088,-0.0012595390795866889,1.8676804666666669,-0.29898619999999987,0.006610475148483780770246185276774895636795530440114790437,0.00001756269482859135019848115485170501467245945047414584991,0.450692698969833007548993269306925040799700142070376096,65,-0.29899
-0.2946530666666667,0.006609274300421578,1.730993882487975e-05,0.0418998821421321,-0.0026300479910839857,-0.03926983415104811,0.0811697162931802,0.45139724312480517,12.740840119996431,2.811670349506244,1.0660968293236333,-0.7243158036585063,2.0873545458477376,0.9978132135592125,-0.0012593253746751275,1.8720136,-0.2946530666666667,0.006609274300421578521293048790330236211301418111710177439,0.00001730993882487975293417206585112141985242010579535584491,0.451397243124805165743106967321800950723015034078969241,65,-0.29465
-0.2903199333333333,0.00660808905305939,1.7057100020364762e-05,0.04187894580278686,-0.0025917840251268053,-0.039287161777660055,0.08116610758044691,0.4521022240245169,12.744913507735188,2.8112209146953107,1.0678328022919095,-0.7234000725462412,2.0878208421490694,0.9976967028777968,-0.0012591145965504338,1.8763467333333335,-0.2903199333333333,0.006608089053059390085804115495695457879221659627740946347,0.00001705710002036476057743198947245146339457835360401483637,0.4521022240245168893825060776286331363628150629690633093,65,-0.29032
-0.2859867999999999,0.006606919491596459,1.680418000257552e-05,0.04185802225513755,-0.0025535015410179424,-0.03930452071411961,0.08116254296925716,0.4528076355003103,12.748991297919487,2.810761793299272,1.0695686856101407,-0.7224815123427264,2.0882802809565453,0.9975771639239129,-0.0012589067537325319,1.8806798666666669,-0.2859867999999999,0.006606919491596458788544570930683569227220094699676781621,0.00001680418000257552335672682851097657724368620551822152243,0.4528076355003102748710980571410827717962487829335527979,65,-0.28599
-0.2816536666666667,0.006605765699964161,1.6551180342583848e-05,0.041837111851981246,-0.0025152008268613333,-0.039321911025119914,0.08115902287710115,0.4535134713732922,12.753073445247143,2.8102929744568246,1.0713044779643446,-0.7215601145994907,2.088732859857334,0.9974545961707892,-0.0012587018546145598,1.885013,-0.2816536666666667,0.006605765699964160575158362425307339073073080801906491616,0.00001655118034258384679465493960945298294734245860741575346,0.4535134713732921567276831070683606993803478565942904265,65,-0.28165
-0.2773205333333333,0.00660462776082642,1.6298102595251714e-05,0.0418162149427542,-0.002476882170203004,-0.039339332772551194,0.08115554771530539,0.4542197254544088,12.757159904717073,2.8098144471807642,1.0730401780727925,-0.7206358706946437,2.08917857648612,0.9973289990705648,-0.0012584999074629097,1.8893461333333335,-0.2773205333333333,0.006604627760826420076183511124346492061397553502757775299,0.00001629810259525171265404554944894970201061639747534250968,0.4542197254544088188043274984050538293169331782670980821,65,-0.27732
-0.2729873999999999,0.006603505755580109,1.6044948299478762e-05,0.04179533187353519,-0.002438545858041809,-0.039356786015493375,0.08115211788902857,0.45492639154452386,12.7612506316298,2.809326200356914,1.0747757846853347,-0.7197087718323368,2.089617428524577,0.9972003720540283,-0.0012583009204172688,1.8936792666666669,-0.2729873999999999,0.006603505755580108594864299154205814688454374898997929742,0.00001604494829947876070633365792868281839110046546227496871,0.4549263915445238770420963072474508940675403527326825623,65,-0.27299
-0.2686542666666667,0.006602399764355424,1.579171897844953e-05,0.04177446298704868,-0.0024001921768400354,-0.03937427081020864,0.08114873379725732,0.45563346343449984,12.765345581587951,2.8088282227430765,1.0765112965827315,-0.7187788090422295,2.090049413700847,0.9970687145303624,-0.0012581049014906568,1.8980124,-0.2686542666666667,0.006602399764355423631432138866752699247917638839033747311,0.00001579171897844952928171623151634789635572141409998802667,0.4556334634344998670579775647189917377172216253418557115,65,-0.26865
-0.2643211333333333,0.006601309866016251,1.5538416139880567e-05,0.04175360862266802,-0.002361821412533913,-0.0393917872101341,0.08114539583280213,0.4563409349052832,12.76944471049679,2.8083205029679945,1.078246712575983,-0.7178459731789638,2.090474529789031,0.9969340258868946,-0.0012579118585694625,1.9023455333333334,-0.2643211333333333,0.006601309866016250993570538525835789873394347883241966865,0.00001553841613988056582714479146829650469752987753341366086,0.4563409349052831954269338621168027956980082564468069173,65,-0.26432
-0.2599879999999999,0.006600236138160511,1.528504127626752e-05,0.041732769116418565,-0.0023234338505440265,-0.039409335265874534,0.08114210438229309,0.4570487997279921,12.773547974564751,2.807803029530333,1.0799820315056654,-0.7169102549216445,2.090892774608689,0.996796305488853,-0.0012577217994134775,1.9066786666666669,-0.2599879999999999,0.006600236138160510480792320033294513458241855773397157619,0.00001528504127626751875921873619573343689067891546377359561,0.4570487997279921120409599072297074969895499811403039475,65,-0.25999
-0.2556548666666667,0.006599178657120485,1.5031595865132007e-05,0.041711944800980706,-0.002285029775785614,-0.03942691502519509,0.08113885982617579,0.45775705166400826,12.77765533030401,2.807275790797674,1.0817172522412657,-0.7159716447733255,2.0913041460243487,0.9966555526791276,-0.0012575347316559303,1.9110118,-0.2556548666666667,0.006599178657120484759638333668136350919272292905529791391,0.00001503159586513200605088252499893921019685550526895317969,0.4577570516640082424038928192846457537088286420321838316,65,-0.25565
-0.2513217333333333,0.006598137497963132,1.4778081369268372e-05,0.04169113600569288,-0.002246609472678765,-0.03944452653301412,0.081135662538707,0.45846568446507135,12.781766734531043,2.806738775005527,1.0834523736805222,-0.7150301330605033,2.0917086419450235,0.9965117667780379,-0.001257350662803517,1.9153449333333334,-0.2513217333333333,0.006598137497963132432795445677627808906542460246276386868,0.00001477808136926837130761180507293640094797147456226080428,0.4584656844650713378417816133055507735713120822736685894,65,-0.25132
-0.2469885999999999,0.0065971127344903865,1.4524499236990439e-05,0.04167034305655455,-0.0022081732251585345,-0.03946216983139602,0.08113251288795056,0.4591746918733769,12.785882144367237,2.806191970256357,1.0851873947487651,-0.7140857099326169,2.09210626032374,0.9963649470831047,-0.0012571696002364303,1.9196780666666668,-0.2469885999999999,0.00659711273449038624255721398006214041427949944966656613,0.00001452449923699043814442551997171508818327874381766864806,0.4591746918733769001764086885703690330034160208486526904,65,-0.24699
-0.2426554666666667,0.006596104439239436,1.4270850902378057e-05,0.04164956627622908,-0.0021697213166849455,-0.03947984495954413,0.08112941123577322,0.4598840676216772,12.790001517239482,2.8056353645186274,1.0869223143982598,-0.7131383653615532,2.092496999157074,0.9962150928688293,-0.0012569915512083895,1.9240112,-0.2426554666666667,0.006596104439239436039028979779814603129766354194950601462,0.00001427085090237805757196761166050605724032519378128166218,0.4598840676216772203263261351527460312994854375547323205,65,-0.24266
-0.2383223333333333,0.006595112683482998,1.4017137785523559e-05,0.04162880598404662,-0.0021312540302528987,-0.039497551953793716,0.08112635793784034,0.46059380543338546,12.794124810880794,2.8050689456258557,1.0886571316075546,-0.7121880891411602,2.0928808564846957,0.9960622033864757,-0.0012568165228466664,1.9283443333333334,-0.2383223333333333,0.006595112683482997469534261018820364325926705938867667322,0.00001401713778552355870007828504083390199729672750735942494,0.4605938054333854879202299567608341344171887370883519087,65,-0.23832
-0.2339891999999999,0.006594137537229567,1.3763361292778213e-05,0.04160806249600693,-0.002092771648402001,-0.03951529084760493,0.08112335334361186,0.46130389902268265,12.798251983330955,2.8044927012756897,1.0903918453808277,-0.7112348708867654,2.093257830388924,0.9959062778638603,-0.0012566445221521103,1.9326774666666668,-0.2339891999999999,0.006594137537229567282342010971044649317624861403308666077,0.00001376336129277821311787723943583474368658101810443275045,0.4613038990226826276278526465555363778795721831488866606,65,-0.23399
-0.2296560666666667,0.006593179069223665,1.3509522816998508e-05,0.04158733612478218,-0.002054274453226293,-0.03953306167155589,0.08112039779633808,0.4620143420946274,12.80238299293716,2.8039066190289934,1.0921264547472385,-0.7102787000347013,2.093627918994292,0.9957473155051462,-0.0012564755559991733,1.9370106,-0.2296560666666667,0.006593179069223664889426700331483170552888934614495715124,0.00001350952281699850696748897883687388619108746082606742898,0.4620143420946274022024560470433213866730532023185079142,65,-0.22966
-0.2253229333333333,0.006592237346946061,1.3255623737792331e-05,0.04156662717971968,-0.0020157627263838822,-0.0395508644533358,0.08111749163305548,0.46272512834526947,12.806517798354676,2.8033106863089516,1.0938609587602812,-0.7093195658418362,2.0939911204671153,0.9955853154906418,-0.0012563096311359323,1.9413437333333334,-0.2253229333333333,0.006592237346946061098028397826496877234410848911884154468,0.00001325562373779233059544483602244943558303018779150835775,0.46272512834526943842122430467749721825213751087617266,65,-0.22532
-0.2209897999999999,0.006591312436613995,1.3001665421765196e-05,0.04154593596684461,-0.00197723674910651,-0.0395686992177381,0.08111463518458271,0.4634362514617648,12.810656358547522,2.8027048904001886,1.0955953564971408,-0.7083574573851128,2.0943474330150758,0.9954202769766067,-0.0012561467541841115,1.9456768666666668,-0.2209897999999999,0.006591312436613994856805205568579006347022586974416270143,0.00001300166542176519571165473967272291394653389651408371613,0.4634362514617648307853973970744644735408985057691757455,65,-0.22099
-0.21665666666666672,0.006590404403181377,1.2747649222766274e-05,0.04152526278886271,-0.0019386968022090138,-0.03958656598665369,0.08111182877551641,0.46414770512249487,12.814798632789152,2.802089218447901,1.0973296470580491,-0.7073923635610913,2.09469685488681,0.9952521990950614,-0.001255986931639102,1.95001,-0.21665666666666672,0.006590404403181377680504591061782681161299470983544058001,0.00001274764922276627459339917059022891237515731326395690327,0.4641477051224948601502905772460337497201079214943713656,65,-0.21666
-0.21232353333333331,0.006589513310338986,1.2493576482134363e-05,0.04150460794516294,-0.0019001431660987068,-0.03960446477906423,0.08110907272422717,0.4648594829971875,12.818944580663159,2.8014636574570084,1.099063829565648,-0.7064242730855002,2.0950393843715083,0.9950810809536016,-0.0012558301698699812,1.9543431333333334,-0.21232353333333331,0.006589513310338986589133034268152858111485774332869871596,0.00001249357648213436319513088083372215681690794696124491638,0.4648594829971875039251781922051152939633532107731455591,65,-0.21232
-0.2079903999999999,0.006588639220514647,1.2239448528943898e-05,0.0414839717318201,-0.001861576120784693,-0.03962239561103541,0.0811063673428555,0.46557157874704136,12.823094162063981,2.8008281942913134,1.1007979031643493,-0.705453174492792,2.0953750197985213,0.9949069216352203,-0.0012556764751195319,1.9586762666666668,-0.2079903999999999,0.006588639220514646432980834227421979440969306492149142133,0.00001223944852894389820689392122398537240730356559955847826,0.4655715787470413343932816631462184695159668981129093452,65,-0.20799
-0.20365726666666673,0.006587782194873401,1.1985266680250793e-05,0.041463354441597475,-0.0018229959458870863,-0.03964035849571039,0.08110371293730786,0.46628398602485244,12.827247337197628,2.8001828156726822,1.1025318670197015,-0.7044790561357066,2.0957037595369754,0.9947297201981321,-0.0012555258535042583,1.9630094,-0.20365726666666673,0.006587782194873401182355793733605397779156309039663384528,0.00001198526668025079384702533696656542767100514017115884355,0.4662839860248524215267458424680863480621425728545590515,65,-0.20366
-0.19932413333333332,0.006586942293317675,1.1731032241338217e-05,0.041442756363949375,-0.0017844029206461494,-0.03965835344330322,0.0811011098072526,0.46699669847514386,12.831404066582413,2.7995275081802364,1.1042657203177568,-0.7035019061848385,2.0960256019953976,0.9945494756756043,-0.001255378311014403,1.9673425333333334,-0.19932413333333332,0.006586942293317675034933316284702108020782876760127219447,0.00001173103224133821686147714702913158759674409197258243798,0.4669966984751438684925246514332549083154744221398666497,65,-0.19932
-0.19499099999999991,0.006586119574487424,1.1476746505962435e-05,0.04142217778502374,-0.0017457973239313766,-0.03967638046109236,0.0810985582461161,0.46770970973429754,12.835564311049692,2.7988622582495597,1.10599946226444,-0.7025217126282128,2.096340545621347,0.9943661870757923,-0.0012552338535139615,1.9716756666666668,-0.19499099999999991,0.006586119574487424174190143424746989648357098447032571671,0.00001147674650596243410244057033558762038856945656512807715,0.4677097097342975623046988707369249967130396832090123061,65,-0.19499
-0.19065786666666673,0.006585314095760279,1.1222410756598482e-05,0.04140161898766469,-0.001707179434250482,-0.03969443955341421,0.0810960585410789,0.4684230134306888,12.839728031744617,2.798187052171921,1.1077330920849218,-0.701538463270865,2.096648588901056,0.994179853381581,-0.0012550924867406968,1.9760088,-0.19065786666666673,0.006585314095760278724467381489932617419253659231653413802,0.00001122241075659848145227602100130898573653772338674509828,0.468423013430688802480952371882426773142732138600569771,65,-0.19066
-0.18632473333333333,0.006584525913251676,1.0968026264685789e-05,0.04138108025141504,-0.001668549529758316,-0.03971253072165672,0.08109361097307177,0.46913660318482336,12.843895190126904,2.7975018760935093,1.109466609022992,-0.7005521457344279,2.0969497303590816,0.9939904735504297,-0.0012549542163061526,1.9803419333333334,-0.18632473333333333,0.006584525913251675759514968370001793622953392525114315275,0.00001096802626468578805542886422301601383055198885063556663,0.4691366031848233905901869810598219293544776293281963829,65,-0.18632
-0.18199159999999992,0.006583755081814984,1.0713594290873874e-05,0.04136056185251886,-0.0016299078882657297,-0.039730653964253126,0.08109121581677199,0.4698504726094768,12.848065747971592,2.796806716014684,1.1112000123404382,-0.6995627474567245,2.09724396855796,0.9937980465142233,-0.001254819047695666,1.9846750666666668,-0.18199159999999992,0.006583755081814984092736655843435141619630984091548196458,0.00001071359429087387345216474757791139015414844600371347726,0.4698504726094768083370840380147998019871959458417257431,65,-0.18199
-0.17765846666666674,0.0065830016550416206,1.0459116085267886e-05,0.04134006406392395,-0.00159125478724835,-0.0397488092766756,0.08108887334059955,0.47056461530983607,12.852239667369835,2.7961015577892407,1.112933301316422,-0.6985702556913662,2.0975313020978743,0.9936025711791281,-0.0012546869862683785,1.9890082,-0.17765846666666674,0.006583001655041620486809150621543980281724047305228379578,0.00001045911608526788694676593527116042016299064534146801882,0.470564615309836088214190656517527966231232265536258217,65,-0.17766
-0.17332533333333333,0.006582265685261158,1.0204592887674102e-05,0.041319587155284394,-0.0015525905038552884,-0.03976699665142911,0.0810865838067135,0.47127902488364404,12.856416910729676,2.7953863871236884,1.114666475246863,-0.6975746575073574,2.097811729616331,0.9934040464254514,-0.0012545580372572472,1.9933413333333334,-0.17332533333333333,0.00658226568526115802133156054321475540551820132630019925,0.00001020459288767410172162201547852013165934235999394428149,0.4712790248836440179469653099837634608995191597118125394,65,-0.17333
-0.16899219999999993,0.006581547223541428,9.950025927845497e-06,0.04129913139296302,-0.0015139153149178023,-0.039785216078045214,0.08108434747100823,0.47199369492134524,12.860597440776852,2.794661189576544,1.1163995334438215,-0.6965759397887061,2.0980852497878377,0.9932024711075083,-0.0012544322057690554,1.9976744666666668,-0.16899219999999993,0.006581547223541427347668511716743951821114530225576196507,0.000009950025927845497396812942408792098279715514774048723264,0.4719936949213452594510225393929277656926643087877410763,65,-0.16899
-0.16465906666666674,0.00658084631968861,9.695416425727183e-06,0.0412786970400339,-0.0014752294969578729,-0.03980346754307603,0.08108216458310993,0.472708619006235,12.864781220555587,2.7939259505576377,1.1181324752348853,-0.6955740892340398,2.098351861323598,0.99299784405349,-0.0012543094967844214,2.0020075999999998,-0.16465906666666674,0.006580846319688610440997102662574663889976821223745845556,0.000009695416425727182819999117428764819776465291098445370651,0.4727086190062350344569893311288311607741309286241511067,65,-0.16466
-0.16032593333333311,0.006580163022247327,9.440765591701783e-06,0.04125828435628488,-0.001436533326196719,-0.039821751030088164,0.08108003538637305,0.47342379071461,12.86896821342941,2.7931806553274354,1.1198652999625578,-0.6945690923562275,2.0986115629712083,0.9927901640653407,-0.0012541899151578071,2.0063407333333334,-0.16032593333333311,0.00658016302224732757617720904720090470715925523472992788,0.000009440765591701783032321031441306739688314201079177262199,0.4734237907146099842470592293558706432354969843668281069,65,-0.16033
-0.15599279999999993,0.006579497378500719,9.186074626834985e-06,0.04123789359822005,-0.0013978270785632812,-0.03984006651965677,0.08107796011787682,0.4741392036159206,12.87315838308196,2.7924252889963728,1.1215980069836489,-0.6935609354820075,2.098864353514365,0.992579429918636,-0.0012540734656175264,2.0106738666666666,-0.15599279999999993,0.006579497378500718360511581720116139942375075219455726988,0.000009186074626834984943386130796278597513874373879852624799,0.474139203615920611644820960849420743435924122575576736,65,-0.15599
-0.15165966666666675,0.0065788494344705154,8.931344723120745e-06,0.041217525019062215,-0.0013591110297025966,-0.039858413989359624,0.08107593900842183,0.47485485127292665,12.877351693517804,2.7916598365242016,1.1233305956686686,-0.6925496047516206,2.0991102317725807,0.9923656403624681,-0.0012539601527657527,2.0150069999999998,-0.15165966666666675,0.006578849434470515809436230616879095784224562115645098263,0.00000893134472312074615881919191386558617216102162782596035,0.4748548512729266511088389762123066648498297195060861025,65,-0.15166
-0.14732653333333312,0.006578219234917115,8.676577063726727e-06,0.04119717886875545,-0.0013203854549841566,-0.03987679341377129,0.08107397228252675,0.47557072724185373,12.88154810906328,2.7908842827193547,1.1250630654012235,-0.6915350861184495,2.0993491966009055,0.9921487941193343,-0.0012538499810785253,2.0193401333333334,-0.14732653333333312,0.006578219234917115294761375155184430243719881475624080492,0.000008676577063726726724574095697789298785946997671226222533,0.4755707272418537486566048450434905620920837315727224569,65,-0.14733
-0.14299339999999994,0.006577606823339638,8.421772823239698e-06,0.04117685539396755,-0.0012816506295102064,-0.03989520476445735,0.0810720601584249,0.4762868250725521,12.885747594367308,2.790098612238322,1.1267954155774134,-0.6905173653486637,2.099581246889658,0.9919288898850316,-0.0012537429549057566,2.0236732666666666,-0.14299339999999994,0.006577606823339637967927615021443782459290579269478313536,0.000008421772823239698445902760882608599786537848918867961921,0.4762868250725520935709340706075726139628848866133722023,65,-0.14299
-0.13866026666666675,0.006577012241975988,8.166933167910694e-06,0.0411565548380926,-0.0012429068281239568,-0.03991364800996864,0.08107020284806124,0.47700313830865765,12.889950114402232,2.789302809585036,1.1285276456052327,-0.689496428020869,2.099806381564167,0.9917059263285541,-0.0012536390784712373,2.0280063999999998,-0.13866026666666675,0.00657701224197598840870442182245061980097264920212458213,0.000008166933167910694263407327951200601085189766580308488086,0.4770031383086576223772625915764129170334887287928383292,65,-0.13866
-0.13432713333333313,0.006576435531802908,7.91205925590038e-06,0.04113627744125343,-0.0012041543254177772,-0.039932123115835653,0.08106840055708908,0.4777196604877544,12.89415563446467,2.788496859110279,1.130259754903974,-0.6884722595257642,2.1000245995845144,0.9914799020919973,-0.0012535383558726408,2.0323395333333334,-0.13432713333333313,0.006576435531802907979475646467371167509751287111925115835,0.000007912059255900379812950923929092912829670465189104771724,0.4777196604877543927047330203395451887642253114108946053,65,-0.13433
-0.12999399999999994,0.006575876732536024,7.657152237524399e-06,0.041116023440304204,-0.0011653933957413377,-0.03995063004456287,0.08106665348486708,0.4784363851415388,12.89836412017634,2.7876807450110954,1.131991742903632,-0.6874448450658023,2.1002358999452935,0.9912508157904646,-0.0012534407910815303,2.0366726666666666,-0.12999399999999994,0.006575876732536023508820823496641440339588108539784701474,0.000007657152237524397856767603204409398973785176097850959133,0.4784363851415387792618142619113533439822966518393418182,65,-0.12999
-0.12566086666666676,0.006575335882629891,7.402213255498473e-06,0.04109579306883295,-0.0011266243132096697,-0.03996916875562328,0.08106496182445623,0.47915330579598603,12.90257553748492,2.7868544513302256,1.1337236090443124,-0.686414169654857,2.1004402816753687,0.9910186660119797,-0.0012533463879433615,2.0410057999999998,-0.12566086666666676,0.006575335882629891137520996216573594186675332337227172044,0.000007402213255498472965316632736876756411637872955252039304,0.4791533057959860414652369648696025352169539649273399198,65,-0.12566
-0.12132773333333313,0.006574813019278036,7.147243445183725e-06,0.04107558655716409,-0.001087847351711208,-0.039987739205452885,0.08106332576261698,0.47987041597151797,12.906789852664888,2.7860179619555443,1.1354553527756424,-0.6853802181178954,2.1006377438376487,0.9907834513174039,-0.0012532551501774865,2.0453389333333334,-0.12132773333333313,0.006574813019278036605599927885119920971017419558188612325,0.000007147243445183724954368553634260963458864796376926515707,0.4798704159715179529737812392626481500049729260860040917,65,-0.12133
-0.11699459999999995,0.006574308178412992,6.892243934831979e-06,0.04105540413236108,-0.0010490627849157935,-0.04000634134744528,0.08106174547980635,0.48058770918317206,12.911007032318382,2.7851712606195185,1.137186973556182,-0.6843429750906557,2.1008282855288627,0.9905451702403558,-0.001253167081377159,2.0496720666666666,-0.11699459999999995,0.006574308178412991712134782545826370224031654137677673227,0.000006892243934831978428814310902522788292350686816928015505,0.4805877091831720414320115300148561289542783930581686747,65,-0.11699
-0.11266146666666677,0.006573821394706326,6.6372158458308186e-06,0.04103524601822891,-0.001010270886282591,-0.04002497513194632,0.08106022115017524,0.48130517894077307,12.915227043376056,2.784314330898677,1.1389184708528406,-0.6833024250193297,2.1010119058793473,0.9903038212871383,-0.0012530821850095357,2.0540051999999998,-0.11266146666666677,0.006573821394706326722198400612505773721127356098358060724,0.000006637215845830818398786946183620487848784299967762124783,0.481305178940773092251685139517378241425782687190578154,65,-0.11266
-0.10832833333333314,0.00657335270156868,6.382160292948874e-06,0.04101511243531683,-0.0009714719290680017,-0.040043640506248826,0.08105875294156566,0.4820228187491055,12.919449853097927,2.783447156213092,1.1406498441402948,-0.6822585521602516,2.1011886040528402,0.9900594029366676,-0.0012530004644156804,2.0583383333333334,-0.10832833333333314,0.006573352701568679949104199810356030449560484324809688231,0.000006382160292948873912259421723475164688164395283624150289,0.4820228187491055109443164996359213177664299841243851131,65,-0.10833
-0.10399519999999995,0.006572902131149784,6.127078384581091e-06,0.040995003600920885,-0.000932666186333535,-0.040062337414587354,0.08105734101550824,0.48274062210808716,12.923675429074239,2.7825697198258728,1.1423810929004061,-0.6812113405795913,2.1013583792462813,0.9898119136404077,-0.0012529219228105666,2.0626714666666666,-0.10399519999999995,0.006572902131149784211776712973500917829880665484831299295,0.000006127078384581091406171538165019398986372413670845125636,0.4827406221080871636429779247454864836803994444761913802,65,-0.104
-0.09966206666666677,0.00657246971433849,5.8719712229937635e-06,0.040974919729086644,-0.0008938539309536027,-0.04008106579813304,0.08105598552721968,0.4834585825129453,12.927903739226327,2.781682004842676,1.1441122166216469,-0.6801607741530532,2.101521230689623,0.989561351822309,-0.0012528465632830792,2.0670045999999997,-0.09966206666666677,0.006572469714338490002082513360805815255238375099980086767,0.000005871971222993763893473773833477109701745438363192318076,0.4834585825129453034023225065512863608190450004312819872,65,-0.099662
-0.09532893333333314,0.006572055480762787,5.616839904569785e-06,0.04095486103061182,-0.0008550354356233124,-0.04009982559498851,0.08105468662560032,0.48417669345439324,12.932134751807466,2.780783994211225,1.1458432147985231,-0.6791068365655801,2.101677157645645,0.9893077158787512,-0.0012527743887960172,2.0713377333333334,-0.09532893333333314,0.006572055480762786438893919221442123979084022744904795793,0.000005616839904569784902241300476806365573406389805786395055,0.4841766934543932118705195952450842879964881679802848406,65,-0.095329
-0.09099579999999996,0.00657165945878982,5.361685520053902e-06,0.04093482771304903,-0.000816210972866224,-0.04011861674018281,0.08105344445323183,0.48489494841880815,12.936368435403741,2.7798756707208434,1.1475740869310027,-0.6780495113110625,2.101826159409781,0.9890510041784907,-0.0012527054021860952,2.0756708666666666,-0.09099579999999996,0.006571659458789819756781925999680763577106101797138601045,0.000005361685520053901500151636922142787002805375143264937694,0.4848949484188081397244428951300920346636576314866677907,65,-0.090996
-0.08666266666666678,0.0065712816755259095,5.10650915479772e-06,0.0409148199807085,-0.0007773808150420352,-0.040137439165666464,0.08105225914637496,0.4856133408884112,12.940604758934903,2.7789570170020013,1.1493048325239466,-0.6769887816920517,2.1019682353099496,0.9887912150626118,-0.0012526396061639453,2.0800039999999997,-0.08666266666666678,0.00657128167552590916799094705330665619292868515057913497,0.000005106509154797719874016323740601269749245726947271853789,0.4856133408884111883036262892197503083028074855075547808,65,-0.086663
-0.08232953333333315,0.006570922156816561,4.851311889004945e-06,0.04089483803466082,-0.0007385452343542689,-0.04015629280030655,0.08105113083496737,0.4863318643414477,12.944843691655226,2.7780280155258747,1.1510354510865397,-0.6759246308194798,2.102103384706395,0.9885283468444825,-0.0012525770033141176,2.0843371333333334,-0.08232953333333315,0.006570922156816561069028977002586224864757593880013391811,0.000004851311889004944670856729176852217124878171876837707462,0.486331864341447726043258757289360235816037579304777696,65,-0.08233
-0.07799639999999997,0.006570580927246481,4.596094797976614e-06,0.040874882072739774,-0.0006997045028579292,-0.04017517756988185,0.08105005964262162,0.48705051225236895,12.949085203154372,2.777088648603916,1.1527659421317273,-0.6748570416123839,2.102231606991532,0.9882623978097141,-0.001252517596095083,2.0886702666666666,-0.07799639999999997,0.006570580927246481343174392251398403334111323066919943109,0.000004596094797976613788521308819075959362242891133704918481,0.4870505122523689580568265003331083376993703051970217553,65,-0.077996
-0.07366326666666678,0.006570258010139586,4.34085895235609e-06,0.040854952289545124,-0.0006608588924670915,-0.04019409339707803,0.08104904568662315,0.48776927809201526,12.953329263358246,2.776138898387438,1.154496305175653,-0.6737859967976337,2.102352901589805,0.9879933662161258,-0.0012524613868392335,2.0930033999999997,-0.07366326666666678,0.006570258010139585638433418522435299723712029036651169747,0.00000434085895235609007679971447376363796590545320812053555,0.4877692780920152681525862911325241707758340628267481537,65,-0.073663
-0.06933013333333315,0.006569953427559008,4.0856054183742914e-06,0.04083504887644547,-0.0006220086749624983,-0.04021304020148297,0.08104808907792843,0.48848815532779993,12.957575842529852,2.775178746867212,1.1562265397370988,-0.6727114789096665,2.1024672679575453,0.9877212502937115,-0.001252408377752882,2.0973365333333334,-0.06933013333333315,0.006569953427559008462628241295144696907577150150677464753,0.000004085605418374291094296935228309661831216000449107364777,0.488488155327799925807156030355099098340186545638296599,65,-0.06933
-0.06499699999999997,0.006569667200307111,3.83033525809491e-06,0.040815172021581164,-0.0005831541219991292,-0.040232017899582036,0.08104718992116319,0.4892071374238938,12.961824911270151,2.7742081758730714,1.1579566453369277,-0.6716334702902257,2.1025747055828456,0.9874460482446137,-0.0012523585709162644,2.1016696666666665,-0.06499699999999997,0.006569667200307110862444531570855382985736602451918583019,0.000003830335258094910115022385733633941441136855771444164615,0.4892071374238937998246040978370412693805369759208982499,65,-0.064997
-0.06066386666666679,0.006569399347925486,3.575049529659402e-06,0.04079532190986722,-0.0005442955051137081,-0.04025102640475351,0.08104634831462072,0.48992621784141166,12.966076440518906,2.773227167073539,1.1596866214975303,-0.6705519530881031,2.1026752139854357,0.9871677582430984,-0.001252311968283541,2.1060027999999997,-0.06066386666666679,0.006569399347925486607695411168904083665328498140396622211,0.000003575049529659402001315390613223013407744795777773920987,0.4899262178414116631486341956938767876982514369979848628,65,-0.060664
-0.05633073333333316,0.006569149888694967,3.3197492875322026e-06,0.04077549872299626,-0.0005054330957322225,-0.04027006562726404,0.0810455643502603,0.4906453900385987,12.970330401555543,2.772235701975454,1.1614164677422725,-0.6694669092588876,2.1027687927165664,0.986886378435536,-0.001252268571682794,2.1103359333333334,-0.05633073333333316,0.00656914988869496757868848964023799388572213016092849705,0.000003319749287532202663743388480586658143587987527456644424,0.4906453900385987152690579780531687459995047117302631595,65,-0.056331
-0.05199759999999998,0.006568918839635628,3.0644355827459476e-06,0.04075570263944156,-0.00046656716517742066,-0.04028913547426414,0.08104483811370569,0.49136464747101793,12.97458676599999,2.7712337619236216,1.163146183594946,-0.6683783205647186,2.1028554413589027,0.9866019069403851,-0.0012522283828160312,2.1146690666666665,-0.05199759999999998,0.006568918839635628164934293477055785136186433091473673212,0.000003064435582745947460404908436980099689969689824128462739,0.4913646474710179292510700521488374918611714096025203694,65,-0.051998
-0.047664466666666794,0.006568706216506789,2.809109463146449e-06,0.04073593383446002,-0.00042769798467625015,-0.04030823584978377,0.08104416968424379,0.4920839835917388,12.97884550581352,2.7702213281004675,1.1648757685792224,-0.6672861685740413,2.1029351595264263,0.9863143418481811,-0.0012521914032591849,2.1190021999999997,-0.047664466666666794,0.006568706216506788606749535196234300299872832323142686893,0.000002809109463146449250504092937383825776069763828830595352,0.4920839835917388436858256531056178044197086289003701622,65,-0.047664
-0.043331333333333166,0.006568512033807018,2.5537719736379156e-06,0.0407161924800953,-0.00038882582536731457,-0.04032736665472799,0.08104355913482329,0.4928033918515264,12.983106593299604,2.7691983815257077,1.1666052222181098,-0.6661904346613701,2.103007946864338,0.9860236812215284,-0.0012521576344621118,2.1233353333333334,-0.043331333333333166,0.006568512033807017862260271793207659171327051107239606602,0.000002553771973637915851266775083412248165905284472322783278,0.4928033918515263940467350536898316710986375065716770534,65,-0.043331
-0.03899819999999998,0.006568336304774136,2.2984241564281623e-06,0.040696478745180925,-0.00034995095830831055,-0.040346527786872616,0.08104300653205354,0.4935228656990304,12.987370001104729,2.768164903056031,1.1683345440334105,-0.6650911000070542,2.103073803048977,0.985729923095096,-0.0012521270777485938,2.1276684666666665,-0.03899819999999998,0.006568336304774135824370418710437814924816572676847877877,0.000002298424156428162177043653230808783310581964953900608629,0.4935228656990304184807942098139287522656157808143589247,65,-0.038998
-0.0346650666666668,0.006568179041385215,2.0430670512735895e-06,0.04067679279534342,-0.00031107365448341325,-0.040365719140860006,0.08104251193620342,0.4942423985809764,12.991635702219247,2.767120873384789,1.170063733545184,-0.6639881455970481,2.1031327277877407,0.9854330654756175,-0.0012520997343163382,2.1320015999999997,-0.0346650666666668,0.006568179041385214855287123149332788215443015578918428263,0.000002043067051273589535161126154492474121741550537294658415,0.4942423985809764247850761076683576727867884084580742463,65,-0.034665
-0.030331933333333172,0.006568040254356581,1.7877016957243967e-06,0.04065713479300553,-0.00027219418481068175,-0.04038494060819485,0.08104207540120037,0.49496198394235624,12.995903669978192,2.766066273041703,1.1717927902712106,-0.6628815522226863,2.103184720819016,0.9851331063418952,-0.0012520756052369776,2.1363347333333333,-0.030331933333333172,0.006568040254356581080758349193942159175609258780136046571,0.000001787701695724396705316320577708608308140445965595662899,0.4949619839423562549382020518508551291491178866991456861,65,-0.030332
-0.02599879999999999,0.006567919953143815,1.5323291253697945e-06,0.040637504897389494,-0.00023331282014945207,-0.04040419207724004,0.08104169697462953,0.49568161522661924,13.000173878062107,2.7650010823925792,1.1735217137264577,-0.6617713004804635,2.1032297819121157,0.9848300436448074,-0.00125205469145607,2.1406678666666665,-0.02599879999999999,0.006567919953143815307482229784532146974513284137798657476,0.000001532329125369794440793564775675519686083629200536557564,0.4956816152266192358352318850229409066567191830034655054,65,-0.025999
-0.021665666666666805,0.006567818145941754,1.2769503740829806e-06,0.0406179032645203,-0.00019442983130768096,-0.04042347343321261,0.08104137669773291,0.49640128587586446,13.004446300497863,2.7639252816390383,1.1752505034225518,-0.6606573707718167,2.1032679108672214,0.9845238753073194,-0.0012520369937930992,2.1450009999999997,-0.021665666666666805,0.00656781814594175354568875325461225498953977453637213357,0.0000012769503740829806144970193232493601852971874970925133,0.4964012858758644456152943349706993640794130668839617147,65,-0.021666
-0.017332533333333178,0.006567734839684487,1.0215664742663536e-06,0.040598330047229035,-0.00015554548904931593,-0.04044278455817972,0.08104111460540876,0.4971209893310327,13.008720911659472,2.762838850818252,1.176979158867249,-0.6595397433029137,2.1032991075153387,0.9842145992244989,-0.0012520225129414744,2.1493341333333333,-0.017332533333333178,0.006567734839684487460102547445726628843890824929389813945,0.000001021566474266353513435283652163127416964623118267728997,0.4971209893310326951295041599844749120212993604374663438,65,-0.017333
-0.012999399999999994,0.006567670040045365,7.661784570967228e-07,0.04057878539515631,-0.00011666006410165581,-0.04046212533105466,0.08104091072621097,0.49784071903209887,13.012997686268887,2.761741769802699,1.1787076795639109,-0.6584183980844446,2.1033233717182545,0.9839022132635349,-0.00125201124946853,2.1536672666666665,-0.012999399999999994,0.006567670040045364631169095382759741413490824475269028726,0.0000007661784570967227349652595730543932330096021535290120524,0.4978407190320988473292739116419870740215408611733230022,65,-0.012999
-0.008666266666666811,0.006567623751436989,5.107873527702864e-07,0.04055926945475564,-7.777382716266803e-05,-0.04048149562759297,0.08104076508234861,0.49856046841826507,13.017276599396812,2.760634018299921,1.1804360650109842,-0.6572933149314173,2.103340703368504,0.9835867152637595,-0.0012520032038155268,2.1580003999999997,-0.008666266666666811,0.006567623751436988640708314997219334382691970198009426366,0.0000005107873527702863274658237425884186193318243466731162679,0.4985604684182650715419347687853805429751783542921628412,65,-0.0086663
-0.004333133333333183,0.006567595977011219,2.553941907478421e-07,0.04053978236929695,-3.888704890833565e-05,-0.04050089532038862,0.08104067768968558,0.49928023092815366,13.02155762646349,2.7595155758523027,1.1821643147014795,-0.6561644734629571,2.1033511023893454,0.9832681030366744,-0.0012519983762976502,2.1623335333333333,-0.004333133333333183,0.006567595977011219172619035297280453764057111003649227067,0.0000002553941907478421126564745816155180088533326323399525432,0.4992802309281536587774099315771408311732454519754559025,65,-0.0043331
0.0,0.006567586718659172,0.0,0.04052032427887014,-8.944472321087103e-68,-0.04052032427887014,0.08104064855774028,0.5,13.025840743239492,2.7583864218368523,1.1838924281224568,-0.6550318531021113,2.103354568734741,0.9829463743659809,-0.0012519967671040125,2.1666666666666665,0.0,0.006567586718659172039437770572510087883923150428325648308,0.0,0.5,65,0
0.004333133333333183,0.006567595977011219,-2.553941907478421e-07,0.04050089532038862,3.888704890833565e-05,-0.04053978236929695,0.08104067768968558,0.5007197690718463,13.030125925846491,2.7572540014323486,1.1856204047545116,-0.6538954330756549,2.1033585683566933,0.9826215270076121,-0.0012519983762976502,2.1623335333333333,0.004333133333333183,0.006567595977011219172619035297280453764057111003649227067,-0.0000002553941907478421126564745816155180088533326323399525432,0.5007197690718463412225900684228591688267545480245440975,65,0.0043331
0.008666266666666811,0.006567623751436989,-5.107873527702864e-07,0.04048149562759297,7.777382716266803e-05,-0.04055926945475564,0.08104076508234861,0.5014395315817349,13.034413150758049,2.7561257595305513,1.1873482440712648,-0.6527551924139028,2.1033705671166487,0.9822935586897706,-0.0012520032038155268,2.1580003999999997,0.008666266666666811,0.006567623751436988640708314997219334382691970198009426366,-0.0000005107873527702863274658237425884186193318243466731162679,0.5014395315817349284580652312146194570248216457078371588,65,0.0086663
0.012999399999999994,0.006567670040045365,-7.661784570967228e-07,0.04046212533105466,0.00011666006410165581,-0.04057878539515631,0.08104091072621097,0.5021592809679012,13.038702394800367,2.7550016746474237,1.1890759455388542,-0.651611109950525,2.103390564696899,0.9819624671129688,-0.00125201124946853,2.1536672666666665,0.012999399999999994,0.006567670040045364631169095382759741413490824475269028726,-0.0000007661784570967227349652595730543932330096021535290120524,0.5021592809679011526707260883580129259784591388266769978,65,0.012999
0.017332533333333178,0.006567734839684487,-1.0215664742663536e-06,0.04044278455817972,0.00015554548904931593,-0.040598330047229035,0.08104111460540876,0.5028790106689673,13.042993635153056,2.7538817248902956,1.1908035086154316,-0.6504631643223638,2.103418560567932,0.9816282499500719,-0.0012520225129414744,2.1493341333333333,0.017332533333333178,0.006567734839684487460102547445726628843890824929389813945,-0.000001021566474266353513435283652163127416964623118267728997,0.5028790106689673048704958400155250879787006395625336562,65,0.017333
0.021665666666666805,0.006567818145941754,-1.2769503740829806e-06,0.04042347343321261,0.00019442983130768096,-0.0406179032645203,0.08104137669773291,0.5035987141241356,13.047286849349874,2.7527658879576875,1.19253093275066,-0.6493113339692573,2.1034545539884304,0.9812909048463462,-0.0012520369937930992,2.1450009999999997,0.021665666666666805,0.00656781814594175354568875325461225498953977453637213357,-0.0000012769503740829806144970193232493601852971874970925133,0.5035987141241355543847056650293006359205869331160382853,65,0.021666
0.02599879999999999,0.006567919953143815,-1.5323291253697945e-06,0.04040419207724004,0.00023331282014945207,-0.040637504897389494,0.08104169697462953,0.5043183847733808,13.051582015279473,2.7516541411391353,1.1942582173852143,-0.6481555971338638,2.1034985440052716,0.9809504294195088,-0.00125205469145607,2.1406678666666665,0.02599879999999999,0.006567919953143815307482229784532146974513284137798657476,-0.000001532329125369794440793564775675519686083629200536557564,0.5043183847733807641647681149770590933432808169965344946,65,0.025999
0.030331933333333172,0.006568040254356581,-1.7877016957243967e-06,0.04038494060819485,0.00027219418481068175,-0.04065713479300553,0.08104207540120037,0.5050380160576438,13.05587911118613,2.7505464613150195,1.1959853619502876,-0.6469959318614912,2.1035505294535284,0.9806068212597824,-0.0012520756052369776,2.1363347333333333,0.030331933333333172,0.006568040254356581080758349193942159175609258780136046571,-0.000001787701695724396705316320577708608308140445965595662899,0.5050380160576437450617979481491448708508821133008543139,65,0.030332
0.0346650666666668,0.006568179041385215,-2.0430670512735895e-06,0.040365719140860006,0.00031107365448341325,-0.04067679279534342,0.08104251193620342,0.5057576014190236,13.060178115670471,2.749442824956397,1.1977123658670965,-0.645832315999929,2.1036105089564683,0.9802600779299518,-0.0012520997343163382,2.1320015999999997,0.0346650666666668,0.006568179041385214855287123149332788215443015578918428263,-0.000002043067051273589535161126154492474121741550537294658415,0.5057576014190235752149238923316423272132115915419257537,65,0.034665
0.03899819999999998,0.006568336304774136,-2.2984241564281623e-06,0.040346527786872616,0.00034995095830831055,-0.040696478745180925,0.08104300653205354,0.5064771343009696,13.064479007690181,2.7483432081248376,1.1994392285463922,-0.6446647271992841,2.1036784809255535,0.979910196965426,-0.0012521270777485938,2.1276684666666665,0.03899819999999998,0.006568336304774135824370418710437814924816572676847877877,-0.000002298424156428162177043653230808783310581964953900608629,0.5064771343009695815192057901860712477343842191856410753,65,0.038998
0.043331333333333166,0.006568512033807018,-2.5537719736379156e-06,0.04032736665472799,0.00038882582536731457,-0.0407161924800953,0.08104355913482329,0.5071966081484736,13.068781766560711,2.747247586472261,1.2011659493879736,-0.6434931429118195,2.1037544435604416,0.9795571758743005,-0.0012521576344621118,2.1233353333333334,0.043331333333333166,0.006568512033807017862260271793207659171327051107239606602,-0.000002553771973637915851266775083412248165905284472322783278,0.5071966081484736059532649463101683289013624934283229466,65,0.043331
0.047664466666666794,0.006568706216506789,-2.809109463146449e-06,0.04030823584978377,0.00042769798467625015,-0.04073593383446002,0.08104416968424379,0.5079160164082611,13.073086371955968,2.7461559352407794,1.202892527780204,-0.6423175403917951,2.1038383948489843,0.9792010121374258,-0.0012521914032591849,2.1190021999999997,0.047664466666666794,0.006568706216506788606749535196234300299872832323142686893,-0.000002809109463146449250504092937383825776069763828830595352,0.5079160164082611563141743468943821955802913710996298378,65,0.047664
0.05199759999999998,0.006568918839635628,-3.0644355827459476e-06,0.04028913547426414,0.00046656716517742066,-0.04075570263944156,0.08104483811370569,0.5086353525289821,13.077392803909007,2.7450682292625417,1.2046189630995299,-0.6411378966953143,2.1039303325672276,0.9788417032084775,-0.0012522283828160312,2.1146690666666665,0.05199759999999998,0.006568918839635628164934293477055785136186433091473673212,-0.000003064435582745947460404908436980099689969689824128462739,0.5086353525289820707489299478511625081388285903974796306,65,0.051998
0.05633073333333316,0.006569149888694967,-3.3197492875322026e-06,0.04027006562726404,0.0005054330957322225,-0.04077549872299626,0.0810455643502603,0.5093546099614013,13.081701042812691,2.743984442959582,1.2063452547100038,-0.6399541886801698,2.1040302542794125,0.9784792465140298,-0.001252268571682794,2.1103359333333334,0.05633073333333316,0.00656914988869496757868848964023799388572213016092849705,-0.000003319749287532202663743388480586658143587987527456644424,0.5093546099614012847309420219468312540004952882697368405,65,0.056331
0.06066386666666679,0.006569399347925486,-3.575049529659402e-06,0.04025102640475351,0.0005442955051137081,-0.04079532190986722,0.08104634831462072,0.5100737821585883,13.086011069420369,2.742904550343668,1.20807140196281,-0.6387663930056956,2.1041381573379723,0.9781136394536326,-0.001252311968283541,2.1060027999999997,0.06066386666666679,0.006569399347925486607695411168904083665328498140396622211,-0.000003575049529659402001315390613223013407744795777773920987,0.5100737821585883368513658043061232123017485630020151372,65,0.060664
0.06499699999999997,0.006569667200307111,-3.83033525809491e-06,0.040232017899582036,0.0005831541219991292,-0.040815172021581164,0.08104718992116319,0.5107928625761062,13.090322864846513,2.7418285250161554,1.209797404195793,-0.63757448613262,2.1042540388835356,0.9777448793998909,-0.0012523585709162644,2.1016696666666665,0.06499699999999997,0.006569667200307110862444531570855382985736602451918583019,-0.000003830335258094910115022385733633941441136855771444164615,0.5107928625761062001753959021629587306194630240791017501,65,0.064997
0.06933013333333315,0.006569953427559008,-4.0856054183742914e-06,0.04021304020148297,0.0006220086749624983,-0.04083504887644547,0.08104808907792843,0.5115118446722001,13.094636410567372,2.740756340167843,1.2115232607329893,-0.6363784443229211,2.1043778958449217,0.9773729636985483,-0.001252408377752882,2.0973365333333334,0.06933013333333315,0.006569953427559008462628241295144696907577150150677464753,-0.000004085605418374291094296935228309661831216000449107364777,0.511511844672200074192843969644900901659813454361703401,65,0.06933
0.07366326666666678,0.006570258010139586,-4.34085895235609e-06,0.04019409339707803,0.0006608588924670915,-0.040854952289545124,0.08104904568662315,0.5122307219079847,13.098951688421591,2.7396879685788296,1.2132489708841632,-0.6351782436396863,2.104509724939143,0.9769978896685731,-0.0012524613868392335,2.0930033999999997,0.07366326666666678,0.006570258010139585638433418522435299723712029036651169747,-0.00000434085895235609007679971447376363796590545320812053555,0.5122307219079847318474137088674758292241659371732518463,65,0.073663
0.07799639999999997,0.006570580927246481,-4.596094797976614e-06,0.04017517756988185,0.0006997045028579292,-0.040874882072739774,0.08105005964262162,0.512949487747631,13.103268680610833,2.738623382618377,1.2149745339443434,-0.6339738599469733,2.1046495226714037,0.9766196546022471,-0.001252517596095083,2.0886702666666666,0.07799639999999997,0.006570580927246481343174392251398403334111323066919943109,-0.000004596094797976613788521308819075959362242891133704918481,0.5129494877476310419431734996668916623006296948029782447,65,0.077996
0.08232953333333315,0.006570922156816561,-4.851311889004945e-06,0.04015629280030655,0.0007385452343542689,-0.04089483803466082,0.08105113083496737,0.5136681356585523,13.107587369700383,2.7375625542447697,1.2166999491933663,-0.6327652689096734,2.104797285335096,0.9762382557652576,-0.0012525770033141176,2.0843371333333334,0.08232953333333315,0.006570922156816561069028977002586224864757593880013391811,-0.000004851311889004944670856729176852217124878171876837707462,0.513668135658552273956741242710639764183962420695222304,65,0.08233
0.08666266666666678,0.0065712816755259095,-5.10650915479772e-06,0.040137439165666464,0.0007773808150420352,-0.0409148199807085,0.08105225914637496,0.5143866591115888,13.111907738619742,2.736505455005181,1.2184252158954196,-0.6315524459933779,2.104953009011803,0.9758536903967927,-0.0012526396061639453,2.0800039999999997,0.08666266666666678,0.00657128167552590916799094705330665619292868515057913497,-0.000005106509154797719874016323740601269749245726947271853789,0.5143866591115888116963737107802496916971925144924452192,65,0.086663
0.09099579999999996,0.00657165945878982,-5.361685520053902e-06,0.04011861674018281,0.000816210972866224,-0.04093482771304903,0.08105344445323183,0.5151050515811919,13.11622977066321,2.7354520560355406,1.2201503332985904,-0.6303353664642467,2.1051166895712936,0.9754659557096391,-0.0012527054021860952,2.0756708666666666,0.09099579999999996,0.006571659458789819756781925999680763577106101797138601045,-0.000005361685520053901500151636922142787002805375143264937694,0.5151050515811918602755571048699079653363423685133322093,65,0.090996
0.09532893333333314,0.006572055480762787,-5.616839904569785e-06,0.04009982559498851,0.0008550354356233124,-0.04095486103061182,0.08105468662560032,0.5158233065456068,13.12055344949045,2.7344023280604013,1.2218753006344159,-0.6291140053888781,2.105288322671523,0.9750750488902828,-0.0012527743887960172,2.0713377333333334,0.09532893333333314,0.006572055480762786438893919221442123979084022744904795793,-0.000005616839904569784902241300476806365573406389805786395055,0.5158233065456067881294804047549157120035118320197151594,65,0.095329
0.09966206666666677,0.00657246971433849,-5.8719712229937635e-06,0.04008106579813304,0.0008938539309536027,-0.040974919729086644,0.08105598552721968,0.5165414174870547,13.124878759127043,2.7333562413928107,1.223600117117439,-0.6278883376341815,2.1054679037586292,0.9746809670990131,-0.0012528465632830792,2.0670045999999997,0.09966206666666677,0.006572469714338490002082513360805815255238375099980086767,-0.000005871971222993763893473773833477109701745438363192318076,0.5165414174870546965976774934487136391809549995687180128,65,0.099662
0.10399519999999995,0.006572902131149784,-6.127078384581091e-06,0.040062337414587354,0.000932666186333535,-0.040995003600920885,0.08105734101550824,0.5172593778919128,13.12920568396504,2.7323137659341854,1.225324781944765,-0.626658337867253,2.105655428066932,0.9742837074700285,-0.0012529219228105666,2.0626714666666666,0.10399519999999995,0.006572902131149784211776712973500917829880665484831299295,-0.000006127078384581091406171538165019398986372413670845125636,0.5172593778919128363570220752545135163196005555238086198,65,0.104
0.10832833333333314,0.00657335270156868,-6.382160292948874e-06,0.040043640506248826,0.0009714719290680017,-0.04101511243531683,0.08105875294156566,0.5179771812508945,13.133534208763475,2.73127487117418,1.227049294295623,-0.6254239805552504,2.1058508906189295,0.9738832671115464,-0.0012530004644156804,2.0583383333333334,0.10832833333333314,0.006573352701568679949104199810356030449560484324809688231,-0.000006382160292948873912259421723475164688164395283624150289,0.5179771812508944890556835003640786822335700158756148869,65,0.10833
0.11266146666666677,0.006573821394706326,-6.6372158458308186e-06,0.04002497513194632,0.001010270886282591,-0.04103524601822891,0.08106022115017524,0.5186948210592269,13.137864318648896,2.7302395261905663,1.2287736533309306,-0.6241852399652724,2.106054286225294,0.9734796431059147,-0.0012530821850095357,2.0540051999999998,0.11266146666666677,0.006573821394706326722198400612505773721127356098358060724,-0.000006637215845830818398786946183620487848784299967762124783,0.518694821059226907748314860482621758574217312809421846,65,0.11266
0.11699459999999995,0.006574308178412992,-6.892243934831979e-06,0.04000634134744528,0.0010490627849157935,-0.04105540413236108,0.08106174547980635,0.5194122908168279,13.142195999115856,2.72920769964911,1.2304978581928612,-0.6229420901642388,2.106265609484871,0.9730728325097272,-0.001253167081377159,2.0496720666666666,0.11699459999999995,0.006574308178412991712134782545826370224031654137677673227,-0.000006892243934831978428814310902522788292350686816928015505,0.5194122908168279585679884699851438710457216069418313253,65,0.11699
0.12132773333333313,0.006574813019278036,-7.147243445183725e-06,0.039987739205452885,0.001087847351711208,-0.04107558655716409,0.08106332576261698,0.5201295840284821,13.146529236027407,2.7281793598034447,1.2322219080044154,-0.6216945050187717,2.106484854784673,0.97266283235394,-0.0012532551501774865,2.0453389333333334,0.12132773333333313,0.006574813019278036605599927885119920971017419558188612325,-0.000007147243445183724954368553634260963458864796376926515707,0.5201295840284820470262187607373518499950270739139959083,65,0.12133
0.12566086666666676,0.006575335882629891,-7.402213255498473e-06,0.03996916875562328,0.0011266243132096697,-0.04109579306883295,0.08106496182445623,0.520846694204014,13.150864015615566,2.7271544744949545,1.2339458018689966,-0.6204424581950785,2.106712016299876,0.9722496396439919,-0.0012533463879433615,2.0410057999999998,0.12566086666666676,0.006575335882629891137520996216573594186675332337227172044,-0.000007402213255498472965316632736876756411637872955252039304,0.5208466942040139585347630351303974647830460350726600802,65,0.12566
0.12999399999999994,0.006575876732536024,-7.657152237524399e-06,0.03995063004456287,0.0011653933957413377,-0.041116023440304204,0.08106665348486708,0.5215636148584613,13.155200324481784,2.726133011152653,1.2356695388699868,-0.6191859231588376,2.1069470879938152,0.9718332513599274,-0.0012534407910815303,2.0366726666666666,0.12999399999999994,0.006575876732536023508820823496641440339588108539784701474,-0.000007657152237524397856767603204409398973785176097850959133,0.5215636148584612207381857380886466560177033481606581818,65,0.12999
0.13432713333333313,0.006576435531802908,-7.91205925590038e-06,0.039932123115835653,0.0012041543254177772,-0.04113627744125343,0.08106840055708908,0.5222803395122456,13.159538149597385,2.725114936793061,1.2373931180703301,-0.617924873175083,2.107190063617978,0.9714136644565209,-0.0012535383558726408,2.0323395333333334,0.13432713333333313,0.006576435531802907979475646467371167509751287111925115835,-0.000007912059255900379812950923929092912829670465189104771724,0.5222803395122456072952669796604548112357746885891053947,65,0.13433
0.13866026666666675,0.006577012241975988,-8.166933167910694e-06,0.03991364800996864,0.0012429068281239568,-0.0411565548380926,0.08107020284806124,0.5229968616913424,13.163877478303993,2.7241002180200917,1.2391165385121174,-0.6166592813080927,2.107440936711999,0.9709908758634054,-0.0012536390784712373,2.0280063999999998,0.13866026666666675,0.00657701224197598840870442182245061980097264920212458213,-0.000008166933167910694263407327951200601085189766580308488086,0.5229968616913423776227374084235870829665112712071616708,65,0.13866
0.14299339999999994,0.006577606823339638,-8.421772823239698e-06,0.03989520476445735,0.0012816506295102064,-0.04117685539396755,0.0810720601584249,0.523713174927448,13.16821829831395,2.723088821024929,1.2408397992161735,-0.6153891204212764,2.1076997006036526,0.9705648824852016,-0.0012537429549057566,2.0236732666666666,0.14299339999999994,0.006577606823339637967927615021443782459290579269478313536,-0.000008421772823239698445902760882608599786537848918867961921,0.5237131749274479064290659293924273860371151133866277977,65,0.14299
0.14732653333333312,0.006578219234917115,-8.676577063726727e-06,0.03987679341377129,0.0013203854549841566,-0.04119717886875545,0.08107397228252675,0.5244292727581462,13.172560597710717,2.7220807115859116,1.2425628991816504,-0.6141143631770648,2.107966348408847,0.9701356812016516,-0.0012538499810785253,2.0193401333333334,0.14732653333333312,0.006578219234917115294761375155184430243719881475624080492,-0.000008676577063726726724574095697789298785946997671226222533,0.5244292727581462513433951549565094379079162684272775431,65,0.14733
0.15165966666666675,0.0065788494344705154,-8.931344723120745e-06,0.039858413989359624,0.0013591110297025966,-0.041217525019062215,0.08107593900842183,0.5251451487270733,13.176904364949257,2.7210758550684138,1.2442858373856225,-0.6128349820368004,2.1082408730316136,0.9697032688677528,-0.0012539601527657527,2.0150069999999998,0.15165966666666675,0.006578849434470515809436230616879095784224562115645098263,-0.00000893134472312074615881919191386558617216102162782596035,0.5251451487270733488911610237876933351501702804939138975,65,0.15166
0.15599279999999993,0.006579497378500719,-9.186074626834985e-06,0.03984006651965677,0.0013978270785632812,-0.04123789359822005,0.08107796011787682,0.5258607963840793,13.181249588856398,2.7200742164247282,1.246008612782685,-0.6115509492606285,2.1085232671640997,0.9692676423138962,-0.0012540734656175264,2.0106738666666666,0.15599279999999993,0.006579497378500718360511581720116139942375075219455726988,-0.000009186074626834984943386130796278597513874373879852624799,0.525860796384079388355179039150579256564075877424423264,65,0.15599
0.16032593333333311,0.006580163022247327,-9.440765591701783e-06,0.039821751030088164,0.001436533326196719,-0.04125828435628488,0.08108003538637305,0.5265762092853901,13.185596258631191,2.7190757601939484,1.247731224304558,-0.6102622369073885,2.10881352328656,0.9688287983460054,-0.0012541899151578071,2.0063407333333334,0.16032593333333311,0.00658016302224732757617720904720090470715925523472992788,-0.000009440765591701783032321031441306739688314201079177262199,0.5265762092853900157529407706441293567645030156331718931,65,0.16033
0.16465906666666674,0.00658084631968861,-9.695416425727183e-06,0.03980346754307603,0.0014752294969578729,-0.0412786970400339,0.08108216458310993,0.5272913809937649,13.189944363845251,2.718080450501849,1.249453670859691,-0.608968816834507,2.1091116336673426,0.9683867337456792,-0.0012543094967844214,2.0020075999999998,0.16465906666666674,0.006580846319688610440997102662574663889976821223745845556,-0.000009695416425727182819999117428764819776465291098445370651,0.5272913809937649655430106688711688392258690713758488933,65,0.16466
0.16899219999999993,0.006581547223541428,-9.950025927845497e-06,0.039785216078045214,0.0015139153149178023,-0.04129913139296302,0.08108434747100823,0.5280063050786548,13.194293894443067,2.717088251060771,1.2511759513328735,-0.607670660697891,2.10941759036288,0.9679414452703355,-0.0012544322057690554,1.9976744666666668,0.16899219999999993,0.006581547223541427347668511716743951821114530225576196507,-0.000009950025927845497396812942408792098279715514774048723264,0.5280063050786547405489774606070722343073356912122589237,65,0.16899
0.1733253333333331,0.006582265685261158,-1.0204592887674088e-05,0.03976699665142911,0.0015525905038552862,-0.041319587155284394,0.0810865838067135,0.528720975116356,13.198644840742313,2.7160991251694964,1.2528980645848493,-0.6063677399518205,2.109731385217676,0.9674929296533579,-0.0012545580372572472,1.9933413333333336,0.1733253333333331,0.006582265685261157982730958375401895945020263159677587015,-0.00001020459288767408821051802893185307619646604502389753567,0.5287209751163559441256531582493447564606400324671203368,65,0.17333
0.17765846666666674,0.0065830016550416206,-1.0459116085267886e-05,0.0397488092766756,0.00159125478724835,-0.04134006406392395,0.08108887334059955,0.5294353846901639,13.202997193434133,2.715113035713135,1.2546200094519322,-0.6050600258488424,2.1100530098642922,0.9670411836042444,-0.0012546869862683785,1.9890082,0.17765846666666674,0.006583001655041620486809150621543980281724047305228379578,-0.00001045911608526788694676593527116042016299064534146801882,0.529435384690163911785809343482472033768767734463741783,65,0.17766
0.18199159999999992,0.006583755081814984,-1.0713594290873874e-05,0.039730653964253126,0.0016299078882657297,-0.04136056185251886,0.08109121581677199,0.5301495273905232,13.207350943583412,2.7141299451629988,1.2563417847456275,-0.6037474894396653,2.1103824557233333,0.9665862038087583,-0.001254819047695666,1.9846750666666668,0.18199159999999992,0.006583755081814984092736655843435141619630984091548196458,-0.00001071359429087387345216474757791139015414844600371347726,0.5301495273905231916629159619852001980128040541582742569,65,0.18199
0.1863247333333331,0.006584525913251676,-1.0968026264685775e-05,0.03971253072165672,0.0016685495297583141,-0.04138108025141504,0.08109361097307177,0.5308633968151766,13.211706082629036,2.7131498155764824,1.2580633892522568,-0.6024301015730518,2.1107197140034306,0.9661279869290809,-0.0012549542163061526,1.9803419333333336,0.1863247333333331,0.006584525913251675718138747413709882777934138405332924864,-0.00001096802626468577455158829944841048086251915648863899664,0.5308633968151765715254374591226024496421791840577160945,65,0.18632
0.19065786666666673,0.006585314095760279,-1.1222410756598482e-05,0.03969443955341421,0.001707179434250482,-0.04140161898766469,0.0810960585410789,0.5315769865693112,13.216062602384119,2.7121726085969398,1.2597848217325862,-0.6011078328957133,2.1110647757012266,0.9656665296039666,-0.0012550924867406968,1.9760088,0.19065786666666673,0.006585314095760278724467381489932617419253659231653413802,-0.00001122241075659848145227602100130898573653772338674509828,0.531576986569311197519047628117573226857267861399430229,65,0.19066
0.19499099999999991,0.006586119574487424,-1.1476746505962435e-05,0.03967638046109236,0.0017457973239313766,-0.04142217778502374,0.0810985582461161,0.5322902902657024,13.22042049503623,2.7111982854535595,1.2615060809214569,-0.5997806538522046,2.1114176316013546,0.9652018284489003,-0.0012552338535139615,1.9716756666666668,0.19499099999999991,0.006586119574487424174190143424746989648357098447032571671,-0.00001147674650596243410244057033558762038856945656512807715,0.5322902902657024376953011292630750032869603167909876939,65,0.19499
0.1993241333333331,0.006586942293317675,-1.1731032241338204e-05,0.03965835344330323,0.0017844029206461475,-0.041442756363949375,0.0811011098072526,0.5330033015248561,13.224779753147596,2.710226806961237,1.2632271655274234,-0.5984485346848152,2.111778272276422,0.9647338800562559,-0.001255378311014403,1.9673425333333336,0.1993241333333331,0.006586942293317674992725898377981878471863542176948719869,-0.00001173103224133820395228139934302549594545261029249308912,0.5330033015248560953143030053643486482170859913992930451,65,0.19932
0.20365726666666673,0.006587782194873401,-1.1985266680250793e-05,0.03964035849571039,0.0018229959458870863,-0.041463354441597475,0.08110371293730786,0.5337160139751476,13.229140369655278,2.70925813352045,1.2649480742323915,-0.597111445433464,2.112146688086986,0.9642626809954574,-0.0012555258535042583,1.9630094,0.20365726666666673,0.006587782194873401182355793733605397779156309039663384528,-0.00001198526668025079384702533696656542767100514017115884355,0.5337160139751475784732541575319136519378574271454409485,65,0.20366
0.2079903999999999,0.006588639220514647,-1.2239448528943898e-05,0.03962239561103541,0.001861576120784693,-0.0414839717318201,0.0811063673428555,0.5344284212529586,13.233502337871354,2.7082922251171264,1.266668805691261,-0.5957693559355915,2.1125228691815345,0.9637882278131418,-0.0012556764751195319,1.9586762666666668,0.2079903999999999,0.006588639220514646432980834227421979440969306492149142133,-0.00001223944852894389820689392122398537240730356559955847826,0.5344284212529586656067183368537815304840331018870906548,65,0.20799
0.2123235333333331,0.006589513310338986,-1.2493576482134351e-05,0.03960446477906423,0.0019001431660987049,-0.04150460794516294,0.08110907272422717,0.5351405170028125,13.237865651483053,2.707329041322512,1.2683893585315749,-0.5944222358260516,2.1129068054964604,0.9633105170333238,-0.0012558301698699812,1.9543431333333336,0.2123235333333331,0.006589513310338986546358827101479807902799443484811123648,-0.00001249357648213435088045809049532683554562417061428287359,0.5351405170028124615716249102381438340611212117048193452,65,0.21232
0.21665666666666672,0.006590404403181377,-1.2747649222766274e-05,0.03958656598665369,0.0019386968022090138,-0.04152526278886271,0.08111182877551641,0.5358522948775052,13.242230304552896,2.7063685412930383,1.2701097313531686,-0.5930700545370021,2.1132984867560363,0.9628295451575627,-0.001255986931639102,1.95001,0.21665666666666672,0.006590404403181377680504591061782681161299470983544058001,-0.00001274764922276627459339917059022891237515731326395690327,0.5358522948775051398497094227539662502798920785056286344,65,0.21666
0.2209897999999999,0.006591312436613995,-1.3001665421765196e-05,0.0395686992177381,0.00197723674910651,-0.04154593596684461,0.08111463518458271,0.5365637485382352,13.246596291518806,2.7054106837701832,1.2718299227278258,-0.5917127812977964,2.113697902472387,0.96234530866513,-0.0012561467541841115,1.9456768666666668,0.2209897999999999,0.006591312436613994856805205568579006347022586974416270143,-0.00001300166542176519571165473967272291394653389651408371613,0.5365637485382351692146026029255355264591014942308242545,65,0.22099
0.2253229333333331,0.006592237346946061,-1.325562373779232e-05,0.0395508644533358,0.0020157627263838805,-0.04156662717971968,0.08111749163305548,0.5372748716547305,13.250963607194205,2.704455427080334,1.2735499311989364,-0.5903503851348713,2.1141050419454626,0.9618578040131801,-0.0012563096311359323,1.9413437333333337,0.2253229333333331,0.006592237346946061054949767931690568988230788660000461684,-0.0000132556237377923188751073906170267200186539238703432161,0.5372748716547305287639194814395372677739223324383641337,65,0.22532
0.2296560666666667,0.006593179069223665,-1.3509522816998508e-05,0.03953306167155589,0.002054274453226293,-0.04158733612478218,0.08112039779633808,0.5379856579053726,13.255332246768086,2.703502729134642,1.2752697552811607,-0.588982834871636,2.114519894263006,0.9613670276369217,-0.0012564755559991733,1.9370106,0.2296560666666667,0.006593179069223664889426700331483170552888934614495715124,-0.00001350952281699850696748897883687388619108746082606742898,0.5379856579053725977975439529566786133269467976814920858,65,0.22966
0.2339891999999999,0.006594137537229567,-1.3763361292778213e-05,0.03951529084760493,0.002092771648402001,-0.04160806249600693,0.08112335334361186,0.5386961009773173,13.25970220580508,2.70255254742888,1.2769893934600942,-0.5876100991283596,2.1149424483005204,0.9608729759497918,-0.0012566445221521103,1.9326774666666668,0.2339891999999999,0.006594137537229567282342010971044649317624861403308666077,-0.00001376336129277821311787723943583474368658101810443275045,0.5386961009773173723721473534444636221204278168511133394,65,0.23399
0.23832233333333308,0.006595112683482998,-1.4017137785523545e-05,0.03949755195379372,0.0021312540302528965,-0.04162880598404662,0.08112635793784034,0.5394061945666144,13.264073480245486,2.7016048390432914,1.278708844191939,-0.5862321463220547,2.115372692721237,0.9603756453436298,-0.0012568165228466664,1.9283443333333337,0.23832233333333308,0.006595112683482997419602318416285690263979637258290215483,-0.00001401713778552354581704328965999705602761343483064372895,0.539406194566614476036179240891112561539849475270684298,65,0.23832
0.2426554666666667,0.006596104439239436,-1.4270850902378057e-05,0.03947984495954413,0.0021697213166849455,-0.04164956627622908,0.08112941123577322,0.5401159323783228,13.2684460664053,2.7006595606424395,1.2804281059031792,-0.5848489446663634,2.115810615976076,0.959875032188855,-0.0012569915512083895,1.9240112,0.2426554666666667,0.006596104439239436039028979779814603129766354194950601462,-0.00001427085090237805757196761166050605724032519378128166218,0.5401159323783227796736738648472539687005145624452676795,65,0.24266
0.2469885999999999,0.0065971127344903865,-1.4524499236990439e-05,0.03946216983139602,0.0022081732251585345,-0.04167034305655455,0.08113251288795056,0.5408253081266231,13.272819960976207,2.6997166684750495,1.2821471769902577,-0.583460462171439,2.1162562063036106,0.959371132834644,-0.0012571696002364303,1.9196780666666668,0.2469885999999999,0.00659711273449038624255721398006214041427949944966656613,-0.00001452449923699043814442551997171508818327874381766864806,0.5408253081266230998235913114296309669965839791513473096,65,0.24699
0.2513217333333331,0.006598137497963132,-1.477808136926836e-05,0.03944452653301412,0.0022466094726787634,-0.04169113600569288,0.081135662538707,0.5415343155349286,13.277195161025576,2.69877611837385,1.2838660558192598,-0.5820666666438263,2.116709451730024,0.9588639436091112,-0.001257350662803517,1.9153449333333337,0.2513217333333331,0.006598137497963132385117544699109346324967345423681860902,-0.00001477808136926835960483071077474327338885376865690203385,0.5415343155349286294418861663421548933576722798621822456,65,0.25132
0.2556548666666667,0.006599178657120485,-1.5031595865132007e-05,0.03942691502519509,0.002285029775785614,-0.041711944800980706,0.08113885982617579,0.5422429483359917,13.28157166399641,2.6978378657554094,1.2855847407256005,-0.580667525686341,2.1171703400690682,0.9583534608194888,-0.0012575347316559303,1.9110118,0.2556548666666667,0.006599178657120484759638333668136350919272292905529791391,-0.00001503159586513200605088252499893921019685550526895317969,0.5422429483359917575961071807153542462911713579678161684,65,0.25565
0.2599879999999999,0.006600236138160511,-1.528504127626752e-05,0.039409335265874534,0.0023234338505440265,-0.041732769116418565,0.08114210438229309,0.5429512002720079,13.2859494677073,2.6969018656199655,1.287303230013713,-0.5792630066979463,2.117638858922019,0.9578396807523102,-0.0012577217994134775,1.9066786666666669,0.2599879999999999,0.006600236138160510480792320033294513458241855773397157619,-0.00001528504127626751875921873619573343689067891546377359561,0.5429512002720078879590400927702925030104500188596960525,65,0.25999
0.26432113333333307,0.0066013098660162505,-1.5538416139880553e-05,0.0393917872101341,0.002361821412533911,-0.04175360862266802,0.08114539583280213,0.5436590650947167,13.290328570352342,2.695968072551254,1.2890215219567456,-0.5778530768736271,2.1181149956776273,0.957322599673593,-0.0012579118585694625,1.9023455333333337,0.26432113333333307,0.006601309866016250936147896848198513025715797237080318108,-0.00001553841613988055238006430905334260225870875140023068433,0.5436590650947167670104295440241992670052394335892303913,65,0.26432
0.2686542666666667,0.006602399764355424,-1.579171897844953e-05,0.03937427081020864,0.0024001921768400354,-0.04177446298704868,0.08114873379725732,0.5443665365655002,13.294708970501054,2.695036440716332,1.290739614796259,-0.5764377032042626,2.118598737512069,0.9568022138290248,-0.0012581049014906568,1.8980124,0.2686542666666667,0.006602399764355423631432138866752699247917638839033747311,-0.00001579171897844952928171623151634789635572141409998802667,0.5443665365655001329420224352810082622827783746581442885,65,0.26865
0.2729873999999999,0.006603505755580109,-1.6044948299478762e-05,0.039356786015493375,0.002438545858041809,-0.04179533187353519,0.08115211788902857,0.5450736084554761,13.299090667098243,2.6941069238653914,1.2924575067419308,-0.5750168524764967,2.1190900713888943,0.9562785194441489,-0.0012583009204172688,1.8936792666666669,0.2729873999999999,0.006603505755580108594864299154205814688454374898997929742,-0.00001604494829947876070633365792868281839110046546227496871,0.5450736084554761229579036927525491059324596472673174377,65,0.27299
0.27732053333333306,0.00660462776082642,-1.62981025952517e-05,0.0393393327725512,0.002476882170203002,-0.0418162149427542,0.08115554771530539,0.5457802745455912,13.303473659463883,2.6931794753315748,1.2941751959712606,-0.5735904912726045,2.11958898405897,0.9557515127245525,-0.0012584999074629097,1.8893461333333337,0.27732053333333306,0.006604627760826420013596801747458214529620568219447596483,-0.00001629810259525169863465086685248751214229777945257544066,0.5457802745455911420667891576071577327907558789068474342,65,0.27732
0.2816536666666667,0.006605765699964161,-1.6551180342583848e-05,0.039321911025119914,0.0025152008268613333,-0.041837111851981246,0.08115902287710115,0.5464865286267079,13.307857947292959,2.6922540480307804,1.295892680629283,-0.5721585859703568,2.1200954620604233,0.9552211898560548,-0.0012587018546145598,1.885013,0.2816536666666667,0.006605765699964160575158362425307339073073080801906491616,-0.00001655118034258384679465493960945298294734245860741575346,0.5464865286267078432723168929316393006196521434057095735,65,0.28165
0.2859867999999999,0.006606919491596459,-1.680418000257552e-05,0.03930452071411961,0.0025535015410179424,-0.04185802225513755,0.08116254296925716,0.5471923644996898,13.312243530655287,2.691330594461463,1.2976099588282821,-0.5707211027428835,2.1206094917185796,0.9546875470048974,-0.0012589067537325319,1.8806798666666669,0.2859867999999999,0.006606919491596458788544570930683569227220094699676781621,-0.00001680418000257552335672682851097657724368620551822152243,0.5471923644996897251289019428589172282037512170664472021,65,0.28599
0.29031993333333306,0.00660808905305939,-1.7057100020364745e-05,0.039287161777660055,0.002591784025126803,-0.04187894580278686,0.08116610758044691,0.5478977759754831,13.316630409995325,2.6904090667044294,1.2993270286475114,-0.5692780075585301,2.1211310591458994,0.9541505803179349,-0.0012591145965504336,1.8763467333333337,0.29031993333333306,0.006608089053059390020590234480415974317666613566539664328,-0.00001705710002036474657114204227237834140976889442837824622,0.5478977759754830715586145866604557671827802044201965512,65,0.29032
0.2946530666666667,0.006609274300421578,-1.730993882487975e-05,0.03926983415104811,0.0026300479910839857,-0.0418998821421321,0.0811697162931802,0.5486027568751949,13.321018586131947,2.689489416422626,1.3010438881329178,-0.5678292661807147,2.1216601502419112,0.9536102859228267,-0.0012593253746751275,1.8720136,0.2946530666666667,0.006609274300421578521293048790330236211301418111710177439,-0.00001730993882487975293417206585112141985242010579535584491,0.548602756875194834256893032678199049276984965921030759,65,0.29465
0.29898619999999987,0.006610475148483781,-1.756269482859135e-05,0.03925253776679522,0.0026682931502168094,-0.04192083091701203,0.08117336868380724,0.549307301030167,13.325408060258221,2.688571594860924,1.3027605352968692,-0.5663748441677808,2.122196750693143,0.9530666599282305,-0.0012595390795866889,1.8676804666666669,0.29898619999999987,0.006610475148483780770246185276774895636795530440114790437,-0.00001756269482859135019848115485170501467245945047414584991,0.549307301030166992451006730693074959200299857929623904,65,0.29899
0.30331933333333305,0.006611691510778451,-1.7815366427265383e-05,0.03923527255462494,0.0027065192132729233,-0.04194179176789786,0.08117706432252281,0.5500114022820481,13.329798833941144,2.6876555528458916,1.3044769681178876,-0.5649147068728452,2.1227408459730466,0.9525196984239952,-0.0012597557026383635,1.8633473333333337,0.30331933333333305,0.006611691510778450941446926588260989013914316093825592472,-0.00001781536642726538319778218529162204065722566734572673103,0.5500114022820481348943614674509165578071932687027750342,65,0.30332
0.3076524666666667,0.006612923299569286,-1.806795199971479e-05,0.0392180384414805,0.0027447258904092315,-0.04196276433188974,0.08118080277337024,0.5507150544828607,13.33419090912136,2.6867412407855666,1.3061931845403858,-0.5634488194436434,2.1232924213419233,0.9519693974813567,-0.0012599752350565207,1.8590142,0.3076524666666667,0.006612923299569285488886789592230841930447227712940358644,-0.0000180679519997147898506550478077044741318961832776972015,0.5507150544828607777632119099484173588098791128397169564,65,0.30765
0.31198559999999986,0.006614170425850748,-1.83204499075515e-05,0.03920083535153244,0.002782912891180703,-0.04198374824271314,0.08118458359424557,0.5514182514950651,13.338584288112877,2.6858286086692154,1.307909182474407,-0.5619771468223729,2.1238514618468423,0.9514157531531325,-0.001260197667940607,1.8546810666666669,0.31198559999999986,0.00661417042585074742794210222576734473640197536842454838,-0.00001832044990755149727688558668954925404577544616953389902,0.551418251495065087450779821653934763024338402910989487,65,0.31199
0.31631873333333305,0.006615432799347571,-1.8572858494938398e-05,0.0391836632061862,0.0028210799245291032,-0.042004743130715304,0.0811884063369015,0.5521209871916196,13.342978973602731,2.684917606067088,1.3096249597953722,-0.5604996537455289,2.124417952321559,0.9508587614739185,-0.0012604229922630957,1.8503479333333337,0.31631873333333305,0.006615432799347570960383323712619838192396573294540101355,-0.00001857285849493839832750970732027501900227836383919462678,0.5521209871916196494222797651446446114960423066405872809,65,0.31632
0.3206518666666667,0.006616710328514243,-1.882517608834089e-05,0.03916652192408988,0.002859226698771563,-0.042025748622861445,0.08119227054695131,0.5528232554560378,13.347374968650657,2.6840081821301673,1.3113405143438284,-0.5590163047437392,2.1249918773864285,0.9502984184602858,-0.0012606511988694357,1.8460148,0.3206518666666667,0.006616710328514243338752708090501929177213860139866492957,-0.00001882517608834088988176221287108905663772607040411593922,0.5528232554560378112462720007472675399146578040229450116,65,0.32065
0.32498499999999986,0.006618002920534465,-1.9077400996278243e-05,0.03914941142114194,0.0028973529215890284,-0.04204676434273097,0.08119617576387292,0.5535250501824404,13.351772276688722,2.683100285589905,1.313055843925203,-0.5575270641415944,2.125573221448311,0.9497347201109787,-0.0012608822784779968,1.8416816666666669,0.32498499999999986,0.00661800292053446466729973484707034714683482262896776482,-0.00001907740099627824234674028986151578939666844710042877407,0.5535250501824403244946742302002901688675326558683391551,65,0.32498
0.3293181333333335,0.0066193104813205865,-1.9329531509075045e-05,0.039132331610498984,0.0029354583000146253,-0.04206778991051361,0.0812001215210126,0.554226365275605,13.35617090152095,2.6821938647579535,1.3147709463095625,-0.5560318960574716,2.126161968700482,0.9491676624071126,-0.0012611162216800142,1.8373485333333333,0.3293181333333335,0.006619310481320586327296903352646945603976493131725216528,-0.00001932953150907504319186925571578514534416578159039896772,0.5542263652756049350257036704128884659241163417122569405,65,0.32932
0.33365126666666667,0.006620632915513024,-1.9581565898612022e-05,0.039115282402583544,0.0029735425404218353,-0.04208882494300538,0.08120410734558892,0.5549271946510109,13.360570847322908,2.6812888675258884,1.3164858192313755,-0.5545307644033572,2.126758103122531,0.9485972413123733,-0.0012613530189395296,1.8330154,0.33365126666666667,0.006620632915513023900272369832547467265245538069699883074,-0.00001958156589861202357420243210906890414510247404016078091,0.5549271946510109739642075695148687800469350709904106869,65,0.33365
0.33798439999999985,0.006621970126479648,-1.9833502418077094e-05,0.03909826370509196,0.003011605348512603,-0.04210986905360456,0.08120813275869652,0.5556275322348813,13.364972118641283,2.6803852413649225,1.3182004603892798,-0.5530236328846616,2.127361608480261,0.9480234527732161,-0.00126159266059333,1.828682266666667,0.33798439999999985,0.006621970126479648217782507757588120404193612421352938403,-0.00001983350241807709384998674833771803048942388799841599063,0.5556275322348812227090421981113392865823271116505086698,65,0.33798
0.3423175333333335,0.006623322016315151,-2.0085339301715883e-05,0.039081275423002236,0.0030496464293052732,-0.04213092185230751,0.08121219727530975,0.5563273719642191,13.369374720393449,2.6794829333256103,1.3199148674458545,-0.551510465000031,2.1279724683255794,0.9474462927190657,-0.0012618351368508844,1.8243491333333333,0.3423175333333335,0.006623322016315150292414668097414424897765665338562129893,-0.00002008533930171588157614184480326418672078997222927796005,0.5563273719642190629804066211284644191321356512520398143,65,0.34232
0.34665066666666666,0.006624688485840381,-2.0337074764582046e-05,0.03906431745858197,0.003087665487122391,-0.04215198294570436,0.08121630040428633,0.5570267077868416,13.373778657866975,2.678581890037544,1.3216290380273947,-0.5499912240411543,2.1285906659963896,0.9468657570625165,-0.0012620804377942779,1.820016,0.34665066666666666,0.006624688485840380887658191407840539450718119723125056835,-0.00002033707476458204568237415913769851638417245740430283869,0.5570267077868416507629266659083485496522968867416660883,65,0.34665
0.35098379999999985,0.0066260694346016655,-2.0588707002287603e-05,0.03904738971139631,0.0031256622255784053,-0.042173051936974716,0.08122044164837103,0.5577255336614098,13.378183936719154,2.6776820577090383,1.3233429697236956,-0.5484658730925641,2.1292161846164745,0.9462818416995337,-0.001262328553378143,1.815682866666667,0.35098379999999985,0.006626069434601665414683247568305269175295420164165417224,-0.00002058870700228760454434928179027238701128926064823631937,0.5577255336614097518947837348158853014475780988945374362,65,0.35098
0.3553169333333335,0.0066274647608700905,-2.084023419075276e-05,0.0390304920783159,0.003163636347567196,-0.042194128425883104,0.08122462050419901,0.5584238435574528,13.382590562976482,2.6767833821268088,1.3250566600878346,-0.5469343750314327,2.129849007095376,0.945694542509653,-0.0012625794734295885,1.8113497333333333,0.3553169333333335,0.006627464760870090732634046134911111461269967738087817233,-0.00002084023419075275899785601786450488020586538852384163713,0.5584238435574527755312721037143010087328261403839828528,65,0.35532
0.35965006666666666,0.006628874361640765,-2.1091654485955478e-05,0.03901362445352497,0.0032015875552494585,-0.04221521200877443,0.08122883646229939,0.5591216314553897,13.386998543034126,2.675885808655636,1.3267701066359627,-0.5453966925273634,2.130489116128272,0.9451038553561834,-0.0012628331876481254,1.8070166,0.35965006666666666,0.006628874361640764606428627070518991991263924954566039508,-0.00002109165448595547708265087034356822243279014095071385959,0.5591216314553897264343865483812785969618531592416476329,65,0.35965
0.36398319999999984,0.006630298132632048,-2.1342966023681055e-05,0.038996786728529284,0.0032395155500399876,-0.04223630227856927,0.08123308900709855,0.5598188913465466,13.391407883655367,2.674989282238023,1.3284833068470996,-0.5438527880421743,2.1311364941958484,0.9445097760864067,-0.0012630896856055895,1.802683466666667,0.36398319999999984,0.006630298132632048395802672222505150589865200181864769277,-0.00002134296602368105396122560546757583631245851143146844125,0.5598188913465466477926119619193439747514194972383451514,65,0.36398
0.36831633333333347,0.006631735968284759,-2.1594166919271144e-05,0.03897997879216429,0.0032774200325947703,-0.04225739882475906,0.08123737761692335,0.5605156172331691,13.395818591971025,2.67409374739384,1.330196258162931,-0.5423026238296786,2.131791123564162,0.9439123005317809,-0.0012633489567460624,1.7983503333333333,0.36831633333333347,0.006631735968284759517533779347287914628238283584372251727,-0.00002159416691927114303375531391075988134341026669442048457,0.5605156172331691358387630915327829904863447594006653307,65,0.36832
0.37264946666666665,0.0066331877617613446,-2.184525526737252e-05,0.038963200530603204,0.00331530070279794,-0.04227850123340114,0.08124170176400435,0.5612118031284307,13.400230675478852,2.673199148219961,1.3319089579876138,-0.5407461619354579,2.132452986284503,0.9433114245081401,-0.001263610990385789,1.7940172,0.37264946666666665,0.006633187761761344428485416997232437463406842124418842138,-0.00002184525526737251930428594613695013448801516151320649644,0.561211803128430632634305924376018234131329777974058491,65,0.37265
0.37698259999999983,0.006634653404945023,-2.2096229141685776e-05,0.03894645182736512,0.003353157259748609,-0.04229960908711373,0.08124606091447885,0.561907443056437,13.404644142042915,2.6723054283898815,1.3336214036875842,-0.5391833641966284,2.133122064193253,0.9427071438158968,-0.0012638757757130914,1.789684066666667,0.37698259999999983,0.006634653404945022638973887448915100117507547116043864536,-0.0000220962291416857752088159636032575873702786444149577472,0.5619074430564370335067648872711069935718427196587950468,65,0.37698
0.38131573333333346,0.006636132788438899,-2.2347086594713477e-05,0.038929732563323195,0.0033909894017475194,-0.042320721965070716,0.08125045452839391,0.5626025310522262,13.409058999892947,2.6714125311533365,1.3353335925913707,-0.5376141922416028,2.133798338911734,0.9420994542402434,-0.0012641433017882798,1.7853509333333333,0.38131573333333346,0.006636132788438898368914620391646372297502331068961236083,-0.00002234708659471347666082759378055075129709157826339043859,0.5626025310522262818089635969484814038437032456875646216,65,0.38132
0.38564886666666665,0.00663762580156504,-2.2597825657508e-05,0.038913042616712815,0.0034287968262835295,-0.04234183944299634,0.08125488205970915,0.5632970611617636,13.413475257623679,2.6705203993358975,1.337045521989411,-0.5360386074898447,2.1344817918460524,0.9414883515513537,-0.0012644135575435613,1.7810178,0.38564886666666665,0.006637625801565040400127586295211611420181388878509453164,-0.00002259782565750800272775296329047858330722771041325696137,0.563297061161763554335445567389253367520209513218937863,65,0.38565
0.38998199999999983,0.006639132332363531,-2.284844433941929e-05,0.03889638186313979,0.003466579230019987,-0.042362961093159776,0.08125934295629957,0.5639910274419326,13.417892924194154,2.6696289753385587,1.3387571891338763,-0.5344565711516158,2.135172404186943,0.9408738315045834,-0.0012646865317829437,1.776684666666667,0.38998199999999983,0.006639132332363530753680578704098791113937556578508417318,-0.00002284844433941928833558580339195444688569304438623118991,0.5639910274419326285933739482146350298728068808633542149,65,0.38998
0.39431513333333346,0.006640652267591479,-2.3098940627842e-05,0.038879750175588625,0.0035043363087809013,-0.042384086484369525,0.08126383665995815,0.5646844239605221,13.422312008927006,2.668738201137317,1.340468591238497,-0.5328680442277172,2.1358701569095997,0.9402558898406717,-0.001264962213182138,1.7723515333333333,0.39431513333333346,0.006640652267591478702503069057382840110750916700748762668,-0.00002309894062784199814001661478789309215670889651594335478,0.5646844239605221089609266008542499778742273613734307722,65,0.39432
0.39864826666666664,0.0066421854927220005,-2.334931248796234e-05,0.03886314742443072,0.0035420677575369527,-0.04240521518196767,0.08126836260639839,0.5653772447962071,13.426732521507729,2.6678480182827293,1.342179725478395,-0.5312729875092237,2.1365750307735056,0.9396345222859419,-0.0012652405902884563,1.7680184,0.39864826666666664,0.006642185492722000615090507931672078189593144572923226492,-0.0000233493124879623428543445350922454428638609958836460777,0.5653772447962070829232982397571244768842612797901563924,65,0.39865
0.4029813999999998,0.006643731891943166,-2.3599557862504766e-05,0.038846573477432665,0.0035797732703913747,-0.04242634674782404,0.0812729202252567,0.5660694840385269,13.431154471983916,2.6669583678994675,1.3438905889899209,-0.5296713615772102,2.1372870063222575,0.9390097245525018,-0.0012655216515207051,1.763685266666667,0.4029813999999998,0.006643731891943166329932074309365832219477052675222085506,-0.0000235995578625047672401531662576811028153536267862312773,0.5660694840385268271715979408015722784930885683180939587,65,0.40298
0.40731453333333345,0.006645291348156908,-2.3849674671478032e-05,0.038830028199764534,0.0036174525405656285,-0.04244748074033017,0.08127750894009471,0.5667611357878573,13.435577870764476,2.66606919068585,1.345601178870496,-0.528063126802471,2.1380060638833793,0.938381492338443,-0.0012658053851690781,1.7593521333333333,0.40731453333333345,0.006645291348156908441049734730785348033455779278401121577,-0.00002384967467147803365654040783355072136117577210008871119,0.5667611357878572321631704973114014525415395438893270408,65,0.40731
0.41164766666666663,0.006646863742977895,-2.40996608119209e-05,0.038813511454008194,0.003655105260384908,-0.0424686167143931,0.08128212816840129,0.5674521941553785,13.440002728618829,2.665180426913368,1.3473114921784575,-0.5264482433452329,2.138732183568135,0.9377498213280412,-0.0012660917793950416,1.755019,0.41164766666666663,0.006646863742977894918859503820607648317391738792376618186,-0.00002409966081192089917595157829999291839472113829695151304,0.5674521941553784810527614313338146960512006755891257627,65,0.41165
0.4159807999999998,0.006648448956732366,-2.4349514157647647e-05,0.03879702310016559,0.0036927311212635095,-0.0424897542214291,0.0812867773215947,0.5681426532630387,13.444429056676073,2.6642920164261916,1.349021525932911,-0.5248266711548577,2.1394653452713337,0.9371147071919543,-0.0012663808222312199,1.750685866666667,0.4159807999999998,0.006648448956732365972442772652746792489421860254117852798,-0.00002434951415764764654345824995641020920818855243514140292,0.5681426532630386900707528681572825668501667727962100322,65,0.41598
0.42031393333333344,0.006650046868456931,-2.459923255899295e-05,0.03878056299566716,0.003730329813689984,-0.04251089280935714,0.0812914558050243,0.5688325072435121,13.448856866424142,2.663403898640665,1.3507312771135869,-0.5231983699695397,2.1402055286711255,0.9364761455874209,-0.0012666725015812738,1.7463527333333333,0.42031393333333344,0.006650046868456931172244809116765817198863057433775043736,-0.00002459923255899295170695967829576819918157882354346729757,0.5688325072435120684254541515542465063985893274075715492,65,0.42031
0.42464706666666663,0.006651657355897327,-2.484881384255632e-05,0.0387641309953801,0.0037679010272121147,-0.04253203202259222,0.08129616301797231,0.5695217502401523,13.453286169708917,2.662516012544788,1.3524407426607001,-0.5215632993159938,2.140952713228794,0.9358341321584579,-0.0012669668052197774,1.7420196000000001,0.42464706666666663,0.00665165735589732748630086230822416324223533275685604607,-0.00002484881384255632107781072786345735132526858450214223313,0.5695217502401522322682260335242396047601127386381767656,65,0.42465
0.4289801999999998,0.006653280295507139,-2.5098255810946325e-05,0.03874772695161681,0.0038054444504217444,-0.042553171402038556,0.08130089835365537,0.5702103764069413,13.457716978733337,2.6616282966976765,1.354149919474818,-0.5199214185091348,2.141706878188542,0.9351886625360574,-0.0012672637207920886,1.737686466666667,0.4289801999999998,0.006653280295507138942820887229913575128729961589223551503,-0.00002509825581094632572243090343033446681721110397007131972,0.5702103764069412896467955875116180259815348477915584968,65,0.42898
0.43331333333333344,0.006654915562446474,-2.5347556242524144e-05,0.03873135071414323,0.003842959770939388,-0.04257431048508262,0.08130566119922585,0.5708983799084334,13.462149306056466,2.6607406892290153,1.355858804416731,-0.5182726866517487,2.142468002577267,0.9345397323383821,-0.0012675632358142184,1.7333533333333333,0.43331333333333344,0.00665491556244647401838077111552176754391815607034618092,-0.00002534755624252414505886038936560546566456124077865754958,0.5708983799084333403929850682393158509284639489101204414,65,0.43331
0.4376464666666666,0.006656563030580601,-2.5596712891146628e-05,0.03871500213018723,0.0038804466753986477,-0.04259544880558587,0.08131045093577309,0.571585754919693,13.466583164592555,2.659853127838491,1.3575673943073272,-0.5166170626341571,2.143236065204334,0.9338873371709611,-0.0012678653376726938,1.7290202000000001,0.4376464666666666,0.006656563030580601246558213229659141812350000551866203679,-0.0000255967128911466265534471632754664672761167971358628829,0.5715857549196929531457761916083454724765443835350823274,65,0.43765
0.4419795999999998,0.006658222572478544,-2.5845723485909112e-05,0.038698681044447014,0.003917904849430484,-0.0426165858938775,0.08131526693832451,0.5722724956262293,13.471018567610065,2.658965549795208,1.3592756859274766,-0.5149545051338685,2.1440110446613394,0.9332314726268833,-0.001268170013624417,1.724687066666667,0.4419795999999998,0.00665822257247854392208375707835628856677612459978625679,-0.00002584572348590911199417906792668108659427521202431255741,0.5722724956262293022728109011754486704503015411282079194,65,0.44198
0.44631273333333343,0.00665989405941163,-2.6094585730887503e-05,0.03868238729909954,0.003955333977647249,-0.042637721276746796,0.08132010857584634,0.5729585962239245,13.475455528730672,2.658077891937091,1.3609836760179144,-0.5132849726152248,2.144792919321866,0.9325721342869909,-0.0012684772507965208,1.7203539333333333,0.44631273333333343,0.00665989405941162962381118154116454439460968345503558944,-0.00002609458573088750191863497376575174588283132967503489553,0.5729585962239244988366004822177179610409960158279383332,65,0.44631
0.4506458666666666,0.006661577361351995,-2.6343297304879827e-05,0.03866612073380893,0.003992733743626524,-0.042658854477435455,0.08132497521124439,0.5736440509189569,13.479894061928253,2.6571900906702695,1.3626913612791338,-0.5116084233290364,2.145581667341233,0.9319093177200712,-0.001268787036186219,1.7160208000000001,0.4506458666666666,0.006661577361351995481479303404695754968328959349951467085,-0.00002634329730487982831330317594210770669866245670552176596,0.5736440509189568546321472081617233209946918097309550817,65,0.45065
0.4549789999999998,0.00666327234697105,-2.6591855861147514e-05,0.03864988118573485,0.004030103829894799,-0.04267998501562965,0.0813298662013645,0.5743288539277196,13.484334181527833,2.6563020819684446,1.364398738371283,-0.5099248153122079,2.146377266656237,0.9312430184830474,-0.0012690993566606523,1.711687666666667,0.4549789999999998,0.006663272346971049581352665005015347256545049297007061637,-0.00002659185586114751226980700877670509869528825319132650271,0.5743288539277195594747351574126696814898279837419661905,65,0.45498
0.4593121333333334,0.0066649788836378844,-2.684025902715583e-05,0.03863366848954097,0.004067443917910904,-0.04270111240745188,0.08133478089699285,0.5750129994767335,13.488775902204523,2.6554138013722395,1.3661058039140654,-0.5082341063873543,2.147179694984885,0.9305732321211673,-0.0012694141989567297,1.7073545333333333,0.4593121333333334,0.006664978883637884487375411851125820095987167114033447658,-0.00002684025902715583266171199227666719789805615977718017045,0.5750129994767334595080781036032883715968630033323137249,65,0.45931
0.4636452666666666,0.006666696837417644,-2.7088504404313855e-05,0.038617482477403396,0.0041047536880492435,-0.04272223616545264,0.08133971864285604,0.5756964818025546,13.49321923898243,2.65452518398853,1.367812554486647,-0.5065362541624083,2.147988929826122,0.9298999541681929,-0.0012697315496809662,1.7030214000000001,0.4636452666666666,0.006666696837417643675838975308930417926919825514591539849,-0.00002708850440431385431793620818034335382133063178808904354,0.5756964818025546169690900594403822116328397234854953575,65,0.46365
0.4679783999999998,0.006668426073069841,-2.733658956771397e-05,0.038601322979019054,0.004142032819582848,-0.042743355798601904,0.08134467877762096,0.5763792951516771,13.497664207233527,2.653636164489761,1.3695189866275692,-0.5048312160302151,2.1488049484595457,0.9292231801465859,-0.0012700513953093128,1.698688266666667,0.4679783999999998,0.006668426073069841111501150692166463330804438084201257555,-0.00002733658956771396864450261492900885521298315257522157397,0.5763792951516770676414504737429143165159820369001178337,65,0.46798
0.4723115333333334,0.00667016645404663,-2.7584512065870628e-05,0.03858518982161414,0.004179280990666187,-0.042764470812280325,0.08134966063389447,0.5770614337804296,13.502110822676526,2.6527466771132375,1.3712250968346649,-0.5031189491681193,2.149627727945118,0.928542905567693,-0.0012703737221869847,1.6943551333333333,0.4723115333333334,0.006670166454046630227690734534367846020916315925128782712,-0.00002758451206587062870762180920138807428911215109134973165,0.5770614337804296209787276504408277186294650648134301163,65,0.47231
0.4766446666666666,0.0066719178424910226,-2.7832269420458468e-05,0.03856908282995255,0.004216497878317757,-0.04278558070827031,0.08135466353822286,0.5777428919548672,13.506559101375702,2.651856655660406,1.3729308815649814,-0.5013994105375408,2.1504572451228654,0.9278591259319304,-0.001270698516528283,1.6900220000000001,0.4766446666666666,0.006671917842491022697378710240645654786924124395289009794,-0.00002783226942045846611318723617405637478582480360665724393,0.5777428919548672160961837849510156994897449515131573313,65,0.47664
0.4809777999999998,0.006673680099235057,-2.8079859126049978e-05,0.03855300182634429,0.00425368315840249,-0.04280668498474678,0.08135968681109107,0.5784236639506574,13.511009059739697,2.650966033496107,1.3746363372347088,-0.499672556883538,2.1512934766125693,0.9271718367289644,-0.0012710257644164122,1.685688866666667,0.4809777999999998,0.006673680099235057455772262834623146021938015669176679588,-0.00002807985912604997730932804234175965455777086399017122402,0.5784236639506573467341158274894074359861074988190021145,65,0.48098
0.4853109333333334,0.006675453083797916,-2.832727864985235e-05,0.038536946630653886,0.004290836505613905,-0.04282778313626779,0.08136472976692168,0.5791037440529604,13.515460714520316,2.650074743547816,1.376341460219113,-0.4979383447343625,2.1521363988134534,0.9264810334378928,-0.00127135545180329,1.6813557333333333,0.4853109333333334,0.006675453083797916060362881768050262837907876554696946649,-0.00002832727864985234896833522795135495908029388992599581702,0.5791037440529603690787131048707195353291191764121595539,65,0.48531
0.4896440666666666,0.006677236654383985,-2.857452543144361e-05,0.038520917060308794,0.004327957593456033,-0.04284887465376482,0.08136979171407362,0.5797831265563043,13.519914082811264,2.6491827183048553,1.3780462468524732,-0.4961967304010018,2.1529859879038535,0.9257867115274224,-0.0012716875645093551,1.6770226000000001,0.4896440666666666,0.00667723665438398477639809648495897511886368973450349122,-0.00002857452543144361000753725992652707719407151204338443239,0.5797831265563042074983285514287984816820402024696850402,65,0.48964
0.4939771999999998,0.006679030667880864,-2.8821596882508298e-05,0.03850491293030782,0.004365046094225142,-0.042869959024532965,0.08137487195484079,0.5804618057644539,13.5243691820469,2.648289889817597,1.3797506934280275,-0.4944476699767095,2.1538422198408873,0.9250888664560462,-0.0012720220882233675,1.672689466666667,0.4939771999999998,0.006679030667880863834407236150146096989679408131549046407,-0.00002882159688250829631210479320763682813754528166118260254,0.5804618057644539682296185686802953043952868234756301688,65,0.49398
0.4983103333333334,0.0066808349798573195,-2.9068490386572197e-05,0.0384889340532295,0.0044021016789912,-0.0428910357322207,0.0813799697854502,0.5811397759902753,13.528826030000923,2.6473961896966327,1.3814547961979209,-0.49269111933652515,2.1547050703601074,0.9243874936722167,-0.001272359008502204,1.6683563333333333,0.4983103333333334,0.006680834979857319850807999651182301089125322141020924894,-0.00002906849038657219750478958591037089417183665114365766034,0.5811397759902752769311239413253827046915639670383206553,65,0.49831
0.5026434666666666,0.006682649444561182,-2.9315203298736372e-05,0.038472980239240485,0.004439124017579105,-0.04291210425681959,0.08138508449606008,0.5818170315555918,13.533284644785066,2.6465015491119313,1.3831585513731612,-0.4909270341367824,2.155574514975149,0.92368258861452,-0.0012726983107706471,1.6640232000000001,0.5026434666666666,0.006682649444561181786224482799877844614297954386042209557,-0.00002931520329873637175645439423637903151838770416055903481,0.5818170315555918520304549409888416131526054250125686394,65,0.50264
0.5069765999999998,0.006684473914917181,-2.9561732945410613e-05,0.03845705129610391,0.004476112778549693,-0.042933164074653606,0.08139021537075752,0.5824935667910378,13.53774504484774,2.6456058987919695,1.3848619551235786,-0.48915536981460334,2.1564505289773663,0.9229741467118441,-0.0012730399803211705,1.659690066666667,0.5069765999999998,0.00668447391491718087137665125821966312217236031764903494,-0.00002956173294541061306641408283319481811123875094220653,0.5824935667910378205842899594600029238657467045150935468,65,0.50698
0.5113097333333334,0.0066863082425247305,-2.980807662404594e-05,0.03844114702918776,0.004513067629180484,-0.042954214658368246,0.08139536168755601,0.5831693760359036,13.54220724897267,2.644709169022844,1.386565003577792,-0.4873760815873822,2.157333087435462,0.9222621633835476,-0.0012733840023137152,1.6553569333333333,0.5113097333333334,0.00668630824252473039697112611656548251174092237625807437,-0.00002980807662404594003301065825149481489122355831332638621,0.5831693760359035944764047139756289790573982806074083936,65,0.51131
0.5156428666666666,0.006688152277655646,-3.005423160286629e-05,0.03842526724147321,0.004549988235446177,-0.04297525547691939,0.0814005227183926,0.5838444536379758,13.546671276277488,2.6438112896473562,1.3882676928231807,-0.4855891244522565,2.1582221651950997,0.9215466340396259,-0.0012737303617754627,1.6510238000000002,0.5156428666666666,0.006688152277655645725982006879745185623308016273539412037,-0.00003005423160286629047142630640911651444361200100519480015,0.5838444536379758154910678534789327844595164545074804554,65,0.51564
0.5199759999999998,0.006690005869251805,-3.0300195120599604e-05,0.03840941173356296,0.004586874261998917,-0.04299628599556188,0.08140569772912484,0.5845187939533719,13.55113714621232,2.64291219006408,1.3899700189058608,-0.4837944531855635,2.159117736878516,0.9208275540808727,-0.0012740790436006008,1.646690666666667,0.5199759999999998,0.006690005869251804938373574174234746022422959242415999939,-0.00003030019512059960459999505973814857302199371546953435028,0.5845187939533718724041361901169942644072917904643015132,65,0.51998
0.5243091333333334,0.0066918688649227455,-3.054596438620787e-05,0.038393580303689535,0.004623725372148281,-0.043017305675837815,0.08141088597952735,0.5851923913463678,13.555604878558318,2.642011799226399,1.3916719778306688,-0.4819920223422857,2.160019776884113,0.9201049188990417,-0.0012744300325500835,1.6423575333333333,0.5243091333333334,0.006691868864922745910297032898604711309535008672742535828,-0.00003054596438620786547589688821156236466028633528180473259,0.5851923913463678096851105462066056630820560656421881839,65,0.52431
0.5286422666666666,0.0066937411109432,-3.079153657861628e-05,0.03837777274772359,0.004660541227841011,-0.043038313975564596,0.08141608672328819,0.5858652401892201,13.560074493426201,2.641110045641528,1.393373565561149,-0.48018178625548247,2.1609282593860457,0.919378723877004,-0.0012747833132513839,1.6380244000000002,0.5286422666666666,0.006693741110943200166804031546737348662669189604784986583,-0.00003079153657861627932559701958273341511959734454257288546,0.5858652401892201326862607656940533070704268068658649664,65,0.52864
0.5329753999999998,0.006695622452250564,-3.1036908846441775e-05,0.03836198885918217,0.0046973214896404965,-0.04305931034882267,0.08142129920800484,0.586537334861982,13.564546011254734,2.640206857369503,1.395074778019549,-0.4783636990357071,2.161843158333796,0.9186489643889031,-0.0012751388701982413,1.633691266666667,0.5329753999999998,0.006695622452250563895077311849637299540347861542284234686,-0.00003103690884644177670593535429680452562940953163819038508,0.5865373348619820086070317239247339341608371459575633809,65,0.53298
0.5373085333333334,0.006697512732442302,-3.1282078307720405e-05,0.03834622842923697,0.004734065816705977,-0.04308029424594295,0.08142652267517993,0.5872086697523127,13.569019452809204,2.6393021620221497,1.3967756110868181,-0.4765377145704111,2.1627644474517385,0.9179156358003071,-0.0012754966877504025,1.6293581333333333,0.5373085333333334,0.006697512732442301825891599049759955302672578664764979108,-0.00003128207830772040282032686234595147291754886707753810505,0.5872086697523126844389548553148222215125860398630625838,65,0.53731
0.5416416666666666,0.006699411793773285,-3.152704204963378e-05,0.03833049124672257,0.004770773866771463,-0.043101265113494026,0.0814317563602166,0.5878792392552806,13.573494839179855,2.6383958867620265,1.3984760606026145,-0.47470378652333506,2.1636921002386913,0.9171787334683581,-0.0012758567501333544,1.6250250000000002,0.5416416666666666,0.006699411793773284299683424636770642228650989852104918039,-0.00003152704204963377784504698487318442517985175508479647122,0.5878792392552806228173583023169755570005067622165785679,65,0.54164
0.5459747999999998,0.006701319477153058,-3.177179712823481e-05,0.03831477709814459,0.0048074452961244084,-0.043122222394269,0.08143699949241359,0.5885490377731608,13.577972191780306,2.6374879583013415,1.400176122365316,-0.47286186833388294,2.1646260899674585,0.916438252741918,-0.0012762190414380519,1.6206918666666668,0.5459747999999998,0.006701319477153057877716516985828538472245177061787087589,-0.00003177179712823480633444745925068330224347005193483221988,0.5885490377731608509201930997862489971207180291337354836,65,0.54597
0.5503079333333334,0.0067032356221430455,-3.20163405681722e-05,0.038299085767687945,0.004844079759584085,-0.04314316552727203,0.08144225129495997,0.5892180597152253,13.582451532345937,2.6365783029008427,1.4018757921320375,-0.471011913216484,2.1655663896843587,0.9156941889617118,-0.001276583545620637,1.6163587333333334,0.5503079333333334,0.006703235622143045111681789145388214846613834009035208651,-0.00003201634056817220365406430291357907703316500436225505996,0.5892180597152253450576958707226438767257185318021438754,65,0.55031
0.5546410666666666,0.0067051600669536734,-3.226066936241402e-05,0.038283417037224904,0.004880676910479657,-0.04316409394770456,0.08144751098492947,0.5898862994975269,13.586932882932233,2.635666846368683,1.4035750656186547,-0.46915387415993937,2.166512972208744,0.9149465374604674,-0.0012769502465021525,1.6120256000000002,0.5546410666666666,0.006705160066953673761900605333603898369159720275544293852,-0.00003226066936241401842316990617705490637848588377597926235,0.5898862994975269476236194303989030147580370448995556091,65,0.55464
0.5589741999999998,0.0067070926484414355,-3.250478047197033e-05,0.03826777068632328,0.004917236400628009,-0.04318500708695129,0.08145277777327457,0.5905537515426773,13.591416265913136,2.6347535140592573,1.4052739384998334,-0.4672877039267525,2.167465810132505,0.9141952935630511,-0.0012773191277682477,1.6076924666666668,0.5589741999999998,0.006707092648441435794408823522744309045907887177832699132,-0.00003250478047197032808240857713457567204322721161414892872,0.5905537515426773070891491754768272950507409088370985062,65,0.55897
0.5633073333333334,0.006709033202105872,-3.2748670825614674e-05,0.03825214649225448,0.004953757880311242,-0.04320590437256572,0.08145805086482019,0.5912204102796177,13.595901703979319,2.6338382308720094,1.406972406409065,-0.46541335505244535,2.1684248758195643,0.9134404525866012,-0.0012776901729688764,1.6033593333333334,0.5633073333333334,0.006709033202105871675683712906003963382108645546809067596,-0.00003274867082561467513842088414814306016310913050248364231,0.5912204102796176649298685758025592230650457771569762994,65,0.56331
0.5676404666666666,0.00671098156208648,-3.2992337319604424e-05,0.03823654423000155,0.004990240998253873,-0.043226785228255425,0.08146332945825698,0.591886270143383,13.600389220136481,2.632920921250217,1.4086704649387067,-0.4635307798448592,2.169390141405358,0.9126820098406571,-0.0012780633655179888,1.5990262000000002,0.5676404666666666,0.006710981562086480225183542826322653155089201766767235643,-0.00003299233731960442110591561656826100800383654038383705211,0.5918862701433829815769711439347903193646475128940292605,65,0.56764
0.5719735999999997,0.006712937561159554,-3.323577681740019e-05,0.03822096367226724,0.005026685401599766,-0.043247649073867,0.08146861274613423,0.5925513255748599,13.604878837703577,2.632001509179741,1.4103681096400316,-0.4616399303834379,2.1703615787963026,0.911919960627284,-0.001278438688693214,1.594693066666667,0.5719735999999997,0.006712937561159554276596808216995112946712457358820908739,-0.00003323577681740018760322154075660570318312860210292830191,0.5925513255748598719458776887081404076463050255974246818,65,0.57197
0.5763067333333334,0.006714901030734938,-3.347898614938399e-05,0.03820540458948191,0.005063090735888723,-0.04326849532537064,0.08147389991485256,0.5932155710205372,13.609370580311035,2.6310799181877496,1.41206533602328,-0.4597407585184965,2.171339159669253,0.9111543002411948,-0.0012788161256355364,1.5903599333333334,0.5763067333333334,0.006714901030734937888211993515877162426449493664747989961,-0.00003347898614938399103996654641908846642938637290286988485,0.5932155710205372828396409052107780593556097118222559822,65,0.57631
0.5806398666666666,0.006716871800852705,-3.372196211257613e-05,0.03818986674981159,0.005099456645032758,-0.04328932339484435,0.08147919014465595,0.5938790009322501,13.613864471898946,2.6301560713414145,1.4137621395577205,-0.4578332158704736,2.172322855470941,0.9103850239698682,-0.0012791956593489636,1.5860268,0.5806398666666666,0.006716871800852704378755916419411628833246386342068460287,-0.00003372196211257612793910680540957117872522721622728741625,0.5938790009322500772802822771968338401195868211333059589,65,0.58064
0.5849729999999997,0.006718849700179757,-3.3964701470351175e-05,0.03817434991916577,0.0051357827712920886,-0.04331013269045786,0.08148448260962363,0.5945416097669165,13.618360536715208,2.6292298912465712,1.4154585156717154,-0.455917253829165,2.173312637417406,0.9096121270936612,-0.0012795772727001854,1.581693666666667,0.5849729999999997,0.006718849700179756983693903935122111602575642187993086683,-0.00003396470147035117476606435474142354491400987415422751603,0.5945416097669165280975035592403103457426442038888202887,65,0.58497
0.5893061333333334,0.006720834556006346,-3.4207200952152514e-05,0.03815885386120532,0.005172068755250781,-0.0433309226164561,0.08148977647766142,0.5952033919862681,13.622858799313668,2.628301300046353,1.4171544597527947,-0.45399282355294207,2.174308476493411,0.9088356048859189,-0.0012799609484182273,1.5773605333333334,0.5893061333333334,0.006720834556006346197452766680829705977306295105565970597,-0.00003420720095215251160007486634360103469941160596155904531,0.5952033919862681166202695081169553925631168652790945111,65,0.58931
0.5936392666666666,0.006722826194242504,-3.444945725320554e-05,0.03814337833735035,0.005208314235792051,-0.0433516925731424,0.08149507091049275,0.5958643420565721,13.6273592845522,2.6273702194197934,1.4188499671477326,-0.45205987596795316,2.1753103434518404,0.9080554526130789,-0.0012803466690940925,1.5730274,0.5936392666666666,0.006722826194242503978828693900779926493972135031037599489,-0.0000344494572532055428041866137437961088940577915119074527,0.5958643420565721195423087088809607694484315974254047377,65,0.59364
0.5979723999999997,0.006724824439414396,-3.469146703422994e-05,0.038127923106787906,0.00524451885007328,-0.04337244195686119,0.08150036506364909,0.5965244544483479,13.631862017590787,2.6264365705803954,1.4205450331626341,-0.45011836176730524,2.17631820881309,0.9072716655347719,-0.0012807344171803972,1.568694266666667,0.5979723999999997,0.00672482443941439627214581539144598233747543083551213517,-0.0000346914670342299364639782557891558710378204821698192612,0.5965244544483478714842140268939378854799806503023579751,65,0.59797
0.6023055333333334,0.006726829114660588,-3.49332269211503e-05,0.03811248792647979,0.005280682233500655,-0.04339317015998044,0.08150565808646022,0.5971837236360751,13.636367023889543,2.625500274274669,1.4222396530630275,-0.44816823141022905,2.17733204286444,0.9064842389039173,-0.0012811241749909983,1.5643611333333334,0.6023055333333334,0.006726829114660587844384763561683084284089482284705765451,-0.00003493322692115029751640661005712526835154231952540192075,0.597183723636075116563926984087033611272310888801678813,65,0.60231
0.6066386666666665,0.00672884004172822,-3.517473350480544e-05,0.038097072551170175,0.005316804019703461,-0.04341387657087364,0.08151094912204382,0.5978421440978949,13.64087432920672,2.6245612507806357,1.42393382207396,-0.44620943512122707,2.1783518156594086,0.9056931679668143,-0.0012815159247006097,1.5600280000000002,0.6066386666666665,0.006728840041728219526829449118151324458144575490961418006,-0.00003517473350480543991315155553093782393464069278167375337,0.597842144097894911212422668453749409772631555408157339,65,0.60664
0.6109717999999997,0.0067308570409690995,-3.5415983340656615e-05,0.038081676733393306,0.005352883840508072,-0.04343456057390138,0.08151623730729468,0.598499710315304,13.645383959596689,2.6236194199063005,1.4256275353801047,-0.4442419228892001,2.1793774970171005,0.9048984479632274,-0.0012819096483444121,1.555694866666667,0.6109717999999997,0.006730857040969099603799068605893495779751057874465369571,-0.00003541598334065661577060832767798574773457786611900560737,0.5984997103153040645823150489083744295196904305467662974,65,0.61097
0.6153049333333334,0.006732879931335702,-3.5656972948494e-05,0.03806630022348105,0.005388921325911538,-0.04345522154939258,0.08152152177287363,0.5991564167728413,13.649895941407872,2.622674700988088,1.4273207881258712,-0.4422656444665572,2.1804090565215306,0.9041000741264676,-0.001282305327817653,1.5513617333333332,0.6153049333333334,0.006732879931335702262701174069681349470295093051399434448,-0.00003565697294849399938529954080018927087974385013518138045,0.5991564167728412127977524921399290342946538827760117537,65,0.6153
0.6196380666666665,0.006734908530377075,-3.5897698812141785e-05,0.03805094276957043,0.0054249161040548196,-0.043475858873625255,0.08152680164319569,0.5998122579577655,13.65441030128065,2.6217270128892465,1.4290135754155229,-0.4402805493683068,2.1814464635209396,0.9032980416834686,-0.0012827029448752374,1.5470286000000002,0.6196380666666665,0.006734908530377074773161633036972516181108143159887085941,-0.0000358976988121417840945902867520484700391626512675639331,0.5998122579577655147645458771271566427016405020982719268,65,0.61964
0.6239711999999997,0.0067369426542346535,-3.613815737916205e-05,0.03803560411761115,0.005460867801195699,-0.043496471918806845,0.081532076036418,0.6004672283597284,13.658927066145255,2.620776273998214,1.430705892313303,-0.43828658687112554,2.1824896871270885,0.9024923458548563,-0.0012831024811313086,1.542695466666667,0.6239711999999997,0.006736942654234653472376525388717009856275400868738500309,-0.00003613815737916205189388942548562070077437553494943487149,0.600467228359728416068595431366004360173669866025284635,65,0.62397
0.6283043333333334,0.006738982117637982,-3.637834506055683e-05,0.03802028401137296,0.0054967760416812705,-0.043517060053054224,0.08153734406442718,0.6011213224704369,13.663446263219601,2.619822402226951,1.4323977338435645,-0.43628370601241034,2.1835386962145407,0.9016829818550143,-0.0012835039180588213,1.5383623333333332,0.6283043333333334,0.006738982117637982328414207891566939105764935506282690454,-0.00003637834506055683096952665286311589574082510216158692989,0.6011213224704368989075689746170370741160408149187009148,65,0.6283
0.6326374666666665,0.006741026733900335,-3.661825823046866e-05,0.038004982192453074,0.005532640447920066,-0.043537622640373135,0.0815426048328262,0.6017745347833091,13.6679679200071,2.6188653150092356,1.43408909499091,-0.4342718555893093,2.184593459419926,0.900869944892143,-0.0012839072369891025,1.5340292000000002,0.6326374666666665,0.006741026733900335385152991775214585717057986487044125918,-0.00003661825823046865704932226202645234479940399742617709051,0.6017745347833090909548680178139635622219868772638298119,65,0.63264
0.6369705999999997,0.006743076314914243,-3.68578932258798e-05,0.03798969840028346,0.005568460640353831,-0.04355815904063729,0.08154785744092075,0.6024268597931227,13.672492064294447,2.6179049292989207,1.435779970700336,-0.4322509841577306,2.18565394514119,0.9000532301683131,-0.0012843124191114054,1.529696066666667,0.6369705999999997,0.006743076314914243153006494806326223855660257927475388894,-0.00003685789322587980146883325297307117008816715001895068745,0.6024268597931226881378949469550435299175804142993782251,65,0.63697
0.6413037333333333,0.006745130671146917,-3.709724634630958e-05,0.0379744323721381,0.005604236237428867,-0.04357866860956697,0.08155310098170507,0.6030782919956545,13.677018724149361,2.616941161568157,1.4374703558773858,-0.43022104003133294,2.186720121536824,0.8992328328795126,-0.0012847194454724514,1.5253629333333334,0.6413037333333333,0.006745130671146916559930528328506751604634170245676000213,-0.00003709724634630957550110481869047082326963127350432973622,0.603078291995654595531155311963148984114845414397797894,65,0.6413
0.6456368666666665,0.00674718961163557,-3.7336313853510065e-05,0.03795918384314017,0.005639966855566992,-0.04359915069870716,0.08155833454184733,0.6037288258873128,13.681547927918297,2.615973927805573,1.4391602453883077,-0.4281819712804937,2.1877919565250794,0.8984087482156891,-0.0012851282969759616,1.5210298000000002,0.6456368666666665,0.006747189611635570050196239184999993010738265254900828546,-0.0000373363138535100623890337548239308806535024730781150962,0.6037288258873127558197234183530308357188409439509454407,65,0.64564
0.6499699999999997,0.006749252943982643,-3.757509197116032e-05,0.03794395254626916,0.005675652109136123,-0.043619604655405285,0.08156355720167445,0.6043784559647603,13.68607970422413,2.615003143514422,1.4408496340602224,-0.4261337257312549,2.1888694177831667,0.8975809713607836,-0.00128553895438218,1.516696666666667,0.6499699999999997,0.006749252943982642833448522415233877287101813163971131711,-0.00003757509197116032131690638152256555675783284731996452975,0.6043784559647602975616450021809357074187441208647340754,65,0.64997
0.6543031333333333,0.0067513204743509135,-3.781357688455866e-05,0.037928738212367946,0.005711291610420421,-0.04364002982278836,0.08156876803515631,0.6050271767245309,13.690614081963792,2.614028723710681,1.4425385166812967,-0.4240762509642484,2.1899524727464326,0.89674949749276,-0.0012859513983073845,1.5123635333333334,0.6543031333333333,0.006751320474350913449032065010955588641657131035502240883,-0.00003781357688455866598706337510014833422417648524775869817,0.6050271767245309342828127446909967319974802529529848025,65,0.6543
0.6586362666666665,0.006753392007458507,-3.8051764740313174e-05,0.03791354057014976,0.005746884969590025,-0.04366042553973978,0.08157396610988954,0.6056749826626361,13.695151090305888,2.613050582921121,1.4442268880009228,-0.42200949431359885,2.191041088607522,0.8959143217836265,-0.0012863656092233875,1.5080304000000002,0.6586362666666665,0.006753392007458507518390291342871127144470675278178790546,-0.00003805176474031317262247922689582779634907559389277259645,0.6056749826626360484710163800580184271607711960918361525,65,0.65864
0.6629693999999997,0.0067554673465737985,-3.828965164603058e-05,0.03789835934620514,0.00578243179467039,-0.04368079114087553,0.08157915048708067,0.6063218682741639,13.699690758688265,2.6120686351813247,1.445914742729908,-0.41993340286580283,2.192135232315522,0.8950754393994508,-0.0012867815674570265,1.503697266666667,0.6629693999999997,0.0067554673465737986074151225694701636040287887201572511,-0.00003828965164603057511732389091544298081735216812174549825,0.6063218682741639017426153482887732338457334554538310104,65,0.66297
0.6673025333333333,0.006757546293510197,-3.852723367000311e-05,0.03788319426500874,0.005817931691511163,-0.0437011259565199,0.08158432022152864,0.6069678280528698,13.70423311681555,2.611082794033671,1.4476020755406693,-0.417847923458586,2.193234870575085,0.894232845500368,-0.0012871992531896428,1.4993641333333334,0.6673025333333333,0.006757546293510196930203221253668505842443905561152994567,-0.00003852723367000311051893249613303279049949320617564545116,0.6069678280528697955110134384249604125384191247817648054,65,0.6673
0.6716356666666665,0.006759628648620826,-3.876450684089347e-05,0.037868045048926144,0.005853384263754637,-0.04372142931268078,0.08158947436160693,0.6076128564907576,13.708778194656656,2.610092972525274,1.449288881067436,-0.4157530026797377,2.194339969845536,0.8933865352405818,-0.0012876186464565484,1.4950310000000002,0.6716356666666665,0.006759628648620825742847095438723212988325542280298329994,-0.00003876450684089347231992897842296492032860123732817952232,0.6076128564907576233110038326284577250282260180314101834,65,0.67164
0.6759687999999997,0.0067617142107930855,-3.9001467147418026e-05,0.03785291141822055,0.0058887891128037795,-0.04374170053102433,0.08159461194924489,0.6082569480776533,13.713326022442246,2.609099083205878,1.4509751539064615,-0.4136485868659194,2.195450496339958,0.8925365037683576,-0.0012880397271464832,1.490697866666667,0.6759687999999997,0.006761714210793085272170255761567726838648423417822429035,-0.00003900146714741802628390831491532783467933886151795509386,0.6082569480776532477765059206176173344053258966403852582,65,0.67597
0.6803019333333333,0.006763802777443099,-3.9238110538027854e-05,0.03783779309105939,0.005924145837789787,-0.04376193892884918,0.08159973201990857,0.6089000973007686,13.71787663066216,2.6081010381257115,1.4526608886162393,-0.411534622101451,2.1965664160242606,0.8916827462260086,-0.0012884624750010597,1.4863647333333334,0.6803019333333333,0.006763802777443098804829561527380583833855354464475243948,-0.00003923811053802785122277383501453718086076380184873192617,0.6089000973007685250683190054694084573544791670770198364,65,0.6803
0.6846350666666665,0.006765894144510041,-3.947443292058776e-05,0.037822689783520894,0.005959454035539183,-0.04378214381906008,0.08160483360258097,0.6095422986442565,13.722430050062805,2.607098748833297,1.4543460797177303,-0.4094110542170729,2.197687694616224,0.8908252577498742,-0.0012888868696141953,1.4820316000000002,0.6846350666666665,0.006765894144510040707219658440742930414579303622653713741,-0.00003947443292058775917183797303009560828124707968021729853,0.6095422986442564093497184810885591015003746444734826566,65,0.68464
0.6889681999999997,0.006767988106450346,-3.971043016205345e-05,0.03780760120960053,0.005994713300540479,-0.043802314510141,0.08160991571974152,0.6101835465887575,13.726986311644517,2.606092126373211,1.456030721694596,-0.4072778287886812,2.1988142975845295,0.8899640334702892,-0.0012893128904315336,1.477698466666667,0.6889681999999997,0.006767988106450346136997261562311293944947998868540303586,-0.00003971043016205344653136222034480439493165589154809145284,0.6101835465887575614607124086942308186634363077258741846,65,0.68897
0.6933013333333333,0.006770084456231797,-3.9946098088146336e-05,0.0377925270812174,0.006029923224910334,-0.04382245030612773,0.08161497738734513,0.6108238356109373,13.731545446658865,2.605081081283804,1.4577148089934386,-0.40513489113603895,2.199946190147765,0.8890990685115466,-0.001289740516749853,1.4733653333333334,0.6933013333333333,0.006770084456231796962848962023993442622908776033263400934,-0.00003994609808814633775795694291520667803490761569777692711,0.6108238356109372825953959240717516498915543518374553551,65,0.6933
0.6976344666666665,0.0067721829853274835,-4.018143248302627e-05,0.03777746710822057,0.006065083398359236,-0.043842550506579814,0.08162001761480038,0.6114631601830132,13.736107486605933,2.6040655235948718,1.459398336024052,-0.40298218632146254,2.2010833372734093,0.8882303579918513,-0.0012901697277164618,1.4690322000000002,0.6976344666666665,0.00677218298532748357737233473552433286887585776594412487,-0.00004018143248302627285844585996732262753273665362473016866,0.6114631601830131964280742156112992403082653237954226218,65,0.69763
0.7019675999999997,0.0067742834837096425,-4.0416429088962184e-05,0.037762420998395246,0.006100193408156724,-0.04386261440655197,0.08162503540494721,0.6121015147722741,13.74067246323156,2.603045362825277,1.4610812971596767,-0.4008196591484793,2.202225703676798,0.8873578970232641,-0.0012906005023285844,1.464699066666667,0.7019675999999997,0.00677428348370964227217911844495472023261026877604926756,-0.00004041642908896218693358794549880792543161920489644666615,0.6121015147722740943830772973934827900444518722520135363,65,0.70197
0.7063007333333333,0.006776385739843363,-4.0651083606000345e-05,0.03774738845746889,0.006135252839096083,-0.043882641296564974,0.08163002975403386,0.6127388938405888,13.745240408524529,2.6020205079805274,1.4627636867372682,-0.3986472541604608,2.2033732538200668,0.8864816807116386,-0.0012910328194327295,1.4603659333333334,0.7063007333333333,0.006776385739843362579870033124617148923936151696270106835,-0.00004065108360600034244302112402143011079306769671348806754,0.6127388938405887623616211710901534476001967833115778077,65,0.7063
0.7106338666666665,0.006778489540680164,-4.088539169163026e-05,0.03773236918911729,0.006170261273458539,-0.04390263046257584,0.08163499965169313,0.6133752918439052,13.749811354713732,2.600990867550299,1.464445499057767,-0.39646491563922914,2.20452595191107,0.8856017041565479,-0.0012914666577240488,1.4560328000000002,0.7106338666666665,0.006778489540680164174295210233485656201098143615044578515,-0.00004088539169163026207865566633282687241149115979473538614,0.6133752918439052025828236651317139517475915899119407427,65,0.71063
0.7149669999999997,0.006780594671651443,-4.1119348960448507e-05,0.03771736289497052,0.006205218290976962,-0.04392258118594748,0.081639944080918,0.6140107032317407,13.754385334265276,2.5999563495059164,1.4661267283863826,-0.3942725876036338,2.2056837619022827,0.8847179624512026,-0.0012919019957456821,1.451699666666667,0.7149669999999997,0.006780594671651442898349438431263635510172153271560294633,-0.0000411193489604485069947179153385822311628021014014508064,0.6140107032317406551270150294692993169824282348504349442,65,0.71497
0.7193001333333333,0.00678270091666178,-4.135295098381986e-05,0.03770236927461871,0.006240123468799033,-0.043942492743417744,0.08164486201803645,0.6146451224466613,13.758962379879573,2.598916861297777,1.467807368952883,-0.3920702138081026,2.2068466474896744,0.8838304506823585,-0.0012923388118880879,1.4473665333333334,0.7193001333333333,0.006782700916661780208357105340165165548169611688923290191,-0.00004135295098381986006751149510211990774301056380787444919,0.6146451224466612344621575011529970454643930221195690009,65,0.7193
0.7236332666666665,0.006784808058082115,-4.158619328953606e-05,0.03768738802561789,0.006274976381449863,-0.04396236440706775,0.08164975243268564,0.6152785439237516,13.763542524488354,2.597872309852727,1.4694874149518928,-0.389857737741164,2.2080145721115634,0.8829391639302162,-0.0012927770843883595,1.4430334000000002,0.7236332666666665,0.006784808058082115524554795473165410145142925176546064012,-0.00004158619328953605852294954615153079605223734990739355188,0.6152785439237515841415109469854679551215765355954930056,65,0.72363
0.7279663999999997,0.006786915876742781,-4.181907136147222e-05,0.0376724188434956,0.006309776600794117,-0.04398219544428972,0.08165461428778532,0.6159109620900749,13.768125801251674,2.5968226015713842,1.4711668605432004,-0.3876351026239394,2.2091874989474447,0.882044097268308,-0.0012932167913295304,1.438700266666667,0.7279663999999997,0.006786915876742780948335737971026250511022242310563513769,-0.00004181907136147221699065765043862564206074960009623465486,0.6159109620900749434576864994174593317945920816393207583,65,0.72797
0.7322995333333333,0.006789024151926393,-4.20515806392405e-05,0.03765746142175646,0.006344523695997555,-0.044001985117754015,0.08165944653951047,0.6165423713641225,13.772712243554851,2.5957676423254057,1.4728456998520743,-0.38540225140860723,2.2103653909167984,0.881145245763377,-0.0012936579106398623,1.4343671333333334,0.7322995333333333,0.006789024151926392515608001579155556827179594181422335573,-0.00004205158063924049956341080612566132569892103648797957106,0.6165423713641224377136883970275218801736517456607579853,65,0.7323
0.7366326666666665,0.0067911326613605974,-4.228371651784118e-05,0.037642515451887626,0.006379217233488014,-0.04402173268537564,0.08166424813726327,0.617172766155252,13.777301885005366,2.594707337454707,1.4745239269695862,-0.383159126776838,2.211548210677869,0.880242604475245,-0.0012941004200921198,1.4300340000000002,0.7366326666666665,0.006791132661360597364814280359274431043177908804735265886,-0.00004228371651784118145406227918565508686273619318463639888,0.6171727661552519841018233638170376577638044218091529175,65,0.73663
0.7409657999999997,0.006793241181210676,-4.2515474347311235e-05,0.03762758062336413,0.0064138567769158545,-0.044041437400279985,0.08166901802364412,0.6178021408631172,13.781894759429733,2.5936415917646203,1.476201535952946,-0.38090567113819684,2.2127359206264234,0.879336168456669,-0.0012945442973028311,1.425700866666667,0.7409657999999997,0.006793241181210676162346381302139035996152454009717032153,-0.00004251547434731123741582417892655357576736649658233619302,0.6178021408631171954270658216677710234229229851625842093,65,0.74097
0.7452989333333333,0.006795349486071995,-4.274684943237002e-05,0.03761265662365416,0.0064484418871138035,-0.04406109851076796,0.08167375513442211,0.618430489877085,13.786490900870298,2.5925703095230013,1.4778785208258418,-0.37864182662851725,2.213928482894484,0.8784259327531863,-0.0012949895197315326,1.4213677333333334,0.7452989333333333,0.006795349486071994830361459978593033378630586317077141163,-0.00004274684943237001430359473800408158850389800587506451061,0.6184304898770850890773295796177843522373284948218023241,65,0.7453
0.7496320666666665,0.006797457348962305,-4.297783703206212e-05,0.03759774313822415,0.006482972122056206,-0.04408071526028035,0.0816784583985045,0.619057807575643,13.791090343582018,2.5914933944572756,1.4795548755787937,-0.3763675351082438,2.215125859349032,0.8775118924029507,-0.0012954360646799995,1.4170346000000003,0.7496320666666665,0.006797457348962304834881144024527429975797202872860931912,-0.00004297783703206212441185793368419866284311835903375121692,0.6190578075756429812538143779603512647406673049715701668,65,0.74963
0.7539651999999997,0.006799564541313891,-4.320843235939769e-05,0.03758283985054385,0.006517447036817716,-0.04410028688736157,0.08168312673790541,0.6196840883257949,13.79569312202918,2.5904107497514324,1.4812305941695116,-0.374082738160741,2.2163280115906914,0.8765940424365538,-0.0012958839092914603,1.412701466666667,0.7539651999999997,0.006799564541313891248958686334860287018411433735947890586,-0.00004320843235939769264408160126463017607008562710048499771,0.6196840883257949363501253716008471897903540738611745273,65,0.75397
0.7582983333333333,0.006801670832965562,-4.343863058098951e-05,0.03756794644209123,0.006551866183531343,-0.04411981262562257,0.08168775906771379,0.6203093264824465,13.800299270882062,2.589322278042955,1.4829056705232673,-0.3717873770905723,2.2175349009523826,0.8756723778768367,-0.001296333030549796,1.4083683333333334,0.7582983333333333,0.006801670832965562506350594634272081062216827068373046255,-0.00004343863058098951357162926587508248483246439066711007711,0.6203093264824465739317873913746053132643662640595710982,65,0.7583
0.7626314666666665,0.006803775992154481,-4.366842681668725e-05,0.03755306259235726,0.006586229111345892,-0.044139291703703155,0.08169235429606042,0.6209335163877786,13.804908825013584,2.5882278814196944,1.484580098533271,-0.3694813929217455,2.2187464884979486,0.8747468937386891,-0.0012967834052787226,1.4040352000000003,0.7626314666666665,0.006803775992154480972494791654577600002096254705938235516,-0.00004366842681668725083513508320734972753138975428834009219,0.620933516387778600514245265954582791015672493938028497,65,0.76263
0.7669645999999997,0.006805879785507833,-4.389781613920881e-05,0.03753818797885064,0.006620535366382795,-0.044158723345233436,0.08169691132408408,0.6215566523706094,13.809521819495863,2.5871274614166806,1.486253872061062,-0.3671647263959236,2.219962735020757,0.8738175850288344,-0.001297235010140959,1.399702066666667,0.7669645999999997,0.006805879785507833408889719058620034478631400276339417227,-0.00004389781613920880759865563742145128493337794091576909424,0.6215566523706094228221254604966295537691204635476036673,65,0.76696
0.7712977333333333,0.006807981978034335,-4.412679357376842e-05,0.037523322277102325,0.006654784491692284,-0.044178106768794606,0.08170142904589693,0.6221787287457456,13.814138289596753,2.586020919012875,1.487926984936906,-0.36483731797060376,2.2211836010422714,0.8728844467456047,-0.0012976878216373765,1.3953689333333334,0.7712977333333333,0.00680798197803433511087533086204344705667903549544518172,-0.00004412679357376842266328035117802196054071733675874864001,0.6221787287457456392781625517259274688703377296959230171,65,0.7713
0.7756308666666665,0.006810082333115567,-4.435535409770162e-05,0.03750846516066999,0.006688976027208904,-0.04419744118787889,0.08170590634854888,0.6227997398133208,13.81875827077632,2.584908154627859,1.4895994309602016,-0.36249910781726136,2.222409046810598,0.8719474738787002,-0.0012981418161061332,1.3910358000000003,0.7756308666666665,0.006810082333115566703362232875123648315588642570205455736,-0.00004435535409770162026811747861717796973521320426910488605,0.6227997398133207632052705076342598787157067360168954472,65,0.77563
0.7799639999999997,0.0068121806124971426,-4.458349264008714e-05,0.037493616301142355,0.006723109509706407,-0.04421672581084876,0.08171034211199112,0.6234196798581225,13.82338179868327,2.5837890681184565,1.4912712038999012,-0.3601500358194575,2.223639032298999,0.8710066614089365,-0.0012985969697217909,1.3867026666666669,0.7799639999999997,0.006812180612497142520383545814739714384794651039450217387,-0.00004458349264008713769364764527239951517765731311214110394,0.6234196798581225202964402830610626491195198846935340556,65,0.77996
0.7842971333333333,0.006814276576279704,-4.481120408136538e-05,0.03747877536814337,0.00675718447275193,-0.0442359598408953,0.08171473520903867,0.6240385431489075,13.82800890915133,2.5826635587752964,1.4929422974949353,-0.35779004157091293,2.2248735172043834,0.8700620043079773,-0.0012990532584944133,1.3823695333333335,0.7842971333333333,0.006814276576279704206470094802236279993129781126368125282,-0.00004481120408136538367678323041175526157817669753318129398,0.6240385431489075105800427037445193570614098834304802463,65,0.7843
0.7886302666666665,0.006816369982909738,-4.503848325295355e-05,0.03746394202933631,0.0067912004466595035,-0.044255142475995816,0.08171908450533213,0.6246563239377035,13.832639638195563,2.5815315253193063,1.494612705454652,-0.3554190643735459,2.2261124609457603,0.8691134975380543,-0.0012995106582686493,1.3780364000000003,0.7886302666666665,0.006816369982909738370134002355123310171021762156067639688,-0.00004503848325295355098012109637994831300038875652956812133,0.6246563239377035736818817103271150397224085732907264275,65,0.78863
0.7929633999999997,0.006818460589170217,-4.5265324936857506e-05,0.037449115950427686,0.006825156958442876,-0.044274272908870566,0.08172338885929825,0.6252730164591002,13.837274022008641,2.58039286589814,1.496282421459265,-0.35303704323547097,2.2273558226626693,0.8681611360516713,-0.001299969144722796,1.3737032666666669,0.7929633999999997,0.006818460589170217052733483476617435325245922686407195707,-0.00004526532493685750236584427160004301648671110111608771406,0.625273016459100184818247202598466512623108202662976608,65,0.79296
0.7972965333333333,0.0068205481501710545,-4.549172386527998e-05,0.03743429679517106,0.00685905353176762,-0.04429335032693868,0.08172764712210974,0.6258886149295256,13.841912096957069,2.5792474780825385,1.4979514391603113,-0.35064391686896274,2.2286035612135757,0.8672049147912937,-0.0013004286933678449,1.3693701333333335,0.7972965333333333,0.006820548150171054501387400459799811439017120354101736581,-0.00004549172386527998122445586941251526038980275569774808479,0.6258886149295256643377909363929106871601279873415685599,65,0.7973
0.8016296666666665,0.006822632419339379,-4.5717674720225264e-05,0.03741948422537073,0.006892889686902498,-0.04431237391227323,0.08173185813764397,0.6265031135465116,13.846553899577335,2.578095258862619,1.49961975218112,-0.34823962368838185,2.2298556351742373,0.8662448286890237,-0.001300889279546509,1.365037,0.8016296666666665,0.00682263241933937890905863449868970568332020498425602478,-0.00004571767472022526523549878500610437413014166285560862619,0.626503113546511523889470757680136472296485045173044479,65,0.80163
0.8059627999999996,0.0068247131484096175,-4.594317213310037e-05,0.037404677900885266,0.006926664940670136,-0.044331342841555404,0.08173602074244067,0.6271165064879443,13.851199466572023,2.5769361046440977,1.5012873541172933,-0.3458241018080601,2.2311120028360376,0.8652808726662594,-0.0013013508784322305,1.360703866666667,0.8059627999999996,0.006824713148409617661193065466455886402390510179307041079,-0.00004594317213310037195809055972665731456103249799150797648,0.6271165064879442463181187674106728007636822472910842951,65,0.80596
0.8102959333333333,0.00682679008741339,-4.61682106843124e-05,0.03738987747963087,0.006960378806396922,-0.04435025628602779,0.08174013376565867,0.6277287879113034,13.855848834805862,2.575769911244437,1.5029542385371946,-0.3433972890401481,2.232372622204289,0.8643130416333372,-0.0013018134650281718,1.3563707333333335,0.8102959333333333,0.006826790087413389755912271972860755467357144375551821139,-0.00004616821068431240205436679055695705045052013588245801098,0.6277287879113033727301690159113682198187761087923562039,65,0.8103
0.8146290666666665,0.006828862984669203,-4.6392784902862024e-05,0.03737508261758468,0.006994030793862125,-0.04436911341144681,0.08174419602903149,0.6283399519528859,13.860502041301709,2.574596573888924,1.5046203989824505,-0.340959122892424,2.2336374509965,0.8633413304891597,-0.0013022770141661833,1.3520376,0.8146290666666665,0.006828862984669202872329010399692007323148959810743424908,-0.00004639278490286202408271271802198601624483267540827555579,0.6283399519528859059546213336847992598561539743712893649,65,0.81463
0.8189621999999996,0.006830931586771955,-4.661688926593339e-05,0.03736029296878785,0.007027620409246299,-0.044387913378034154,0.081748206346822,0.6289499927270178,13.86515912323649,2.573415987206673,1.506285828968464,-0.338509540566059,2.2349064466406143,0.8623657341208052,-0.0013027415005057552,1.347704466666667,0.8189621999999996,0.006830931586771955115606089776665288041031632781259162963,-0.0000466168892659333862821900256164895768457098841474215707,0.6289499927270178052427984889442990347604390391056938614,65,0.81896
0.8232953333333333,0.006832995638582234,-4.684051819847986e-05,0.037345508185348514,0.007061147155078844,-0.044406655340427356,0.08175216352577587,0.629558904325251,13.869820117937069,2.572228045226553,1.5079505219849367,-0.336048478953343,2.2361795662732105,0.8613862474031208,-0.001303206898532946,1.3433713333333335,0.8232953333333333,0.006832995638582233257968297067484404318058539018748624529,-0.00004684051819847985673181935931830366641240968532443375914,0.6295589043252509406695088478295484610801565085954983989,65,0.8233
0.8276284666666665,0.0068350548832154055,-4.70636660728057e-05,0.0373307279174446,0.007094610530184776,-0.04442533844762937,0.08175606636507397,0.6301666808155458,13.874485062876063,2.57103264137304,1.509614471496404,-0.3335758746353704,2.2374567667376697,0.8604028651982982,-0.0013036731825592925,1.3390382,0.8276284666666665,0.006835054883215405767805211858758975624936817333568844165,-0.00004706366607280570008381936712012801617901274411813315712,0.6301666808155457970332995101142007518089402626297148332,65,0.82763
0.8319615999999996,0.00683710906203051,-4.7286327208143936e-05,0.03731595181332648,0.007128010029630708,-0.044443961842957194,0.08175991365628368,0.6307733162414406,13.879153995667584,2.56982966846199,1.5112776709427813,-0.33109166387967925,2.238738004582311,0.8594155823554313,-0.0013041403267206983,1.334705066666667,0.8319615999999996,0.006837109062030510104257348469715455761610426967477584244,-0.00004728632720814393300236914526691207084153581850784413416,0.6307733162414405818728603733783189387911606865119789747,65,0.83196
0.8362947333333333,0.006839157914618926,-4.7508495870229765e-05,0.03730117951931951,0.007161345144669976,-0.044462524663989485,0.081763704183309,0.6313788046212051,13.88382695406294,2.5686190186963356,1.512940113739923,-0.32859578263784983,2.240023236058486,0.8584243937100546,-0.0013046083049763019,1.3303719333333333,0.8362947333333333,0.006839157914618925975476014068179010344660220261285940867,-0.00004750849587022976343152462579553375833336660940977091444,0.6313788046212051117923453769605587032755699361759711026,65,0.83629
0.8406278666666664,0.006841201178792833,-4.773016627086971e-05,0.03728641067982632,0.0071946153626869,-0.04448102604251322,0.08176743672233955,0.6319831399469797,13.888503975946241,2.5674005836617004,1.51460179328019,-0.32608816654305994,2.2413124171186403,0.8574292940836652,-0.0013050770911073207,1.3260388000000003,0.8406278666666664,0.00684120117879283259462571019982155174425239951495650175,-0.00004773016627086971086575103784487644379719875107812535314,0.631983139946979733613416241031569319932697209599893047,65,0.84063
0.8449609999999996,0.006843238590573449,-4.795133256750668e-05,0.03727164493732905,0.007227820167140237,-0.04449946510446928,0.08177111004179834,0.6325863161839,13.89318509932998,2.5661742543219312,1.5162627029330351,-0.323568750907592,2.2426055034143393,0.8564302782832218,-0.0013055466587158766,1.3217056666666671,0.8449609999999996,0.006843238590573449508852344158786824676841114677924172015,-0.00004795133256750667845122106728382795587219294562635628973,0.632586316183900010434100131877337839688881845559490146,65,0.84496
0.8492941333333333,0.006845269884179051,-4.817198886278027e-05,0.03725688193239133,0.007260959037505703,-0.044517840969897034,0.08177472290228836,0.6331883272692053,13.897870362350503,2.564939921014551,1.5179228360455936,-0.32103747072029787,2.2439024502942533,0.8554273411006273,-0.0013060169812237976,1.3173725333333333,0.8492941333333333,0.006845269884179051531541440475225041391358142774300451321,-0.00004817198886278027303191970938159065042849871528071665094,0.633188327269205244477767676985864048664492769272397376,65,0.84929
0.8536272666666664,0.006847294792012757,-4.839212920408264e-05,0.03724212130366017,0.007294031449217618,-0.04453615275287779,0.08177827405653797,0.6337891671113316,13.902559803263454,2.5636974734461226,1.5195821859432914,-0.3184942606440167,2.2452032128021058,0.8544204773121902,-0.0013064880318713952,1.3130394000000003,0.8536272666666664,0.00684729479201275723212016352366111494634667390794762043,-0.00004839212920408264290451595822654949765223488268919546942,0.6337891671113315602374697496892147320797415133645181026,65,0.85363
0.8579603999999996,0.006849313044650088,-4.861174758310992e-05,0.03722736268786764,0.007327036873609662,-0.044554399561477304,0.08178176224934494,0.6343888295889898,13.907253460439117,2.5624468006875283,1.521240745930464,-0.3159390550129437,2.2465077456745846,0.8534096816780634,-0.0013069597837162216,1.3087062666666671,0.8579603999999996,0.006849313044650088656356942912318154031831738013213100091,-0.0000486117475831099175198290821027170929952205674691529922,0.6343888295889897661928538486767867462122951342160207706,65,0.85796
0.8622935333333333,0.006851324370826294,-4.883083793540865e-05,0.037212605719832356,0.007359974777854672,-0.04457258049768703,0.08178518621751939,0.6349873085502263,13.911951372357718,2.561187791169165,1.5228985092909875,-0.3133717878299534,2.247816003339212,0.8523949489416646,-0.0013074322096318016,1.3043731333333333,0.8622935333333333,0.006851324370826293615420085964702985423044533587821825769,-0.000048830837935408651361391786818715205867832626390418705,0.6349873085502263502485309878718330649023508350696712108,65,0.86229
0.8666266666666664,0.006853328497423429,-4.90493941399175e-05,0.03719785003246086,0.007392844624903497,-0.04459069465736436,0.08178854468982522,0.6355845978114683,13.916653577604627,2.5599203326760462,1.5245554692889234,-0.3107923927638739,2.249127939912172,0.8513762738290733,-0.0013079052823063411,1.3000400000000003,0.8666266666666664,0.006853328497423429406625263943961365280936494141505029737,-0.00004904939413991749809119961528101538816100676692903978624,0.635584597811468209812097822454647977392246426244800933,65,0.86663
0.8709597999999996,0.006855325149457205,-4.9267410018504196e-05,0.03718309525674874,0.007425645873422923,-0.044608741130171665,0.0817918363869204,0.6361806911565513,13.921360114865518,2.558644312342815,1.5262116191691766,-0.3082008031467092,2.2504435091961055,0.8503536510484055,-0.0013083789742414109,1.2957068666666671,0.8709597999999996,0.006855325149457205425648306315810808725577876934193101303,-0.00004926741001850419734742975566987834134118090409847621484,0.6361806911565513257970876059618202856612708130898176033,65,0.87096
0.8752929333333332,0.0068573140500635755,-4.948487933549727e-05,0.03716834102178165,0.007458377977732582,-0.04462671899951423,0.08179506002129588,0.6367755823357317,13.92607102292143,2.5573596166486663,1.5278669521581654,-0.30559695197081427,2.251762664677852,0.8493270752891663,-0.0013088532577506065,1.2913737333333335,0.8752929333333332,0.00685731405006357576154466566522203738024055181325248541,-0.00004948487933549726923762968641335641255046270498946162989,0.6367755823357317095204397446838195206866841571499465437,65,0.87529
0.8796260666666664,0.006859294920485081,-4.970179579721267e-05,0.037153586954736084,0.007491040387740865,-0.04464462734247695,0.08179821429721303,0.6373692650646793,13.930786340643769,2.5560661314121758,1.5295214614645063,-0.3029807718860174,2.253085359526158,0.8482965412215786,-0.0013093281049581817,1.2870406000000003,0.8796260666666664,0.006859294920485080677347852750375586654715048815472049014,-0.00004970179579721266956678477668477306276473114561661447474,0.6373692650646792932182906579326622455848835322954393734,65,0.87963
0.8839591999999996,0.006861267480056933,-4.9918153051475375e-05,0.03713883268087997,0.007523632548879843,-0.044662465229759814,0.08180129791063978,0.6379617330234547,13.935506106989225,2.55476374178603,1.531175140279712,-0.30035219519668954,2.25441154658934,0.8472620434958882,-0.001309803487797658,1.2827074666666671,0.8839591999999996,0.006861267480056933192500240185089587993630469220549755279,-0.00004991815305147537547237486274374094515789037691907921588,0.6379617330234546607273523123314972601901560867718283042,65,0.88396
0.8882923333333332,0.006863231446192843,-5.0133944687135466e-05,0.03712407782357312,0.007556153902039134,-0.04468023172561225,0.08180430954918537,0.6385529798554674,13.940230360994624,2.553452332251663,1.5328279817789032,-0.2977111538587619,2.2557411783929013,0.8462235767416438,-0.0013102793780104063,1.2783743333333335,0.8882923333333332,0.006863231446192843247505420621277292254677936745038787016,-0.00005013394468713546951544227510116994034225461591388137832,0.6385529798554674133535165951870844760264292916056160568,65,0.88829
0.8926254666666664,0.006865186534370576,-5.034916423357879e-05,0.03710932200426741,0.007588603883498689,-0.0446979258877661,0.08180724789203352,0.6391429991664164,13.944959141771687,2.5521317866137956,1.5344799791215344,-0.2950575794766898,2.2570742071371055,0.8451811355669528,-0.0013107557471442033,1.2740412000000003,0.8926254666666664,0.006865186534370576441942523814691118858114719732995106187,-0.00005034916423357879091316390429462140112881702950368386821,0.639142999166416332988823986113727558596691912586724192,65,0.89263
0.8969586,0.006867132458117244,-5.056380516023224e-05,0.03709456484250687,0.007620981924860563,-0.044715546767367435,0.08181011160987431,0.6397317845232116,13.949692488501713,2.550801987994868,1.5361311254521346,-0.2923914033003594,2.2584105846945084,0.8441347145577106,-0.00131123256655176,1.2697080666666667,0.8969586,0.006867132458117244411398878399348788718387289816558749569,-0.00005056380516023224150575473872401080497010591334052207494,0.6397317845232115565121536937886510269952101481458148036,65,0.89696
0.9012917333333332,0.006869068928994317,-5.0777860876063136e-05,0.03707980595592743,0.007653287452979514,-0.044733093408906945,0.08181289936483438,0.6403193294528771,13.95443044043019,2.549462818829378,1.5377814139010606,-0.28971255622194164,2.2597502626074366,0.8430843082768035,-0.0013117098073892237,1.2653749333333335,0.9012917333333332,0.006869068928994317498679035864224262087536592996586200736,-0.00005077786087606313679478132749073285505445770127164873647,0.6403193294528770617613311080726354879378766468840336035,65,0.90129
0.9056248666666664,0.00687099565658236,-5.0991324729073086e-05,0.03706504496025659,0.0076855198898925494,-0.04475056485014914,0.08181560981040573,0.6409056274414348,13.95917303686131,2.548114160858111,1.5394308375852679,-0.2870209687726862,2.2610931920854247,0.8420299112632854,-0.0013121874406146505,1.2610418000000003,0.9056248666666664,0.006870995656582360205895441138312956476878424060849050014,-0.0000509913247290730831613787010843514330413510984749323468,0.6409056274414347533368113344186000135653118462372097151,65,0.90562
0.909958,0.00687291234846548,-5.120419000578577e-05,0.037050281469312815,0.007717678652747291,-0.04476796012206011,0.08181824159137292,0.6414906719327684,13.96392031715241,2.5467558951222626,1.5410793896090949,-0.28431657111965963,2.262439324002603,0.840971518031526,-0.0013126654369864513,1.2567086666666667,0.909958,0.006872912348465479890863090587654696107414764878427534413,-0.00005120419000578576769811769364055424577585580878056996632,0.6414906719327684330114382216400455436928121697843612833,65,0.90996
0.9142911333333332,0.006874818710215486,-5.141644993072874e-05,0.037035515095004745,0.00774976315372918,-0.04478527824873393,0.08182079334373867,0.6420744563274678,13.968672320708308,2.54538790195746,1.5427270630650607,-0.2815992930624247,2.263788608895035,0.8399091230703317,-0.001313143767061807,1.2523755333333335,0.9142911333333332,0.006874818710215485389373385725806554979473606172988931952,-0.00005141644993072874043869635495868622794434764063948476104,0.6420744563274678377423753424849575940822401154701645196,65,0.91429
0.9186242666666664,0.006876714445375752,-5.162809766590924e-05,0.03702074544733015,0.007781772799987531,-0.04480251824731769,0.08182326369464783,0.6426569739816529,13.973429086975587,2.5440100609876666,1.5443738510346825,-0.27886906402965755,2.2651409969580087,0.8388427208420356,-0.001313622401195055,1.2480424000000003,0.9186242666666664,0.006876714445375751889468530780560940825174528240375952792,-0.00005162809766590924239269881517883004993011806539148362917,0.6426569739816528561441246217139539943541036133460658787,65,0.91862
0.9229574,0.006878599255444783,-5.18391263102836e-05,0.03700597213437473,0.00781370699356034,-0.04481967912793507,0.08182565126230981,0.6432382182057765,13.97819065543675,2.542622251118978,1.5460197465893044,-0.2761258130757061,2.2664964380432724,0.8377723057815601,-0.001314101309536046,1.2437092666666667,0.9229574,0.006878599255444783514529357566532233325696799350829685521,-0.0000518391263102836009020050514612934609650670796746736281,0.643238218205776569213375014119410676517418123112017477,65,0.92296
0.9272905333333332,0.00688047283985947,-5.204952889922024e-05,0.036991194762310636,0.007845565131297867,-0.044836759893608504,0.08182795465591915,0.6438181822634073,13.98295706560431,2.5412243505333088,1.5476647427909438,-0.27336946887708613,2.267854881656223,0.8366978722954478,-0.0013145804620284685,1.2393761333333335,0.9272905333333332,0.006880472839859469756965386795474704386840499448297724438,-0.00005204952889922024304639460777441490846024059301361052157,0.6438181822634072121847677826411572558976007966967634649,65,0.92729
0.9316236666666664,0.006882334895978032,-5.225929840395637e-05,0.036976412935394776,0.007877346604784997,-0.044853759540179776,0.08183017247557454,0.6443968593699891,13.987728357014776,2.5398162366819537,1.549308832693155,-0.270599959728912,2.2692162769530415,0.8356194147608608,-0.001315059828408145,1.2350430000000003,0.9316236666666664,0.006882334895978031715842239182522288566214079210191331476,-0.00005225929840395637106927007883031736690471261856729940471,0.6443968593699891359744781017598406660697198443499476639,65,0.93162
0.9359568,0.00688418511906265,-5.246842773104782e-05,0.03696162625596691,0.007909050800262277,-0.04487067705622919,0.0818323033121961,0.6449742426915814,13.992504569222547,2.538397786279041,1.5509520093419076,-0.2678172135412655,2.2705805727377752,0.8345369275245492,-0.0013155393782012933,1.2307098666666667,0.9359568,0.006884185119062649294672240389972956216324045153083213934,-0.00005246842773104781632678836227646715931535283219045084495,0.644974242691581390300166688981290475087985421632000508,65,0.93596
0.9402899333333332,0.006886023202261765,-5.267690972181211e-05,0.0369468343244475,0.007940677098545674,-0.04488751142299317,0.08183434574744068,0.645550325343574,13.997285741793718,2.53696887529486,1.552594265776481,-0.2650211578354984,2.2719477174593616,0.8334504049017865,-0.0013160190807227578,1.2263767333333335,0.9402899333333332,0.006886023202261765113632577396076596033721858517091217265,-0.00005267690972181211273835193324627506300334877865366257039,0.645550325343573991386826277730834301974829422135814544,65,0.94029
0.9446230666666664,0.006887848836592061,-5.2884737151764824e-05,0.036932036739335296,0.007972224874944991,-0.04490426161428029,0.08183629835361558,0.6461251003893819,14.002071914299766,2.5355293789490707,1.554235595030379,-0.2622117197404669,2.2733176592086037,0.8323598411752706,-0.0013164989050742067,1.2220436000000003,0.9446230666666664,0.006887848836592060686392694603034828159772944246119977169,-0.00005288473715176482361258710826123527525625954422951794796,0.6461251003893819177481843239613841294831763560762851087,65,0.94462
0.9489562,0.006889661710920095,-5.3091902730048635e-05,0.036917233097204724,0.008003693499180942,-0.04492092659638566,0.08183815969359039,0.6466985608391155,14.006863126311169,2.534079171703783,1.5558759901322576,-0.25938882598869994,2.274690345715083,0.8312652305939917,-0.0013169788201422956,1.2177104666666667,0.9489562,0.006889661710920095692768047773383046703411567281691585123,-0.00005309190273004863281776176395832890934873074603702327357,0.6466985608391154299398347233020225786049038497568205862,65,0.94896
0.9532893333333332,0.006891461511943605,-5.329839909885523e-05,0.036902422992702966,0.008035082335300805,-0.04493750532800377,0.08183992832070673,0.6472706996482267,14.011659417390886,2.5326181272565176,1.5575154441068724,-0.25655240291249803,2.2760657243440194,0.8301665673720647,-0.0013174587945967984,1.2133773333333335,0.9532893333333332,0.006891461511943605681952915464943691557626109173904683737,-0.00005329839909885523083038559931287270306834007095356283029,0.6472706996482267405040406891826512773337695132706253882,65,0.95329
0.9576224666666664,0.006893247924172453,-5.350421883284002e-05,0.03688760601854686,0.008066390741592714,-0.04495399676013957,0.08184160277868643,0.6478415097161331,14.016460827087771,2.5311461185330297,1.5591539499760436,-0.2537023764399598,2.27744374209307,0.8290638456875249,-0.0013179387968887011,1.2090442000000003,0.9576224666666664,0.006893247924172453320356731351215752112094409932822198662,-0.00005350421883284001872166187130160369373928761640802964678,0.6478415097161330398232004319807347559675557735993722224,65,0.95762
0.9619556,0.006895020629909224,-5.3709354438529135e-05,0.036872781765519475,0.008097618070498474,-0.04497039983601795,0.08184318160153742,0.6484109838848144,14.02126739492985,2.5296630176800075,1.5607915007596396,-0.25083867209093896,2.2788243455890687,0.8279570596810871,-0.0013184187952482627,1.2047110666666667,0.9619556,0.006895020629909223663250029618721621064232968377844710111,-0.00005370935443852913494073279758855293430349310265614574499,0.6484109838848144448503156408821166185852646760997610465,65,0.96196
0.9662887333333332,0.0068967793092294585,-5.3913798353718824e-05,0.03685794982246645,0.008128763668524906,-0.044986713490991356,0.08184466331345781,0.6489791149373868,14.026079160417506,2.5281686960576346,1.5624280894765756,-0.24796121497292806,2.2802074810847066,0.826846203454868,-0.0013188987576830367,1.2003779333333335,0.9662887333333332,0.006896779309229458330663950432245354432097403615015537722,-0.0000539137983537188242287705649299941202077668968995634462,0.6489791149373868572695171462851637588583730652816525657,65,0.96629
0.9706218666666664,0.006898523639961523,-5.411754294686716e-05,0.03684310977629209,0.008159826876153723,-0.04500293665244581,0.08184604642873791,0.6495458955966497,14.030896163016557,2.5266630242320147,1.564063709145836,-0.24506992977686545,2.281593094455149,0.825731271071068,-0.0013193786519758602,1.1960448000000004,0.9706218666666664,0.006898523639961523229501060288432715881101152650190392409,-0.00005411754294686716012852282682896602662734031139866684694,0.6495458955966496959589015418134921188047896053034341246,65,0.97062
0.974955,0.0069002532976660995,-5.4320580516477616e-05,0.03682826121195514,0.008190807027749838,-0.04501906823970498,0.08184732945166012,0.650111318523607,14.035718442151214,2.52514587196746,1.5656983527875115,-0.24216474077286884,2.282981131194591,0.8246122565506143,-0.0013198584456828011,1.1917116666666667,0.974955,0.006900253297666099919194251518389645790160668151300280923,-0.0000543205805164776192020742774360415393925233610927362468,0.6501113185236070387882816757751304769006445549596329392,65,0.97496
0.9792881333333332,0.006901967955615295,-5.4522903290474514e-05,0.03681340371246433,0.008221703451468138,-0.04503510716393247,0.0818485108763968,0.6506753763159622,14.040546037196926,2.523617108218638,1.567332013423856,-0.23924557180589143,2.2843715364127464,0.8234891538717639,-0.0013203381061310702,1.1873785333333335,0.9792881333333332,0.006901967955615295009152541295438603354318437607554951502,-0.00005452290329047451426864626279754359163492372131563047692,0.6506753763159621173748986372602646951152229627125065188,65,0.97929
0.9836212666666664,0.0069036672847713615,-5.472450342557029e-05,0.03679853685887359,0.008252515469158658,-0.04505105232803225,0.08184958918690584,0.651238061506585,14.045378987473116,2.52207660112257,1.5689646840803657,-0.23631234629129722,2.285764254831273,0.8223619569686633,-0.0013208176004168928,1.1830454000000004,0.9836212666666664,0.006903667284771361718769224879943234792717208059944369545,-0.00005472450342557028568201269950461750372424308315089749264,0.6512380615065850854562405376351104585630846332855737219,65,0.98362
0.9879544,0.006905350953765023,-5.4925373006624144e-05,0.036783660230277015,0.008283242396270126,-0.04506690262654714,0.08185056285682416,0.6517993665619526,14.050217332235793,2.520524217990491,1.570596357786875,-0.2333649872103581,2.2871592307801327,0.8212306597298671,-0.0013212968954033411,1.1787122666666667,0.9879544,0.006905350953765023282437697369612639553567273708424867003,-0.00005492537300662414131090299560146075079455578358764952893,0.6517993665619525606659214812488824559861835864822249317,65,0.98795
0.9922875333333332,0.006907018628873392,-5.512550404599204e-05,0.036768773403803544,0.008313883541751844,-0.04508265694555538,0.08185143034935892,0.6523592838805589,14.055061110670042,2.5189598252995506,1.5722270275786725,-0.2304034171056696,2.2885564081938807,0.8200952559968123,-0.0013217759577181265,1.1743791333333335,0.9922875333333332,0.006907018628873392054289613528782016564470646675227262307,-0.00005512550404599203961547917454226625747112950147222748925,0.6523592838805588368246764612434789056753967227748751972,65,0.99229
0.9966206666666664,0.006908669973997478,-5.5324888482868e-05,0.03675387595461127,0.008344438207953893,-0.04509831416256516,0.08185219011717644,0.6529178057912987,14.059910361882405,2.5173832886843672,1.5738566864976415,-0.22742755807648082,2.2899557306078866,0.8189557395622474,-0.0013222547537513497,1.1700460000000004,0.9966206666666664,0.006908669973997477889591018049539515133414565419878064716,-0.0000553248884828680014679243909524537970248215702379454689,0.6529178057912986394944940838072007131926449719042886266,65,0.99662
1.0009538,0.006910304650639275,-5.552351818261623e-05,0.03673896745588155,0.008374905690525599,-0.04511387314640715,0.0818528406022887,0.6534749245518199,14.064765124893112,2.5157944729284267,1.5754853275934162,-0.22443733177394168,2.291357141154485,0.8178121041686156,-0.0013227332496532104,1.1657128666666667,1.0009538,0.0069103046506392750338199020285988226825511247673666918,-0.00005552351818261623315355637036736412148830499114551655126,0.6534749245518198856868944693655591185671617361202227897,65,1.001
1.0052869333333332,0.006911922317878421,-5.572138493609404e-05,0.03672404747881271,0.008405285278312215,-0.04512933275712492,0.08185338023593763,0.6540306323468463,14.06962543862821,2.514193241955319,1.577112943924561,-0.22143265939626391,2.292760582559055,0.8166643435063922,-0.0013232114113316724,1.1613797333333336,1.0052869333333332,0.006911922317878420795512256669031782911342916786330991346,-0.00005572138493609404104862992728395321643506170495639251021,0.6540306323468462943915098590987055061741437601596329551,65,1.0053
1.0096200666666664,0.006913522632348419,-5.591848045896551e-05,0.03670911559261347,0.008435576253249855,-0.04514469184586333,0.0818538074384768,0.6545849212864697,14.074491341911544,2.5125794588198174,1.5787395285597736,-0.21841346168379147,2.294165997136026,0.8155124512123718,-0.0013236892044500858,1.1570466000000004,1.0096200666666664,0.006913522632348418979397135662611545737097011055550530677,-0.00005591848045896550924026060802939763164175165807272842253,0.6545849212864696686966864065728363100636418989011104762,65,1.0096
1.0139532,0.006915105248212417,-5.6114796391005414e-05,0.0366941713644961,0.008465777890258527,-0.045159949254754625,0.08185412061925072,0.6551377834044103,14.079362873456622,2.5109529856987893,1.5803650745791062,-0.21537965891398334,2.295573326784806,0.8143564208679075,-0.0013241665944247656,1.1527134666666667,1.0139532,0.00691510524821241681899769207078407033673093650183688633,-0.00005611479639100541343781501881346531075471009517338489411,0.6551377834044102674737653795956320338193871967855473897,65,1.014
1.0182863333333332,0.006916669817138528,-5.6310324295393336e-05,0.03667921435966911,0.008495889457133326,-0.04517510381680244,0.08185431817647155,0.6556892106562451,14.084240071858328,2.5093136838819428,1.5819895750752113,-0.21233117089630477,2.2969825129856383,0.8131962459970994,-0.0013246435464225228,1.1483803333333336,1.0182863333333332,0.00691666981713852805686455956110637420845728514477342523,-0.00005631032429539333670650544962437291162099338449036048307,0.6556892106562450585158655657767000468439304920827958301,65,1.0183
1.0226194666666664,0.006918215988274695,-5.650505565799794e-05,0.036664244141329766,0.008525910214433701,-0.04519015435576347,0.08185439849709324,0.6562391949176036,14.089122975584509,2.5076614137623996,1.5836130231546095,-0.20926791696702265,2.2983934967953767,0.8120319200649303,-0.001325120025358152,1.1440472000000004,1.0226194666666664,0.006918215988274694497632737516327616700022680013660146342,-0.00005650505565799794280143143326979359086219574294975732656,0.656239194917603617451958091506768154422981205703797199,65,1.0226
1.0269526,0.006919743408223074,-5.669898188665087e-05,0.036649260270656146,0.008555839415370768,-0.04520509968602691,0.08185435995668305,0.6567877279823301,14.094011622967416,2.5059960348270933,1.5852354119389802,-0.20618981598390823,2.2998062188431847,0.810863436475349,-0.0013255959958918687,1.1397140666666667,1.0269526,0.006919743408223074236480676429962905497419083823368779247,-0.00005669898188665087041251408835258824329292432583178765416,0.656787727982330043044358437725063454455559517632882385,65,1.027
1.0312857333333332,0.006921251721013949,-5.68920943104102e-05,0.03663426230679888,0.0085856763056926,-0.04521993861249148,0.08185420091929035,0.6573348015606106,14.098906052195014,2.5043174056469915,1.5868567345664755,-0.2030967863208425,2.301220619326149,0.8096907885692991,-0.0013260714224267013,1.1353809333333336,1.0312857333333332,0.006921251721013948529299998491252912689531514818856584912,-0.00005689209431041019771714879161458298213377059729177558653,0.6573348015606106212153517379460305287807215509551271437,65,1.0313
1.0356188666666664,0.0069227405680791386,-5.7084384178813414e-05,0.036619249806872575,0.008615420123567514,-0.045234669930440084,0.08185391973731265,0.657880407277067,14.103806301302122,2.5026253838671355,1.5884769841930586,-0.19998874586232016,2.3026366380048153,0.8085139696226916,-0.0013265462691058316,1.1310478000000002,1.0356188666666664,0.006922740568079138922711973032267951747983915734637474827,-0.00005708438417881341632347886149815050117276635247596007574,0.6578804072770669407410437799335864601051254446685682753,65,1.0356
1.039952,0.0069242095882249225,-5.7275842661119366e-05,0.0366042223259468,0.008645070099465238,-0.045249292425412035,0.08185351475135884,0.6584245366688127,14.108712408161436,2.500919826196494,1.5900961539938656,-0.19686561199785513,2.304054214198639,0.8073329728443204,-0.0013270204998098876,1.1267146666666668,1.039952,0.00692420958822492226034600821037276026024288955734831011,-0.00005727584266111936682198741044429303374051377149952404445,0.6584245366688127789437378714087317996751569061407009675,65,1.04
1.0442851333333332,0.006925658417604435,-5.7466460845539066e-05,0.03658917941703678,0.008674625456035949,-0.04526380487307273,0.08185298429010951,0.6589671811834744,14.113624410474372,2.499200588397629,1.5917142371645914,-0.193727301616283,2.3054732867813463,0.8061477913737193,-0.001327494078154183,1.1223815333333336,1.0442851333333332,0.006925658417604434790738936425922009519270706820451794492,-0.00005746646084553906792901281248494532386924960416055125744,0.658967181183474424921619021293125328320714101816705315,65,1.0443
1.0486182666666664,0.006927086689689556,-5.765622973845536e-05,0.03657412063109364,0.008704085407987167,-0.04527820603908081,0.08185232667017445,0.6595083321771741,14.118542345761778,2.4974675252761687,1.5933312269229027,-0.19057373109995573,2.306893794176213,0.8049584182789586,-0.0013279669674859053,1.1180484000000002,1.0486182666666664,0.006927086689689556226868187620722850883066525864516740785,-0.00005765622973845536028676305943127461047580223920920426083,0.6595083321771740764283206271450159913009137779158060279,65,1.0486
1.0529514,0.006928494035242261,-5.784514026363081e-05,0.03655904551699431,0.00873344916195838,-0.04529249467895269,0.081851540195947,0.6600479809124745,14.12346625135447,2.4957204906700827,1.594947116509874,-0.1874048163188321,2.3083156743512507,0.8037648465543802,-0.0013284391308812525,1.1137152666666668,1.0529514,0.006928494035242260732645313019794060364002263836071942809,-0.00005784514026363080487734352314024232867265589580469158498,0.6600479809124745710186675205374911325779791984163231089,65,1.053
1.0572845333333332,0.006929880082285425,-5.803318326140375e-05,0.03654395362153101,0.008762715916393413,-0.04530666953792442,0.08185062315945543,0.660586118556285,14.128396164383624,2.4939593374387616,1.5965618991914503,-0.18422047262445823,2.309738864814303,0.8025670691182699,-0.0013289105311425117,1.1093821333333336,1.0572845333333332,0.006929880082285425255958909701606576800237036778901941979,-0.00005803318326140374921887976081552262150753760689049002747,0.6605861185562850483800542000881255601028518135854313785,65,1.0573
1.0616176666666663,0.006931244456073085,-5.822034948787246e-05,0.03652884448940036,0.008791884861410497,-0.04532072935081086,0.08184957384021121,0.6611227361777271,14.13333212177099,2.4921839174518827,1.5981755682599372,-0.1810206148438346,2.311163302608048,0.801365078810464,-0.001329381130795087,1.1050490000000004,1.0616176666666663,0.006931244456073085191915574561709628631860372570935376255,-0.00005822034948787245863026587621197766106520114724936385954,0.6611227361777270947552192075623399872974003048599763605,65,1.0616
1.0659508,0.006932586779060124,-5.840662961406677e-05,0.03651371766319204,0.008820955178669924,-0.04533467284186196,0.08184839050505399,0.6616578247459597,14.138274160218959,2.490394081578077,1.599788117035516,-0.17780515727317092,2.312588924304906,0.8001588683898906,-0.0013298508920844662,1.1007158666666668,1.0659508,0.006932586779060123868253366563321509169550828678140161792,-0.00005840662961406676913245736319362119624955703192268606314,0.6616578247459596528965798774665674660081159489900060402,65,1.066
1.0702839333333332,0.006933906670871385,-5.8592014225107065e-05,0.03649857268337704,0.008849926041239296,-0.04534849872461634,0.08184707140799338,0.662191375127962,14.143222316200431,2.4885896796733764,1.6013995388677864,-0.1745740136715261,2.3140156660018505,0.7989484305320425,-0.001330319776973134,1.0963827333333334,1.0702839333333332,0.006933906670871384739638229397106708074517674915289434119,-0.00005859201422510706430602078966563646092414205872950655486,0.6621913751279619577276878131060190568569140093035950167,65,1.0703
1.0746170666666663,0.006935203748270197,-5.8776493819350606e-05,0.03648340908829555,0.008878796613456304,-0.045362205701751854,0.08184561479004741,0.6627233780862744,14.148176625948544,2.4867705605694463,1.6030098271373387,-0.17132709725432588,2.3154434633151206,0.7977337578263797,-0.0013307877471374233,1.0920496000000004,1.0746170666666663,0.006935203748270196460498911455464191501564843269659806832,-0.0000587764938193506032158543149723504073168572301224544399,0.662723378086274402053649911936349812576245316604617445,65,1.0746
1.0789502,0.006936477625126295,-5.896005880752449e-05,0.03646822641414427,0.008907566050788955,-0.04537579246493322,0.08184401887907748,0.6632538242766951,14.153137125446202,2.4849365720615944,1.6046189752573512,-0.1680643206867621,2.316872251374832,0.7965148427736614,-0.0013312547639643074,1.0877164666666668,1.0789502,0.006936477625126295454658633539279900959333920219726045602,-0.00005896005880752448972208821132467427277683531550634567815,0.6632538242766951117601300300856416964427673595472663567,65,1.079
1.0832833333333332,0.006937727912383135,-5.9142699511845153e-05,0.036453024194963386,0.008936233499693198,-0.045389257694656585,0.08184228188961998,0.6637827042459317,14.158103850415438,2.4830875608965552,1.6062269766752182,-0.16478559607706986,2.3183019648194856,0.7952916777832044,-0.0013317207885481322,1.0833833333333334,1.0832833333333332,0.006937727912383134602018797050762052354367815297127116858,-0.00005914269951184515525406668120482867306220727107019125385,0.663782704245931668445302057871039404966158835690530827,65,1.0833
1.0876164666666663,0.006938954218024567,-5.932440616512433e-05,0.0364378019626231,0.008964798097467938,-0.04540260006009104,0.08184040202271414,0.6643100084292077,14.163076836306578,2.4812233727600415,1.6078338248742068,-0.16149083496967395,2.319732537790368,0.7940642551700663,-0.0013321857816872822,1.0790502000000004,1.0876164666666663,0.00693895421802456695039830148782718480382662060676776535,-0.0000593244061651243270654256780100790905044351173605409762,0.6643100084292077067598008539256563451539737272386296865,65,1.0876
1.0919496,0.006940156147040888,-5.950516890986076e-05,0.03642255924680957,0.008993258972107305,-0.045415818218916874,0.08183837746572645,0.6648357271478221,14.16805611828724,2.479343852264059,1.609439513375143,-0.15817994833821034,2.3211639039258487,0.7928325671521504,-0.0013326497038807876,1.0747170666666668,1.0919496,0.006940156147040888300726394452319728244497994309875577514,-0.00005950516890986076174715407854456985970898379323682362297,0.6648357271478221033836297607864978639928276973087497603,65,1.0919
1.0962827333333331,0.0069413333013942265,-5.968497779731759e-05,0.03640729557501051,0.00902161524215015,-0.04542891081716066,0.08183620639217118,0.6653598506066601,14.173041731231125,2.477448842933982,1.6110440357381268,-0.15485284657841666,2.3225959963555654,0.791596605847235,-0.001333112515324861,1.0703839333333336,1.0962827333333331,0.00694133330139422621917287840349492427727921794288795096,-0.00005968497779731758807285048720469021054395304555001839321,0.6653598506066600914799725494748061482509643526725377361,65,1.0963
1.1006158666666663,0.006942485279983263,-5.9863822786585235e-05,0.03639201047250021,0.009049866016526752,-0.04544187648902696,0.08183388696152717,0.665882368891656,14.178033709706622,2.475538187195381,1.6126473855642824,-0.15150943950088416,2.324028747694497,0.7903563632699173,-0.0013335741759093705,1.0660508000000004,1.1006158666666663,0.006942485279983263448557847038351082220532176414892605819,-0.00005986382278658523367813441746351261343346453639036919788,0.6658823688916560144370875169980324807468882951901081911,65,1.1006
1.104949,0.006943611678607278,-6.004169374362911e-05,0.03637670346232408,0.00907801039440257,-0.04545471385672665,0.08183141731905072,0.6664032719672051,14.183032087965213,2.4736117263605992,1.614249556497533,-0.1481496363236769,2.3254620900369223,0.7891118313284778,-0.001334034645214244,1.0617176666666666,1.104949,0.006943611678607278118828077015189979050135285128959742958,-0.00006004169374362911181407973243764148001748940848569499128,0.6664032719672050990149156539339444844134181990095468251,65,1.1049
1.1092821333333331,0.006944712089929488,-6.021858044032203e-05,0.03636137406528272,0.009106047465019057,-0.045467421530301776,0.0818287955955845,0.6669225496735239,14.188036899929678,2.4716693006150714,1.6158505422264118,-0.14477334566481043,2.326895954950261,0.7878630018216584,-0.0013344938825058034,1.0573845333333336,1.1092821333333331,0.006944712089929488117844537544352028911738725829950951064,-0.00006021858044032203125305650871116994114367239735928412134,0.6669225496735239037529572031272781902127131151968801961,65,1.1093
1.1136152666666663,0.0069457861034396854,-6.039447255346113e-05,0.036346021799915404,0.009133976307531462,-0.04547999810744687,0.08182601990736227,0.6674401917239586,14.193048179182096,2.4697107490033834,1.6174503364859054,-0.1413804755345838,2.3283302734687994,0.7866098664353519,-0.001334951846733028,1.0530514000000004,1.1136152666666663,0.006945786103439685417064910440332885073783364044725454816,-0.00006039447255346112986136774527543533587162354601056473336,0.6674401917239586258083859132724832833685272031083264315,65,1.1136
1.1179484,0.006946833305416142,-6.056935966376858e-05,0.036330646182483085,0.009161795990843493,-0.045492442173326576,0.08182308835580966,0.6679561877022389,14.198065958951634,2.4677359094150564,1.6190489330593276,-0.13797093332776988,2.3297649760872865,0.7853524167392039,-0.0013354084965237446,1.0487182666666666,1.1179484,0.006946833305416142379338433683215137968661240124181223456,-0.00006056935966376857787202104377021480452594949125750113638,0.66795618770223880998250745158139025257459228162254811,65,1.1179
1.1222815333333331,0.006947853278886776,-6.074323125487596e-05,0.03631524672695081,0.009189505573438807,-0.04550475230038961,0.08181999902734043,0.6684705270596759,14.20309027210212,2.465744618570068,1.6206463257802275,-0.13454462581565552,2.3311999927544127,0.7840906441831224,-0.0013358637901807453,1.0443851333333336,1.1222815333333331,0.006947853278886775921526543965712777731506412970619298913,-0.00006074323125487595449103346486453330256190730439891848947,0.6684705270596759168843384121605709523407634682747696198,65,1.1223
1.1266146666666663,0.006948845603589554,-6.0916076712292074e-05,0.036299822944969584,0.009217104103209304,-0.04551692704817889,0.08181674999314847,0.6689831991123059,14.208121151119409,2.463736712004082,1.6222425085343335,-0.13110145913792592,2.3326352528661563,0.7828245400936916,-0.0013363176856778266,1.0400520000000004,1.1266146666666663,0.006948845603589554067244171798556937815708570698823013408,-0.00006091607671229207331006553934564244340934727828179465954,0.6689831991123058312724630512456847703764967820028882318,65,1.1266
1.1309478,0.006949809855932126,-6.108788532235348e-05,0.03628437434585771,0.009244590617280026,-0.04552896496313774,0.08181333930899545,0.6694941930379728,14.213158628098519,2.4617120240533996,1.6238374752615297,-0.1276413387943972,2.3340706852590025,0.7815540956704918,-0.0013367701406557537,1.0357188666666666,1.1309478,0.006949809855932125843325197760624318456805838793834434164,-0.00006108788532235348193244570095409322188833214080004809014,0.6694941930379727518390689572106841479853558556241667149,65,1.1309
1.1352809333333331,0.006950745608950659,-6.125864627115751e-05,0.03626890043658147,0.009271964141830695,-0.045540864578412166,0.08180976501499364,0.6700034978733538,14.218202734730538,2.4596703878396164,1.6254312199578669,-0.12416416963658941,2.3355062182030273,0.7802793019823185,-0.0013372211124181431,1.0313857333333336,1.1352809333333331,0.006950745608950658985876158240220509528071452291149088593,-0.00006125864627115750687594538796415014196568888728418967955,0.6700034978733537948621773167420474423662375832428564525,65,1.1353
1.1396140666666663,0.006951652432267868,-6.142834864347758e-05,0.036253400721735225,0.009299223691913777,-0.045552624413649004,0.08180602513538424,0.6705111025109233,14.223253502289309,2.4576116352539796,1.627023736677613,-0.1206698558591328,2.336941779394847,0.7790001499632997,-0.0013376705579272667,1.0270526000000004,1.1396140666666663,0.006951652432267868583050494323629831807384900051190644028,-0.00006142834864347758739050491379593424034488620854769278839,0.6705111025109232671723820050555495168340987311625950835,65,1.1396
1.1439472,0.0069525298920502165,-6.15969814216601e-05,0.03623787470352096,0.009326368271268952,-0.04556424297478991,0.08180211767831087,0.6710169956958539,14.228310961617881,2.4555355969414396,1.6286150195353362,-0.1171583009910124,2.338377295950427,0.7777166304089098,-0.0013381184337997703,1.0227194666666666,1.1439472,0.0069525298920502164219264591348892342859661373961532714,-0.00006159698142166010059391346740061020166106864766338353482,0.671016995695853935807453917504981501191048549953890811,65,1.1439
1.1482803333333331,0.006953377550964264,-6.176453348450252e-05,0.0362223218817271,0.009353396872133941,-0.045575718753861044,0.08179804063558814,0.6715211660228545,14.233375143114712,2.453442102284392,1.6302050627080265,-0.11362940788664176,2.33981269439775,0.7764287339718774,-0.00133856469630231,1.0183863333333336,1.1482803333333331,0.006953377550964263967619684902588812709031296899986407997,-0.00006176453348450251359742102438710704789057139471352911103,0.671521166022854490073683651028967154756328182266891309,65,1.1483
1.1526134666666663,0.006954194968132161,-6.193099360611257e-05,0.03620674175370677,0.009380308475051636,-0.045587050228758405,0.08179379198246517,0.672023601932942,14.238446076719631,2.4513309793860962,1.6317938604372562,-0.11008307871675913,2.3412479006693374,0.7751364511579809,-0.001339009301347101,1.0140532000000004,1.1526134666666663,0.006954194968132160560346342769823682573085876095556686649,-0.0000619309936061125715605641633296922729749083933142373033,0.6720236019329420132766873405762539629330394673929158326,65,1.1526
1.1569466,0.006954981699086245,-6.20963504547477e-05,0.03619113381435533,0.009407102048673349,-0.04559823586302868,0.08178936967738401,0.6725242917101467,14.24352379189956,2.449202055053772,1.6333814070313768,-0.10651921495915036,2.3426828400946214,0.7738397723217341,-0.0013394522044873772,1.0097200666666666,1.1569466,0.006954981699086245285805461152860109970641690889166071844,-0.00006209635045474769841849842057785951738657560273482847227,0.672524291710146664856027153163382669093526041538523756,65,1.1569
1.1612797333333331,0.006955737295722744,-6.22605925916344e-05,0.03617549755608728,0.009433776549558173,-0.045609274105645456,0.08178477166173274,0.6730232234781476,14.248608317633977,2.4470551547813573,1.6349676968677564,-0.10293771738918948,2.3441174373921676,0.7725386876619558,-0.001339893360912761,1.0053869333333336,1.1612797333333331,0.006955737295722743764336655180051871298799755116569407347,-0.0000622605925916344074419928751970108197763487612520848116,0.673023223478147618327455626186464048545976605434684005,65,1.1613
1.1656128666666663,0.00695646130625454,-6.24237084697674e-05,0.03615983246881245,0.009460330921968341,-0.045620163390780795,0.08177999585959325,0.6735203851968389,14.25369968240011,2.444890102731931,1.6365527243950566,-0.09933848607018943,2.3455516166617416,0.7712331872172197,-0.0013403327254445409,1.0010538000000004,1.1656128666666663,0.006956461306254539755328051888406634567493452640751040835,-0.00006242370846976739269671082286454291081876037880791291531,0.6735203851968389200409957222333080017939502381877912952,65,1.1656
1.169946,0.006957153275162999,-6.258568643268745e-05,0.036144138039911455,0.009486764097660458,-0.04563090213757192,0.08177504017748337,0.6740157646588223,14.25879791415789,2.4427067217197793,1.6381364841355497,-0.09572142034356736,2.346985301376212,0.7699232608611842,-0.0013407702525308532,0.9967206666666667,1.169946,0.006957153275162998579574161082603651530287369811393757881,-0.00006258568643268744951675869928299394047275825832111912278,0.6740157646588223285691860371385610547159465547735307617,65,1.1699
1.1742791333333331,0.006957812743148822,-6.274651471323799e-05,0.036128413754210484,0.009513074995672513,-0.045641488749883,0.08176990250409348,0.674509349485826,14.263903040334618,2.4405048331921115,1.6397189706874764,-0.0920864188188147,2.348418414373297,0.7686088982977985,-0.0013412058962417683,0.9923875333333335,1.1742791333333331,0.006957812743148821761605298350977750034552065952028308388,-0.00006274651471323797918433817987095599929894610731982385157,0.6745093494858260145929082195478723453921126660446969964,65,1.1743
1.1786122666666663,0.006958439247081911,-6.290618143229971e-05,0.03611265909395526,0.009539262522106618,-0.04565192161606188,0.08176458071001715,0.6750011271250477,14.269015087809366,2.4382842572104044,1.6413001787274477,-0.08843337936326454,2.34985087784714,0.7672900890563775,-0.0013416396102642763,0.9880544000000003,1.1786122666666663,0.00695843924708191093498888658113380393201629686354263501,-0.0000629061814322997074877467155826601189372736307103169877,0.6750011271250476182866795217502894139072891117086771374,65,1.1786
1.1829454,0.006959032319950216,-6.306467459750273e-05,0.036096873538784324,0.009565325569907294,-0.04566219910869162,0.08175907264747595,0.6754910848454185,14.2741340828971,2.4360448124313763,1.6428801030128868,-0.08476219909165998,2.351282613339716,0.7659668224865487,-0.0013420713478971725,0.9837212666666667,1.1829454,0.006959032319950216403210478885350195860476825421599787804,-0.00006306467459750273332286182584629557260423881106300931144,0.6754910848454185670768416051855069431485218431406503284,65,1.1829
1.187278533333333,0.006959591490807548,-6.322198210191562e-05,0.03608105656570146,0.009591263018635237,-0.0456723195843367,0.08175337615003817,0.6759792097337883,14.27926005133252,2.43378631608758,1.6444587383845162,-0.08107277435551373,2.3527135417320664,0.7646390877530639,-0.0013425010620458373,0.9793881333333336,1.187278533333333,0.006959591490807547723624728687965662078505777874936150567,-0.00006322198210191561311036059122709479377277365748153744227,0.6759792097337883398070581780146177242988194768971669665,65,1.1873
1.1916116666666663,0.0069601162847203225,-6.33780917227111e-05,0.03606520764904734,0.00961707373423646,-0.0456822813832838,0.08174748903233114,0.6764654886910271,14.284393018253596,2.4315085839675983,1.6460360797688884,-0.07736500073225003,2.354143583235348,0.7633068738304709,-0.0013429287052169128,0.9750550000000003,1.1916116666666663,0.006960116284720322408829821391511498444185798202136142646,-0.00006337809172271109070880810270764846458223341766212719323,0.6764654886910270673513007298349589068723626610459607065,65,1.1916
1.1959448,0.006960606222713226,-6.353299111980748e-05,0.03604932626047035,0.009642756568806664,-0.04569208282927702,0.08174140908974736,0.6769499084280429,14.28953300818484,2.4292114303958434,1.6476121221809619,-0.07363877301413459,2.355572657381709,0.7619701694976456,-0.0013433542295128674,0.9707218666666667,1.1959448,0.006960606222713226088903865028467654114019321072569987905,-0.0000635329911198074773708813355452627899312965243082924611,0.6769499084280429614900151084201722272531026262511349116,65,1.1959
1.200277933333333,0.006961060821713759,-6.368666783448547e-05,0.03603341186889658,0.009668310360350728,-0.04570172222924731,0.0817351340981439,0.6774324554617135,14.294680045020245,2.4268946682119474,1.6491868607267222,-0.06989398519697874,2.3570006830149683,0.7606289633321778,-0.0013437775866264514,0.9663887333333336,1.200277933333333,0.006961060821713759721530421466736264942055330073314844037,-0.00006368666783448546411496104610583638977038640430188893109,0.6774324554617134500172402397261199628021335970890569221,65,1.2003
1.2046110666666663,0.006961479594495648,-6.38391092879798e-05,0.03601746394049889,0.00969373393253724,-0.045711197873036125,0.08172866181353501,0.6779131161107278,14.29983415200594,2.424558108749725,1.650760290605851,-0.06613053046861209,2.358427578281113,0.7592832437046062,-0.001344198727835037,0.9620556000000003,1.2046110666666663,0.006961479594495647249655091026882523865897780777357336298,-0.00006383910928797979935887524661606535622484977447088892876,0.677913116110727808183955919695882035181900687613033245,65,1.2046
1.2089442,0.0069618620496210756,-6.399030278004488e-05,0.03600148193866512,0.009719026094447858,-0.04572050803311298,0.0817219899717781,0.6783918764913378,14.304995351722525,2.422201561815716,1.652332407114441,-0.06234830119712645,2.3598532606185896,0.7579329987725031,-0.001344617603994843,0.9577224666666667,1.2089442,0.006961862049621075379556365201181187561103267212165552529,-0.00006399030278004487423859082546539181242497871042470714507,0.6783918764913378219307325959770250521860775995586809137,65,1.2089
1.213277333333333,0.006962207691381738,-6.414023548749392e-05,0.03598546532396544,0.00974418564032144,-0.045729650964286876,0.08171511628825232,0.678868722513015,14.310163666067078,2.419824835667281,1.65390320564776,-0.058547188918878106,2.3612776467484027,0.7565782164743994,-0.001345034165535039,0.9533893333333336,1.213277333333333,0.006962207691381738454075241501579153794811015477452481656,-0.00006414023548749391500080186360685188607582757295365403217,0.6788687225130150545487930774473537775387530698365406697,65,1.2133
1.2176104666666663,0.00696251601973866,-6.428889446271117e-05,0.03596941355411861,0.009769211349292808,-0.045738624903411414,0.08170803845753002,0.6793436398740123,14.315339116234862,2.417427736990246,1.6554726817030654,-0.05472708432624146,2.362700652664005,0.7552188845235478,-0.0013454483624517268,0.9490562000000003,1.2176104666666663,0.006962516019738659433315169750188774483082248288372552275,-0.00006428889446271116675284786602359337967066487403664016263,0.6793436398740122939040428021786050405446531115789447828,65,1.2176
1.2219436,0.006962786530260757,-6.443626663213607e-05,0.035953326083957425,0.009794101985125946,-0.04574742806908337,0.08170075415304079,0.6798166140568255,14.320521722700681,2.4150100708760904,1.6570408308824653,-0.05088787725511698,2.3641221936209735,0.7538549904015224,-0.0013458601443017985,0.9447230666666667,1.2219436,0.006962786530260756451403530521115870366606501389790122298,-0.00006443626663213606652515721223461488869120675649601802277,0.679816614056825497719858065074401089121749471268349984,65,1.2219
1.226276733333333,0.006963018714062125,-6.458233879471904e-05,0.035937202365393085,0.009818856295941557,-0.04575605866133464,0.08169326102672773,0.6802876303235545,14.325711505199909,2.412571640798656,1.6586076488958341,-0.04702945667217942,2.3655421841264768,0.7524865213516463,-0.0013462694601966637,0.9403899333333336,1.226276733333333,0.00696301871406212516566530411273498381867561225977252658,-0.00006458233879471904258134078792783095085639158816419672668,0.68028763032355455752651579404507505929820381713902296,65,1.2263
1.2306098666666663,0.006963212057738005,-6.472709762034827e-05,0.035921041847378564,0.009843473013938817,-0.04576451486131738,0.08168555670869594,0.6807566737111602,14.330908482709171,2.4101122485903748,1.6601731315637784,-0.04315171066185927,2.3669605379285157,0.7511134643722439,-0.0013466762587958465,0.9360568000000004,1.2306098666666663,0.00696321205773800525695561966165391492284048998929314119,-0.00006472709762034826664668055521922733667315035971679518176,0.6807566737111602090093531489947905712234944526886677013,65,1.2306
1.234943,0.006963366043299398,-6.48705296482463e-05,0.03590484397587091,0.009867950855111137,-0.045772794830982046,0.08167763880685296,0.6812237290266132,14.336112673426683,2.4076316944179976,1.661737274820655,-0.03925452641305959,2.368377168004938,0.749735806209716,-0.0013470804883004468,0.9317236666666666,1.234943,0.006963366043299398095760365188574697370696437431387604848,-0.00006487052964824630728299566254179681431320783074710304077,0.6812237290266131625333614522096318446673052746315393214,65,1.2349
1.239276133333333,0.006963480148106303,-6.501262128533625e-05,0.03588860819379254,0.009892288518955815,-0.045780896712748355,0.0816695049065409,0.6816887808419335,14.341324094752226,2.405129776757817,1.6633000747176439,-0.03533779020559382,2.3697919865522232,0.7483535333514288,-0.0013474820964464644,0.9273905333333337,1.239276133333333,0.00696348014810630275271373694715742881380302287142988535,-0.00006501262128533625291398315435540567371577026615699943047,0.6816887808419334960287717512082996543933455250184834894,65,1.2393
1.2436092666666663,0.006963553844799536,-6.515335880457656e-05,0.035872333940991326,0.009916484688177438,-0.04578881862916876,0.08166115257016009,0.6821518134891174,14.346542763266763,2.4026062923703657,1.6648615274258758,-0.03140138739633662,2.371204904974029,0.7469666320184131,-0.0013478810304979813,0.9230574000000004,1.2436092666666663,0.006963553844799535776943648483695605968044375712194412674,-0.00006515335880457656756841650258933183644335060912671563551,0.6821518134891173602741820831092769745293520925599100145,65,1.2436
1.2479424,0.006963586601231099,-6.529272834326357e-05,0.03585602065419961,0.009940538028384793,-0.0457965586825844,0.081652579336784,0.6826128110549468,14.351768694711689,2.4000610362745816,1.6664216292396148,-0.02744520240508974,2.372615833869492,0.7455750881578712,-0.0013482772372401975,0.9187242666666666,1.2479424,0.006963586601231099021784468549075825103317456305983098323,-0.00006529272834326357192385083601308036795139614077322026931,0.682612811054946797510337678784457553063751903744763341,65,1.2479
1.252275533333333,0.006963577880393059,-6.543071590130104e-05,0.035839667766992045,0.009964447187781188,-0.04580411495477323,0.08164378272176527,0.6830717573756804,14.357001903967697,2.3974938017214256,1.6679803765794967,-0.02346911870014756,2.374024683021278,0.7441788874354833,-0.0013486706629723198,0.9143911333333337,1.252275533333333,0.00696357788039305934618650545716236630747114370223159654,-0.00006543071590130104304426213479402686674974680335781858263,0.683071757375680406205114681804204215983326760395914513,65,1.2523
1.2566086666666663,0.006963527140344902,-6.556730733943613e-05,0.03582327470974222,0.009988210796847984,-0.0458114855065902,0.08163476021633242,0.6835286360316216,14.362242405033271,2.3949043801669356,1.6695377659958281,-0.019473018783553765,2.375431361383382,0.7427780152275076,-0.0013490612535002964,0.9100580000000004,1.2566086666666663,0.006963527140344902363566687829857203589736779270499518559,-0.00006556730733943612555816513822456899394366139570717087695,0.6835286360316215923137303837359690429304864952842972359,65,1.2566
1.2609418,0.006963433834139322,-6.570248837746038e-05,0.03580684090957803,0.010011827468021147,-0.04581866837759918,0.08162550928717721,0.68398343034156,14.367490211002774,2.392292561244707,1.6710937941719413,-0.015456784176050705,2.3768357770686563,0.7413724566126719,-0.001349448954129397,0.9057248666666666,1.2609418,0.006963433834139321465711176067649045527895239615724126566,-0.0000657024883774603845467613635199079708340498582899080013,0.6839834303415599021346972205588132787043662285933524382,65,1.2609
1.265274933333333,0.006963297409746402,-6.583624459237542e-05,0.035790365790335836,0.010035295795360628,-0.04582566158569647,0.0816160273760323,0.6844361233570828,14.37274533404415,2.3896581327377797,1.6726484579276086,-0.011420295401705078,2.3782378373360746,0.7399621963638481,-0.0013498337096566303,0.9013917333333337,1.265274933333333,0.006963297409746402249200538664664411843440518227944820035,-0.00006583624459237541094664185328591963571414225299167183862,0.6844361233570828252056085056533507289841140461115299583,65,1.2653
1.2696080666666663,0.006963117309976161,-6.596856141652209e-05,0.035773848772513224,0.010058614354212429,-0.04583246312672565,0.08160631189923888,0.6848866978567545,14.37800778537622,2.387000880549921,1.674201754222522,-0.007363431972200949,2.37963744857772,0.7385472189395029,-0.0013502154643629974,0.8970586000000004,1.2696080666666663,0.006963117309976160908714881425169655064199833077026221073,-0.00006596856141652209434783788964183616180147368255405458257,0.6848866978567544616396267560901850926130036604275683532,65,1.2696
1.2739411999999999,0.0069628929723993946,-6.609942413567232e-05,0.0357572892732205,0.010081781700863065,-0.045839070974083566,0.08159636024730406,0.6853351363401562,14.383277575245552,2.384320588676288,1.6757536801598283,-0.0032860723708008754,2.381034516305487,0.7371275084749236,-0.0013505941620055783,0.8927254666666667,1.2739411999999999,0.006962892972399394420907644787535664340372271062543346634,-0.00006609942413567232061787828902298322614454530977643174796,0.6853351363401561954194673466405287033964533907156631644,65,1.2739
1.278274333333333,0.006962623829266799,-6.622881788708243e-05,0.035740686706130766,0.010104796372186305,-0.045845483078317074,0.08158616978444784,0.6857814210217864,14.38855471290293,2.381617039173449,1.6773042329897319,0.0008119059640425499,2.3824289451374914,0.7357030487732065,-0.0013509697458094427,0.8883923333333337,1.278274333333333,0.006962623829266798511822577853218052003795610303521576519,-0.00006622881788708243520168886498861677578873768354294312307,0.6857814210217864502926405856441829763892277723092882993,65,1.2783
1.2826074666666663,0.006962309307426308,-6.635672765750744e-05,0.03572404048142858,0.01012765688528193,-0.04585169736671051,0.0815757378481391,0.6862255338248153,14.393839206579376,2.378890012128754,1.6788534101131607,0.004930626655432686,2.383820638784187,0.734273823296005,-0.0013513421584593838,0.8840592000000004,1.2826074666666663,0.006962309307426308083658608478229903995910525972865800654,-0.00006635672765750743755743992561992238473296714277335253154,0.68622553382481531877067107901868427299153090809475648,65,1.2826
1.2869405999999999,0.006961948828238614,-6.648313828117469e-05,0.03570735000575711,0.010150361737106301,-0.04585771174286341,0.08156506174862052,0.6866674563746892,14.399131063461743,2.376139285629034,1.6804012090854967,0.009070214405135507,2.3852095000341693,0.732839815154031,-0.001351711342091471,0.8797260666666668,1.2869405999999999,0.006961948828238613914530326379153422502593954089651088869,-0.00006648313828117469103769087938885799014063721091646164413,0.6866674563746891814507271267691563035881520729585627672,65,1.2869
1.291273733333333,0.006961541807490808,-6.660803443771628e-05,0.03569061468216384,0.010172909404094507,-0.04586352408625835,0.0815541387684222,0.6871071699925816,14.40443028966787,2.373364635728608,1.6819476276203722,0.01323079501106231,2.3865954307396704,0.731401007097301,-0.0013520772382844132,0.8753929333333337,1.291273733333333,0.006961541807490807263413588036121028602010660649378995334,-0.0000666080344377162828295384620331526641398640570271277699,0.6871071699925816017397077573971450244855551738712746144,65,1.2913
1.2956068666666662,0.006961087655308102,-6.673140065005897e-05,0.035673833910044674,0.010195298341773879,-0.04586913225181855,0.08154296616186323,0.6875446556886861,14.409736890221264,2.3705658364165862,1.6834926635935368,0.017412495385139205,2.3879783318017256,0.7299573815051208,-0.0013524397880507316,0.8710598000000005,1.2956068666666662,0.006961087655308102553731220404104174428389254820335363479,-0.00006673140065005896589790392328929404049021331661994454531,0.6875446556886860625167098446222194998799266626174624169,65,1.2956
1.2999399999999999,0.0069605857760635876,-6.685322128227037e-05,0.035657007085086435,0.010217526984368584,-0.04587453406945502,0.08153154115454146,0.6879798941553452,14.41505086902535,2.3677426595834468,1.6850363150467895,0.02161544357156731,2.389358103155014,0.7285089203758013,-0.0013527989318277357,0.8667266666666668,1.2999399999999999,0.006960585776063587532663873011877486045411269343116643421,-0.00006685322128227037456406711930784240822015778648660493343,0.6879798941553452208058527793984719003298528512840398976,65,1.2999
1.304273133333333,0.006960035568285948,-6.697348053736048e-05,0.035640133599207764,0.0102395937443951,-0.045879727343602864,0.08151986094281063,0.6884128657600123,14.420372228837213,2.3648948749868666,1.6865785801919841,0.025839768765488158,2.3907346437523547,0.727055605316099,-0.0013531546094682934,0.8623935333333337,1.304273133333333,0.006960035568285947814277976378891659073418216013940607704,-0.00006697348053736048377470467243819763812900238390569401534,0.688412865760012288115714681139834676219940996958270858,65,1.3043
1.3086062666666662,0.006959436424565111,-6.709216245503723e-05,0.035623212840498256,0.010261497012248285,-0.045884709852746536,0.08150792269324479,0.6888435505380399,14.425700971240897,2.362022250216786,1.6881194574151037,0.030085601332069414,2.392107851548855,0.7255974175303708,-0.0013535067602313976,0.8580604000000005,1.3086062666666662,0.006959436424565110628436520612831430649853263405083557125,-0.00006709216245503723648213886889078621144288510152198094267,0.688843550538039968499216589951795932054961961696804468,65,1.3086
1.3129393999999999,0.006958787731455753,-6.720925090941483e-05,0.035606244193155855,0.010283235155777783,-0.04588947934893364,0.08149572354208949,0.6892719281852908,14.4310370966202,2.35912455065969,1.6896589452804092,0.03435307282601235,2.393477623485702,0.7241343378094381,-0.0013538553227725161,0.8537272666666668,1.3129393999999999,0.006958787731455752654605938609980213711192566315534378102,-0.00006720925090941482923810553240233322789063348337358240587,0.6892719281852907831270593016561485253744013702983325362,65,1.3129
1.317272533333333,0.006958088869378613,-6.732472960667357e-05,0.03558922703742252,0.010304806519854465,-0.04589403355727698,0.0814832605946995,0.6896979780505641,14.436380604130962,2.35620153946208,1.691197042534661,0.03864231601149875,2.3948438554735785,0.7226663465191514,-0.0013542002351337227,0.8493941333333337,1.317272533333333,0.006958088869378613173178855084754146093022999926894435666,-0.00006732472960667356761764419958952136746860214531930336625,0.6896979780505640689932204809956404989066779174678496951,65,1.3173
1.3216056666666662,0.006957339212519552,-6.743858208267007e-05,0.03557216074951788,0.010326209425926682,-0.045898370175444556,0.08147053092496244,0.6901216791278345,14.441731491672874,2.3532529774931166,1.6927337481114166,0.04295346488259282,2.3962064423757092,0.7211934235886435,-0.0013545414347336034,0.8450610000000005,1.3216056666666662,0.006957339212519551771475330690385392914042240213304420106,-0.00006743858208267007352460291220732954545804757586156551222,0.6901216791278344599965848274330258240200198813399871447,65,1.3216
1.3259387999999999,0.00695653812872629,-6.755079170049622e-05,0.03555504470157112,0.010347442171565963,-0.04590248687313709,0.08145753157470821,0.6905430100482951,14.44708975586074,2.3502786233064112,1.694269061135405,0.047286654684100635,2.3975652779905117,0.7197155484982682,-0.0013548788583569306,0.8407278666666668,1.3259387999999999,0.006956538128726290092242239057733914194171669407506706709,-0.0000675507917004962261228438488383229395693443309689199799,0.6905430100482951366489280166088584881143873233226014069,65,1.3259
1.330271933333333,0.006955684979402773,-6.766134164798562e-05,0.035537878261550825,0.010368503030001893,-0.045906381291552716,0.08144425955310354,0.6909619490722005,14.452455391995239,2.3472782331009427,1.695802980926978,0.051642021932906,2.3989202550338486,0.7182327002672126,-0.0013552124421440982,0.8363947333333337,1.330271933333333,0.006955684979402772709316794106974845358848997428297998635,-0.00006766134164798561449776554585449009811515868366531965445,0.690961949072200530532887659812093823256767583000866991,65,1.3303
1.3346050666666662,0.00695477911940108,-6.777021493516615e-05,0.03552066079319272,0.010389390249645867,-0.04591005104283859,0.08143071183603132,0.6913784740805027,14.457828394033145,2.3442515606810694,1.6973355070066414,0.05601970443979971,2.400271265120869,0.7167448574407704,-0.0013555421215803148,0.8320616000000005,1.3346050666666662,0.00695477911940108006801442826314700472103624465988602488,-0.00006777021493516614833563520258671688475858472466615707934,0.6913784740805026697776662380929329299405581400065407708,65,1.3346
1.3389381999999999,0.006953819896910827,-6.787739439165708e-05,0.03550339165592545,0.01041010205360335,-0.045913493709528796,0.08141688536545424,0.6917925625662739,14.463208754556998,2.341198357415623,1.698866639099669,0.06041984133180575,2.4016181987474288,0.7152519980772741,-0.0013558678314845416,0.8277284666666668,1.3389381999999999,0.006953819896910826923319490247369773345076011637140050075,-0.00006787739439165708300202448621863863760276489432969801587,0.691792562566273826667584871115596213752781877763170545,65,1.3389
1.343271333333333,0.006952806653345974,-6.798286266400909e-05,0.035486070204794024,0.01043063663917434,-0.04591670684396836,0.08140277704876238,0.6922041916259095,14.468596464744222,2.3381183721960483,1.7003963771407948,0.06484257307502479,2.402960945271073,0.7137540997346702,-0.0013561895059981746,0.8233953333333337,1.343271333333333,0.006952806653345974490648067783582136209827219185506023551,-0.00006798286266400908837137766273389659365900967036649935675,0.6922041916259094755609331452952821451352473463375193667,65,1.3433
1.3476044666666662,0.006951738723228983,-6.808660221298586e-05,0.035468695790381165,0.010450992177341687,-0.045919687967722854,0.08138838375810402,0.692613337950105,14.473991514335685,2.3350113513935615,1.7019247212789936,0.06928804149801329,2.404299392891575,0.7122511394567279,-0.0013565070785734599,0.8190622000000005,1.3476044666666662,0.006951738723228982196781520804321500835999479607639172792,-0.00006808660221298585611391485208290540875084994013394025592,0.6926133379501050454778779212347494091256649654333200662,65,1.3476
1.3519375999999999,0.0069506154340722255,-6.818859531078536e-05,0.03545126775872626,0.010471166812246874,-0.045922434570973135,0.0813737023296994,0.6930199778145985,14.479393891603678,2.3318770388153105,1.703451671882343,0.07375638981570316,2.4056334286310137,0.7107430937588747,-0.0013568204819616352,0.8147290666666668,1.3519375999999999,0.006950615434072225644121436368057913085744936830427514952,-0.00006818859531078536043165766849117197690089531254332955853,0.6930199778145984202707619767935202010519595461209216615,65,1.3519
1.356270733333333,0.006949436106256601,-6.828882403819923e-05,0.03543378545124192,0.010491158660652916,-0.045924944111894836,0.08135872956313676,0.6934240870706714,14.484803583319318,2.328715175659496,1.7049772295429744,0.07824776265388386,2.40696293831338,0.7092299386136434,-0.00135712964820079,0.8103959333333337,1.356270733333333,0.006949436106256601311933312037480576893698547178240663005,-0.00006828882403819923553155282658466438333668975570281925427,0.6934240870706714288591822145151730528153045120441206704,65,1.3563
1.3606038666666662,0.006948200052907236,-6.838727028170859e-05,0.03541624820462814,0.01051096581139398,-0.04592721401602212,0.08134346222065027,0.693825641135403,14.490220574719334,2.3255255004694284,1.7065013950821128,0.08276230607426674,2.408287806543695,0.7077116494357206,-0.001357434508603437,0.8060628000000004,1.3606038666666662,0.006948200052907235977745088733465524612451101577717666586,-0.00006838727028170859497276379661822570856177797956018052684,0.6938256411354030161582049387041382208463854095470351366,65,1.3606
1.3649369999999998,0.0069469065797662195,-6.848391573051425e-05,0.035398655350783854,0.010530586324811322,-0.04592924167559517,0.08132789702637902,0.6942246149816652,14.495644849472281,2.3223077490864923,1.7080241695552043,0.08730016760013802,2.40960791668663,0.7061882010665876,-0.0013577349937437852,0.8017296666666669,1.3649369999999998,0.006946906579766219808711794333082569729027176936312872522,-0.000068483915730514245991518223537645805568537143886165601,0.6942246149816652346816356015653210227875881959695147652,65,1.3649
1.369270133333333,0.006945554985062274,-6.85787418734996e-05,0.03538100621671588,0.010550018232175109,-0.045931024448890995,0.08131203066560688,0.6946209831278545,14.5010763896441,2.3190616546019855,1.709545554257137,0.09186149624262487,2.4109231508446105,0.7046595677587387,-0.0013580310334447069,0.7973965333333337,1.369270133333333,0.006945554985062274805768442883945391723813049387051688456,-0.00006857874187349959178777163628062369613024307137087196709,0.6946209831278544969102077977801970932582119410826375136,65,1.3693
1.3736032666666662,0.006944144559377269,-6.86717299961243e-05,0.035363300124445204,0.010569259535091741,-0.045932559659536944,0.08129585978398214,0.6950147196273497,14.506515175663077,2.315786947307796,1.711065550727554,0.09644644252759367,2.4122333898353894,0.7031257231594648,-0.0013583225567643886,0.7930634000000004,1.3736032666666662,0.00694414455937726834510338654189700243515928311663308618,-0.00006867172999612431044318120517767503261131409538484304237,0.6950147196273496868792535219033003365635603213317366127,65,1.3736
1.3779363999999998,0.006942674585509481,-6.876286117724666e-05,0.035345536390910336,0.010588308204896167,-0.0459338445958065,0.08127938098671683,0.6954057980576877,14.511961186284147,2.312483354645886,1.712584160756264,0.10105515852319262,2.4135385131690787,0.7015866402941913,-0.0013586094919826586,0.7887302666666669,1.3779363999999998,0.006942674585509481008768130527573390124723190531212543334,-0.00006876286117724666044208348099640033514375759199063984542,0.6954057980576876784529443641891661562439762343049270489,65,1.3779
1.382269533333333,0.006941144338333532,-6.885211628587242e-05,0.03532771432786793,0.010607162182028769,-0.0459348765098967,0.08126259083776463,0.6957941915094474,14.517414398552551,2.309150601156553,1.714101386388743,0.10568779786806089,2.414838399024614,0.700042291549357,-0.0013588917665869787,0.7843971333333337,1.382269533333333,0.006941144338333531730058727781962541845371822322667457293,-0.00006885211628587241930233046827873390365419621428550043382,0.6957941915094473948626205661303277232872143865986666535,65,1.3823
1.3866026666666662,0.00693955308465686,-6.893947597782838e-05,0.03530983324179028,0.010625819375396332,-0.045935652617186615,0.0812454858589769,0.6961798725748332,14.522874787766835,2.3057884084254168,1.7156172299317412,0.11034451580022815,2.4161329242256446,0.6984926486548169,-0.0013591693072580928,0.7800640000000004,1.3866026666666662,0.006939553084656859448661062020573112102753422433370410522,-0.0000689394759778283795877770910441701106287032739983910129,0.6961798725748331831007067403002207480805742215509397471,65,1.3866
1.3909357999999998,0.006937900083072661,-6.902492069235803e-05,0.035291892433759804,0.010644277661716587,-0.04593617009547639,0.08122806252923619,0.6965628133359469,14.528342327441162,2.3023964950291114,1.7171316939589838,0.11502546918671747,2.4174219642158286,0.6969376826657591,-0.0013594420398553204,0.7757308666666669,1.3909357999999998,0.006937900083072660701121138061343048671936215488503279582,-0.00006902492069235802791406204099295390847419310869557025722,0.6965628133359469389741235494424516321955267752535983518,65,1.3909
1.395268933333333,0.006936184583809175,-6.910843064863718e-05,0.03527389119936027,0.010662534884845797,-0.04593642608420607,0.08121031728356634,0.696942985352739,14.533816989266953,2.2989745764796337,1.7186447813169778,0.11973081655387607,2.4187053930335094,0.69537736394412,-0.0013597098894014858,0.7713977333333336,1.395268933333333,0.006936184583809175334264494616625170850432148412621596674,-0.00006910843064863718526168278066156962901749190440965367212,0.6969429853527390141429141017614666179304455683974169239,65,1.3953
1.3996020666666662,0.006934405828575208,-6.91899858422073e-05,0.0352558288285648,0.01068058885508891,-0.04593641768365371,0.08119224651221851,0.6973203596506276,14.53929874307381,2.2955223651673062,1.7201564951309205,0.12446071811846036,2.419983083285767,0.6938116621394803,-0.0013599727800674693,0.7670646000000004,1.3996020666666662,0.006934405828575208266772222782150714768640498318228711565,-0.00006918998584220729266755671580131003524326500351196863701,0.6973203596506275163075751626618177721740191139565042208,65,1.3996
1.4039351999999998,0.006932563050401776,-6.926956604132373e-05,0.035237704605620354,0.010698437348491647,-0.045936141954112004,0.08117384655973235,0.6976949067077742,14.544787556789746,2.2920395703023213,1.721666838810715,0.1292153358194898,2.421254906121811,0.6922405461694291,-0.0013602306351563724,0.7627314666666669,1.4039351999999998,0.006932563050401775450385395054854644689024233711334303336,-0.00006926956604132373226711805310214948421216431097492281615,0.6976949067077742445898342313977187632519597069169629729,65,1.4039
1.408268333333333,0.006930655473479754,-6.934715078321671e-05,0.03521951780892876,0.010716078106113979,-0.04593559591504274,0.08115511372397151,0.698066596442006,14.550283396400678,2.2885258978548126,1.7231758160570907,0.1339948333508972,2.4225207312057098,0.6906639841993796,-0.001360483377087283,0.7583983333333336,1.408268333333333,0.006930655473479754005627504497297468221187217648985256404,-0.0000693471507832167021217283483660838679193234486865724863,0.6980665964420060231558982528320196374550390994388277954,65,1.4083
1.4126014666666662,0.006928682312993412,-6.942271937026206e-05,0.035201267710924064,0.010733508833284425,-0.04593477654420849,0.08113604425513254,0.6984353981973698,14.555786225909188,2.2849810504934154,1.724683430867837,0.13879937619500407,2.4237804266884195,0.689081943621817,-0.001360730927378628,0.7540652000000004,1.4126014666666662,0.0069286823129934117189840349914404064879531260701036157,-0.00006942271937026205795271893677022419031616055320902410142,0.6984353981973697182007805349774330372374166779373797908,65,1.4126
1.4169345999999998,0.0069266427749496914,-6.949625086605925e-05,0.035182953577946055,0.01075072719883449,-0.04593368077678055,0.0811166343547266,0.6988012807303078,14.561296007292533,2.2814047275222693,1.7261896875441443,0.14362913165683783,2.4250338591791074,0.6874943910349656,-0.0013609732066311012,0.7497320666666669,1.4169345999999998,0.006926642774949691257121406786972749770666484940982254384,-0.0000694962508660592443556826707963659458335023181887362183,0.6988012807303078152419846013247695857147223327018026877,65,1.4169
1.421267733333333,0.006924536056003116,-6.956772409141354e-05,0.03516457467010998,0.010767730834312619,-0.0459323055044226,0.08109688017453258,0.6991642121954419,14.566812700459888,2.2777966248164105,1.727694590697061,0.14848426889932195,2.4262808937157323,0.6859012922208536,-0.0013612101345101553,0.7453989333333336,1.421267733333333,0.006924536056003115247752028814764208751501215007402664736,-0.00006956772409141354031664032896224239973677457769089459892,0.6991642121954418706823418784760378014986954328447207584,65,1.4213
1.4256008666666662,0.006922361343276173,-6.963711762021973e-05,0.035146130241172066,0.010784517333177033,-0.0459306475743491,0.08107677781552117,0.6995241601309506,14.572336263208824,2.2741564347555037,1.7291981452540655,0.1533649589793695,2.427521393734873,0.6843026121227588,-0.0013614416297280392,0.7410658000000004,1.4256008666666662,0.006922361343276172984625366681107813841308975695511057254,-0.00006963711762021972583540380264192566714393677779443004556,0.6995241601309506065129118842908855451625524829107341945,65,1.4256
1.4299339999999998,0.006920117814175049,-6.970440977524399e-05,0.03512761953839098,0.010801084249966675,-0.04592870378835766,0.08105632332674864,0.699881091443528,14.577866651180974,2.270483846155868,1.7307003564657548,0.15827137488490103,2.428755221040769,0.6826983148220148,-0.001361667610025371,0.7367326666666668,1.4299339999999998,0.006920117814175049560313112646025758071386214637758769317,-0.00006970440977524398822190789409427281384079279934082298473,0.6998810914435279605899243106359032975815004183650058787,65,1.4299
1.434267133333333,0.006917804636200548,-6.976957862380096e-05,0.03510904180238486,0.0108174290994496,-0.04592647090183446,0.08103551270421933,0.7002349723929068,14.58340381781692,2.266778544200735,1.7322012299126528,0.16320369157281958,2.4299822357735548,0.6810883635141614,-0.0013618879921522315,0.7323995333333336,1.434267133333333,0.006917804636200547890921672321186102141375506155426719627,-0.00006976957862380096041016570058759012446657349093713787381,0.7002349723929067467972971406002102125195766888160288071,65,1.4343
1.4386002666666666,0.006915420966754048,-6.983260197332266e-05,0.03509039626698389,0.010833549355748033,-0.04592394562273192,0.0810143418897158,0.700585768575933,14.58894771431024,2.2630402103686835,1.7337007715121422,0.16816208600797808,2.4312022963766617,0.6794727204844117,-0.0013621026918487582,0.7280664000000001,1.4386002666666666,0.006915420966754047784943015448969939607323363793425966792,-0.00006983260197332265672032850119999576565109029210345616648,0.7005857685759329882709872207320734425527349167709656365,65,1.4386
1.4429333999999998,0.006912965952938348,-6.989345736681574e-05,0.03507168215907821,0.010849442451439296,-0.045921124610517505,0.08099280676959571,0.7009334449101742,14.594498289560738,2.2592685223602005,1.7351989875255163,0.17314673720315968,2.4324152595633604,0.6778513470824231,-0.0013623116238252314,0.7237332666666668,1.4429333999999998,0.00691296595293834784008840847025689860686280189620447815,-0.00006989345736681573829887365049231416077535407769923625427,0.7009334449101742132229842374993805230433847481090447287,65,1.4429
1.447266533333333,0.006910438731353218,-6.995212207820374e-05,0.03505289869846098,0.010865105776631821,-0.045918004475092804,0.0809709031735538,0.7012779656170461,14.600055490126815,2.255463154022295,1.7366958845651623,0.17815782626011675,2.433620980282412,0.676224203696343,-0.0013625147017416277,0.7194001333333336,1.447266533333333,0.006910438731353218105743071080327424842144730609995134567,-0.00006995212207820374329748877959039565757040487728888728029,0.7012779656170461391985023372401688090961084405275957772,65,1.4473
1.4515996666666666,0.0069078384278854965,-7.000857310755046e-05,0.03503404509766652,0.010880536678015364,-0.04591458177568188,0.0809486268733484,0.7016192942044397,14.605619260176987,2.2516237752711135,1.7381914696018677,0.1831955364116922,2.4348193116828054,0.67459124972611,-0.0013627118381866314,0.7150670000000001,1.4515996666666666,0.006907838427885496817503550436954280844961668890007767307,-0.00007000857310755045224919999545787940500027475545840543399,0.7016192942044396826789557132374834233059173027847396906,65,1.4516
1.4559327999999998,0.00690516415749355,-7.006278717616063e-05,0.03501512056180315,0.010895732457884548,-0.0459108530196877,0.08092597358149084,0.7019573934488307,14.61118954144052,2.247750052012484,1.739685749972261,0.18826005306506224,2.4360101050775462,0.6729524435559869,-0.0013629029446560789,0.7107338666666668,1.4559327999999998,0.006905164157493550373927662513776080036557452374636588077,-0.00007006278717616062996612776267296702305711779669906477326,0.7019573934488306485849030524739916594202086678281624076,65,1.4559
1.460265933333333,0.006902415023985908,-7.011474072155422e-05,0.03499612428838075,0.010910690373134843,-0.045906814661515596,0.08090293894989635,0.7022922253768537,14.616766273157175,2.2438416460603254,1.7411787333863844,0.1933515638461423,2.437193209906468,0.6713077425262985,-0.001363087931530823,0.7064007333333336,1.460265933333333,0.006902415023985908429214741095262870881553483730441924168,-0.00007011474072155421678878024229064765180606076282383434043,0.7022922253768536366727557708200078299977650534124150427,65,1.4603
1.4645990666666666,0.0068995901197938855,-7.016440989230975e-05,0.03497705546713278,0.010925407634229976,-0.045902463101362756,0.08087951856849553,0.70262375124632,14.622349392026047,2.239898215052845,1.7426704279354008,0.1984702586451853,2.4383684736980307,0.6696571029043511,-0.0013632667080539951,0.7020676,1.4645990666666666,0.006899590119793885263797899343373654150814977211308045847,-0.00007016440989230975152885113352299929301504861666905585081,0.7026237512463200566345040455835969586106477477988332745,65,1.4646
1.4689321999999998,0.006896688525737984,-7.02117705427728e-05,0.034957913279832394,0.0109398814041398,-0.0458977946839722,0.08085570796380459,0.7029519315266601,14.627938832153482,2.235919412366462,1.7441608420994408,0.203616329663617,2.439535742030079,0.6680004798545068,-0.0013634391823076461,0.6977344666666668,1.4689321999999998,0.006896688525737984591760921954418081250738708391453770291,-0.0000702117705427727925607720325862040333060261233782086986,0.7029519315266601608211179978993874481813923891334141422,65,1.4689
1.473265333333333,0.006893709310787877,-7.025679822762492e-05,0.03493869690010274,0.010954108797247602,-0.04589280569735034,0.08083150259745309,0.7032767258787681,14.633534525000046,2.231904887027364,1.745649984755588,0.20878997146215353,2.440694858489518,0.6663378274073831,-0.0013636052611887424,0.6934013333333336,1.473265333333333,0.006893709310787876431991342701157584039523810626703195489,-0.00007025679822762491978495510699961598450006478090899675097,0.70327672587876809957624265912063897238742646288209125,65,1.4733
1.4775984666666666,0.006890651531815733,-7.02994681963086e-05,0.034919405493220916,0.010968086878225715,-0.04588749237144663,0.08080689786466755,0.7035980931342273,14.639136399326553,2.2278542836206365,1.7471378651860092,0.21399138101023554,2.441845664630872,0.6646690984281524,-0.0013637648503845017,0.6890682,1.4775984666666666,0.006890651531815733456182647153271529295731753025291801198,-0.00007029946819630860456270611007042111222830227889455829105,0.7035980931342272582712551045679520725146712702401064079,65,1.4776
1.4819315999999998,0.006887514233342698,-7.033975538730318e-05,0.03490003821591556,0.010981812660878358,-0.04588185087679392,0.08078188909270947,0.703915991273893,14.64474438113911,2.223767242196865,1.7486244930862278,0.21922075773682856,2.4429879999336936,0.6629942445839093,-0.0013639178543470379,0.6847350666666668,1.4819315999999998,0.006887514233342698545940616576796114695337800210553462397,-0.00007033975538730317873910157858027698400470714381840804256,0.703915991273892995621548193652432838948803477295156107,65,1.4819
1.486264733333333,0.0068842964472782455,-7.037763442224692e-05,0.03488059421615773,0.010995283106950499,-0.04587587732310823,0.08075647153926596,0.7042303774058088,14.650358393633178,2.2196433981761343,1.7501098785735474,0.22447830358263995,2.444121701758774,0.6613132163100764,-0.0013640641762672986,0.6804019333333337,1.486264733333333,0.006884296447278245557327645904335279315989507544088367533,-0.00007037763442224692507806987567384341713970462744929806978,0.7042303774058088581866586828474523215403755941280446847,65,1.4863
1.4905978666666666,0.0068809971926521935,-7.041307959990001e-05,0.034861072632944856,0.011008495124901518,-0.045869567757846376,0.08073064039079123,0.7045412077424305,14.655978357136634,2.215482382249331,1.7515940321956254,0.22976422305379232,2.4452466053031237,0.6596259627758154,-0.0013642037180482658,0.6760688,1.4905978666666666,0.006880997192652193416480034713201121692283856316935854039,-0.00007041307959990000752063268218136961604257481352807256413,0.7045412077424304776769999193458712850543311329133394913,65,1.4906
1.4949309999999998,0.006877615475339116,-7.044606488994286e-05,0.034841472596077484,0.011021445568642393,-0.04586291816471988,0.08070439076079737,0.704848437577131,14.661604189051799,2.211283820276661,1.7530769649391984,0.23507872327700868,2.4463625435536698,0.6579324318484119,-0.0013643363802773969,0.6717356666666668,1.4949309999999998,0.006877615475339116100450888514375731342978028525325736822,-0.00007044606488994285913774386442642217859255396019465829811,0.7048484375771310366773171772076257389496436325741044956,65,1.4949
1.499264133333333,0.00687415028777488,-7.047656392660441e-05,0.03482179322592856,0.01103413123623508,-0.04585592446216363,0.08067771768809219,0.705152021259961,14.667235803796432,2.2070473331832727,1.7545586882389683,0.24042201405636554,2.4474693472396383,0.6562325700565977,-0.001364462062198278,0.6674025333333337,1.499264133333333,0.006874150287774879918929893384637656642027643301905377919,-0.00007047656392660440762091286468594561809716463812396331898,0.7051520212599609773854154386918247529285110966218780075,65,1.4993
1.5035972666666666,0.006870600608665037,-7.050455000211421e-05,0.0348020336332049,0.011046548868552677,-0.04584858250175758,0.08065061613496248,0.7054519121726326,14.672873112743684,2.202772536851902,1.7560392139866419,0.24579430793166082,2.4485668447835627,0.6545263225527761,-0.0013645806616814653,0.6630694,1.5035972666666666,0.006870600608665036784350206629048707862924937123737232789,-0.00007050455000211420210891137124739058291975664118633708991,0.7054519121726326110748383116819352886452713077559946759,65,1.5036
1.5079303999999998,0.006866965402684782,-7.052999605997235e-05,0.03478219291870068,0.011058695147898938,-0.045840888066599625,0.08062308098530031,0.7057480627026997,14.678516024160938,2.1984590420124177,1.7575185545401366,0.25119582023845705,2.449654862250875,0.6528136330741126,-0.0013646920751944772,0.6587362666666668,1.5079303999999998,0.006866965402684782451297541194367287034386591993864876279,-0.00007052999605997235482035003360076258874130036293137131966,0.7057480627026997536073251004863631891830516955232355252,65,1.5079
1.512263533333333,0.006863243620170176,-7.055287468803093e-05,0.03476227017304248,0.011070566696585597,-0.04583283686962808,0.08059510704267056,0.706040424216901,14.6841644431476,2.1941064541281685,1.7589967227329497,0.2566267691698647,2.450733223298033,0.651094443902451,-0.0013647961977709205,0.6544031333333337,1.512263533333333,0.006863243620170175921001738404179745181107860085498070469,-0.00007055287468803093871511820355726355731161737658273271633,0.7060404242169011040932484629831548968450078843320589702,65,1.5123
1.5165966666666666,0.006859434196800312,-7.057315811138015e-05,0.03474226447642561,0.011082160075465934,-0.04582442455189154,0.08056668902831715,0.7063289470336339,14.68981827157175,2.189714373279007,1.7604737318836956,0.26208737584011826,2.4518017491191255,0.6493686958230164,-0.0013648929229787042,0.65007,1.5165966666666666,0.006859434196800312391421922742168080864925088069323898108,-0.00007057315811138014955260388054276307034854110587076135482,0.7063289470336338864687814536680713546698164342390378055,65,1.5166
1.5209297999999998,0.00685553605327012,-7.059081818503234e-05,0.034722174898341444,0.01109347178242291,-0.045815646680764356,0.0805378215791058,0.7066135803945235,14.695477408005674,2.185282394040886,1.7619495958058133,0.26757786435001396,2.4528602583909,0.6476363280818622,-0.0013649821428873216,0.6457368666666669,1.5209297999999998,0.006855536053270119995482899873597432735223193419968104615,-0.00007059081818503233442459914762182699605171603275880217171,0.7066135803945234940038857622285756798766475616696673606,65,1.5209
1.525262933333333,0.006851548094953436,-7.060582638639668e-05,0.03470200049729532,0.011104498250810151,-0.04580649874810547,0.08050849924540078,0.7068942724350532,14.701141747660238,2.18081010536188,1.7634243288174505,0.27309846185428144,2.453908567216161,0.6458972783420172,-0.0013650637480341558,0.6414037333333337,1.525262933333333,0.006851548094953435848143653804057641797418169944007666791,-0.00007060582638639667641096828053376215064113456842752870105,0.7068942724350532339106977247914101352366342315268670442,65,1.5253
1.5295960666666666,0.0068474692115560115,-7.061815380753697e-05,0.034681740320514604,0.011115235847843961,-0.04579697616835856,0.08047871648887317,0.7071709701542158,14.706811182318114,2.176297090434524,1.7648979457515215,0.27864939863095123,2.4549464890654753,0.6441514826382863,-0.0013651376273897825,0.6370706,1.5295960666666666,0.006847469211556011736496823849334385348550898892941373958,-0.00007061815380753696963688953022306450046347207183096024844,0.7071709701542158526991243585288230512694792645919741884,65,1.5296
1.5339291999999998,0.006843298276758075,-7.062777114720465e-05,0.03466139340364668,0.011125680872944462,-0.045787074276591136,0.08044846768023782,0.7074436193831475,14.712485600265794,2.171742926564326,1.7663704619659482,0.2842309081527942,2.4559738347171205,0.6423988753306618,-0.0013652036683222241,0.6327374666666669,1.5339291999999998,0.00684329827675807486770559748366616708689968296936629537,-0.00007062777114720464944205846005240051950925221407784604146,0.7074436193831474522298863506210099951819236243378147625,65,1.5339
1.538262333333333,0.006839034147846052,-7.063464870263889e-05,0.03464095877044624,0.011135829556023907,-0.04577678832647015,0.08041774709691639,0.7077121647527025,14.718164886224407,2.1671471850342994,1.7678418933540845,0.2898432271609168,2.456990412195216,0.6406393890562885,-0.0013652617565601234,0.6284043333333337,1.538262333333333,0.006839034147846052082006371987318293357307054916684534231,-0.00007063464870263888259328865012885520615876023934387440573,0.7077121647527024834877484010677468518072647674338017052,65,1.5383
1.5425954666666666,0.006834675665333059,-7.063875636112514e-05,0.03462043543245167,0.01114567805572006,-0.04576611348817173,0.0803865489206234,0.7079765496599258,14.72384892127932,2.162509430965386,1.769312256355328,0.29548659574058034,2.4579960267059664,0.638872954679938,-0.001365311776154792,0.6240712,1.5425954666666666,0.006834675665333059034267848290627736855566621819949088751,-0.00007063875636112513762427211293451228926724104798636524892,0.7079765496599258220386833748425822574429567578950325445,65,1.5426
1.5469285999999998,0.006830221652567727,-7.064006359130331e-05,0.034599822388649865,0.011155222457572486,-0.045755044846222344,0.0803548672348722,0.7082367162333765,14.72953758280846,2.1578292231726066,1.7707815679659207,0.30116125739933464,2.458990480571941,0.6370995012429351,-0.0013653536094410932,0.6197380666666669,1.5469285999999998,0.006830221652567727728262148865253674946641073520834354132,-0.00007064006359130331382224469517774518969222187004556785356,0.7082367162333765145459827690235183750540407286026327321,65,1.5469
1.551261733333333,0.006825670915330926,-7.06385394342161e-05,0.03457911862512916,0.011164458772139481,-0.04574357739726864,0.0803226960223978,0.7084926052972556,14.735230744409407,2.1531061140167687,1.7722498457499474,0.306867459147557,2.459973573164326,0.63531895591048,-0.0013653871369971135,0.6154049333333337,1.551261733333333,0.00682567091533092607320233870829100179628774162196250046,-0.00007063853943421609161109045060917544004612989887950264203,0.70849260529725552722377234631360624606777066014825373,65,1.5513
1.5555948666666666,0.006821022241419914,-7.063415249408774e-05,0.034558323114719874,0.011173382933053259,-0.04573170604777313,0.080290029162493,0.7087441563342868,14.740928275825159,2.148339649251582,1.7737171078505287,0.3126054515814787,2.4609451008330607,0.6335312439173093,-0.0013654122376025792,0.6110718,1.5555948666666666,0.006821022241419914088604715563298531770704795427591899353,-0.0000706341524940877442355977425941325898547470465559680253,0.7087441563342868194698421087655655049555325583803853384,65,1.5556
1.5599279999999998,0.006816274400219449,-7.062687092882323e-05,0.03453743481662182,0.011181990795010883,-0.0457194256116327,0.08025686042825451,0.7089913074472992,14.746630042868604,2.1435293678659852,1.7751833730012174,0.3183754889687993,2.4619048568347845,0.6317362885116349,-0.0013654287881959659,0.6067386666666669,1.5599279999999998,0.006816274400219449561536890656467381424045665940985397513,-0.00007062687092882322665379049528885556328765962484412066446,0.7089913074472992428118346279708510884072910734203632881,65,1.5599
1.564261133333333,0.006811426142259333,-7.061666244021687e-05,0.03451645267601838,0.011190278131698364,-0.04570673080771675,0.08022318348373512,0.7092339953194541,14.75233590734567,2.1386748019215105,1.7766486605375995,0.3241778293369937,2.4628526312585044,0.6299340108972944,-0.0013654366638302536,0.6024055333333337,1.564261133333333,0.006811426142259333028015092695847714325722808561948225746,-0.00007061666244021687531984129379408109336405507698616393045,0.7092339953194541032463471509686226596878679597381617526,65,1.5643
1.5685942666666666,0.00680647619875787,-7.060349426385958e-05,0.03449537562367657,0.011198240633645136,-0.045693616257321705,0.08018899188099828,0.7094721551730598,14.75804572697708,2.133775476384489,1.778112990409105,0.33001273456440583,2.4637882109488953,0.6281243301740508,-0.001365435737627273,0.5980724000000001,1.5685942666666666,0.006806476198757870249824296123101909075245003566102813375,-0.00007060349426385958125427306361891468626573855623521753988,0.7094721551730598214122497221306937827852827242633138239,65,1.5686
1.5729273999999998,0.006801423281150694,-7.058733315873279e-05,0.03447420257553234,0.011205873906006077,-0.04568007648153841,0.08015427905707075,0.7097057207269128,14.76375935531878,2.1288309089528985,1.7795763831910314,0.3358804704742449,2.4647113794271434,0.626307163275968,-0.0013654258807305874,0.5937392666666669,1.5729273999999998,0.006801423281150694226531056243510724184988807286393420156,-0.00007058733315873277980350180008936385074552567769714538502,0.7097057207269128141832831966477070681276203095372768,65,1.5729
1.577260533333333,0.006796266080604362,-7.056814539647704e-05,0.03445293243226072,0.011213173466268017,-0.045666105898528736,0.08011903833078945,0.7099346241521006,14.769476641680916,2.123840609877629,1.7810388600967841,0.34178130693160186,2.4656219168092304,0.6244824249077919,-0.0013654069622568523,0.5894061333333337,1.577260533333333,0.006796266080604362010979522115458562274757661759376048733,-0.00007056814539647703909325361279512647677282659390176811854,0.7099346241521005719919800763967059759414211360853307145,65,1.5773
1.5815936666666666,0.006791003267514127,-7.05458967503225e-05,0.03443156407883002,0.0112201347418776,-0.04565169882070762,0.08008326289953763,0.710158796026199,14.77519743104542,2.118804081777962,1.7825004429903393,0.3477155179435972,2.4665195997215594,0.6226500274792597,-0.0013653788492455935,0.5850730000000001,1.5815936666666666,0.006791003267514126603974807048586915727467689410951408928,-0.00007054589675032249661592143357664808565099918423765862082,0.7101587960261990183168608560784959441506668477424032154,65,1.5816
1.5859267999999997,0.006785633490985243,-7.052055248366777e-05,0.03441009638403934,0.011226753067787153,-0.04563684945182649,0.08004694583586583,0.7103781652857933,14.780921563982137,2.113720819451022,1.78396115439893,0.35368338176279024,2.4674042012138124,0.6208098810372601,-0.0013653414066073359,0.580739866666667,1.5859267999999997,0.006785633490985243151828748192931069494942925772607334807,-0.00007052055248366776482209626842319478064359388807479899563,0.7103781652857933365766298765603763219376654131841707296,65,1.5859
1.590259933333333,0.006780155378297136,-7.049207733829327e-05,0.03438852820003888,0.011233023683915067,-0.04562155188395395,0.08001008008399282,0.7105926591772478,14.78664887656347,2.1085903096749457,1.7854210175259657,0.35968518099398755,2.4682754906689333,0.6189618931957577,-0.0013652944970700225,0.5764067333333337,1.590259933333333,0.006780155378297136298894046609520090771334923521465549731,-0.00007049207733829326552205900796300404842687570669637824647,0.7105926591772477498391230764966894928883662429159312329,65,1.5903
1.5945930666666666,0.00677456753434974,-7.046043552219436e-05,0.03436685836183205,0.011238941732517034,-0.045605800094349086,0.07997265845618114,0.7108022032056451,14.79237920027754,2.103412031005535,1.7868800562641831,0.36572120270457564,2.4691332337101106,0.6171059690633985,-0.0013652379811236463,0.5720736000000001,1.5945930666666666,0.006774567534349739984843673987288571166737097575099305664,-0.00007046043552219436061722976899481117349424037087433479784,0.7108022032056451169759990150630963495709430414816430735,65,1.5946
1.5989261999999997,0.006768868541091267,-7.042559069701885e-05,0.034345085686758786,0.011244502255464263,-0.04558958794222305,0.07993467362898184,0.7110067210818138,14.798112361939815,2.0981854535661126,1.7883382952090359,0.371791738538532,2.4699771921046443,0.6152420111687036,-0.0013651717169630288,0.567740466666667,1.5989261999999997,0.006768868541091266979305554118336145936905520327148448082,-0.00007042559069701885488105995811895099133889601832794912063,0.7110067210818138823519524664660107409026851492128739232,65,1.5989
1.603259333333333,0.006763056956926636,-7.038750596509271e-05,0.034323208973959074,0.011249700191424631,-0.0455729091653837,0.07989611813934278,0.7112061346673552,14.803848183603192,2.092910038830293,1.7897957596723306,0.3778970848342682,2.470807123664561,0.6133699193827539,-0.0013650955604286618,0.5634073333333337,1.603259333333333,0.006763056956926636244452467538821284534960982875645542429,-0.0000703875059650927134043242800925218982853317929016830124,0.7112061346673551440818479319796696853066207579598538308,65,1.6033
1.6075924666666666,0.006757131316105759,-7.034614385601711e-05,0.03430122700381596,0.01125453037294249,-0.045555757376758446,0.0798569843805744,0.7114003639175775,14.809586482466505,2.087585239397392,1.791252475696109,0.3840375427464538,2.4716227821438457,0.6114895908392705,-0.0013650093649455364,0.5590742000000001,1.6075924666666666,0.006757131316105758816613918494886129439619886249998408688,-0.00007034614385601711875389502174540405029471521533666125403,0.7114003639175775440410870583646686360381893642806644058,65,1.6076
1.6119255999999997,0.006751090128090825,-7.030146631281905e-05,0.03427913853737699,0.011258987523412632,-0.04553812606078962,0.07981726459816661,0.7115893268222433,14.815327070781434,2.082210498760148,1.7927084700667821,0.39021341837199724,2.4724239171321454,0.6096009198519811,-0.0013649129814598715,0.554741066666667,1.6119255999999997,0.006751090128090824941767402120375725617341091080848889132,-0.00007030146631281905507322079355982145530828032388698168975,0.7115893268222433408869051666309067557279549680678233451,65,1.6119
1.616258733333333,0.006744931876901699,-7.025343467763675e-05,0.03425694231575321,0.011263066253943712,-0.04552000856969692,0.07977695088545013,0.7117729393440234,14.821069755757776,2.076785251064438,1.794163770329527,0.3964250228803608,2.4732102739447988,0.6077037978291648,-0.001364806258373654,0.5504079333333337,1.616258733333333,0.00674493187690169878724093963465612118297054120397661158,-0.00007025343467763674470140811394158966336352516534002343771,0.7117729393440234374805806030906432951741542250776982003,65,1.6163
1.6205918666666665,0.006738655020438493,-7.020200967692041e-05,0.03423463705949461,0.011266761060106092,-0.0455013981196007,0.0797360351790953,0.7119511153545531,14.826814339467068,2.0713089208606394,1.7956184048029418,0.40267267264838413,2.473981593509024,0.6057981131852611,-0.0013646890414768947,0.5460748000000002,1.6205918666666665,0.006738655020438493475695137847109114639636696502697781852,-0.00007020200967692042021886418633592729753023465509567499957,0.7119511153545531531301072751302438155522999092118942709,65,1.6206
1.6249249999999997,0.006732257989780332,-7.014715140612778e-05,0.03421222146794104,0.01127006631855892,-0.04548228778649996,0.079694509254441,0.7121237665679752,14.832560618744521,2.0657809228462938,1.7970724025939737,0.4089566893998195,2.474737612246113,0.6038837512494192,-0.001364561173877506,0.541741666666667,1.6249249999999997,0.006732257989780331439436237859997211559278524142937383406,-0.00007014715140612778175054997286719857972083333682558526043,0.7121237665679751674265921361895275175503150221933885602,65,1.6249
1.629258133333333,0.006725739188459255,-7.008881931389251e-05,0.034189694218547395,0.011272976283550855,-0.04546267050209825,0.07965236472064564,0.7122908024718493,14.838308385089238,2.060200661599668,1.7985257936131196,0.4152774003497824,2.4754780619494503,0.6019605941708622,-0.0013644224959286921,0.5374085333333337,1.629258133333333,0.006725739188459255098833573324576129560723014826050056592,-0.00007008881931389250814729702920453911115506051978678477057,0.7122908024718492988053219185074558329955150643048133171,65,1.6293
1.6335912666666665,0.006719096991708203,-7.002697218564312e-05,0.03416705396618187,0.011275485083288636,-0.045442539049470515,0.07960959301565239,0.7124521302553019,14.84405742456269,2.054567531303844,1.7999786085899065,0.4216351383543251,2.476202669658169,0.6000285208209332,-0.001364272845153747,0.5330754000000002,1.6335912666666665,0.006719096991708203166486928789431814845380752769567748492,-0.00007002697218564312233310514570520519508804712434475875499,0.712452130255301902180566766533760226897703539649736327,65,1.6336
1.6379243999999997,0.0067123297456819,-6.996156812664824e-05,0.03414429934239614,0.011277586716167326,-0.04542188605856347,0.07956618540095961,0.7126076547342808,14.849807517685408,2.0488809154608973,1.8014308790886577,0.4280302420653654,2.4769111575262626,0.5980874066916819,-0.0013641120561681433,0.528742266666667,1.6379243999999997,0.006712329745681899989067308372340001904086611157663522418,-0.00006996156812664824189594392108725400211377950363004196673,0.7126076547342807293794744993964748496628712413627197097,65,1.6379
1.642257533333333,0.006705435766649448,-6.989256454446302e-05,0.03412142895466594,0.011279275046855736,-0.04540070400152168,0.07952213295618761,0.7127572782737732,14.85555843933189,2.043140186595732,1.8028826375245517,0.4344630560912085,2.4776032426869405,0.5961371237908434,-0.0013639399605987906,0.5244091333333337,1.642257533333333,0.006705435766649447959335904452647456113058014887231954178,-0.00006989256454446301332830445943315247906904611940030551617,0.7127572782737732576195501190333392364218501005724324746,65,1.6423
1.6465906666666665,0.006698413340157357,-6.981991813075029e-05,0.034098441385600864,0.011280543802230158,-0.045378985187831025,0.07947742657343189,0.7129009007068381,14.861309958623641,2.0373447059491094,1.8043339171799782,0.44093393116290686,2.4782786371120165,0.5941775405330566,-0.0013637563870003407,0.5200760000000002,1.6465906666666665,0.006698413340157357130037862187286131109836138559824839079,-0.00006981991813075028565083663301323171806349169920465494465,0.7129009007068380806888633782367114709077487364095162041,65,1.6466
1.6509237999999997,0.006691260720161666,-6.974358484244856e-05,0.034075335192121796,0.011281386567149176,-0.04535672175927097,0.07943205695139277,0.7130384192502904,14.867061838820366,2.0314938231593787,1.8057847522211983,0.44744322430672573,2.4789370474661045,0.5922085216271562,-0.0013635611607683968,0.515742866666667,1.6509237999999997,0.00669126072016166521259257931968398937659711700882667431,-0.00006974358484244855205674327374352244832143443841140239821,0.7130384192502904844247357331910345512331748097167833118,65,1.6509
1.655256933333333,0.006683976128127732,-6.966351988225721e-05,0.03405210890460438,0.01128179678006187,-0.04533390568466625,0.07938601458927062,0.7131697284168739,14.872813837209232,2.0255868759323903,1.8072351777153177,0.4539912990229952,2.4795781749553854,0.5902299279593668,-0.001363354104049495,0.5114097333333336,1.655256933333333,0.00668397612812773204585949123074086722184041869375650738,-0.00006966351988225721598032137222744606624983501356502152187,0.7131697284168738429323543205304431808843479432193814994,65,1.6553
1.6595900666666665,0.006676557752096224,-6.957967767840824e-05,0.034028761025987016,0.01128176772844134,-0.045310528754428356,0.07933928978041536,0.7132947199237383,14.878565704992221,2.019623189699056,1.8086852296475744,0.46057852547163447,2.4802017151706908,0.5882416164722195,-0.0013631350356477021,0.5070766000000002,1.6595900666666665,0.006676557752096224278796587510744384553703027281301147886,-0.00006957967767840824500584561362425006618967373336474526882,0.713294719923738307190297159106839644478501487283779802,65,1.6596
1.6639231999999997,0.00666900374571371,-6.949201186369144e-05,0.03400529003084153,0.011281292544034947,-0.04528658257487648,0.07929187260571802,0.7134132825970378,14.884317187171469,2.0136020772599816,1.8101349449389534,0.467205280664663,2.4808073579246446,0.5862434400389985,-0.001362903770927675,0.5027434666666669,1.6639231999999997,0.00666900374571371049372732569594612454187726756674569304,-0.00006949201186369144575890978477385417821075366270813262598,0.7134132825970378386036446460530483135948545807778367661,65,1.6639
1.668256333333333,0.006661312227226203,-6.940047525369883e-05,0.033981694364404756,0.011280364197922235,-0.04526205856232699,0.07924375292673175,0.7135253022724451,14.890068022432624,2.0075228384165498,1.8115843614641338,0.4738719486660268,2.4813947870825768,0.5842352473335155,-0.0013626601217140146,0.4984103333333337,1.668256333333333,0.006661312227226203257217978150010168175247207420088521734,-0.00006940047525369882361102725310602938299413063516913931918,0.7135253022724451045214229998027323148786875536015129209,65,1.6683
1.6725894666666665,0.006653481278433901,-6.930501982425168e-05,0.03395797244156902,0.01127897549537089,-0.045236947936939914,0.07919492037850893,0.7136306616913713,14.895817943026135,2.0013847595878427,1.8130335180697748,0.48057892079907777,2.4819636803869205,0.5822168826950017,-0.0013624038961867412,0.49407720000000016,1.6725894666666665,0.006653481278433900802903170016325299650513915361020807222,-0.00006930501982425168692091736029777420345668038398460885133,0.7136306616913713913429278559508926794205382449276787389,65,1.6726
1.6769225999999997,0.006645508943605267,-6.920559668797195e-05,0.033934122645829616,0.01127711907048061,-0.045211241716310226,0.07914536436213984,0.7137292403926658,14.90156667464644,1.9951871134127024,1.8144824545931477,0.48732659586207544,2.482513709274778,0.5801881859878925,-0.001362134898772701,0.489744066666667,1.6769225999999997,0.006645508943605267667602745268220181754426319035948609679,-0.00006920559668797195502894078189163579971086018938602941248,0.7137292403926658420604496229455206555287418875615371108,65,1.6769
1.681255733333333,0.006637393228348491,-6.9102156069957e-05,0.033910143328186905,0.01127478738060404,-0.04518493070879094,0.07909507403697785,0.7138209145995542,14.907313936309055,1.9889291583362265,1.815931211881128,0.49411538035209795,2.4830445386883246,0.5781489924562647,-0.0013618529300327127,0.4854109333333337,1.681255733333333,0.006637393228348491691060660452512312822573268609375897441,-0.00006910215606995699129402016160988070327316775185551020337,0.7138209145995542157021414784068260289947781231837796769,65,1.6813
1.6855888666666665,0.006629132098438252,-6.899464728251509e-05,0.033886032806000936,0.01127197270053339,-0.04515800550653432,0.07904403831253526,0.7139055571015622,14.913059440225442,1.9826101381799444,1.8173798318095464,0.5009456886977623,2.4835558268777067,0.5760991325726827,-0.0013615577865442445,0.48107780000000017,1.6855888666666665,0.006629132098438251754533168429669954820175788200422815664,-0.00006899464728251509006064170078022871637724403330821672638,0.7139055571015622394518483311812220933100729359604933245,65,1.6856
1.6899219999999997,0.006620723478595595,-6.88830186989161e-05,0.03386178936179602,0.011268667116440562,-0.04513045647823658,0.0789922458400326,0.7139830371311527,14.918802891675696,1.9762292816948694,1.818828357302917,0.5078179435011904,2.48404722519606,0.5740384318811821,-0.0013612492607794008,0.476744666666667,1.6899219999999997,0.006620723478595595198580561379016261312581055827056636056,-0.00006888301869891609070840627504109325909338663218825014412,0.7139830371311527233073204620540019125279519753597548892,65,1.6899
1.6942551333333329,0.0066121652512185995,-6.8767217726109e-05,0.033837411242012776,0.011264862519557906,-0.04510227376157068,0.07893968500358345,0.7140532202347882,14.92454398887895,1.9697858020965844,1.8202768323545442,0.5147325757896769,2.4845183778862614,0.571966710834114,-0.0013609271409779893,0.47241153333333374,1.6942551333333329,0.006612165251218599479389870898436861232308302130759169725,-0.00006876721772610899702642320229064542017136118969676706059,0.7140532202347882467980422044541955639627960480679079375,65,1.6943
1.6985882666666665,0.006603455255061364,-6.864719077635578e-05,0.033812896655704784,0.01126055059958594,-0.04507344725529072,0.07888634391099551,0.7141159681381126,14.930282422861467,1.9632788965814612,1.8217253020470237,0.5216900252775387,2.484968921859,0.569883784622556,-0.0013605912110154204,0.46807840000000017,1.6985882666666665,0.006603455255061363871307459019798915468786453510550909136,-0.0000686471907763557791567924405197877752459772395523913639,0.7141159681381126118370516617163228215375899899559138078,65,1.6986
1.7029213999999997,0.00659459128385872,-6.852288323772739e-05,0.03378824377317718,0.011255722837813445,-0.045043966610990624,0.07883221038416781,0.7141711386049244,14.936017877322374,1.9567077458230702,1.823173812573143,0.5286907406386568,2.485398486461727,0.5677894629999717,-0.001360241250265177,0.463745266666667,1.7029213999999997,0.006594591283858719767088628801036518693515249239803584237,-0.00006852288323772739213085592229788181893533726980551254676,0.7141711386049244533946813237959108340683132644998105378,65,1.7029
1.7072545333333329,0.006585571084893885,-6.839423944340472e-05,0.033763450724563805,0.011250370499934525,-0.04501382122449833,0.07877727194906214,0.714218585289595,14.941750028496989,1.9500715134477618,1.8246224112571952,0.5357351797902614,2.485806693238023,0.5656835500987891,-0.0013598770334555803,0.45941213333333375,1.7072545333333329,0.00658557108489388416089140411657251841374104054319007607,-0.00006839423944340472161639078627139519575999187692239132957,0.7142185852895949986469376507523841951827811741575496981,65,1.7073
1.7115876666666665,0.006576392357506135,-6.826120263972404e-05,0.033738515598339944,0.01124448462854611,-0.044983000226886054,0.07872151582522599,0.7142581575825587,14.947478545017672,1.943369345488362,1.8260711465767148,0.5428238101885253,2.4861931556768875,0.5635658442395455,-0.001359498330520559,0.4550790000000002,1.7115876666666665,0.006576392357506135623566005948321049420775478990172260255,-0.00006826120263972404114979529618173587544440615708813983106,0.7142581575825587788537110215604179522408044557595791778,65,1.7116
1.7159207999999997,0.00656705275153539,-6.812371495290257e-05,0.03371343643976694,0.011238056035308431,-0.04495149247507537,0.07866492891484231,0.7142897004484815,14.953203087772156,1.9366003698148455,1.8275200681846466,0.5499571091365796,2.486557478951425,0.561436137732225,-0.001359104906444104,0.450745866666667,1.7159207999999997,0.006567052751535389685742846648717652587608479726836175871,-0.00006812371495290257489061482750729808931225086405084206336,0.7142897004484814861564369219585017250496401702231081853,65,1.7159
1.7202539333333329,0.006557549865700355,-6.798171735437577e-05,0.03368821124926518,0.011231075292749776,-0.044919286542014956,0.07860749779128014,0.7143130542566825,14.958923309759305,1.929763695540772,1.828969226931961,0.5571355641056077,2.4868992596463797,0.5592942166693903,-0.0013586965210980867,0.44641273333333376,1.7202539333333329,0.006557549865700355679724057929446289240836441044278010362,-0.00006798171735437576936106441543407696711707897431750926879,0.7143130542566824188576883031604079720506875566485696164,65,1.7203
1.7245870666666665,0.0065478812459067726,-6.783514962467397e-05,0.03366283798071142,0.011223532725695639,-0.04488637070640706,0.07854920868711848,0.7143280546033601,14.964638855942217,1.9228584124042192,1.830418674890728,0.5643596730696963,2.4872180854739154,0.5571398607106902,-0.0013582729290730808,0.4420796000000002,1.7245870666666665,0.006547881245906772390060487251051389293390966208720732594,-0.00006783514962467397073211396714323602200259290662059439438,0.7143280546033601009246255361278354806300143727137632809,65,1.7246
1.7289201999999997,0.006538044383481974,-6.768395031576133e-05,0.033637314539656266,0.011215418402301048,-0.04485273294195732,0.07849004748161359,0.7143345321251388,14.970349363098636,1.9158835901218458,1.83186846537766,0.5716299448551782,2.487513534977024,0.5549728428582942,-0.0013578338795018196,0.43774646666666694,1.7289201999999997,0.006538044383481974185698718197503971685648407665960614536,-0.00006768395031576132541850609177814723393759463080468697923,0.7143345321251387410970016649086025525935368214820400635,65,1.7289
1.7332533333333329,0.006528036713331798,-6.75280567117548e-05,0.03361163878145745,0.011206722124663428,-0.044818360906120874,0.07842999968757833,0.7143323123034196,14.976054459668577,1.9088382777146293,1.833318652978141,0.5789468995052572,2.4877851772198865,0.5527929292227758,-0.0013573791158748869,0.43341333333333376,1.7332533333333329,0.006528036713331798553755655923913455933810256677853228738,-0.00006752805671175479995335172509282788557782096477095571876,0.7143323123034196432108324715951549517059132765585797882,65,1.7333
1.7375864666666665,0.006517855612015613,-6.736740478793633e-05,0.03358580850932405,0.01119743341899181,-0.04478324192831586,0.07836905043763992,0.7143212152589855,14.981753765599114,1.9017215028037477,1.8347692935707536,0.5863110686607291,2.4880325714644766,0.5505998787789413,-0.0013569083758482195,0.4290802000000002,1.7375864666666665,0.006517855612015612793550933422828547186749403744130270672,-0.00006736740478793633544098116704730105238989135005862716116,0.7143212152589854743016949912755491352294145892265469622,65,1.7376
1.7419195999999997,0.006507498395734937,-6.720192916796515e-05,0.03355982147226675,0.011187541525306561,-0.044747362997573314,0.07830718446984006,0.7143010555362662,14.98744689218625,1.89453227087496,1.8362204443523205,0.5937229959576901,2.48825526683265,0.5483934431110639,-0.0013564213910419694,0.42474706666666695,1.7419195999999997,0.006507498395734936831294014098032749965750128617916169194,-0.00006720192916796514675417380775081500797240790387027103118,0.7143010555362662389127186095595954029780019200126243245,65,1.7419
1.7462527333333329,0.0064969623182308395,-6.703156307919106e-05,0.03353367536294854,0.011177035386642001,-0.044710710749590536,0.07824438611253907,0.7142716418766334,14.993133441913779,1.8872695645097246,1.8376721638634739,0.6011832374431808,2.4884528019529055,0.5461733661469456,-0.0013559178868302435,0.42041393333333377,1.7462527333333329,0.006496962318230839771413765876422333054201079039539663745,-0.00006703156307919106734209372588058881122586552490092947455,0.7142716418766334374624626672254964159650477891232194956,65,1.7463
1.7505858666666665,0.006486244568584992,-6.68562383059637e-05,0.03350736781543028,0.01116590363772235,-0.044673271453152634,0.07818063926858292,0.7142327769800432,14.99881300828908,1.8799323425812058,1.8391245120147726,0.6086923620097583,2.488624704590964,0.5439393838801985,-0.0013553975821212088,0.41608080000000014,1.7505858666666665,0.006486244568584992316363740299096474425973312043338358952,-0.00006685623830596370674894154794213293578228929500964146492,0.714232776980043123121724778278780721096093967551439205,65,1.7506
1.7549189999999997,0.006475342268918886,-6.667588514082475e-05,0.03348089640280498,0.011154134593079339,-0.04463503099588432,0.0781159273986893,0.7141842572542989,15.004485175675738,1.8725195394131642,1.8405775501133814,0.6162509518500725,2.4887704912632365,0.5416912240800895,-0.0013548601891270147,0.41174766666666696,1.7549189999999997,0.006475342268918885941934530361004947444896233458881997105,-0.00006667588514082474727415383727746188229116713038043098829,0.7141842572542989304527456471257125927992483059920235937,65,1.7549
1.7592521333333329,0.006464252471985355,-6.649043233346307e-05,0.033454258634714025,0.011141716234577591,-0.04459597486929162,0.07805023350400564,0.7141258725511522,15.010149519122896,1.8650300638995987,1.842031340890334,0.6238596029326003,2.488889666832199,0.5394286059882496,-0.0013543054131229441,0.4074145333333338,1.7592521333333329,0.006464252471985355008584734864789878481928130158470165658,-0.00006649043233346307141279701483996033613697950541458487507,0.714125872551152267482106742209036056441018736264273342,65,1.7593
1.7635852666666665,0.006452972158646162,-6.629980703730466e-05,0.03342745195473856,0.011128636198311398,-0.04455608815304996,0.07798354010778852,0.7140574058883986,15.015805604191257,1.8574627985828807,1.8434859485283954,0.6315189254997468,2.4889817240826275,0.5371512400015037,-0.001353732952195174,0.40308140000000015,1.7635852666666665,0.006452972158646161815801526847311352228610973781009592137,-0.00006629980703730465510036123658117551010581766324368913878,0.7140574058883985701950669785748050155786878593068544293,65,1.7636
1.7679183999999997,0.006441498235228943,-6.610393475359988e-05,0.0334004737376584,0.011114881760833868,-0.04451535549849227,0.07791582923615066,0.713978633157065,15.021452986775614,1.8498165986879367,1.8449414386905476,0.6392295445896279,2.4890461432775646,0.5348588273400258,-0.0013531424969764672,0.39874826666666696,1.7679183999999997,0.006441498235228942583452057395942401711905279827003481373,-0.00006610393475359987587772859808749445151096161924933588695,0.7139786331570650010262359215628602392371664604484918057,65,1.7679
1.7722515333333329,0.00642982753075634,-6.590273927286128e-05,0.033373321286570334,0.01110043982467655,-0.04447376111124689,0.07784708239781722,0.7138893228127159,15.02709121292381,1.8420902911098729,1.8463978785491195,0.6469921005829419,2.489082391692815,0.5325510596999594,-0.0013525337303690885,0.3944151333333338,1.7722515333333329,0.006429827530756339947674788376164635204551143792790989926,-0.0000659027392728612753100705152492148699184149787202301706,0.713889322812715940092031524228044736374498404108546396,65,1.7723
1.7765846666666665,0.006417956794039666,-6.569614261349494e-05,0.0333459918298574,0.011085296903114505,-0.044431288732971905,0.07777728056282932,0.7137892355498278,15.032719818652,1.834282673352265,1.8478553368155832,0.6548072497764134,2.4890899231286783,0.530227618889599,-0.001351906327254169,0.39008200000000015,1.7765846666666665,0.006417956794039666154613134117840583474842969951960109485,-0.00006569614261349494192254316678920939881871253360994934131,0.7137892355498277684095240434385781602147392597752288168,65,1.7766
1.7809177999999997,0.006405882690628861,-6.5484064957457e-05,0.0333184825179996,0.0110694391041284,-0.044387921622128,0.0777064041401276,0.7136781239581026,15.038338329756089,1.8263925124131186,1.8493138837710412,0.6626756649844262,2.4890681773975447,0.5278881764481472,-0.0013512599541867028,0.38574886666666697,1.7809177999999997,0.006405882690628861119243964241722370884194543952294548694,-0.00006548406495745700202711867631940628543966453857613022554,0.7136781239581025726842033837144647131020870495614892403,65,1.7809
1.7852509333333328,0.00639360179960991,-6.526642458275453e-05,0.03329079042021631,0.011052852113511497,-0.0443436425337278,0.07763443295394411,0.7135557321595013,15.043946261619228,1.818418543615289,1.850773591297433,0.670598036170571,2.48901657978586,0.5255323932460001,-0.001350594269075288,0.38141573333333384,1.7852509333333328,0.006393601799609909721652049165179721179197633284651365891,-0.000065266424582754522939959526107875674465410368336759279,0.7135557321595012555103394956622402738367654592257062678,65,1.7853
1.7895840666666665,0.006381110610240261,-6.504313779259743e-05,0.0332629125209296,0.011035521177065378,-0.04429843369799498,0.07756134621892458,0.7134217954246795,15.049543119015206,1.8103594693779281,1.8522345329094856,0.6785750711109475,2.4889345404888754,0.5231599190654337,-0.0013499089208456698,0.37708260000000016,1.7895840666666665,0.006381110610240260701602020734845424996882560310658781272,-0.00006504313779259743794799946431491539824120549564393471375,0.7134217954246795928243743238719321142215561327864591072,65,1.7896
1.7939171999999997,0.006368405518412063,-6.481411884099344e-05,0.03323484571603706,0.011017431081823908,-0.04425227679786097,0.07748712251389804,0.7132760397674045,15.055128395907584,1.802213957925263,1.8536967837874379,0.686607496091209,2.4888214540164717,0.5207703921604844,-0.0013492035490870631,0.372749466666667,1.7939171999999997,0.00636840551841206273260378904536768668042584251447243231,-0.00006481411884099343370580657311493220919901834679779096149,0.7132760397674044977627913659478409336282636633644976194,65,1.7939
1.7982503333333328,0.006355482822932249,-6.457927985456188e-05,0.03320658680898164,0.01099856613624007,-0.04420515294522172,0.07741173975420336,0.7131181815154115,15.060701575244426,1.7939806419287159,1.8551604208105734,0.694696056639498,2.488676698568214,0.5183634387947157,-0.001348477783680161,0.36841633333333385,1.7982503333333328,0.006355482822932249105614575195347512786195663968911052287,-0.00006457927985456187798354705198900267350450126669631553991,0.7131181815154114851831825419194694212185522479795419682,65,1.7983
1.8025834666666665,0.006342338721607717,-6.433853075032683e-05,0.03317813250660528,0.010978910149265175,-0.044157042655870456,0.07733517516247573,0.7129479268560379,15.066262128748438,1.7856581170781083,1.8566255225915904,0.7028415182975525,2.488499635375661,0.5159386727554782,-0.0013477312444056535,0.36408320000000016,1.8025834666666665,0.006342338721607716960280045603655255830764012375561285217,-0.00006433853075032683776839524702348803993231664566059380012,0.7129479268560379001707858853900578909348536447123933079,65,1.8026
1.8069165999999997,0.006328969307122899,-6.409177914923015e-05,0.033149479414772004,0.010958446408244178,-0.04410792582301618,0.07725740523778818,0.7127649713548271,15.071809516702324,1.777244940577334,1.8580921695118466,0.7110446674324626,2.4882896080097967,0.5134956948431526,-0.0013469635405319836,0.359750066666667,1.8069165999999997,0.006328969307122899674196333113422289365008248656956621954,-0.00006409177914923015525481358947282009003173400558157100165,0.7127649713548270323272353266851966046553272405406598827,65,1.8069
1.8112497333333328,0.00631537056269603,-6.383893028508529e-05,0.03312062403374491,0.010937157655544616,-0.044057781689289525,0.07717840572303444,0.7125689994451455,15.077343187729165,1.7687396295595281,1.8595604437575186,0.719306312091757,2.4880459416512855,0.511034092333748,-0.0013461742703809749,0.35541693333333385,1.8112497333333328,0.006315370562696029949634304748200255488804925545411618683,-0.00006383893028508529310358171926886441354522446381889833204,0.7125689994451455353557223481582933407831823151768012633,65,1.8112
1.8155828666666665,0.006301538357499359,-6.357988690867169e-05,0.03309156275330043,0.01091502606382984,-0.044006588817130265,0.07709815157043069,0.7123596838866898,15.082862578567605,1.7601406594163886,1.8610304293567135,0.727627282904676,2.4877679423210646,0.5085534384131066,-0.0013453630208698523,0.35108380000000017,1.8155828666666665,0.00630153835749935894204324405648964410790000993633603581,-0.0000635798869086716879538533929693171778335199675627064249,0.7123596838866898285787179192459196991279263021925955798,65,1.8156
1.8199159999999996,0.006287468441827375,-6.331454918664474e-05,0.03306229184756168,0.010892033209879722,-0.0439543250574414,0.07701661690500308,0.7121366851905727,15.088367113841594,1.7514464620358632,1.8625022122175774,0.7360084340327451,2.4874548960686083,0.5060532915808226,-0.0013445293670280647,0.34675066666666704,1.8199159999999996,0.006287468441827375459074030421153288796237272898800377718,-0.00006331454918664474039097440370920129046942000899184700476,0.7121366851905727362767942401432774836516479127784727541,65,1.8199
1.8242491333333328,0.006273156441995764,-6.304281459491019e-05,0.033032807469531536,0.010868160046853748,-0.04390096751638528,0.07693377498591682,0.711899651008479,15.09385620582447,1.7426554239419352,1.8639758801674489,0.7444506441730169,2.4871060681149517,0.5035331950218197,-0.0013436728714871808,0.34241753333333386,1.8242491333333328,0.006273156441995763813517749500164477715473780273291332719,-0.00006304281459491019054383527940291750897333857506581090594,0.7118996510084789706812823806752320003891599919715118804,65,1.8242
1.8285822666666665,0.006258597854952485,-6.27645778060842e-05,0.03300310564530403,0.010843386874882465,-0.0438464925201865,0.07684959816549053,0.7116482154831562,15.099329254197059,1.7337658843297623,1.865451522993105,0.7529548176175908,2.4867207019473527,0.5009926759433865,-0.0013427930839419963,0.3380844000000002,1.8285822666666665,0.006258597854952485214641692815442163690385139065184218601,-0.00006276457780608419709909064127246541489313274174461342329,0.7116482154831561221304384649053447569780763783359193511,65,1.8286
1.8329153999999996,0.006243788042580757,-6.247973057062801e-05,0.032973182267931445,0.010817693309863189,-0.04379087557779464,0.07676405784572608,0.7113819985572611,15.104785645799558,1.7247761329888367,1.8669292324821531,0.7615218853733546,2.4862980183621914,0.4984312448752635,-0.001341889540580833,0.33375126666666705,1.8329153999999996,0.006243788042580756704413160642930334556354738784443061113,-0.00006247973057062800451141673373427058091754434074285881632,0.711381998557261155685789692870998777210016610044937798,65,1.8329
1.8372485333333328,0.006228722225672009,-6.21881615912119e-05,0.0329430330909219,0.01079105825032496,-0.04373409134124685,0.07667712443216874,0.7111006052373111,15.11022475437684,1.7156844081062108,1.8684091024656309,0.770152806346217,2.485837214452428,0.4958483949301816,-0.0013409617634828344,0.32941813333333386,1.8372485333333328,0.006228722225672009008913962848190785121991231670857144458,-0.00006218816159121189390409282465565735322304255855462416018,0.7111006052373111139727095405204200126565475839769072262,65,1.8372
1.8415816666666665,0.006213395477545081,-6.188975638982629e-05,0.032912653721340626,0.01076345984221574,-0.04367611356355637,0.076588767284897,0.7108036248091876,15.11564594031686,1.706488893941195,1.8698912288618692,0.7788485685944324,2.4853374625356275,0.4932436010220377,-0.0013400092599798838,0.3250850000000002,1.8415816666666665,0.00621339547754508118651312927789573466928878442925336615,-0.00006188975638982628824059944704733959365650382576093419702,0.7108036248091876166892755565311139871631876716767445784,65,1.8416
1.8459148,0.006197802717285798,-6.158439716711536e-05,0.03288203961248558,0.010734875441451382,-0.04361691505393696,0.07649895466642254,0.7104906300013119,15.121048550381788,1.6971877183621507,1.8713757097216894,0.787610190656058,2.4847979090182086,0.4906163190386373,-0.0013390315219805643,0.32075186666666666,1.8459148,0.006197802717285798064577445943167264494444361874130691901,-0.00006158439716711536121227486018437272617934583606269879824,0.7104906300013118195915058852151242807881876837130786983,65,1.8459
1.8502479333333328,0.006181938702578831,-6.127196265336321e-05,0.032851186056105146,0.010705281574051198,-0.043556467630156345,0.0764076536862615,0.7101611760912389,15.126431917431471,1.6877789502351972,1.8728626452750066,0.7964387229559985,2.484217673191196,0.48796598496567173,-0.0013380280252533422,0.31641873333333387,1.8502479333333328,0.00618193870257883032932408511646864963140769021778289517,-0.00006127196265336320424358678850736206395350791030525961294,0.7101611760912388494350008034769642117114035640867838017,65,1.8502
1.8545810666666664,0.006165798022101248,-6.095232795051247e-05,0.03282008817412348,0.010674653893668678,-0.04349474206779216,0.07631483024191563,0.7098147999510126,15.1317953601388,1.6782605966537525,1.8743521379789134,0.8053352492985848,2.4835958459523373,0.48529201395830046,-0.0013369982286659252,0.31208560000000024,1.8545810666666664,0.00616579802210124842164960925279069425312960975709136927,-0.00006095232795051246876028415159781908541078075518419173879,0.7098147999510126165498551786737210561612002861881806084,65,1.8546
1.8589142,0.006149375087444444,-6.0625364364540286e-05,0.03278874090983515,0.01064296713630779,-0.043431708046142936,0.07622044895597808,0.7094510190261687,15.137138182696475,1.66863059999684,1.87584429256733,0.8143008884521465,2.4829314884489864,0.48259379935638747,-0.0013359415733774523,0.30775246666666667,1.8589142,0.006149375087444443959747190091634144003753198885487608982,-0.00006062536436454028579178513454424426269025149662826163624,0.7094510190261686815737797153872843932591382866573690635,65,1.8589
1.8632473333333328,0.0061326641245279725,-6.02909392274535e-05,0.03275713901852783,0.01061019507199516,-0.04336733409052299,0.07612447310905082,0.7090693302427664,15.142459674514706,1.658886834802957,1.8773392161023108,0.8233367958326717,2.482223630635629,0.4798707116390649,-0.0013348574819798788,0.3034193333333339,1.8632473333333328,0.006132664124527972347002926928942412229240679390500443811,-0.00006029093922745349898169009903291476364026941061355811848,0.7090693302427664498735184956729992660057337611355038278,65,1.8632
1.8675804666666664,0.006115659164465564,-5.994891570809871e-05,0.03272527705748747,0.010576310453156143,-0.04330158751064361,0.07602686456813108,0.7086692088362707,15.147759109909265,1.6490271044451106,1.8788370180271048,0.8324441652942607,2.4814712697393713,0.47712209731391203,-0.0013337453575845782,0.29908620000000025,1.8675804666666664,0.006115659164465564425385832069013423435496074595282105343,-0.00005994891570809871392748457321697489865832393524409296217,0.7086692088362707148143406344164293707091344928161133571,65,1.8676
1.8719136,0.00609835403383982,-5.9599152610907584e-05,0.032693149375336426,0.010541284959418043,-0.04323443433475447,0.0759275837100909,0.7082501070954749,15.153035747779288,1.6390491375912901,1.8803378102210735,0.8416242310348003,2.4806733686260904,0.4743472777355904,-0.0013326045828498101,0.2947530666666667,1.8719136,0.006098354033839819730852245614050277522764919032080709965,-0.00005959915261090758492424039294442497784500613336896524459,0.7082501070954749004039509173780421622319784801291854798,65,1.8719
1.8762467333333328,0.006080742344337854,-5.924150416161256e-05,0.03266075010065001,0.01050508913853581,-0.04316583923918582,0.07582658933983584,0.7078114530139544,15.15828883127417,1.6289505844330872,1.8818417070565847,0.8508782696261342,2.4798288540592215,0.4715455478482736,-0.0013314345189442862,0.2904199333333339,1.8762467333333328,0.006080742344337854458337976888777278539150504415696746637,-0.00005924150416161256199828928388463466943737260948553446936,0.7078114530139544537708858141063404908942635200201899864,65,1.8762
1.8805798666666664,0.00606281748169564,-5.8875819778877154e-05,0.03262807312979166,0.010467692343104787,-0.04309576547289644,0.0757238386026881,0.7073526488407549,15.163517587448842,1.618729012663557,1.8833488254580066,0.8602076021788511,2.478936614842408,0.46871617484567374,-0.0013302345044416037,0.28608680000000025,1.8805798666666664,0.006062817481695639502287179797341562539232313464163610991,-0.00005887581977887715719628701047385193477017827795345175438,0.7073526488407548340864075381164704499915823507224206805,65,1.8806
1.884913,0.006044572593893623,-5.8501943830681594e-05,0.03259511211390112,0.010429062662690504,-0.04302417477659162,0.07561928689049274,0.7068730695211376,15.168721226906634,1.6083819031835576,1.8848592849629302,0.8696135966528078,2.4779954998363656,0.46585839674185525,-0.0013290038541398073,0.2817536666666667,1.884913,0.006044572593893623047785839685878720316511137946597813268,-0.00005850194383068159415177105036569762045608244474105457276,0.7068730695211376120520943327461680823671064659065358772,65,1.8849
1.8892461333333328,0.006026000578540404,-5.811971537418772e-05,0.03256186044496333,0.010389166850966537,-0.04295102729592987,0.0755128877408932,0.7063720610172162,15.173898943428878,1.597906645513683,1.886373207785778,0.8790976703256544,2.4770043158393373,0.46297142084533704,-0.001327741857799757,0.2774205333333339,1.8892461333333328,0.006026000578540404436778974848645712062879901477508511045,-0.00005811971537418772338031603747334477960896212208407420215,0.7063720610172161700992188957411276596803790616441491359,65,1.8892
1.8935792666666664,0.006007094069374901,-5.7728967877680224e-05,0.032528311240878155,0.010347970247408179,-0.04287628148828634,0.07540459272916449,0.705848938497201,15.179049913590314,1.5873005328866396,1.887890718883951,0.8886612924328238,2.4759618253194633,0.46005442212823083,-0.0013264477787953443,0.27308740000000026,1.8935792666666664,0.006007094069374900918337714111720874394030744268200878449,-0.00005772896787768022478366509089622216418667537998367577041,0.705848938497200971859246272599508616147557396418730026,65,1.8936
1.8979124,0.005987845421810278,-5.7329528923037367e-05,0.03249445732944324,0.010305436693040746,-0.04279989402248399,0.07529435135192723,0.7053029843807195,15.184173296359265,1.576560756992328,1.8894119460266923,0.8983059869938266,2.4748667439861545,0.4571065414813183,-0.0013251208526678863,0.2687542666666667,1.8979124,0.005987845421810277870062304829533102362131634684360205435,-0.00005732952892303736643120686853684313147672062928597102584,0.7053029843807194540411223523701101494577000771962185059,65,1.8979
1.9022455333333328,0.005968246697434776,-5.692121988702145e-05,0.03246029123115256,0.010261528439686146,-0.0427218196708387,0.07518211090199126,0.7047334462262557,15.189268232681465,1.5656844023449388,1.8909370198668545,0.9080333358412961,2.473717738186235,0.4541268838449976,-0.0013237602855762063,0.2644211333333339,1.9022455333333328,0.005968246697434775339896402368677048028515989697725100763,-0.00005692121988702144944761857579403088426323306646318926059,0.7047334462262556765258810154859229816452321336151915105,65,1.9022
1.9065786666666664,0.005948289647375621,-5.6503855599499986e-05,0.03242580514070296,0.010216206052089359,-0.04264201119279232,0.07506781633349527,0.7041395344451539,15.194333845046314,1.554668440238164,1.892466074015787,0.9178449818709152,2.4725134221090794,0.45111451620497406,-0.0013223652526330276,0.26008800000000026,1.9065786666666664,0.005948289647375621239164125854400928329850880992284564808,-0.00005650385559949998614651194032548495691273495545026838284,0.7041395344451538381571567369786624724126099377045836427,65,1.9066
1.9109118,0.005927965694422062,-5.607724397650528e-05,0.032390990907089474,0.010169428302236367,-0.042560419209325843,0.07495141011641532,0.7035204198248126,15.199369237034176,1.543509722250959,1.8939992451215593,0.9277426325323217,2.4712523547832808,0.44806846544036333,-0.0013209348961172747,0.2557548666666667,1.9109118,0.00592796569442206216387707428313412714069820905080436314,-0.00005607724397650527817739050221203197683145906192019267068,0.7035204198248126031234899442507376500177842929053139539,65,1.9109
1.9152449333333328,0.005907265913791987,-5.564118562580871e-05,0.03235584001215649,0.010121152055095256,-0.042476992067251744,0.07483283207940823,0.7028752308416301,15.204373492843287,1.5322049732621095,1.8955366729507819,0.9377280635833352,2.4699330368454446,0.44498771601050313,-0.0013194683235507364,0.25142173333333384,1.9152449333333328,0.005907265913791986453844433285109995881080371152124693357,-0.00005564118562580870683433278859801156142481842489329385451,0.7028752308416300607784659659619003481103965271070606948,65,1.9152
1.9195780666666664,0.0058861810124137695,-5.51954734224292e-05,0.03232034354745721,0.010071332144922306,-0.04239167569237952,0.07471201923983672,0.7022030507419126,15.209345676794563,1.5207507839272387,1.8970785004742927,0.9478031231322995,2.468553907059538,0.44187120746524605,-0.0013179646056262503,0.24708860000000027,1.9195780666666664,0.005886181012413769688584310212073617132520202921115790085,-0.00005519547342242919795493470112975631139287523454993243893,0.7022030507419126283918645514957908854928903521066825664,65,1.9196
1.9239112,0.005864701306580332,-5.473989205120263e-05,0.03228449218925697,0.010019921241172215,-0.04230441343042919,0.07458890561968616,0.7015029143662822,15.214284832812556,1.5091436025666263,1.8986248739570086,0.9579697359961458,2.467113338562772,0.43871783176177204,-0.0013164227739731087,0.24275546666666667,1.9239112,0.005864701306580332229389680224870764365603705639393423017,-0.00005473989205120263495921768057663436452419698110717829871,0.7015029143662821789841195254015053229006674364867933116,65,1.9239
1.9282443333333328,0.005842816697815684,-5.427421751320485e-05,0.032248276171496316,0.009966869702934478,-0.042215145874430794,0.07446342204592711,0.7007738046900498,15.21918998388054,1.4973797264061526,1.9001759430522807,0.9682299084050269,2.4656096348111793,0.43552643036896993,-0.001314841818743712,0.23842233333333387,1.9282443333333328,0.005842816697815684025589659227425485246337694170095046343,-0.0000542742175132048538838753145861256881327102075728411126,0.7007738046900497573578565364994654323080678110493842298,65,1.9282
1.9325774666666664,0.005820516646775455,-5.37982165924459e-05,0.03221168525650833,0.009912125420684561,-0.0421238106771929,0.07433549593370123,0.7000146490485187,15.224060131467503,1.4854552921069502,1.901731860901113,0.9785857330879566,2.4640410251949065,0.432295791138216,-0.0013132206860036236,0.23408920000000027,1.9325774666666664,0.005820516646775455212155608979247781623714832444796744547,-0.00005379821659244590092541198560135760478345994974286286854,0.7000146490485187110246244544605097350462402395693644984,65,1.9326
1.9369106,0.005797790144981412,-5.331164627882402e-05,0.03217470870325955,0.009855633643985694,-0.042030342347245245,0.0742050510505048,0.6992243150121513,15.228894254924645,1.4733662655115964,1.9032927842366472,0.9890393947780138,2.4624056602896105,0.4290246449168228,-0.00131155827490502,0.22975606666666668,1.9369106,0.00579779014498141165299810195137325004723018790182977655,-0.0000533116462788240180430861885743007597093617959231251397,0.6992243150121513296774494691317590358261027950125693116,65,1.9369
1.9412437333333328,0.005774625684165291,-5.2814253142835476e-05,0.032137335232855266,0.009797336793601227,-0.04193467202645649,0.07407200725931176,0.6984016058718913,15.23369131084862,1.4611084305257793,1.9048588734943657,0.9995931761804425,2.460701606706222,0.42571166187750525,-0.001309853434621075,0.22542293333333388,1.9412437333333328,0.005774625684165290574499720344215413614524879250200117282,-0.00005281425314283547565884442718258956754658856323030012485,0.6984016058718912568297216762262200571654906905126350312,65,1.9412
1.9455768666666664,0.005751011222969297,-5.2305772656978114e-05,0.03209955299101749,0.009737174256275953,-0.04183672724729344,0.07393628023831093,0.6975452556895848,15.238450232408557,1.4486773770443113,1.9064302929285006,1.0102494644523212,2.4589268414966328,0.42235544753389,-0.001308104961016009,0.22108980000000028,1.9455768666666664,0.005751011222969297055881425187489387849795468334823613075,-0.00005230577265697811462264810295831780640426667188530548421,0.6975452556895848225460340753893503375007900579576196852,65,1.9456
1.94991,0.005726934150718364,-5.178592845814376e-05,0.03206134950720651,0.009675082160211847,-0.041736431667418354,0.07379778117462486,0.6966539238622514,15.243169928633492,1.436068487818767,1.9080072107351975,1.0210107582486636,2.4570792460674307,0.41895453840826996,-0.0013063115930223154,0.21675666666666665,1.94991,0.005726934150718364768623289888342001089965521074033543897,-0.00005178592845814376067517615655626864998885536079961711719,0.6966539238622514238929576148982933469832708530337310145,65,1.9499
1.9542431333333328,0.005702381247942077,-5.1254431544553016e-05,0.032022711650013524,0.009610993128994025,-0.041633704779007547,0.07365641642902107,0.695726189141763,15.247849283656473,1.4232769241506102,1.9095897991830466,1.031879675396976,2.455156599547586,0.41550739731338726,-0.0013044720086929525,0.21242353333333386,1.9542431333333328,0.005702381247942076636533831381028478638439477692462247283,-0.00005125443154455301280179770717811674945128434559553583175,0.6957261891417630042574174857535400129857396829238771171,65,1.9542
1.9585762666666664,0.005677338643281473,-5.0710979399936186e-05,0.031983625578402404,0.009544836011410651,-0.041528461589813055,0.07351208716821546,0.6947605430431358,15.25248715591121,1.4102976102783438,1.9111782347516557,1.0428589612704504,2.453156571548794,0.41201240820496743,-0.0013025848208920246,0.20809040000000026,1.9585762666666664,0.005677338643281473141045128824908681434427703471269187625,-0.00005071097939993618831078346504769907632014884307038105492,0.6947605430431357860842483940374492855363496627368467149,65,1.9586
1.9629094,0.005651791766366499,-5.015525503667918e-05,0.031944076688321,0.009476535584247056,-0.041420612272568054,0.07336468896088906,0.6937553825648813,15.257082377276566,1.397125216309431,1.9127726982790205,1.053951497939454,2.451076714248885,0.4084678705558568,-0.0013006485725825256,0.20375726666666666,1.9629094,0.005651791766366498740895274543472257899681553905216752006,-0.00005015525503667917527145829152901996989152820394200600312,0.693755382564881327757630978903494619597605317440655204,65,1.9629
1.9672425333333328,0.005625725296192311,-4.9586925948507955e-05,0.03190404955413535,0.009406012224710178,-0.04131006177884553,0.07321411133298088,0.6927090021334392,15.261633752163732,1.383754139527027,1.914373375118541,1.0651603141920178,2.448914453719045,0.4048719931957852,-0.0012986617316639716,0.19942413333333386,1.9672425333333328,0.005625725296192311103323022750491317876546268971684183919,-0.00004958692594850795367542679084430900743721878971991145291,0.6927090021334392013030741232791482849755461868022466545,65,1.9672
1.9715756666666664,0.00559912310445601,-4.9005642961959684e-05,0.0318635278642626,0.009333181548643503,-0.0411967094129061,0.0730602372771687,0.6916195846703085,15.266140056540172,1.3701784838776185,1.915980455306629,1.076488596526769,2.4466670804043873,0.4012228875528669,-0.0012966226853060728,0.19509100000000026,1.9715756666666664,0.005599123104456010192162313877836669836142549184272732051,-0.00004900564296195968143161652484796773410918436169601216574,0.6916195846703084773197207430373968106683821021490128047,65,1.9716
1.9759088,0.0055719681932373975,-4.841103897433857e-05,0.03182249435028748,0.00925795401011024,-0.04108044836039772,0.0729029427106852,0.6904851916646979,15.270600036883803,1.3563920374176608,1.9175941337419684,1.087939701236658,2.4443317386543186,0.39751856022370397,-0.0012945297337168089,0.19075786666666666,1.9759088,0.005571968193237397104427743511220925885927529045085037143,-0.00004841103897433856662424216277812857690985380109540731308,0.6904851916646978748023764742023134030483025233600305407,65,1.9759
1.9802419333333328,0.005544242626315955,-4.7802727564037826e-05,0.03178093070874057,0.009180234457235724,-0.040961165165976296,0.07274209587471687,0.6893037521158334,15.275012409059945,1.3423882474644402,1.919214610377627,1.0995171677193516,2.4419054151837916,0.3937569047881028,-0.0012923810832741285,0.18642473333333387,1.9802419333333328,0.005544242626315955316644140584961259955933598204832840835,-0.00004780272756403782661903605099253215294976425880292982604,0.6893037521158333388712699189732059434469589629259726373,65,1.9802
1.9845750666666664,0.005515927453309112,-4.7180301456981264e-05,0.03173881751459156,0.009099921638389045,-0.040838739152980606,0.07257755666757217,0.6880730501869096,15.279375857112683,1.3281601931579317,1.9208420904273718,1.111224733170603,2.4393849263285348,0.3899356927717032,-0.001290174838939774,0.18209160000000027,1.9845750666666664,0.005515927453309111958785327721374616090817693202776022609,-0.00004718030145698126303990476084241628838583880657836079468,0.6880730501869095161341345035581620880415448611144087062,65,1.9846
1.9889082,0.005487002625690357,-4.654333083042693e-05,0.031696134125362915,0.009016907651820921,-0.04071304177718384,0.07240917590254675,0.6867907113862854,15.283689031961087,1.3137005550950132,1.9224767845877044,1.1230663488410808,2.436766903936094,0.38605256364481,-0.001287908995861095,0.17775846666666667,1.9889082,0.005487002625690356799080058916125270794945902526366243525,-0.00004654333083042692625993646316133057728155215976149375204,0.686790711386285411326181604957935442704018951734549597,65,1.9889
1.9932413333333328,0.005457446903595941,-4.589136143240125e-05,0.03165285857459438,0.008931077330727384,-0.040583935905321764,0.07223679447991614,0.6854541870599714,15.287950549989526,1.2990015816435845,1.9241189092773614,1.1350461980657744,2.434047779709359,0.38210501372792766,-0.0012855814300517159,0.17342533333333388,1.9932413333333328,0.005457446903595940891374003675572109589092515317271264688,-0.00004589136143240125166481985893134370944920085731433914123,0.6854541870599713741422684290266543498560077582579549584,65,1.9932
1.9975744666666664,0.00542723775215111,-4.522391249150631e-05,0.031608967453180654,0.008842307554337143,-0.040451275007517794,0.07206024246069845,0.6840607369415886,15.292158991519754,1.2840550514803806,1.9257686868962378,1.1471687163089914,2.431223767789372,0.3780903838534058,-0.001283189888024162,0.16909220000000028,1.9975744666666664,0.005427237752151110195210764333502834549844936777351106221,-0.000045223912491506311230856626965317006261037555064001919,0.6840607369415886476322515997833405453775737940374511376,65,1.9976
2.0019076,0.005396351225834575,-4.4540474387634735e-05,0.031564435776856435,0.008750466473972346,-0.040314902250828774,0.07187933802768522,0.6826074094603235,15.296312899150708,1.268852231820118,1.9274263461059788,1.159438613508438,2.428290845328556,0.37400584560740924,-0.0012807319752263036,0.16475906666666668,2.0019076,0.005396351225834575094085982920049264644700902613817179918,-0.00004454047438763473471807811750713155324929211249325317674,0.6826074094603235527881358154927854421083508254080493708,65,2.0019
2.0062407333333327,0.00536476183914542,-4.384050604908325e-05,0.03151923683780493,0.008655412641043485,-0.04017464947884841,0.07169388631665334,0.6810910194520932,15.30041077594991,1.2533838317123411,1.9290921221348154,1.1718608990504153,2.4252447307627567,0.36984838594622155,-0.0012782051431080494,0.16042593333333396,2.0062407333333327,0.005364761839145419870651303234727080386044715993717764144,-0.00004384050604908325658593893293279552000563917319569674946,0.681091019452093172007636422633367669891029818499636409,65,2.0062
2.0105738666666664,0.005332442421530642,-4.3123432035494816e-05,0.03147334203800749,0.008556994021529013,-0.0400303360595365,0.07150367809754399,0.6795081228518564,15.304451083477977,1.237639949672642,1.9307662571095852,1.1844409097664284,2.4220808594390704,0.3656147899445723,-0.0012756066746140995,0.15609280000000025,2.0105738666666664,0.005332442421530641687755891132852567993706038020586228097,-0.00004312343203549481892819030852305903314001239356253688469,0.6795081228518563940326271468942879853944146779748616088,65,2.0106
2.014907,0.00529936395416128,-4.238863925872942e-05,0.031426720701517974,0.00845504687855396,-0.03988176758007193,0.07130848828158991,0.6778549878627179,15.308432239624848,1.2216100147822566,1.9324490004183328,1.1971843414119745,2.418794356194231,0.3613016213897361,-0.0012729336678615575,0.15175966666666665,2.014907,0.00529936395416127976472436584035796940932127884840433078,-0.00004238863925872941863742648574745735516080426977562638439,0.6778549878627179612910173007448667713717138185529115984,65,2.0149
2.0192401333333327,0.005265495385694871,-4.1635473284853986e-05,0.03137933986231748,0.008349394501085655,-0.039728734363403136,0.07110807422572062,0.6761275619963052,15.31235261623304,1.2052827202287177,1.9341406091074211,1.2100972841739872,2.4153800044027047,0.3569052008817133,-0.0012701830177161769,0.14742653333333397,2.0192401333333327,0.005265495385694871077574136456418724276906025780383524662,-0.0000416354732848539831732496672617496181937328370790642738,0.6761275619963052472682062872356363176480460070104044027,65,2.0192
2.0235732666666664,0.005230803423612316,-4.0863234149570106e-05,0.031331164023759815,0.00823984575233868,-0.039571009776098495,0.07090217379985832,0.6743214342538637,15.316210536479204,1.1886459480634233,1.935841348317704,1.2231862628578605,2.4118322109212835,0.35242158103456417,-0.0012673513949260481,0.14309340000000026,2.0235732666666664,0.005230803423612315899057296307192456778692270262594098763,-0.00004086323414957010425938785175865366374467263490446473643,0.6743214342538637212974219687443929432379301948083408314,65,2.0236
2.0279064,0.005195252297041667,-4.0071171606042185e-05,0.03128215488482483,0.008126193405999887,-0.03940834829082472,0.07069050317564955,0.6724317915620471,15.32000427198043,1.1716866837101223,1.9375514917650616,1.2364582825333577,2.40814496624348,0.347846518293784,-0.0012644352224039763,0.13876026666666666,2.0279064,0.005195252297041667138881077499565168611745415382448653908,-0.00004007117160604218372723895038698643399213269381164424425,0.6724317915620470809162041605277380379996612389819397956,65,2.0279
2.0322395333333327,0.005158803486146279,-3.9258479707585926e-05,0.031232271027415402,0.008008212231555466,-0.039240483258970865,0.07047275428638627,0.6704533683828745,15.323732039586108,1.1543909184594416,1.9392713222715197,1.2499208805772952,2.404311799036737,0.34317544078548345,-0.0012614306481662965,0.13442713333333398,2.0322395333333327,0.005158803486146278234366340719935323933875059463322272474,-0.00003925847970758592523284874042401590887850527929563052457,0.6704533683828745211483983031567408240344171496295028512,65,2.0322
2.0365726666666664,0.0051214154121167485,-3.842429060717519e-05,0.03118146755771334,0.007885656781441132,-0.03906712433915448,0.07024859189686782,0.6683803881724367,15.327391997809071,1.136743537813266,1.9410011323542455,1.2635821862478098,2.4003257240610756,0.3384034114899371,-0.0012583335143320693,0.13009400000000026,2.0365726666666664,0.005121415412116748371340955995530661637249911026432396057,-0.000038424290607175190012553601174113554208872286710443713,0.6683803881724367490794320535199587839900411669679647866,65,2.0366
2.0409058,0.005083043080506537,-3.7567667430068246e-05,0.031129695693080585,0.007758258821928733,-0.038887954515009315,0.07001765020808991,0.6662064950524219,15.330982242841381,1.118728193078051,1.9427412248810405,1.2774509891714265,2.3961791822494773,0.33352508587780216,-0.00125513932145664,0.12576086666666667,2.0409058,0.005083043080506537047820020003175080443901624622751347165,-0.00003756766743006824612941900660395997814755831793210590149,0.666206495052421866269688324685636185170682628659276336,65,2.0409
2.0452389333333327,0.005043637669012794,-3.6687596043523995e-05,0.03107690228406322,0.007625724335918996,-0.038702626619982215,0.06977952890404544,0.6639246736619248,15.33450080408982,1.1003271530204746,1.9444919138025805,1.291536818434588,2.3918639714550625,0.3285346629528442,-0.0012518431873097238,0.12142773333333397,2.0452389333333327,0.005043637669012794343415700993621568873763983963108646563,-0.00003668759604352399731794296677489175977360008145145668037,0.6639246736619247436970564945830803418201385818993832571,65,2.0452
2.0495720666666664,0.005003146048723882,-3.578297550655142e-05,0.03102302925860577,0.00748773000820072,-0.038510759266806485,0.06953378852541225,0.6615271546464969,15.337945639153359,1.0815211316556008,1.946253524973623,1.305850034365076,2.387371166020677,0.32342582839809364,-0.0012484397990001571,0.11709460000000027,2.0495720666666664,0.005003146048723881903249274804506815515316829633148000463,-0.00003578297550655142194705828026197893817892273454605974154,0.6615271546464969508944654352835470451986316643779309311,65,2.0496
2.0539052,0.0049615102251921684,-3.485260693013632e-05,0.03096801297244432,0.007343919080984604,-0.03831193205342892,0.06927994502587324,0.6590053025787322,15.34131462814925,1.0622890872866073,1.9480263970778688,1.3204019355925105,2.382691022879118,0.318191688206268,-0.0012449233570831764,0.11276146666666667,2.0539052,0.004961510225192168041974330931614669058534949962690678093,-0.00003485260693013631769058825481588359352033597477902795902,0.6590053025787321905731367346928368415701820227129753241,65,2.0539
2.0582383333333327,0.00491866668225278,-3.389518041064201e-05,0.03091178344559254,0.007193896437864045,-0.03810567988345658,0.06901746332904912,0.6563494822368277,15.34460556727474,1.0426079866876965,1.9498108826742366,1.3352048846269897,2.377812871314686,0.3128246907671888,-0.0012412875099422945,0.10842833333333397,2.0582383333333327,0.00491866668225277968756130035373251855773071667557191783,-0.00003389518041064201036141436690664617364994650816833801409,0.6563494822368276171982594700185215005141621668489823903,65,2.0582
2.0625714666666664,0.0048745456070308025,-3.290925961087586e-05,0.030854263459549693,0.007037222735337726,-0.03789148619488742,0.06874574965443711,0.6535488980201305,15.347816161466696,1.0224525267237141,1.9516073493861534,1.3502724560406836,2.3727249827643977,0.3073165348533325,-0.0012375252762900201,0.10409520000000026,2.0625714666666664,0.004874545607030802463520391509669337711746016265599182051,-0.00003290925961087586277612688319255033101931782529371971259,0.6535488980201305519699707448879473938343392879352698391,65,2.0626
2.0669046,0.004829069968687859,-3.189326344732349e-05,0.030795367482902868,0.006873407349168519,-0.037668774832071386,0.06846414231497425,0.6505913997479201,15.350944015990192,1.00179480359846,1.9534161812603483,1.3656196124489435,2.3674144160474038,0.30165806024526315,-0.0012336289530425156,0.09976206666666666,2.0669046,0.004829069968687859445912239836548537676398290980685615502,-0.00003189326344732348853501661995306169492453778567834268272,0.6505913997479200900183055259987647194539597474222112369,65,2.0669
2.0712377333333327,0.004782154415626194,-3.084544418791588e-05,0.030735000383740642,0.006701899833167641,-0.03743690021690828,0.06817190060064893,0.6474632460174621,15.353986626747071,0.9806039171309691,1.955237780327893,1.3812629149643123,2.361866832095281,0.295839116808849,-0.001229590005040005,0.09542893333333397,2.0712377333333327,0.004782154415626194051298274594626652528297003590138297774,-0.0000308454441879158806657014118854096113656938765482907169,0.6474632460174620523717253859333442104953266915744879902,65,2.0712
2.0755708666666663,0.004733703945336547,-2.9763861057543984e-05,0.03067305587484379,0.006522079493248749,-0.03719513536809254,0.06786819124293633,0.6441488134677723,15.356941369043696,0.9588454937059036,1.9570725684082817,1.3972207767805722,2.3560662704864757,0.28984840658588196,-0.0012253989320315625,0.09109580000000037,2.0755708666666663,0.004733703945336546980062149188059743478355671281055967425,-0.00002976386105754398349351157145496442105814460577521461087,0.6441488134677722664718149837904825213211384757656630444,65,2.0756
2.079904,0.004683612286738456,-2.8646348166658657e-05,0.030609414620657232,0.006333242549122844,-0.036942657169780076,0.0675520717904373,0.6406302363775772,15.359805484489588,0.9364811064373761,1.958920989207873,1.4135137712420927,2.349994877679469,0.2836732917576033,-0.001221045106909142,0.08676266666666667,2.079904,0.004683612286738455751629168561287816597630830267098408125,-0.00002864634816665865720402734938644343488793699999385633459,0.6406302363775772337690114492134110268214395017015313806,65,2.0799
2.0842371333333327,0.004631759915079762,-2.74904751895669e-05,0.030543941911631057,0.006134586173814667,-0.03667852808544572,0.06722246999707678,0.6368869555242785,15.362576065609279,0.9134675640432174,1.960783510777927,1.43016500947268,2.3436325735158974,0.2772995589921501,-0.0012165165771975271,0.08242953333333397,2.0842371333333327,0.004631759915079761863245762756908037065277176406134115449,-0.000027490475189566900142968068174185682876225999028603995,0.6368869555242785866372670593242466829731511273167997351,65,2.0842
2.0885702666666663,0.00457801159176741,-2.629349867507128e-05,0.030476484778715698,0.005925188442891098,-0.0364016732216068,0.0668781580003225,0.6328951473856949,15.365250037630227,0.8897560300728913,1.9626606284160433,1.447200607839238,2.336956637912129,0.27071112739898345,-0.0012117998190374131,0.07809640000000037,2.0885702666666663,0.004578011591767410396955100919378468395123208804384848161,-0.00002629349867507127816677089746541430055146588681499474136,0.6328951473856948982905130983436420096388985310909620462,65,2.0886
2.0929034,0.004522213282100781,-2.5052301098571945e-05,0.030406868374099637,0.005703982852970442,-0.036110851227070084,0.06651771960116971,0.628626993389972,15.367824136747464,0.8652909201213048,1.9645528681200024,1.4646502729171549,2.3299411930384597,0.2638896826355231,-0.0012068794289587378,0.07376326666666666,2.0929034,0.004522213282100780780332506752750881440028811406445659867,-0.00002505230109857194599991932534069493482544971458339511373,0.6286269933899719314912456940911494556171145406942825957,65,2.0929
2.0972365333333327,0.0044641882468244125,-2.3763313645168735e-05,0.030334891376617684,0.005469725522462938,-0.03580461689908063,0.06613950827569831,0.6240497321131283,15.370294883942247,0.8400085043842143,1.96646079073772,1.4825480423157564,2.3225565466999707,0.25681421293733075,-0.0012017377330359545,0.06943013333333396,2.0972365333333327,0.004464188246824412471904719397733630864450559927933977711,-0.00002376331364516873497432803504379000854441786757675507953,0.6240497321131283061883957745088417291162011216111252598,65,2.0972
2.1015696666666663,0.004403732019168724,-2.242241706086965e-05,0.030260320080287572,0.00522095236854507,-0.035481272448832646,0.06574159252912022,0.6191244119823942,15.37265855311901,0.8138351129886048,1.9683849970055733,1.500933235490769,2.3147683484793737,0.2494604128404262,-0.0011963542845921057,0.06509700000000036,2.1015696666666663,0.00440373201916872402407685353535333156713948416320301036,-0.00002242241706086965205235860410765384383583018454287237211,0.619124411982394208405543964106034102412699013582118216,65,2.1016
2.1059028,0.004340605851902883,-2.102481241639433e-05,0.030182880673468766,0.004955922299385115,-0.03513880297285388,0.06532168364632264,0.613804222948809,15.374911131878024,0.7866847964031262,1.9703261337366458,1.5198516924387622,2.306536488841888,0.24179990526816417,-0.001190705208904108,0.060763866666666666,2.1059028,0.00434060585190288324606612426085328552711742425118372852,-0.00002102481241639432946224476178251628404213638732375825712,0.6138042229488089919871606761056962229422277349314615186,65,2.1059
2.1102359333333327,0.004274528022301388,-1.956484977516485e-05,0.030102248982536352,0.0046725404881515645,-0.03477478947068792,0.06487703845322428,0.6080322237162634,15.377048272589773,0.7584562234928146,1.9722849015213877,1.5393574148768152,2.2978136383696297,0.23379920930906814,-0.001184762333699411,0.05643073333333397,2.1102359333333327,0.004274528022301387544301341239853305300083322878003535278,-0.00001956484977516485252828371769982773404436705448080198527,0.6080322237162633961212999590278383261319501037853855571,65,2.1102
2.1145690666666663,0.004205162070367037,-1.8035796635256513e-05,0.03001803658239424,0.00436825260527564,-0.03438628918766988,0.06440432577006412,0.6017381803096071,15.379065230464478,0.7290284889999459,1.974262064453748,1.5595147827831235,2.288543271783069,0.22541834389933896,-0.0011784920129782948,0.05209760000000037,2.1145690666666663,0.004205162070367037068561344944654019498374263585692292568,-0.00001803579663525651126383267557842601158699191826110312352,0.6017381803096071255245763239397565773592938449483379774,65,2.1146
2.1189022,0.004132100532968777,-1.6429517978328647e-05,0.029929771566300774,0.004039895555607091,-0.03396966712190787,0.06389943868820865,0.5948340620483237,15.380956783818705,0.6982553206581457,1.9762584626266015,1.5804016146180437,2.278656935276189,0.2166088967469819,-0.001171853500427654,0.047764466666666665,2.1189022,0.004132100532968777057701778844310523948340072389746358679,-0.00001642951797832864605081645584209853928177446406576233667,0.5948340620483237221588825376177157585466418093774322726,65,2.1189
2.1232353333333327,0.004054841864750413,-1.4736022699488444e-05,0.029836871229810203,0.0036834810228878025,-0.033520352252698005,0.0633572234825082,0.5872074442444138,15.38271712938166,0.6659568676374863,1.978275028505057,1.6021135015916623,2.2680703692291484,0.2073112843128176,-0.001164796641511869,0.04343133333333397,2.1232353333333327,0.004054841864750413033698508852982704959813125161218040684,-0.00001473602269948844339756439716924323497420869693480096909,0.5872074442444138769361165668352540744731709077402510456,65,2.1232
2.1275684666666663,0.0039727566907874585,-1.2942800957341056e-05,0.029738602082502546,0.003293871377981998,-0.033032473460484546,0.06277107554298708,0.5787115247625384,15.384339741615426,0.6319077054487536,1.9803128088838602,1.6247701332058808,2.2566778386546344,0.19745074509415286,-0.0011572584987384915,0.03909820000000037,2.1275684666666663,0.003972756690787458867383543051274626538013988670962074288,-0.00001294280095734105666535799081204522169116366413838697058,0.5787115247625384088379199159228925543164724443707024259,65,2.1276
2.1319016,0.0038850366561770755,-1.1033820686711602e-05,0.029634019169234794,0.0028642755766014414,-0.03249829474583624,0.06213231391507103,0.569149418300676,15.385817178407267,0.5958186751996967,1.9823729951564664,1.6485248647292727,2.2443435399289693,0.18693126647865344,-0.0011491582366172373,0.034765066666666664,2.1319016,0.003885036656177075357050655659758939545079314536546860942,-0.00001103382068671160161497543104401883134230589279750323926,0.5691494183006760550070425493061862929883497511911452054,65,2.1319
2.1362347333333327,0.0037906134465167584,-8.98794031286727e-06,0.02952186989599513,0.002385427931987854,-0.03190729782798299,0.06142916772397812,0.5582482561713936,15.387140803591732,0.557308166829829,1.9844569664592204,1.6735798294027033,2.2308879962325325,0.17562596957713678,-0.0011403890237078557,0.030431933333333966,2.1362347333333327,0.003790613446516758595775004089592308383951228605134410977,-0.000008987940312867270281296544612421729474530686037038804918,0.5582482561713935987047017881529778187902903032308063461,65,2.1362
2.1405678666666663,0.00368802346368753,-6.776258597591937e-06,0.029400433129891768,0.001844171146690787,-0.031244604276582554,0.06064503740647432,0.5456139007961245,15.388300373998906,0.5158541947059464,1.9865663537627662,1.7002111283753896,2.216065323081336,0.1633610407142421,-0.0011308045001984495,0.026098800000000366,2.1405678666666663,0.003688023463687529985604737155205730148917090417915970499,-0.000006776258597591937299920466622762738979484498724361598007,0.5456139007961245243881253413024725265327139740271280709,65,2.1406
2.144901,0.003575165525051569,-4.3573737068406125e-06,0.0292672307723464,0.0012208251101532815,-0.030488055882499684,0.059755286654846085,0.5306456176138419,15.389283391721877,0.4707087161010563,1.9887031402231514,1.7288138056911693,2.199522521792226,0.1498869591154595,-0.0011201945478252365,0.021765666666666666,2.144901,0.003575165525051568833883473390881072346316395860981931558,-0.000004357373706840612513665465939738143663783887374925922286,0.5306456176138418893715168795668859623252429923852742071,65,2.1449
2.1492341333333327,0.0034488253927120664,-1.6680883627079608e-06,0.02911846111632323,0.00048379988257391335,-0.029602260998897144,0.05872072211522037,0.5123584962466388,15.390074015130375,0.42072978379565856,1.990869829600506,1.7599898166028787,2.1807196003985374,0.13482203376104449,-0.0011082377427985353,0.017432533333333968,2.1492341333333327,0.003448825392712066588015738521000636464979779107643692425,-0.000001668088362707960780138075736769973890251334493511111606,0.5123584962466387842504768193696609550477277488036829885,65,2.1492
2.1535672666666663,0.0033036148389755738,1.397311134566926e-06,0.028947732982692258,-0.0004230559767901619,-0.028524677005902097,0.057472409988594354,0.48895845910566166,15.390651042793262,0.3640077741225481,1.9930697575211818,1.794743562525224,2.158751336647772,0.11752640850813584,-0.0010943952623490016,0.013099400000000367,2.1535672666666663,0.003303614838975573588658558145369398310142948327243892915,0.000001397311134566925925123530845104037451853585258775633599,0.4889584591056616763028374854514162884700544996401533279,65,2.1536
2.1579004,0.003129090295035934,5.043277202331272e-06,0.028742623623609003,-0.0016171452697427008,-0.027125478353866302,0.055868101977475305,0.4565813439376902,15.390983599286152,0.2968527957380682,1.9953077563988677,1.8350104152424274,2.1318632109804954,0.09675985764898745,-0.0010776227495960197,0.008766266666666666,2.1579004,0.003129090295035933756651652612395666166635770878686149786,0.000005043277202331272049659173696947895893328794521082586062,0.4565813439376901871212384890256580500467563853468834107,65,2.1579
2.1622335333333327,0.0028985895025301417,9.790604893210434e-06,0.028471325405520827,-0.003433575040079482,-0.025037750365441345,0.05350907577096217,0.40374786919952416,15.391019265249039,0.20988503053953644,1.9975919816299097,1.8856909334521856,2.095575963991722,0.06935588070026803,-0.0010552539787032885,0.004433133333333967,2.1622335333333327,0.002898589502530141543308618657248452223525538473296279132,0.000009790604893210434446847932007046550552013807624828964787,0.4037478691995241691443124453144778603938961413223950737,65,2.1622
2.1665666666666663,0.0024038339869732563,1.969549996650192e-05,0.027884407115004842,-0.009722798785877087,-0.018161608329127756,0.046046015444132594,0.1832690507931014,15.39061780482006,0.03067950424785998,1.9999440850397638,1.984219307720123,2.0148988119679827,0.010574818863205968,-0.0010064611022223143,0.00010000000000036667,2.1665666666666663,0.00240383398697325649278222287101191666641944296570441815,0.00001969549996650191789585698862792351692370402330274358927,0.1832690507931013969287872833374851818334321127452634487,65,2.1666
2.1665666666666668,0.0024038339869730937,1.969549996650511e-05,0.027884407115004648,-0.009722798785880848,-0.0181616083291238,0.046046015444128445,0.18326905079295033,15.39061780482006,0.030679504247803153,1.999944085039764,1.9842193077201526,2.0148988119679556,0.010574818863186628,-0.001006461102222298,0.0001,2.166566666666666666666666666666666666666666666666666667,0.00240383398697309369400316497201774524693792578135720464,0.00001969549996650510910138990624902418620285223696058910193,0.1832690507929503391987134488629455341228845507460717989,65,2.1666
2.1666080372002074,0.002383015999437446,2.0103196504998583e-05,0.02785950477741612,-0.010236515999413737,-0.017622988778002384,0.0454824935554185,0.16240254658836017,15.390609840526427,0.023429798945279898,1.9999671797823562,1.9879949274864346,2.0114247264317147,0.008101812027000832,-0.0010043858278866824,5.862946645916402e-05,2.166608037200207502646666666666666666666666666666666667,0.002383015999437445979581610351473214848618362892873674254,0.00002010319650499858282332359728834826112968694274620770739,0.162402546588360171052059383152334619982701810722793685,65,2.1666
2.166632292523294,0.002367059294282962,2.0415173495043612e-05,0.027840403675696446,-0.010687746741262761,-0.017152656934433685,0.044993060610130135,0.1436868287132118,15.390605035991511,0.01789808198160038,1.9999807408529928,1.9908596001804484,2.0087576821620488,0.006206280939471053,-0.0010027939826606,3.43741433728624e-05,2.166632292523293804266666666666666666666666666666666667,0.002367059294282962169304658752688869047751318595334346277,0.00002041517349504361058289974054174717120164237750660082484,0.143686828713211812805451670428261507493619335369959342,65,2.1666
2.166646513289807,0.0023548317244803147,2.065393575986295e-05,0.027825758331562086,-0.011083866780653318,-0.01674189155090877,0.044567649882470854,0.1269536263450328,15.390602158596163,0.013675807077046903,1.9999887009238626,1.993035665228068,2.006711472305115,0.004753737961423567,-0.0010015734684469951,2.0153376859417352e-05,2.166646513289807249314666666666666666666666666666666667,0.00235483172448031457836556842980558675288533733654032346,0.0000206539357598629522243419477393072984723903461008514805,0.1269536263450327907927522265045598766687557315901755662,65,2.1666
2.1666548508493406,0.0023454635289285133,2.0836684962135437e-05,0.02781453285758468,-0.011431442592594569,-0.016383090264990113,0.04419762312257479,0.11203425258102609,15.390600444470573,0.01045198281787352,1.9999933720313423,1.9946903358385517,2.0051423186564254,0.003640864373377647,-0.0010006379638207868,1.181581732618102e-05,2.166654850849340485646666666666666666666666666666666667,0.002345463528928513392886680875489799919798862761724054237,0.00002083668496213543757622238466169295735911177338076730919,0.1120342525810260846640959906719850087730789492864900185,65,2.1667
2.1666597391160107,0.002338287067893252,2.0976573632601452e-05,0.027805930740098943,-0.011736302329581831,-0.016069628410517112,0.043875559150616056,0.09876400813628006,15.390599427327023,0.007989775155605209,1.9999961125413364,1.9959496555187315,2.0039394306743366,0.0027883511642449333,-0.0009999210886554543,6.927550656129393e-06,2.166659739116010537273666666666666666666666666666666667,0.002338287067893252065624434220996644173598542185772297958,0.00002097657363260145226692831107292435712953657446727506906,0.09876400813628005098812938109481774862764409717291886361,65,2.1667
2.166662605080678,0.0023327901644720904,2.1083661188917214e-05,0.02779934012494404,-0.012003606355398879,-0.01579573376954516,0.043595073894489196,0.0869852273521582,15.390598825527311,0.006108743242653791,1.9999977201237182,1.9969088243508457,2.0030175675934996,0.0021353564961171796,-0.0009993718503110965,4.061585988376979e-06,2.166662605080678289687666666666666666666666666666666667,0.002332790164472090603634302823181495291156924051497116578,0.0000210836611889172121952282207710606043508817889247822674,0.08698522735215820543123928529737658090092715744418992039,65,2.1667
2.166664285380472,0.0023285800836042405,2.1165643190438608e-05,0.027794291360356715,-0.012237914914805383,-0.015556376445551332,0.043350667805908044,0.07654925976235348,15.390598470248843,0.004671350307291274,1.9999986630156212,1.997639871560422,2.0023112218677133,0.0016352268863447988,-0.0009989511072284636,2.381286194765587e-06,2.166664285380471901079666666666666666666666666666666667,0.002328580083604240534730378473365996411686920069588862977,0.00002116564319043860781292849878788309546310640774909029176,0.07654925976235348540156755079026335435274015777865575966,65,2.1667
2.1666652705312757,0.0023253557811607575,2.1228407965352446e-05,0.0277904241551651,-0.012443251593546749,-0.015347172561618353,0.04313759671678345,0.06731763447873725,15.390598260853318,0.0035727171854627268,1.9999992159963014,1.9981973775973556,2.0017700947828185,0.001252200775665116,-0.0009986288323547315,1.396135390856793e-06,2.166665270531275809873666666666666666666666666666666667,0.002325355781160757672879435527796350556616316823991782664,0.00002122840796535244483574768308099341810840606268313218215,0.06731763447873724743423248767082467769500925377553291455,65,2.1667
2.166665848119936,0.0023228865569925603,2.1276461723473258e-05,0.027787462235744947,-0.012623161906484775,-0.015164300329260172,0.04295176256500512,0.05916261105535598,15.390598137593296,0.002732835380798892,1.9999995402813837,1.99862275556084,2.001355590941639,0.0009588727867362541,-0.000998382001030908,8.185467307069021e-07,2.166665848119935959764566666666666666666666666666666667,0.002322886556992560223221476207586879747016235649492354847,0.00002127646172347325685484616987255258021493579136842849169,0.05916261105535598070279772921314123359942351134070669745,65,2.1667
2.1666661867570856,0.002320995652686894,2.1313253393956653e-05,0.027785193825365775,-0.012780766783182369,-0.015004427042183407,0.042789620867549186,0.05196728117512766,15.390598065105564,0.002090646154837344,1.9999997304418582,1.9989474638894769,2.001038110044314,0.0007342453343055685,-0.00099819296400769,4.799095809323878e-07,2.166666186757085734278866666666666666666666666666666667,0.002320995652686893812219747645744729003659971260779562801,0.00002131325339395665147991454017447365443018865432429136756,0.05196728117512765916225169308097109337518062737364807405,65,2.1667
2.1666663852982397,0.002319547659300834,2.1341422947340024e-05,0.027783456629283325,-0.01291881098939879,-0.014864645639884535,0.04264810226916786,0.04562535135103708,15.39059802250719,0.0015995359916793387,1.9999998419471257,1.9991954231613311,2.0007949591530103,0.0005622328022170849,-0.0009980481959815316,2.8136842678706835e-07,2.166666385298239879598316666666666666666666666666666667,0.002319547659300833783054015546747863600586720327656417955,0.00002134142294734002534635164796383569096323919242830845121,0.04562535135103708280900873129090875181316354009541836224,65,2.1667
2.1666665017018594,0.002318438856202679,2.1362991291850112e-05,0.02778212629788699,-0.013039706686078612,-0.01474241961180838,0.04252454590969537,0.040040708002987924,15.390597997487465,0.001223907720217129,1.999999907328889,1.9993848381758768,2.000608745896094,0.00043051389482450365,-0.0009979373340300384,1.6496480740980207e-07,2.166666501701859256864596666666666666666666666666666667,0.002318438856202678976992610384340344003375169636576911166,0.00002136299129185011208714423950216973546075078781344680237,0.04004070800298792547334298012361887669483932109058489046,65,2.1667
2.1666665699486805,0.002317589802289215,2.1379505531428137e-05,0.02778110756947149,-0.013145572420945864,-0.014635535148525626,0.04241664271799712,0.03512684248693682,15.390597982798546,0.0009365690255913611,1.999999945664929,1.999529574311245,2.0004661433368365,0.000329651542049877,-0.000997852439402079,9.671798642975443e-08,2.166666569948680236912236666666666666666666666666666667,0.002317589802289215340858724672564276714468163442151897757,0.00002137950553142813536444379883053671498407787232353722251,0.03512684248693682172667984443178069929092497697878628345,65,13/6 − 9.7e-08
2.1666666099614273,0.0023169396565217272,2.1392150103268026e-05,0.02778032747448337,-0.013238267895653433,-0.014542059578829937,0.04232238705331331,0.03080619440331008,15.390597974177542,0.0007167424740788248,1.9999999681425187,1.9996401989451118,2.0003569414191906,0.00025241822772150064,-0.0009977874311358466,5.670523941381169e-08,2.166666609961427252854976666666666666666666666666666667,0.002316939656521727105763332222723595265311004410927024876,0.00002139215010326802496293478880995463482998154621030523165,0.03080619440331007681970138601606027184535094142009466516,65,13/6 − 5.7e-08
2.166666633420687,0.0023164418253277352,2.1401831824553815e-05,0.02777973012392927,-0.01331942486950242,-0.01446030525442685,0.04224003537835612,0.027009456187837868,15.390597969119066,0.0005485484026843698,1.9999999813216263,1.9997247706093442,2.0002733190120288,0.0001932789358218758,-0.0009977376517162696,3.324597932270945e-08,2.166666633420687343957216666666666666666666666666666667,0.002316441825327735180452758053274194164416628773052005428,0.00002140183182455381329166179643443443236631368873094867252,0.02700945618783786910866149970074372674156838788988792241,65,13/6 − 3.3e-08
2.1666666471747265,0.0023160606275756993,2.140924498243049e-05,0.02777927271411805,-0.013390474559725583,-0.014388798154392465,0.042168070868510515,0.023674869969268424,15.3905979661515,0.0004198477897521639,1.9999999890487437,1.999789437758623,2.000209285548375,0.00014799497478957743,-0.000997699534110252,1.9491940296028503e-08,2.166666647174726370638163666666666666666666666666666667,0.002316060627575699328394394799154112126363300948918994744,0.00002140924498243049009919527293465216576186021817817996426,0.02367486996926842330987186569688254579851659241527082142,65,13/6 − 1.9e-08
2.166666655238646,0.0023157687396355765,2.1414921155499364e-05,0.027778922464710778,-0.013452671885433627,-0.014326250579277151,0.04210517304398793,0.020747538382775026,15.390597964410821,0.00032135932466146835,1.9999999935792356,1.9998388935986509,2.0001602529233122,0.00011332046922412846,-0.000997670346588022,1.1428020598100332e-08,2.166666655238646068566334666666666666666666666666666667,0.002315768739635576501062833508958293078046827818975631057,0.00002141492115549936259775355154917115865905201567475394213,0.02074753838277502489186916352734311694091514655007679978,65,13/6 − 1.1e-08
2.166666659966479,0.0023155452382950434,2.141926735158495e-05,0.02777865427255503,-0.01350711688241717,-0.014271537390137859,0.04205019166269289,0.01817876393650031,15.390597963389906,0.0002459854460742493,1.9999999962354946,1.9998767219190112,2.0001227073650854,8.676987198596342e-05,-0.0009976479971996078,6.700187503509577e-09,2.166666659966479163157089666666666666666666666666666667,0.002315545238295043281492894731923760159367264162875449481,0.00002141926735158495146258288536136507914915492641499116798,0.01817876393650030974214522674867221627221939157225321013,65,13/6 − 6.7e-09
2.1666666627383826,0.0023153741017719713,2.142259520360505e-05,0.02777844891427011,-0.013554773592347608,-0.014223675321922502,0.042002124236192616,0.015925426195433027,15.390597962791185,0.00018829771397487475,1.9999999977928702,1.9999056602788723,2.000093957992847,6.64398946215366e-05,-0.0009976308839844648,3.9282841850712545e-09,2.166666662738382481595412166666666666666666666666666667,0.002315374101771971202331475234802052115780018728152221692,0.00002142259520360504865126919360355262109996895008431579864,0.01592542619543302699865600091606585721052139716708090456,65,13/6 − 3.9e-09
2.1666666643635346,0.0023152430616773644,2.1425143321185336e-05,0.02777829166940654,-0.013596486704698058,-0.014181804964708484,0.04196009663411503,0.013949402097766867,15.390597962440086,0.00014414372468593686,1.9999999987059625,1.9999278004490197,2.0000719441737056,5.087312814209851e-05,-0.000997617780231311,2.3031320587070007e-09,2.166666664363534607959665966666666666666666666666666667,0.002315243061677364315209298908403137684808979009981321094,0.00002142514332118533701690386853880242650779029174584115687,0.01394940209776686774110568695351074810781343030690666525,65,13/6 − 2.3e-09
2.1666666653163524,0.00231514272381,2.1427094403132633e-05,0.027778171265871256,-0.013632996204330509,-0.014145175061540748,0.04192334632741201,0.012217031846891152,15.390597962234205,0.00011034677930521201,1.9999999992413087,1.9999447411701703,2.0000550879494754,3.895359912296706e-05,-0.000997607746594846,1.3503140378698723e-09,2.166666665316352628796794366666666666666666666666666667,0.002315142723809999856651724465236306030303012554160130529,0.00002142709440313263269349076408052913100318715256137393327,0.01221703184689115183971490842741800282208125171592701206,65,13/6 − 1.4e-09
2.1666666658749847,0.0023150658948592456,2.1428588339183726e-05,0.027778079072247622,-0.013664950253068023,-0.014113128819179597,0.041891207891427217,0.010698630778877382,15.390597962113482,8.447636166944528e-05,1.9999999995551814,1.9999577046392052,2.0000421810008744,2.9826786294956285e-05,-0.000997600063787874,7.916819159262985e-10,2.166666665874984750740368166666666666666666666666666667,0.002315065894859245439430107532609153873065667128176628505,0.00002142858833918372475570918012708547083611267985187170103,0.01069863077887738105862047650421244310377702069722263985,65,13/6 − 7.9e-10
2.1666666662025076,0.002315007066809058,2.142973224126424e-05,0.02777800847924247,-0.013692916510238016,-0.01408509196900445,0.04186310044824692,0.009368046192643075,15.390597962042698,6.46726916881753e-05,1.9999999997392044,1.9999676253815115,2.0000322980731995,2.2838370991332375e-05,-0.0009975941810345097,4.6415888336127913e-10,2.166666666202507783305387536666666666666666666666666667,0.002315007066809057923159382753471894261894518950494455511,0.00002142973224126423915843017490937986726865428558152584632,0.009368046192643074897760462839712191447731997579786993292,65,13/6 − 4.6e-10
2.1666666663945326,0.002314962022115586,2.143060812398052e-05,0.02777795442599438,-0.013717392075438348,-0.014060562350556029,0.041838516776550407,0.00820225719163212,15.390597962001193,4.9512587106746516e-05,1.9999999998470965,1.9999752180859114,2.0000247306730183,1.7487334714546353e-05,-0.0009975896765954475,2.721338768375309e-10,2.166666666394532789829135766666666666666666666666666667,0.00231496202211558623955533495330920821801373674526394459,0.00002143060812398051978277478450796280755990288163221696323,0.008202257191632119265186511015181319090774442808761667819,65,13/6 − 2.7e-10
2.166666666507116,0.002314927531373871,2.14312787853102e-05,0.027777913037329505,-0.013738812216783698,-0.014039100820545807,0.04181701385787531,0.007181014999844549,15.390597961976859,3.790688952853251e-05,1.9999999999103533,1.99998102940239,2.0000189362919185,1.3390043816315228e-05,-0.0009975862275390316,1.5955064004448258e-10,2.166666666507116026622184086666666666666666666666666667,0.002314927531373871008496667015998385753563780913761607943,0.00002143127878531020021405736461851799670524691494630505095,0.007181014999844548578440035548417937790531037651404625756,65,13/6 − 1.6e-10
2.166666666573123,0.002314901121810892,2.1431792309291613e-05,0.02777788134598596,-0.013757558029668455,-0.014020323316317505,0.04179820466230346,0.006286520887009069,15.390597961962591,2.902201490347236e-05,1.9999999999474405,1.9999854775076693,2.000014499522573,1.0252747900459386e-05,-0.0009975835865931439,9.354368899026163e-11,2.166666666573122977676405036666666666666666666666666667,0.002314901121810891867156561298941856967423333995485706267,0.00002143179230929161103343367104670315806685040510607924837,0.006286520887009068764677929435771103192797837311626456586,65,13/6 − 9.4e-11
2.1666666666118224,0.0023148809000146943,2.1432185513640678e-05,0.02777785707990793,-0.013773963154597162,-0.014003893925310769,0.0417817510052187,0.005503138695285614,15.390597961954224,2.2219946251879233e-05,1.9999999999691846,1.99998888233639,2.000011102282642,7.850521132647594e-06,-0.0009975815644196276,5.4844165761210266e-11,2.166666666611822500905456400666666666666666666666666667,0.002314880900014694274012541360165260642914071912205489576,0.00002143218551364067838165058399576485419887604164780571306,0.005503138695285614192612535788461035919319532556709558201,65,13/6 − 5.5e-11
2.166666666634512,0.002314865416194614,2.1432486589536043e-05,0.02777783849936922,-0.013788319667804246,-0.01398951883156497,0.04176735733093419,0.004817138948163955,15.39059796194932,1.7012327479518823e-05,1.9999999999819331,1.9999914886861883,2.0000085010136677,6.01113718663323e-06,-0.000997580016041198,3.215484176977703e-11,2.166666666634511824896889636666666666666666666666666667,0.00231486541619461425902896808826305109591216583534819553,0.00002143248658953604279902428024494471784292628614748629818,0.004817138948163954991623158504324382758826285854535985389,65,13/6 − 3.2e-11
2.1666666666478145,0.0023148535602433374,2.1432717122869453e-05,0.027777824272254295,-0.013800883245105594,-0.013976941027148701,0.041754765299402995,0.004216471599844592,15.390597961946444,1.3025340843323822e-05,1.9999999999894076,1.999993483880514,2.000006509221357,4.6027220520088404e-06,-0.0009975788304481682,1.8852212170408724e-11,2.166666666647814454496257942666666666666666666666666667,0.002314853560243337518789449341894424745596495673144138983,0.00002143271712286945210866957155987945987499469974723712043,0.004216471599844592005946554846241554008725866916252163035,65,13/6 − 1.9e-11
2.1666666666556136,0.0023148444821504775,2.143289364189723e-05,0.027777813378558464,-0.01381187768757732,-0.013965935690981144,0.04174374906953961,0.0036905646195597814,15.390597961944758,9.972832335582522e-06,1.9999999999937896,1.9999950112738207,2.0000049841061562,3.524299652682313e-06,-0.0009975779226401122,1.1052951411260244e-11,2.166666666655613715255406422666666666666666666666666667,0.002314844482150477508017161580182095915219566932975118721,0.00002143289364189722938656423881688142709541213472192080008,0.00369056461955978151481218010701831777494146876756106884,65,13/6 − 1.1e-11
2.1666666666601864,0.002314837531062606,2.1433028802264867e-05,0.027777805037262165,-0.013821498887119262,-0.013956306150142903,0.04173411118740507,0.0032301457773545364,15.39059796194377,7.635746362596288e-06,1.999999999996359,1.9999961805796107,2.0000038163259735,2.698552549604942e-06,-0.0009975772275320463,6.480286440412508e-12,2.1666666666601863802262541586666666666666666666666666667,0.0023148375310626057418443215755871496330569848684527852011,0.000021433028802264867162013174273336463401585885646012285452,0.0032301457773545363655070419121840298512103941871043243623,66,13/6 − 6.5e-12
2.1666666666628673,0.002314832208621155,2.143313229437291e-05,0.027777798650337786,-0.013829918300610516,-0.01394788034972727,0.041725679000065054,0.002827085189352368,15.39059796194319,5.84638732392923e-06,1.9999999999978653,1.999997075769998,2.000002922157322,2.066278767530051e-06,-0.0009975766952883241,3.799357365039398e-12,2.1666666666628673093016272686666666666666666666666666667,0.002314832208621155025701058431003080879831867240256865193,0.000021433132294372913056673553459763773726579515075392603395,0.0028270851893523680564764814841776705464599152935943105776,66,13/6 − 3.8e-12
2.166666666664439,0.0023148281332330527,2.143321153814241e-05,0.027777793759875206,-0.013837285993085327,-0.013940507766789881,0.041718301526665086,0.0024742563797468804,15.39059796194285,4.476374376149274e-06,1.9999999999987483,1.9999977611186313,2.0000022374930073,1.5821473634124562e-06,-0.0009975762877497618,2.2275429519995566e-12,2.1666666666644391237146671100666666666666666666666666667,0.0023148281332330527743785374578744226278938491284924622216,0.000021433211538142409099082548379714926724533325087610512875,0.0024742563797468802510713436856759193648070526419965732852,66,13/6 − 2.2e-12
2.1666666666653605,0.002314825012712638,2.1433272214993886e-05,0.027777790015252553,-0.013843733303039321,-0.013934056712213231,0.041711846727465786,0.0021654138155056536,15.390597961942651,3.4274222045536293e-06,1.9999999999992661,1.999998285823893,2.0000017132460974,1.2114484523347912e-06,-0.0009975759756978655,1.3059965479060548e-12,2.1666666666653606701187606118666666666666666666666666667,0.0023148250127126381457724041223388330754186322579150312613,0.000021433272214993886161304832299660723719614509029978659333,0.0021654138155056534476921854981866306145289395790533392636,66,13/6 − 1.3e-12
2.166666666665901,0.002314822623333523,2.143331867518183e-05,0.027777787147998695,-0.013849375176516557,-0.01392841197148214,0.041706199119480834,0.0018950850625144477,15.390597961942534,2.6242844175421906e-06,1.9999999999995697,1.9999986875462934,2.000001311830711,9.276046957642176e-07,-0.0009975757367600394,7.656988080124188e-13,2.16666666666590096785865424786666666666666666666666666667,0.00231482262333352301680243572475922678870232194565266728416,0.0000214333186751818296815273507907229657451425950964159383655,0.00189508506251444780505655734905485580650236558022490318232,67,13/6 − 7.7e-13
2.1666666666662175,0.0023148207937885757,2.143335424968948e-05,0.027777784952545393,-0.013854312210933114,-0.01392347274161228,0.041701257694157674,0.0016584758950533057,15.390597961942467,2.0093520205789472e-06,1.9999999999997478,1.999998995115318,2.0000010044673386,7.102658449389828e-07,-0.0009975755538055946,4.489251258218608e-13,2.16666666666621774154084480586666666666666666666666666667,0.00231482079378857555307305333817611734161561588903862682382,0.0000214333542496894814525500800156249995727074215703659792898,0.0016584758950533056600798950186162316880636131249716355522,67,13/6 − 4.5e-13
2.1666666666664036,0.0023148193929080686,2.14333814890459e-05,0.027777783271489154,-0.013858632444577815,-0.013919150826911341,0.041696934098400494,0.0014513868619383447,15.390597961942426,1.5385186202011735e-06,1.9999999999998521,1.999999230600898,2.0000007691195183,5.438497314122016e-07,-0.0009975754137175731,2.632024060704872e-13,2.16666666666640346426059617946666666666666666666666666667,0.00231481939290806864186172420129222762484222218150376121073,0.0000214333814890458994934383780362441102308064545728614390034,0.00145138686193834464296884036229746373922631169394688263096,67,13/6 − 2.6e-13
2.1666666666665124,0.002314818320255463,2.143340234618765e-05,0.027777781984306246,-0.013862412923317675,-0.013915369060988572,0.04169315104529482,0.0012701399712716844,15.390597961942403,1.1780151843284493e-06,1.9999999999999134,1.9999994108987575,2.000000588913942,4.1642510314056136e-07,-0.0009975753064523298,1.5431416638680932e-13,2.16666666666651235250027985734666666666666666666666666667,0.00231481832025546313660606080406310460848692702016836498235,0.0000214334023461876509956329992038292711938409478193227063578,0.00127013997127168442721798268175434485782917896587556536994,67,13/6 − 1.5e-13
2.1666666666665764,0.0023148174989266,2.143341831647565e-05,0.02777778099871174,-0.013865721072155644,-0.013912059926556095,0.04168984092526783,0.0011115143011343337,15.390597961942388,9.01986937491278e-07,1.9999999999999492,1.9999995489437914,2.0000004509307288,3.1885621217210196e-07,-0.0009975752243194535,9.047357242349312e-14,2.166666666666576193094243173546666666666666666666666666667,0.002314817498926599948285871839617072491442175080558213989821,0.00002143341831647564892781352270974504875928048328197300643646,0.001111514301134333678896457141525985369520822217049971664331,68,13/6 − 9.0e-14
2.1666666666666137,0.002314816870036044,2.143343054490579e-05,0.027777780244043145,-0.013868615895878872,-0.013909164348164275,0.041686944592207426,0.0009726894758553296,15.390597961942381,6.906383380539721e-07,1.9999999999999702,1.9999996546387986,2.0000003452771367,2.441478257331781e-07,-0.0009975751614304039,5.304417279843926e-14,2.166666666666613622493868227406666666666666666666666666667,0.002314816870036043945962957321593418709921142369201771015933,0.00002143343054490579266121230699821257000068096194938943487357,0.000972689475855329659886662157947019148160951030351025289944,68,13/6 − 5.3e-14
2.1666666666666354,0.0023148163884952806,2.143343990819998e-05,0.027777779666194276,-0.013871149030041644,-0.01390663063615263,0.0416844103023469,0.0008511960671538506,15.390597961942376,5.288129212422515e-07,1.9999999999999825,1.9999997355653794,2.0000002643783006,1.8694370157328755e-07,-0.000997575113276331,3.1099515499402015e-14,2.166666666666635567151167264651666666666666666666666666667,0.002314816388495280496437614598348575854654915026919406580742,0.00002143343990819997830011173160876262151060153439117955519304,0.0008511960671538506501816256147780337742232048976295236992571,68,13/6 − 3.1e-14
2.1666666666666483,0.0023148160197800833,2.1433447077663057e-05,0.027777779223736063,-0.013873365660898999,-0.013904413562837064,0.041682192786573126,0.0007448720871533941,15.390597961942373,4.0490604201731963e-07,1.9999999999999898,1.9999997975281127,2.0000002024341548,1.4314257088512508e-07,-0.0009975750764048131,1.8233480008684387e-14,2.166666666666648433186657982279666666666666666666666666667,0.002314816019780083501423322703425903700994391483008026903308,0.00002143344707766305847610846849171318636833066234564769493926,0.0007448720871533941699695181419144314611890193244670132389003,68,13/6 − 1.8e-14
2.166666666666656,0.0023148157374552917,2.1433452567312323e-05,0.027777778884946328,-0.013875305330600999,-0.01390247355434533,0.04168025243929166,0.0006518248368073457,15.39059796194237,3.1003246774965696e-07,1.999999999999994,1.9999998449711263,2.000000155003594,1.0960409673806074e-07,-0.0009975750481723352,1.0690192046030012e-14,2.166666666666655976474620636654666666666666666666666666667,0.002314815737455291734181332576154519797592683293289420895239,0.00002143345256731232455470536401895771740123965037458242796208,0.0006518248368073456549633076594803546072846772203417431349223,68,13/6 − 1.1e-14
2.1666666666666603,0.002314815521279532,2.1433456770730183e-05,0.027777778625535425,-0.013877002641935088,-0.013900775983600339,0.04167855460913576,0.0005703974595136428,15.39059796194237,2.3738907474229797e-07,1.9999999999999964,1.9999998812969944,2.000000118686069,8.392372671545252e-08,-0.00099757502655476,6.267602560047373e-15,2.1666666666666603990641066192936666666666666666666666666667,0.0023148155212795323139860468089328847143220350567558800502541,0.000021433456770730183835482724503645374664383772845952330382231,0.00057039745951364279610291073844161596268250590436790407384241,69,13/6 − 6.3e-15
2.166666666666663,0.002314815355754009,2.1433459989282205e-05,0.027777778426904803,-0.01387848787513038,-0.013899290551774425,0.041677068978679226,0.0004991396265098678,15.39059796194237,1.817669125184744e-07,1.999999999999998,1.99999990911087,2.0000000908777826,6.426029779717361e-08,-0.0009975750100022082,3.674661940736688e-15,2.1666666666666629920047259299786666666666666666666666666667,0.0023148153557540093093985178235863789004916893278167669676411,0.000021433459989282204718154182813660391209124051461525355989542,0.00049913962650986773604692112200242932865048911294451172600924,69,13/6 − 3.7e-15
2.1666666666666643,0.0023148152290113125,2.1433462453723637e-05,0.02777777827481357,-0.013879787527683096,-0.013897990747130474,0.041675769021944045,0.00043678184889146197,15.390597961942369,1.3917762339628954e-07,1.999999999999999,1.999999930407387,2.0000000695850106,4.920403359419783e-08,-0.0009975749973279388,2.1544346900318867e-15,2.1666666666666645122319766347799666666666666666666666666667,0.0023148152290113126551695650714092252706173998365935975749375,0.000021433462453723636828668198807973791433003874552996084784045,0.0004367818488914619816338928115116209701104103996086925106132,69,13/6 − 2.2e-15
2.166666666666665,0.0023148151319645803,2.1433464340743495e-05,0.027777778158357493,-0.01388092478679978,-0.013896853371557714,0.041674631529915206,0.00038221297161322325,15.390597961942369,1.0656741342601457e-07,1.9999999999999993,1.9999999467137464,2.00000005328116,3.7675469971199896e-08,-0.0009975749876232655,1.2631335639768368e-15,2.1666666666666654035331026898298666666666666666666666666667,0.0023148151319645803199786587953140701463441798334900520047635,0.000021433464340743495718139816120405706845381842921706875009652,0.00038221297161322325016567076868153007181692711738096344313257,69,13/6 − 1.3e-15
2.166666666666666,0.002314815057656013,2.1433465785632347e-05,0.027777778069187214,-0.013881919942861063,-0.013895858126326151,0.04167363619551336,0.0003344604583986307,15.390597961942369,8.15980543677742e-08,1.9999999999999996,1.9999999591992665,2.0000000407973206,2.884806250613428e-08,-0.000997574980192409,7.405684692262442e-16,2.16666666666666592609819744042246666666666666666666666666667,0.00231481505765601270774984317921828761037390045068575993877489,0.0000214334657856323476201008985831347989153672712274241242709265,0.000334460458398630696128201475685527836058563036309099222818671,70,13/6 − 7.4e-16
2.166666666666666,0.002314815000758031,2.1433466891982015e-05,0.027777778000909636,-0.013882790751262778,-0.013894987249646858,0.04167276525055649,0.00029267312381954996,15.390597961942369,6.247920660973727e-08,1.9999999999999998,1.9999999687592533,2.0000000312384603,2.2088927108348785e-08,-0.0009975749745026108,4.341913422721444e-16,2.16666666666666623247532439452226666666666666666666666666667,0.00231481500075803086163423857445573415823375851857793412872457,0.0000214334668919820164496361210827223729424169190209693080100996,0.000292673123819549956076143795483551099894287363825376869861712,70,13/6 − 4.3e-16
2.1666666666666665,0.0023148149571913137,2.143346773911264e-05,0.027777777948629578,-0.013883552749075012,-0.013894225199554563,0.04167200314818414,0.0002561060105894383,15.390597961942369,4.784003535463458e-08,1.9999999999999998,1.9999999760792164,2.000000023919252,1.691346517703124e-08,-0.000997574970145939,2.545640673860415e-16,2.16666666666666641210259928062516666666666666666666666666667,0.00231481495719131386630428020628601341813795004691731713808125,0.0000214334677391126374861281378026606395963213195133666834080149,0.000256106010589438340787105458361901772206230057266341601083933,70,13/6 − 2.5e-16
2.1666666666666665,0.0023148149238323306,2.1433468387759543e-05,0.027777777908598797,-0.013884219532157242,-0.013893558376441555,0.04167133628504035,0.00022410714694709084,15.390597961942369,3.663091152757745e-08,2.0,1.999999981684031,2.0000000183149425,1.2950620137076903e-08,-0.0009975749668100409,1.492495545051826e-16,2.16666666666666651741711216148406666666666666666666666666667,0.00231481492383233052510672974946717008735964867318422368496327,0.000021433468387759543288225120634331801779107986915823648792158,0.000224107146947090843789239068595627760204218849775226945274213,70,13/6 − 1.5e-16
2.1666666666666665,0.0023148148982893965,2.1433468884427707e-05,0.027777777877947277,-0.013884802997665006,-0.01389297488028227,0.04167075275822955,0.0001961059514493347,15.390597961942369,2.804814712019513e-08,2.0,1.9999999859755826,2.0000000140237297,9.916274408820284e-09,-0.0009975749642557475,8.750421749906795e-17,2.166666666666666579162449167598716666666666666666666666666667,0.002314814898289396703874306045698764538870811669010786818107075,0.00002143346888442770532111597159389503869430670898087600117258434,0.0001961059514493346918991148825100175132967842646155405499392775,71,13/6 − 8.8e-17
2.1666666666666665,0.0023148148787312025,2.1433469264725923e-05,0.027777777854477444,-0.01388531355626819,-0.013892464298209254,0.0416702421526867,0.00017160308103957118,15.390597961942369,2.1476367037709312e-08,2.0,1.999999989261586,2.000000010737953,7.592879498767357e-09,-0.000997574962299928,5.130325584897029e-17,2.166666666666666615363410817696376666666666666666666666666667,0.002314814878731202700147029864198420381374055309957124655600331,0.00002143346926472592463867348872100299529007922871396682787577713,0.0001716030810395711768068398536621390520165693278766071307761489,71,13/6 − 5.1e-17
2.1666666666666665,0.002314814863755517,2.1433469555919818e-05,0.02777777783650662,-0.013885760317862223,-0.013892017518644396,0.041669795355151015,0.0001501615433635446,15.390597961942369,1.644438456704044e-08,2.0,1.9999999917776534,2.0000000082220377,5.8138587839388934e-09,-0.0009975749608023595,3.007882518043108e-17,2.166666666666666636587841486235586666666666666666666666666667,0.002314814863755516850739802385802859511452374737411199372755296,0.0000214334695559198176666367039955157889687394076180678161258891,0.00015016154336354460111490789353796943463217219515244606419618,71,13/6 − 3.0e-17
2.1666666666666665,0.002314814852288652,2.1433469778886635e-05,0.02777777782274638,-0.013886151254081875,-0.013891626568664509,0.04166940439141089,0.00013139891636564481,15.390597961942369,1.2591416130440363e-08,2.0,1.9999999937041886,2.0000000062956045,4.451664742192801e-09,-0.000997574959655673,1.763505472047139e-17,2.166666666666666649031611946195276666666666666666666666666667,0.002314814852288652038544023844720839647340446985376961828405671,0.00002143346977888663434564082788872441277682855294112012432754783,0.0001313989163656448180066009884864543225347518194244392494525645,71,13/6 − 1.8e-17
2.1666666666666665,0.002314814843508487,2.143346994961206e-05,0.027777777812210185,-0.013886493340514236,-0.01389128447169595,0.041669062283906134,0.00011498053757653079,15.390597961942369,9.641212535611217e-09,2.0,1.9999999951793244,2.000000004820537,3.4086343875760055e-09,-0.0009975749587776564,1.0339338492393973e-17,2.166666666666666656327328174272693666666666666666666666666667,0.002314814843508487315435939543061791505574303942754605524558394,0.00002143346994961206003682481624653853400140295509855870673447519,0.000114980537576530791385939553587580227711306959316678308758311,71,13/6 − 1.0e-17
2.1666666666666665,0.0023148148367855255,2.1433470080336313e-05,0.02777777780414263,-0.01388679268114617,-0.013890985122996462,0.04166876292713909,0.00010061354251441349,15.390597961942369,7.382251688703258e-09,2.0,1.9999999963088277,2.0000000036910794,2.6099872879908533e-09,-0.0009975749581053602,6.061898993497547e-18,2.1666666666666666606047676731691196666666666666666666666666667,0.0023148148367855256500026354919527832505367412768021687261892272,0.000021433470080336314947133326520721262967241221090765895116955921,0.00010061354251441349212183352859912301908636067453861089250332732,72,13/6 − 6.1e-18
2.1666666666666665,0.002314814831637762,2.143347018043172e-05,0.027777777797965315,-0.013887054617264928,-0.013890723180700386,0.0416685009786657,8.80416465506008e-05,15.390597961942369,5.6525724355366994e-09,2.0,1.9999999971736826,2.0000000028262552,1.998464155619936e-09,-0.0009975749575905839,3.554059037181068e-18,2.1666666666666666631126076294855986666666666666666666666666667,0.0023148148316377619148275154227623434696766082355176731966505171,0.000021433470180431721087492851161587660573653288751613217519347431,0.000088041646550600797654438114775546084706579320208489073232286663,72,13/6 − 3.6e-18
2.1666666666666665,0.0023148148276961253,2.1433470257074654e-05,0.02777777779323535,-0.013887283822753763,-0.013890493970481588,0.04166827176371694,7.704057768529056e-05,15.390597961942369,4.3281620242891416e-09,2.0,1.9999999978358982,2.00000000216406,1.530221621976583e-09,-0.0009975749571964202,2.083725851142958e-18,2.1666666666666666645829408155237086666666666666666666666666667,0.0023148148276961253579129391204973909742350527456026929170380254,0.000021433470257074654243334198198974766999618266369588416765031328,0.000077040577685290561009024874195684069653002822258315044329302498,72,13/6 − 2.1e-18
2.1666666666666665,0.002314814824678019,2.1433470315760058e-05,0.02777777778961362,-0.013887484387481856,-0.013890293402131767,0.04166807119174539,6.741407916351585e-05,15.390597961942369,3.3140645150257774e-09,2.0,1.9999999983429537,2.000000001657018,1.171688872037784e-09,-0.0009975749568946098,1.221677348996798e-18,2.1666666666666666654449893176698686666666666666666666666666667,0.0023148148246780189441016719418182610201695684508342930658286897,0.000021433470315760056795508303616484572648667837871670394157592017,0.000067414079163515842547998608806306591168064957834118042794356523,72,13/6 − 1.2e-18
2.1666666666666665,0.0023148148223670587,2.14334703606954e-05,0.02777777778684047,-0.013887659890275777,-0.013890117896564693,0.04166789568340516,5.899041092912018e-05,15.390597961942369,2.5375725768713948e-09,2.0,1.9999999987312043,2.000000001268777,8.97160772736726e-10,-0.0009975749566635136,7.162629115692805e-19,2.16666666666666666595040375509738616666666666666666666666666667,0.00231481482236705846026124953604520904796058043835202665406435693,0.0000214334703606953995728480296397671791596405866978521122947185998,0.0000589904109291201836509768668189039499884529891673037513630804102,73,13/6 − 7.2e-19
2.1666666666666665,0.0023148148205975588,2.143347039510234e-05,0.02777777778471707,-0.013887813462773914,-0.013889964321943157,0.04166774210666023,5.161928773916501e-05,15.390597961942369,1.9430145070796913e-09,2.0,1.9999999990284865,2.000000000971501,6.86954934312832e-10,-0.0009975749564865636,4.1994112349794213e-19,2.16666666666666666624672554316872453666666666666666666666666667,0.00231481482059755877222708841158568617409520899886078318399790407,0.0000214334703951023379723955919384270531509236318241898193223458901,0.0000516192877391650102268164163435066456759497921219045781974940508,73,13/6 − 4.2e-19
2.1666666666666665,0.002314814819242655,2.143347042144769e-05,0.027777777783091186,-0.013887947845302798,-0.013889829937788388,0.041667607720879574,4.5169199494170065e-05,15.390597961942369,1.487762692496191e-09,2.0,1.9999999992561144,2.000000000743877,5.260005743808273e-10,-0.0009975749563510732,2.4620924014946205e-19,2.16666666666666666642045742651720461666666666666666666666666667,0.00231481481924265497020739158005988900644358759764062617640936806,0.0000214334704214476896907082071938689951444360376938482147134990556,0.0000451691994941700658665313748656923949641671427479625770434449468,73,13/6 − 2.5e-19
2.1666666666666665,0.002314814818205207,2.1433470441620294e-05,0.027777777781846247,-0.01388806543577205,-0.013889712346074197,0.04166749012792045,3.952506611486835e-05,15.390597961942369,1.1391773165408066e-09,2.0,1.9999999994304085,2.0000000005695857,4.027580128285288e-10,-0.0009975749562473285,1.4435116387279116e-19,2.16666666666666666652231550279387550666666666666666666666666667,0.00231481481820520674396281661565670857599669436648600123258281332,0.0000214334704416202940971631246784161719213911269487196575691846362,0.0000395250661148683526131305405564755290621044102533037424864464822,73,13/6 − 1.4e-19
2.1666666666666665,0.002314814817410834,2.1433470457066434e-05,0.027777777780893,-0.01388816833246009,-0.013889609448432911,0.04166738722932591,3.458618523136421e-05,15.390597961942369,8.722661748875767e-10,2.0,1.999999999563865,2.000000000436131,3.083913303468707e-10,-0.0009975749561678912,8.463231720621151e-20,2.166666666666666666582034349460455156666666666666666666666666667,0.002314814817410833873713711507143594127917183070439275310910796605,0.00002143347045706643324514920311550147856979902324677702151217951074,0.00003458618523136420759164894046065525235921562115090823253694609514,74,13/6 − 8.5e-20
2.1666666666666665,0.0023148148168025836,2.1433470468893525e-05,0.0277777777801631,-0.01388825837145391,-0.013889519408709191,0.04166729718887229,3.0264436149166405e-05,15.390597961942369,6.6789280957273e-10,2.0,1.9999999996660522,2.0000000003339453,2.3613487405184096e-10,-0.0009975749561070661,4.961947603002898e-20,2.166666666666666666617047190636637686666666666666666666666666667,0.002314814816802583513823664500000512160777570065233529517972407924,0.00002143347046889352357883835369320720852457900130553476393217143171,0.00003026443614916640488033241869048500403538585476585212160655087647,74,13/6 − 5.0e-20
2.1666666666666665,0.0023148148163368468,2.1433470477949513e-05,0.027777777779604218,-0.013888337159410803,-0.013889440620193415,0.04166721839979763,2.6482708109395486e-05,15.390597961942369,5.114044864207639e-10,2.0,1.999999999744297,2.0000000002557012,1.8080819159393164e-10,-0.0009975749560604925,2.909163405623895e-20,2.166666666666666666637575032610427716666666666666666666666666667,0.002314814816336846938269314988478408043178025711722556510071398203,0.00002143347047794951254941280231232942330338344703751670612880056587,0.00002648270810939548716252224426575217362640557357813796119215976698,74,13/6 − 2.9e-20
2.1666666666666665,0.002314814815980233,2.1433470484883674e-05,0.02777777777917628,-0.013888406102226521,-0.01388937167694976,0.04166714945612604,2.3173524847321846e-05,15.390597961942369,3.91581643687621e-10,2.0,1.9999999998042086,2.00000000019579,1.3844461678368752e-10,-0.0009975749560248311,1.705626983142532e-20,2.166666666666666666649610396835241346666666666666666666666666667,0.00231481481598023299751168840120896366093323203424917693000187957,0.00002143347048488367250944609451648166378180754159376060754936096137,0.00002317352484732184671645936467446589653304402682604922280500960538,74,13/6 − 1.7e-20
2.1666666666666665,0.0023148148157071742,2.143347049019315e-05,0.02777777777884861,-0.013888466430121333,-0.013889311348727276,0.041667089127575885,2.027784094432149e-05,15.390597961942369,2.998334892832594e-10,2.0,1.9999999998500828,2.0000000001499165,1.060068780477872e-10,-0.0009975749559975253,1e-20,2.1666666666666666666566666666666666666666666666666666666666666667,0.0023148148157071741281483486820437494389322093142941315979628890776,0.000021433470490193150525346950154811335204895804531723382219962542231,0.000020277840944321488960902517684040830972499245567555767469346820892,75,13/6 − 1.0e-20
