parameter,branch,g2,g3,discriminant,character,operator_ascending,constant
-0.1,0,-0.00020521662736885533,-1.7885753206080087e-06,-9.501551045823273e-11,1,"[0, -0.04467433393053228, -0.1, 1.0, 1]",2.7689241072489906e-06
-0.09958333333333334,0,-0.00020479684927479836,-1.7835499240257022e-06,-9.447789709540606e-11,1,"[0, -0.044616058872257225, -0.09958333333333334, 1.0, 1]",2.759459265070232e-06
-0.09916666666666667,0,-0.00020437748698644571,-1.7785335309072327e-06,-9.394278081204278e-11,1,"[0, -0.04455778381398216, -0.09916666666666667, 1.0, 1]",2.750017497776826e-06
-0.09875,0,-0.0002039585405037973,-1.773526133752838e-06,-9.341015248852322e-11,1,"[0, -0.0444995087557071, -0.09875, 1.0, 1]",2.7405987703881775e-06
-0.09833333333333334,0,-0.00020354000982685314,-1.768527725062754e-06,-9.288000302972263e-11,1,"[0, -0.044441233697432046, -0.09833333333333334, 1.0, 1]",2.7312030479477273e-06
-0.09791666666666667,0,-0.0002031218949556133,-1.763538297337217e-06,-9.235232336496868e-11,1,"[0, -0.04438295863915699, -0.09791666666666667, 1.0, 1]",2.721830295522952e-06
-0.0975,0,-0.00020270419589007768,-1.7585578430764638e-06,-9.182710444799837e-11,1,"[0, -0.04432468358088193, -0.0975, 1.0, 1]",2.7124804782053635e-06
-0.09708333333333334,0,-0.00020228691263024637,-1.7535863547807309e-06,-9.130433725691525e-11,1,"[0, -0.044266408522606875, -0.09708333333333334, 1.0, 1]",2.703153561110508e-06
-0.09666666666666668,0,-0.0002018700451761193,-1.7486238249502542e-06,-9.078401279414643e-11,1,"[0, -0.04420813346433181, -0.09666666666666668, 1.0, 1]",2.6938495093779676e-06
-0.09625,0,-0.00020145359352769648,-1.7436702460852706e-06,-9.026612208640007e-11,1,"[0, -0.04414985840605676, -0.09625, 1.0, 1]",2.6845682881713605e-06
-0.09583333333333334,0,-0.00020103755768497794,-1.7387256106860168e-06,-8.97506561846224e-11,1,"[0, -0.044091583347781696, -0.09583333333333334, 1.0, 1]",2.6753098626783387e-06
-0.09541666666666668,0,-0.00020062193764796367,-1.733789911252729e-06,-8.923760616395504e-11,1,"[0, -0.04403330828950664, -0.09541666666666668, 1.0, 1]",2.666074198110591e-06
-0.095,0,-0.0002002067334166537,-1.7288631402856434e-06,-8.872696312369237e-11,1,"[0, -0.04397503323123158, -0.095, 1.0, 1]",2.6568612597038404e-06
-0.09458333333333334,0,-0.00019979194499104792,-1.7239452902849972e-06,-8.821871818723899e-11,1,"[0, -0.043916758172956524, -0.09458333333333334, 1.0, 1]",2.6476710127178456e-06
-0.09416666666666668,0,-0.00019937757237114645,-1.7190363537510264e-06,-8.771286250206681e-11,1,"[0, -0.04385848311468146, -0.09416666666666668, 1.0, 1]",2.6385034224364004e-06
-0.09375,0,-0.00019896361555694927,-1.7141363231839675e-06,-8.72093872396728e-11,1,"[0, -0.0438002080564064, -0.09375, 1.0, 1]",2.6293584541673348e-06
-0.09333333333333334,0,-0.00019855007454845633,-1.7092451910840572e-06,-8.670828359553631e-11,1,"[0, -0.043741932998131346, -0.09333333333333334, 1.0, 1]",2.620236073242513e-06
-0.09291666666666668,0,-0.00019813694934566769,-1.7043629499515317e-06,-8.620954278907655e-11,1,"[0, -0.04368365793985629, -0.09291666666666668, 1.0, 1]",2.6111362450178347e-06
-0.0925,0,-0.00019772423994858325,-1.6994895922866274e-06,-8.571315606361023e-11,1,"[0, -0.04362538288158123, -0.0925, 1.0, 1]",2.602058934873236e-06
-0.09208333333333334,0,-0.00019731194635720317,-1.6946251105895814e-06,-8.521911468630913e-11,1,"[0, -0.043567107823306174, -0.09208333333333334, 1.0, 1]",2.5930041082126867e-06
-0.09166666666666667,0,-0.00019690006857152732,-1.6897694973606295e-06,-8.472740994815755e-11,1,"[0, -0.04350883276503111, -0.09166666666666667, 1.0, 1]",2.5839717304641934e-06
-0.09125,0,-0.00019648860659155566,-1.6849227451000085e-06,-8.423803316391016e-11,1,"[0, -0.04345055770675606, -0.09125, 1.0, 1]",2.5749617670797962e-06
-0.09083333333333334,0,-0.00019607756041728833,-1.680084846307955e-06,-8.375097567204966e-11,1,"[0, -0.043392282648480995, -0.09083333333333334, 1.0, 1]",2.5659741835355727e-06
-0.09041666666666667,0,-0.00019566693004872528,-1.6752557934847052e-06,-8.326622883474441e-11,1,"[0, -0.04333400759020594, -0.09041666666666667, 1.0, 1]",2.557008945331634e-06
-0.09000000000000001,0,-0.0001952567154858665,-1.6704355791304957e-06,-8.278378403780624e-11,1,"[0, -0.043275732531930886, -0.09000000000000001, 1.0, 1]",2.548066017992128e-06
-0.08958333333333333,0,-0.00019484691672871197,-1.665624195745563e-06,-8.230363269064829e-11,1,"[0, -0.043217457473655824, -0.08958333333333333, 1.0, 1]",2.539145367065236e-06
-0.08916666666666667,0,-0.00019443753377726173,-1.6608216358301436e-06,-8.182576622624282e-11,1,"[0, -0.04315918241538076, -0.08916666666666667, 1.0, 1]",2.5302469581231775e-06
-0.08875000000000001,0,-0.00019402856663151575,-1.6560278918844739e-06,-8.135017610107905e-11,1,"[0, -0.04310090735710571, -0.08875000000000001, 1.0, 1]",2.5213707567622038e-06
-0.08833333333333333,0,-0.00019362001529147399,-1.6512429564087899e-06,-8.087685379512109e-11,1,"[0, -0.043042632298830645, -0.08833333333333333, 1.0, 1]",2.5125167286026036e-06
-0.08791666666666667,0,-0.00019321187975713654,-1.6464668219033294e-06,-8.040579081176603e-11,1,"[0, -0.04298435724055559, -0.08791666666666667, 1.0, 1]",2.5036848392887015e-06
-0.08750000000000001,0,-0.0001928041600285033,-1.6416994808683275e-06,-7.99369786778016e-11,1,"[0, -0.04292608218228053, -0.08750000000000001, 1.0, 1]",2.4948750544888557e-06
-0.08708333333333333,0,-0.00019239685610557443,-1.6369409258040215e-06,-7.947040894336455e-11,1,"[0, -0.04286780712400547, -0.08708333333333333, 1.0, 1]",2.4860873398954605e-06
-0.08666666666666667,0,-0.00019198996798834976,-1.6321911492106478e-06,-7.900607318189846e-11,1,"[0, -0.04280953206573042, -0.08666666666666667, 1.0, 1]",2.4773216612249462e-06
-0.08625000000000001,0,-0.0001915834956768294,-1.6274501435884424e-06,-7.85439629901119e-11,1,"[0, -0.04275125700745536, -0.08625000000000001, 1.0, 1]",2.4685779842177774e-06
-0.08583333333333334,0,-0.0001911774391710133,-1.6227179014376424e-06,-7.808406998793668e-11,1,"[0, -0.0426929819491803, -0.08583333333333334, 1.0, 1]",2.459856274638454e-06
-0.08541666666666667,0,-0.0001907717984709014,-1.6179944152584837e-06,-7.762638581848581e-11,1,"[0, -0.04263470689090524, -0.08541666666666667, 1.0, 1]",2.4511564982755117e-06
-0.085,0,-0.00019036657357649384,-1.6132796775512032e-06,-7.717090214801192e-11,1,"[0, -0.042576431832630185, -0.085, 1.0, 1]",2.442478620941522e-06
-0.08458333333333334,0,-0.00018996176448779053,-1.6085736808160372e-06,-7.67176106658653e-11,1,"[0, -0.04251815677435512, -0.08458333333333334, 1.0, 1]",2.4338226084730897e-06
-0.08416666666666667,0,-0.0001895573712047915,-1.6038764175532221e-06,-7.626650308445233e-11,1,"[0, -0.04245988171608006, -0.08416666666666667, 1.0, 1]",2.4251884267308575e-06
-0.08375,0,-0.0001891533937274967,-1.5991878802629948e-06,-7.58175711391938e-11,1,"[0, -0.042401606657805006, -0.08375, 1.0, 1]",2.4165760415995016e-06
-0.08333333333333334,0,-0.00018874983205590618,-1.5945080614455913e-06,-7.53708065884831e-11,1,"[0, -0.04234333159952995, -0.08333333333333334, 1.0, 1]",2.4079854189877343e-06
-0.08291666666666667,0,-0.0001883466861900199,-1.5898369536012482e-06,-7.49262012136448e-11,1,"[0, -0.04228505654125489, -0.08291666666666667, 1.0, 1]",2.399416524828303e-06
-0.0825,0,-0.00018794395612983794,-1.585174549230202e-06,-7.448374681889292e-11,1,"[0, -0.04222678148297983, -0.0825, 1.0, 1]",2.390869325077991e-06
-0.08208333333333334,0,-0.00018754164187536024,-1.5805208408326894e-06,-7.40434352312896e-11,1,"[0, -0.04216850642470477, -0.08208333333333334, 1.0, 1]",2.3823437857176147e-06
-0.08166666666666667,0,-0.00018713974342658674,-1.5758758209089466e-06,-7.36052583007033e-11,1,"[0, -0.04211023136642972, -0.08166666666666667, 1.0, 1]",2.373839872752029e-06
-0.08125,0,-0.00018673826078351757,-1.5712394819592102e-06,-7.316920789976766e-11,1,"[0, -0.042051956308154656, -0.08125, 1.0, 1]",2.365357552210122e-06
-0.08083333333333334,0,-0.00018633719394615266,-1.5666118164837168e-06,-7.273527592383984e-11,1,"[0, -0.0419936812498796, -0.08083333333333334, 1.0, 1]",2.356896790144818e-06
-0.08041666666666666,0,-0.000185936542914492,-1.5619928169827024e-06,-7.230345429095918e-11,1,"[0, -0.04193540619160454, -0.08041666666666666, 1.0, 1]",2.3484575526330756e-06
-0.08,0,-0.00018553630768853563,-1.5573824759564041e-06,-7.187373494180599e-11,1,"[0, -0.041877131133329484, -0.08, 1.0, 1]",2.3400398057758897e-06
-0.07958333333333334,0,-0.00018513648826828352,-1.552780785905058e-06,-7.144610983966005e-11,1,"[0, -0.04181885607505442, -0.07958333333333334, 1.0, 1]",2.331643515698291e-06
-0.07916666666666666,0,-0.00018473708465373568,-1.5481877393289007e-06,-7.102057097035942e-11,1,"[0, -0.04176058101677936, -0.07916666666666666, 1.0, 1]",2.323268648549343e-06
-0.07875,0,-0.00018433809684489211,-1.5436033287281685e-06,-7.059711034225914e-11,1,"[0, -0.041702305958504306, -0.07875, 1.0, 1]",2.3149151705021476e-06
-0.07833333333333334,0,-0.00018393952484175276,-1.5390275466030984e-06,-7.01757199861902e-11,1,"[0, -0.04164403090022925, -0.07833333333333334, 1.0, 1]",2.30658304775384e-06
-0.07791666666666668,0,-0.00018354136864431772,-1.5344603854539263e-06,-6.975639195541809e-11,1,"[0, -0.04158575584195419, -0.07791666666666668, 1.0, 1]",2.298272246525592e-06
-0.0775,0,-0.00018314362825258698,-1.5299018377808892e-06,-6.933911832560195e-11,1,"[0, -0.041527480783679134, -0.0775, 1.0, 1]",2.2899827330626093e-06
-0.07708333333333334,0,-0.00018274630366656047,-1.5253518960842228e-06,-6.892389119475324e-11,1,"[0, -0.04146920572540407, -0.07708333333333334, 1.0, 1]",2.2817144736341337e-06
-0.07666666666666667,0,-0.00018234939488623824,-1.5208105528641643e-06,-6.851070268319486e-11,1,"[0, -0.04141093066712902, -0.07666666666666667, 1.0, 1]",2.2734674345334433e-06
-0.07625000000000001,0,-0.00018195290191162027,-1.51627780062095e-06,-6.809954493352005e-11,1,"[0, -0.041352655608853955, -0.07625000000000001, 1.0, 1]",2.2652415820778493e-06
-0.07583333333333334,0,-0.00018155682474270656,-1.5117536318548162e-06,-6.769041011055139e-11,1,"[0, -0.0412943805505789, -0.07583333333333334, 1.0, 1]",2.2570368826086994e-06
-0.07541666666666667,0,-0.00018116116337949713,-1.5072380390659997e-06,-6.72832904012999e-11,1,"[0, -0.041236105492303846, -0.07541666666666667, 1.0, 1]",2.2488533024913773e-06
-0.07500000000000001,0,-0.00018076591782199196,-1.5027310147547365e-06,-6.68781780149241e-11,1,"[0, -0.041177830434028784, -0.07500000000000001, 1.0, 1]",2.2406908081153016e-06
-0.07458333333333333,0,-0.000180371088070191,-1.4982325514212635e-06,-6.647506518268917e-11,1,"[0, -0.04111955537575372, -0.07458333333333333, 1.0, 1]",2.2325493658939243e-06
-0.07416666666666667,0,-0.0001799766741240944,-1.4937426415658171e-06,-6.607394415792607e-11,1,"[0, -0.04106128031747867, -0.07416666666666667, 1.0, 1]",2.224428942264736e-06
-0.07375000000000001,0,-0.000179582675983702,-1.4892612776886339e-06,-6.567480721599075e-11,1,"[0, -0.04100300525920361, -0.07375000000000001, 1.0, 1]",2.21632950368926e-06
-0.07333333333333333,0,-0.0001791890936490139,-1.4847884522899497e-06,-6.52776466542234e-11,1,"[0, -0.04094473020092855, -0.07333333333333333, 1.0, 1]",2.2082510166530563e-06
-0.07291666666666667,0,-0.0001787959271200301,-1.4803241578700018e-06,-6.488245479190776e-11,1,"[0, -0.04088645514265349, -0.07291666666666667, 1.0, 1]",2.20019344766572e-06
-0.07250000000000001,0,-0.0001784031763967505,-1.4758683869290264e-06,-6.448922397023034e-11,1,"[0, -0.04082818008437843, -0.07250000000000001, 1.0, 1]",2.1921567632608806e-06
-0.07208333333333333,0,-0.00017801084147917517,-1.47142113196726e-06,-6.40979465522399e-11,1,"[0, -0.04076990502610338, -0.07208333333333333, 1.0, 1]",2.1841409299962036e-06
-0.07166666666666667,0,-0.00017761892236730416,-1.466982385484939e-06,-6.370861492280664e-11,1,"[0, -0.04071162996782832, -0.07166666666666667, 1.0, 1]",2.1761459144533906e-06
-0.07125000000000001,0,-0.0001772274190611374,-1.4625521399822998e-06,-6.332122148858182e-11,1,"[0, -0.040653354909553255, -0.07125000000000001, 1.0, 1]",2.168171683238177e-06
-0.07083333333333333,0,-0.0001768363315606749,-1.458130387959579e-06,-6.293575867795714e-11,1,"[0, -0.0405950798512782, -0.07083333333333333, 1.0, 1]",2.1602182029803346e-06
-0.07041666666666667,0,-0.00017644565986591666,-1.453717121917013e-06,-6.255221894102418e-11,1,"[0, -0.040536804793003145, -0.07041666666666667, 1.0, 1]",2.1522854403336694e-06
-0.07,0,-0.00017605540397686267,-1.4493123343548385e-06,-6.217059474953403e-11,1,"[0, -0.04047852973472808, -0.07, 1.0, 1]",2.1443733619760246e-06
-0.06958333333333333,0,-0.00017566556389351303,-1.4449160177732916e-06,-6.179087859685679e-11,1,"[0, -0.04042025467645302, -0.06958333333333333, 1.0, 1]",2.1364819346092764e-06
-0.06916666666666667,0,-0.00017527613961586757,-1.4405281646726093e-06,-6.141306299794121e-11,1,"[0, -0.040361979618177966, -0.06916666666666667, 1.0, 1]",2.1286111249593385e-06
-0.06875,0,-0.0001748871311439264,-1.4361487675530277e-06,-6.103714048927434e-11,1,"[0, -0.04030370455990291, -0.06875, 1.0, 1]",2.120760899776158e-06
-0.06833333333333333,0,-0.0001744985384776895,-1.431777818914783e-06,-6.06631036288411e-11,1,"[0, -0.04024542950162785, -0.06833333333333333, 1.0, 1]",2.112931225833719e-06
-0.06791666666666667,0,-0.0001741103616171569,-1.4274153112581128e-06,-6.029094499608423e-11,1,"[0, -0.04018715444335279, -0.06791666666666667, 1.0, 1]",2.1051220699300395e-06
-0.0675,0,-0.0001737226005623285,-1.4230612370832522e-06,-5.992065719186376e-11,1,"[0, -0.04012887938507773, -0.0675, 1.0, 1]",2.0973333988871735e-06
-0.06708333333333333,0,-0.0001733352553132044,-1.4187155888904386e-06,-5.955223283841706e-11,1,"[0, -0.04007060432680268, -0.06708333333333333, 1.0, 1]",2.08956517955121e-06
-0.06666666666666668,0,-0.00017294832586978458,-1.4143783591799084e-06,-5.918566457931848e-11,1,"[0, -0.040012329268527616, -0.06666666666666668, 1.0, 1]",2.0818173787922742e-06
-0.06625,0,-0.00017256181223206904,-1.4100495404518973e-06,-5.882094507943925e-11,1,"[0, -0.03995405421025256, -0.06625, 1.0, 1]",2.0740899635045253e-06
-0.06583333333333333,0,-0.00017217571440005774,-1.4057291252066426e-06,-5.845806702490748e-11,1,"[0, -0.0398957791519775, -0.06583333333333333, 1.0, 1]",2.0663829006061584e-06
-0.06541666666666668,0,-0.0001717900323737507,-1.401417105944381e-06,-5.809702312306806e-11,1,"[0, -0.039837504093702444, -0.06541666666666668, 1.0, 1]",2.0586961570394046e-06
-0.065,0,-0.00017140476615314795,-1.397113475165348e-06,-5.7737806102442467e-11,1,"[0, -0.03977922903542738, -0.065, 1.0, 1]",2.051029699770529e-06
-0.06458333333333334,0,-0.00017101991573824945,-1.3928182253697807e-06,-5.738040871268902e-11,1,"[0, -0.03972095397715233, -0.06458333333333334, 1.0, 1]",2.0433834957898334e-06
-0.06416666666666668,0,-0.0001706354811290552,-1.3885313490579155e-06,-5.702482372456282e-11,1,"[0, -0.03966267891887727, -0.06416666666666668, 1.0, 1]",2.0357575121116534e-06
-0.06375,0,-0.00017025146232556526,-1.3842528387299885e-06,-5.667104392987575e-11,1,"[0, -0.03960440386060221, -0.06375, 1.0, 1]",2.028151715774361e-06
-0.06333333333333334,0,-0.00016986785932777957,-1.379982686886237e-06,-5.631906214145682e-11,1,"[0, -0.03954612880232715, -0.06333333333333334, 1.0, 1]",2.0205660738403637e-06
-0.06291666666666668,0,-0.00016948467213569817,-1.375720886026897e-06,-5.596887119311208e-11,1,"[0, -0.039487853744052094, -0.06291666666666668, 1.0, 1]",2.013000553396103e-06
-0.0625,0,-0.000169101900749321,-1.3714674286522047e-06,-5.562046393958492e-11,1,"[0, -0.03942957868577703, -0.0625, 1.0, 1]",2.005455121552057e-06
-0.06208333333333334,0,-0.00016871954516864814,-1.3672223072623972e-06,-5.5273833256516375e-11,1,"[0, -0.03937130362750198, -0.06208333333333334, 1.0, 1]",1.997929745442739e-06
-0.06166666666666667,0,-0.00016833760539367948,-1.3629855143577106e-06,-5.4928972040405265e-11,1,"[0, -0.039313028569226915, -0.06166666666666667, 1.0, 1]",1.990424392226696e-06
-0.061250000000000006,0,-0.00016795608142441517,-1.3587570424383813e-06,-5.45858732085686e-11,1,"[0, -0.03925475351095186, -0.061250000000000006, 1.0, 1]",1.9829390290865127e-06
-0.060833333333333336,0,-0.00016757497326085505,-1.3545368840046458e-06,-5.424452969910182e-11,1,"[0, -0.0391964784526768, -0.060833333333333336, 1.0, 1]",1.975473623228808e-06
-0.06041666666666667,0,-0.00016719428090299925,-1.350325031556741e-06,-5.3904934470839355e-11,1,"[0, -0.039138203394401744, -0.06041666666666667, 1.0, 1]",1.9680281418842354e-06
-0.060000000000000005,0,-0.0001668140043508477,-1.346121477594903e-06,-5.35670805033148e-11,1,"[0, -0.03907992833612668, -0.060000000000000005, 1.0, 1]",1.9606025523074847e-06
-0.059583333333333335,0,-0.0001664341436044004,-1.341926214619368e-06,-5.3230960796721527e-11,1,"[0, -0.03902165327785163, -0.059583333333333335, 1.0, 1]",1.9531968217772806e-06
-0.05916666666666667,0,-0.00016605469866365737,-1.3377392351303732e-06,-5.289656837187319e-11,1,"[0, -0.03896337821957657, -0.05916666666666667, 1.0, 1]",1.945810917596384e-06
-0.058750000000000004,0,-0.00016567566952861864,-1.3335605316281549e-06,-5.256389627016417e-11,1,"[0, -0.03890510316130151, -0.058750000000000004, 1.0, 1]",1.9384448070915888e-06
-0.058333333333333334,0,-0.00016529705619928414,-1.329390096612949e-06,-5.223293755353014e-11,1,"[0, -0.03884682810302645, -0.058333333333333334, 1.0, 1]",1.931098457613727e-06
-0.05791666666666667,0,-0.00016491885867565395,-1.3252279225849926e-06,-5.1903685304408744e-11,1,"[0, -0.038788553044751393, -0.05791666666666667, 1.0, 1]",1.9237718365376643e-06
-0.0575,0,-0.00016454107695772801,-1.321074002044522e-06,-5.157613262570017e-11,1,"[0, -0.03873027798647634, -0.0575, 1.0, 1]",1.916464911262302e-06
-0.05708333333333333,0,-0.0001641637110455063,-1.3169283274917733e-06,-5.125027264072779e-11,1,"[0, -0.03867200292820128, -0.05708333333333333, 1.0, 1]",1.9091776492105766e-06
-0.05666666666666667,0,-0.00016378676093898892,-1.3127908914269839e-06,-5.092609849319904e-11,1,"[0, -0.038613727869926215, -0.05666666666666667, 1.0, 1]",1.9019100178294602e-06
-0.05625,0,-0.0001634102266381757,-1.3086616863503891e-06,-5.0603603347165923e-11,1,"[0, -0.03855545281165116, -0.05625, 1.0, 1]",1.8946619845899601e-06
-0.05583333333333334,0,-0.00016303410814306685,-1.3045407047622265e-06,-5.028278038698603e-11,1,"[0, -0.038497177753376105, -0.05583333333333334, 1.0, 1]",1.8874335169871192e-06
-0.05541666666666667,0,-0.00016265840545366225,-1.3004279391627316e-06,-4.9963622817283123e-11,1,"[0, -0.03843890269510104, -0.05541666666666667, 1.0, 1]",1.880224582540015e-06
-0.055,0,-0.0001622831185699619,-1.2963233820521415e-06,-4.964612386290828e-11,1,"[0, -0.03838062763682598, -0.055, 1.0, 1]",1.873035148791761e-06
-0.05458333333333334,0,-0.00016190824749196583,-1.2922270259306927e-06,-4.9330276768900527e-11,1,"[0, -0.038322352578550926, -0.05458333333333334, 1.0, 1]",1.8658651833095056e-06
-0.05416666666666667,0,-0.00016153379221967403,-1.2881388632986213e-06,-4.901607480044789e-11,1,"[0, -0.03826407752027587, -0.05416666666666667, 1.0, 1]",1.8587146536844325e-06
-0.05375,0,-0.00016115975275308645,-1.284058886656164e-06,-4.870351124284837e-11,1,"[0, -0.03820580246200081, -0.05375, 1.0, 1]",1.851583527531761e-06
-0.05333333333333334,0,-0.0001607861290922032,-1.2799870885035575e-06,-4.839257940147095e-11,1,"[0, -0.038147527403725755, -0.05333333333333334, 1.0, 1]",1.8444717724907457e-06
-0.05291666666666667,0,-0.00016041292123702421,-1.2759234613410377e-06,-4.808327260171654e-11,1,"[0, -0.03808925234545069, -0.05291666666666667, 1.0, 1]",1.837379356224676e-06
-0.052500000000000005,0,-0.00016004012918754943,-1.2718679976688417e-06,-4.7775584188979246e-11,1,"[0, -0.03803097728717564, -0.052500000000000005, 1.0, 1]",1.8303062464208774e-06
-0.052083333333333336,0,-0.00015966775294377894,-1.2678206899872056e-06,-4.7469507528607274e-11,1,"[0, -0.037972702228900576, -0.052083333333333336, 1.0, 1]",1.82325241079071e-06
-0.051666666666666666,0,-0.00015929579250571275,-1.263781530796366e-06,-4.716503600586424e-11,1,"[0, -0.03791442717062552, -0.051666666666666666, 1.0, 1]",1.8162178170695696e-06
-0.051250000000000004,0,-0.00015892424787335082,-1.2597505125965592e-06,-4.686216302589028e-11,1,"[0, -0.03785615211235046, -0.051250000000000004, 1.0, 1]",1.8092024330168875e-06
-0.050833333333333335,0,-0.00015855311904669316,-1.2557276278880222e-06,-4.656088201366333e-11,1,"[0, -0.037797877054075404, -0.050833333333333335, 1.0, 1]",1.8022062264161293e-06
-0.05041666666666667,0,-0.00015818240602573973,-1.2517128691709908e-06,-4.62611864139603e-11,1,"[0, -0.03773960199580034, -0.05041666666666667, 1.0, 1]",1.7952291650747975e-06
-0.05,0,-0.0001578121088104906,-1.247706228945702e-06,-4.5963069691318513e-11,1,"[0, -0.03768132693752529, -0.05, 1.0, 1]",1.7882712168244285e-06
-0.04958333333333333,0,-0.00015744222740094574,-1.243707699712392e-06,-4.56665253299969e-11,1,"[0, -0.037623051879250226, -0.04958333333333333, 1.0, 1]",1.7813323495205946e-06
-0.04916666666666667,0,-0.00015707276179710515,-1.2397172739712974e-06,-4.53715468339375e-11,1,"[0, -0.03756477682097517, -0.04916666666666667, 1.0, 1]",1.7744125310429036e-06
-0.04875,0,-0.00015670371199896877,-1.2357349442226545e-06,-4.507812772672671e-11,1,"[0, -0.03750650176270011, -0.04875, 1.0, 1]",1.7675117292949982e-06
-0.04833333333333333,0,-0.00015633507800653674,-1.2317607029667002e-06,-4.478626155155698e-11,1,"[0, -0.037448226704425054, -0.04833333333333333, 1.0, 1]",1.7606299122045566e-06
-0.04791666666666667,0,-0.0001559668598198089,-1.2277945427036705e-06,-4.449594187118801e-11,1,"[0, -0.03738995164614999, -0.04791666666666667, 1.0, 1]",1.7537670477232923e-06
-0.0475,0,-0.00015559905743878536,-1.2238364559338022e-06,-4.4207162267908496e-11,1,"[0, -0.03733167658787494, -0.0475, 1.0, 1]",1.7469231038269543e-06
-0.04708333333333334,0,-0.0001552316708634661,-1.2198864351573317e-06,-4.3919916343497585e-11,1,"[0, -0.037273401529599876, -0.04708333333333334, 1.0, 1]",1.7400980485153266e-06
-0.04666666666666667,0,-0.0001548647000938511,-1.2159444728744953e-06,-4.363419771918647e-11,1,"[0, -0.03721512647132482, -0.04666666666666667, 1.0, 1]",1.7332918498122283e-06
-0.04625,0,-0.00015449814512994038,-1.2120105615855296e-06,-4.3350000035620075e-11,1,"[0, -0.03715685141304976, -0.04625, 1.0, 1]",1.7265044757655146e-06
-0.04583333333333334,0,-0.00015413200597173392,-1.2080846937906714e-06,-4.306731695281868e-11,1,"[0, -0.037098576354774704, -0.04583333333333334, 1.0, 1]",1.7197358944470756e-06
-0.04541666666666667,0,-0.0001537662826192317,-1.2041668619901565e-06,-4.2786142150139625e-11,1,"[0, -0.03704030129649964, -0.04541666666666667, 1.0, 1]",1.7129860739528362e-06
-0.045000000000000005,0,-0.0001534009750724338,-1.200257058684222e-06,-4.2506469326239085e-11,1,"[0, -0.03698202623822459, -0.045000000000000005, 1.0, 1]",1.7062549824027574e-06
-0.044583333333333336,0,-0.00015303608333134012,-1.1963552763731041e-06,-4.222829219903381e-11,1,"[0, -0.03692375117994953, -0.044583333333333336, 1.0, 1]",1.6995425879408353e-06
-0.04416666666666667,0,-0.0001526716073959507,-1.1924615075570394e-06,-4.195160450566301e-11,1,"[0, -0.03686547612167447, -0.04416666666666667, 1.0, 1]",1.6928488587351006e-06
-0.043750000000000004,0,-0.0001523075472662656,-1.1885757447362644e-06,-4.16764000024501e-11,1,"[0, -0.03680720106339941, -0.043750000000000004, 1.0, 1]",1.6861737629776208e-06
-0.043333333333333335,0,-0.00015194390294228472,-1.1846979804110153e-06,-4.140267246486467e-11,1,"[0, -0.036748926005124354, -0.043333333333333335, 1.0, 1]",1.6795172688844974e-06
-0.042916666666666665,0,-0.00015158067442400813,-1.1808282070815287e-06,-4.113041568748442e-11,1,"[0, -0.03669065094684929, -0.042916666666666665, 1.0, 1]",1.6728793446958671e-06
-0.0425,0,-0.0001512178617114358,-1.1769664172480413e-06,-4.085962348395708e-11,1,"[0, -0.03663237588857424, -0.0425, 1.0, 1]",1.6662599586759033e-06
-0.042083333333333334,0,-0.00015085546480456775,-1.1731126034107895e-06,-4.0590289686962426e-11,1,"[0, -0.036574100830299175, -0.042083333333333334, 1.0, 1]",1.6596590791128132e-06
-0.04166666666666667,0,-0.00015049348370340396,-1.1692667580700097e-06,-4.0322408148174314e-11,1,"[0, -0.03651582577202412, -0.04166666666666667, 1.0, 1]",1.6530766743188403e-06
-0.04125,0,-0.00015013191840794444,-1.165428873725938e-06,-4.005597273822274e-11,1,"[0, -0.036457550713749065, -0.04125, 1.0, 1]",1.646512712630263e-06
-0.04083333333333333,0,-0.00014977076891818913,-1.1615989428788117e-06,-3.979097734665605e-11,1,"[0, -0.036399275655474, -0.04083333333333333, 1.0, 1]",1.6399671624073952e-06
-0.04041666666666667,0,-0.0001494100352341382,-1.157776958028867e-06,-3.952741588190292e-11,1,"[0, -0.03634100059719895, -0.04041666666666667, 1.0, 1]",1.6334399920345857e-06
-0.04,0,-0.00014904971735579147,-1.1539629116763398e-06,-3.926528227123466e-11,1,"[0, -0.036282725538923886, -0.04, 1.0, 1]",1.626931169920219e-06
-0.03958333333333334,0,-0.000148689815283149,-1.1501567963214672e-06,-3.900457046072741e-11,1,"[0, -0.03622445048064883, -0.03958333333333334, 1.0, 1]",1.6204406644967153e-06
-0.03916666666666667,0,-0.0001483303290162108,-1.1463586044644855e-06,-3.874527441522441e-11,1,"[0, -0.03616617542237377, -0.03916666666666667, 1.0, 1]",1.6139684442205289e-06
-0.03875,0,-0.00014797125855497688,-1.1425683286056313e-06,-3.8487388118298245e-11,1,"[0, -0.036107900364098715, -0.03875, 1.0, 1]",1.6075144775721502e-06
-0.03833333333333334,0,-0.00014761260389944722,-1.1387859612451409e-06,-3.823090557221324e-11,1,"[0, -0.03604962530582365, -0.03833333333333334, 1.0, 1]",1.6010787330561054e-06
-0.03791666666666667,0,-0.00014725436504962186,-1.1350114948832505e-06,-3.797582079788776e-11,1,"[0, -0.0359913502475486, -0.03791666666666667, 1.0, 1]",1.5946611792009548e-06
-0.037500000000000006,0,-0.00014689654200550074,-1.1312449220201975e-06,-3.772212783485673e-11,1,"[0, -0.035933075189273536, -0.037500000000000006, 1.0, 1]",1.5882617845592954e-06
-0.03708333333333333,0,-0.00014653913476708386,-1.1274862351562172e-06,-3.7469820741233904e-11,1,"[0, -0.03587480013099848, -0.03708333333333333, 1.0, 1]",1.581880517707758e-06
-0.03666666666666667,0,-0.00014618214333437127,-1.1237354267915471e-06,-3.721889359367455e-11,1,"[0, -0.03581652507272342, -0.03666666666666667, 1.0, 1]",1.5755173472470102e-06
-0.036250000000000004,0,-0.00014582556770736295,-1.1199924894264231e-06,-3.696934048733779e-11,1,"[0, -0.035758250014448364, -0.036250000000000004, 1.0, 1]",1.5691722418017537e-06
-0.03583333333333333,0,-0.0001454694078860589,-1.1162574155610818e-06,-3.672115553584924e-11,1,"[0, -0.0356999749561733, -0.03583333333333333, 1.0, 1]",1.562845170020726e-06
-0.035416666666666666,0,-0.0001451136638704591,-1.1125301976957597e-06,-3.64743328712636e-11,1,"[0, -0.03564169989789825, -0.035416666666666666, 1.0, 1]",1.5565361005767004e-06
-0.035,0,-0.0001447583356605636,-1.1088108283306935e-06,-3.622886664402725e-11,1,"[0, -0.035583424839623186, -0.035, 1.0, 1]",1.5502450021664847e-06
-0.03458333333333334,0,-0.00014440342325637234,-1.1050992999661193e-06,-3.598475102294094e-11,1,"[0, -0.03552514978134813, -0.03458333333333334, 1.0, 1]",1.5439718435109222e-06
-0.034166666666666665,0,-0.00014404892665788538,-1.1013956051022737e-06,-3.574198019512246e-11,1,"[0, -0.03546687472307307, -0.034166666666666665, 1.0, 1]",1.5377165933548916e-06
-0.03375,0,-0.00014369484586510266,-1.0976997362393935e-06,-3.5500548365969454e-11,1,"[0, -0.035408599664798014, -0.03375, 1.0, 1]",1.5314792204673075e-06
-0.03333333333333334,0,-0.0001433411808780242,-1.0940116858777148e-06,-3.526044975912206e-11,1,"[0, -0.03535032460652295, -0.03333333333333334, 1.0, 1]",1.5252596936411189e-06
-0.032916666666666664,0,-0.00014298793169665002,-1.0903314465174741e-06,-3.502167861642585e-11,1,"[0, -0.0352920495482479, -0.032916666666666664, 1.0, 1]",1.5190579816933104e-06
-0.0325,0,-0.00014263509832098008,-1.086659010658908e-06,-3.4784229197894606e-11,1,"[0, -0.035233774489972836, -0.0325, 1.0, 1]",1.512874053464902e-06
-0.03208333333333334,0,-0.00014228268075101448,-1.082994370802253e-06,-3.454809578167325e-11,1,"[0, -0.03517549943169778, -0.03208333333333334, 1.0, 1]",1.5067078778209494e-06
-0.03166666666666666,0,-0.00014193067898675307,-1.0793375194477457e-06,-3.4313272664000726e-11,1,"[0, -0.03511722437342272, -0.03166666666666666, 1.0, 1]",1.5005594236505426e-06
-0.03125,0,-0.00014157909302819595,-1.0756884490956222e-06,-3.407975415917296e-11,1,"[0, -0.035058949315147664, -0.03125, 1.0, 1]",1.4944286598668081e-06
-0.030833333333333338,0,-0.00014122792287534316,-1.0720471522461194e-06,-3.3847534599505905e-11,1,"[0, -0.0350006742568726, -0.030833333333333338, 1.0, 1]",1.4883155554069068e-06
-0.03041666666666666,0,-0.00014087716852819455,-1.0684136213994734e-06,-3.361660833529849e-11,1,"[0, -0.03494239919859755, -0.03041666666666666, 1.0, 1]",1.4822200792320352e-06
-0.03,0,-0.00014052682998675026,-1.064787849055921e-06,-3.3386969734795804e-11,1,"[0, -0.034884124140322485, -0.03, 1.0, 1]",1.4761422003274254e-06
-0.029583333333333336,0,-0.0001401769072510102,-1.0611698277156984e-06,-3.315861318415207e-11,1,"[0, -0.03482584908204743, -0.029583333333333336, 1.0, 1]",1.4700818877023446e-06
-0.029166666666666674,0,-0.00013982740032097442,-1.0575595498790423e-06,-3.2931533087393896e-11,1,"[0, -0.034767574023772375, -0.029166666666666674, 1.0, 1]",1.464039110390095e-06
-0.028749999999999998,0,-0.0001394783091966429,-1.053957008046189e-06,-3.270572386638338e-11,1,"[0, -0.034709298965497314, -0.028749999999999998, 1.0, 1]",1.4580138374480143e-06
-0.028333333333333335,0,-0.00013912963387801566,-1.0503621947173753e-06,-3.24811799607814e-11,1,"[0, -0.03465102390722226, -0.028333333333333335, 1.0, 1]",1.452006037957476e-06
-0.027916666666666673,0,-0.00013878137436509268,-1.0467751023928373e-06,-3.225789582801078e-11,1,"[0, -0.0345927488489472, -0.027916666666666673, 1.0, 1]",1.4460156810238885e-06
-0.027499999999999997,0,-0.000138433530657874,-1.0431957235728116e-06,-3.203586594321966e-11,1,"[0, -0.034534473790672135, -0.027499999999999997, 1.0, 1]",1.440042735776695e-06
-0.027083333333333334,0,-0.00013808610275635957,-1.039624050757535e-06,-3.181508479924478e-11,1,"[0, -0.03447619873239708, -0.027083333333333334, 1.0, 1]",1.434087171369375e-06
-0.026666666666666672,0,-0.00013773909066054936,-1.0360600764472435e-06,-3.159554690657482e-11,1,"[0, -0.034417923674122025, -0.026666666666666672, 1.0, 1]",1.428148956979443e-06
-0.026249999999999996,0,-0.00013739249437044347,-1.0325037931421738e-06,-3.137724679331388e-11,1,"[0, -0.03435964861584696, -0.026249999999999996, 1.0, 1]",1.4222280618084478e-06
-0.025833333333333333,0,-0.00013704631388604185,-1.0289551933425624e-06,-3.116017900514486e-11,1,"[0, -0.03430137355757191, -0.025833333333333333, 1.0, 1]",1.4163244550819754e-06
-0.02541666666666667,0,-0.00013670054920734447,-1.0254142695486456e-06,-3.094433810529293e-11,1,"[0, -0.034243098499296847, -0.02541666666666667, 1.0, 1]",1.4104381060496455e-06
-0.024999999999999994,0,-0.00013635520033435135,-1.0218810142606603e-06,-3.072971867448906e-11,1,"[0, -0.03418482344102179, -0.024999999999999994, 1.0, 1]",1.4045689839851136e-06
-0.024583333333333332,0,-0.0001360102672670625,-1.0183554199788425e-06,-3.051631531093358e-11,1,"[0, -0.03412654838274673, -0.024583333333333332, 1.0, 1]",1.3987170581860708e-06
-0.02416666666666667,0,-0.00013566575000547793,-1.014837479203429e-06,-3.030412263025973e-11,1,"[0, -0.034068273324471675, -0.02416666666666667, 1.0, 1]",1.3928822979742436e-06
-0.023750000000000007,0,-0.00013532164854959767,-1.0113271844346561e-06,-3.0093135265497314e-11,1,"[0, -0.03400999826619661, -0.023750000000000007, 1.0, 1]",1.3870646726953929e-06
-0.02333333333333333,0,-0.0001349779628994216,-1.0078245281727604e-06,-2.988334786703634e-11,1,"[0, -0.03395172320792156, -0.02333333333333333, 1.0, 1]",1.3812641517193157e-06
-0.02291666666666667,0,-0.00013463469305494984,-1.0043295029179782e-06,-2.967475510259071e-11,1,"[0, -0.033893448149646496, -0.02291666666666667, 1.0, 1]",1.3754807044398444e-06
-0.022500000000000006,0,-0.00013429183901618238,-1.0008421011705462e-06,-2.9467351657162005e-11,1,"[0, -0.03383517309137144, -0.022500000000000006, 1.0, 1]",1.3697143002748465e-06
-0.02208333333333333,0,-0.0001339494007831191,-9.973623154307008e-07,-2.926113223300317e-11,1,"[0, -0.03377689803309638, -0.02208333333333333, 1.0, 1]",1.3639649086662242e-06
-0.021666666666666667,0,-0.00013360737835576016,-9.938901381986785e-07,-2.9056091549582372e-11,1,"[0, -0.033718622974821325, -0.021666666666666667, 1.0, 1]",1.358232499079916e-06
-0.021250000000000005,0,-0.00013326577173410547,-9.904255619747157e-07,-2.8852224343546853e-11,1,"[0, -0.03366034791654626, -0.021250000000000005, 1.0, 1]",1.3525170410058956e-06
-0.02083333333333333,0,-0.000132924580918155,-9.86968579259049e-07,-2.8649525368686764e-11,1,"[0, -0.03360207285827121, -0.02083333333333333, 1.0, 1]",1.346818503958171e-06
-0.020416666666666666,0,-0.00013258380590790885,-9.835191825519147e-07,-2.844798939589912e-11,1,"[0, -0.033543797799996146, -0.020416666666666666, 1.0, 1]",1.3411368574747865e-06
-0.020000000000000004,0,-0.00013224344670336696,-9.800773643535496e-07,-2.8247611213151755e-11,1,"[0, -0.03348552274172109, -0.020000000000000004, 1.0, 1]",1.3354720711178214e-06
-0.019583333333333328,0,-0.0001319035033045293,-9.766431171641896e-07,-2.8048385625447256e-11,1,"[0, -0.03342724768344603, -0.019583333333333328, 1.0, 1]",1.3298241144733902e-06
-0.019166666666666665,0,-0.00013156397571139597,-9.73216433484072e-07,-2.7850307454787102e-11,1,"[0, -0.033368972625170974, -0.019166666666666665, 1.0, 1]",1.324192957151643e-06
-0.018750000000000003,0,-0.00013122486392396686,-9.697973058134325e-07,-2.765337154013558e-11,1,"[0, -0.03331069756689591, -0.018750000000000003, 1.0, 1]",1.3185785687867652e-06
-0.01833333333333334,0,-0.00013088616794224204,-9.66385726652508e-07,-2.7457572737384026e-11,1,"[0, -0.03325242250862086, -0.01833333333333334, 1.0, 1]",1.3129809190369771e-06
-0.017916666666666664,0,-0.0001305478877662215,-9.62981688501535e-07,-2.7262905919314857e-11,1,"[0, -0.033194147450345796, -0.017916666666666664, 1.0, 1]",1.3073999775845343e-06
-0.0175,0,-0.00013021002339590516,-9.595851838607498e-07,-2.7069365975565817e-11,1,"[0, -0.03313587239207074, -0.0175, 1.0, 1]",1.3018357141357285e-06
-0.01708333333333334,0,-0.00012987257483129314,-9.561962052303889e-07,-2.6876947812594142e-11,1,"[0, -0.033077597333795686, -0.01708333333333334, 1.0, 1]",1.296288098420886e-06
-0.016666666666666663,0,-0.0001295355420723854,-9.528147451106888e-07,-2.6685646353640845e-11,1,"[0, -0.033019322275520624, -0.016666666666666663, 1.0, 1]",1.2907571001943685e-06
-0.01625,0,-0.0001291989251191819,-9.494407960018862e-07,-2.6495456538694973e-11,1,"[0, -0.03296104721724556, -0.01625, 1.0, 1]",1.2852426892345732e-06
-0.015833333333333338,0,-0.0001288627239716827,-9.460743504042173e-07,-2.6306373324457932e-11,1,"[0, -0.03290277215897051, -0.015833333333333338, 1.0, 1]",1.2797448353439326e-06
-0.015416666666666662,0,-0.00012852693862988775,-9.427154008179186e-07,-2.6118391684307852e-11,1,"[0, -0.032844497100695445, -0.015416666666666662, 1.0, 1]",1.274263508348914e-06
-0.015,0,-0.00012819156909379704,-9.393639397432267e-07,-2.5931506608263995e-11,1,"[0, -0.03278622204242039, -0.015, 1.0, 1]",1.268798678100021e-06
-0.014583333333333337,0,-0.00012785661536341065,-9.360199596803782e-07,-2.5745713102951166e-11,1,"[0, -0.032727946984145335, -0.014583333333333337, 1.0, 1]",1.2633503144717917e-06
-0.01416666666666666,0,-0.00012752207743872845,-9.326834531296092e-07,-2.5561006191564176e-11,1,"[0, -0.032669671925870274, -0.01416666666666666, 1.0, 1]",1.2579183873627996e-06
-0.013749999999999998,0,-0.00012718795531975057,-9.293544125911564e-07,-2.5377380913832396e-11,1,"[0, -0.03261139686759521, -0.013749999999999998, 1.0, 1]",1.2525028666956539e-06
-0.013333333333333336,0,-0.00012685424900647693,-9.260328305652564e-07,-2.5194832325984238e-11,1,"[0, -0.03255312180932016, -0.013333333333333336, 1.0, 1]",1.2471037224169988e-06
-0.012916666666666674,0,-0.00012652095849890758,-9.227186995521456e-07,-2.5013355500711777e-11,1,"[0, -0.0324948467510451, -0.012916666666666674, 1.0, 1]",1.241720924497514e-06
-0.012499999999999997,0,-0.0001261880837970425,-9.194120120520602e-07,-2.483294552713534e-11,1,"[0, -0.03243657169277004, -0.012499999999999997, 1.0, 1]",1.236354442931914e-06
-0.012083333333333335,0,-0.00012585562490088169,-9.161127605652371e-07,-2.465359751076819e-11,1,"[0, -0.032378296634494985, -0.012083333333333335, 1.0, 1]",1.2310042477389496e-06
-0.011666666666666672,0,-0.00012552358181042514,-9.128209375919126e-07,-2.4475306573481198e-11,1,"[0, -0.03232002157621992, -0.011666666666666672, 1.0, 1]",1.225670308961406e-06
-0.011249999999999996,0,-0.00012519195452567286,-9.09536535632323e-07,-2.4298067853467545e-11,1,"[0, -0.03226174651794487, -0.011249999999999996, 1.0, 1]",1.2203525966661037e-06
-0.010833333333333334,0,-0.00012486074304662485,-9.062595471867052e-07,-2.4121876505207555e-11,1,"[0, -0.03220347145966981, -0.010833333333333334, 1.0, 1]",1.2150510809438997e-06
-0.010416666666666671,0,-0.00012452994737328107,-9.029899647552954e-07,-2.3946727699433404e-11,1,"[0, -0.03214519640139475, -0.010416666666666671, 1.0, 1]",1.2097657319096847e-06
-0.009999999999999995,0,-0.0001241995675056416,-8.997277808383299e-07,-2.3772616623094046e-11,1,"[0, -0.03208692134311969, -0.009999999999999995, 1.0, 1]",1.2044965197023856e-06
-0.009583333333333333,0,-0.00012386960344370636,-8.964729879360457e-07,-2.3599538479320045e-11,1,"[0, -0.032028646284844635, -0.009583333333333333, 1.0, 1]",1.1992434144849647e-06
-0.00916666666666667,0,-0.0001235400551874754,-8.932255785486788e-07,-2.342748848738846e-11,1,"[0, -0.03197037122656957, -0.00916666666666667, 1.0, 1]",1.1940063864444193e-06
-0.008749999999999994,0,-0.00012321092273694873,-8.899855451764659e-07,-2.3256461882687845e-11,1,"[0, -0.03191209616829452, -0.008749999999999994, 1.0, 1]",1.188785405791782e-06
-0.008333333333333331,0,-0.00012288220609212635,-8.867528803196434e-07,-2.308645391668321e-11,1,"[0, -0.031853821110019456, -0.008333333333333331, 1.0, 1]",1.183580442762121e-06
-0.007916666666666669,0,-0.0001225539052530082,-8.835275764784479e-07,-2.291745985688104e-11,1,"[0, -0.0317955460517444, -0.007916666666666669, 1.0, 1]",1.1783914676145396e-06
-0.007499999999999993,0,-0.0001222260202195943,-8.803096261531157e-07,-2.2749474986794352e-11,1,"[0, -0.03173727099346934, -0.007499999999999993, 1.0, 1]",1.1732184506321761e-06
-0.00708333333333333,0,-0.00012189855099188472,-8.770990218438834e-07,-2.258249460590781e-11,1,"[0, -0.031678995935194285, -0.00708333333333333, 1.0, 1]",1.1680613621222047e-06
-0.006666666666666668,0,-0.00012157149756987936,-8.738957560509876e-07,-2.241651402964284e-11,1,"[0, -0.03162072087691922, -0.006666666666666668, 1.0, 1]",1.1629201724158348e-06
-0.0062500000000000056,0,-0.0001212448599535783,-8.706998212746646e-07,-2.225152858932279e-11,1,"[0, -0.03156244581864417, -0.0062500000000000056, 1.0, 1]",1.1577948518683106e-06
-0.005833333333333329,0,-0.00012091863814298145,-8.675112100151508e-07,-2.2087533632138157e-11,1,"[0, -0.031504170760369106, -0.005833333333333329, 1.0, 1]",1.152685370858912e-06
-0.005416666666666667,0,-0.00012059283213808892,-8.64329914772683e-07,-2.192452452111183e-11,1,"[0, -0.03144589570209405, -0.005416666666666667, 1.0, 1]",1.1475916997909546e-06
-0.0050000000000000044,0,-0.00012026744193890066,-8.611559280474973e-07,-2.1762496635064342e-11,1,"[0, -0.03138762064381899, -0.0050000000000000044, 1.0, 1]",1.1425138090917884e-06
-0.004583333333333328,0,-0.00011994246754541663,-8.579892423398304e-07,-2.1601445368579224e-11,1,"[0, -0.031329345585543934, -0.004583333333333328, 1.0, 1]",1.1374516692127995e-06
-0.004166666666666666,0,-0.00011961790895763692,-8.548298501499188e-07,-2.144136613196834e-11,1,"[0, -0.03127107052726887, -0.004166666666666666, 1.0, 1]",1.132405250629409e-06
-0.0037500000000000033,0,-0.00011929376617556143,-8.516777439779989e-07,-2.1282254351237256e-11,1,"[0, -0.031212795468993818, -0.0037500000000000033, 1.0, 1]",1.1273745238410732e-06
-0.003333333333333327,0,-0.00011897003919919022,-8.485329163243071e-07,-2.1124105468050713e-11,1,"[0, -0.031154520410718756, -0.003333333333333327, 1.0, 1]",1.1223594593712838e-06
-0.0029166666666666646,0,-0.00011864672802852327,-8.453953596890801e-07,-2.0966914939698058e-11,1,"[0, -0.0310962453524437, -0.0029166666666666646, 1.0, 1]",1.117360027767568e-06
-0.0025000000000000022,0,-0.00011832383266356062,-8.422650665725543e-07,-2.0810678239058752e-11,1,"[0, -0.031037970294168642, -0.0025000000000000022, 1.0, 1]",1.1123761996014881e-06
-0.002083333333333326,0,-0.0001180013531043022,-8.39142029474966e-07,-2.0655390854567898e-11,1,"[0, -0.030979695235893584, -0.002083333333333326, 1.0, 1]",1.1074079454686416e-06
-0.0016666666666666635,0,-0.00011767928935074807,-8.36026240896552e-07,-2.0501048290181852e-11,1,"[0, -0.030921420177618526, -0.0016666666666666635, 1.0, 1]",1.1024552359886617e-06
-0.0012500000000000011,0,-0.00011735764140289818,-8.329176933375486e-07,-2.034764606534379e-11,1,"[0, -0.030863145119343467, -0.0012500000000000011, 1.0, 1]",1.0975180418052168e-06
-0.0008333333333333387,0,-0.0001170364092607526,-8.298163792981922e-07,-2.0195179714949375e-11,1,"[0, -0.03080487006106841, -0.0008333333333333387, 1.0, 1]",1.09259633358601e-06
-0.0004166666666666624,0,-0.00011671559292431125,-8.267222912787194e-07,-2.0043644789312442e-11,1,"[0, -0.03074659500279335, -0.0004166666666666624, 1.0, 1]",1.0876900820227807e-06
0.0,0,-0.00011639519239357418,-8.236354217793667e-07,-1.989303685413073e-11,1,"[0, -0.030688319944518292, 0.0, 1.0, 1]",1.082799257831303e-06
0.0004166666666666624,0,-0.00011607520766854138,-8.205557633003704e-07,-1.974335149045162e-11,1,"[0, -0.030630044886243234, 0.0004166666666666624, 1.0, 1]",1.0779238317513862e-06
0.0008333333333333387,0,-0.00011575563874921283,-8.174833083419671e-07,-1.9594584294637938e-11,1,"[0, -0.030571769827968175, 0.0008333333333333387, 1.0, 1]",1.0730637745468752e-06
0.0012500000000000011,0,-0.00011543648563558858,-8.144180494043935e-07,-1.944673087833381e-11,1,"[0, -0.030513494769693117, 0.0012500000000000011, 1.0, 1]",1.0682190570056505e-06
0.0016666666666666635,0,-0.00011511774832766858,-8.113599789878857e-07,-1.9299786868430487e-11,1,"[0, -0.03045521971141806, 0.0016666666666666635, 1.0, 1]",1.0633896499396273e-06
0.00208333333333334,0,-0.00011479942682545284,-8.083090895926804e-07,-1.9153747907032284e-11,1,"[0, -0.030396944653143, 0.00208333333333334, 1.0, 1]",1.0585755241847562e-06
0.0025000000000000022,0,-0.00011448152112894137,-8.05265373719014e-07,-1.900860965142252e-11,1,"[0, -0.030338669594867942, 0.0025000000000000022, 1.0, 1]",1.0537766506010234e-06
0.0029166666666666646,0,-0.00011416403123813419,-8.022288238671231e-07,-1.886436777402949e-11,1,"[0, -0.030280394536592883, 0.0029166666666666646, 1.0, 1]",1.0489930000724506e-06
0.003333333333333341,0,-0.00011384695715303124,-7.99199432537244e-07,-1.872101796239247e-11,1,"[0, -0.030222119478317825, 0.003333333333333341, 1.0, 1]",1.0442245435070941e-06
0.0037500000000000033,0,-0.00011353029887363258,-7.961771922296132e-07,-1.85785559191278e-11,1,"[0, -0.030163844420042767, 0.0037500000000000033, 1.0, 1]",1.0394712518370462e-06
0.004166666666666666,0,-0.00011321405639993818,-7.931620954444674e-07,-1.8436977361894962e-11,1,"[0, -0.030105569361767708, 0.004166666666666666, 1.0, 1]",1.034733096018434e-06
0.004583333333333328,0,-0.00011289822973194807,-7.901541346820429e-07,-1.8296278023362687e-11,1,"[0, -0.030047294303492653, 0.004583333333333328, 1.0, 1]",1.0300100470314203e-06
0.0050000000000000044,0,-0.00011258281886966218,-7.871533024425762e-07,-1.8156453651175134e-11,1,"[0, -0.02998901924521759, 0.0050000000000000044, 1.0, 1]",1.025302075880203e-06
0.005416666666666667,0,-0.00011226782381308059,-7.841595912263037e-07,-1.8017500007918113e-11,1,"[0, -0.029930744186942533, 0.005416666666666667, 1.0, 1]",1.020609153593015e-06
0.005833333333333329,0,-0.00011195324456220328,-7.811729935334621e-07,-1.787941287108529e-11,1,"[0, -0.029872469128667478, 0.005833333333333329, 1.0, 1]",1.0159312512221256e-06
0.0062500000000000056,0,-0.00011163908111703021,-7.781935018642877e-07,-1.774218803304446e-11,1,"[0, -0.029814194070392416, 0.0062500000000000056, 1.0, 1]",1.0112683398438381e-06
0.006666666666666668,0,-0.00011132533347756142,-7.752211087190171e-07,-1.7605821301003893e-11,1,"[0, -0.029755919012117358, 0.006666666666666668, 1.0, 1]",1.006620390558492e-06
0.00708333333333333,0,-0.00011101200164379687,-7.722558065978867e-07,-1.747030849697865e-11,1,"[0, -0.029697643953842303, 0.00708333333333333, 1.0, 1]",1.0019873744904616e-06
0.007500000000000007,0,-0.00011069908561573663,-7.692975880011328e-07,-1.733564545775697e-11,1,"[0, -0.02963936889556724, 0.007500000000000007, 1.0, 1]",9.973692627881566e-07
0.007916666666666669,0,-0.00011038658539338064,-7.663464454289922e-07,-1.7201828034866724e-11,1,"[0, -0.029581093837292183, 0.007916666666666669, 1.0, 1]",9.927660266240224e-07
0.008333333333333331,0,-0.00011007450097672892,-7.634023713817014e-07,-1.7068852094541838e-11,1,"[0, -0.029522818779017128, 0.008333333333333331, 1.0, 1]",9.881776371945393e-07
0.008750000000000008,0,-0.00010976283236578144,-7.604653583594965e-07,-1.6936713517688774e-11,1,"[0, -0.029464543720742066, 0.008750000000000008, 1.0, 1]",9.83604065720223e-07
0.00916666666666667,0,-0.00010945157956053827,-7.575353988626144e-07,-1.6805408199853143e-11,1,"[0, -0.02940626866246701, 0.00916666666666667, 1.0, 1]",9.790452834456248e-07
0.009583333333333333,0,-0.00010914074256099936,-7.546124853912913e-07,-1.6674932051186178e-11,1,"[0, -0.029347993604191953, 0.009583333333333333, 1.0, 1]",9.745012616393307e-07
0.009999999999999995,0,-0.00010883032136716469,-7.516966104457639e-07,-1.6545280996411397e-11,1,"[0, -0.029289718545916894, 0.009999999999999995, 1.0, 1]",9.699719715939627e-07
0.010416666666666671,0,-0.0001085203159790343,-7.487877665262684e-07,-1.6416450974791218e-11,1,"[0, -0.029231443487641836, 0.010416666666666671, 1.0, 1]",9.654573846261775e-07
0.010833333333333334,0,-0.00010821072639660818,-7.458859461330415e-07,-1.6288437940093686e-11,1,"[0, -0.029173168429366778, 0.010833333333333334, 1.0, 1]",9.609574720766676e-07
0.011249999999999996,0,-0.00010790155261988633,-7.429911417663197e-07,-1.616123786055912e-11,1,"[0, -0.02911489337109172, 0.011249999999999996, 1.0, 1]",9.564722053101603e-07
0.011666666666666672,0,-0.00010759279464886874,-7.401033459263392e-07,-1.6034846718866912e-11,1,"[0, -0.02905661831281666, 0.011666666666666672, 1.0, 1]",9.520015557154188e-07
0.012083333333333335,0,-0.00010728445248355544,-7.372225511133368e-07,-1.590926051210231e-11,1,"[0, -0.028998343254541602, 0.012083333333333335, 1.0, 1]",9.475454947052414e-07
0.012499999999999997,0,-0.00010697652612394637,-7.343487498275489e-07,-1.5784475251723256e-11,1,"[0, -0.028940068196266544, 0.012499999999999997, 1.0, 1]",9.431039937164617e-07
0.012916666666666674,0,-0.00010666901557004159,-7.314819345692119e-07,-1.566048696352721e-11,1,"[0, -0.028881793137991486, 0.012916666666666674, 1.0, 1]",9.386770242099479e-07
0.013333333333333336,0,-0.00010636192082184105,-7.286220978385623e-07,-1.5537291687618094e-11,1,"[0, -0.028823518079716427, 0.013333333333333336, 1.0, 1]",9.342645576706048e-07
0.013749999999999998,0,-0.00010605524187934481,-7.257692321358366e-07,-1.541488547837321e-11,1,"[0, -0.02876524302144137, 0.013749999999999998, 1.0, 1]",9.298665656073718e-07
0.014166666666666675,0,-0.00010574897874255283,-7.229233299612712e-07,-1.5293264404410214e-11,1,"[0, -0.02870696796316631, 0.014166666666666675, 1.0, 1]",9.254830195532233e-07
0.014583333333333337,0,-0.00010544313141146511,-7.200843838151029e-07,-1.5172424548554133e-11,1,"[0, -0.028648692904891252, 0.014583333333333337, 1.0, 1]",9.211138910651698e-07
0.015,0,-0.00010513769988608167,-7.172523861975678e-07,-1.5052362007804416e-11,1,"[0, -0.028590417846616194, 0.015, 1.0, 1]",9.167591517242566e-07
0.015416666666666662,0,-0.00010483268416640247,-7.144273296089025e-07,-1.4933072893301996e-11,1,"[0, -0.028532142788341135, 0.015416666666666662, 1.0, 1]",9.124187731355642e-07
0.015833333333333338,0,-0.00010452808425242758,-7.116092065493435e-07,-1.4814553330296453e-11,1,"[0, -0.028473867730066077, 0.015833333333333338, 1.0, 1]",9.080927269282087e-07
0.01625,0,-0.00010422390014415693,-7.087980095191273e-07,-1.469679945811314e-11,1,"[0, -0.02841559267179102, 0.01625, 1.0, 1]",9.037809847553417e-07
0.016666666666666663,0,-0.00010392013184159056,-7.059937310184903e-07,-1.4579807430120378e-11,1,"[0, -0.02835731761351596, 0.016666666666666663, 1.0, 1]",8.994835182941496e-07
0.01708333333333334,0,-0.00010361677934472842,-7.031963635476691e-07,-1.446357341369671e-11,1,"[0, -0.028299042555240902, 0.01708333333333334, 1.0, 1]",8.952002992458542e-07
0.0175,0,-0.0001033138426535706,-7.004058996069002e-07,-1.434809359019816e-11,1,"[0, -0.028240767496965843, 0.0175, 1.0, 1]",8.909312993357132e-07
0.017916666666666664,0,-0.00010301132176811703,-6.976223316964199e-07,-1.4233364154925527e-11,1,"[0, -0.028182492438690785, 0.017916666666666664, 1.0, 1]",8.866764903130189e-07
0.01833333333333334,0,-0.0001027092166883677,-6.948456523164648e-07,-1.4119381317091743e-11,1,"[0, -0.028124217380415727, 0.01833333333333334, 1.0, 1]",8.824358439510989e-07
0.018750000000000003,0,-0.00010240752741432266,-6.920758539672714e-07,-1.4006141299789262e-11,1,"[0, -0.02806594232214067, 0.018750000000000003, 1.0, 1]",8.78209332047317e-07
0.019166666666666665,0,-0.00010210625394598188,-6.893129291490761e-07,-1.3893640339957439e-11,1,"[0, -0.02800766726386561, 0.019166666666666665, 1.0, 1]",8.739969264230714e-07
0.01958333333333334,0,-0.00010180539628334538,-6.865568703621154e-07,-1.3781874688350025e-11,1,"[0, -0.02794939220559055, 0.01958333333333334, 1.0, 1]",8.697985989237959e-07
0.020000000000000004,0,-0.00010150495442641313,-6.838076701066259e-07,-1.3670840609502632e-11,1,"[0, -0.027891117147315493, 0.020000000000000004, 1.0, 1]",8.656143214189595e-07
0.020416666666666666,0,-0.00010120492837518517,-6.810653208828439e-07,-1.3560534381700275e-11,1,"[0, -0.027832842089040438, 0.020416666666666666, 1.0, 1]",8.614440658020669e-07
0.02083333333333333,0,-0.00010090531812966146,-6.783298151910061e-07,-1.3450952296944921e-11,1,"[0, -0.02777456703076538, 0.02083333333333333, 1.0, 1]",8.572878039906579e-07
0.021250000000000005,0,-0.00010060612368984201,-6.756011455313486e-07,-1.3342090660923094e-11,1,"[0, -0.027716291972490318, 0.021250000000000005, 1.0, 1]",8.531455079263071e-07
0.021666666666666667,0,-0.00010030734505572683,-6.728793044041083e-07,-1.3233945792973536e-11,1,"[0, -0.02765801691421526, 0.021666666666666667, 1.0, 1]",8.490171495746253e-07
0.02208333333333333,0,-0.00010000898222731594,-6.701642843095216e-07,-1.3126514026054843e-11,1,"[0, -0.027599741855940205, 0.02208333333333333, 1.0, 1]",8.449027009252581e-07
0.022500000000000006,0,-9.971103520460928e-05,-6.674560777478246e-07,-1.3019791706713194e-11,1,"[0, -0.027541466797665143, 0.022500000000000006, 1.0, 1]",8.408021339918863e-07
0.02291666666666667,0,-9.941350398760693e-05,-6.647546772192544e-07,-1.2913775195050126e-11,1,"[0, -0.027483191739390088, 0.02291666666666667, 1.0, 1]",8.367154208122265e-07
0.02333333333333333,0,-9.911638857630884e-05,-6.62060075224047e-07,-1.280846086469026e-11,1,"[0, -0.02742491668111503, 0.02333333333333333, 1.0, 1]",8.326425334480301e-07
0.023750000000000007,0,-9.8819688970715e-05,-6.593722642624389e-07,-1.2703845102749172e-11,1,"[0, -0.027366641622839968, 0.023750000000000007, 1.0, 1]",8.285834439850839e-07
0.02416666666666667,0,-9.852340517082543e-05,-6.566912368346669e-07,-1.2599924309801244e-11,1,"[0, -0.027308366564564913, 0.02416666666666667, 1.0, 1]",8.245381245332105e-07
0.024583333333333332,0,-9.822753717664012e-05,-6.540169854409672e-07,-1.2496694899847538e-11,1,"[0, -0.027250091506289854, 0.024583333333333332, 1.0, 1]",8.205065472262672e-07
0.024999999999999994,0,-9.793208498815907e-05,-6.513495025815764e-07,-1.2394153300283752e-11,1,"[0, -0.027191816448014796, 0.024999999999999994, 1.0, 1]",8.164886842221468e-07
0.02541666666666667,0,-9.763704860538232e-05,-6.486887807567309e-07,-1.2292295951868167e-11,1,"[0, -0.027133541389739738, 0.02541666666666667, 1.0, 1]",8.124845077027776e-07
0.025833333333333347,0,-9.734242802830981e-05,-6.460348124666672e-07,-1.219111930868968e-11,1,"[0, -0.027075266331464676, 0.025833333333333347, 1.0, 1]",8.084939898741229e-07
0.026249999999999996,0,-9.704822325694159e-05,-6.433875902116219e-07,-1.2090619838135826e-11,1,"[0, -0.02701699127318962, 0.026249999999999996, 1.0, 1]",8.04517102966182e-07
0.026666666666666672,0,-9.675443429127761e-05,-6.407471064918313e-07,-1.199079402086086e-11,1,"[0, -0.026958716214914562, 0.026666666666666672, 1.0, 1]",8.005538192329884e-07
0.027083333333333348,0,-9.646106113131791e-05,-6.38113353807532e-07,-1.1891638350753887e-11,1,"[0, -0.0269004411566395, 0.027083333333333348, 1.0, 1]",7.966041109526115e-07
0.027499999999999997,0,-9.616810377706248e-05,-6.354863246589605e-07,-1.1793149334907002e-11,1,"[0, -0.026842166098364446, 0.027499999999999997, 1.0, 1]",7.926679504271566e-07
0.027916666666666673,0,-9.587556222851133e-05,-6.328660115463533e-07,-1.169532349358348e-11,1,"[0, -0.026783891040089387, 0.027916666666666673, 1.0, 1]",7.887453099827631e-07
0.02833333333333335,0,-9.558343648566441e-05,-6.302524069699466e-07,-1.1598157360186005e-11,1,"[0, -0.026725615981814325, 0.02833333333333335, 1.0, 1]",7.848361619696066e-07
0.028749999999999998,0,-9.52917265485218e-05,-6.276455034299774e-07,-1.1501647481224965e-11,1,"[0, -0.02666734092353927, 0.028749999999999998, 1.0, 1]",7.809404787618981e-07
0.029166666666666674,0,-9.500043241708343e-05,-6.250452934266815e-07,-1.1405790416286678e-11,1,"[0, -0.026609065865264212, 0.029166666666666674, 1.0, 1]",7.770582327578828e-07
0.029583333333333323,0,-9.470955409134935e-05,-6.224517694602962e-07,-1.1310582738001826e-11,1,"[0, -0.026550790806989154, 0.029583333333333323, 1.0, 1]",7.731893963798427e-07
0.03,0,-9.44190915713195e-05,-6.198649240310571e-07,-1.121602103201373e-11,1,"[0, -0.026492515748714095, 0.03, 1.0, 1]",7.693339420740939e-07
0.030416666666666675,0,-9.412904485699395e-05,-6.172847496392013e-07,-1.1122101896946856e-11,1,"[0, -0.026434240690439037, 0.030416666666666675, 1.0, 1]",7.654918423109883e-07
0.030833333333333324,0,-9.383941394837266e-05,-6.147112387849653e-07,-1.1028821944375199e-11,1,"[0, -0.026375965632163982, 0.030833333333333324, 1.0, 1]",7.616630695849136e-07
0.03125,0,-9.355019884545563e-05,-6.121443839685849e-07,-1.0936177798790772e-11,1,"[0, -0.02631769057388892, 0.03125, 1.0, 1]",7.578475964142917e-07
0.031666666666666676,0,-9.326139954824287e-05,-6.095841776902973e-07,-1.0844166097572174e-11,1,"[0, -0.026259415515613862, 0.031666666666666676, 1.0, 1]",7.540453953415807e-07
0.032083333333333325,0,-9.297301605673438e-05,-6.070306124503389e-07,-1.0752783490953104e-11,1,"[0, -0.026201140457338807, 0.032083333333333325, 1.0, 1]",7.502564389332739e-07
0.0325,0,-9.268504837093016e-05,-6.044836807489458e-07,-1.0662026641990963e-11,1,"[0, -0.026142865399063745, 0.0325, 1.0, 1]",7.464806997798994e-07
0.03291666666666668,0,-9.23974964908302e-05,-6.019433750863547e-07,-1.0571892226535504e-11,1,"[0, -0.026084590340788687, 0.03291666666666668, 1.0, 1]",7.427181504960211e-07
0.033333333333333326,0,-9.211036041643451e-05,-5.994096879628023e-07,-1.0482376933197496e-11,1,"[0, -0.026026315282513632, 0.033333333333333326, 1.0, 1]",7.389687637202383e-07
0.03375,0,-9.182364014774309e-05,-5.968826118785247e-07,-1.039347746331741e-11,1,"[0, -0.02596804022423857, 0.03375, 1.0, 1]",7.352325121151849e-07
0.03416666666666668,0,-9.153733568475593e-05,-5.943621393337584e-07,-1.0305190530934187e-11,1,"[0, -0.02590976516596351, 0.03416666666666668, 1.0, 1]",7.315093683675308e-07
0.03458333333333333,0,-9.125144702747303e-05,-5.918482628287403e-07,-1.021751286275402e-11,1,"[0, -0.025851490107688457, 0.03458333333333333, 1.0, 1]",7.277993051879815e-07
0.035,0,-9.096597417589443e-05,-5.893409748637064e-07,-1.0130441198119136e-11,1,"[0, -0.0257932150494134, 0.035, 1.0, 1]",7.241022953112764e-07
0.03541666666666668,0,-9.068091713002007e-05,-5.868402679388932e-07,-1.0043972288976678e-11,1,"[0, -0.025734939991138336, 0.03541666666666668, 1.0, 1]",7.204183114961916e-07
0.03583333333333333,0,-9.039627588984998e-05,-5.843461345545378e-07,-9.958102899847618e-12,1,"[0, -0.02567666493286328, 0.03583333333333333, 1.0, 1]",7.167473265255383e-07
0.036250000000000004,0,-9.011205045538415e-05,-5.818585672108759e-07,-9.872829807795611e-12,1,"[0, -0.02561838987458822, 0.036250000000000004, 1.0, 1]",7.130893132061622e-07
0.03666666666666668,0,-8.982824082662261e-05,-5.793775584081444e-07,-9.788149802396046e-12,1,"[0, -0.02556011481631316, 0.03666666666666668, 1.0, 1]",7.09444244368945e-07
0.03708333333333333,0,-8.954484700356533e-05,-5.769031006465798e-07,-9.704059685704972e-12,1,"[0, -0.025501839758038106, 0.03708333333333333, 1.0, 1]",7.05812092868804e-07
0.037500000000000006,0,-8.92618689862123e-05,-5.744351864264184e-07,-9.62055627222819e-12,1,"[0, -0.025443564699763048, 0.037500000000000006, 1.0, 1]",7.021928315846907e-07
0.03791666666666668,0,-8.897930677456355e-05,-5.719738082478967e-07,-9.537636388890298e-12,1,"[0, -0.025385289641487986, 0.03791666666666668, 1.0, 1]",6.985864334195929e-07
0.03833333333333333,0,-8.869716036861907e-05,-5.695189586112514e-07,-9.455296875003817e-12,1,"[0, -0.02532701458321293, 0.03833333333333333, 1.0, 1]",6.949928713005337e-07
0.03875000000000001,0,-8.841542976837887e-05,-5.670706300167188e-07,-9.373534582238316e-12,1,"[0, -0.02526873952493787, 0.03875000000000001, 1.0, 1]",6.914121181785706e-07
0.03916666666666668,0,-8.81341149738429e-05,-5.646288149645352e-07,-9.292346374589635e-12,1,"[0, -0.02521046446666281, 0.03916666666666668, 1.0, 1]",6.878441470287974e-07
0.03958333333333333,0,-8.785321598501124e-05,-5.621935059549376e-07,-9.211729128349082e-12,1,"[0, -0.025152189408387756, 0.03958333333333333, 1.0, 1]",6.842889308503429e-07
0.04000000000000001,0,-8.757273280188381e-05,-5.597646954881619e-07,-9.131679732072677e-12,1,"[0, -0.025093914350112698, 0.04000000000000001, 1.0, 1]",6.807464426663706e-07
0.040416666666666656,0,-8.729266542446068e-05,-5.573423760644449e-07,-9.052195086550493e-12,1,"[0, -0.02503563929183764, 0.040416666666666656, 1.0, 1]",6.772166555240807e-07
0.04083333333333333,0,-8.701301385274179e-05,-5.549265401840231e-07,-8.973272104775942e-12,1,"[0, -0.02497736423356258, 0.04083333333333333, 1.0, 1]",6.736995424947069e-07
0.04125000000000001,0,-8.673377808672717e-05,-5.525171803471328e-07,-8.894907711915172e-12,1,"[0, -0.02491908917528752, 0.04125000000000001, 1.0, 1]",6.701950766735198e-07
0.04166666666666666,0,-8.645495812641685e-05,-5.501142890540107e-07,-8.817098845276471e-12,1,"[0, -0.024860814117012464, 0.04166666666666666, 1.0, 1]",6.667032311798245e-07
0.042083333333333334,0,-8.617655397181075e-05,-5.477178588048931e-07,-8.739842454279689e-12,1,"[0, -0.024802539058737406, 0.042083333333333334, 1.0, 1]",6.632239791569617e-07
0.04250000000000001,0,-8.589856562290894e-05,-5.453278821000164e-07,-8.66313550042574e-12,1,"[0, -0.024744264000462347, 0.04250000000000001, 1.0, 1]",6.597572937723071e-07
0.04291666666666666,0,-8.562099307971142e-05,-5.429443514396175e-07,-8.586974957266132e-12,1,"[0, -0.024685988942187292, 0.04291666666666666, 1.0, 1]",6.563031482172721e-07
0.043333333333333335,0,-8.534383634221814e-05,-5.405672593239324e-07,-8.511357810372462e-12,1,"[0, -0.02462771388391223, 0.043333333333333335, 1.0, 1]",6.52861515707303e-07
0.04375000000000001,0,-8.506709541042911e-05,-5.381965982531979e-07,-8.436281057306077e-12,1,"[0, -0.024569438825637172, 0.04375000000000001, 1.0, 1]",6.494323694818817e-07
0.04416666666666666,0,-8.479077028434439e-05,-5.358323607276504e-07,-8.361741707587653e-12,1,"[0, -0.024511163767362114, 0.04416666666666666, 1.0, 1]",6.460156828045256e-07
0.044583333333333336,0,-8.451486096396391e-05,-5.334745392475262e-07,-8.287736782666873e-12,1,"[0, -0.024452888709087055, 0.044583333333333336, 1.0, 1]",6.426114289627867e-07
0.04500000000000001,0,-8.423936744928769e-05,-5.311231263130619e-07,-8.214263315892142e-12,1,"[0, -0.024394613650811997, 0.04500000000000001, 1.0, 1]",6.392195812682532e-07
0.04541666666666666,0,-8.396428974031576e-05,-5.287781144244942e-07,-8.141318352480308e-12,1,"[0, -0.024336338592536942, 0.04541666666666666, 1.0, 1]",6.35840113056548e-07
0.04583333333333334,0,-8.368962783704808e-05,-5.264394960820592e-07,-8.068898949486431e-12,1,"[0, -0.02427806353426188, 0.04583333333333334, 1.0, 1]",6.324729976873293e-07
0.04625000000000001,0,-8.341538173948468e-05,-5.241072637859937e-07,-7.997002175773618e-12,1,"[0, -0.024219788475986822, 0.04625000000000001, 1.0, 1]",6.29118208544291e-07
0.04666666666666666,0,-8.314155144762554e-05,-5.21781410036534e-07,-7.925625111982855e-12,1,"[0, -0.024161513417711764, 0.04666666666666666, 1.0, 1]",6.257757190351622e-07
0.04708333333333334,0,-8.286813696147067e-05,-5.194619273339166e-07,-7.854764850502885e-12,1,"[0, -0.024103238359436705, 0.04708333333333334, 1.0, 1]",6.224455025917068e-07
0.047500000000000014,0,-8.259513828102005e-05,-5.171488081783781e-07,-7.784418495440155e-12,1,"[0, -0.024044963301161647, 0.047500000000000014, 1.0, 1]",6.191275326697249e-07
0.04791666666666666,0,-8.232255540627375e-05,-5.148420450701548e-07,-7.714583162588751e-12,1,"[0, -0.023986688242886592, 0.04791666666666666, 1.0, 1]",6.158217827490513e-07
0.04833333333333334,0,-8.205038833723165e-05,-5.125416305094833e-07,-7.645255979400399e-12,1,"[0, -0.02392841318461153, 0.04833333333333334, 1.0, 1]",6.12528226333556e-07
0.048750000000000016,0,-8.177863707389384e-05,-5.102475569966e-07,-7.576434084954508e-12,1,"[0, -0.02387013812633647, 0.048750000000000016, 1.0, 1]",6.092468369511447e-07
0.049166666666666664,0,-8.150730161626032e-05,-5.079598170317416e-07,-7.50811462992823e-12,1,"[0, -0.023811863068061417, 0.049166666666666664, 1.0, 1]",6.059775881537585e-07
0.04958333333333334,0,-8.123638196433106e-05,-5.056784031151442e-07,-7.440294776566562e-12,1,"[0, -0.023753588009786355, 0.04958333333333334, 1.0, 1]",6.027204535173733e-07
0.05000000000000002,0,-8.096587811810604e-05,-5.034033077470445e-07,-7.372971698652509e-12,1,"[0, -0.023695312951511296, 0.05000000000000002, 1.0, 1]",5.994754066420007e-07
0.050416666666666665,0,-8.069579007758532e-05,-5.011345234276791e-07,-7.306142581477245e-12,1,"[0, -0.02363703789323624, 0.050416666666666665, 1.0, 1]",5.962424211516874e-07
0.05083333333333334,0,-8.042611784276885e-05,-4.988720426572842e-07,-7.239804621810318e-12,1,"[0, -0.02357876283496118, 0.05083333333333334, 1.0, 1]",5.930214706945156e-07
0.05125000000000002,0,-8.015686141365666e-05,-4.966158579360966e-07,-7.173955027869947e-12,1,"[0, -0.02352048777668612, 0.05125000000000002, 1.0, 1]",5.898125289426027e-07
0.051666666666666666,0,-7.988802079024875e-05,-4.943659617643525e-07,-7.108591019293268e-12,1,"[0, -0.023462212718411066, 0.051666666666666666, 1.0, 1]",5.866155695921015e-07
0.05208333333333334,0,-7.961959597254506e-05,-4.921223466422885e-07,-7.043709827106685e-12,1,"[0, -0.023403937660136008, 0.05208333333333334, 1.0, 1]",5.834305663631998e-07
0.05249999999999999,0,-7.935158696054567e-05,-4.898850050701412e-07,-6.979308693696229e-12,1,"[0, -0.02334566260186095, 0.05249999999999999, 1.0, 1]",5.802574930001215e-07
0.05291666666666667,0,-7.908399375425053e-05,-4.876539295481469e-07,-6.915384872777955e-12,1,"[0, -0.02328738754358589, 0.05291666666666667, 1.0, 1]",5.770963232711245e-07
0.053333333333333344,0,-7.881681635365967e-05,-4.85429112576542e-07,-6.8519356293683815e-12,1,"[0, -0.02322911248531083, 0.053333333333333344, 1.0, 1]",5.739470309685031e-07
0.05374999999999999,0,-7.855005475877309e-05,-4.832105466555633e-07,-6.78895823975498e-12,1,"[0, -0.023170837427035774, 0.05374999999999999, 1.0, 1]",5.708095899085871e-07
0.05416666666666667,0,-7.828370896959075e-05,-4.80998224285447e-07,-6.726449991466646e-12,1,"[0, -0.023112562368760716, 0.05416666666666667, 1.0, 1]",5.676839739317403e-07
0.054583333333333345,0,-7.80177789861127e-05,-4.787921379664296e-07,-6.664408183244301e-12,1,"[0, -0.023054287310485658, 0.054583333333333345, 1.0, 1]",5.645701569023628e-07
0.05499999999999999,0,-7.775226480833891e-05,-4.765922801987477e-07,-6.6028301250114365e-12,1,"[0, -0.0229960122522106, 0.05499999999999999, 1.0, 1]",5.614681127088904e-07
0.05541666666666667,0,-7.748716643626939e-05,-4.7439864348263775e-07,-6.541713137844753e-12,1,"[0, -0.02293773719393554, 0.05541666666666667, 1.0, 1]",5.58377815263793e-07
0.055833333333333346,0,-7.72224838699041e-05,-4.7221122031833615e-07,-6.481054553944816e-12,1,"[0, -0.02287946213566048, 0.055833333333333346, 1.0, 1]",5.552992385035763e-07
0.056249999999999994,0,-7.695821710924314e-05,-4.7003000320607956e-07,-6.420851716606757e-12,1,"[0, -0.022821187077385424, 0.056249999999999994, 1.0, 1]",5.522323563887822e-07
0.05666666666666667,0,-7.66943661542864e-05,-4.678549846461043e-07,-6.3611019801909905e-12,1,"[0, -0.022762912019110366, 0.05666666666666667, 1.0, 1]",5.491771429039867e-07
0.05708333333333335,0,-7.643093100503393e-05,-4.6568615713864687e-07,-6.301802710094e-12,1,"[0, -0.022704636960835307, 0.05708333333333335, 1.0, 1]",5.461335720578013e-07
0.057499999999999996,0,-7.616791166148577e-05,-4.635235131839439e-07,-6.2429512827191405e-12,1,"[0, -0.022646361902560252, 0.057499999999999996, 1.0, 1]",5.431016178828736e-07
0.05791666666666667,0,-7.590530812364183e-05,-4.6136704528223157e-07,-6.184545085447468e-12,1,"[0, -0.02258808684428519, 0.05791666666666667, 1.0, 1]",5.400812544358857e-07
0.05833333333333335,0,-7.564312039150217e-05,-4.5921674593374657e-07,-6.1265815166086404e-12,1,"[0, -0.02252981178601013, 0.05833333333333335, 1.0, 1]",5.370724557975553e-07
0.05875,0,-7.538134846506678e-05,-4.5707260763872545e-07,-6.069057985451825e-12,1,"[0, -0.022471536727735074, 0.05875, 1.0, 1]",5.340751960726356e-07
0.05916666666666667,0,-7.511999234433568e-05,-4.549346228974045e-07,-6.01197191211664e-12,1,"[0, -0.022413261669460015, 0.05916666666666667, 1.0, 1]",5.310894493899147e-07
0.05958333333333335,0,-7.485905202930881e-05,-4.528027842100203e-07,-5.955320727604165e-12,1,"[0, -0.022354986611184957, 0.05958333333333335, 1.0, 1]",5.281151899022163e-07
0.06,0,-7.459852751998622e-05,-4.5067708407680944e-07,-5.899101873747959e-12,1,"[0, -0.022296711552909902, 0.06, 1.0, 1]",5.251523917863996e-07
0.060416666666666674,0,-7.43384188163679e-05,-4.485575149980081e-07,-5.8433128031851176e-12,1,"[0, -0.02223843649463484, 0.060416666666666674, 1.0, 1]",5.222010292433584e-07
0.06083333333333335,0,-7.407872591845385e-05,-4.4644406947385295e-07,-5.787950979327388e-12,1,"[0, -0.02218016143635978, 0.06083333333333335, 1.0, 1]",5.192610764980224e-07
0.06125,0,-7.381944882624408e-05,-4.4433674000458065e-07,-5.733013876332302e-12,1,"[0, -0.022121886378084724, 0.06125, 1.0, 1]",5.16332507799357e-07
0.061666666666666675,0,-7.356058753973855e-05,-4.422355190904273e-07,-5.678498979074336e-12,1,"[0, -0.022063611319809665, 0.061666666666666675, 1.0, 1]",5.134152974203616e-07
0.06208333333333335,0,-7.33021420589373e-05,-4.401403992316296e-07,-5.6244037831161474e-12,1,"[0, -0.022005336261534607, 0.06208333333333335, 1.0, 1]",5.10509419658072e-07
0.0625,0,-7.304411238384033e-05,-4.380513729284241e-07,-5.570725794679808e-12,1,"[0, -0.021947061203259552, 0.0625, 1.0, 1]",5.076148488335593e-07
0.06291666666666668,0,-7.278649851444761e-05,-4.359684326810471e-07,-5.517462530618084e-12,1,"[0, -0.02188878614498449, 0.06291666666666668, 1.0, 1]",5.047315592919292e-07
0.06333333333333332,0,-7.252930045075916e-05,-4.3389157098973524e-07,-5.464611518385776e-12,1,"[0, -0.021830511086709435, 0.06333333333333332, 1.0, 1]",5.018595254023233e-07
0.06375,0,-7.227251819277499e-05,-4.318207803547249e-07,-5.4121702960110585e-12,1,"[0, -0.021772236028434373, 0.06375, 1.0, 1]",4.989987215579184e-07
0.06416666666666668,0,-7.201615174049507e-05,-4.2975605327625247e-07,-5.3601364120668875e-12,1,"[0, -0.021713960970159315, 0.06416666666666668, 1.0, 1]",4.961491221759264e-07
0.06458333333333333,0,-7.176020109391942e-05,-4.2769738225455466e-07,-5.308507425642436e-12,1,"[0, -0.02165568591188426, 0.06458333333333333, 1.0, 1]",4.933107016975948e-07
0.065,0,-7.150466625304802e-05,-4.2564475978986775e-07,-5.2572809063145454e-12,1,"[0, -0.0215974108536092, 0.065, 1.0, 1]",4.904834345882062e-07
0.06541666666666668,0,-7.124954721788092e-05,-4.235981783824283e-07,-5.2064544341192535e-12,1,"[0, -0.02153913579533414, 0.06541666666666668, 1.0, 1]",4.876672953370785e-07
0.06583333333333333,0,-7.099484398841809e-05,-4.215576305324729e-07,-5.156025599523328e-12,1,"[0, -0.021480860737059085, 0.06583333333333333, 1.0, 1]",4.848622584575652e-07
0.06625,0,-7.07405565646595e-05,-4.195231087402378e-07,-5.1059920033958346e-12,1,"[0, -0.021422585678784023, 0.06625, 1.0, 1]",4.820682984870547e-07
0.06666666666666668,0,-7.048668494660519e-05,-4.174946055059596e-07,-5.056351256979779e-12,1,"[0, -0.021364310620508968, 0.06666666666666668, 1.0, 1]",4.792853899869711e-07
0.06708333333333333,0,-7.023322913425515e-05,-4.1547211332987496e-07,-5.007100981863743e-12,1,"[0, -0.02130603556223391, 0.06708333333333333, 1.0, 1]",4.765135075427734e-07
0.0675,0,-6.998018912760938e-05,-4.134556247122201e-07,-4.958238809953572e-12,1,"[0, -0.02124776050395885, 0.0675, 1.0, 1]",4.737526257639564e-07
0.06791666666666668,0,-6.972756492666786e-05,-4.114451321532315e-07,-4.909762383444112e-12,1,"[0, -0.02118948544568379, 0.06791666666666668, 1.0, 1]",4.7100271928404957e-07
0.06833333333333333,0,-6.947535653143062e-05,-4.094406281531459e-07,-4.8616693547909775e-12,1,"[0, -0.021131210387408735, 0.06833333333333333, 1.0, 1]",4.682637627606185e-07
0.06875,0,-6.922356394189764e-05,-4.074421052121994e-07,-4.813957386682335e-12,1,"[0, -0.021072935329133673, 0.06875, 1.0, 1]",4.6553573087526333e-07
0.06916666666666668,0,-6.897218715806893e-05,-4.054495558306287e-07,-4.7666241520107595e-12,1,"[0, -0.021014660270858618, 0.06916666666666668, 1.0, 1]",4.6281859833362e-07
0.06958333333333333,0,-6.872122617994449e-05,-4.0346297250867046e-07,-4.7196673338451016e-12,1,"[0, -0.02095638521258356, 0.06958333333333333, 1.0, 1]",4.601123398653595e-07
0.07,0,-6.847068100752433e-05,-4.0148234774656077e-07,-4.6730846254023866e-12,1,"[0, -0.0208981101543085, 0.07, 1.0, 1]",4.574169302241883e-07
0.07041666666666668,0,-6.822055164080843e-05,-3.995076740445363e-07,-4.6268737300197885e-12,1,"[0, -0.02083983509603344, 0.07041666666666668, 1.0, 1]",4.5473234418784806e-07
0.07083333333333333,0,-6.797083807979679e-05,-3.975389439028337e-07,-4.5810323611265995e-12,1,"[0, -0.020781560037758384, 0.07083333333333333, 1.0, 1]",4.520585565581158e-07
0.07125000000000001,0,-6.772154032448941e-05,-3.9557614982168914e-07,-4.535558242216242e-12,1,"[0, -0.020723284979483326, 0.07125000000000001, 1.0, 1]",4.4939554216080393e-07
0.07166666666666668,0,-6.74726583748863e-05,-3.936192843013393e-07,-4.4904491068183525e-12,1,"[0, -0.020665009921208267, 0.07166666666666668, 1.0, 1]",4.467432758457599e-07
0.07208333333333333,0,-6.722419223098748e-05,-3.916683398420207e-07,-4.445702698470862e-12,1,"[0, -0.02060673486293321, 0.07208333333333333, 1.0, 1]",4.4410173248686696e-07
0.07250000000000001,0,-6.69761418927929e-05,-3.8972330894396973e-07,-4.401316770692123e-12,1,"[0, -0.02054845980465815, 0.07250000000000001, 1.0, 1]",4.414708869820431e-07
0.07291666666666669,0,-6.672850736030259e-05,-3.877841841074227e-07,-4.357289086953088e-12,1,"[0, -0.02049018474638309, 0.07291666666666669, 1.0, 1]",4.38850714253242e-07
0.07333333333333333,0,-6.648128863351656e-05,-3.8585095783261645e-07,-4.3136174206495285e-12,1,"[0, -0.020431909688108034, 0.07333333333333333, 1.0, 1]",4.3624118924645267e-07
0.07375000000000001,0,-6.623448571243481e-05,-3.839236226197871e-07,-4.270299555074242e-12,1,"[0, -0.020373634629832976, 0.07375000000000001, 1.0, 1]",4.336422869316988e-07
0.07416666666666666,0,-6.598809859705731e-05,-3.820021709691715e-07,-4.227333283389374e-12,1,"[0, -0.020315359571557917, 0.07416666666666666, 1.0, 1]",4.3105398230304057e-07
0.07458333333333333,0,-6.574212728738408e-05,-3.8008659538100574e-07,-4.184716408598697e-12,1,"[0, -0.020257084513282862, 0.07458333333333333, 1.0, 1]",4.284762503785723e-07
0.07500000000000001,0,-6.54965717834151e-05,-3.7817688835552647e-07,-4.142446743519994e-12,1,"[0, -0.0201988094550078, 0.07500000000000001, 1.0, 1]",4.259090662004243e-07
0.07541666666666666,0,-6.525143208515042e-05,-3.762730423929704e-07,-4.100522110757436e-12,1,"[0, -0.020140534396732745, 0.07541666666666666, 1.0, 1]",4.2335240483476217e-07
0.07583333333333334,0,-6.500670819258999e-05,-3.743750499935736e-07,-4.0589403426740005e-12,1,"[0, -0.020082259338457684, 0.07583333333333334, 1.0, 1]",4.208062413717863e-07
0.07625000000000001,0,-6.476240010573381e-05,-3.724829036575728e-07,-4.017699281363953e-12,1,"[0, -0.020023984280182625, 0.07625000000000001, 1.0, 1]",4.182705509257329e-07
0.07666666666666666,0,-6.451850782458193e-05,-3.705965958852045e-07,-3.97679677862534e-12,1,"[0, -0.01996570922190757, 0.07666666666666666, 1.0, 1]",4.1574530863487356e-07
0.07708333333333334,0,-6.427503134913428e-05,-3.6871611917670503e-07,-3.936230695932522e-12,1,"[0, -0.019907434163632512, 0.07708333333333334, 1.0, 1]",4.132304896615146e-07
0.07750000000000001,0,-6.403197067939092e-05,-3.6684146603231107e-07,-3.8959989044087585e-12,1,"[0, -0.01984915910535745, 0.07750000000000001, 1.0, 1]",4.107260691919981e-07
0.07791666666666666,0,-6.378932581535183e-05,-3.6497262895225897e-07,-3.85609928479881e-12,1,"[0, -0.019790884047082395, 0.07791666666666666, 1.0, 1]",4.082320224367017e-07
0.07833333333333334,0,-6.354709675701701e-05,-3.631096004367851e-07,-3.816529727441589e-12,1,"[0, -0.019732608988807333, 0.07833333333333334, 1.0, 1]",4.0574832463003745e-07
0.07875000000000001,0,-6.330528350438643e-05,-3.612523729861261e-07,-3.777288132242852e-12,1,"[0, -0.019674333930532275, 0.07875000000000001, 1.0, 1]",4.032749510304535e-07
0.07916666666666666,0,-6.306388605746015e-05,-3.5940093910051853e-07,-3.738372408647915e-12,1,"[0, -0.01961605887225722, 0.07916666666666666, 1.0, 1]",4.0081187692043346e-07
0.07958333333333334,0,-6.282290441623811e-05,-3.575552912801986e-07,-3.699780475614407e-12,1,"[0, -0.01955778381398216, 0.07958333333333334, 1.0, 1]",3.9835907760649525e-07
0.08000000000000002,0,-6.258233858072035e-05,-3.55715422025403e-07,-3.66151026158508e-12,1,"[0, -0.0194995087557071, 0.08000000000000002, 1.0, 1]",3.9591652841919313e-07
0.08041666666666666,0,-6.234218855090687e-05,-3.538813238363682e-07,-3.6235597044606302e-12,1,"[0, -0.019441233697432045, 0.08041666666666666, 1.0, 1]",3.934842047131162e-07
0.08083333333333334,0,-6.210245432679764e-05,-3.5205298921333056e-07,-3.5859267515725697e-12,1,"[0, -0.019382958639156983, 0.08083333333333334, 1.0, 1]",3.910620818668888e-07
0.08125000000000002,0,-6.186313590839268e-05,-3.5023041065652665e-07,-3.548609359656138e-12,1,"[0, -0.019324683580881925, 0.08125000000000002, 1.0, 1]",3.8865013528317057e-07
0.08166666666666667,0,-6.1624233295692e-05,-3.4841358066619305e-07,-3.5116054948232392e-12,1,"[0, -0.01926640852260687, 0.08166666666666667, 1.0, 1]",3.862483403886573e-07
0.08208333333333334,0,-6.138574648869557e-05,-3.4660249174256597e-07,-3.4749131325354195e-12,1,"[0, -0.01920813346433181, 0.08208333333333334, 1.0, 1]",3.838566726340786e-07
0.08250000000000002,0,-6.114767548740341e-05,-3.447971363858822e-07,-3.4385302575768977e-12,1,"[0, -0.01914985840605675, 0.08250000000000002, 1.0, 1]",3.814751074942004e-07
0.08291666666666667,0,-6.091002029181554e-05,-3.4299750709637805e-07,-3.4024548640276005e-12,1,"[0, -0.019091583347781695, 0.08291666666666667, 1.0, 1]",3.7910362046782403e-07
0.08333333333333334,0,-6.067278090193191e-05,-3.412035963742899e-07,-3.366684955236264e-12,1,"[0, -0.019033308289506633, 0.08333333333333334, 1.0, 1]",3.7674218707778554e-07
0.08375000000000002,0,-6.043595731775254e-05,-3.3941539671985437e-07,-3.3312185437935625e-12,1,"[0, -0.018975033231231578, 0.08375000000000002, 1.0, 1]",3.7439078287095674e-07
0.08416666666666667,0,-6.019954953927748e-05,-3.376329006333081e-07,-3.2960536515052708e-12,1,"[0, -0.01891675817295652, 0.08416666666666667, 1.0, 1]",3.720493834182444e-07
0.08458333333333334,0,-5.996355756650665e-05,-3.358561006148871e-07,-3.26118830936545e-12,1,"[0, -0.01885848311468146, 0.08458333333333334, 1.0, 1]",3.6971796431459077e-07
0.08500000000000002,0,-5.9727981399440093e-05,-3.3408498916482825e-07,-3.2266205575297174e-12,1,"[0, -0.0188002080564064, 0.08500000000000002, 1.0, 1]",3.673965011789738e-07
0.08541666666666667,0,-5.949282103807782e-05,-3.3231955878336803e-07,-3.1923484452884925e-12,1,"[0, -0.018741932998131344, 0.08541666666666667, 1.0, 1]",3.65084969654406e-07
0.08583333333333334,0,-5.9258076482419804e-05,-3.305598019707427e-07,-3.1583700310403156e-12,1,"[0, -0.018683657939856282, 0.08583333333333334, 1.0, 1]",3.627833454079357e-07
0.08625,0,-5.902374773246605e-05,-3.2880571122718895e-07,-3.1246833822652092e-12,1,"[0, -0.018625382881581228, 0.08625, 1.0, 1]",3.604916041306464e-07
0.08666666666666667,0,-5.878983478821658e-05,-3.27057279052943e-07,-3.0912865754980414e-12,1,"[0, -0.01856710782330617, 0.08666666666666667, 1.0, 1]",3.5820972153765694e-07
0.08708333333333335,0,-5.855633764967135e-05,-3.253144979482416e-07,-3.05817769630197e-12,1,"[0, -0.01850883276503111, 0.08708333333333335, 1.0, 1]",3.559376733681214e-07
0.0875,0,-5.832325631683042e-05,-3.2357736041332116e-07,-3.0253548392418887e-12,1,"[0, -0.018450557706756056, 0.0875, 1.0, 1]",3.5367543538522925e-07
0.08791666666666667,0,-5.8090590789693725e-05,-3.218458589484182e-07,-2.9928161078579217e-12,1,"[0, -0.018392282648480994, 0.08791666666666667, 1.0, 1]",3.514229833762052e-07
0.08833333333333335,0,-5.7858341068261315e-05,-3.201199860537689e-07,-2.9605596146389597e-12,1,"[0, -0.018334007590205936, 0.08833333333333335, 1.0, 1]",3.491802931523095e-07
0.08875,0,-5.762650715253317e-05,-3.1839973422961007e-07,-2.9285834809962355e-12,1,"[0, -0.018275732531930877, 0.08875, 1.0, 1]",3.4694734054883733e-07
0.08916666666666667,0,-5.739508904250929e-05,-3.1668509597617806e-07,-2.8968858372369192e-12,1,"[0, -0.01821745747365582, 0.08916666666666667, 1.0, 1]",3.447241014251194e-07
0.08958333333333335,0,-5.7164086738189666e-05,-3.149760637937093e-07,-2.865464822537768e-12,1,"[0, -0.01815918241538076, 0.08958333333333335, 1.0, 1]",3.4251055166452165e-07
0.09,0,-5.693350023957434e-05,-3.132726301824405e-07,-2.834318584918807e-12,1,"[0, -0.018100907357105706, 0.09, 1.0, 1]",3.403066671744456e-07
0.09041666666666667,0,-5.670332954666326e-05,-3.115747876426078e-07,-2.803445281217038e-12,1,"[0, -0.018042632298830644, 0.09041666666666667, 1.0, 1]",3.381124238863277e-07
0.09083333333333335,0,-5.647357465945644e-05,-3.09882528674448e-07,-2.772843077060206e-12,1,"[0, -0.017984357240555585, 0.09083333333333335, 1.0, 1]",3.3592779775563986e-07
0.09125,0,-5.6244235577953906e-05,-3.081958457781975e-07,-2.7425101468405767e-12,1,"[0, -0.017926082182280527, 0.09125, 1.0, 1]",3.3375276476188946e-07
0.09166666666666667,0,-5.6015312302155624e-05,-3.065147314540926e-07,-2.7124446736887697e-12,1,"[0, -0.017867807124005472, 0.09166666666666667, 1.0, 1]",3.315873009086188e-07
0.09208333333333335,0,-5.578680483206161e-05,-3.048391782023699e-07,-2.6826448494476267e-12,1,"[0, -0.01780953206573041, 0.09208333333333335, 1.0, 1]",3.294313822234059e-07
0.0925,0,-5.5558713167671876e-05,-3.0316917852326595e-07,-2.653108874646107e-12,1,"[0, -0.017751257007455355, 0.0925, 1.0, 1]",3.2728498475786407e-07
0.09291666666666668,0,-5.5331037308986395e-05,-3.015047249170172e-07,-2.623834958473225e-12,1,"[0, -0.017692981949180293, 0.09291666666666668, 1.0, 1]",3.251480845876416e-07
0.09333333333333335,0,-5.510377725600519e-05,-2.9984580988386005e-07,-2.5948213187520257e-12,1,"[0, -0.017634706890905235, 0.09333333333333335, 1.0, 1]",3.230206578124221e-07
0.09375,0,-5.4876933008728254e-05,-2.98192425924031e-07,-2.5660661819136014e-12,1,"[0, -0.01757643183263018, 0.09375, 1.0, 1]",3.2090268055592525e-07
0.09416666666666668,0,-5.465050456715559e-05,-2.965445655377665e-07,-2.537567782971132e-12,1,"[0, -0.01751815677435512, 0.09416666666666668, 1.0, 1]",3.187941289659048e-07
0.09458333333333335,0,-5.442449193128717e-05,-2.949022212253032e-07,-2.5093243654939767e-12,1,"[0, -0.01745988171608006, 0.09458333333333335, 1.0, 1]",3.1669497921415086e-07
0.095,0,-5.4198895101123035e-05,-2.932653854868775e-07,-2.4813341815817956e-12,1,"[0, -0.017401606657805005, 0.095, 1.0, 1]",3.1460520749648843e-07
0.09541666666666668,0,-5.397371407666317e-05,-2.916340508227257e-07,-2.4535954918386974e-12,1,"[0, -0.017343331599529943, 0.09541666666666668, 1.0, 1]",3.1252479003277775e-07
0.09583333333333335,0,-5.374894885790756e-05,-2.9000820973308447e-07,-2.4261065653474546e-12,1,"[0, -0.017285056541254885, 0.09583333333333335, 1.0, 1]",3.1045370306691445e-07
0.09625,0,-5.352459944485622e-05,-2.883878547181904e-07,-2.398865679643724e-12,1,"[0, -0.01722678148297983, 0.09625, 1.0, 1]",3.083919228668296e-07
0.09666666666666668,0,-5.3300665837509146e-05,-2.867729782782796e-07,-2.3718711206903098e-12,1,"[0, -0.01716850642470477, 0.09666666666666668, 1.0, 1]",3.063394257244895e-07
0.09708333333333333,0,-5.3077148035866355e-05,-2.85163572913589e-07,-2.3451211828514904e-12,1,"[0, -0.017110231366429713, 0.09708333333333333, 1.0, 1]",3.0429618795589566e-07
0.0975,0,-5.2854046039927824e-05,-2.8355963112435483e-07,-2.318614168867339e-12,1,"[0, -0.017051956308154655, 0.0975, 1.0, 1]",3.0226218590108497e-07
0.09791666666666668,0,-5.263135984969355e-05,-2.819611454108134e-07,-2.2923483898281167e-12,1,"[0, -0.016993681249879593, 0.09791666666666668, 1.0, 1]",3.002373959241295e-07
0.09833333333333333,0,-5.240908946516356e-05,-2.803681082732015e-07,-2.266322165148691e-12,1,"[0, -0.016935406191604538, 0.09833333333333333, 1.0, 1]",2.9822179441313717e-07
0.09875,0,-5.2187234886337824e-05,-2.787805122117555e-07,-2.2405338225429793e-12,1,"[0, -0.01687713113332948, 0.09875, 1.0, 1]",2.9621535778025036e-07
0.09916666666666668,0,-5.196579611321635e-05,-2.771983497267117e-07,-2.214981697998446e-12,1,"[0, -0.01681885607505442, 0.09916666666666668, 1.0, 1]",2.942180624616475e-07
0.09958333333333333,0,-5.174477314579917e-05,-2.7562161331830694e-07,-2.189664135750634e-12,1,"[0, -0.016760581016779366, 0.09958333333333333, 1.0, 1]",2.922298849175418e-07
0.1,0,-5.152416598408623e-05,-2.740502954867775e-07,-2.1645794882577174e-12,1,"[0, -0.016702305958504304, 0.1, 1.0, 1]",2.9025080163218234e-07
0.10041666666666668,0,-5.130397462807756e-05,-2.7248438873235967e-07,-2.1397261161751077e-12,1,"[0, -0.016644030900229242, 0.10041666666666668, 1.0, 1]",2.882807891138529e-07
0.10083333333333333,0,-5.108419907777316e-05,-2.709238855552904e-07,-2.115102388330105e-12,1,"[0, -0.016585755841954188, 0.10083333333333333, 1.0, 1]",2.86319823894873e-07
0.10125,0,-5.0864839333173045e-05,-2.6936877845580574e-07,-2.090706681696545e-12,1,"[0, -0.01652748078367913, 0.10125, 1.0, 1]",2.843678825315974e-07
0.10166666666666668,0,-5.0645895394277176e-05,-2.6781905993414234e-07,-2.066537381369536e-12,1,"[0, -0.01646920572540407, 0.10166666666666668, 1.0, 1]",2.824249416044158e-07
0.10208333333333333,0,-5.042736726108559e-05,-2.662747224905368e-07,-2.042592880540196e-12,1,"[0, -0.016410930667129016, 0.10208333333333333, 1.0, 1]",2.804909777177539e-07
0.10250000000000001,0,-5.0209254933598245e-05,-2.647357586252255e-07,-2.018871580470438e-12,1,"[0, -0.016352655608853954, 0.10250000000000001, 1.0, 1]",2.78565967500072e-07
0.10291666666666668,0,-4.999155841181519e-05,-2.6320216083844475e-07,-1.9953718904677904e-12,1,"[0, -0.016294380550578892, 0.10291666666666668, 1.0, 1]",2.7664988760386614e-07
0.10333333333333333,0,-4.977427769573641e-05,-2.616739216304312e-07,-1.972092227860266e-12,1,"[0, -0.016236105492303837, 0.10333333333333333, 1.0, 1]",2.7474271470566774e-07
0.10375000000000001,0,-4.955741278536187e-05,-2.6015103350142127e-07,-1.9490310179712464e-12,1,"[0, -0.01617783043402878, 0.10375000000000001, 1.0, 1]",2.7284442550604306e-07
0.10416666666666669,0,-4.934096368069161e-05,-2.5863348895165145e-07,-1.9261866940944204e-12,1,"[0, -0.01611955537575372, 0.10416666666666669, 1.0, 1]",2.709549967295942e-07
0.10458333333333333,0,-4.912493038172562e-05,-2.571212804813585e-07,-1.9035576974687565e-12,1,"[0, -0.016061280317478666, 0.10458333333333333, 1.0, 1]",2.6907440512495854e-07
0.10500000000000001,0,-4.8909312888463906e-05,-2.5561440059077835e-07,-1.8811424772534924e-12,1,"[0, -0.016003005259203604, 0.10500000000000001, 1.0, 1]",2.672026274648077e-07
0.10541666666666669,0,-4.8694111200906446e-05,-2.5411284178014786e-07,-1.8589394905032047e-12,1,"[0, -0.015944730200928545, 0.10541666666666669, 1.0, 1]",2.653396405458503e-07
0.10583333333333333,0,-4.847932531905326e-05,-2.526165965497035e-07,-1.8369472021428693e-12,1,"[0, -0.015886455142653487, 0.10583333333333333, 1.0, 1]",2.634854211888294e-07
0.10625000000000001,0,-4.8264955242904326e-05,-2.511256573996816e-07,-1.8151640849429802e-12,1,"[0, -0.01582818008437843, 0.10625000000000001, 1.0, 1]",2.616399462385228e-07
0.10666666666666669,0,-4.8051000972459666e-05,-2.4964001683031877e-07,-1.793588619494713e-12,1,"[0, -0.01576990502610337, 0.10666666666666669, 1.0, 1]",2.5980319256374486e-07
0.10708333333333334,0,-4.7837462507719294e-05,-2.481596673418514e-07,-1.772219294185106e-12,1,"[0, -0.015711629967828315, 0.10708333333333334, 1.0, 1]",2.579751370573447e-07
0.10750000000000001,0,-4.762433984868316e-05,-2.466846014345161e-07,-1.751054605172292e-12,1,"[0, -0.015653354909553253, 0.10750000000000001, 1.0, 1]",2.561557566362058e-07
0.10791666666666666,0,-4.741163299535133e-05,-2.452148116085493e-07,-1.7300930563607613e-12,1,"[0, -0.015595079851278199, 0.10791666666666666, 1.0, 1]",2.5434502824124887e-07
0.10833333333333334,0,-4.719934194772373e-05,-2.437502903641872e-07,-1.7093331593766583e-12,1,"[0, -0.015536804793003138, 0.10833333333333334, 1.0, 1]",2.525429288374283e-07
0.10875000000000001,0,-4.698746670580041e-05,-2.4229103020166665e-07,-1.6887734335431321e-12,1,"[0, -0.01547852973472808, 0.10875000000000001, 1.0, 1]",2.5074943541373415e-07
0.10916666666666666,0,-4.6776007269581354e-05,-2.4083702362122405e-07,-1.6684124058556991e-12,1,"[0, -0.015420254676453023, 0.10916666666666666, 1.0, 1]",2.489645249831928e-07
0.10958333333333334,0,-4.656496363906658e-05,-2.393882631230958e-07,-1.6482486109576569e-12,1,"[0, -0.015361979618177963, 0.10958333333333334, 1.0, 1]",2.4718817458286436e-07
0.11000000000000001,0,-4.635433581425605e-05,-2.3794474120751827e-07,-1.6282805911155353e-12,1,"[0, -0.015303704559902905, 0.11000000000000001, 1.0, 1]",2.454203612738453e-07
0.11041666666666666,0,-4.6144123795149815e-05,-2.365064503747282e-07,-1.6085068961945839e-12,1,"[0, -0.015245429501627848, 0.11041666666666666, 1.0, 1]",2.436610621412676e-07
0.11083333333333334,0,-4.593432758174782e-05,-2.3507338312496202e-07,-1.5889260836342883e-12,1,"[0, -0.015187154443352788, 0.11083333333333334, 1.0, 1]",2.4191025429429746e-07
0.11125000000000002,0,-4.572494717405011e-05,-2.3364553195845597e-07,-1.569536718423929e-12,1,"[0, -0.01512887938507773, 0.11125000000000002, 1.0, 1]",2.4016791486613705e-07
0.11166666666666666,0,-4.5515982572056664e-05,-2.3222288937544682e-07,-1.5503373730781871e-12,1,"[0, -0.015070604326802673, 0.11166666666666666, 1.0, 1]",2.384340210140245e-07
0.11208333333333334,0,-4.5307433775767474e-05,-2.3080544787617092e-07,-1.5313266276127636e-12,1,"[0, -0.015012329268527615, 0.11208333333333334, 1.0, 1]",2.36708549919232e-07
0.11250000000000002,0,-4.509930078518256e-05,-2.2939319996086483e-07,-1.5125030695200591e-12,1,"[0, -0.014954054210252553, 0.11250000000000002, 1.0, 1]",2.3499147878706744e-07
0.11291666666666667,0,-4.489158360030192e-05,-2.279861381297649e-07,-1.4938652937448724e-12,1,"[0, -0.014895779151977498, 0.11291666666666667, 1.0, 1]",2.3328278484687505e-07
0.11333333333333334,0,-4.468428222112554e-05,-2.265842548831077e-07,-1.4754119026601508e-12,1,"[0, -0.01483750409370244, 0.11333333333333334, 1.0, 1]",2.315824453520326e-07
0.11375000000000002,0,-4.4477396647653424e-05,-2.2518754272112954e-07,-1.4571415060427636e-12,1,"[0, -0.014779229035427378, 0.11375000000000002, 1.0, 1]",2.298904375799544e-07
0.11416666666666667,0,-4.4270926879885596e-05,-2.2379599414406723e-07,-1.4390527210493282e-12,1,"[0, -0.014720953977152323, 0.11416666666666667, 1.0, 1]",2.282067388320903e-07
0.11458333333333334,0,-4.406487291782201e-05,-2.224096016521569e-07,-1.4211441721920491e-12,1,"[0, -0.014662678918877264, 0.11458333333333334, 1.0, 1]",2.2653132643392418e-07
0.11500000000000002,0,-4.3859234761462685e-05,-2.210283577456353e-07,-1.403414491314626e-12,1,"[0, -0.014604403860602206, 0.11500000000000002, 1.0, 1]",2.2486417773497613e-07
0.11541666666666667,0,-4.365401241080765e-05,-2.196522549247388e-07,-1.3858623175681655e-12,1,"[0, -0.014546128802327148, 0.11541666666666667, 1.0, 1]",2.2320527010880212e-07
0.11583333333333334,0,-4.3449205865856877e-05,-2.1828128568970375e-07,-1.368486297387154e-12,1,"[0, -0.01448785374405209, 0.11583333333333334, 1.0, 1]",2.215545809529918e-07
0.11625000000000002,0,-4.324481512661037e-05,-2.169154425407669e-07,-1.351285084465461e-12,1,"[0, -0.01442957868577703, 0.11625000000000002, 1.0, 1]",2.1991208768917133e-07
0.11666666666666667,0,-4.304084019306813e-05,-2.155547179781646e-07,-1.3342573397323681e-12,1,"[0, -0.014371303627501972, 0.11666666666666667, 1.0, 1]",2.182777677630021e-07
0.11708333333333334,0,-4.283728106523015e-05,-2.1419910450213323e-07,-1.3174017313286488e-12,1,"[0, -0.014313028569226914, 0.11708333333333334, 1.0, 1]",2.1665159864418047e-07
0.11750000000000002,0,-4.263413774309644e-05,-2.1284859461290953e-07,-1.300716934582685e-12,1,"[0, -0.014254753510951856, 0.11750000000000002, 1.0, 1]",2.15033557826438e-07
0.11791666666666667,0,-4.243141022666702e-05,-2.1150318081072975e-07,-1.2842016319866042e-12,1,"[0, -0.014196478452676797, 0.11791666666666667, 1.0, 1]",2.1342362282754237e-07
0.11833333333333335,0,-4.2229098515941835e-05,-2.1016285559583035e-07,-1.267854513172473e-12,1,"[0, -0.014138203394401739, 0.11833333333333335, 1.0, 1]",2.1182177118929558e-07
0.11875000000000002,0,-4.2027202610920916e-05,-2.0882761146844799e-07,-1.251674274888521e-12,1,"[0, -0.01407992833612668, 0.11875000000000002, 1.0, 1]",2.1022798047753513e-07
0.11916666666666667,0,-4.182572251160429e-05,-2.0749744092881912e-07,-1.2356596209753921e-12,1,"[0, -0.014021653277851622, 0.11916666666666667, 1.0, 1]",2.08642228282135e-07
0.11958333333333335,0,-4.162465821799192e-05,-2.0617233647717998e-07,-1.2198092623424431e-12,1,"[0, -0.013963378219576564, 0.11958333333333335, 1.0, 1]",2.0706449221700258e-07
0.12,0,-4.142400973008382e-05,-2.0485229061376747e-07,-1.2041219169440838e-12,1,"[0, -0.013905103161301509, 0.12, 1.0, 1]",2.05494749920082e-07
0.12041666666666667,0,-4.122377704787998e-05,-2.035372958388176e-07,-1.1885963097561315e-12,1,"[0, -0.013846828103026447, 0.12041666666666667, 1.0, 1]",2.0393297905335202e-07
0.12083333333333335,0,-4.10239601713804e-05,-2.0222734465256703e-07,-1.1732311727522331e-12,1,"[0, -0.013788553044751389, 0.12083333333333335, 1.0, 1]",2.0237915730282704e-07
0.12125,0,-4.082455910058512e-05,-2.0092242955525254e-07,-1.1580252448803025e-12,1,"[0, -0.013730277986476334, 0.12125, 1.0, 1]",2.0083326237855682e-07
0.12166666666666667,0,-4.062557383549408e-05,-1.9962254304711017e-07,-1.1429772720389908e-12,1,"[0, -0.013672002928201275, 0.12166666666666667, 1.0, 1]",1.9929527201462608e-07
0.12208333333333335,0,-4.042700437610731e-05,-1.9832767762837657e-07,-1.1280860070542197e-12,1,"[0, -0.013613727869926213, 0.12208333333333335, 1.0, 1]",1.9776516396915507e-07
0.1225,0,-4.022885072242482e-05,-1.9703782579928842e-07,-1.113350209655727e-12,1,"[0, -0.013555452811651159, 0.1225, 1.0, 1]",1.962429160242991e-07
0.12291666666666667,0,-4.003111287444658e-05,-1.9575298006008206e-07,-1.098768646453654e-12,1,"[0, -0.0134971777533761, 0.12291666666666667, 1.0, 1]",1.9472850598624956e-07
0.12333333333333335,0,-3.983379083217261e-05,-1.9447313291099373e-07,-1.0843400909151756e-12,1,"[0, -0.013438902695101038, 0.12333333333333335, 1.0, 1]",1.9322191168523216e-07
0.12375,0,-3.963688459560293e-05,-1.931982768522602e-07,-1.0700633233411712e-12,1,"[0, -0.013380627636825983, 0.12375, 1.0, 1]",1.9172311097550834e-07
0.12416666666666668,0,-3.9440394164737486e-05,-1.9192840438411783e-07,-1.0559371308429157e-12,1,"[0, -0.013322352578550925, 0.12416666666666668, 1.0, 1]",1.9023208173537527e-07
0.12458333333333335,0,-3.924431953957632e-05,-1.9066350800680306e-07,-1.0419603073188227e-12,1,"[0, -0.013264077520275863, 0.12458333333333335, 1.0, 1]",1.8874880186716458e-07
0.125,0,-3.904866072011943e-05,-1.8940358022055256e-07,-1.0281316534312206e-12,1,"[0, -0.013205802462000808, 0.125, 1.0, 1]",1.8727324929724391e-07
0.12541666666666668,0,-3.88534177063668e-05,-1.8814861352560268e-07,-1.014449976583159e-12,1,"[0, -0.01314752740372575, 0.12541666666666668, 1.0, 1]",1.8580540197601594e-07
0.12583333333333335,0,-3.8658590498318436e-05,-1.8689860042218977e-07,-1.0009140908952603e-12,1,"[0, -0.013089252345450688, 0.12583333333333335, 1.0, 1]",1.843452378779187e-07
0.12625,0,-3.8464179095974335e-05,-1.856535334105507e-07,-9.875228171826099e-13,1,"[0, -0.013030977287175633, 0.12625, 1.0, 1]",1.8289273500142533e-07
0.12666666666666668,0,-3.827018349933451e-05,-1.844134049909215e-07,-9.742749829316656e-13,1,"[0, -0.012972702228900575, 0.12666666666666668, 1.0, 1]",1.8144787136904482e-07
0.12708333333333335,0,-3.807660370839895e-05,-1.8317820766353886e-07,-9.6116942227723e-13,1,"[0, -0.012914427170625513, 0.12708333333333335, 1.0, 1]",1.800106250273208e-07
0.1275,0,-3.7883439723167664e-05,-1.8194793392863952e-07,-9.482049759794426e-13,1,"[0, -0.012856152112350458, 0.1275, 1.0, 1]",1.7858097404683255e-07
0.12791666666666668,0,-3.769069154364063e-05,-1.8072257628645952e-07,-9.35380491400803e-13,1,"[0, -0.0127978770540754, 0.12791666666666668, 1.0, 1]",1.771588965221948e-07
0.12833333333333335,0,-3.749835916981787e-05,-1.7950212723723553e-07,-9.226948224832538e-13,1,"[0, -0.012739601995800338, 0.12833333333333335, 1.0, 1]",1.7574437057205745e-07
0.12875,0,-3.730644260169938e-05,-1.782865792812039e-07,-9.101468297252799e-13,1,"[0, -0.012681326937525283, 0.12875, 1.0, 1]",1.7433737433910542e-07
0.12916666666666668,0,-3.7114941839285155e-05,-1.7707592491860128e-07,-8.977353801590545e-13,1,"[0, -0.012623051879250224, 0.12916666666666668, 1.0, 1]",1.729378859900595e-07
0.12958333333333336,0,-3.69238568825752e-05,-1.7587015664966414e-07,-8.854593473276163e-13,1,"[0, -0.012564776820975163, 0.12958333333333336, 1.0, 1]",1.7154588371567547e-07
0.13,0,-3.673318773156951e-05,-1.7466926697462893e-07,-8.733176112620886e-13,1,"[0, -0.012506501762700108, 0.13, 1.0, 1]",1.7016134573074437e-07
0.13041666666666668,0,-3.654293438626809e-05,-1.734732483937322e-07,-8.613090584589325e-13,1,"[0, -0.01244822670442505, 0.13041666666666668, 1.0, 1]",1.6878425027409247e-07
0.13083333333333333,0,-3.6353096846670944e-05,-1.7228209340721022e-07,-8.494325818572344e-13,1,"[0, -0.012389951646149994, 0.13083333333333333, 1.0, 1]",1.6741457560858175e-07
0.13125,0,-3.616367511277805e-05,-1.7109579451529951e-07,-8.376870808160401e-13,1,"[0, -0.012331676587874933, 0.13125, 1.0, 1]",1.6605230002110919e-07
0.13166666666666668,0,-3.597466918458942e-05,-1.6991434421823677e-07,-8.26071461091716e-13,1,"[0, -0.012273401529599874, 0.13166666666666668, 1.0, 1]",1.6469740182260715e-07
0.13208333333333333,0,-3.578607906210507e-05,-1.6873773501625843e-07,-8.145846348153473e-13,1,"[0, -0.01221512647132482, 0.13208333333333333, 1.0, 1]",1.633498593480432e-07
0.1325,0,-3.559790474532499e-05,-1.6756595940960064e-07,-8.032255204701759e-13,1,"[0, -0.012156851413049757, 0.1325, 1.0, 1]",1.6200965095642054e-07
0.13291666666666668,0,-3.5410146234249165e-05,-1.6639900989850027e-07,-7.919930428690843e-13,1,"[0, -0.012098576354774699, 0.13291666666666668, 1.0, 1]",1.6067675503077743e-07
0.13333333333333333,0,-3.522280352887762e-05,-1.6523687898319367e-07,-7.808861331320955e-13,1,"[0, -0.012040301296499644, 0.13333333333333333, 1.0, 1]",1.5935114997818726e-07
0.13375,0,-3.503587662921033e-05,-1.640795591639173e-07,-7.699037286639277e-13,1,"[0, -0.011982026238224582, 0.13375, 1.0, 1]",1.580328142297591e-07
0.13416666666666668,0,-3.484936553524731e-05,-1.629270429409076e-07,-7.590447731315785e-13,1,"[0, -0.011923751179949524, 0.13416666666666668, 1.0, 1]",1.5672172624063714e-07
0.13458333333333333,0,-3.466327024698857e-05,-1.6177932281440136e-07,-7.483082164419501e-13,1,"[0, -0.011865476121674469, 0.13458333333333333, 1.0, 1]",1.5541786449000107e-07
0.135,0,-3.4477590764434085e-05,-1.606363912846347e-07,-7.376930147194991e-13,1,"[0, -0.011807201063399407, 0.135, 1.0, 1]",1.5412120748106547e-07
0.13541666666666669,0,-3.429232708758387e-05,-1.5949824085184408e-07,-7.271981302839422e-13,1,"[0, -0.011748926005124349, 0.13541666666666669, 1.0, 1]",1.5283173374108063e-07
0.13583333333333333,0,-3.410747921643792e-05,-1.5836486401626617e-07,-7.168225316279865e-13,1,"[0, -0.011690650946849294, 0.13583333333333333, 1.0, 1]",1.5154942182133214e-07
0.13625,0,-3.392304715099624e-05,-1.572362532781372e-07,-7.065651933950948e-13,1,"[0, -0.011632375888574232, 0.13625, 1.0, 1]",1.5027425029714069e-07
0.1366666666666667,0,-3.373903089125882e-05,-1.5611240113769406e-07,-6.964250963573001e-13,1,"[0, -0.011574100830299174, 0.1366666666666667, 1.0, 1]",1.4900619776786226e-07
0.13708333333333333,0,-3.355543043722569e-05,-1.5499330009517277e-07,-6.864012273930369e-13,1,"[0, -0.011515825772024119, 0.13708333333333333, 1.0, 1]",1.4774524285688826e-07
0.1375,0,-3.3372245788896795e-05,-1.5387894265081022e-07,-6.76492579465035e-13,1,"[0, -0.011457550713749057, 0.1375, 1.0, 1]",1.464913642116457e-07
0.1379166666666667,0,-3.318947694627218e-05,-1.5276932130484264e-07,-6.666981515982246e-13,1,"[0, -0.011399275655473998, 0.1379166666666667, 1.0, 1]",1.4524454050359624e-07
0.13833333333333334,0,-3.3007123909351845e-05,-1.516644285575067e-07,-6.570169488576988e-13,1,"[0, -0.011341000597198943, 0.13833333333333334, 1.0, 1]",1.440047504282374e-07
0.13875,0,-3.282518667813577e-05,-1.5056425690903864e-07,-6.474479823266967e-13,1,"[0, -0.011282725538923882, 0.13875, 1.0, 1]",1.4277197270510168e-07
0.1391666666666667,0,-3.264366525262395e-05,-1.4946879885967503e-07,-6.379902690846374e-13,1,"[0, -0.011224450480648823, 0.1391666666666667, 1.0, 1]",1.4154618607775728e-07
0.13958333333333334,0,-3.246255963281641e-05,-1.4837804690965252e-07,-6.286428321851828e-13,1,"[0, -0.011166175422373768, 0.13958333333333334, 1.0, 1]",1.403273693138072e-07
0.14,0,-3.228186981871314e-05,-1.4729199355920736e-07,-6.194047006343336e-13,1,"[0, -0.01110790036409871, 0.14, 1.0, 1]",1.3911550120489015e-07
0.1404166666666667,0,-3.210159581031413e-05,-1.4621063130857622e-07,-6.10274909368575e-13,1,"[0, -0.011049625305823648, 0.1404166666666667, 1.0, 1]",1.3791056056668004e-07
0.14083333333333334,0,-3.192173760761939e-05,-1.4513395265799544e-07,-6.012524992330453e-13,1,"[0, -0.010991350247548593, 0.14083333333333334, 1.0, 1]",1.3671252623888607e-07
0.14125000000000001,0,-3.174229521062891e-05,-1.4406195010770158e-07,-5.923365169597517e-13,1,"[0, -0.010933075189273535, 0.14125000000000001, 1.0, 1]",1.3552137708525276e-07
0.14166666666666666,0,-3.1563268619342714e-05,-1.42994616157931e-07,-5.835260151458153e-13,1,"[0, -0.010874800130998476, 0.14166666666666666, 1.0, 1]",1.343370919935596e-07
0.14208333333333334,0,-3.138465783376077e-05,-1.4193194330892023e-07,-5.748200522317602e-13,1,"[0, -0.010816525072723418, 0.14208333333333334, 1.0, 1]",1.3315964987562212e-07
0.14250000000000002,0,-3.120646285388309e-05,-1.4087392406090586e-07,-5.66217692479834e-13,1,"[0, -0.01075825001444836, 0.14250000000000002, 1.0, 1]",1.3198902966729073e-07
0.14291666666666666,0,-3.1028683679709696e-05,-1.3982055091412434e-07,-5.577180059523658e-13,1,"[0, -0.010699974956173301, 0.14291666666666666, 1.0, 1]",1.3082521032845106e-07
0.14333333333333334,0,-3.085132031124055e-05,-1.387718163688121e-07,-5.493200684901628e-13,1,"[0, -0.010641699897898243, 0.14333333333333334, 1.0, 1]",1.29668170843024e-07
0.14375000000000002,0,-3.067437274847568e-05,-1.3772771292520563e-07,-5.410229616909432e-13,1,"[0, -0.010583424839623184, 0.14375000000000002, 1.0, 1]",1.2851789021896629e-07
0.14416666666666667,0,-3.049784099141508e-05,-1.3668823308354136e-07,-5.328257728878066e-13,1,"[0, -0.010525149781348126, 0.14416666666666667, 1.0, 1]",1.2737434748826944e-07
0.14458333333333334,0,-3.032172504005875e-05,-1.3565336934405575e-07,-5.247275951277386e-13,1,"[0, -0.010466874723073068, 0.14458333333333334, 1.0, 1]",1.2623752170696038e-07
0.14500000000000002,0,-3.0146024894406668e-05,-1.3462311420698567e-07,-5.167275271501589e-13,1,"[0, -0.01040859966479801, 0.14500000000000002, 1.0, 1]",1.2510739195510154e-07
0.14541666666666667,0,-2.9970740554458884e-05,-1.3359746017256716e-07,-5.088246733654914e-13,1,"[0, -0.010350324606522951, 0.14541666666666667, 1.0, 1]",1.239839373367901e-07
0.14583333333333334,0,-2.979587202021534e-05,-1.3257639974103667e-07,-5.010181438337902e-13,1,"[0, -0.010292049548247893, 0.14583333333333334, 1.0, 1]",1.2286713698015977e-07
0.14625000000000002,0,-2.9621419291676066e-05,-1.3155992541263087e-07,-4.933070542433923e-13,1,"[0, -0.010233774489972834, 0.14625000000000002, 1.0, 1]",1.2175697003737831e-07
0.14666666666666667,0,-2.944738236884108e-05,-1.305480296875862e-07,-4.85690525889605e-13,1,"[0, -0.01017549943169778, 0.14666666666666667, 1.0, 1]",1.2065341568464938e-07
0.14708333333333334,0,-2.927376125171034e-05,-1.2954070506613914e-07,-4.781676856534348e-13,1,"[0, -0.010117224373422717, 0.14708333333333334, 1.0, 1]",1.1955645312221118e-07
0.14750000000000002,0,-2.9100555940283872e-05,-1.285379440485261e-07,-4.707376659803521e-13,1,"[0, -0.010058949315147659, 0.14750000000000002, 1.0, 1]",1.1846606157433898e-07
0.14791666666666667,0,-2.8927766434561676e-05,-1.275397391349837e-07,-4.633996048590925e-13,1,"[0, -0.010000674256872604, 0.14791666666666667, 1.0, 1]",1.1738222028934181e-07
0.14833333333333334,0,-2.8755392734543747e-05,-1.2654608282574834e-07,-4.561526458004938e-13,1,"[0, -0.009942399198597542, 0.14833333333333334, 1.0, 1]",1.1630490853956387e-07
0.14875000000000002,0,-2.858343484023008e-05,-1.255569676210565e-07,-4.489959378163718e-13,1,"[0, -0.009884124140322484, 0.14875000000000002, 1.0, 1]",1.1523410562138604e-07
0.14916666666666667,0,-2.8411892751620696e-05,-1.2457238602114473e-07,-4.4192863539843167e-13,1,"[0, -0.009825849082047429, 0.14916666666666667, 1.0, 1]",1.1416979085522376e-07
0.14958333333333335,0,-2.8240766468715554e-05,-1.235923305262495e-07,-4.3494989849721657e-13,1,"[0, -0.009767574023772367, 0.14958333333333335, 1.0, 1]",1.1311194358552724e-07
0.15,0,-2.8070055991514702e-05,-1.2261679363660713e-07,-4.280588925010919e-13,1,"[0, -0.009709298965497312, 0.15, 1.0, 1]",1.1206054318078274e-07
0.15041666666666667,0,-2.7899761320018104e-05,-1.216457678524542e-07,-4.212547882152699e-13,1,"[0, -0.009651023907222254, 0.15041666666666667, 1.0, 1]",1.110155690335115e-07
0.15083333333333335,0,-2.7729882454225766e-05,-1.2067924567402727e-07,-4.145367618408677e-13,1,"[0, -0.009592748848947192, 0.15083333333333335, 1.0, 1]",1.0997700056027016e-07
0.15125000000000002,0,-2.756041939413771e-05,-1.1971721960156268e-07,-4.0790399495400126e-13,1,"[0, -0.009534473790672134, 0.15125000000000002, 1.0, 1]",1.0894481720165078e-07
0.1516666666666667,0,-2.739137213975391e-05,-1.18759682135297e-07,-4.0135567448492143e-13,1,"[0, -0.009476198732397075, 0.1516666666666667, 1.0, 1]",1.0791899842228102e-07
0.15208333333333332,0,-2.7222740691074407e-05,-1.1780662577546698e-07,-3.948909926971833e-13,1,"[0, -0.00941792367412202, 0.15208333333333332, 1.0, 1]",1.0689952371082269e-07
0.1525,0,-2.705452504809914e-05,-1.1685804302230846e-07,-3.8850914716684505e-13,1,"[0, -0.009359648615846962, 0.1525, 1.0, 1]",1.0588637257997428e-07
0.15291666666666667,0,-2.6886725210828143e-05,-1.1591392637605831e-07,-3.822093407617242e-13,1,"[0, -0.009301373557571904, 0.15291666666666667, 1.0, 1]",1.0487952456646841e-07
0.15333333333333335,0,-2.6719341179261424e-05,-1.1497426833695299e-07,-3.759907816206687e-13,1,"[0, -0.009243098499296842, 0.15333333333333335, 1.0, 1]",1.0387895923107396e-07
0.15375000000000003,0,-2.6552372953398954e-05,-1.1403906140522915e-07,-3.6985268313287695e-13,1,"[0, -0.009184823441021783, 0.15375000000000003, 1.0, 1]",1.0288465615859499e-07
0.1541666666666667,0,-2.6385820533240765e-05,-1.1310829808112284e-07,-3.637942639172476e-13,1,"[0, -0.009126548382746725, 0.1541666666666667, 1.0, 1]",1.0189659495787013e-07
0.15458333333333332,0,-2.6219683918786856e-05,-1.1218197086487113e-07,-3.5781474780177967e-13,1,"[0, -0.009068273324471673, 0.15458333333333332, 1.0, 1]",1.009147552617747e-07
0.155,0,-2.6053963110037204e-05,-1.1126007225670996e-07,-3.519133638029867e-13,1,"[0, -0.009009998266196612, 0.155, 1.0, 1]",9.993911672721749e-08
0.15541666666666668,0,-2.588865810699181e-05,-1.103425947568762e-07,-3.4608934610537435e-13,1,"[0, -0.008951723207921553, 0.15541666666666668, 1.0, 1]",9.896965903514379e-08
0.15583333333333335,0,-2.572376890965069e-05,-1.0942953086560588e-07,-3.403419340409302e-13,1,"[0, -0.008893448149646491, 0.15583333333333335, 1.0, 1]",9.800636189053407e-08
0.15625000000000003,0,-2.555929551801383e-05,-1.0852087308313577e-07,-3.3467037206867163e-13,1,"[0, -0.008835173091371433, 0.15625000000000003, 1.0, 1]",9.70492050224042e-08
0.1566666666666667,0,-2.539523793208124e-05,-1.0761661390970232e-07,-3.290739097542144e-13,1,"[0, -0.008776898033096375, 0.1566666666666667, 1.0, 1]",9.609816818380524e-08
0.15708333333333332,0,-2.523159615185294e-05,-1.067167458455421e-07,-3.235518017493868e-13,1,"[0, -0.008718622974821323, 0.15708333333333332, 1.0, 1]",9.515323115182305e-08
0.1575,0,-2.5068370177328882e-05,-1.0582126139089146e-07,-3.1810330777187603e-13,1,"[0, -0.008660347916546261, 0.1575, 1.0, 1]",9.421437372757973e-08
0.15791666666666668,0,-2.4905560008509098e-05,-1.0493015304598685e-07,-3.1272769258491606e-13,1,"[0, -0.008602072858271203, 0.15791666666666668, 1.0, 1]",9.32815757362315e-08
0.15833333333333335,0,-2.4743165645393574e-05,-1.0404341331106482e-07,-3.074242259770095e-13,1,"[0, -0.008543797799996145, 0.15833333333333335, 1.0, 1]",9.235481702697128e-08
0.15875000000000003,0,-2.4581187087982327e-05,-1.0316103468636194e-07,-3.0219218274168624e-13,1,"[0, -0.008485522741721083, 0.15875000000000003, 1.0, 1]",9.143407747302654e-08
0.15916666666666665,0,-2.4419624336275354e-05,-1.0228300967211455e-07,-2.9703084265729787e-13,1,"[0, -0.008427247683446031, 0.15916666666666665, 1.0, 1]",9.051933697165994e-08
0.15958333333333333,0,-2.425847739027264e-05,-1.0140933076855922e-07,-2.9193949046685333e-13,1,"[0, -0.008368972625170973, 0.15958333333333333, 1.0, 1]",8.961057544416998e-08
0.16,0,-2.409774624997419e-05,-1.005399904759324e-07,-2.869174158578865e-13,1,"[0, -0.008310697566895911, 0.16, 1.0, 1]",8.870777283588972e-08
0.16041666666666668,0,-2.393743091538e-05,-9.967498129447054e-08,-2.819639134423631e-13,1,"[0, -0.008252422508620853, 0.16041666666666668, 1.0, 1]",8.781090911618826e-08
0.16083333333333336,0,-2.3777531386490087e-05,-9.881429572440998e-08,-2.770782827366239e-13,1,"[0, -0.008194147450345794, 0.16083333333333336, 1.0, 1]",8.691996427846903e-08
0.16125000000000003,0,-2.3618047663304432e-05,-9.795792626598752e-08,-2.722598281413671e-13,1,"[0, -0.008135872392070732, 0.16125000000000003, 1.0, 1]",8.603491834017239e-08
0.16166666666666665,0,-2.3458979745823074e-05,-9.710586541943948e-08,-2.6750785892166137e-13,1,"[0, -0.008077597333795681, 0.16166666666666665, 1.0, 1]",8.5155751342773e-08
0.16208333333333333,0,-2.330032763404596e-05,-9.625810568500232e-08,-2.6282168918700204e-13,1,"[0, -0.008019322275520623, 0.16208333333333333, 1.0, 1]",8.428244335178012e-08
0.1625,0,-2.314209132797311e-05,-9.54146395629126e-08,-2.582006378714022e-13,1,"[0, -0.00796104721724556, 0.1625, 1.0, 1]",8.341497445673967e-08
0.16291666666666668,0,-2.298427082760453e-05,-9.457545955340668e-08,-2.5364402871351823e-13,1,"[0, -0.007902772158970502, 0.16291666666666668, 1.0, 1]",8.255332477123233e-08
0.16333333333333336,0,-2.2826866132940215e-05,-9.374055815672111e-08,-2.4915119023681655e-13,1,"[0, -0.007844497100695444, 0.16333333333333336, 1.0, 1]",8.169747443287359e-08
0.16375000000000003,0,-2.2669877243980168e-05,-9.290992787309234e-08,-2.447214557297731e-13,1,"[0, -0.007786222042420382, 0.16375000000000003, 1.0, 1]",8.084740360331535e-08
0.16416666666666666,0,-2.2513304160724408e-05,-9.208356120275704e-08,-2.403541632261132e-13,1,"[0, -0.007727946984145331, 0.16416666666666666, 1.0, 1]",8.000309246824391e-08
0.16458333333333333,0,-2.23571468831729e-05,-9.126145064595146e-08,-2.3604865548508277e-13,1,"[0, -0.007669671925870272, 0.16458333333333333, 1.0, 1]",7.916452123738074e-08
0.165,0,-2.220140541132565e-05,-9.044358870291225e-08,-2.31804279971765e-13,1,"[0, -0.007611396867595214, 0.165, 1.0, 1]",7.833167014448356e-08
0.16541666666666668,0,-2.2046079745182675e-05,-8.962996787387556e-08,-2.2762038883742384e-13,1,"[0, -0.007553121809320152, 0.16541666666666668, 1.0, 1]",7.750451944734529e-08
0.16583333333333336,0,-2.1891169884743965e-05,-8.882058065907815e-08,-2.234963388998949e-13,1,"[0, -0.007494846751045094, 0.16583333333333336, 1.0, 1]",7.668304942779279e-08
0.16625000000000004,0,-2.1736675830009526e-05,-8.801541955875637e-08,-2.1943149162400308e-13,1,"[0, -0.007436571692770032, 0.16625000000000004, 1.0, 1]",7.586724039169021e-08
0.16666666666666666,0,-2.158259758097937e-05,-8.72144770731471e-08,-2.154252131020259e-13,1,"[0, -0.00737829663449498, 0.16666666666666666, 1.0, 1]",7.505707266893543e-08
0.16708333333333333,0,-2.1428935137653455e-05,-8.641774570248617e-08,-2.1147687403418198e-13,1,"[0, -0.007320021576219922, 0.16708333333333333, 1.0, 1]",7.425252661346173e-08
0.1675,0,-2.127568850003182e-05,-8.562521794701054e-08,-2.075858497091746e-13,1,"[0, -0.0072617465179448636, 0.1675, 1.0, 1]",7.345358260323885e-08
0.1679166666666667,0,-2.1122857668114445e-05,-8.483688630695647e-08,-2.0375151998475196e-13,1,"[0, -0.007203471459669802, 0.1679166666666667, 1.0, 1]",7.266022104027173e-08
0.16833333333333336,0,-2.097044264190134e-05,-8.405274328256052e-08,-1.9997326926831897e-13,1,"[0, -0.007145196401394743, 0.16833333333333336, 1.0, 1]",7.187242235059839e-08
0.16875000000000004,0,-2.0818443421392496e-05,-8.327278137405913e-08,-1.9625048649757844e-13,1,"[0, -0.007086921343119685, 0.16875000000000004, 1.0, 1]",7.109016698429565e-08
0.16916666666666666,0,-2.066686000658795e-05,-8.249699308168887e-08,-1.9258256512121229e-13,1,"[0, -0.00702864628484463, 0.16916666666666666, 1.0, 1]",7.031343541547275e-08
0.16958333333333334,0,-2.051569239748764e-05,-8.172537090568618e-08,-1.8896890307959756e-13,1,"[0, -0.006970371226569572, 0.16958333333333334, 1.0, 1]",6.954220814227521e-08
0.17,0,-2.036494059409161e-05,-8.095790734628743e-08,-1.8540890278556033e-13,1,"[0, -0.006912096168294513, 0.17, 1.0, 1]",6.877646568688437e-08
0.1704166666666667,0,-2.0214604596399834e-05,-8.019459490372917e-08,-1.819019711051678e-13,1,"[0, -0.006853821110019451, 0.1704166666666667, 1.0, 1]",6.801618859551698e-08
0.17083333333333336,0,-2.0064684404412327e-05,-7.943542607824796e-08,-1.7844751933855495e-13,1,"[0, -0.006795546051744393, 0.17083333333333336, 1.0, 1]",6.726135743842349e-08
0.17124999999999999,0,-1.9915180018129118e-05,-7.868039337008035e-08,-1.750449632007888e-13,1,"[0, -0.006737270993469342, 0.17124999999999999, 1.0, 1]",6.65119528098919e-08
0.17166666666666666,0,-1.976609143755015e-05,-7.792948927946249e-08,-1.7169372280276803e-13,1,"[0, -0.006678995935194283, 0.17166666666666666, 1.0, 1]",6.576795532824367e-08
0.17208333333333334,0,-1.961741866267545e-05,-7.718270630663114e-08,-1.6839322263216533e-13,1,"[0, -0.006620720876919221, 0.17208333333333334, 1.0, 1]",6.502934563583613e-08
0.17250000000000001,0,-1.9469161693505007e-05,-7.644003695182266e-08,-1.6514289153439806e-13,1,"[0, -0.006562445818644163, 0.17250000000000001, 1.0, 1]",6.429610439906222e-08
0.1729166666666667,0,-1.9321320530038848e-05,-7.57014737152736e-08,-1.6194216269364266e-13,1,"[0, -0.006504170760369101, 0.1729166666666667, 1.0, 1]",6.356821230835091e-08
0.17333333333333337,0,-1.9173895172276946e-05,-7.496700909722053e-08,-1.5879047361388215e-13,1,"[0, -0.006445895702094043, 0.17333333333333337, 1.0, 1]",6.284565007816447e-08
0.17375,0,-1.9026885620219328e-05,-7.423663559789968e-08,-1.5568726609999052e-13,1,"[0, -0.006387620643818991, 0.17375, 1.0, 1]",6.212839844700226e-08
0.17416666666666666,0,-1.8880291873865967e-05,-7.351034571754772e-08,-1.5263198623885793e-13,1,"[0, -0.006329345585543933, 0.17416666666666666, 1.0, 1]",6.141643817739842e-08
0.17458333333333334,0,-1.873411393321687e-05,-7.27881319564011e-08,-1.4962408438054733e-13,1,"[0, -0.006271070527268871, 0.17458333333333334, 1.0, 1]",6.070975005592144e-08
0.17500000000000002,0,-1.8588351798272038e-05,-7.206998681469639e-08,-1.4666301511949162e-13,1,"[0, -0.006212795468993813, 0.17500000000000002, 1.0, 1]",6.000831489317691e-08
0.1754166666666667,0,-1.8443005469031474e-05,-7.135590279266972e-08,-1.4374823727572458e-13,1,"[0, -0.006154520410718754, 0.1754166666666667, 1.0, 1]",5.931211352380476e-08
0.17583333333333337,0,-1.829807494549518e-05,-7.064587239055797e-08,-1.4087921387615485e-13,1,"[0, -0.006096245352443692, 0.17583333333333337, 1.0, 1]",5.8621126806479696e-08
0.17625,0,-1.8153560227663167e-05,-6.993988810859737e-08,-1.3805541213586728e-13,1,"[0, -0.006037970294168641, 0.17625, 1.0, 1]",5.793533562391268e-08
0.17666666666666667,0,-1.800946131553541e-05,-6.923794244702439e-08,-1.3527630343946938e-13,1,"[0, -0.005979695235893583, 0.17666666666666667, 1.0, 1]",5.7254720882849665e-08
0.17708333333333334,0,-1.786577820911191e-05,-6.85400279060758e-08,-1.3254136332247215e-13,1,"[0, -0.005921420177618521, 0.17708333333333334, 1.0, 1]",5.657926351407157e-08
0.17750000000000002,0,-1.7722510908392684e-05,-6.784613698598772e-08,-1.2985007145270328e-13,1,"[0, -0.005863145119343462, 0.17750000000000002, 1.0, 1]",5.590894447239494e-08
0.1779166666666667,0,-1.7579659413377728e-05,-6.715626218699684e-08,-1.272019116117655e-13,1,"[0, -0.005804870061068404, 0.1779166666666667, 1.0, 1]",5.5243744736672375e-08
0.17833333333333337,0,-1.7437223724067032e-05,-6.647039600933959e-08,-1.2459637167652464e-13,1,"[0, -0.005746595002793342, 0.17833333333333337, 1.0, 1]",5.4583645309789956e-08
0.17875,0,-1.729520384046063e-05,-6.578853095325254e-08,-1.2203294360063818e-13,1,"[0, -0.005688319944518291, 0.17875, 1.0, 1]",5.3928627218670876e-08
0.17916666666666667,0,-1.715359976255847e-05,-6.511065951897204e-08,-1.1951112339611863e-13,1,"[0, -0.005630044886243232, 0.17916666666666667, 1.0, 1]",5.3278671514272885e-08
0.17958333333333334,0,-1.701241149036058e-05,-6.443677420673455e-08,-1.1703041111493594e-13,1,"[0, -0.0055717698279681704, 0.17958333333333334, 1.0, 1]",5.2633759271588084e-08
0.18000000000000002,0,-1.6871639023866955e-05,-6.376686751677661e-08,-1.1459031083065554e-13,1,"[0, -0.005513494769693112, 0.18000000000000002, 1.0, 1]",5.1993871589646095e-08
0.1804166666666667,0,-1.67312823630776e-05,-6.31009319493348e-08,-1.1219033062011292e-13,1,"[0, -0.005455219711418054, 0.1804166666666667, 1.0, 1]",5.135898959151047e-08
0.18083333333333332,0,-1.6591341507992527e-05,-6.243896000464577e-08,-1.098299825451258e-13,1,"[0, -0.005396944653143002, 0.18083333333333332, 1.0, 1]",5.072909442427952e-08
0.18125,0,-1.6451816458611703e-05,-6.178094418294535e-08,-1.0750878263423945e-13,1,"[0, -0.00533866959486794, 0.18125, 1.0, 1]",5.0104167259087824e-08
0.18166666666666667,0,-1.6312707214935156e-05,-6.11268769844703e-08,-1.0522625086451844e-13,1,"[0, -0.005280394536592882, 0.18166666666666667, 1.0, 1]",4.9484189291105576e-08
0.18208333333333335,0,-1.6174013776962862e-05,-6.047675090945762e-08,-1.0298191114336615e-13,1,"[0, -0.005222119478317824, 0.18208333333333335, 1.0, 1]",4.886914173953668e-08
0.18250000000000002,0,-1.603573614469485e-05,-5.983055845814311e-08,-1.0077529129037965e-13,1,"[0, -0.005163844420042762, 0.18250000000000002, 1.0, 1]",4.825900584762235e-08
0.1829166666666667,0,-1.589787431813109e-05,-5.918829213076356e-08,-9.860592301925251e-14,1,"[0, -0.005105569361767703, 0.1829166666666667, 1.0, 1]",4.7653762882637945e-08
0.18333333333333332,0,-1.5760428297271626e-05,-5.854994442755551e-08,-9.647334191970394e-14,1,"[0, -0.005047294303492652, 0.18333333333333332, 1.0, 1]",4.705339413589401e-08
0.18375,0,-1.5623398082116403e-05,-5.791550784875532e-08,-9.43770874394483e-14,1,"[0, -0.00498901924521759, 0.18375, 1.0, 1]",4.645788092273672e-08
0.18416666666666667,0,-1.548678367266545e-05,-5.7284974894599444e-08,-9.231670286620293e-14,1,"[0, -0.004930744186942532, 0.18416666666666667, 1.0, 1]",4.586720458254828e-08
0.18458333333333335,0,-1.5350585068918772e-05,-5.665833806532433e-08,-9.029173530973098e-14,1,"[0, -0.004872469128667473, 0.18458333333333335, 1.0, 1]",4.52813464787444e-08
0.18500000000000003,0,-1.5214802270876353e-05,-5.603558986116686e-08,-8.830173568392294e-14,1,"[0, -0.0048141940703924115, 0.18500000000000003, 1.0, 1]",4.47002879987779e-08
0.1854166666666667,0,-1.5079435278538207e-05,-5.541672278236296e-08,-8.63462586889096e-14,1,"[0, -0.004755919012117353, 0.1854166666666667, 1.0, 1]",4.4124010554136354e-08
0.18583333333333332,0,-1.494448409190434e-05,-5.480172932914939e-08,-8.442486279322137e-14,1,"[0, -0.004697643953842302, 0.18583333333333332, 1.0, 1]",4.355249558034255e-08
0.18625,0,-1.4809948710974731e-05,-5.419060200176262e-08,-8.25371102159754e-14,1,"[0, -0.00463936889556724, 0.18625, 1.0, 1]",4.298572453695339e-08
0.18666666666666668,0,-1.4675829135749378e-05,-5.358333330043899e-08,-8.068256690910403e-14,1,"[0, -0.004581093837292181, 0.18666666666666668, 1.0, 1]",4.2423678907563755e-08
0.18708333333333335,0,-1.4542125366228299e-05,-5.297991572541495e-08,-7.88608025396197e-14,1,"[0, -0.004522818779017123, 0.18708333333333335, 1.0, 1]",4.186634019980094e-08
0.18750000000000003,0,-1.4408837402411485e-05,-5.238034177692749e-08,-7.707139047191742e-14,1,"[0, -0.004464543720742061, 0.18750000000000003, 1.0, 1]",4.13136899453302e-08
0.1879166666666667,0,-1.4275965244298938e-05,-5.1784603955212315e-08,-7.531390775010785e-14,1,"[0, -0.004406268662467003, 0.1879166666666667, 1.0, 1]",4.076570969985008e-08
0.18833333333333332,0,-1.4143508891890678e-05,-5.119269476050663e-08,-7.358793508039999e-14,1,"[0, -0.004347993604191951, 0.18833333333333332, 1.0, 1]",4.022238104309559e-08
0.18875,0,-1.4011468345186665e-05,-5.0604606693046456e-08,-7.189305681350555e-14,1,"[0, -0.004289718545916893, 0.18875, 1.0, 1]",3.968368557883587e-08
0.18916666666666668,0,-1.3879843604186926e-05,-5.002033225306836e-08,-7.022886092709237e-14,1,"[0, -0.004231443487641831, 0.18916666666666668, 1.0, 1]",3.914960493487717e-08
0.18958333333333335,0,-1.3748634668891445e-05,-4.943986394080879e-08,-6.859493900826815e-14,1,"[0, -0.004173168429366773, 0.18958333333333335, 1.0, 1]",3.8620120763059235e-08
0.19000000000000003,0,-1.361784153930024e-05,-4.886319425650452e-08,-6.699088623610385e-14,1,"[0, -0.004114893371091711, 0.19000000000000003, 1.0, 1]",3.809521473925828e-08
0.1904166666666667,0,-1.3487464215413293e-05,-4.829031570039179e-08,-6.541630136419069e-14,1,"[0, -0.0040566183128166525, 0.1904166666666667, 1.0, 1]",3.757486856338593e-08
0.19083333333333333,0,-1.335750269723064e-05,-4.772122077270706e-08,-6.387078670323814e-14,1,"[0, -0.003998343254541601, 0.19083333333333333, 1.0, 1]",3.705906395938729e-08
0.19125,0,-1.322795698475223e-05,-4.7155901973686886e-08,-6.235394810370642e-14,1,"[0, -0.003940068196266543, 0.19125, 1.0, 1]",3.6547782675245236e-08
0.19166666666666668,0,-1.3098827077978085e-05,-4.659435180356761e-08,-6.086539493847553e-14,1,"[0, -0.003881793137991481, 0.19166666666666668, 1.0, 1]",3.604100648297675e-08
0.19208333333333336,0,-1.2970112976908217e-05,-4.603656276258591e-08,-5.9404740085553e-14,1,"[0, -0.0038235180797164224, 0.19208333333333336, 1.0, 1]",3.5538717178634025e-08
0.19250000000000003,0,-1.2841814681542607e-05,-4.548252735097812e-08,-5.797159991081576e-14,1,"[0, -0.003765243021441364, 0.19250000000000003, 1.0, 1]",3.504089658230444e-08
0.19291666666666665,0,-1.271393219188129e-05,-4.493223806898092e-08,-5.656559425079202e-14,1,"[0, -0.003706967963166309, 0.19291666666666665, 1.0, 1]",3.454752653811185e-08
0.19333333333333333,0,-1.2586465507924215e-05,-4.438568741683054e-08,-5.518634639547635e-14,1,"[0, -0.0036486929048912507, 0.19333333333333333, 1.0, 1]",3.405858891421403e-08
0.19375,0,-1.2459414629671414e-05,-4.384286789476365e-08,-5.383348307118589e-14,1,"[0, -0.0035904178466161923, 0.19375, 1.0, 1]",3.357406560280479e-08
0.19416666666666668,0,-1.2332779557122876e-05,-4.330377200301649e-08,-5.250663442344889e-14,1,"[0, -0.0035321427883411305, 0.19416666666666668, 1.0, 1]",3.3093938520112937e-08
0.19458333333333336,0,-1.2206560290278603e-05,-4.276839224182584e-08,-5.1205433999934744e-14,1,"[0, -0.003473867730066072, 0.19458333333333336, 1.0, 1]",3.261818960640246e-08
0.19500000000000003,0,-1.2080756829138605e-05,-4.2236721111428035e-08,-4.9929518733416056e-14,1,"[0, -0.0034155926717910137, 0.19500000000000003, 1.0, 1]",3.214680082597361e-08
0.19541666666666666,0,-1.195536917370288e-05,-4.170875111205964e-08,-4.867852892477153e-14,1,"[0, -0.0033573176135159623, 0.19541666666666666, 1.0, 1]",3.167975416716056e-08
0.19583333333333333,0,-1.1830397323971418e-05,-4.118447474395701e-08,-4.745210822602306e-14,1,"[0, -0.0032990425552409004, 0.19583333333333333, 1.0, 1]",3.1217031642334585e-08
0.19625,0,-1.1705841279944214e-05,-4.0663884507356485e-08,-4.6249903623411275e-14,1,"[0, -0.003240767496965842, 0.19625, 1.0, 1]",3.0758615287899826e-08
0.19666666666666668,0,-1.1581701041621282e-05,-4.014697290249484e-08,-4.507156542050826e-14,1,"[0, -0.00318249243869078, 0.19666666666666668, 1.0, 1]",3.0304487164297946e-08
0.19708333333333336,0,-1.1457976609002615e-05,-3.963373242960852e-08,-4.3916747221364583e-14,1,"[0, -0.003124217380415722, 0.19708333333333336, 1.0, 1]",2.985462935600496e-08
0.19750000000000004,0,-1.1334667982088219e-05,-3.912415558893378e-08,-4.278510591369506e-14,1,"[0, -0.0030659423221406634, 0.19750000000000004, 1.0, 1]",2.9409023971532285e-08
0.19791666666666666,0,-1.1211775160878103e-05,-3.8618234880707494e-08,-4.1676301652102933e-14,1,"[0, -0.003007667263865612, 0.19791666666666666, 1.0, 1]",2.8967653143426326e-08
0.19833333333333333,0,-1.1089298145372233e-05,-3.811596280516579e-08,-4.0589997841336136e-14,1,"[0, -0.00294939220559055, 0.19833333333333333, 1.0, 1]",2.853049902826974e-08
0.19875,0,-1.096723693557064e-05,-3.761733186254513e-08,-3.95258611195856e-14,1,"[0, -0.0028911171473154917, 0.19875, 1.0, 1]",2.809754380667932e-08
0.1991666666666667,0,-1.0845591531473308e-05,-3.7122334553082286e-08,-3.8483561341818094e-14,1,"[0, -0.0028328420890404334, 0.1991666666666667, 1.0, 1]",2.7668769683308113e-08
0.19958333333333336,0,-1.0724361933080248e-05,-3.663096337701339e-08,-3.746277156314402e-14,1,"[0, -0.0027745670307653715, 0.19958333333333336, 1.0, 1]",2.7244158886843727e-08
0.2,0,-1.0603548140391458e-05,-3.6143210834575424e-08,-3.6463168022226965e-14,1,"[0, -0.0027162919724903166, 0.2, 1.0, 1]",2.6823693670010235e-08
0.20022,0,-1.0539926190546433e-05,-3.588713467066858e-08,-3.5943814606850365e-14,1,"[0, -0.0026855227417210865, 0.20022, 1.0, 1]",2.66033543036435e-08
0.20041666666666666,0,-1.0483150153406941e-05,-3.5659069426004316e-08,-3.548443012472337e-14,1,"[0, -0.0026580169142152617, 0.20041666666666666, 1.0, 1]",2.640735630956521e-08
0.20044,0,-1.0476420160678863e-05,-3.563206412915567e-08,-3.5430231310126916e-14,1,"[0, -0.0026547535109518565, 0.20044, 1.0, 1]",2.638416311106774e-08
0.20066,0,-1.0413030050788755e-05,-3.537799810608752e-08,-3.4922371540144554e-14,1,"[0, -0.0026239842801826264, 0.20066, 1.0, 1]",2.616611748802891e-08
0.20083333333333334,0,-1.0363167972126678e-05,-3.517853165153673e-08,-3.4526240426766285e-14,1,"[0, -0.0025997418559402, 0.20083333333333334, 1.0, 1]",2.5995129106303542e-08
0.20088,0,-1.0349755860876102e-05,-3.5124935497513504e-08,-3.442018894849186e-14,1,"[0, -0.002593215049413393, 0.20088, 1.0, 1]",2.594921483214216e-08
0.2011,0,-1.0286597590940909e-05,-3.487287519948446e-08,-3.3923637429588624e-14,1,"[0, -0.002562445818644163, 0.2011, 1.0, 1]",2.5733452542888226e-08
0.20125,0,-1.0243601596550687e-05,-3.470159001140933e-08,-3.3588284618481034e-14,1,"[0, -0.0025414667976651414, 0.20125, 1.0, 1]",2.5586994385053403e-08
0.20132,0,-1.0223555240983183e-05,-3.462181610805006e-08,-3.343267112000639e-14,1,"[0, -0.002531676587874933, 0.20132, 1.0, 1]",2.5518828021618944e-08
0.20154000000000002,0,-1.0160628811002899e-05,-3.4371757119260734e-08,-3.2947244397798496e-14,1,"[0, -0.0025009073571056993, 0.20154000000000002, 1.0, 1]",2.530533867155195e-08
0.2016666666666667,0,-1.0124451026678958e-05,-3.422823700585847e-08,-3.267025150753857e-14,1,"[0, -0.002483191739390083, 0.2016666666666667, 1.0, 1]",2.5182934494680708e-08
0.20176000000000002,0,-1.0097818301000082e-05,-3.4122697129166575e-08,-3.246731188182542e-14,1,"[0, -0.0024701381263364693, 0.20176000000000002, 1.0, 1]",2.5092981897773856e-08
0.20198000000000002,0,-1.0035123710974722e-05,-3.3874635033818006e-08,-3.199282843108384e-14,1,"[0, -0.002439368895567239, 0.20198000000000002, 1.0, 1]",2.488175510723814e-08
0.20208333333333336,0,-1.0005716262511496e-05,-3.37584651351206e-08,-3.1771833002747077e-14,1,"[0, -0.002424916681115021, 0.20208333333333336, 1.0, 1]",2.4782931808084445e-08
0.20220000000000002,0,-9.972545040926822e-06,-3.3627569729264596e-08,-3.1523749144033444e-14,1,"[0, -0.002408599664798009, 0.20220000000000002, 1.0, 1]",2.4671655708768308e-08
0.20242000000000002,0,-9.91008229085638e-06,-3.3381500111557297e-08,-3.106002935793058e-14,1,"[0, -0.0023778304340287756, 0.20242000000000002, 1.0, 1]",2.4462681113054314e-08
0.20250000000000004,0,-9.887397304048309e-06,-3.329226689943206e-08,-3.089272409767917e-14,1,"[0, -0.002366641622839963, 0.20250000000000004, 1.0, 1]",2.438696872219965e-08
0.20264000000000001,0,-9.847735460763394e-06,-3.313642507674557e-08,-3.060162464815348e-14,1,"[0, -0.0023470612032595456, 0.20264000000000001, 1.0, 1]",2.4254828732655507e-08
0.20286,0,-9.78550455064787e-06,-3.2892343520880053e-08,-3.01484908275383e-14,1,"[0, -0.0023162919724903155, 0.20286, 1.0, 1]",2.4048095981997673e-08
0.20291666666666666,0,-9.769494151289397e-06,-3.282963479902974e-08,-3.003262285433758e-14,1,"[0, -0.0023083665645649114, 0.20291666666666666, 1.0, 1]",2.3995027657996756e-08
0.20308,0,-9.723389560509803e-06,-3.264925434001042e-08,-2.970058394570731e-14,1,"[0, -0.0022855227417210855, 0.20308, 1.0, 1]",2.3842480277375368e-08
0.2033,0,-9.661390490349196e-06,-3.240715643018751e-08,-2.925786028840553e-14,1,"[0, -0.0022547535109518554, 0.2033, 1.0, 1]",2.3637979036951488e-08
0.20333333333333334,0,-9.652006804234742e-06,-3.237056133414988e-08,-2.919123038685431e-14,1,"[0, -0.0022500915062898495, 0.20333333333333334, 1.0, 1]",2.360709106048246e-08
0.20352,0,-9.599507340166044e-06,-3.21660486874609e-08,-2.882027637682998e-14,1,"[0, -0.0022239842801826254, 0.20352, 1.0, 1]",2.3434589680756213e-08
0.20374,0,-9.537740109960353e-06,-3.1925930007881326e-08,-2.8387788966968453e-14,1,"[0, -0.0021932150494133953, 0.20374, 1.0, 1]",2.323230963068955e-08
0.20375000000000001,0,-9.53493526288435e-06,-3.191503900502882e-08,-2.8368250845230163e-14,1,"[0, -0.002191816448014791, 0.20375000000000001, 1.0, 1]",2.3223141398696745e-08
0.20396,0,-9.47608879973212e-06,-3.168679928749825e-08,-2.7960355048930443e-14,1,"[0, -0.0021624458186441653, 0.20396, 1.0, 1]",2.303113631051731e-08
0.2041666666666667,0,-9.41827952723823e-06,-3.146306031190313e-08,-2.7563391399109975e-14,1,"[0, -0.0021335413897397328, 0.2041666666666667, 1.0, 1]",2.2843161165716692e-08
0.20418,0,-9.414553409481345e-06,-3.144865542236263e-08,-2.7537931846287924e-14,1,"[0, -0.0021316765878749318, 0.20418, 1.0, 1]",2.283106714587385e-08
0.2044,0,-9.353133939208029e-06,-3.121149730852392e-08,-2.712047681540709e-14,1,"[0, -0.0021009073571057017, 0.2044, 1.0, 1]",2.2632099564262938e-08
0.20458333333333337,0,-9.302039597296372e-06,-3.1014617755009465e-08,-2.6776362221594186e-14,1,"[0, -0.002075266331464671, 0.20458333333333337, 1.0, 1]",2.2467132878653945e-08
0.20462000000000002,0,-9.291830388912164e-06,-3.097532384203276e-08,-2.6707947644790472e-14,1,"[0, -0.002070138126336468, 0.20462000000000002, 1.0, 1]",2.2434230995054563e-08
0.20484000000000002,0,-9.230642758593764e-06,-3.0740133918938926e-08,-2.6300302254411966e-14,1,"[0, -0.002039368895567238, 0.20484000000000002, 1.0, 1]",2.223745886948833e-08
0.205,0,-9.186215473058795e-06,-3.056970383458418e-08,-2.6006876473086848e-14,1,"[0, -0.0020169912731896195, 0.205, 1.0, 1]",2.209503907865513e-08
0.20506000000000002,0,-9.169571048252823e-06,-3.050592643529316e-08,-2.5897498795059018e-14,1,"[0, -0.002008599664798008, 0.20506000000000002, 1.0, 1]",2.20417806206707e-08
0.20528000000000002,0,-9.108615257889347e-06,-3.027270028714493e-08,-2.5499495647668972e-14,1,"[0, -0.001977830434028778, 0.20528000000000002, 1.0, 1]",2.1847193683577117e-08
0.20541666666666666,0,-9.070807154525478e-06,-3.0128311050864044e-08,-2.5254650285182408e-14,1,"[0, -0.001958716214914561, 0.20541666666666666, 1.0, 1]",2.1726862330902707e-08
0.20550000000000002,0,-9.047775387503325e-06,-3.004045437054518e-08,-2.5106251422674408e-14,1,"[0, -0.001947061203259548, 0.20550000000000002, 1.0, 1]",2.1653695495050095e-08
0.20572000000000001,0,-8.987051437094757e-06,-2.9809187581543376e-08,-2.4717724959339875e-14,1,"[0, -0.0019162919724903145, 0.20572000000000001, 1.0, 1]",2.1461283493801127e-08
0.20583333333333334,0,-8.955814641696421e-06,-2.9690431904084876e-08,-2.4519402744585844e-14,1,"[0, -0.0019004411566395027, 0.20583333333333334, 1.0, 1]",2.136258522461496e-08
0.20594,0,-8.926443406663651e-06,-2.9578898816190258e-08,-2.43338753251088e-14,1,"[0, -0.0018855227417210844, 0.20594, 1.0, 1]",2.126995512040899e-08
0.20616,0,-8.865951296210002e-06,-2.9349586970535607e-08,-2.3954661814943078e-14,1,"[0, -0.0018547535109518544, 0.20616, 1.0, 1]",2.107970781732059e-08
0.20625000000000002,0,-8.84123793457164e-06,-2.925605889448366e-08,-2.3800855877075308e-14,1,"[0, -0.0018421660983644408, 0.20625000000000002, 1.0, 1]",2.1002190373044102e-08
0.20638,0,-8.80557510573381e-06,-2.9121250940629526e-08,-2.358004395066912e-14,1,"[0, -0.0018239842801826243, 0.20638, 1.0, 1]",2.089053902885139e-08
0.2066,0,-8.74531483523508e-06,-2.8893889622522538e-08,-2.3209981480322818e-14,1,"[0, -0.0017932150494133943, 0.2066, 1.0, 1]",2.0702446201184565e-08
0.2066666666666667,0,-8.727077033151116e-06,-2.8825184522296636e-08,-2.3098734631495118e-14,1,"[0, -0.0017838910400893825, 0.2066666666666667, 1.0, 1]",2.0645660413479023e-08
0.20682,0,-8.685170484713805e-06,-2.866750191226443e-08,-2.284443437749329e-14,1,"[0, -0.0017624458186441642, 0.20682, 1.0, 1]",2.051542678237141e-08
0.20704,0,-8.625142054169991e-06,-2.844208670590583e-08,-2.2483362840671768e-14,1,"[0, -0.0017316765878749342, 0.20704, 1.0, 1]",2.032947822233115e-08
0.20708333333333337,0,-8.613331937434867e-06,-2.839780128776047e-08,-2.2412766863790533e-14,1,"[0, -0.0017256159818143206, 0.20708333333333337, 1.0, 1]",2.0292978007242325e-08
0.20726,0,-8.565229543603635e-06,-2.821764289949652e-08,-2.2126727292596157e-14,1,"[0, -0.0017009073571057041, 0.20726, 1.0, 1]",2.01445979728505e-08
0.20748,0,-8.505432953014735e-06,-2.7994169389086924e-08,-2.1774488379601327e-14,1,"[0, -0.0016701381263364706, 0.20748, 1.0, 1]",1.9960783487586002e-08
0.2075,0,-8.500002647422895e-06,-2.7973901691111514e-08,-2.1742683321076322e-14,1,"[0, -0.0016673409235392692, 0.2075, 1.0, 1]",1.994412583969371e-08
0.20770000000000002,0,-8.44575228240329e-06,-2.7771665070726928e-08,-2.142660697096609e-14,1,"[0, -0.0016393688955672371, 0.20770000000000002, 1.0, 1]",1.9778032222060213e-08
0.20791666666666667,0,-8.38708916311518e-06,-2.7553478232586322e-08,-2.108821762574421e-14,1,"[0, -0.0016090658652642108, 0.20791666666666667, 1.0, 1]",1.9599086620227656e-08
0.20792000000000002,0,-8.38618753176931e-06,-2.7550128840466953e-08,-2.1083044158264428e-14,1,"[0, -0.001608599664798007, 0.20792000000000002, 1.0, 1]",1.959634163366424e-08
0.20814000000000002,0,-8.326738701112786e-06,-2.73295595943571e-08,-2.0743761254714584e-14,1,"[0, -0.001577830434028777, 0.20814000000000002, 1.0, 1]",1.9415709181657965e-08
0.20833333333333334,0,-8.274591484511727e-06,-2.713652341242135e-08,-2.0449106259605794e-14,1,"[0, -0.0015507908069891524, 0.20833333333333334, 1.0, 1]",1.9257843082273196e-08
0.20836000000000002,0,-8.267405790433721e-06,-2.7109956228447468e-08,-2.0408719794530715e-14,1,"[0, -0.001547061203259547, 0.20836000000000002, 1.0, 1]",1.923613232716918e-08
0.20858000000000002,0,-8.208188799732114e-06,-2.6891317638788267e-08,-2.0077881532275058e-14,1,"[0, -0.001516291972490317, 0.20858000000000002, 1.0, 1]",1.9057608533192965e-08
0.20875000000000002,0,-8.162509611612542e-06,-2.6723029730853054e-08,-1.9825088548073013e-14,1,"[0, -0.0014925157487140905, 0.20875000000000002, 1.0, 1]",1.8920377983294136e-08
0.2088,0,-8.149087729007968e-06,-2.667364272142981e-08,-1.975120844221067e-14,1,"[0, -0.0014855227417210869, 0.2088, 1.0, 1]",1.888013526459317e-08
0.20902,0,-8.090102578261285e-06,-2.6456930372421773e-08,-1.9428662717653975e-14,1,"[0, -0.0014547535109518533, 0.20902, 1.0, 1]",1.870370998810071e-08
0.2091666666666667,0,-8.05084354441763e-06,-2.6312989688117885e-08,-1.9215906644375266e-14,1,"[0, -0.0014342406904390322, 0.2091666666666667, 1.0, 1]",1.8586674104792655e-08
0.20924,0,-8.031233347492055e-06,-2.6241179487815212e-08,-1.9110206770332e-14,1,"[0, -0.0014239842801826233, 0.20924, 1.0, 1]",1.8528330172315908e-08
0.20946,0,-7.972480036700283e-06,-2.602638896365938e-08,-1.8795803229733027e-14,1,"[0, -0.0013932150494133932, 0.20946, 1.0, 1]",1.835399328770658e-08
0.20958333333333337,0,-7.939593282926977e-06,-2.5906395784452403e-08,-1.862130551381353e-14,1,"[0, -0.0013759656321639738, 0.20958333333333337, 1.0, 1]",1.8256714252302737e-08
0.20968,0,-7.913842645885968e-06,-2.5812557696005016e-08,-1.848541494246724e-14,1,"[0, -0.0013624458186441632, 0.20968, 1.0, 1]",1.8180696806607616e-08
0.2099,0,-7.855321175049113e-06,-2.5599684580902007e-08,-1.8179004971620193e-14,1,"[0, -0.0013316765878749331, 0.2099, 1.0, 1]",1.800843820322352e-08
0.21,0,-7.828758827140614e-06,-2.550324052009317e-08,-1.804103291805101e-14,1,"[0, -0.0013176905738889189, 0.21, 1.0, 1]",1.7930481255395892e-08
0.21012,0,-7.796915624189717e-06,-2.5387768514400774e-08,-1.78765365961123e-14,1,"[0, -0.001300907357105703, 0.21012, 1.0, 1]",1.783721495362565e-08
0.21034,0,-7.73862599330778e-06,-2.5176808392551205e-08,-1.7577973310055763e-14,1,"[0, -0.001270138126336473, 0.21034, 1.0, 1]",1.766702453575414e-08
0.21041666666666667,0,-7.718340177058498e-06,-2.5103516395276636e-08,-1.7474839399440638e-14,1,"[0, -0.0012594155156138605, 0.21041666666666667, 1.0, 1]",1.7607957967677978e-08
0.21056000000000002,0,-7.680452282403291e-06,-2.496680311140372e-08,-1.7283278822115172e-14,1,"[0, -0.001239368895567236, 0.21056000000000002, 1.0, 1]",1.749786442941619e-08
0.21078000000000002,0,-7.62239449147627e-06,-2.4757751567008102e-08,-1.6992417054865897e-14,1,"[0, -0.001208599664798006, 0.21078000000000002, 1.0, 1]",1.7329732116288827e-08
0.21083333333333334,0,-7.6083373326806545e-06,-2.4707215910239045e-08,-1.6922478265389464e-14,1,"[0, -0.001201140457338802, 0.21083333333333334, 1.0, 1]",1.7289127266789412e-08
0.21100000000000002,0,-7.564452620526707e-06,-2.4549652655415195e-08,-1.6705352144157126e-14,1,"[0, -0.001177830434028776, 0.21100000000000002, 1.0, 1]",1.7162625079914457e-08
0.21122000000000002,0,-7.506626669554601e-06,-2.4342505272674463e-08,-1.6422048438470163e-14,1,"[0, -0.001147061203259546, 0.21122000000000002, 1.0, 1]",1.6996540805706583e-08
0.21125000000000002,0,-7.498750294007072e-06,-2.4314331565216958e-08,-1.638370557276071e-14,1,"[0, -0.0011428653990637402, 0.21125000000000002, 1.0, 1]",1.6973972054407925e-08
0.21144000000000002,0,-7.448916638559956e-06,-2.4136308314836645e-08,-1.614247049828434e-14,1,"[0, -0.0011162919724903159, 0.21144000000000002, 1.0, 1]",1.6831476780944717e-08
0.21166000000000001,0,-7.391322527542768e-06,-2.3931060677951205e-08,-1.5866583095436774e-14,1,"[0, -0.0010855227417210858, 0.21166000000000001, 1.0, 1]",1.666743049477566e-08
0.2116666666666667,0,-7.389579061037762e-06,-2.392485586044704e-08,-1.585828011231163e-14,1,"[0, -0.0010845903407886819, 0.2116666666666667, 1.0, 1]",1.6662475256246018e-08
0.21188,0,-7.333844336503039e-06,-2.3726761258069093e-08,-1.5594351212489977e-14,1,"[0, -0.0010547535109518558, 0.21188, 1.0, 1]",1.650439943821688e-08
0.21208333333333337,0,-7.280823633772715e-06,-2.3538781296165635e-08,-1.5345963393167998e-14,1,"[0, -0.0010263152825136235, 0.21208333333333337, 1.0, 1]",1.6354619822050118e-08
0.2121,0,-7.276482065440767e-06,-2.3523408951240197e-08,-1.532574004209325e-14,1,"[0, -0.0010239842801826257, 0.2121, 1.0, 1]",1.634238110415208e-08
0.21232,0,-7.219235714355955e-06,-2.332100265351441e-08,-1.5060714986349666e-14,1,"[0, -0.0009932150494133922, 0.21232, 1.0, 1]",1.6181372987333927e-08
0.2125,0,-7.172484012211948e-06,-2.3156100372609414e-08,-1.4846519627336816e-14,1,"[0, -0.000968040224238572, 0.2125, 1.0, 1]",1.6050388725602694e-08
0.21254,0,-7.162105283248602e-06,-2.311954126094225e-08,-1.4799241656183196e-14,1,"[0, -0.0009624458186441621, 0.21254, 1.0, 1]",1.6021372584381538e-08
0.21276,0,-7.105090772118706e-06,-2.2919023669573615e-08,-1.454128587070425e-14,1,"[0, -0.0009316765878749321, 0.21276, 1.0, 1]",1.5862377393783848e-08
0.21291666666666667,0,-7.064560196355442e-06,-2.2776805590014617e-08,-1.4359715714254065e-14,1,"[0, -0.0009097651659635102, 0.21291666666666667, 1.0, 1]",1.574976496472268e-08
0.21298,0,-7.0481921809662746e-06,-2.2719448775458918e-08,-1.4286813656579102e-14,1,"[0, -0.000900907357105702, 0.21298, 1.0, 1]",1.570438491589708e-08
0.2132,0,-6.991409509791296e-06,-2.2520815474648052e-08,-1.4035791247397306e-14,1,"[0, -0.000870138126336472, 0.2132, 1.0, 1]",1.554739265294516e-08
0.21333333333333335,0,-6.957052186203195e-06,-2.2400889448617803e-08,-1.3885321225371207e-14,1,"[0, -0.0008514901076884518, 0.21333333333333335, 1.0, 1]",1.5452731561261663e-08
0.21342,0,-6.934742758593775e-06,-2.2323122663191646e-08,-1.3788185083042819e-14,1,"[0, -0.000839368895567242, 0.21342, 1.0, 1]",1.5391398109020998e-08
0.21364,0,-6.878191927373714e-06,-2.2126369237139272e-08,-1.3543961809062123e-14,1,"[0, -0.0008085996647980119, 0.21364, 1.0, 1]",1.5236398790083937e-08
0.21375000000000002,0,-6.849959981755223e-06,-2.202834444865532e-08,-1.3423108388776936e-14,1,"[0, -0.0007932150494133899, 0.21375000000000002, 1.0, 1]",1.5159271561109393e-08
0.21386000000000002,0,-6.821757016131103e-06,-2.1930554092541668e-08,-1.330308827603809e-14,1,"[0, -0.0007778304340287749, 0.21386000000000002, 1.0, 1]",1.508239220396357e-08
0.21408000000000002,0,-6.7654380248659586e-06,-2.173567612544851e-08,-1.3065531538959233e-14,1,"[0, -0.0007470612032595449, 0.21408000000000002, 1.0, 1]",1.4929375860355926e-08
0.2141666666666667,0,-6.743283583011512e-06,-2.1659163090363835e-08,-1.297285207385705e-14,1,"[0, -0.0007349399911383316, 0.2141666666666667, 1.0, 1]",1.4869368034189966e-08
0.21430000000000002,0,-6.709234953578271e-06,-2.154173423191022e-08,-1.2831258856594591e-14,1,"[0, -0.0007162919724903148, 0.21430000000000002, 1.0, 1]",1.4777347270825168e-08
0.21452000000000002,0,-6.653147802268044e-06,-2.1348727307977107e-08,-1.2600237690866257e-14,1,"[0, -0.0006855227417210848, 0.21452000000000002, 1.0, 1]",1.4626303948804223e-08
0.21458333333333332,0,-6.637022989972088e-06,-2.1293337873980012e-08,-1.2534329775990139e-14,1,"[0, -0.0006766649328632801, 0.21458333333333332, 1.0, 1]",1.4583004074462038e-08
0.21474000000000001,0,-6.597176570935275e-06,-2.1156654249699275e-08,-1.2372435706223594e-14,1,"[0, -0.0006547535109518547, 0.21474000000000001, 1.0, 1]",1.4476243409593301e-08
0.21496,0,-6.541321259579963e-06,-2.0965513953126614e-08,-1.2147820769018383e-14,1,"[0, -0.0006239842801826247, 0.21496, 1.0, 1]",1.432716317036096e-08
0.215,0,-6.531178202636909e-06,-2.0930861299739883e-08,-1.2107321601279795e-14,1,"[0, -0.0006183898745882217, 0.215, 1.0, 1]",1.4300162799919249e-08
0.21518,0,-6.4855818682021115e-06,-2.0775305314309436e-08,-1.1926360946881462e-14,1,"[0, -0.0005932150494133946, 0.21518, 1.0, 1]",1.4179060750143883e-08
0.2154,0,-6.4299583968017155e-06,-2.058602722929816e-08,-1.1708024508099112e-14,1,"[0, -0.0005624458186441646, 0.2154, 1.0, 1]",1.40319336698471e-08
0.21541666666666667,0,-6.425749221006e-06,-2.0571725867880323e-08,-1.1691610251326114e-14,1,"[0, -0.0005601148163131599, 0.21541666666666667, 1.0, 1]",1.402082735259382e-08
0.21562,0,-6.3744508453787804e-06,-2.039767859414257e-08,-1.1492779920989727e-14,1,"[0, -0.000531676587874931, 0.21562, 1.0, 1]",1.3885779452243346e-08
0.21583333333333335,0,-6.320736045079363e-06,-2.021592407863768e-08,-1.1286981008030703e-14,1,"[0, -0.0005018397580381015, 0.21583333333333335, 1.0, 1]",1.3744980898548302e-08
0.21584,0,-6.319059213933303e-06,-2.0210258304892768e-08,-1.1280595853283235e-14,1,"[0, -0.000500907357105701, 0.21584, 1.0, 1]",1.3740595621972432e-08
0.21606,0,-6.263783502465283e-06,-2.0023765257599702e-08,-1.1071441171500773e-14,1,"[0, -0.00047013812633647095, 0.21606, 1.0, 1]",1.3596379705543991e-08
0.21625000000000003,0,-6.216138674856989e-06,-1.9863448432247988e-08,-1.0893221718440429e-14,1,"[0, -0.0004435646997630431, 0.21625000000000003, 1.0, 1]",1.3472606627884035e-08
0.21628,0,-6.208623710974723e-06,-1.9838198348312626e-08,-1.0865284940331841e-14,1,"[0, -0.0004393688955672409, 0.21628, 1.0, 1]",1.345312923133473e-08
0.2165,0,-6.153579839461621e-06,-1.9653556473082383e-08,-1.0662096422018599e-14,1,"[0, -0.00040859966479801085, 0.2165, 1.0, 1]",1.3310841729589061e-08
0.2166666666666667,0,-6.111957110338886e-06,-1.951429142894844e-08,-1.0510122779629315e-14,1,"[0, -0.00038528964148798125, 0.2166666666666667, 1.0, 1]",1.3203687754737345e-08
0.21672000000000002,0,-6.098651887925971e-06,-1.9469838527958544e-08,-1.046184507573429e-14,1,"[0, -0.00037783043402877733, 0.21672000000000002, 1.0, 1]",1.316951473242059e-08
0.21694000000000002,0,-6.043839856367791e-06,-1.928704340899174e-08,-1.026450055696806e-14,1,"[0, -0.0003470612032595438, 0.21694000000000002, 1.0, 1]",1.3029145773809782e-08
0.21708333333333332,0,-6.00819135152506e-06,-1.9168445568975062e-08,-1.0137477123613161e-14,1,"[0, -0.0003270145832129298, 0.21708333333333332, 1.0, 1]",1.293820751727806e-08
0.21716000000000002,0,-5.989143744787064e-06,-1.9105170012232075e-08,-1.0070032716906372e-14,1,"[0, -0.00031629197249031377, 0.21716000000000002, 1.0, 1]",1.2889732389605019e-08
0.21738000000000002,0,-5.934563553183797e-06,-1.8924217233729647e-08,-9.878411601817488e-15,1,"[0, -0.0002855227417210837, 0.21738000000000002, 1.0, 1]",1.2751272117524511e-08
0.2175,0,-5.904841398415493e-06,-1.882590335256442e-08,-9.77508020230536e-15,1,"[0, -0.0002687395249378714, 0.2175, 1.0, 1]",1.2676149177713744e-08
0.21760000000000002,0,-5.8800992815579856e-06,-1.874418396953424e-08,-9.68960745243587e-15,1,"[0, -0.00025475351095185367, 0.21760000000000002, 1.0, 1]",1.2613762497152059e-08
0.21782,0,-5.825750929909635e-06,-1.8565069115696912e-08,-9.503590703349287e-15,1,"[0, -0.00022398428018262362, 0.21782, 1.0, 1]",1.2477201069941708e-08
0.21791666666666668,0,-5.801907251010186e-06,-1.8486657279953176e-08,-9.422729972507273e-15,1,"[0, -0.00021046446666280957, 0.21791666666666668, 1.0, 1]",1.2417496022285672e-08
0.21804,0,-5.771518498238742e-06,-1.8386871568266913e-08,-9.320331982382016e-15,1,"[0, -0.00019321504941339357, 0.21804, 1.0, 1]",1.234158537921437e-08
0.21826,0,-5.717401986545306e-06,-1.8209590223294876e-08,-9.139802109985162e-15,1,"[0, -0.00016244581864416352, 0.21826, 1.0, 1]",1.2206912970158447e-08
0.21833333333333335,0,-5.699388909309152e-06,-1.815069985137768e-08,-9.080226880935465e-15,1,"[0, -0.0001521894083877512, 0.21833333333333335, 1.0, 1]",1.2162231361270104e-08
0.21848,0,-5.663401394829331e-06,-1.803322397683122e-08,-8.961972098622952e-15,1,"[0, -0.00013167658787493347, 0.21848, 1.0, 1]",1.2073181389832382e-08
0.2187,0,-5.609516723090813e-06,-1.7857771724925303e-08,-8.786813152160628e-15,1,"[0, -0.00010090735710569995, 0.2187, 1.0, 1]",1.1940388187160206e-08
0.21875000000000003,0,-5.597286373312381e-06,-1.7818023567074382e-08,-8.747373849286668e-15,1,"[0, -9.391435011269281e-05, 0.21875000000000003, 1.0, 1]",1.1910338528980401e-08
0.21892,0,-5.555747971329755e-06,-1.7683232363628182e-08,-8.614296665256628e-15,1,"[0, -7.01381263364699e-05, 0.21892, 1.0, 1]",1.1808530912935352e-08
0.21914,0,-5.502095139546153e-06,-1.7509604788989428e-08,-8.444394222749812e-15,1,"[0, -3.936889556723985e-05, 0.21914, 1.0, 1]",1.167760711981981e-08
0.2191666666666667,0,-5.4955996430198765e-06,-1.7488620927279846e-08,-8.423976259339131e-15,1,"[0, -3.5639291837630954e-05, 0.2191666666666667, 1.0, 1]",1.1661800883763424e-08
0.21936,0,-5.44855822774001e-06,-1.733688789705967e-08,-8.277077599052991e-15,1,"[0, -8.599664798009804e-06, 0.21936, 1.0, 1]",1.1547614362342002e-08
0.21958,0,-5.395137235911327e-06,-1.7165080583888485e-08,-8.11231875754283e-15,1,"[0, 2.2169565971220245e-05, 0.21958, 1.0, 1]",1.1418550196900392e-08
0.21958333333333332,0,-5.3943287184316585e-06,-1.7162484432230524e-08,-8.109841938090622e-15,1,"[0, 2.263576643742049e-05, 0.21958333333333332, 1.0, 1]",1.1416601808002289e-08
0.2198,0,-5.341832164060101e-06,-1.6994181745526605e-08,-7.950089849954628e-15,1,"[0, 5.2938796740450295e-05, 0.2198, 1.0, 1]",1.1290412181759668e-08
0.22,0,-5.293473599547689e-06,-1.6839606582162764e-08,-7.80478114293348e-15,1,"[0, 8.091082471247887e-05, 0.22, 1.0, 1]",1.1174724708115094e-08
0.22002000000000002,0,-5.288643012186327e-06,-1.682419027802392e-08,-7.790363215773916e-15,1,"[0, 8.370802750968381e-05, 0.22002000000000002, 1.0, 1]",1.1163197877053283e-08
0.22024000000000002,0,-5.2355697802900185e-06,-1.665510507743064e-08,-7.633111381631861e-15,1,"[0, 0.00011447725827891733, 0.22024000000000002, 1.0, 1]",1.1036904844781974e-08
0.22041666666666668,0,-5.193034286367992e-06,-1.6519979877313126e-08,-7.50860654686681e-15,1,"[0, 0.00013918588298754073, 0.22041666666666668, 1.0, 1]",1.0936153014555347e-08
0.22046000000000002,0,-5.182612468371169e-06,-1.6486925039796758e-08,-7.478307060699846e-15,1,"[0, 0.00014524648904814738, 0.22046000000000002, 1.0, 1]",1.0911530648817154e-08
0.22068000000000002,0,-5.129771076429776e-06,-1.631964906117301e-08,-7.32592315208622e-15,1,"[0, 0.00017601571981737743, 0.22068000000000002, 1.0, 1]",1.078707285489455e-08
0.22083333333333335,0,-5.093010778892557e-06,-1.6203596817918275e-08,-7.221133223745091e-15,1,"[0, 0.0001974609412625991, 0.22083333333333335, 1.0, 1]",1.0700870181811959e-08
0.2209,0,-5.077045604465849e-06,-1.6153276037608972e-08,-7.175932740231287e-15,1,"[0, 0.00020678495058660748, 0.2209, 1.0, 1]",1.0663529030620566e-08
0.22112,0,-5.0244360524793745e-06,-1.598780486515527e-08,-7.028309094306766e-15,1,"[0, 0.00023755418135583753, 0.22112, 1.0, 1]",1.05408967454691e-08
0.22125000000000003,0,-4.993403077121395e-06,-1.5890449904214242e-08,-6.942178633563128e-15,1,"[0, 0.0002557359995376575, 0.22125000000000003, 1.0, 1]",1.0468859688409038e-08
0.22134,0,-4.971942420470358e-06,-1.582323443986127e-08,-6.883025667612025e-15,1,"[0, 0.0002683234121250676, 0.22134, 1.0, 1]",1.0419173570780485e-08
0.22156,0,-4.9195647084388e-06,-1.5659563657778442e-08,-6.740056096976097e-15,1,"[0, 0.00029909264289429763, 0.22156, 1.0, 1]",1.0298357079766365e-08
0.2216666666666667,0,-4.894211181054493e-06,-1.5580531636438115e-08,-6.671562607779936e-15,1,"[0, 0.00031401105781271935, 0.2216666666666667, 1.0, 1]",1.0240105036906524e-08
0.22178,0,-4.8673029163847e-06,-1.549679141495573e-08,-6.599374202153564e-15,1,"[0, 0.0003298618736635277, 0.22178, 1.0, 1]",1.0178444847503126e-08
0.222,0,-4.815157044308059e-06,-1.5334916607444077e-08,-6.4609539852291115e-15,1,"[0, 0.0003606311044327612, 0.222, 1.0, 1]",1.0059434450936343e-08
0.22208333333333333,0,-4.795435090691878e-06,-1.527383451482603e-08,-6.409107334676269e-15,1,"[0, 0.0003722861160877708, 0.22208333333333333, 1.0, 1]",1.001458975389849e-08
0.22222,0,-4.763127092208876e-06,-1.5173938131292953e-08,-6.324769630016061e-15,1,"[0, 0.00039140033520199125, 0.22222, 1.0, 1]",9.94132346888057e-09
0.22244,0,-4.7112130600871515e-06,-1.5013854882553305e-08,-6.190795501461108e-15,1,"[0, 0.0004221695659712213, 0.22244, 1.0, 1]",9.824109482017434e-09
0.2225,0,-4.697074806033513e-06,-1.4970351039614444e-08,-6.154637344751826e-15,1,"[0, 0.0004305611743628292, 0.2225, 1.0, 1]",9.792297390015055e-09
0.22266000000000002,0,-4.65941494794288e-06,-1.4854665757274916e-08,-6.059006145045213e-15,1,"[0, 0.0004529387967404548, 0.22266000000000002, 1.0, 1]",9.70779007289669e-09
0.22288000000000002,0,-4.607732755776072e-06,-1.46963696515081e-08,-5.9293762861888576e-15,1,"[0, 0.00048370802750968486, 0.22288000000000002, 1.0, 1]",9.592362825936652e-09
0.22291666666666668,0,-4.599130327079413e-06,-1.4670073711039808e-08,-5.907979496157926e-15,1,"[0, 0.0004888362326378876, 0.22291666666666668, 1.0, 1]",9.573211519922587e-09
0.22310000000000002,0,-4.556166483586724e-06,-1.4538965461302429e-08,-5.801880829655705e-15,1,"[0, 0.0005144772582789149, 0.22310000000000002, 1.0, 1]",9.477825327422281e-09
0.22332000000000002,0,-4.504716131374833e-06,-1.4382452082709063e-08,-5.676494858959902e-15,1,"[0, 0.000545246489048145, 0.22332000000000002, 1.0, 1]",9.364175165508573e-09
0.22333333333333336,0,-4.501601653829587e-06,-1.4372995029338575e-08,-5.6689629601673055e-15,1,"[0, 0.0005471112909129494, 0.22333333333333336, 1.0, 1]",9.357315742319902e-09
0.22354000000000002,0,-4.453381699140401e-06,-1.4226828411777256e-08,-5.553193635769594e-15,1,"[0, 0.000576015719817375, 0.22354000000000002, 1.0, 1]",9.251409930217389e-09
0.22375000000000003,0,-4.4044887862840225e-06,-1.4079107494747624e-08,-5.4374192066810784e-15,1,"[0, 0.0006053863491880078, 0.22375000000000003, 1.0, 1]",9.144593679944607e-09
0.22376000000000001,0,-4.4021631868834275e-06,-1.4072093344557957e-08,-5.4319525993168076e-15,1,"[0, 0.0006067849505866051, 0.22376000000000001, 1.0, 1]",9.139527213438293e-09
0.22398,0,-4.351060594603911e-06,-1.3918245777100737e-08,-5.312747365802933e-15,1,"[0, 0.0006375541813558351, 0.22398, 1.0, 1]",9.028524608930042e-09
0.2241666666666667,0,-4.307791724442731e-06,-1.3788403607503197e-08,-5.2131819897713854e-15,1,"[0, 0.0006636614074630696, 0.2241666666666667, 1.0, 1]",8.935028979567388e-09
0.2242,0,-4.300073922301855e-06,-1.3765284605456122e-08,-5.195553727809174e-15,1,"[0, 0.0006683234121250652, 0.2242, 1.0, 1]",8.918399712318252e-09
0.22442,0,-4.249203169977257e-06,-1.3613208725674002e-08,-5.0803476537048e-15,1,"[0, 0.0006990926428943021, 0.22442, 1.0, 1]",8.80915012109646e-09
0.22458333333333333,0,-4.211510468305713e-06,-1.350087586784143e-08,-4.996087333262169e-15,1,"[0, 0.0007219364657381176, 0.22458333333333333, 1.0, 1]",8.728605311995184e-09
0.22464,0,-4.198448337630122e-06,-1.3462017033804794e-08,-4.967105287058279e-15,1,"[0, 0.0007298618736635322, 0.22464, 1.0, 1]",8.700773434629086e-09
0.22486,0,-4.1478094252604416e-06,-1.3311708425898707e-08,-4.855802946047774e-15,1,"[0, 0.0007606311044327622, 0.22486, 1.0, 1]",8.59326725414381e-09
0.225,0,-4.1156450178729566e-06,-1.3216516775999517e-08,-4.785973516347167e-15,1,"[0, 0.0007802115240131795, 0.225, 1.0, 1]",8.525306372069496e-09
0.22508,0,-4.097286432868218e-06,-1.3162281798005313e-08,-4.74641712287271e-15,1,"[0, 0.0007914003352019923, 0.22508, 1.0, 1]",8.486629182740257e-09
0.2253,0,-4.046879360453454e-06,-1.3013736046175665e-08,-4.638924483167935e-15,1,"[0, 0.0008221695659712223, 0.2253, 1.0, 1]",8.380856825385122e-09
0.22541666666666668,0,-4.020195373144461e-06,-1.2935318832213277e-08,-4.5826810592421464e-15,1,"[0, 0.0008384865822882413, 0.22541666666666668, 1.0, 1]",8.325115878668076e-09
0.22552,0,-3.996588208016147e-06,-1.286607006645923e-08,-4.5333018654149876e-15,1,"[0, 0.0008529387967404524, 0.22552, 1.0, 1]",8.275947788911115e-09
0.22574,0,-3.946412975556299e-06,-1.2719282754906852e-08,-4.429526280358431e-15,1,"[0, 0.0008837080275096824, 0.22574, 1.0, 1]",8.171899682022465e-09
0.22583333333333336,0,-3.925161534120233e-06,-1.265727453671927e-08,-4.38605270887731e-15,1,"[0, 0.0008967616405632962, 0.22583333333333336, 1.0, 1]",8.128017574702816e-09
0.22596,0,-3.89635366307391e-06,-1.2573373007567888e-08,-4.327574910418918e-15,1,"[0, 0.0009144772582789125, 0.22596, 1.0, 1]",8.068710115289414e-09
0.22618000000000002,0,-3.846410270568973e-06,-1.242833972049297e-08,-4.227425109110935e-15,1,"[0, 0.0009452464890481495, 0.22618000000000002, 1.0, 1]",7.966376701148219e-09
0.22625000000000003,0,-3.830543500800277e-06,-1.2382376389754163e-08,-4.195933424624511e-15,1,"[0, 0.0009550366988383581, 0.22625000000000003, 1.0, 1]",7.933995227122281e-09
0.22640000000000002,0,-3.796582798041501e-06,-1.2284181789732307e-08,-4.1290544004582764e-15,1,"[0, 0.0009760157198173795, 0.22640000000000002, 1.0, 1]",7.864897053908136e-09
0.22662000000000002,0,-3.746871245491487e-06,-1.2140898111335999e-08,-4.032440478411708e-15,1,"[0, 0.0010067849505866096, 0.22662000000000002, 1.0, 1]",7.764268789742109e-09
0.22666666666666666,0,-3.736341273184596e-06,-1.2110616891554725e-08,-4.012170364061784e-15,1,"[0, 0.001013311757113413, 0.22666666666666666, 1.0, 1]",7.743032626909177e-09
0.22684,0,-3.697275612918931e-06,-1.1998487581354147e-08,-3.937561206267284e-15,1,"[0, 0.0010375541813558396, 0.22684, 1.0, 1]",7.664489526693327e-09
0.22706,0,-3.6477959003238342e-06,-1.1856949095836853e-08,-3.8443946160853836e-15,1,"[0, 0.0010683234121250697, 0.22706, 1.0, 1]",7.565556884672054e-09
0.22708333333333333,0,-3.6425548512731748e-06,-1.1841988542356881e-08,-3.8346128687741114e-15,1,"[0, 0.001071586815388468, 0.22708333333333333, 1.0, 1]",7.55511358908246e-09
0.22728,0,-3.5984321077061958e-06,-1.1716281550834536e-08,-3.752918908110748e-15,1,"[0, 0.0010990926428942997, 0.22728, 1.0, 1]",7.467468485457532e-09
0.2275,0,-3.549184235066016e-06,-1.1576483842397297e-08,-3.663112450192711e-15,1,"[0, 0.0011298618736635298, 0.2275, 1.0, 1]",7.370221952695225e-09
0.22772,0,-3.5000522824032936e-06,-1.1437554866575132e-08,-3.574953777206768e-15,1,"[0, 0.0011606311044327598, 0.22772, 1.0, 1]",7.2738149119012745e-09
0.22791666666666668,0,-3.4562294245631287e-06,-1.1314095291912639e-08,-3.4975227754695876e-15,1,"[0, 0.0011881369319385916, 0.22791666666666668, 1.0, 1]",7.188341580837244e-09
0.22794,0,-3.451036249718031e-06,-1.1299493519418565e-08,-3.488421590477207e-15,1,"[0, 0.0011914003352019899, 0.22794, 1.0, 1]",7.17824499045762e-09
0.22816,0,-3.402136137010226e-06,-1.116229869697717e-08,-3.4034947571992235e-15,1,"[0, 0.00122216956597122, 0.22816, 1.0, 1]",7.08350981761518e-09
0.22833333333333336,0,-3.3636904197645046e-06,-1.105481539113936e-08,-3.337699653389332e-15,1,"[0, 0.0012464119902136465, 0.22833333333333336, 1.0, 1]",7.009456360632635e-09
0.22838,0,-3.3533519442798793e-06,-1.1025969295301681e-08,-3.320152309864042e-15,1,"[0, 0.00125293879674045, 0.22838, 1.0, 1]",6.989607024493005e-09
0.2286,0,-3.3046836715269973e-06,-1.089050421044199e-08,-3.2383734456823205e-15,1,"[0, 0.00128370802750968, 0.2286, 1.0, 1]",6.89653424407743e-09
0.22875000000000004,0,-3.2715672206701524e-06,-1.079863664031349e-08,-3.1835010203177606e-15,1,"[0, 0.0013046870484887084, 0.22875000000000004, 1.0, 1]",6.833550203240926e-09
0.22882000000000002,0,-3.2561313187515613e-06,-1.0755902338448408e-08,-3.158137526010342e-15,1,"[0, 0.001314477258278917, 0.22882000000000002, 1.0, 1]",6.8042891112241895e-09
0.22904000000000002,0,-3.2076948859535903e-06,-1.0622162575370932e-08,-3.079424075775801e-15,1,"[0, 0.001345246489048147, 0.22904000000000002, 1.0, 1]",6.7128692626560925e-09
0.22916666666666666,0,-3.1798598272800747e-06,-1.0545551539672226e-08,-3.0347869261884516e-15,1,"[0, 0.0013629621067637633, 0.22916666666666666, 1.0, 1]",6.660607043857685e-09
0.22926000000000002,0,-3.1593743731330772e-06,-1.0489283817259875e-08,-3.002212782905192e-15,1,"[0, 0.0013760157198173771, 0.22926000000000002, 1.0, 1]",6.6222723369630194e-09
0.22948000000000002,0,-3.111169780290023e-06,-1.035726496016502e-08,-2.9264834977511476e-15,1,"[0, 0.0014067849505866072, 0.22948000000000002, 1.0, 1]",6.5324959746053115e-09
0.22958333333333333,0,-3.0885682395942513e-06,-1.0295552589451596e-08,-2.891419520523812e-15,1,"[0, 0.0014212371650388182, 0.22958333333333333, 1.0, 1]",6.490610841713041e-09
0.22970000000000002,0,-3.0630811074244276e-06,-1.0226104900137316e-08,-2.85221623252201e-15,1,"[0, 0.0014375541813558372, 0.22970000000000002, 1.0, 1]",6.443537817909323e-09
0.22992,0,-3.0151083545362898e-06,-1.009580253322644e-08,-2.7793911607098784e-15,1,"[0, 0.0014683234121250673, 0.22992, 1.0, 1]",6.355395511070176e-09
0.23,0,-2.9976924576127015e-06,-1.004863228988816e-08,-2.753263038495363e-15,1,"[0, 0.00147951222331388, 0.23, 1.0, 1]",6.323545580072317e-09
0.23014,0,-2.967251521625611e-06,-9.966356755482495e-09,-2.7079886165217804e-15,1,"[0, 0.0014990926428942973, 0.23014, 1.0, 1]",6.268066700151334e-09
0.23036,0,-2.9195106086923903e-06,-9.837766462955582e-09,-2.637989094310447e-15,1,"[0, 0.0015298618736635274, 0.23036, 1.0, 1]",6.181549033083334e-09
0.2304166666666667,0,-2.9072324813354126e-06,-9.804783141218373e-09,-2.6201837870194958e-15,1,"[0, 0.001537787281588942, 0.2304166666666667, 1.0, 1]",6.159395266237092e-09
0.23058,0,-2.871885615736628e-06,-9.710030551696436e-09,-2.5693732480064558e-15,1,"[0, 0.0015606311044327574, 0.23058, 1.0, 1]",6.095840159666113e-09
0.2308,0,-2.824376542758325e-06,-9.583147917754737e-09,-2.5021218905499407e-15,1,"[0, 0.0015914003352019875, 0.2308, 1.0, 1]",6.010937731566471e-09
0.23083333333333336,0,-2.8171883107623975e-06,-9.563997643678476e-09,-2.492050130890399e-15,1,"[0, 0.0015960623398639968, 0.23083333333333336, 1.0, 1]",5.99814393154308e-09
0.23102,0,-2.7769833897574796e-06,-9.457117457180796e-09,-2.4362159933249035e-15,1,"[0, 0.0016221695659712244, 0.23102, 1.0, 1]",5.9268394023201845e-09
0.23124,0,-2.729706156734093e-06,-9.33193806602461e-09,-2.3716366855929183e-15,1,"[0, 0.0016529387967404545, 0.23124, 1.0, 1]",5.843542827329679e-09
0.23125000000000004,0,-2.727559945893643e-06,-9.326268297505559e-09,-2.3687324789504163e-15,1,"[0, 0.0016543373981390587, 0.23125000000000004, 1.0, 1]",5.839775631362036e-09
0.23146,0,-2.6825448436881646e-06,-9.207608640336387e-09,-2.30836525392841e-15,1,"[0, 0.0016837080275096845, 0.23146, 1.0, 1]",5.7610456638672064e-09
0.23166666666666666,0,-2.6383473867291738e-06,-9.091587602935863e-09,-2.2501032702958246e-15,1,"[0, 0.0017126124564141136, 0.23166666666666666, 1.0, 1]",5.684274445100701e-09
0.23168,0,-2.6354994506196943e-06,-9.08412807616665e-09,-2.2463831416544995e-15,1,"[0, 0.0017144772582789146, 0.23168, 1.0, 1]",5.6793455710712425e-09
0.2319,0,-2.588569977528683e-06,-8.961495269564972e-09,-2.1856719482789835e-15,1,"[0, 0.0017452464890481446, 0.2319, 1.0, 1]",5.598440209950089e-09
0.23208333333333334,0,-2.5495506332689546e-06,-8.859948060205419e-09,-2.1360369605206912e-15,1,"[0, 0.0017708875146891685, 0.23208333333333334, 1.0, 1]",5.531624476202067e-09
0.23212,0,-2.5417564244151303e-06,-8.839709116582195e-09,-2.1262134289328243e-15,1,"[0, 0.0017760157198173747, 0.23212, 1.0, 1]",5.5183272433786966e-09
0.23234,0,-2.4950587912790357e-06,-8.718768513267998e-09,-2.0679894938071603e-15,1,"[0, 0.0018067849505866047, 0.23234, 1.0, 1]",5.43900433610057e-09
0.2325,0,-2.461169685513008e-06,-8.631342169551316e-09,-2.026410007997824e-15,1,"[0, 0.0018291625729642304, 0.2325, 1.0, 1]",5.381809852142842e-09
0.23256000000000002,0,-2.448477078120399e-06,-8.598672355672904e-09,-2.0109822075932727e-15,1,"[0, 0.0018375541813558417, 0.23256000000000002, 1.0, 1]",5.36046915472777e-09
0.23278000000000001,0,-2.402011284939222e-06,-8.479419539846699e-09,-1.955173788921627e-15,1,"[0, 0.0018683234121250718, 0.23278000000000001, 1.0, 1]",5.2827193677392166e-09
0.2329166666666667,0,-2.3732045434613226e-06,-8.405762431209478e-09,-1.921100860194886e-15,1,"[0, 0.0018874376312392922, 0.2329166666666667, 1.0, 1]",5.234814724436198e-09
0.233,0,-2.3556614117355025e-06,-8.3610089618398e-09,-1.9005466098031117e-15,1,"[0, 0.0018990926428943018, 0.233, 1.0, 1]",5.205752645482385e-09
0.23322,0,-2.309427458509241e-06,-8.243439517702204e-09,-1.847083195069933e-15,1,"[0, 0.0019298618736635319, 0.23322, 1.0, 1]",5.12956666017394e-09
0.23333333333333336,0,-2.285655207113905e-06,-8.183201345416994e-09,-1.8199899400295293e-15,1,"[0, 0.0019457126895143471, 0.23333333333333336, 1.0, 1]",5.09062326863029e-09
0.23344,0,-2.263309425260439e-06,-8.126710103484223e-09,-1.794766221818149e-15,1,"[0, 0.001960631104432762, 0.23344, 1.0, 1]",5.054159085896137e-09
0.23366,0,-2.217307311989095e-06,-8.010819615236065e-09,-1.7435785188504596e-15,1,"[0, 0.001991400335201992, 0.23366, 1.0, 1]",4.979527598601903e-09
0.23375000000000004,0,-2.1985216764707602e-06,-7.96365141240979e-09,-1.7229596322591954e-15,1,"[0, 0.002003987747789409, 0.23375000000000004, 1.0, 1]",4.949219684308469e-09
0.23388,0,-2.1714211186952097e-06,-7.895766949008043e-09,-1.6935030661200867e-15,1,"[0, 0.002022169565971222, 0.23388, 1.0, 1]",4.905669876111027e-09
0.2341,0,-2.1256508453787827e-06,-7.781551000849729e-09,-1.6445229941750004e-15,1,"[0, 0.002052938796740452, 0.2341, 1.0, 1]",4.832583598109734e-09
0.23416666666666666,0,-2.1118039515318887e-06,-7.747105132424847e-09,-1.629894269909834e-15,1,"[0, 0.002062262806064457, 0.23416666666666666, 1.0, 1]",4.810588195089492e-09
0.23432,0,-2.079996492039814e-06,-7.668170666811859e-09,-1.5966215836041132e-15,1,"[0, 0.002083708027509682, 0.23432, 1.0, 1]",4.760266446155556e-09
0.23454,0,-2.034458058678304e-06,-7.55562484294443e-09,-1.5497822644826456e-15,1,"[0, 0.002114477258278912, 0.23454, 1.0, 1]",4.688716103671617e-09
0.23458333333333334,0,-2.0255020322972777e-06,-7.533555005698302e-09,-1.5406801207396273e-15,1,"[0, 0.002120537864339519, 0.23458333333333334, 1.0, 1]",4.674713048627948e-09
0.23476000000000002,0,-1.989035545294246e-06,-7.443912425297753e-09,-1.5039886158195555e-15,1,"[0, 0.002145246489048149, 0.23476000000000002, 1.0, 1]",4.617930255949805e-09
0.23498000000000002,0,-1.943728951887653e-06,-7.333032309921402e-09,-1.4592243650048855e-15,1,"[0, 0.002176015719817379, 0.23498000000000002, 1.0, 1]",4.547906590150352e-09
0.23500000000000001,0,-1.9396159187669294e-06,-7.322993532467033e-09,-1.4552053737410717e-15,1,"[0, 0.0021788129226145807, 0.23500000000000001, 1.0, 1]",4.5415785166121374e-09
0.23520000000000002,0,-1.8985382784585183e-06,-7.222983392866536e-09,-1.4154733872592685e-15,1,"[0, 0.0022067849505866093, 0.23520000000000002, 1.0, 1]",4.478642795300564e-09
0.2354166666666667,0,-1.8541456109408533e-06,-7.1154132129667515e-09,-1.3733601256784514e-15,1,"[0, 0.0022370879808896425, 0.2354166666666667, 1.0, 1]",4.411168894767674e-09
0.23542000000000002,0,-1.8534635250068415e-06,-7.113764570182304e-09,-1.3727197050818741e-15,1,"[0, 0.0022375541813558393, 0.23542000000000002, 1.0, 1]",4.410136562297146e-09
0.23564000000000002,0,-1.808504691532624e-06,-7.00537473791976e-09,-1.3309474877021185e-15,1,"[0, 0.0022683234121250694, 0.23564000000000002, 1.0, 1]",4.342385583904512e-09
0.23583333333333337,0,-1.7690911088190394e-06,-6.910806547434442e-09,-1.2950363676639025e-15,1,"[0, 0.0022953630391646974, 0.23583333333333337, 1.0, 1]",4.2834685028540955e-09
0.23586000000000001,0,-1.7636617780358644e-06,-6.8978127921283705e-09,-1.2901410505292804e-15,1,"[0, 0.0022990926428942994, 0.23586000000000001, 1.0, 1]",4.275387554753513e-09
0.23608,0,-1.7189347845165634e-06,-6.791077628858872e-09,-1.250284854605363e-15,1,"[0, 0.0023298618736635295, 0.23608, 1.0, 1]",4.209140171345249e-09
0.23625000000000004,0,-1.6844524124014922e-06,-6.709166036106557e-09,-1.2201279717686263e-15,1,"[0, 0.0023536380974397593, 0.23625000000000004, 1.0, 1]",4.158461684666771e-09
0.2363,0,-1.6743237109747207e-06,-6.685168144160942e-09,-1.2113635060567843e-15,1,"[0, 0.0023606311044327595, 0.2363, 1.0, 1]",4.143641132047257e-09
0.23652,0,-1.6298285574103417e-06,-6.5800832340851055e-09,-1.1733617555484487e-15,1,"[0, 0.0023914003352019896, 0.23652, 1.0, 1]",4.078888137096263e-09
0.23666666666666666,0,-1.6002295216882293e-06,-6.510484179219657e-09,-1.1485306776719177e-15,1,"[0, 0.0024119131557148073, 0.23666666666666666, 1.0, 1]",4.036132808036688e-09
0.23674,0,-1.585449323823416e-06,-6.475821794681464e-09,-1.1362644977374428e-15,1,"[0, 0.0024221695659712196, 0.23674, 1.0, 1]",4.014878888596279e-09
0.23696,0,-1.5411860102139487e-06,-6.372382721999802e-09,-1.1000567707280472e-15,1,"[0, 0.0024529387967404497, 0.23696, 1.0, 1]",3.951611090519658e-09
0.23708333333333334,0,-1.516422436679217e-06,-6.31475347701009e-09,-1.080142079346674e-15,1,"[0, 0.002470188213989869, 0.23708333333333334, 1.0, 1]",3.916466264830029e-09
0.23718,0,-1.49703861658194e-06,-6.269764912090961e-09,-1.0647237555279684e-15,1,"[0, 0.0024837080275096797, 0.23718, 1.0, 1]",3.8890824487064615e-09
0.2374,0,-1.4530071429273892e-06,-6.167967261004513e-09,-1.0302507755040951e-15,1,"[0, 0.0025144772582789097, 0.2374, 1.0, 1]",3.8272906708648825e-09
0.23750000000000002,0,-1.4330311573744772e-06,-6.121966429714309e-09,-1.0148616117819727e-15,1,"[0, 0.002528463272264931, 0.23750000000000002, 1.0, 1]",3.799446470947112e-09
0.23762,0,-1.4090915892502973e-06,-6.066988664790983e-09,-9.966232958406161e-16,1,"[0, 0.0025452464890481467, 0.23762, 1.0, 1]",3.766233466571668e-09
0.23784,0,-1.3652919555506638e-06,-5.966828019500367e-09,-9.638269229966736e-16,1,"[0, 0.002576015719817377, 0.23784, 1.0, 1]",3.7059085472714852e-09
0.2379166666666667,0,-1.350055683773999e-06,-5.93211553756898e-09,-9.525905377424097e-16,1,"[0, 0.002586738330539986, 0.2379166666666667, 1.0, 1]",3.685057866325358e-09
0.23806,0,-1.3216082418284883e-06,-5.867484221183084e-09,-9.318474041656313e-16,1,"[0, 0.002606784950586607, 0.23806, 1.0, 1]",3.646313626276073e-09
0.23828,0,-1.2780404480837716e-06,-5.7689561658888114e-09,-9.006706267344533e-16,1,"[0, 0.002637554181355837, 0.23828, 1.0, 1]",3.5874464187665718e-09
0.23833333333333337,0,-1.267496015877794e-06,-5.745193300810452e-09,-8.932319345640729e-16,1,"[0, 0.0026450133888150477, 0.23833333333333337, 1.0, 1]",3.573284914935687e-09
0.23850000000000002,0,-1.234588574316508e-06,-5.671242749668392e-09,-8.702826177448556e-16,1,"[0, 0.002668323412125067, 0.23850000000000002, 1.0, 1]",3.5293046417909835e-09
0.23872000000000002,0,-1.1912526205267084e-06,-5.574342868571186e-09,-8.406695433538285e-16,1,"[0, 0.002699092642894297, 0.23872000000000002, 1.0, 1]",3.4718860142664995e-09
0.23875,0,-1.1853521536858617e-06,-5.561192219675177e-09,-8.366906809876802e-16,1,"[0, 0.0027032884470901027, 0.23875, 1.0, 1]",3.464112104786333e-09
0.23894,0,-1.1480325867143667e-06,-5.4782554186481415e-09,-8.118177082967295e-16,1,"[0, 0.002729861873663527, 0.23894, 1.0, 1]",3.41518825697696e-09
0.23916,0,-1.1049284728794838e-06,-5.382979295948725e-09,-7.837135553492937e-16,1,"[0, 0.002760631104432764, 0.23916, 1.0, 1]",3.3592090925756066e-09
0.23916666666666667,0,-1.1036240971981909e-06,-5.380104794399398e-09,-7.828734440283177e-16,1,"[0, 0.0027615635053651576, 0.23916666666666667, 1.0, 1]",3.357523947918819e-09
0.23938,0,-1.0619402790220593e-06,-5.288513396523991e-09,-7.563436647922934e-16,1,"[0, 0.002791400335201994, 0.23938, 1.0, 1]",3.303946245582966e-09
0.23958333333333334,0,-1.022311846414782e-06,-5.20192352522031e-09,-7.316886658824587e-16,1,"[0, 0.0028198385636402194, 0.23958333333333334, 1.0, 1]",3.2535049804121926e-09
0.2396,0,-1.0190680051420932e-06,-5.194856616423193e-09,-7.296947538750874e-16,1,"[0, 0.002822169565971224, 0.2396, 1.0, 1]",3.2493974423870598e-09
0.23982,0,-9.763116512395855e-07,-5.102007851696963e-09,-7.037536762818816e-16,1,"[0, 0.002852938796740454, 0.23982, 1.0, 1]",3.1955604112457353e-09
0.24000000000000002,0,-9.414154013356405e-07,-5.026640912373837e-09,-6.830465508708367e-16,1,"[0, 0.0028781136219152813, 0.24000000000000002, 1.0, 1]",3.1520397623779432e-09
0.24004,0,-9.336712173145363e-07,-5.009965998395507e-09,-6.785074215973454e-16,1,"[0, 0.0028837080275096842, 0.24004, 1.0, 1]",3.142432882283277e-09
0.24026,0,-8.911467033669506e-07,-4.918729952568927e-09,-6.539431147736434e-16,1,"[0, 0.0029144772582789143, 0.24026, 1.0, 1]",3.0900125874918882e-09
0.2404166666666667,0,-8.609347619607715e-07,-4.854249456096115e-09,-6.368590524192622e-16,1,"[0, 0.002936388680190336, 0.2404166666666667, 1.0, 1]",3.053112877966356e-09
0.24048,0,-8.487381093968184e-07,-4.8282986102671125e-09,-6.300480155981442e-16,1,"[0, 0.0029452464890481443, 0.24048, 1.0, 1]",3.0382972607333865e-09
0.2407,0,-8.064454354041445e-07,-4.7386708675408e-09,-6.068095181622297e-16,1,"[0, 0.0029760157198173744, 0.2407, 1.0, 1]",2.9872846377364497e-09
0.24083333333333337,0,-7.808699282901645e-07,-4.684741656624658e-09,-5.930398600761148e-16,1,"[0, 0.002994663738465398, 0.24083333333333337, 1.0, 1]",2.9567089353593104e-09
0.24092000000000002,0,-7.642686813889238e-07,-4.649845620439668e-09,-5.842151503301271e-16,1,"[0, 0.0030067849505866114, 0.24092000000000002, 1.0, 1]",2.9369724560976748e-09
0.24114000000000002,0,-7.222078473511667e-07,-4.561821765013818e-09,-5.622525732094293e-16,1,"[0, 0.0030375541813558414, 0.24114000000000002, 1.0, 1]",2.8873584552824256e-09
0.24125,0,-7.012209003238403e-07,-4.518110014195283e-09,-5.515043865655868e-16,1,"[0, 0.003052938796740453, 0.24125, 1.0, 1]",2.8628125667770587e-09
0.24136000000000002,0,-6.802629332908682e-07,-4.474598197313774e-09,-5.409095806220116e-16,1,"[0, 0.0030683234121250715, 0.24136000000000002, 1.0, 1]",2.83844037662335e-09
0.24158000000000002,0,-6.384339392080281e-07,-4.388173813390061e-09,-5.201740985756483e-16,1,"[0, 0.0030990926428943015, 0.24158000000000002, 1.0, 1]",2.79021596332165e-09
0.24166666666666667,0,-6.219876780617679e-07,-4.354347029044232e-09,-5.12169754879152e-16,1,"[0, 0.003111213855015508, 0.24166666666666667, 1.0, 1]",2.771408428473565e-09
0.24180000000000001,0,-5.967208651026462e-07,-4.3025475092919335e-09,-5.000341847362414e-16,1,"[0, 0.0031298618736635316, 0.24180000000000001, 1.0, 1]",2.7426829604464482e-09
0.24202,0,-5.551237109747231e-07,-4.2177181810701285e-09,-4.804780279017995e-16,1,"[0, 0.0031606311044327616, 0.24202, 1.0, 1]",2.6958391149347854e-09
0.24208333333333334,0,-5.431702615039678e-07,-4.1934452014085955e-09,-4.749547854033835e-16,1,"[0, 0.0031694889132905697, 0.24208333333333334, 1.0, 1]",2.682481200739048e-09
0.24224,0,-5.136424768242582e-07,-4.133684724774535e-09,-4.614939474760051e-16,1,"[0, 0.0031914003352019917, 0.24224, 1.0, 1]",2.6496821755918343e-09
0.24246,0,-4.722771626512519e-07,-4.050446036455467e-09,-4.430703929434302e-16,1,"[0, 0.0032221695659712217, 0.24246, 1.0, 1]",2.6042098930904747e-09
0.24250000000000002,0,-4.6476865065042985e-07,-4.035397031524403e-09,-4.3977998308408314e-16,1,"[0, 0.0032277639715656316, 0.24250000000000002, 1.0, 1]",2.5960155878970148e-09
0.24268,0,-4.310277684557039e-07,-3.9680010121632375e-09,-4.251959433451542e-16,1,"[0, 0.0032529387967404517, 0.24268, 1.0, 1]",2.5594200199729888e-09
0.2429,0,-3.8989429423761436e-07,-3.886348547948159e-09,-4.078593067552793e-16,1,"[0, 0.003283708027509682, 0.2429, 1.0, 1]",2.5153103106470364e-09
0.2429166666666667,0,-3.8678284550116417e-07,-3.880195019628531e-09,-4.0656752462815303e-16,1,"[0, 0.0032860390298406865, 0.2429166666666667, 1.0, 1]",2.511996318310192e-09
0.24312,0,-3.4887673999698336e-07,-3.805487539859698e-09,-3.910493197580705e-16,1,"[0, 0.003314477258278912, 0.24312, 1.0, 1]",2.47187852139095e-09
0.24333333333333337,0,-3.092128460561608e-07,-3.727831665957011e-09,-3.7524124574148806e-16,1,"[0, 0.0033443140881157483, 0.24333333333333337, 1.0, 1]",2.4304081443712075e-09
0.24334,0,-3.079751057338107e-07,-3.725416883948379e-09,-3.7475494692647014e-16,1,"[0, 0.003345246489048142, 0.24334, 1.0, 1]",2.4291224103503463e-09
0.24356,0,-2.6718939144809654e-07,-3.6461354762649393e-09,-3.5896528030081816e-16,1,"[0, 0.003376015719817372, 0.24356, 1.0, 1]",2.3870397375377023e-09
0.24375,0,-2.3205865231543484e-07,-3.578299470746508e-09,-3.457266284044091e-16,1,"[0, 0.0034025891463908033, 0.24375, 1.0, 1]",2.351235842513389e-09
0.24378,0,-2.2651959713984073e-07,-3.567642212858421e-09,-3.4366953886819e-16,1,"[0, 0.003406784950586602, 0.24378, 1.0, 1]",2.3456282648348967e-09
0.244,0,-1.859657228090434e-07,-3.4899359897801964e-09,-3.288570680436976e-16,1,"[0, 0.003437554181355839, 0.244, 1.0, 1]",2.3048857559915163e-09
0.24416666666666667,0,-1.5532026427897096e-07,-3.4315909342336877e-09,-3.1795078818347597e-16,1,"[0, 0.003460864204665858, 0.24416666666666667, 1.0, 1]",2.274464213202084e-09
0.24422,0,-1.4552776845570959e-07,-3.4130157030795195e-09,-3.145173391509265e-16,1,"[0, 0.003468323412125069, 0.24422, 1.0, 1]",2.2648099766246433e-09
0.24444,0,-1.0520573407982912e-07,-3.3368802488071272e-09,-3.0063994890473235e-16,1,"[0, 0.003499092642894299, 0.24444, 1.0, 1]",2.225398694219703e-09
0.24458333333333335,0,-7.899768194676925e-08,-3.287698556654792e-09,-2.9184246158021045e-16,1,"[0, 0.00351913926294092, 0.24458333333333335, 1.0, 1]",2.2000780809384697e-09
0.24466000000000002,0,-6.499961968140207e-08,-3.2615285230126973e-09,-2.8721461889366493e-16,1,"[0, 0.003529861873663529, 0.24466000000000002, 1.0, 1]",2.186649678131099e-09
0.24488000000000001,0,-2.4909425260438502e-08,-3.1869594217469664e-09,-2.7423119506405437e-16,1,"[0, 0.003560631104432759, 0.24488000000000001, 1.0, 1]",2.1485606995798837e-09
0.24500000000000002,0,-3.090905318839859e-09,-3.1466148382466987e-09,-2.673319934169356e-16,1,"[0, 0.003577414321215982, 0.24500000000000002, 1.0, 1]",2.128062294259766e-09
0.2451,0,1.5064849183066625e-08,-3.1131718410594007e-09,-2.616796472040971e-16,1,"[0, 0.0035914003352019892, 0.2451, 1.0, 1]",2.111129531654817e-09
0.24532,0,5.492320364911331e-08,-3.0401646770009485e-09,-2.495500684296298e-16,1,"[0, 0.0036221695659712193, 0.24532, 1.0, 1]",2.0743539493151197e-09
0.2454166666666667,0,7.24000656048273e-08,-3.0083322792454375e-09,-2.4435132425899566e-16,1,"[0, 0.003635689379491037, 0.2454166666666667, 1.0, 1]",2.0584017257386e-09
0.24554,0,9.466563813770156e-08,-2.9679368256212877e-09,-2.378326746697545e-16,1,"[0, 0.0036529387967404563, 0.24554, 1.0, 1]",2.0382317293862373e-09
0.24576,0,1.3429215264883138e-07,-2.8964871829705198e-09,-2.265178041540216e-16,1,"[0, 0.0036837080275096863, 0.24576, 1.0, 1]",2.0027606505604765e-09
0.24583333333333338,0,1.4747523082422217e-07,-2.8728433798874624e-09,-2.228339778743136e-16,1,"[0, 0.0036939644377660986, 0.24583333333333338, 1.0, 1]",1.991081271981522e-09
0.24598,0,1.7380274718250274e-07,-2.8258146450991695e-09,-2.1559591690011377e-16,1,"[0, 0.0037144772582789164, 0.24598, 1.0, 1]",1.9679384934010278e-09
0.2462,0,2.131974217387157e-07,-2.7559181080573384e-09,-2.0505759420220163e-16,1,"[0, 0.0037452464890481464, 0.2462, 1.0, 1]",1.9337630403368834e-09
0.24625,0,2.221345903393449e-07,-2.740140640409439e-09,-2.0271504872951557e-16,1,"[0, 0.0037522394960411536, 0.24625, 1.0, 1]",1.9260858536317615e-09
0.24642,0,2.524761763174702e-07,-2.6867964678947042e-09,-1.9489353812024043e-16,1,"[0, 0.0037760157198173765, 0.24642, 1.0, 1]",1.9002320756670728e-09
0.24664,0,2.916390109187662e-07,-2.6184486206622154e-09,-1.85094570970304e-16,1,"[0, 0.0038067849505866065, 0.24664, 1.0, 1]",1.867343385556427e-09
0.24666666666666667,0,2.963781441502103e-07,-2.610216561048033e-09,-1.8393118952290888e-16,1,"[0, 0.0038105145543162085, 0.24666666666666667, 1.0, 1]",1.8634004153671068e-09
0.24686000000000002,0,3.3068592554260877e-07,-2.55087346240955e-09,-1.7565163481509629e-16,1,"[0, 0.0038375541813558366, 0.24686000000000002, 1.0, 1]",1.835094758039179e-09
0.24708000000000002,0,3.696169201889879e-07,-2.4840698891870206e-09,-1.665557909559136e-16,1,"[0, 0.0038683234121250736, 0.24708000000000002, 1.0, 1]",1.8034839830166338e-09
0.24708333333333335,0,3.702058922568035e-07,-2.4830636420392744e-09,-1.6642059875425503e-16,1,"[0, 0.0038687896125912703, 0.24708333333333335, 1.0, 1]",1.803009925901812e-09
0.24730000000000002,0,4.0843199485790874e-07,-2.4180367970445175e-09,-1.577982194249763e-16,1,"[0, 0.0038990926428943036, 0.24730000000000002, 1.0, 1]",1.7725088522603456e-09
0.24750000000000003,0,4.4361783465913433e-07,-2.358674383619829e-09,-1.5012300833165495e-16,1,"[0, 0.003927064670866332, 0.24750000000000003, 1.0, 1]",1.7448993779836329e-09
0.24752000000000002,0,4.4713114954937095e-07,-2.352773082032565e-09,-1.4937021847885077e-16,1,"[0, 0.003929861873663534, 0.24752000000000002, 1.0, 1]",1.7421671594063996e-09
0.24774000000000002,0,4.857143842633748e-07,-2.288277640201265e-09,-1.4126320409238547e-16,1,"[0, 0.003960631104432764, 0.24774000000000002, 1.0, 1]",1.7124566999626121e-09
0.2479166666666667,0,5.16613971357193e-07,-2.237041286026362e-09,-1.3497967121499512e-16,1,"[0, 0.003985339729141387, 0.2479166666666667, 1.0, 1]",1.689053788397002e-09
0.24796,0,5.241816989999203e-07,-2.224549367600719e-09,-1.3346870945364585e-16,1,"[0, 0.003991400335201994, 0.24796, 1.0, 1]",1.683375271301966e-09
0.24818,0,5.625330937590023e-07,-2.1615871602812393e-09,-1.2597838445961347e-16,1,"[0, 0.004022169565971224, 0.24818, 1.0, 1]",1.6549206726672693e-09
0.24833333333333332,0,5.891943023509797e-07,-2.118156849495328e-09,-1.2093334909631197e-16,1,"[0, 0.004043614787416442, 0.24833333333333332, 1.0, 1]",1.6354581979607002e-09
0.2484,0,6.007685685406309e-07,-2.099389914292716e-09,-1.1878399521258386e-16,1,"[0, 0.004052938796740454, 0.2484, 1.0, 1]",1.6270907051684025e-09
0.24862,0,6.38888123344801e-07,-2.0379565256854626e-09,-1.1187742351753763e-16,1,"[0, 0.004083708027509684, 0.24862, 1.0, 1]",1.5998831717838008e-09
0.24875,0,6.613588276405039e-07,-2.002013574262968e-09,-1.0792830011702957e-16,1,"[0, 0.004101889845691504, 0.24875, 1.0, 1]",1.5840976715306097e-09
0.24884,0,6.768917581715125e-07,-1.97728589050958e-09,-1.052506663801356e-16,1,"[0, 0.004114477258278914, 0.24884, 1.0, 1]",1.57329587735876e-09
0.24906,0,7.147794730207659e-07,-1.9173769048155933e-09,-9.889583550565571e-17,1,"[0, 0.004145246489048144, 0.24906, 1.0, 1]",1.547326628609248e-09
0.24916666666666668,0,7.331075472257659e-07,-1.8886039605659484e-09,-9.591026662210551e-17,1,"[0, 0.004160164903966559, 0.24916666666666668, 1.0, 1]",1.5349572979950546e-09
0.24928,0,7.525512678925607e-07,-1.8582284646531803e-09,-9.280515679852503e-17,1,"[0, 0.004176015719817374, 0.24928, 1.0, 1]",1.5219732341159759e-09
0.2495,0,7.902071427868971e-07,-1.799839466072866e-09,-8.697096986296232e-17,1,"[0, 0.004206784950586604, 0.2495, 1.0, 1]",1.4972335043296917e-09
0.24958333333333335,0,8.044404611067555e-07,-1.7779205086407226e-09,-8.482646295087447e-17,1,"[0, 0.004218439962241621, 0.24958333333333335, 1.0, 1]",1.4880221902807307e-09
0.24972,0,8.27747097703775e-07,-1.742208805124328e-09,-8.138572750406811e-17,1,"[0, 0.004237554181355834, 0.24972, 1.0, 1]",1.4731052515701218e-09
0.24994,0,8.651711326431946e-07,-1.685335377858515e-09,-7.604199523009157e-17,1,"[0, 0.004268323412125064, 0.24994, 1.0, 1]",1.4495862900219471e-09
0.25,0,8.753575692834782e-07,-1.6699557187237445e-09,-7.462556326483457e-17,1,"[0, 0.0042767150205166755, 0.25, 1.0, 1]",1.443277485347623e-09
0.25016,0,9.024792476051555e-07,-1.6292180803246812e-09,-7.093245075500957e-17,1,"[0, 0.004299092642894294, 0.25016, 1.0, 1]",1.4266744357409446e-09
0.25038,0,9.396714425896581e-07,-1.5738558085739869e-09,-6.6049883502516e-17,1,"[0, 0.004329861873663524, 0.25038, 1.0, 1]",1.4043675066489045e-09
0.25041666666666673,0,9.458588717559427e-07,-1.5647020910516797e-09,-6.52576894122693e-17,1,"[0, 0.004334990078791744, 0.25041666666666673, 1.0, 1]",1.4007083441917587e-09
0.2506,0,9.767477175967024e-07,-1.519247458655898e-09,-6.138719411015377e-17,1,"[0, 0.004360631104432761, 0.2506, 1.0, 1]",1.3826633225363837e-09
0.25082,0,1.013708072626288e-06,-1.4653919266207279e-09,-5.693739393479525e-17,1,"[0, 0.004391400335201991, 0.25082, 1.0, 1]",1.3615597050620702e-09
0.25083333333333335,0,1.0159443685241312e-06,-1.4621521258607702e-09,-5.667439882963887e-17,1,"[0, 0.004393265137066792, 0.25083333333333335, 1.0, 1]",1.3602999518437251e-09
0.25104,0,1.0505525076784155e-06,-1.4122881085185778e-09,-5.2693604558601574e-17,1,"[0, 0.004422169565971221, 0.25104, 1.0, 1]",1.3410544777525715e-09
0.25125,0,1.0856140595880424e-06,-1.362298323387258e-09,-4.882867247991351e-17,1,"[0, 0.004451540195341847, 0.25125, 1.0, 1]",1.3220375173709986e-09
0.25126,0,1.0872810227530842e-06,-1.3599349004001844e-09,-4.864905729593868e-17,1,"[0, 0.004452938796740451, 0.25126, 1.0, 1]",1.3211454660034732e-09
0.25148000000000004,0,1.1238936178503037e-06,-1.308331198314802e-09,-4.479709270086784e-17,1,"[0, 0.004483708027509688, 0.25148000000000004, 1.0, 1]",1.301830497075739e-09
0.2516666666666667,0,1.154867944947705e-06,-1.2651331838680205e-09,-4.1674902827750117e-17,1,"[0, 0.004509815253616916, 0.2516666666666667, 1.0, 1]",1.2859062738747682e-09
0.25170000000000003,0,1.1603902929700559e-06,-1.257475898313591e-09,-4.1131160075843944e-17,1,"[0, 0.0045144772582789185, 0.25170000000000003, 1.0, 1]",1.283107400101429e-09
0.25192000000000003,0,1.196771048112349e-06,-1.2073678964453819e-09,-3.7644816980658626e-17,1,"[0, 0.0045452464890481485, 0.25192000000000003, 1.0, 1]",1.264974006077981e-09
0.2520833333333333,0,1.2237060246030822e-06,-1.1706492075395114e-09,-3.516888185138622e-17,1,"[0, 0.004568090311891964, 0.2520833333333333, 1.0, 1]",1.251891478491842e-09
0.25214000000000003,0,1.2330358832771845e-06,-1.1580060887617586e-09,-3.4331728742833585e-17,1,"[0, 0.0045760157198173786, 0.25214000000000003, 1.0, 1]",1.2474281478741404e-09
0.25236000000000003,0,1.2691847984645611e-06,-1.1093893713123989e-09,-3.11856679681471e-17,1,"[0, 0.004606784950586609, 0.25236000000000003, 1.0, 1]",1.2304676602238195e-09
0.25250000000000006,0,1.2921282985542198e-06,-1.0788388946381847e-09,-2.926778909149527e-17,1,"[0, 0.004626365370167033, 0.25250000000000006, 1.0, 1]",1.2199784123948582e-09
0.25258,0,1.305217793674479e-06,-1.0615166401469807e-09,-2.820051405240902e-17,1,"[0, 0.004637554181355839, 0.25258, 1.0, 1]",1.2140903797284262e-09
0.2528,0,1.341134868906939e-06,-1.0143867913160289e-09,-2.5370252693945756e-17,1,"[0, 0.004668323412125069, 0.2528, 1.0, 1]",1.1982941448608878e-09
0.2529166666666667,0,1.3601347668010626e-06,-9.896947454007058e-10,-2.393017973686222e-17,1,"[0, 0.004684640428442088, 0.2529166666666667, 1.0, 1]",1.1901523807922855e-09
0.25302,0,1.3769360241619403e-06,-9.6799872087028e-10,-2.268897540679345e-17,1,"[0, 0.004699092642894299, 0.25302, 1.0, 1]",1.1830767959601452e-09
0.25324,0,1.4126212594394834e-06,-9.223513248587769e-10,-2.0150879034635985e-17,1,"[0, 0.004729861873663529, 0.25324, 1.0, 1]",1.168436175232e-09
0.2533333333333333,0,1.4277254293436382e-06,-9.03209260063105e-10,-1.911597274684302e-17,1,"[0, 0.004742915486717136, 0.2533333333333333, 1.0, 1]",1.1623987129269408e-09
0.25346,0,1.4481905747395678e-06,-8.774434993324678e-10,-1.775026526583003e-17,1,"[0, 0.004760631104432759, 0.25346, 1.0, 1]",1.1543701267520786e-09
0.25368,0,1.4836439700621937e-06,-8.332741403412424e-10,-1.548154014888048e-17,1,"[0, 0.004791400335201996, 0.25368, 1.0, 1]",1.1408764964630804e-09
0.25375000000000003,0,1.4949002861819739e-06,-8.193749388618362e-10,-1.4786439010776353e-17,1,"[0, 0.0048011905449922045, 0.25375000000000003, 1.0, 1]",1.1367027620764127e-09
0.2539,0,1.5189814454073613e-06,-7.898421439358373e-10,-1.3339213608964749e-17,1,"[0, 0.004822169565971226, 0.2539, 1.0, 1]",1.1279531321768942e-09
0.25412,0,1.554203000775061e-06,-7.471464061652951e-10,-1.1317898965049024e-17,1,"[0, 0.004852938796740456, 0.25412, 1.0, 1]",1.1155978835724816e-09
0.25416666666666665,0,1.5616593373160149e-06,-7.381842820342002e-10,-1.0904189544184268e-17,1,"[0, 0.004859465603267259, 0.25416666666666665, 1.0, 1]",1.1130499055553905e-09
0.25434,0,1.589308636165312e-06,-7.051858230809878e-10,-9.412312448087509e-18,1,"[0, 0.004883708027509686, 0.25434, 1.0, 1]",1.1038086021954528e-09
0.25456,0,1.624298351578104e-06,-6.639592907321696e-10,-7.617272719662185e-18,1,"[0, 0.004914477258278916, 0.25456, 1.0, 1]",1.0925831414635727e-09
0.2545833333333334,0,1.6280025827458065e-06,-6.596297898158036e-10,-7.433163721698851e-18,1,"[0, 0.004917740661542321, 0.2545833333333334, 1.0, 1]",1.0914255447120648e-09
0.25478,0,1.659172147013438e-06,-6.234657051695773e-10,-5.9277003917508004e-18,1,"[0, 0.004945246489048146, 0.25478, 1.0, 1]",1.0819193566578669e-09
0.255,0,1.6939300224713133e-06,-5.837039624431005e-10,-4.338617547059024e-18,1,"[0, 0.004976015719817376, 0.255, 1.0, 1]",1.0718151049313036e-09
0.25522,0,1.72857197795173e-06,-5.446729586030523e-10,-2.845147260286979e-18,1,"[0, 0.005006784950586606, 0.25522, 1.0, 1]",1.0622682453022297e-09
0.25541666666666674,0,1.7594416564925797e-06,-5.103993001533915e-10,-1.5871119598141052e-18,1,"[0, 0.005034290778092445, 0.25541666666666674, 1.0, 1]",1.0542040356318996e-09
0.25544,0,1.7630980134546888e-06,-5.063715896995341e-10,-1.4425131201257138e-18,1,"[0, 0.005037554181355836, 0.25544, 1.0, 1]",1.05327663865797e-09
0.25566,0,1.7975081289801888e-06,-4.687987517826473e-10,-1.2603875208141248e-19,1,"[0, 0.005068323412125066, 0.25566, 1.0, 1]",1.0448381477537688e-09
0.2556818181818,0,1.800914384260531e-06,-4.651121860217831e-10,-1.1178020360025741e-28,1,"[0, 0.005071374906083111, 0.2556818181818, 1.0, 1]",1.0440313384508863e-09
0.25583333333333336,0,1.8245374848095516e-06,-4.397083031824953e-10,8.534988211801586e-19,1,"[0, 0.005092565836367493, 0.25583333333333336, 1.0, 1]",1.0385778102697464e-09
0.25588,0,1.8318023245282306e-06,-4.3195334090270503e-10,1.1088526579048094e-18,1,"[0, 0.005099092642894296, 0.25588, 1.0, 1]",1.036950637214484e-09
0.2561,0,1.8659806000988135e-06,-3.9583425310938513e-10,2.2666388390638783e-18,1,"[0, 0.005129861873663526, 0.2561, 1.0, 1]",1.0296119735301397e-09
0.25625,0,1.8892175074222573e-06,-3.7162347176707736e-10,3.0140789172787708e-18,1,"[0, 0.005150840894642548, 0.25625, 1.0, 1]",1.0249219263348739e-09
0.25632,0,1.9000429556919383e-06,-3.604403844538478e-10,3.351698910539948e-18,1,"[0, 0.0051606311044327564, 0.25632, 1.0, 1]",1.0228200250605856e-09
0.25654,0,1.933989391307605e-06,-3.2577063098555914e-10,4.368313855450532e-18,1,"[0, 0.0051914003352019865, 0.25654, 1.0, 1]",1.0165726620329554e-09
0.2566666666666667,0,1.953481724330712e-06,-3.0613730614337974e-10,4.924222372831124e-18,1,"[0, 0.005209115952917617, 0.2566666666666667, 1.0, 1]",1.0132219053520837e-09
0.25676,0,1.9678199069458127e-06,-2.9182388875462054e-10,5.320666994025823e-18,1,"[0, 0.0052221695659712165, 0.25676, 1.0, 1]",1.010867756544208e-09
0.25698,0,2.0015345026065627e-06,-2.585990538113451e-10,6.212844456014219e-18,1,"[0, 0.005252938796740447, 0.25698, 1.0, 1]",1.0057031825568923e-09
0.25708333333333333,0,2.0173301355348923e-06,-2.4324230654827977e-10,6.61226470106357e-18,1,"[0, 0.005267391011192665, 0.25708333333333333, 1.0, 1]",1.0034632928828549e-09
0.2572,0,2.035133178289853e-06,-2.260950222062578e-10,7.04883565227952e-18,1,"[0, 0.005283708027509684, 0.2572, 1.0, 1]",1.001076815902112e-09
0.25742,0,2.0686159339956856e-06,-1.9431068998903644e-10,7.832533745610906e-18,1,"[0, 0.005314477258278914, 0.25742, 1.0, 1]",9.969865342812196e-10
0.25750000000000006,0,2.080762741034813e-06,-1.8293097321823126e-10,8.105294393162467e-18,1,"[0, 0.005325666069467733, 0.25750000000000006, 1.0, 1]",9.956316585232263e-10
0.25764,0,2.1019827697240603e-06,-1.6324495320999418e-10,8.56773612070134e-18,1,"[0, 0.005345246489048144, 0.25764, 1.0, 1]",9.93430217259887e-10
0.25786,0,2.1352336854749754e-06,-1.3289670791944415e-10,9.25814485335798e-18,1,"[0, 0.005376015719817374, 0.25786, 1.0, 1]",9.90405746276576e-10
0.2579166666666667,0,2.143779540830449e-06,-1.2519580638905273e-10,9.429164390485371e-18,1,"[0, 0.005383941127742788, 0.2579166666666667, 1.0, 1]",9.897125959042205e-10
0.25808,0,2.168368681248433e-06,-1.0326485016727599e-10,9.907367178906744e-18,1,"[0, 0.005406784950586604, 0.25808, 1.0, 1]",9.879110046319501e-10
0.25830000000000003,0,2.20138775704444e-06,-7.434827600422634e-11,1.0518915959787748e-17,1,"[0, 0.005437554181355841, 0.25830000000000003, 1.0, 1]",9.859438775003102e-10
0.2583333333333333,0,2.2063805349218277e-06,-7.002930629846855e-11,1.0608503519917794e-17,1,"[0, 0.005442216186017836, 0.2583333333333333, 1.0, 1]",9.85691722693537e-10
0.25852,0,2.2342909128629805e-06,-4.614588147976133e-11,1.1096210152372347e-17,1,"[0, 0.005468323412125071, 0.25852, 1.0, 1]",9.845022519202762e-10
0.25874,0,2.2670781487040625e-06,-1.8656562644405837e-11,1.1642575272959113e-17,1,"[0, 0.005499092642894301, 0.25874, 1.0, 1]",9.835840168002935e-10
0.25875000000000004,0,2.2685657233089464e-06,-1.74239731814502e-11,1.1666727892435893e-17,1,"[0, 0.005500491244292905, 0.25875000000000004, 1.0, 1]",9.835546805930121e-10
0.25896,0,2.2997494645676858e-06,8.120784451950504e-12,1.216124386298956e-17,1,"[0, 0.005529861873663531, 0.25896, 1.0, 1]",9.83187062915668e-10
0.25916666666666666,0,2.330335105991781e-06,3.26276927240662e-11,1.2626052264765794e-17,1,"[0, 0.005558766302567953, 0.25916666666666666, 1.0, 1]",9.83287135339889e-10
0.25918,0,2.3323048604538508e-06,3.418726375835928e-11,1.2655355953457537e-17,1,"[0, 0.005560631104432761, 0.25918, 1.0, 1]",9.833092829111076e-10
0.2594,0,2.3647443363625575e-06,5.954397922556614e-11,1.3127959528520128e-17,1,"[0, 0.005591400335201991, 0.2594, 1.0, 1]",9.839485712986038e-10
0.2595833333333334,0,2.391688682970365e-06,8.013319118226211e-11,1.3507501364247917e-17,1,"[0, 0.005617041360843022, 0.2595833333333334, 1.0, 1]",9.848747767068173e-10
0.25962,0,2.397067892293806e-06,8.419203480283443e-11,1.3582010988314688e-17,1,"[0, 0.005622169565971221, 0.25962, 1.0, 1]",9.851028244578562e-10
0.25984,0,2.4292755282475953e-06,1.0813253444027453e-10,1.4020375610970988e-17,1,"[0, 0.005652938796740451, 0.25984, 1.0, 1]",9.867699406366954e-10
0.26,0,2.452626454244675e-06,1.2510002195710726e-10,1.4330921176824856e-17,1,"[0, 0.005675316419118077, 0.26, 1.0, 1]",9.883033185014307e-10
0.26006,0,2.4613672442239267e-06,1.3136658208736153e-10,1.444582801383384e-17,1,"[0, 0.005683708027509681, 0.26006, 1.0, 1]",9.889478199519302e-10
0.26028,0,2.4933430402228e-06,1.5389528169462933e-10,1.4861052613872162e-17,1,"[0, 0.005714477258278918, 0.26028, 1.0, 1]",9.916343643872301e-10
0.26041666666666663,0,2.513148419814708e-06,1.675356848113008e-10,1.511499019821401e-17,1,"[0, 0.005733591477393125, 0.26041666666666663, 1.0, 1]",9.935584985671929e-10
0.2605,0,2.5252029162442144e-06,1.7571973721134127e-10,1.5268644087315737e-17,1,"[0, 0.005745246489048148, 0.2605, 1.0, 1]",9.948274777956661e-10
0.26072,0,2.5569468722881706e-06,1.9684105258760773e-10,1.5671107828462907e-17,1,"[0, 0.005776015719817378, 0.26072, 1.0, 1]",9.98525065896323e-10
0.26083333333333336,0,2.57325457968049e-06,2.0744767950923596e-10,1.587723064820414e-17,1,"[0, 0.0057918665356681935, 0.26083333333333336, 1.0, 1]",1.000626078784245e-09
0.26094,0,2.5885749083546676e-06,2.172603317724803e-10,1.6070860407722415e-17,1,"[0, 0.005806784950586608, 0.26094, 1.0, 1]",1.0027250362776874e-09
0.26116,0,2.620087024443707e-06,2.3697867871691637e-10,1.647023002880736e-17,1,"[0, 0.005837554181355838, 0.26116, 1.0, 1]",1.0074252983963766e-09
0.26125,0,2.6329449338419983e-06,2.448435058136119e-10,1.6634019648152566e-17,1,"[0, 0.005850141593943248, 0.26125, 1.0, 1]",1.0094918450634769e-09
0.26138,0,2.6514832205552878e-06,2.559971973706028e-10,1.68714569851968e-17,1,"[0, 0.005868323412125068, 0.26138, 1.0, 1]",1.0126237635775631e-09
0.2616,0,2.6827634966894095e-06,2.7431699168195594e-10,1.7276694115771975e-17,1,"[0, 0.0058990926428942984, 0.2616, 1.0, 1]",1.0183183450124328e-09
0.2616666666666667,0,2.6922194822992457e-06,2.797306634886101e-10,1.7400600361584635e-17,1,"[0, 0.005908416652218317, 0.2616666666666667, 1.0, 1]",1.0201416073575373e-09
0.26182,0,2.713927852846065e-06,2.9193916560256843e-10,1.7688007259583317e-17,1,"[0, 0.0059298618736635285, 0.26182, 1.0, 1]",1.024506957761573e-09
0.26204,0,2.7449762890252702e-06,3.0886482308170363e-10,1.8107375709960813e-17,1,"[0, 0.0059606311044327585, 0.26204, 1.0, 1]",1.0311875187532793e-09
0.26208333333333333,0,2.7510782250522106e-06,3.121166522969297e-10,1.8191093098013814e-17,1,"[0, 0.005966691710493365, 0.26208333333333333, 1.0, 1]",1.0325611996494003e-09
0.26226,0,2.7759088052270163e-06,3.2509506806883664e-10,1.8536692667713864e-17,1,"[0, 0.005991400335201989, 0.26226, 1.0, 1]",1.0383579467852485e-09
0.26248,0,2.8067254014513054e-06,3.406310045136543e-10,1.8977765693567332e-17,1,"[0, 0.006022169565971219, 0.26248, 1.0, 1]",1.0460161625207675e-09
0.26250000000000007,0,2.8095211621009234e-06,3.42008972002964e-10,1.9018506379840092e-17,1,"[0, 0.006024966768768434, 0.26250000000000007, 1.0, 1]",1.0467364799582936e-09
0.2627,0,2.8374260776981353e-06,3.554737363671141e-10,1.9432317159777962e-17,1,"[0, 0.006052938796740449, 0.2627, 1.0, 1]",1.0541600884921016e-09
0.2629166666666667,0,2.8675482934453617e-06,3.694151223696238e-10,1.9894747972496498e-17,1,"[0, 0.006083241827043482, 0.2629166666666667, 1.0, 1]",1.0626533303401226e-09
0.26292,0,2.8680108339675074e-06,3.69624367577844e-10,1.990198470104128e-17,1,"[0, 0.006083708027509679, 0.26292, 1.0, 1]",1.0627876491021884e-09
0.26314,0,2.898479670259421e-06,3.8308400209616616e-10,2.03883216644586e-17,1,"[0, 0.006114477258278909, 0.26314, 1.0, 1]",1.0718967706170142e-09
0.2633333333333333,0,2.9251596190855246e-06,3.943426031608789e-10,2.083063587766365e-17,1,"[0, 0.006141516885318537, 0.2633333333333333, 1.0, 1]",1.0802976568857758e-09
0.26336000000000004,0,2.928832586573883e-06,3.958537438717675e-10,2.0892797558824015e-17,1,"[0, 0.006145246489048153, 0.26336000000000004, 1.0, 1]",1.0814853811745082e-09
0.26358000000000004,0,2.9590695829108786e-06,4.0793469685475833e-10,2.141679850304739e-17,1,"[0, 0.006176015719817383, 0.26358000000000004, 1.0, 1]",1.0915514107786134e-09
0.26375000000000004,0,2.982355139021436e-06,4.167989141396402e-10,2.1835909289723037e-17,1,"[0, 0.006199791943593606, 0.26375000000000004, 1.0, 1]",1.0996553897207019e-09
0.26380000000000003,0,2.9891906592704168e-06,4.1932796499482554e-10,2.1961627673820046e-17,1,"[0, 0.006206784950586613, 0.26380000000000003, 1.0, 1]",1.1020927913039449e-09
0.26402000000000003,0,3.0191958156524966e-06,4.3003465224144423e-10,2.2528505752458608e-17,1,"[0, 0.006237554181355843, 0.26402000000000003, 1.0, 1]",1.1131074564890136e-09
0.26416666666666666,0,3.039134853253073e-06,4.367915550700892e-10,2.2919239515276007e-17,1,"[0, 0.006258067001868654, 0.26416666666666666, 1.0, 1]",1.1207124830057562e-09
0.26424000000000003,0,3.0490850520571173e-06,4.400558625447248e-10,2.3118571370935666e-17,1,"[0, 0.006268323412125073, 0.26424000000000003, 1.0, 1]",1.1245933419438502e-09
0.26446000000000003,0,3.0788583684842805e-06,4.4939269985477755e-10,2.3732881557145297e-17,1,"[0, 0.006299092642894303, 0.26446000000000003, 1.0, 1]",1.1365483851453455e-09
0.2645833333333334,0,3.0954987617804493e-06,4.543280257153485e-10,2.408824085592237e-17,1,"[0, 0.006316342060143722, 0.2645833333333334, 1.0, 1]",1.1434549149380482e-09
0.26468,0,3.1085157649339842e-06,4.580462681212894e-10,2.4372412179366893e-17,1,"[0, 0.006329861873663533, 0.26468, 1.0, 1]",1.1489705254380982e-09
0.2649,0,3.13805724140623e-06,4.66017671294159e-10,2.5038058389905576e-17,1,"[0, 0.006360631104432763, 0.2649, 1.0, 1]",1.1618577040352617e-09
0.265,0,3.1514468646035433e-06,4.694158258391761e-10,2.5349481454103784e-17,1,"[0, 0.006374617118418777, 0.265, 1.0, 1]",1.1678686877488236e-09
0.26512,0,3.1674827979010172e-06,4.733080133220143e-10,2.5730635067986298e-17,1,"[0, 0.006391400335201993, 0.26512, 1.0, 1]",1.175207864018544e-09
0.26534,0,3.1967924344183452e-06,4.799183981566599e-10,2.645087726169956e-17,1,"[0, 0.006422169565971223, 0.26534, 1.0, 1]",1.1890189503339727e-09
0.26541666666666663,0,3.2069791617223714e-06,4.820624552046947e-10,2.670849410217585e-17,1,"[0, 0.006432892176693825, 0.26541666666666663, 1.0, 1]",1.1939398277051586e-09
0.26556,0,3.2259861509582154e-06,4.858499297469355e-10,2.71994406294173e-17,1,"[0, 0.006452938796740453, 0.26556, 1.0, 1]",1.2032889098024827e-09
0.26578,0,3.2550639475206285e-06,4.911037120427398e-10,2.79769018801531e-17,1,"[0, 0.006483708027509683, 0.26578, 1.0, 1]",1.218015691106364e-09
0.26583333333333337,0,3.262095653136954e-06,4.922754135762975e-10,2.816978701455524e-17,1,"[0, 0.006491167234968894, 0.26583333333333337, 1.0, 1]",1.2216543851095363e-09
0.266,0,3.284025824105582e-06,4.956808489931243e-10,2.8783759213275093e-17,1,"[0, 0.006514477258278913, 0.266, 1.0, 1]",1.2331972448011196e-09
0.26622,0,3.312871780713076e-06,4.9958244454947e-10,2.962043275728681e-17,1,"[0, 0.006545246489048143, 0.26622, 1.0, 1]",1.248831523306149e-09
0.26625,0,3.3167963388472475e-06,5.000622007164719e-10,2.97368545631533e-17,1,"[0, 0.006549442293243949, 0.26625, 1.0, 1]",1.2509984342998467e-09
0.26644,0,3.3416018173431128e-06,5.028096026606166e-10,3.0487265008024203e-17,1,"[0, 0.006576015719817373, 0.26644, 1.0, 1]",1.2649164809098294e-09
0.26666,0,3.370215933995691e-06,5.053634272764629e-10,3.138452126582844e-17,1,"[0, 0.00660678495058661, 0.26666, 1.0, 1]",1.2814500737724813e-09
0.2666666666666667,0,3.3710812188532867e-06,5.054303163893994e-10,3.141218797579632e-17,1,"[0, 0.006607717351519011, 0.2666666666666667, 1.0, 1]",1.2819580736489632e-09
0.26688,0,3.398714130670812e-06,5.072450223469075e-10,3.2312390072044635e-17,1,"[0, 0.0066375541813558404, 0.26688, 1.0, 1]",1.2984302599162032e-09
0.26708333333333334,0,3.424950293155044e-06,5.083872603582026e-10,3.31972859979607e-17,1,"[0, 0.006665992409794066, 0.26708333333333334, 1.0, 1]",1.3145194255647426e-09
0.2671,0,3.4270964073684724e-06,5.084554918220606e-10,3.3270983644688146e-17,1,"[0, 0.0066683234121250705, 0.2671, 1.0, 1]",1.3158549992363073e-09
0.26732,0,3.455362764088675e-06,5.089959396516092e-10,3.426033831333636e-17,1,"[0, 0.0066990926428943005, 0.26732, 1.0, 1]",1.333722253493272e-09
0.26750000000000007,0,3.4784035617525593e-06,5.089405323864278e-10,3.509266551756121e-17,1,"[0, 0.006724267468069135, 0.26750000000000007, 1.0, 1]",1.3486686364912957e-09
0.26754,0,3.4835132008314194e-06,5.088674697848166e-10,3.5280414953204046e-17,1,"[0, 0.006729861873663531, 0.26754, 1.0, 1]",1.352029986316554e-09
0.26776,0,3.5115477175967046e-06,5.080711861724285e-10,3.633109941836851e-17,1,"[0, 0.006760631104432761, 0.26776, 1.0, 1]",1.3707761632041651e-09
0.2679166666666667,0,3.531441024645782e-06,5.070976322380447e-10,3.70978721529256e-17,1,"[0, 0.0067825425263441826, 0.2679166666666667, 1.0, 1]",1.384391876907293e-09
0.26798,0,3.539466314384534e-06,5.0660819276392e-10,3.7412202974324465e-17,1,"[0, 0.006791400335201991, 0.26798, 1.0, 1]",1.3899587515209772e-09
0.2682,0,3.5672689911949023e-06,5.044795935091896e-10,3.852346272961782e-17,1,"[0, 0.006822169565971221, 0.2682, 1.0, 1]",1.409575720500417e-09
0.2683333333333333,0,3.5840626818347384e-06,5.028660596761759e-10,3.921149080397261e-17,1,"[0, 0.0068408175846192375, 0.2683333333333333, 1.0, 1]",1.4216753413263886e-09
0.26842,0,3.594955748027813e-06,5.016864923570772e-10,3.966454206676918e-17,1,"[0, 0.006852938796740451, 0.26842, 1.0, 1]",1.429625041244466e-09
0.26864,0,3.6225265848832647e-06,4.982299932591756e-10,4.083503107225405e-17,1,"[0, 0.006883708027509681, 0.26864, 1.0, 1]",1.4501046867223897e-09
0.26875000000000004,0,3.636268533319451e-06,4.962533144643677e-10,4.143115616646832e-17,1,"[0, 0.006899092642894306, 0.26875000000000004, 1.0, 1]",1.4605052483001845e-09
0.26886,0,3.649981501761258e-06,4.941112001641127e-10,4.2034446965944264e-17,1,"[0, 0.006914477258278911, 0.26886, 1.0, 1]",1.4710126317711614e-09
0.26908,0,3.677320498661795e-06,4.893312170222107e-10,4.326223452946929e-17,1,"[0, 0.006945246489048141, 0.26908, 1.0, 1]",1.492346853098003e-09
0.26916666666666667,0,3.688058579099873e-06,4.872668963661662e-10,4.375356320948565e-17,1,"[0, 0.006957367701169354, 0.26916666666666667, 1.0, 1]",1.5008678404114544e-09
0.2693,0,3.7045435755848716e-06,4.838911477823094e-10,4.451776653399039e-17,1,"[0, 0.006976015719817371, 0.2693, 1.0, 1]",1.5141053292753033e-09
0.26952,0,3.7316507325304893e-06,4.777920963957897e-10,4.5800344166985945e-17,1,"[0, 0.007006784950586601, 0.26952, 1.0, 1]",1.5362860407456992e-09
0.2695833333333334,0,3.7394328191760425e-06,4.759143051453293e-10,4.617447761601267e-17,1,"[0, 0.007015642759444423, 0.2695833333333334, 1.0, 1]",1.5427493842813437e-09
0.26974,0,3.7586419694986407e-06,4.710351668114916e-10,4.710919745847729e-17,1,"[0, 0.007037554181355831, 0.26974, 1.0, 1]",1.5588869698182652e-09
0.26996,0,3.785517286489342e-06,4.6362146297994875e-10,4.8443485706213926e-17,1,"[0, 0.007068323412125061, 0.26996, 1.0, 1]",1.581906100670207e-09
0.27,0,3.79039125354793e-06,4.622030405647681e-10,4.868874618673789e-17,1,"[0, 0.007073917817719478, 0.27, 1.0, 1]",1.5861361705647106e-09
0.27018,0,3.8122766835025867e-06,4.555520888497894e-10,4.980229790025965e-17,1,"[0, 0.007099092642894298, 0.27018, 1.0, 1]",1.605341419348555e-09
0.2704,0,3.838920160538372e-06,4.4682814837197086e-10,5.1184653146585133e-17,1,"[0, 0.007129861873663528, 0.2704, 1.0, 1]",1.6291909137663539e-09
0.27041666666666664,0,3.840933882215559e-06,4.4614060238887575e-10,5.1290307206916786e-17,1,"[0, 0.007132192875994526, 0.27041666666666664, 1.0, 1]",1.6310145139530905e-09
0.27061999999999997,0,3.865447717596697e-06,4.374507454957565e-10,5.258950109006798e-17,1,"[0, 0.007160631104432758, 0.27061999999999997, 1.0, 1]",1.6534525737060495e-09
0.27083333333333337,0,3.891060705178926e-06,4.2773449038035137e-10,5.3972200776526353e-17,1,"[0, 0.007190467934269595, 0.27083333333333337, 1.0, 1]",1.6773707531721556e-09
0.27084,0,3.891859354677571e-06,4.274209841714685e-10,5.401572233652657e-17,1,"[0, 0.007191400335201995, 0.27084, 1.0, 1]",1.6781243908182193e-09
0.27106,0,3.91815507178098e-06,4.1673996834837015e-10,5.546212887407221e-17,1,"[0, 0.007222169565971225, 0.27106, 1.0, 1]",1.7032043586190303e-09
0.27125,0,3.940771722438013e-06,4.0699220430337646e-10,5.67265791034216e-17,1,"[0, 0.00724874299254465, 0.27125, 1.0, 1]",1.7251912509829845e-09
0.27128,0,3.944334868906932e-06,4.0540880197657183e-10,5.692746449357108e-17,1,"[0, 0.007252938796740455, 0.27128, 1.0, 1]",1.7286904724953222e-09
0.2715,0,3.970398746055425e-06,3.934285890059722e-10,5.841040520837418e-17,1,"[0, 0.007283708027509685, 0.2715, 1.0, 1]",1.7545807297020658e-09
0.2716666666666667,0,3.9900669339928526e-06,3.8392124392086195e-10,5.954471675979562e-17,1,"[0, 0.0073070180508197115, 0.2716666666666667, 1.0, 1]",1.7744623941837573e-09
0.27172,0,3.996346703226458e-06,3.808004333864698e-10,5.990955967322105e-17,1,"[0, 0.007314477258278915, 0.27172, 1.0, 1]",1.7808731293598217e-09
0.27194,0,4.022178740420034e-06,3.675254390669045e-10,6.142346960237078e-17,1,"[0, 0.0073452464890481454, 0.27194, 1.0, 1]",1.8075656724593996e-09
0.27208333333333334,0,4.038946339843406e-06,3.585291089969893e-10,6.241702090166458e-17,1,"[0, 0.007365293109094766, 0.27208333333333334, 1.0, 1]",1.825170593604249e-09
0.27216,0,4.047894857636151e-06,3.536047099984455e-10,6.295061018684451e-17,1,"[0, 0.0073760157198173755, 0.27216, 1.0, 1]",1.8346563618597401e-09
0.27238,0,4.073495054874811e-06,3.3903935013077963e-10,6.448939051101777e-17,1,"[0, 0.0074067849505866055, 0.27238, 1.0, 1]",1.862143202285374e-09
0.27249999999999996,0,4.08740993998969e-06,3.308232992946694e-10,6.533304145163295e-17,1,"[0, 0.007423568167369814, 0.27249999999999996, 1.0, 1]",1.8773022841134533e-09
0.2726,0,4.098979332136011e-06,3.238304634131702e-10,6.603815396831077e-17,1,"[0, 0.007437554181355836, 0.2726, 1.0, 1]",1.8900242003315044e-09
0.27282,0,4.124347689419752e-06,3.079791537950924e-10,6.759517867609318e-17,1,"[0, 0.007468323412125066, 0.27282, 1.0, 1]",1.918297364461042e-09
0.2729166666666667,0,4.1354577344317215e-06,3.008113145780838e-10,6.828148124470175e-17,1,"[0, 0.007481843225644883, 0.2729166666666667, 1.0, 1]",1.930843924612806e-09
0.27304,0,4.149600126726036e-06,2.914865252277153e-10,6.915867788977968e-17,1,"[0, 0.007499092642894296, 0.27304, 1.0, 1]",1.9469607050029106e-09
0.27326,0,4.174736644054862e-06,2.7435368165987877e-10,7.072680041621749e-17,1,"[0, 0.007529861873663533, 0.27326, 1.0, 1]",1.9760122341567074e-09
0.2733333333333333,0,4.183089723169479e-06,2.6850065460950807e-10,7.125020613734148e-17,1,"[0, 0.007540118283919938, 0.2733333333333333, 1.0, 1]",1.985781998042115e-09
0.27348,0,4.199757241406228e-06,2.5658172704084616e-10,7.229763102615904e-17,1,"[0, 0.007560631104432763, 0.27348, 1.0, 1]",2.0054499659884656e-09
0.2737,0,4.224661918780136e-06,2.3817176532221013e-10,7.38691908659632e-17,1,"[0, 0.007591400335201993, 0.2737, 1.0, 1]",2.0352719164310796e-09
0.27375000000000005,0,4.230305906202974e-06,2.338988191541825e-10,7.422625507959222e-17,1,"[0, 0.007598393342195007, 0.27375000000000005, 1.0, 1]",2.042103011372783e-09
0.27392,0,4.249450676176585e-06,2.1912490045259877e-10,7.543943786859464e-17,1,"[0, 0.007622169565971223, 0.27392, 1.0, 1]",2.0654761032893865e-09
0.27414,0,4.2741235135955755e-06,1.9944223638212245e-10,7.700626716368776e-17,1,"[0, 0.007652938796740453, 0.27414, 1.0, 1]",2.096060546232119e-09
0.27416666666666667,0,4.277106283532192e-06,1.9701330797417097e-10,7.719585015048626e-17,1,"[0, 0.007656668400470055, 0.27416666666666667, 1.0, 1]",2.0997934956141603e-09
0.27436,0,4.29868043103711e-06,1.791248770600445e-10,7.856751148690583e-17,1,"[0, 0.007683708027509683, 0.27436, 1.0, 1]",2.127023266798683e-09
0.27458,0,4.323121428501184e-06,1.5817392643689885e-10,8.012094158844788e-17,1,"[0, 0.007714477258278913, 0.27458, 1.0, 1]",2.158362288395344e-09
0.2745833333333334,0,4.32349085515716e-06,1.5785162083407848e-10,8.014440655645989e-17,1,"[0, 0.007714943458745124, 0.2745833333333334, 1.0, 1]",2.158840005811005e-09
0.2748,0,4.3474465059878e-06,1.3659048846258407e-10,8.166426664080305e-17,1,"[0, 0.007745246489048143, 0.2748, 1.0, 1]",2.1900756362964994e-09
0.275,0,4.369459621077841e-06,1.1642125749618066e-10,8.305654259305065e-17,1,"[0, 0.0077732185170201785, 0.275, 1.0, 1]",2.219229121041364e-09
0.27502,0,4.3716556634969566e-06,1.1437566708678705e-10,8.319513464567722e-17,1,"[0, 0.007776015719817373, 0.27502, 1.0, 1]",2.2221613376451006e-09
0.27524,0,4.3957489010286555e-06,9.15305662583476e-11,8.471113284013115e-17,1,"[0, 0.007806784950586603, 0.27524, 1.0, 1]",2.2546174214526544e-09
0.27541666666666664,0,4.415012581294257e-06,7.272971772529427e-11,8.591608956966103e-17,1,"[0, 0.007831493575295227, 0.27541666666666664, 1.0, 1]",2.2809474444191146e-09
0.27546000000000004,0,4.419726218582905e-06,6.805628992885842e-11,8.620978810189894e-17,1,"[0, 0.00783755418135584, 0.27546000000000004, 1.0, 1]",2.2874419185958336e-09
0.27568000000000004,0,4.443587616159685e-06,4.395394204694757e-11,8.768856735395622e-17,1,"[0, 0.00786832341212507, 0.27568000000000004, 1.0, 1]",2.320632861823254e-09
0.2758333333333334,0,4.4601497358064156e-06,2.6784501283906704e-11,8.870610169755077e-17,1,"[0, 0.007889768633570295, 0.2758333333333334, 1.0, 1]",2.3439816030960825e-09
0.27590000000000003,0,4.467333093759009e-06,1.922462656272542e-11,8.914487796824036e-17,1,"[0, 0.0078990926428943, 0.27590000000000003, 1.0, 1]",2.3541882857486984e-09
0.27612000000000003,0,4.4909626513808735e-06,-6.130552574121162e-12,9.057606816859916e-17,1,"[0, 0.00792986187366353, 0.27612000000000003, 1.0, 1]",2.3881062268553504e-09
0.27625,0,4.504871084614304e-06,-2.140689206337705e-11,9.140886594092834e-17,1,"[0, 0.007948043691845343, 0.27625, 1.0, 1]",2.4083182482565354e-09
0.27634000000000003,0,4.51447628902528e-06,-3.2110491413270044e-11,9.197942743293511e-17,1,"[0, 0.007960631104432767, 0.27634000000000003, 1.0, 1]",2.422384723493255e-09
0.27656000000000003,0,4.53787400669223e-06,-5.871408600524612e-11,9.335218689455047e-17,1,"[0, 0.007991400335201997, 0.27656000000000003, 1.0, 1]",2.4570218158827053e-09
0.2766666666666667,0,4.549176627717929e-06,-7.183696255428135e-11,9.40059118312365e-17,1,"[0, 0.008006318750120412, 0.2766666666666667, 1.0, 1]",2.4739440551201478e-09
0.27678,0,4.56115580438172e-06,-8.594023239993903e-11,9.46915197426954e-17,1,"[0, 0.008022169565971227, 0.27678, 1.0, 1]",2.492015546109585e-09
0.277,0,4.584321682093751e-06,-1.1378782664872069e-10,9.599454162230929e-17,1,"[0, 0.008052938796740457, 0.277, 1.0, 1]",2.527363958130027e-09
0.27708333333333335,0,4.593066365117273e-06,-1.244982104242012e-10,9.647802124457869e-17,1,"[0, 0.008064593808395467, 0.27708333333333335, 1.0, 1]",2.540845722943272e-09
0.27722,0,4.607371639828323e-06,-1.4225576480021017e-10,9.725831103299253e-17,1,"[0, 0.008083708027509687, 0.27722, 1.0, 1]",2.563065097765329e-09
0.27744,0,4.63030567758543e-06,-1.713429429049324e-10,9.847982972713689e-17,1,"[0, 0.008114477258278917, 0.27744, 1.0, 1]",2.5991170127070393e-09
0.27749999999999997,0,4.636540296812354e-06,-1.7938313591043744e-10,9.880523814230035e-17,1,"[0, 0.008122868866670515, 0.27749999999999997, 1.0, 1]",2.6090099750163962e-09
0.27766,0,4.653123795365088e-06,-2.0104825701320047e-10,9.965604310728978e-17,1,"[0, 0.008145246489048148, 0.27766, 1.0, 1]",2.63551775251526e-09
0.27788,0,4.6758259931672856e-06,-2.313706031761746e-10,1.0078384062269552e-16,1,"[0, 0.008176015719817378, 0.27788, 1.0, 1]",2.6722653686169538e-09
0.2779166666666667,0,4.679598422803183e-06,-2.3648423924859685e-10,1.009668782747479e-16,1,"[0, 0.008181143924945584, 0.2779166666666667, 1.0, 1]",2.67842355866711e-09
0.2781,0,4.698412270992024e-06,-2.623088774422621e-10,1.0186005616509941e-16,1,"[0, 0.008206784950586608, 0.2781, 1.0, 1]",2.7093579143059443e-09
0.27832,0,4.720882628839305e-06,-2.9386197586283485e-10,1.0288146846363878e-16,1,"[0, 0.008237554181355838, 0.27832, 1.0, 1]",2.746793444747151e-09
0.2783333333333333,0,4.7222407430897274e-06,-2.9579402067640377e-10,1.0294153884813058e-16,1,"[0, 0.008239418983220639, 0.2783333333333333, 1.0, 1]",2.7490732452562926e-09
0.27854,0,4.743237066709126e-06,-3.260287944875708e-10,1.038448014790608e-16,1,"[0, 0.008268323412125068, 0.27854, 1.0, 1]",2.784570016969812e-09
0.27875000000000005,0,4.7644672576720165e-06,-3.573049804288297e-10,1.0470710815464416e-16,1,"[0, 0.008297694041495707, 0.27875000000000005, 1.0, 1]",2.820945830181076e-09
0.27876,0,4.765475584601493e-06,-3.588082293672065e-10,1.0474672479704718e-16,1,"[0, 0.008299092642894298, 0.27876, 1.0, 1]",2.822685689874686e-09
0.27898,0,4.787598182516398e-06,-3.921991765512082e-10,1.0558385402081721e-16,1,"[0, 0.008329861873663528, 0.27898, 1.0, 1]",2.8611385242289683e-09
0.2791666666666667,0,4.806277966550033e-06,-4.2100961874359903e-10,1.0624077516559751e-16,1,"[0, 0.008355969099770755, 0.2791666666666667, 1.0, 1]",2.8940281328740005e-09
0.2792,0,4.809604860453844e-06,-4.262005320898889e-10,1.0635275116285867e-16,1,"[0, 0.008360631104432758, 0.2792, 1.0, 1]",2.8999265826671376e-09
0.27942,0,4.831495618413833e-06,-4.608111920335618e-10,1.07049925035908e-16,1,"[0, 0.008391400335201988, 0.27942, 1.0, 1]",2.9390479296934988e-09
0.2795833333333334,0,4.847672869723788e-06,-4.869004358571655e-10,1.0751903908784645e-16,1,"[0, 0.008414244158045824, 0.2795833333333334, 1.0, 1]",2.9683069968025887e-09
0.27964,0,4.8532704563963625e-06,-4.960300524329636e-10,1.0767183164310855e-16,1,"[0, 0.008422169565971218, 0.27964, 1.0, 1]",2.9785006316787934e-09
0.27986,0,4.874929374401436e-06,-5.318560093371368e-10,1.0821487456743948e-16,1,"[0, 0.008452938796740455, 0.27986, 1.0, 1]",3.0182827568631648e-09
0.28,0,4.888651967193262e-06,-5.549699320047124e-10,1.0851771888333806e-16,1,"[0, 0.008472519216320872, 0.28, 1.0, 1]",3.043769289469347e-09
0.28008,0,4.896472372429049e-06,-5.682879587968182e-10,1.0867540536020009e-16,1,"[0, 0.008483708027509685, 0.28008, 1.0, 1]",3.0583923753531935e-09
0.2803,0,4.917899450479204e-06,-6.053247968625325e-10,1.090497239288315e-16,1,"[0, 0.008514477258278915, 0.2803, 1.0, 1]",3.0988275591240145e-09
0.28041666666666665,0,4.92921525895847e-06,-6.252106074241759e-10,1.0921196275168744e-16,1,"[0, 0.008530794274595927, 0.28041666666666665, 1.0, 1]",3.1204019024126128e-09
0.28052,0,4.9392106085519e-06,-6.429654195837459e-10,1.0933407892392386e-16,1,"[0, 0.008545246489048145, 0.28052, 1.0, 1]",3.139586382021859e-09
0.28074,0,4.960405846647138e-06,-6.812087230111952e-10,1.0952466812531998e-16,1,"[0, 0.008576015719817375, 0.28074, 1.0, 1]",3.180666919755583e-09
0.2808333333333334,0,4.96936274501943e-06,-6.976149623509509e-10,1.0957625757616294e-16,1,"[0, 0.008589069332870996, 0.2808333333333334, 1.0, 1]",3.1981917512069763e-09
0.28096,0,4.9814851647649195e-06,-7.20053603194558e-10,1.0961763882757281e-16,1,"[0, 0.008606784950586605, 0.28096, 1.0, 1]",3.2220672499055622e-09
0.28118,0,5.0024485629052406e-06,-7.594989561847829e-10,1.0960908822444191e-16,1,"[0, 0.008637554181355835, 0.28118, 1.0, 1]",3.2637854519203037e-09
0.28125,0,5.009094425376103e-06,-7.721754970225501e-10,1.0958443833253392e-16,1,"[0, 0.008647344391146044, 0.28125, 1.0, 1]",3.277125775460318e-09
0.2814,0,5.023296041068102e-06,-7.995436780311242e-10,1.0949506379279209e-16,1,"[0, 0.008668323412125065, 0.2814, 1.0, 1]",3.305819607113904e-09
0.28162,0,5.044027599253506e-06,-8.401866647841068e-10,1.0927156367546228e-16,1,"[0, 0.008699092642894295, 0.28162, 1.0, 1]",3.348167798671133e-09
0.28166666666666673,0,5.04841030002852e-06,-8.488847116745802e-10,1.0920969746137594e-16,1,"[0, 0.008705619449421113, 0.28166666666666673, 1.0, 1]",3.3571909388167716e-09
0.28184,0,5.064643237461452e-06,-8.814268124940438e-10,1.0893453706350822e-16,1,"[0, 0.008729861873663525, 0.28184, 1.0, 1]",3.3908281116444665e-09
0.28206,0,5.085142955691941e-06,-9.232630172112484e-10,1.084798845775833e-16,1,"[0, 0.008760631104432755, 0.28206, 1.0, 1]",3.433798632951972e-09
0.28208333333333335,0,5.087310368976668e-06,-9.277351065439185e-10,1.084245942032533e-16,1,"[0, 0.008763894507696168, 0.28208333333333335, 1.0, 1]",3.4383742289558785e-09
0.28228,0,5.105526753944969e-06,-9.656941749851867e-10,1.0790345864857231e-16,1,"[0, 0.008791400335201986, 0.28228, 1.0, 1]",3.477077451382812e-09
0.2825,0,5.1257946322205396e-06,-1.0087191818670189e-09,1.0720106389725557e-16,1,"[0, 0.008822169565971216, 0.2825, 1.0, 1]",3.52066265759301e-09
0.28271999999999997,0,5.145946590518652e-06,-1.0523369339057875e-09,1.0636845751349863e-16,1,"[0, 0.008852938796740446, 0.28271999999999997, 1.0, 1]",3.564552344105026e-09
0.2829166666666667,0,5.163863089760156e-06,-1.0918294378805469e-09,1.0551042724259526e-16,1,"[0, 0.008880444624246284, 0.2829166666666667, 1.0, 1]",3.6040432604776736e-09
0.28293999999999997,0,5.165982628839307e-06,-1.0965463271530762e-09,1.0540134963419699e-16,1,"[0, 0.008883708027509676, 0.28293999999999997, 1.0, 1]",3.608744605312416e-09
0.28316,0,5.185902747182507e-06,-1.141346257657716e-09,1.0429540372096901e-16,1,"[0, 0.00891447725827892, 0.28316, 1.0, 1]",3.6532375374751738e-09
0.2833333333333333,0,5.201515741595493e-06,-1.1770583748201093e-09,1.0332339952345888e-16,1,"[0, 0.00893871968252134, 0.2833333333333333, 1.0, 1]",3.6885030973947843e-09
0.28338,0,5.205706945548243e-06,-1.1867356214702316e-09,1.0304623693650204e-16,1,"[0, 0.00894524648904815, 0.28338, 1.0, 1]",3.698029238719306e-09
0.2836,0,5.225395223936521e-06,-1.2327133146409362e-09,1.0164942052046125e-16,1,"[0, 0.00897601571981738, 0.2836, 1.0, 1]",3.7431178090423384e-09
0.28375000000000006,0,5.23875258772658e-06,-1.2643984929234304e-09,1.0061009979676052e-16,1,"[0, 0.008996994740796401, 0.28375000000000006, 1.0, 1]",3.774029252166781e-09
0.28382,0,5.24496758234734e-06,-1.2792782332205664e-09,1.0010048016444841e-16,1,"[0, 0.00900678495058661, 0.28382, 1.0, 1]",3.788501350309082e-09
0.28404,0,5.264424020780705e-06,-1.3264292732583767e-09,9.839489638633803e-17,1,"[0, 0.00903755418135584, 0.28404, 1.0, 1]",3.83417796625036e-09
0.2841666666666667,0,5.275573628153385e-06,-1.3538422924259053e-09,9.734006004350209e-17,1,"[0, 0.009055269799071456, 0.2841666666666667, 1.0, 1]",3.860608832648122e-09
0.28426,0,5.283764539236607e-06,-1.3741653308051037e-09,9.652810490348041e-17,1,"[0, 0.00906832341212507, 0.28426, 1.0, 1]",3.880145762467245e-09
0.28448,0,5.3029891377150506e-06,-1.4224853019104252e-09,9.449549700548692e-17,1,"[0, 0.0090990926428943, 0.28448, 1.0, 1]",3.92640284642767e-09
0.2845833333333333,0,5.311978862875922e-06,-1.4453822735650465e-09,9.348223428274228e-17,1,"[0, 0.009113544857346511, 0.2845833333333333, 1.0, 1]",3.94822897073079e-09
0.2847,0,5.3220978162160366e-06,-1.4713880826255014e-09,9.229241992584966e-17,1,"[0, 0.00912986187366353, 0.2847, 1.0, 1]",3.9729473274677e-09
0.28492,0,5.341090574739563e-06,-1.5208725689989514e-09,8.991417721326314e-17,1,"[0, 0.00916063110443276, 0.28492, 1.0, 1]",4.019777316791531e-09
0.28500000000000003,0,5.347968291894206e-06,-1.539010936576249e-09,8.900500764930106e-17,1,"[0, 0.009171819915621573, 0.28500000000000003, 1.0, 1]",4.036876822342174e-09
0.28514,0,5.359967413285635e-06,-1.5709376570821471e-09,8.735602910142207e-17,1,"[0, 0.00919140033520199, 0.28514, 1.0, 1]",4.066890927472335e-09
0.28536,0,5.378728331854238e-06,-1.6215822429247665e-09,8.461319287878576e-17,1,"[0, 0.00922216956597122, 0.28536, 1.0, 1]",4.114286274448454e-09
0.28541666666666665,0,5.38354191520821e-06,-1.6347207816970256e-09,8.387620543400015e-17,1,"[0, 0.009230094973896628, 0.28541666666666665, 1.0, 1]",4.126539567442952e-09
0.28558,0,5.39737333044539e-06,-1.672805222577546e-09,8.168084325697282e-17,1,"[0, 0.00925293879674045, 0.28558, 1.0, 1]",4.161961474530593e-09
0.2858,0,5.415902409059083e-06,-1.724605492089952e-09,7.855411273877556e-17,1,"[0, 0.00928370802750968, 0.2858, 1.0, 1]",4.20991464639378e-09
0.2858333333333334,0,5.418699732817952e-06,-1.732504309162983e-09,7.806310208771387e-17,1,"[0, 0.009288370032171697, 0.2858333333333334, 1.0, 1]",4.2172044100300575e-09
0.28602,0,5.434315567695318e-06,-1.7769819475122973e-09,7.522809198499726e-17,1,"[0, 0.00931447725827891, 0.28602, 1.0, 1]",4.258143910583712e-09
0.28624,0,5.452612806354098e-06,-1.8299334848955306e-09,7.169783018068113e-17,1,"[0, 0.00934524648904814, 0.28624, 1.0, 1]",4.306647389512525e-09
0.28625,0,5.4534417447234195e-06,-1.8323540192114217e-09,7.153243018793507e-17,1,"[0, 0.009346645090446744, 0.28625, 1.0, 1]",4.308858578138371e-09
0.28646,0,5.470794125035416e-06,-1.8834590002884827e-09,6.795833540080303e-17,1,"[0, 0.009376015719817377, 0.28646, 1.0, 1]",4.355423207458791e-09
0.28666666666666674,0,5.4877679509246375e-06,-1.934262412077949e-09,6.425038936912495e-17,1,"[0, 0.009404920148721813, 0.28666666666666674, 1.0, 1]",4.401489323833945e-09
0.28668,0,5.488859523739277e-06,-1.9375573897423136e-09,6.400457497446293e-17,1,"[0, 0.009406784950586607, 0.28668, 1.0, 1]",4.404469490574297e-09
0.2869,0,5.506809002465677e-06,-1.9922275493064896e-09,5.983147584910818e-17,1,"[0, 0.009437554181355837, 0.2869, 1.0, 1]",4.4537843668734535e-09
0.28708333333333336,0,5.52167835142157e-06,-2.0382219879998653e-09,5.618265521556923e-17,1,"[0, 0.009463195206996868, 0.28708333333333336, 1.0, 1]",4.495083923219509e-09
0.28712,0,5.5246425612146205e-06,-2.0474683750323825e-09,5.543392495318954e-17,1,"[0, 0.009468323412125067, 0.28712, 1.0, 1]",4.503365966240921e-09
0.28734,0,5.542360199986107e-06,-2.1032787629688232e-09,5.080676955886634e-17,1,"[0, 0.009499092642894297, 0.28734, 1.0, 1]",4.553212420430762e-09
0.2875,0,5.555172946214237e-06,-2.1442252472127776e-09,4.729438811808282e-17,1,"[0, 0.009521470265271916, 0.2875, 1.0, 1]",4.589629676434894e-09
0.28756000000000004,0,5.559961918780137e-06,-2.1596576091665484e-09,4.594481764295763e-17,1,"[0, 0.009529861873663534, 0.28756000000000004, 1.0, 1]",4.603321863062627e-09
0.28778000000000004,0,5.5774477175967054e-06,-2.2166038096754476e-09,4.084283824787524e-17,1,"[0, 0.009560631104432765, 0.28778000000000004, 1.0, 1]",4.653692429625994e-09
0.2879166666666667,0,5.588251735302644e-06,-2.2522646899541984e-09,3.755024209311915e-17,1,"[0, 0.009579745323546985, 0.2879166666666667, 1.0, 1]",4.685113907654068e-09
0.28800000000000003,0,5.594817596435814e-06,-2.274116260546681e-09,3.549556184121242e-17,1,"[0, 0.009591400335201995, 0.28800000000000003, 1.0, 1]",4.704322257477201e-09
0.28822000000000003,0,5.612071555297465e-06,-2.3321938578292914e-09,2.989768067518652e-17,1,"[0, 0.009622169565971225, 0.28822000000000003, 1.0, 1]",4.75520948584114e-09
0.28833333333333333,0,5.620914718686782e-06,-2.3623328164597346e-09,2.6914373565863278e-17,1,"[0, 0.00963802038182204, 0.28833333333333333, 1.0, 1]",4.781523965084286e-09
0.28844000000000003,0,5.62920959418166e-06,-2.3908354975738034e-09,2.4043849144445332e-17,1,"[0, 0.009652938796740455, 0.28844000000000003, 1.0, 1]",4.806352255809988e-09
0.28866,0,5.646231713088393e-06,-2.4500400758303185e-09,1.7928684143734917e-17,1,"[0, 0.009683708027509685, 0.28866, 1.0, 1]",4.857748710346594e-09
0.28875000000000006,0,5.653161896366657e-06,-2.474422126966687e-09,1.5350450115629245e-17,1,"[0, 0.009696295440097102, 0.28875000000000006, 1.0, 1]",4.8788472209724476e-09
0.28888,0,5.663137912017669e-06,-2.509806488649785e-09,1.1546765424377142e-17,1,"[0, 0.009714477258278915, 0.28888, 1.0, 1]",4.909396994278126e-09
0.2891,0,5.6799281909694855e-06,-2.570133632081034e-09,4.89263595050951e-18,1,"[0, 0.009745246489048145, 0.2891, 1.0, 1]",4.961295254302424e-09
0.2891666666666667,0,5.684993268342253e-06,-2.588525121710027e-09,2.8216591853432558e-18,1,"[0, 0.009754570498372157, 0.2891666666666667, 1.0, 1]",4.977071071596623e-09
0.2892561983471,0,5.691778794708359e-06,-2.6133052317282756e-09,2.521889706378422e-28,1,"[0, 0.009767092411719473, 0.2892561983471, 1.0, 1]",4.9982933593880396e-09
0.28932,0,5.696602549943844e-06,-2.631020402174802e-09,-2.0391977464069665e-18,1,"[0, 0.009776015719817375, 0.28932, 1.0, 1]",5.01344163898419e-09
0.28954,0,5.713160988940747e-06,-2.6924656949814024e-09,-9.254265213033291e-18,1,"[0, 0.009806784950586612, 0.28954, 1.0, 1]",5.065834298755833e-09
0.2895833333333333,0,5.7164088346135895e-06,-2.704634300928326e-09,-1.0709283247111858e-17,1,"[0, 0.009812845556647205, 0.2895833333333333, 1.0, 1]",5.076182937273254e-09
0.28976,0,5.729603507960188e-06,-2.7544684065515713e-09,-1.6758131720824375e-17,1,"[0, 0.009837554181355842, 0.28976, 1.0, 1]",5.118471385920434e-09
0.28998,0,5.745930107002171e-06,-2.8170274329345635e-09,-2.455639791309466e-17,1,"[0, 0.009868323412125072, 0.28998, 1.0, 1]",5.171351054645394e-09
0.29000000000000004,0,5.747408595180662e-06,-2.822742164856767e-09,-2.5280124032660884e-17,1,"[0, 0.009871120614922273, 0.29000000000000004, 1.0, 1]",5.176170262351648e-09
0.2902,0,5.762140786066697e-06,-2.88014167018048e-09,-3.2654699453504814e-17,1,"[0, 0.009899092642894302, 0.2902, 1.0, 1]",5.224471460968362e-09
0.29041666666666666,0,5.777992550043457e-06,-2.942841213731593e-09,-4.0929064253188194e-17,1,"[0, 0.009929395673197328, 0.29041666666666666, 1.0, 1]",5.27702051521779e-09
0.29042,0,5.778235545153766e-06,-2.9438100143398463e-09,-4.105870667495467e-17,1,"[0, 0.009929861873663532, 0.29042, 1.0, 1]",5.277830762794271e-09
0.29064,0,5.794214384263373e-06,-3.008031361463822e-09,-4.977412422937104e-17,1,"[0, 0.009960631104432762, 0.29064, 1.0, 1]",5.331427119897458e-09
0.2908333333333334,0,5.808160699201995e-06,-3.0649239477901037e-09,-5.769475065996336e-17,1,"[0, 0.009987670731472397, 0.2908333333333334, 1.0, 1]",5.3787211882922264e-09
0.29086,0,5.810077303395522e-06,-3.0728046076008148e-09,-5.880669073769784e-17,1,"[0, 0.009991400335201992, 0.29086, 1.0, 1]",5.3852586939169995e-09
0.29108,0,5.825824302550214e-06,-3.138128648801773e-09,-6.8162178442088e-17,1,"[0, 0.010022169565971222, 0.29108, 1.0, 1]",5.4393236483647646e-09
0.29125,0,5.837913042656262e-06,-3.18898286726833e-09,-7.561626714852316e-17,1,"[0, 0.010045945789747445, 0.29125, 1.0, 1]",5.481259798031755e-09
0.2913,0,5.841455381727445e-06,-3.2040023811167976e-09,-7.784639285750132e-17,1,"[0, 0.010052938796740452, 0.2913, 1.0, 1]",5.493620148616094e-09
0.29152,0,5.8569705409272235e-06,-3.2704247005966257e-09,-8.786517242488848e-17,1,"[0, 0.010083708027509682, 0.29152, 1.0, 1]",5.54814636191827e-09
0.29166666666666674,0,5.867249580406263e-06,-3.3150104724029373e-09,-9.473312627104784e-17,1,"[0, 0.010104220848022514, 0.29166666666666674, 1.0, 1]",5.5846238849285816e-09
0.29174,0,5.8723697801495385e-06,-3.3373945032905116e-09,-9.822438816455957e-17,1,"[0, 0.010114477258278912, 0.29174, 1.0, 1]",5.6029004573828975e-09
0.29196,0,5.887653099394396e-06,-3.4049106852494037e-09,-1.0892994333127269e-16,1,"[0, 0.010145246489048142, 0.29196, 1.0, 1]",5.65788060599225e-09
0.29208333333333336,0,5.896170312451991e-06,-3.442999263429956e-09,-1.1508526078507682e-16,1,"[0, 0.010162495906297569, 0.29208333333333336, 1.0, 1]",5.688801013508625e-09
0.29218,0,5.902820498661794e-06,-3.4729721425229797e-09,-1.1998777306904413e-16,1,"[0, 0.010176015719817372, 0.29218, 1.0, 1]",5.713084980596312e-09
0.2924,0,5.917871977951735e-06,-3.541577771161341e-09,-1.3140384406757888e-16,1,"[0, 0.010206784950586602, 0.2924, 1.0, 1]",5.768511755912349e-09
0.2925,0,5.924675238793457e-06,-3.5729417405866867e-09,-1.3671301523962102e-16,1,"[0, 0.010220770964572617, 0.2925, 1.0, 1]",5.793778772334482e-09
0.29262,0,5.932807537264219e-06,-3.610726467215013e-09,-1.4318415421920878e-16,1,"[0, 0.010237554181355833, 0.29262, 1.0, 1]",5.824159108525336e-09
0.29284,0,5.9476271765992436e-06,-3.6804171267338846e-09,-1.5533473227641787e-16,1,"[0, 0.01026832341212507, 0.29284, 1.0, 1]",5.880025216889227e-09
0.2929166666666667,0,5.952764359430656e-06,-3.704830404108948e-09,-1.5965713759727354e-16,1,"[0, 0.010279046022847686, 0.2929166666666667, 1.0, 1]",5.899544774005003e-09
0.29306,0,5.9623308959568e-06,-3.750648645768693e-09,-1.678616375106569e-16,1,"[0, 0.0102990926428943, 0.29306, 1.0, 1]",5.936108261325681e-09
0.29328,0,5.976918695336907e-06,-3.821419920368904e-09,-1.8077095937124357e-16,1,"[0, 0.01032986187366353, 0.29328, 1.0, 1]",5.992406424025337e-09
0.29333333333333333,0,5.9804376743635826e-06,-3.838657754233618e-09,-1.8395877089413886e-16,1,"[0, 0.010337321081122734, 0.29333333333333333, 1.0, 1]",6.006086655151055e-09
0.2935,0,5.991390574739556e-06,-3.892729846584619e-09,-1.9406881714586696e-16,1,"[0, 0.01036063110443276, 0.2935, 1.0, 1]",6.048917889043578e-09
0.29372,0,6.005746534164748e-06,-3.9645773204665746e-09,-2.07761359621517e-16,1,"[0, 0.01039140033520199, 0.29372, 1.0, 1]",6.105640842308574e-09
0.29375000000000007,0,6.007695183592247e-06,-3.974416291196514e-09,-2.0965944493571387e-16,1,"[0, 0.010395596139397802, 0.29375000000000007, 1.0, 1]",6.11339207644061e-09
0.29394,0,6.0199865736124805e-06,-4.036961238065296e-09,-2.218547647460327e-16,1,"[0, 0.01042216956597122, 0.29394, 1.0, 1]",6.162573471613241e-09
0.29416,0,6.034110693082752e-06,-4.109880495429614e-09,-2.3635523929028623e-16,1,"[0, 0.01045293879674045, 0.29416, 1.0, 1]",6.219713966619471e-09
0.2941666666666667,0,6.034536887116647e-06,-4.112098515235149e-09,-2.3680106803060705e-16,1,"[0, 0.010453871197672857, 0.2941666666666667, 1.0, 1]",6.221448722579161e-09
0.29438,0,6.048118892575567e-06,-4.183333988610688e-09,-2.512690185123736e-16,1,"[0, 0.01048370802750968, 0.29438, 1.0, 1]",6.277060518856441e-09
0.2945833333333333,0,6.06096278493677e-06,-4.251696926584918e-09,-2.6542591875971103e-16,1,"[0, 0.010512146255947905, 0.2945833333333333, 1.0, 1]",6.330244302304222e-09
0.2946,0,6.062011172090922e-06,-4.257320613658409e-09,-2.6660236582094886e-16,1,"[0, 0.01051447725827891, 0.2946, 1.0, 1]",6.334611321722729e-09
0.29481999999999997,0,6.075787531628823e-06,-4.331839266622877e-09,-2.8236157244045646e-16,1,"[0, 0.01054524648904814, 0.29481999999999997, 1.0, 1]",6.392364570483776e-09
0.29500000000000004,0,6.086972877052631e-06,-4.393204025483334e-09,-2.955766377839542e-16,1,"[0, 0.010570421314222974, 0.29500000000000004, 1.0, 1]",6.439766548389983e-09
0.29503999999999997,0,6.089447971189262e-06,-4.406888843554618e-09,-2.9855295707689795e-16,1,"[0, 0.01057601571981737, 0.29503999999999997, 1.0, 1]",6.450318462274422e-09
0.29526,0,6.102992490772245e-06,-4.482468240503521e-09,-3.151828655840916e-16,1,"[0, 0.010606784950586607, 0.29526, 1.0, 1]",6.508471196096368e-09
0.29541666666666666,0,6.11256716346423e-06,-4.536612312165792e-09,-3.2729621968702057e-16,1,"[0, 0.010628696372498029, 0.29541666666666666, 1.0, 1]",6.550003217646042e-09
0.29548,0,6.116421090377768e-06,-4.558576353519476e-09,-3.3225767063112504e-16,1,"[0, 0.010637554181355837, 0.29548, 1.0, 1]",6.566820972819872e-09
0.2957,0,6.129733770005831e-06,-4.635212078653431e-09,-3.497837713707244e-16,1,"[0, 0.010668323412125067, 0.2957, 1.0, 1]",6.625365995182049e-09
0.2958333333333334,0,6.137745644171558e-06,-4.681914286869804e-09,-3.6062800485685337e-16,1,"[0, 0.010686971430773098, 0.2958333333333334, 1.0, 1]",6.660942090918251e-09
0.29592,0,6.14293052965644e-06,-4.712374311954852e-09,-3.6776759310753304e-16,1,"[0, 0.010699092642894304, 0.29592, 1.0, 1]",6.684104467789419e-09
0.29614,0,6.156011369329587e-06,-4.790061949474053e-09,-3.862155869683878e-16,1,"[0, 0.010729861873663534, 0.29614, 1.0, 1]",6.743034597117478e-09
0.29625,0,6.162508319174612e-06,-4.829102449830977e-09,-3.9561567140204717e-16,1,"[0, 0.010745246489048146, 0.29625, 1.0, 1]",6.772570973084902e-09
0.29636,0,6.168976289025275e-06,-4.868273887261346e-09,-4.05134229572612e-16,1,"[0, 0.010760631104432764, 0.29636, 1.0, 1]",6.802154591506043e-09
0.29658,0,6.1818252887435044e-06,-4.947009021367257e-09,-4.245300227033716e-16,1,"[0, 0.010791400335201994, 0.29658, 1.0, 1]",6.861462661168567e-09
0.29666666666666663,0,6.186855188473401e-06,-4.978169301286824e-09,-4.323032271069972e-16,1,"[0, 0.0108035215473232, 0.29666666666666663, 1.0, 1]",6.884877693062662e-09
0.2968,0,6.194558368484276e-06,-5.026266247840828e-09,-4.44409492979317e-16,1,"[0, 0.010822169565971224, 0.2968, 1.0, 1]",6.920957018178587e-09
0.29702,0,6.207175528247593e-06,-5.106044462733431e-09,-4.647791915284976e-16,1,"[0, 0.010852938796740454, 0.29702, 1.0, 1]",6.9806358764879365e-09
0.29708333333333337,0,6.210786252067934e-06,-5.12910734147274e-09,-4.707350014219101e-16,1,"[0, 0.010861796605598262, 0.29708333333333337, 1.0, 1]",6.997850103800638e-09
0.29724,0,6.219676768033447e-06,-5.186342562094532e-09,-4.856456936609202e-16,1,"[0, 0.010883708027509684, 0.29724, 1.0, 1]",7.040497451907263e-09
0.29746,0,6.232062087841843e-06,-5.267159441974868e-09,-5.070155985439015e-16,1,"[0, 0.010914477258278914, 0.29746, 1.0, 1]",7.100539962119579e-09
0.2975,0,6.234301509958189e-06,-5.281909070625814e-09,-5.10955637491696e-16,1,"[0, 0.010920071663873317, 0.2975, 1.0, 1]",7.111476082286309e-09
0.29768,0,6.2443314876727805e-06,-5.3484939984239046e-09,-5.288955288766529e-16,1,"[0, 0.010945246489048144, 0.29768, 1.0, 1]",7.160761626676876e-09
0.2979,0,6.25648496752626e-06,-5.430345127492167e-09,-5.512921305670246e-16,1,"[0, 0.010976015719817375, 0.2979, 1.0, 1]",7.221160666995466e-09
0.2979166666666667,0,6.2574009621441806e-06,-5.436566988982075e-09,-5.530100842199543e-16,1,"[0, 0.010978346722148386, 0.2979166666666667, 1.0, 1]",7.225743529539596e-09
0.29812,0,6.268522527402284e-06,-5.512711725230392e-09,-5.742120724081623e-16,1,"[0, 0.011006784950586605, 0.29812, 1.0, 1]",7.281735306363602e-09
0.29833333333333334,0,6.280084608625898e-06,-5.593073596778614e-09,-5.969435883711519e-16,1,"[0, 0.011036621780423434, 0.29833333333333334, 1.0, 1]",7.34064037061837e-09
0.29834,0,6.2804441673008465e-06,-5.595592687687622e-09,-5.976620457556235e-16,1,"[0, 0.011037554181355835, 0.29834, 1.0, 1]",7.34248376993428e-09
0.29856,0,6.292249887221951e-06,-5.6789869109145935e-09,-6.216487642068588e-16,1,"[0, 0.011068323412125065, 0.29856, 1.0, 1]",7.403404284730747e-09
0.29875000000000007,0,6.3023524494033645e-06,-5.751421394251672e-09,-6.428016867084869e-16,1,"[0, 0.011094896838698503, 0.29875000000000007, 1.0, 1]",7.456154554614635e-09
0.29878,0,6.303939687165596e-06,-5.76289329096162e-09,-6.461789632798755e-16,1,"[0, 0.011099092642894295, 0.29878, 1.0, 1]",7.464495079643956e-09
0.299,0,6.315513567131783e-06,-5.8473107238788026e-09,-6.712594000933724e-16,1,"[0, 0.011129861873663525, 0.299, 1.0, 1]",7.52575438543299e-09
0.2991666666666667,0,6.3242044844765485e-06,-5.911602881637915e-09,-6.90630198169531e-16,1,"[0, 0.011153171896973558, 0.2991666666666667, 1.0, 1]",7.572274054654534e-09
0.29922,0,6.326971527120516e-06,-5.932238105716031e-09,-6.968968530476149e-16,1,"[0, 0.011160631104432755, 0.29922, 1.0, 1]",7.587180434723373e-09
0.29944,0,6.338313567131785e-06,-6.0176743325236185e-09,-7.230981215063141e-16,1,"[0, 0.011191400335201992, 0.29944, 1.0, 1]",7.64877146201045e-09
0.2995833333333333,0,6.345640713845465e-06,-6.073610559172738e-09,-7.404752160777848e-16,1,"[0, 0.011211446955248606, 0.2995833333333333, 1.0, 1]",7.688986867900887e-09
0.29966,0,6.349539687165597e-06,-6.103618300351878e-09,-7.498700254789678e-16,1,"[0, 0.011222169565971222, 0.29966, 1.0, 1]",7.710525703656851e-09
0.29988000000000004,0,6.360649887221953e-06,-6.1900689052513346e-09,-7.772194053042086e-16,1,"[0, 0.011252938796740459, 0.29988000000000004, 1.0, 1]",7.772441397892493e-09
0.30000000000000004,0,6.3666611375101285e-06,-6.237436927094288e-09,-7.923831003929301e-16,1,"[0, 0.011269722013523675, 0.30000000000000004, 1.0, 1]",7.806281015551496e-09
0.30010000000000003,0,6.371644167300851e-06,-6.2770250432712425e-09,-8.051531213333754e-16,1,"[0, 0.011283708027509689, 0.30010000000000003, 1.0, 1]",7.834516784817962e-09
0.30032000000000003,0,6.382522527402288e-06,-6.364485610462127e-09,-8.336780536162279e-16,1,"[0, 0.011314477258278919, 0.30032000000000003, 1.0, 1]",7.896750106398589e-09
0.30041666666666667,0,6.387265755470511e-06,-6.403074485638384e-09,-8.464004699949915e-16,1,"[0, 0.01132799707179873, 0.30041666666666667, 1.0, 1]",7.924144542841266e-09
0.30054000000000003,0,6.3932849675262654e-06,-6.452449502874512e-09,-8.628011015862006e-16,1,"[0, 0.011345246489048149, 0.30054000000000003, 1.0, 1]",7.9591396064708e-09
0.30076,0,6.403931487672785e-06,-6.5409156165585e-09,-8.925291837467198e-16,1,"[0, 0.011376015719817379, 0.30076, 1.0, 1]",8.021683530735339e-09
0.3008333333333334,0,6.407454567726634e-06,-6.570515735040422e-09,-9.025741950075329e-16,1,"[0, 0.011386272130073791, 0.3008333333333334, 1.0, 1]",8.042565519035424e-09
0.30098,0,6.414462087841839e-06,-6.629882847563556e-09,-9.228692373583844e-16,1,"[0, 0.011406784950586609, 0.30098, 1.0, 1]",8.084380126765743e-09
0.3012,0,6.4248767680334465e-06,-6.719350091940842e-09,-9.53828218127853e-16,1,"[0, 0.01143755418135584, 0.3012, 1.0, 1]",8.14722764399902e-09
0.30125,0,6.427227574278482e-06,-6.739753175538337e-09,-9.609513891582033e-16,1,"[0, 0.011444547188348846, 0.30125, 1.0, 1]",8.161532037440114e-09
0.30142,0,6.43517552824759e-06,-6.809316245739822e-09,-9.854130998955085e-16,1,"[0, 0.01146832341212507, 0.30142, 1.0, 1]",8.210224333743697e-09
0.30164,0,6.445358368484276e-06,-6.899780205011446e-09,-1.0176308743262522e-15,1,"[0, 0.0114990926428943, 0.30164, 1.0, 1]",8.273368449173891e-09
0.30166666666666664,0,6.446584775126068e-06,-6.910779307367948e-09,-1.0215794021734288e-15,1,"[0, 0.011502822246623901, 0.30166666666666664, 1.0, 1]",8.281032215393917e-09
0.30186,0,6.455425288743504e-06,-6.990740865804543e-09,-1.0504885505986428e-15,1,"[0, 0.01152986187366353, 0.30186, 1.0, 1]",8.336658245332274e-09
0.30208,0,6.465376289025272e-06,-7.082197124170487e-09,-1.0839931550978816e-15,1,"[0, 0.01156063110443276, 0.30208, 1.0, 1]",8.400091979131344e-09
0.30208333333333337,0,6.4655261702693895e-06,-7.083586630766132e-09,-1.0845058122127e-15,1,"[0, 0.011561097304898963, 0.30208333333333337, 1.0, 1]",8.401054194271673e-09
0.3023,0,6.475211369329586e-06,-7.174147876158743e-09,-1.118151731106205e-15,1,"[0, 0.01159140033520199, 0.3023, 1.0, 1]",8.463667909350033e-09
0.3025,0,6.484051759708436e-06,-7.258167645968496e-09,-1.1497784183377133e-15,1,"[0, 0.011619372363174018, 0.3025, 1.0, 1]",8.521586139481507e-09
0.30252,0,6.484930529656438e-06,-7.266592017820684e-09,-1.1529713384971885e-15,1,"[0, 0.011622169565971226, 0.30252, 1.0, 1]",8.527384296634138e-09
0.30274,0,6.4945337700058315e-06,-7.359528445204715e-09,-1.1884590534275061e-15,1,"[0, 0.011652938796740456, 0.30274, 1.0, 1]",8.59123940350055e-09
0.3029166666666667,0,6.5021615434432245e-06,-7.434514853212765e-09,-1.2174452330205188e-15,1,"[0, 0.011677647421449087, 0.3029166666666667, 1.0, 1]",8.642616240469494e-09
0.30296,0,6.5040210903777665e-06,-7.452956054361787e-09,-1.2246219680335242e-15,1,"[0, 0.011683708027509686, 0.30296, 1.0, 1]",8.655231494331748e-09
0.30318,0,6.513392490772243e-06,-7.546873741342847e-09,-1.2614671901255747e-15,1,"[0, 0.011714477258278917, 0.30318, 1.0, 1]",8.719358835380462e-09
0.30333333333333334,0,6.51985552147374e-06,-7.612620752733909e-09,-1.2875544746853194e-15,1,"[0, 0.011735922479724135, 0.30333333333333334, 1.0, 1]",8.76413271071627e-09
0.3034,0,6.522647971189266e-06,-7.64128040219715e-09,-1.2990018428833028e-15,1,"[0, 0.011745246489048147, 0.3034, 1.0, 1]",8.783619694764166e-09
0.30362,0,6.531787531628825e-06,-7.736174932974584e-09,-1.3372330645534439e-15,1,"[0, 0.011776015719817377, 0.30362, 1.0, 1]",8.84801234247058e-09
0.3037500000000001,0,6.5371336937999885e-06,-7.7924778447705e-09,-1.3601545602915433e-15,1,"[0, 0.011794197537999204, 0.3037500000000001, 1.0, 1]",8.886123787737028e-09
0.30384,0,6.540811172090926e-06,-7.831556229726311e-09,-1.376168008147745e-15,1,"[0, 0.011806784950586607, 0.30384, 1.0, 1]",8.912535050356826e-09
0.30406,0,6.549718892575569e-06,-7.927423188502009e-09,-1.4158138411402646e-15,1,"[0, 0.011837554181355837, 0.30406, 1.0, 1]",8.977186092143501e-09
0.3041666666666667,0,6.55399606042197e-06,-7.974078629556663e-09,-1.4352940979479363e-15,1,"[0, 0.011852472596274258, 0.3041666666666667, 1.0, 1]",9.008577733082795e-09
0.30428,0,6.558510693082754e-06,-8.023774705351355e-09,-1.4561777451672126e-15,1,"[0, 0.011868323412125067, 0.30428, 1.0, 1]",9.041963743425684e-09
0.3045,0,6.5671865736124835e-06,-8.120609676325509e-09,-1.4972669157276391e-15,1,"[0, 0.011899092642894297, 0.3045, 1.0, 1]",9.106866281659386e-09
0.3045833333333333,0,6.570442621339686e-06,-8.15741560733097e-09,-1.5130218795704849e-15,1,"[0, 0.011910747654549306, 0.3045833333333333, 1.0, 1]",9.131482832339578e-09
0.30472,0,6.575746534164751e-06,-8.217926997473937e-09,-1.5390885618828988e-15,1,"[0, 0.011929861873663527, 0.30472, 1.0, 1]",9.171891986175525e-09
0.30494,0,6.58419057473956e-06,-8.315725564847588e-09,-1.5816499059596662e-15,1,"[0, 0.011960631104432757, 0.30494, 1.0, 1]",9.237039138167221e-09
0.30500000000000005,0,6.586473376553132e-06,-8.342481278328178e-09,-1.5933868735699835e-15,1,"[0, 0.011969022712824375, 0.30500000000000005, 1.0, 1]",9.254827395129217e-09
0.30516,0,6.592518695336911e-06,-8.414004274495293e-09,-1.6249581832507721e-15,1,"[0, 0.011991400335201987, 0.30516, 1.0, 1]",9.302306020699961e-09
0.30538,0,6.6007308959568035e-06,-8.512762022468e-09,-1.6690206417203226e-15,1,"[0, 0.012022169565971217, 0.30538, 1.0, 1]",9.367690918703127e-09
0.30541666666666667,0,6.602088326062312e-06,-8.529268142785802e-09,-1.6764382175827768e-15,1,"[0, 0.01202729777109943, 0.30541666666666667, 1.0, 1]",9.378599755109804e-09
0.3056,0,6.608827176599241e-06,-8.611997704816447e-09,-1.7138445417067022e-15,1,"[0, 0.012052938796740447, 0.3056, 1.0, 1]",9.433192118979738e-09
0.30582,0,6.616807537264217e-06,-8.711710217590097e-09,-1.7594371556268993e-15,1,"[0, 0.012083708027509677, 0.30582, 1.0, 1]",9.498807910194592e-09
0.3058333333333334,0,6.61728746986723e-06,-8.717768700940296e-09,-1.7622252112338553e-15,1,"[0, 0.012085572829374492, 0.3058333333333334, 1.0, 1]",9.502788269970604e-09
0.30604,0,6.624671977951734e-06,-8.811898456838843e-09,-1.805805767682899e-15,1,"[0, 0.012114477258278914, 0.30604, 1.0, 1]",9.56453658288443e-09
0.30625,0,6.632070807967871e-06,-8.907975453027477e-09,-1.8507973089386075e-15,1,"[0, 0.012143847887649547, 0.30625, 1.0, 1]",9.62738132144264e-09
0.30626,0,6.632420498661792e-06,-8.91256131861342e-09,-1.8529576735683256e-15,1,"[0, 0.012145246489048144, 0.30626, 1.0, 1]",9.63037642945497e-09
0.30648,0,6.640053099394392e-06,-9.013697698963505e-09,-1.900900180174757e-15,1,"[0, 0.012176015719817374, 0.30648, 1.0, 1]",9.696325744174981e-09
0.30666666666666664,0,6.646438340364249e-06,-9.099880899284435e-09,-1.942204112742157e-15,1,"[0, 0.012202122945924595, 0.30666666666666664, 1.0, 1]",9.752367315285146e-09
0.3067,0,6.6475697801495375e-06,-9.115306493940471e-09,-1.949640605301072e-15,1,"[0, 0.012206784950586604, 0.3067, 1.0, 1]",9.76238282318602e-09
0.30691999999999997,0,6.654970540927221e-06,-9.217386599592726e-09,-1.999186277359998e-15,1,"[0, 0.012237554181355834, 0.30691999999999997, 1.0, 1]",9.828545964496927e-09
0.3070833333333334,0,6.660390067056359e-06,-9.293477539947411e-09,-2.036495365193651e-15,1,"[0, 0.012260398004199664, 0.3070833333333334, 1.0, 1]",9.877734681298688e-09
0.30713999999999997,0,6.662255381727445e-06,-9.319936911971641e-09,-2.0495445350906284e-15,1,"[0, 0.012268323412125064, 0.30713999999999997, 1.0, 1]",9.894813467981713e-09
0.30736,0,6.669424302550213e-06,-9.422956327127317e-09,-2.1007227272667633e-15,1,"[0, 0.012299092642894301, 0.30736, 1.0, 1]",9.961183635386328e-09
0.3075,0,6.673925988044209e-06,-9.488757875252649e-09,-2.1337209422587783e-15,1,"[0, 0.012318673062474719, 0.3075, 1.0, 1]",1.0003471873315428e-08
0.30758,0,6.676477303395525e-06,-9.526443741109857e-09,-2.1527282124087435e-15,1,"[0, 0.012329861873663531, 0.30758, 1.0, 1]",1.0027654770321042e-08
0.3078,0,6.683414384263375e-06,-9.630398049968514e-09,-2.2055683584950226e-15,1,"[0, 0.012360631104432761, 0.3078, 1.0, 1]",1.0094225178267222e-08
0.3079166666666667,0,6.687046103327784e-06,-9.68571440543766e-09,-2.233930846269403e-15,1,"[0, 0.012376948120749787, 0.3079166666666667, 1.0, 1]",1.0129567369205055e-08
0.30802,0,6.690235545153765e-06,-9.734818149754236e-09,-2.259250542676285e-15,1,"[0, 0.012391400335201991, 0.30802, 1.0, 1]",1.0160893166573519e-08
0.30824,0,6.696940786066698e-06,-9.83970293651755e-09,-2.313782150987978e-15,1,"[0, 0.012422169565971222, 0.30824, 1.0, 1]",1.022765704445502e-08
0.30833333333333335,0,6.699750412907089e-06,-9.88433963073784e-09,-2.3371751989076295e-15,1,"[0, 0.012435223179024835, 0.30833333333333335, 1.0, 1]",1.0256009670870968e-08
0.30846,0,6.703530107002172e-06,-9.945051306308555e-09,-2.369170578064708e-15,1,"[0, 0.012452938796740452, 0.30846, 1.0, 1]",1.029451512299579e-08
0.30868,0,6.710003507960186e-06,-1.005086215517693e-08,-2.4254232268554337e-15,1,"[0, 0.012483708027509682, 0.30868, 1.0, 1]",1.0361465715148874e-08
0.30874999999999997,0,6.712038916782131e-06,-1.0084626051390065e-08,-2.443504234230316e-15,1,"[0, 0.01249349823729989, 0.30874999999999997, 1.0, 1]",1.0382787304253245e-08
0.3089,0,6.716360988940743e-06,-1.015713437917214e-08,-2.482547508339567e-15,1,"[0, 0.012514477258278912, 0.3089, 1.0, 1]",1.0428507135733753e-08
0.30912,0,6.722602549943842e-06,-1.0263866874345772e-08,-2.5405508412450695e-15,1,"[0, 0.012545246489048149, 0.30912, 1.0, 1]",1.0495637701440157e-08
0.3091666666666667,0,6.723911614952911e-06,-1.0286566167630155e-08,-2.5529682917272327e-15,1,"[0, 0.012551773295574959, 0.3091666666666667, 1.0, 1]",1.0509888819325252e-08
0.30934,0,6.728728190969482e-06,-1.0371058536748135e-08,-2.5994406517642055e-15,1,"[0, 0.012576015719817379, 0.30934, 1.0, 1]",1.0562855730822982e-08
0.30956,0,6.7347379120176636e-06,-1.0478708262427427e-08,-2.6592243732714305e-15,1,"[0, 0.012606784950586609, 0.30956, 1.0, 1]",1.0630159544306526e-08
0.3095833333333333,0,6.7353685074194144e-06,-1.0490152479695833e-08,-2.665617809419034e-15,1,"[0, 0.012610048353850007, 0.3095833333333333, 1.0, 1]",1.0637302790099153e-08
0.30978,0,6.740631713088391e-06,-1.0586814947435866e-08,-2.719909446046033e-15,1,"[0, 0.012637554181355839, 0.30978, 1.0, 1]",1.069754746418576e-08
0.31,0,6.7464095941816566e-06,-1.0695377487822707e-08,-2.781503316988215e-15,1,"[0, 0.012668323412125069, 0.31, 1.0, 1]",1.076501781461828e-08
0.31022,0,6.752071555297463e-06,-1.0804394779638475e-08,-2.8440134393422624e-15,1,"[0, 0.012699092642894299, 0.31022, 1.0, 1]",1.0832568921632776e-08
0.3104166666666667,0,6.757034875239632e-06,-1.0902233692247654e-08,-2.9006754289510284e-15,1,"[0, 0.012726598470400124, 0.3104166666666667, 1.0, 1]",1.0893022514963491e-08
0.31044,0,6.7576175964358105e-06,-1.0913865718932847e-08,-2.90744727241693e-15,1,"[0, 0.012729861873663529, 0.31044, 1.0, 1]",1.0900199113127767e-08
0.31066,0,6.7630477175967e-06,-1.1023789201756136e-08,-2.9718122813086864e-15,1,"[0, 0.012760631104432759, 0.31066, 1.0, 1]",1.0967906718866935e-08
0.3108333333333334,0,6.76724435059334e-06,-1.1110713593207339e-08,-3.0231848378635295e-15,1,"[0, 0.012784873528675193, 0.3108333333333334, 1.0, 1]",1.1021305537251053e-08
0.31088,0,6.768361918780136e-06,-1.1134164124159504e-08,-3.037115936625049e-15,1,"[0, 0.012791400335201989, 0.31088, 1.0, 1]",1.1035690070482942e-08
0.3111,0,6.773560199986109e-06,-1.1244989382191568e-08,-3.1033657142065382e-15,1,"[0, 0.012822169565971219, 0.3111, 1.0, 1]",1.1103547501476158e-08
0.31125,0,6.777038020242776e-06,-1.1320809690936734e-08,-3.149082307564381e-15,1,"[0, 0.012843148586950247, 0.31125, 1.0, 1]",1.1149855551632636e-08
0.31132,0,6.778642561214622e-06,-1.1356263871903066e-08,-3.1705690948542397e-15,1,"[0, 0.01285293879674045, 0.31132, 1.0, 1]",1.1171477347215505e-08
0.31154,0,6.783609002465679e-06,-1.1467986489344098e-08,-3.2387335640537485e-15,1,"[0, 0.01288370802750968, 0.31154, 1.0, 1]",1.123947794493677e-08
0.31166666666666665,0,6.7864158841879434e-06,-1.1532514485674622e-08,-3.2784186664587367e-15,1,"[0, 0.012901423645225295, 0.31166666666666665, 1.0, 1]",1.1278661252294473e-08
0.31176,0,6.788459523739276e-06,-1.1580156130565826e-08,-3.307866611702589e-15,1,"[0, 0.01291447725827891, 0.31176, 1.0, 1]",1.1307547633746407e-08
0.31198000000000004,0,6.793194125035421e-06,-1.1692771691617291e-08,-3.3779757318354203e-15,1,"[0, 0.012945246489048146, 0.31198000000000004, 1.0, 1]",1.1375684754616042e-08
0.3120833333333334,0,6.795377942428855e-06,-1.1745820477655974e-08,-3.4112448008310272e-15,1,"[0, 0.012959698703500364, 0.3120833333333334, 1.0, 1]",1.1407711357458626e-08
0.31220000000000003,0,6.797812806354101e-06,-1.1805832068548807e-08,-3.449068422354111e-15,1,"[0, 0.012976015719817383, 0.31220000000000003, 1.0, 1]",1.1443887650386275e-08
0.31242000000000003,0,6.802315567695324e-06,-1.1919336157410687e-08,-3.5211521847557316e-15,1,"[0, 0.013006784950586613, 0.31242000000000003, 1.0, 1]",1.1512154665768803e-08
0.3125,0,6.803924194965489e-06,-1.1960720167117457e-08,-3.547611648202549e-15,1,"[0, 0.01301797376177542, 0.3125, 1.0, 1]",1.1536994609381294e-08
0.31264000000000003,0,6.806702409059087e-06,-1.2033282854253668e-08,-3.5942345238624105e-15,1,"[0, 0.013037554181355843, 0.31264000000000003, 1.0, 1]",1.158048414733668e-08
0.31286,0,6.810973330445392e-06,-1.2147671055126792e-08,-3.668322947550321e-15,1,"[0, 0.013068323412125073, 0.31286, 1.0, 1]",1.164887444353617e-08
0.31291666666666673,0,6.812054641797856e-06,-1.2177206054295947e-08,-3.687570190721665e-15,1,"[0, 0.013076248820050488, 0.31291666666666673, 1.0, 1]",1.16664997743562e-08
0.31308,0,6.815128331854243e-06,-1.2262499656080795e-08,-3.7434249664830525e-15,1,"[0, 0.013099092642894303, 0.31308, 1.0, 1]",1.1717323904681671e-08
0.3133,0,6.819167413285632e-06,-1.2377767553165992e-08,-3.81954809384221e-15,1,"[0, 0.013129861873663533, 0.3133, 1.0, 1]",1.1785830882953592e-08
0.31333333333333335,0,6.819769282925966e-06,-1.2395270639427474e-08,-3.831171448591047e-15,1,"[0, 0.013134523878325536, 0.31333333333333335, 1.0, 1]",1.1796215642709086e-08
0.31352,0,6.823090574739561e-06,-1.249347364243333e-08,-3.896699845060888e-15,1,"[0, 0.013160631104432764, 0.31352, 1.0, 1]",1.1854393732400052e-08
0.31374,0,6.826897816216033e-06,-1.2609616819931217e-08,-3.974887737555084e-15,1,"[0, 0.013191400335201994, 0.31374, 1.0, 1]",1.1923010808939417e-08
0.31375,0,6.827068118349797e-06,-1.2614906422748493e-08,-3.978466473533265e-15,1,"[0, 0.01319279893660059, 0.31375, 1.0, 1]",1.1926131028805336e-08
0.31396,0,6.830589137715045e-06,-1.2726195981710812e-08,-4.0541192904616294e-15,1,"[0, 0.013222169565971224, 0.31396, 1.0, 1]",1.1991680470354374e-08
0.3141666666666667,0,6.8339511480693664e-06,-1.2836105904496305e-08,-4.129506342292718e-15,1,"[0, 0.013251073994875653, 0.3141666666666667, 1.0, 1]",1.2056234771042777e-08
0.31418,0,6.834164539236605e-06,-1.2843210023822006e-08,-4.134402024370644e-15,1,"[0, 0.013252938796740454, 0.31418, 1.0, 1]",1.2060401076302517e-08
0.3144,0,6.837624020780701e-06,-1.2960657842315535e-08,-4.215743461062942e-15,1,"[0, 0.013283708027509684, 0.3144, 1.0, 1]",1.2129170988301099e-08
0.3145833333333333,0,6.840418372084664e-06,-1.3058861584906515e-08,-4.284342150172363e-15,1,"[0, 0.013309349053150708, 0.3145833333333333, 1.0, 1]",1.218651573185464e-08
0.31462,0,6.840967582347338e-06,-1.3078538333241078e-08,-4.298151123245462e-15,1,"[0, 0.013314477258278914, 0.31462, 1.0, 1]",1.2197988569739742e-08
0.31484,0,6.844195223936518e-06,-1.3196850392648734e-08,-4.381632534289857e-15,1,"[0, 0.013345246489048144, 0.31484, 1.0, 1]",1.2266852185877892e-08
0.31500000000000006,0,6.8464697903957e-06,-1.3283165964216425e-08,-4.44302500461134e-15,1,"[0, 0.013367624111425776, 0.31500000000000006, 1.0, 1]",1.2316962797710415e-08
0.31506,0,6.847306945548239e-06,-1.3315592916588607e-08,-4.466195217970553e-15,1,"[0, 0.013376015719817374, 0.31506, 1.0, 1]",1.2335760203840585e-08
0.31528,0,6.850302747182505e-06,-1.3434764801112067e-08,-4.5518466982048245e-15,1,"[0, 0.013406784950586604, 0.31528, 1.0, 1]",1.2404710992619717e-08
0.3154166666666667,0,6.8521054030024685e-06,-1.3509011542660795e-08,-4.605606018794134e-15,1,"[0, 0.013425899169700824, 0.3154166666666667, 1.0, 1]",1.2447564879113725e-08
0.3155,0,6.85318262883931e-06,-1.355436494226731e-08,-4.638594498789537e-15,1,"[0, 0.013437554181355834, 0.3155, 1.0, 1]",1.2473702923076165e-08
0.31572,0,6.855946590518656e-06,-1.3674392236105709e-08,-4.726446143146478e-15,1,"[0, 0.013468323412125071, 0.31572, 1.0, 1]",1.2542734367941474e-08
0.3158333333333333,0,6.857325209904964e-06,-1.373639082047862e-08,-4.772136305304444e-15,1,"[0, 0.01348417422797588, 0.3158333333333333, 1.0, 1]",1.2578310910604869e-08
0.31594,0,6.858594632220542e-06,-1.3794845578677364e-08,-4.815409154060702e-15,1,"[0, 0.013499092642894301, 0.31594, 1.0, 1]",1.2611803701812359e-08
0.31616,0,6.861126753944976e-06,-1.3915723866032377e-08,-4.905491053423784e-15,1,"[0, 0.013529861873663531, 0.31616, 1.0, 1]",1.2680909301153664e-08
0.31625000000000003,0,6.862129211103198e-06,-1.3965296297904447e-08,-4.9426669698047175e-15,1,"[0, 0.013542449286250948, 0.31625000000000003, 1.0, 1]",1.2709189850757863e-08
0.31638,0,6.863542955691946e-06,-1.4037025994221062e-08,-4.996699361977134e-15,1,"[0, 0.013560631104432761, 0.31638, 1.0, 1]",1.275004954430006e-08
0.3166,0,6.865843237461452e-06,-1.4158750859292671e-08,-5.089041599054968e-15,1,"[0, 0.013591400335201991, 0.3166, 1.0, 1]",1.2819222811452232e-08
0.31666666666666665,0,6.866517406597163e-06,-1.4195720475176001e-08,-5.117249104764407e-15,1,"[0, 0.013600724344525996, 0.31666666666666665, 1.0, 1]",1.2840190682184668e-08
0.31682,0,6.868027599253505e-06,-1.4280897357299002e-08,-5.1825252823317934e-15,1,"[0, 0.013622169565971221, 0.31682, 1.0, 1]",1.2888427484679839e-08
0.31704,0,6.8700960410681e-06,-1.4403464384288885e-08,-5.27715792756375e-15,1,"[0, 0.013652938796740451, 0.31704, 1.0, 1]",1.2957661947921947e-08
0.3170833333333334,0,6.870489796386859e-06,-1.4427655852528465e-08,-5.29593378321523e-15,1,"[0, 0.013658999402801065, 0.3170833333333334, 1.0, 1]",1.2971302411529264e-08
0.31726,0,6.872048562905242e-06,-1.4526450836312632e-08,-5.372947048338339e-15,1,"[0, 0.013683708027509681, 0.31726, 1.0, 1]",1.3026924586981514e-08
0.31748,0,6.873885164764919e-06,-1.4649855609420769e-08,-5.4699001558206054e-15,1,"[0, 0.013714477258278911, 0.31748, 1.0, 1]",1.3096213789533868e-08
0.3175,0,6.874046380472285e-06,-1.466109493019914e-08,-5.478772052551059e-15,1,"[0, 0.01371727446107612, 0.3175, 1.0, 1]",1.3102514069473582e-08
0.3177,0,6.875605846647138e-06,-1.4773677599663821e-08,-5.5680247585009056e-15,1,"[0, 0.013745246489048141, 0.3177, 1.0, 1]",1.3165527945121617e-08
0.31791666666666674,0,6.877187158853455e-06,-1.4896030208424268e-08,-5.6658149283587074e-15,1,"[0, 0.013775549519351182, 0.31791666666666674, 1.0, 1]",1.3233814710732414e-08
0.31792,0,6.877210608551899e-06,-1.489791570309083e-08,-5.667328361942452e-15,1,"[0, 0.013776015719817371, 0.31792, 1.0, 1]",1.323486544515381e-08
0.31814,0,6.878699450479202e-06,-1.5022568815752956e-08,-5.767818468533711e-15,1,"[0, 0.013806784950586602, 0.31814, 1.0, 1]",1.3304224682908048e-08
0.31833333333333336,0,6.879912131530348e-06,-1.513245418744115e-08,-5.857113388289652e-15,1,"[0, 0.013833824577626237, 0.31833333333333336, 1.0, 1]",1.336519341405935e-08
0.31836,0,6.8800723724290516e-06,-1.514763583370009e-08,-5.869502577236041e-15,1,"[0, 0.013837554181355832, 0.31836, 1.0, 1]",1.3373604053530488e-08
0.31858,0,6.881329374401437e-06,-1.5273115652982756e-08,-5.972388183336336e-15,1,"[0, 0.013868323412125062, 0.31858, 1.0, 1]",1.344300195403457e-08
0.31875,0,6.882221298502978e-06,-1.5370359367484758e-08,-6.052718365964167e-15,1,"[0, 0.013892099635901291, 0.31875, 1.0, 1]",1.3496639282240423e-08
0.3188,0,6.882470456396365e-06,-1.5399007169649996e-08,-6.076482778197226e-15,1,"[0, 0.013899092642894292, 0.3188, 1.0, 1]",1.3512416783302713e-08
0.31901999999999997,0,6.8834956184138334e-06,-1.5525309279753182e-08,-6.181793849012935e-15,1,"[0, 0.013929861873663529, 0.31901999999999997, 1.0, 1]",1.3581846942085469e-08
0.3191666666666667,0,6.884114659771335e-06,-1.5609738248792603e-08,-6.252680744919031e-15,1,"[0, 0.013950374694176353, 0.3191666666666667, 1.0, 1]",1.36281414420958e-08
0.31923999999999997,0,6.884404860453844e-06,-1.5652020879341993e-08,-6.288328878559491e-15,1,"[0, 0.013960631104432759, 0.31923999999999997, 1.0, 1]",1.3651290832999399e-08
0.31945999999999997,0,6.8851981825164005e-06,-1.5779140864466953e-08,-6.3960953449511474e-15,1,"[0, 0.013991400335201989, 0.31945999999999997, 1.0, 1]",1.3720746860532164e-08
0.31958333333333333,0,6.885592215335432e-06,-1.5850583331600505e-08,-6.457051352584627e-15,1,"[0, 0.014008649752451408, 0.31958333333333333, 1.0, 1]",1.3759689044484445e-08
0.31968,0,6.885875584601495e-06,-1.5906668131177317e-08,-6.505100721393718e-15,1,"[0, 0.014022169565971226, 0.31968, 1.0, 1]",1.3790213431036589e-08
0.3199,0,6.8864370667091295e-06,-1.6034601575524033e-08,-6.615352475943019e-15,1,"[0, 0.014052938796740456, 0.3199, 1.0, 1]",1.385968895273575e-08
0.32000000000000006,0,6.88665396519526e-06,-1.60928871161464e-08,-6.665880954305592e-15,1,"[0, 0.014066924810726477, 0.32000000000000006, 1.0, 1]",1.3891271264301152e-08
0.32012,0,6.886882628839306e-06,-1.616294009355699e-08,-6.726858071259232e-15,1,"[0, 0.014083708027509686, 0.32012, 1.0, 1]",1.3929171835718735e-08
0.32034,0,6.8872122709920235e-06,-1.6291682581327138e-08,-6.839624964366252e-15,1,"[0, 0.014114477258278916, 0.32034, 1.0, 1]",1.3998660491945303e-08
0.3204166666666667,0,6.887299909350816e-06,-1.6336642102665046e-08,-6.879220247390531e-15,1,"[0, 0.014125199869001525, 0.3204166666666667, 1.0, 1]",1.4022877300471038e-08
0.32056,0,6.887425993167289e-06,-1.6420827934883307e-08,-6.953660606407215e-15,1,"[0, 0.014145246489048146, 0.32056, 1.0, 1]",1.4068153335240807e-08
0.32078,0,6.88752379536509e-06,-1.6550375050276233e-08,-7.06897244240714e-15,1,"[0, 0.014176015719817376, 0.32078, 1.0, 1]",1.4137648781297881e-08
0.3208333333333333,0,6.8875300478021105e-06,-1.6581840791393323e-08,-7.0971198552076665e-15,1,"[0, 0.01418347492727658, 0.3208333333333333, 1.0, 1]",1.4154496375958017e-08
0.321,0,6.887505677585433e-06,-1.6680322823556653e-08,-7.185567911031175e-15,1,"[0, 0.014206784950586606, 0.321, 1.0, 1]",1.4207145247682796e-08
0.32122,0,6.887371639828317e-06,-1.6810670150774457e-08,-7.303454444344546e-15,1,"[0, 0.014237554181355836, 0.32122, 1.0, 1]",1.4276641153821909e-08
0.32125000000000004,0,6.887344380549137e-06,-1.682847568256853e-08,-7.319630321311394e-15,1,"[0, 0.014241749985551649, 0.32125000000000004, 1.0, 1]",1.4286117737762257e-08
0.32144,0,6.887121682093744e-06,-1.69414159279789e-08,-7.422639467574224e-15,1,"[0, 0.014268323412125066, 0.32144, 1.0, 1]",1.4346134921016059e-08
0.32166,0,6.886755804381716e-06,-1.7072559051220928e-08,-7.543130398873346e-15,1,"[0, 0.014299092642894296, 0.32166, 1.0, 1]",1.4415624972432523e-08
0.32166666666666666,0,6.886742907591892e-06,-1.7076539276426274e-08,-7.546802103605146e-15,1,"[0, 0.014300025043826697, 0.32166666666666666, 1.0, 1]",1.441773065691552e-08
0.32188,0,6.886274006692225e-06,-1.7204098416550856e-08,-7.664934649082224e-15,1,"[0, 0.014329861873663526, 0.32188, 1.0, 1]",1.4485109733102898e-08
0.3220833333333334,0,6.885725628930385e-06,-1.7326024073203856e-08,-7.778685568546096e-15,1,"[0, 0.014358300102101765, 0.3220833333333334, 1.0, 1]",1.4549324428489633e-08
0.3221,0,6.885676289025276e-06,-1.7336032920018998e-08,-7.788059621492813e-15,1,"[0, 0.014360631104432763, 0.3221, 1.0, 1]",1.45545876299303e-08
0.32232,0,6.884962651380869e-06,-1.746836145767503e-08,-7.912512711612812e-15,1,"[0, 0.014391400335201993, 0.32232, 1.0, 1]",1.4624057091687671e-08
0.3225,0,6.884292544564609e-06,-1.7576922573136672e-08,-8.015330985380331e-15,1,"[0, 0.01441657516037682, 0.3225, 1.0, 1]",1.4680888371587175e-08
0.32254,0,6.884133093759002e-06,-1.760108292556863e-08,-8.038301306931739e-15,1,"[0, 0.014422169565971223, 0.32254, 1.0, 1]",1.4693516549010576e-08
0.32276,0,6.883187616159682e-06,-1.7734196219751596e-08,-8.165432786689253e-15,1,"[0, 0.014452938796740453, 0.32276, 1.0, 1]",1.4762964434407371e-08
0.32291666666666674,0,6.88244365449456e-06,-1.7829227276462233e-08,-8.256788520421925e-15,1,"[0, 0.014474850218651882, 0.32291666666666674, 1.0, 1]",1.4812411829348245e-08
0.32298,0,6.8821262185829e-06,-1.7867700236272543e-08,-8.293914521637228e-15,1,"[0, 0.014483708027509683, 0.32298, 1.0, 1]",1.4832399182252428e-08
0.3232,0,6.8809489010286575e-06,-1.8001593871181788e-08,-8.423753873812247e-15,1,"[0, 0.014514477258278913, 0.3232, 1.0, 1]",1.4901819228788246e-08
0.32333333333333336,0,6.880178958720252e-06,-1.8082930683416782e-08,-8.503108231361944e-15,1,"[0, 0.014533125276926937, 0.32333333333333336, 1.0, 1]",1.49438841689492e-08
0.32342,0,6.879655663496958e-06,-1.813587602053049e-08,-8.554958196303539e-15,1,"[0, 0.014545246489048144, 0.32342, 1.0, 1]",1.4971223012126306e-08
0.32364,0,6.878246505987799e-06,-1.827054558036811e-08,-8.687534833019983e-15,1,"[0, 0.014576015719817374, 0.32364, 1.0, 1]",1.5040608972243677e-08
0.32375,0,6.877498457241676e-06,-1.8338025294236138e-08,-8.75434006161821e-15,1,"[0, 0.014591400335201985, 0.32375, 1.0, 1]",1.5075294781600528e-08
0.32386,0,6.8767214285011885e-06,-1.840560144674476e-08,-8.821491118462644e-15,1,"[0, 0.014606784950586604, 0.32386, 1.0, 1]",1.5109975550989793e-08
0.32408000000000003,0,6.875080431037112e-06,-1.8541042515710955e-08,-8.95683437749569e-15,1,"[0, 0.01463755418135584, 0.32408000000000003, 1.0, 1]",1.517932119207714e-08
0.3241666666666667,0,6.874402150058826e-06,-1.8594503609157177e-08,-9.01053383472261e-15,1,"[0, 0.014649675393477054, 0.3241666666666667, 1.0, 1]",1.5206633082546435e-08
0.32430000000000003,0,6.873323513595573e-06,-1.86768676833168e-08,-9.093571925117411e-15,1,"[0, 0.01466832341212507, 0.32430000000000003, 1.0, 1]",1.5248644341088454e-08
0.32452000000000003,0,6.8714506761765805e-06,-1.88130758456124e-08,-9.23171106623333e-15,1,"[0, 0.0146990926428943, 0.32452000000000003, 1.0, 1]",1.531794344547629e-08
0.32458333333333333,0,6.870890037171716e-06,-1.8852358128416988e-08,-9.271739248743014e-15,1,"[0, 0.014707950451752109, 0.32458333333333333, 1.0, 1]",1.5337888511069073e-08
0.32474000000000003,0,6.869461918780136e-06,-1.8949665898648273e-08,-9.371259095430109e-15,1,"[0, 0.01472986187366353, 0.32474000000000003, 1.0, 1]",1.5387216954559644e-08
0.32496,0,6.867357241406227e-06,-1.9086636738473255e-08,-9.512223296747674e-15,1,"[0, 0.01476063110443276, 0.32496, 1.0, 1]",1.5456463319523527e-08
0.32500000000000007,0,6.8669621185803316e-06,-1.9111581352250968e-08,-9.53800587074086e-15,1,"[0, 0.014766225510027178, 0.32500000000000007, 1.0, 1]",1.5469050530485578e-08
0.32518,0,6.865136644054859e-06,-1.922398726113914e-08,-9.654610943459046e-15,1,"[0, 0.014791400335201998, 0.32518, 1.0, 1]",1.552568099342489e-08
0.3254,0,6.862800126726034e-06,-1.9361716362695604e-08,-9.798429297841027e-15,1,"[0, 0.014822169565971228, 0.3254, 1.0, 1]",1.5594868431186277e-08
0.3254166666666667,0,6.862618394284692e-06,-1.9372165780896204e-08,-9.809383131270961e-15,1,"[0, 0.014824500568302226, 0.3254166666666667, 1.0, 1]",1.560010862814722e-08
0.32562,0,6.860347689419749e-06,-1.9499822939191904e-08,-9.943685610952569e-15,1,"[0, 0.014852938796740458, 0.32562, 1.0, 1]",1.5664024089598783e-08
0.3258333333333333,0,6.857858864284774e-06,-1.963410391458915e-08,-1.0085920318912395e-14,1,"[0, 0.01488277562657728, 0.3258333333333333, 1.0, 1]",1.573105231544153e-08
0.32584,0,6.857779332136011e-06,-1.963830588667941e-08,-1.0090387122414936e-14,1,"[0, 0.014883708027509688, 0.32584, 1.0, 1]",1.5733146427319942e-08
0.32606,0,6.8550950548748096e-06,-1.977716410120759e-08,-1.0238541060185736e-14,1,"[0, 0.014914477258278918, 0.32606, 1.0, 1]",1.5802233904880503e-08
0.32625000000000004,0,6.852683528580588e-06,-1.9897388253566685e-08,-1.036766657483965e-14,1,"[0, 0.01494105068485235, 0.32625000000000004, 1.0, 1]",1.5861871127790162e-08
0.32628,0,6.8522948576361504e-06,-1.991639647882718e-08,-1.0388154640341356e-14,1,"[0, 0.014945246489048148, 0.32628, 1.0, 1]",1.5871284984671296e-08
0.3265,0,6.849378740420032e-06,-2.0056001915587858e-08,-1.0539235066854337e-14,1,"[0, 0.014976015719817378, 0.3265, 1.0, 1]",1.5940298130959332e-08
0.32666666666666666,0,6.847092387172146e-06,-2.0162011298064415e-08,-1.0654670887427745e-14,1,"[0, 0.014999325743127397, 0.32666666666666666, 1.0, 1]",1.5992554624650614e-08
0.32672,0,6.846346703226456e-06,-2.0195979307540148e-08,-1.069178953137609e-14,1,"[0, 0.015006784950586608, 0.32672, 1.0, 1]",1.6009271809874245e-08
0.32694,0,6.843198746055427e-06,-2.0336327550733516e-08,-1.0845825213016287e-14,1,"[0, 0.015037554181355838, 0.32694, 1.0, 1]",1.6078204489415497e-08
0.3270833333333334,0,6.8410854400594254e-06,-2.042796554831985e-08,-1.0946982086899388e-14,1,"[0, 0.015057600801402466, 0.3270833333333334, 1.0, 1]",1.6123092389517055e-08
0.32716,0,6.839934868906933e-06,-2.0477045541219546e-08,-1.1001349278128598e-14,1,"[0, 0.015068323412125068, 0.32716, 1.0, 1]",1.6147094639449407e-08
0.32738,0,6.8365550717809806e-06,-2.0618132175046223e-08,-1.115836888008747e-14,1,"[0, 0.015099092642894298, 0.32738, 1.0, 1]",1.6215940731713394e-08
0.3275,0,6.834662687242439e-06,-2.069524350456818e-08,-1.1244648840000982e-14,1,"[0, 0.015115875859677514, 0.3275, 1.0, 1]",1.6253474029915674e-08
0.3276,0,6.83305935467757e-06,-2.0759586348265976e-08,-1.131689115908086e-14,1,"[0, 0.015129861873663528, 0.3276, 1.0, 1]",1.6284741239809192e-08
0.32782,0,6.829447717596702e-06,-2.0901406956927425e-08,-1.1476923241885746e-14,1,"[0, 0.015160631104432758, 0.32782, 1.0, 1]",1.635349463920921e-08
0.32791666666666663,0,6.827824128721192e-06,-2.096383766704691e-08,-1.1547719644725175e-14,1,"[0, 0.015174150917952569, 0.32791666666666663, 1.0, 1]",1.6383689177413995e-08
0.32804,0,6.82572016053838e-06,-2.1043592897082366e-08,-1.1638472241661375e-14,1,"[0, 0.015191400335201988, 0.32804, 1.0, 1]",1.6422199407253567e-08
0.32826,0,6.821876683502594e-06,-2.118614306477878e-08,-1.180154525772764e-14,1,"[0, 0.015222169565971218, 0.32826, 1.0, 1]",1.6490854023148813e-08
0.32833333333333337,0,6.820569764495674e-06,-2.1233740535992496e-08,-1.1856242825061443e-14,1,"[0, 0.015232425976227638, 0.32833333333333337, 1.0, 1]",1.6513727487607328e-08
0.32848,0,6.817917286489349e-06,-2.1329056356068468e-08,-1.196614937536077e-14,1,"[0, 0.015252938796740449, 0.32848, 1.0, 1]",1.655945696796921e-08
0.3287,0,6.8138419694986474e-06,-2.1472331667001102e-08,-1.2132291665574439e-14,1,"[0, 0.015283708027509686, 0.3287, 1.0, 1]",1.6628006724661386e-08
0.32875,0,6.812899594565891e-06,-2.1504944611640336e-08,-1.2170266525787123e-14,1,"[0, 0.015290701034502686, 0.32875, 1.0, 1]",1.66435786401302e-08
0.32892,0,6.809650732530486e-06,-2.1615967893626998e-08,-1.2299979184911569e-14,1,"[0, 0.015314477258278916, 0.32892, 1.0, 1]",1.6696501778033746e-08
0.32914,0,6.805343575584872e-06,-2.1759963931995622e-08,-1.2469218975232027e-14,1,"[0, 0.015345246489048146, 0.32914, 1.0, 1]",1.6764940614768756e-08
0.3291666666666667,0,6.804813618931834e-06,-2.1777442394228363e-08,-1.2489838707299563e-14,1,"[0, 0.015348976092777755, 0.3291666666666667, 1.0, 1]",1.677323233865593e-08
0.32936,0,6.800920498661795e-06,-2.1904318678158133e-08,-1.264001806350587e-14,1,"[0, 0.015376015719817376, 0.32936, 1.0, 1]",1.683332172341278e-08
0.32958,0,6.7963815017612586e-06,-2.2049031028164422e-08,-1.2812383461600908e-14,1,"[0, 0.015406784950586606, 0.32958, 1.0, 1]",1.690164359438285e-08
0.32958333333333334,0,6.796311837593512e-06,-2.2051226383992397e-08,-1.2815007140475565e-14,1,"[0, 0.01540725115105281, 0.32958333333333334, 1.0, 1]",1.6902678310885205e-08
0.3298,0,6.7917265848832635e-06,-2.2194099878064167e-08,-1.2986322166075762e-14,1,"[0, 0.015437554181355836, 0.3298, 1.0, 1]",1.6969904719960318e-08
0.33000000000000007,0,6.78739425055093e-06,-2.2326289081169315e-08,-1.3145819401576723e-14,1,"[0, 0.015465526209327878, 0.33000000000000007, 1.0, 1]",1.7031906308559617e-08
0.33002,0,6.786955748027809e-06,-2.233952412390789e-08,-1.3161841157973793e-14,1,"[0, 0.015468323412125066, 0.33002, 1.0, 1]",1.703810359429891e-08
0.33024,0,6.7820689911949045e-06,-2.248530266174591e-08,-1.333894740261525e-14,1,"[0, 0.015499092642894296, 0.33024, 1.0, 1]",1.710623871341793e-08
0.3304166666666667,0,6.778060857804073e-06,-2.2602622985994088e-08,-1.3482322867184393e-14,1,"[0, 0.015523801267602926, 0.3304166666666667, 1.0, 1]",1.716090610745405e-08
0.33046,0,6.777066314384535e-06,-2.263143438762811e-08,-1.3517647849391283e-14,1,"[0, 0.015529861873663526, 0.33046, 1.0, 1]",1.7174308575205673e-08
0.33068,0,6.771947717596706e-06,-2.277791819760502e-08,-1.3697949431560223e-14,1,"[0, 0.015560631104432756, 0.33068, 1.0, 1]",1.7242311679417283e-08
0.3308333333333333,0,6.76831165935295e-06,-2.2880220598705076e-08,-1.3824564709181421e-14,1,"[0, 0.015582076325877981, 0.3308333333333333, 1.0, 1]",1.7289667507381763e-08
0.33089999999999997,0,6.766713200831418e-06,-2.292475298772589e-08,-1.38798590660411e-14,1,"[0, 0.015591400335201986, 0.33089999999999997, 1.0, 1]",1.7310246527678583e-08
0.33111999999999997,0,6.7613627640886735e-06,-2.307193765404167e-08,-1.4063383653213917e-14,1,"[0, 0.015622169565971216, 0.33111999999999997, 1.0, 1]",1.7378111623478868e-08
0.33125000000000004,0,6.7581466551975654e-06,-2.3159074419537463e-08,-1.4172591889756401e-14,1,"[0, 0.015640351384153043, 0.33125000000000004, 1.0, 1]",1.7418180332186333e-08
0.33133999999999997,0,6.755896407368475e-06,-2.3219471092603735e-08,-1.424853007671555e-14,1,"[0, 0.015652938796740446, 0.33133999999999997, 1.0, 1]",1.7445905472179796e-08
0.33155999999999997,0,6.750314130670813e-06,-2.3367352199459854e-08,-1.4435305203232906e-14,1,"[0, 0.015683708027509676, 0.33155999999999997, 1.0, 1]",1.7513626581010736e-08
0.33166666666666667,0,6.747565845337908e-06,-2.3439176948728972e-08,-1.4526451156459688e-14,1,"[0, 0.015698626442428098, 0.33166666666666667, 1.0, 1]",1.7546434429750136e-08
0.33177999999999996,0,6.744615933995692e-06,-2.3515579870661188e-08,-1.4623715882310692e-14,1,"[0, 0.015714477258278906, 0.33177999999999996, 1.0, 1]",1.758127345906453e-08
0.33199999999999996,0,6.738801817343113e-06,-2.366415300225805e-08,-1.481376894614596e-14,1,"[0, 0.015745246489048136, 0.33199999999999996, 1.0, 1]",1.7648844617308074e-08
0.3320833333333334,0,6.736569229773985e-06,-2.3720520686514576e-08,-1.4886189037282694e-14,1,"[0, 0.015756901500703167, 0.3320833333333334, 1.0, 1]",1.7674419671989686e-08
0.33221999999999996,0,6.7328717807130705e-06,-2.3813070490301175e-08,-1.5005471209390318e-14,1,"[0, 0.015776015719817373, 0.33221999999999996, 1.0, 1]",1.771633856857217e-08
0.33244,0,6.726825824105579e-06,-2.396233123083961e-08,-1.5198829468948633e-14,1,"[0, 0.01580678495058661, 0.33244, 1.0, 1]",1.778375382755786e-08
0.3325,0,6.725156808505793e-06,-2.4003098133131786e-08,-1.525185183578725e-14,1,"[0, 0.015815176558978215, 0.3325, 1.0, 1]",1.78021259548569e-08
0.33266,0,6.720663947520625e-06,-2.4111934119924298e-08,-1.539385050378588e-14,1,"[0, 0.01583755418135584, 0.33266, 1.0, 1]",1.785108891083305e-08
0.33288,0,6.7143861509582115e-06,-2.426187805360492e-08,-1.5590541074726052e-14,1,"[0, 0.01586832341212507, 0.33288, 1.0, 1]",1.7918342336834628e-08
0.33291666666666664,0,6.713328581533337e-06,-2.4286901788816633e-08,-1.5623485626260108e-14,1,"[0, 0.01587345161725327, 0.33291666666666664, 1.0, 1]",1.792954319833995e-08
0.3331,0,6.70799243441834e-06,-2.4412161927932213e-08,-1.5788907924259015e-14,1,"[0, 0.0158990926428943, 0.3331, 1.0, 1]",1.7985512625866335e-08
0.33332,0,6.7014827979010155e-06,-2.4562784638955853e-08,-1.598895777634234e-14,1,"[0, 0.01592986187366353, 0.33332, 1.0, 1]",1.8052598300099625e-08
0.33333333333333337,0,6.701084548856613e-06,-2.4571924153806842e-08,-1.600113624891343e-14,1,"[0, 0.01593172667552834, 0.33333333333333337, 1.0, 1]",1.805666134646157e-08
0.33354,0,6.694857241406228e-06,-2.4713745082725943e-08,-1.619069733620866e-14,1,"[0, 0.01596063110443276, 0.33354, 1.0, 1]",1.8119597883577046e-08
0.33375,0,6.688424710475619e-06,-2.485815772833675e-08,-1.6384849305111345e-14,1,"[0, 0.015990001733803386, 0.33375, 1.0, 1]",1.8183470367279054e-08
0.33376,0,6.688115764933981e-06,-2.4865042155293007e-08,-1.6394133290171898e-14,1,"[0, 0.01599140033520199, 0.33376, 1.0, 1]",1.8186509902205466e-08
0.33398,0,6.6812583684842755e-06,-2.5016674752706935e-08,-1.659927230543285e-14,1,"[0, 0.01602216956597122, 0.33398, 1.0, 1]",1.8253332883761154e-08
0.3341666666666667,0,6.675349066390357e-06,-2.51455950126445e-08,-1.677467015264956e-14,1,"[0, 0.016048276792078455, 0.3341666666666667, 1.0, 1]",1.830996025288552e-08
0.3342,0,6.674285052057111e-06,-2.5168641771018464e-08,-1.6806121029888984e-14,1,"[0, 0.01605293879674045, 0.3342, 1.0, 1]",1.8320065357891053e-08
0.33442,0,6.667195815652497e-06,-2.5320942106276847e-08,-1.7014686091939915e-14,1,"[0, 0.01608370802750968, 0.33442, 1.0, 1]",1.8386705856105153e-08
0.33458333333333334,0,6.6618576166008345e-06,-2.5434228506965704e-08,-1.7170643901053882e-14,1,"[0, 0.01610655185035351, 0.33458333333333334, 1.0, 1]",1.8436121019409928e-08
0.33464,0,6.659990659270416e-06,-2.5473574654533034e-08,-1.7224974100301082e-14,1,"[0, 0.01611447725827891, 0.33464, 1.0, 1]",1.8453252911783693e-08
0.33486,0,6.652669582910876e-06,-2.5626538311837125e-08,-1.7436991643810534e-14,1,"[0, 0.01614524648904814, 0.33486, 1.0, 1]",1.851970506017801e-08
0.3350000000000001,0,6.647950361107034e-06,-2.572405071153766e-08,-1.7572815406929656e-14,1,"[0, 0.016164826908628572, 0.3350000000000001, 1.0, 1]",1.8561942707017057e-08
0.33508,0,6.64523258657388e-06,-2.57798319742388e-08,-1.765074529124046e-14,1,"[0, 0.01617601571981737, 0.33508, 1.0, 1]",1.858606083840418e-08
0.3353,0,6.6376796702594235e-06,-2.593345453778858e-08,-1.7866241591110767e-14,1,"[0, 0.016206784950586608, 0.3353, 1.0, 1]",1.8652318785444298e-08
0.3354166666666667,0,6.6336272999089785e-06,-2.601505412659513e-08,-1.7981229269336588e-14,1,"[0, 0.016223101966903627, 0.3354166666666667, 1.0, 1]",1.8687415379904557e-08
0.33552000000000004,0,6.630010833967513e-06,-2.608740489853657e-08,-1.8083487071499914e-14,1,"[0, 0.016237554181355845, 0.33552000000000004, 1.0, 1]",1.8718477442154936e-08
0.33574000000000004,0,6.62222607769814e-06,-2.624168195253287e-08,-1.830248823985888e-14,1,"[0, 0.016268323412125075, 0.33574000000000004, 1.0, 1]",1.8784535351252758e-08
0.3358333333333333,0,6.618888433006653e-06,-2.630723125237711e-08,-1.839592982521563e-14,1,"[0, 0.01628137702517868, 0.3358333333333333, 1.0, 1]",1.8812529126307604e-08
0.33596000000000004,0,6.614325401451309e-06,-2.6396284595827584e-08,-1.852325158282538e-14,1,"[0, 0.016299092642894305, 0.33596000000000004, 1.0, 1]",1.8850491057330175e-08
0.33618000000000003,0,6.6063088052270195e-06,-2.6551211724471232e-08,-1.8745783566039435e-14,1,"[0, 0.016329861873663535, 0.33618000000000003, 1.0, 1]",1.891634310684223e-08
0.33625000000000005,0,6.603733760400051e-06,-2.6600574589118354e-08,-1.8816961144831455e-14,1,"[0, 0.016339652083453744, 0.33625000000000005, 1.0, 1]",1.89372740584972e-08
0.33640000000000003,0,6.598176289025272e-06,-2.670646223451392e-08,-1.8970090633957985e-14,1,"[0, 0.016360631104432765, 0.33640000000000003, 1.0, 1]",1.8982090048113364e-08
0.33662000000000003,0,6.589927852846071e-06,-2.686203502200532e-08,-1.9196179209671428e-14,1,"[0, 0.016391400335201995, 0.33662000000000003, 1.0, 1]",1.9047730431338267e-08
0.33666666666666667,0,6.588163282089193e-06,-2.6895076637055956e-08,-1.9244367027272816e-14,1,"[0, 0.0163979271417288, 0.33666666666666667, 1.0, 1]",1.9061640312776372e-08
0.33684000000000003,0,6.581563496689406e-06,-2.7017928982995964e-08,-1.9424055694722886e-14,1,"[0, 0.016422169565971225, 0.33684000000000003, 1.0, 1]",1.911326280857595e-08
0.33706,0,6.573083220555283e-06,-2.717414301353595e-08,-1.9653726468924508e-14,1,"[0, 0.016452938796740455, 0.33706, 1.0, 1]",1.9178685733757787e-08
0.3370833333333334,0,6.57217699807406e-06,-2.7190729896425733e-08,-1.9678190995975435e-14,1,"[0, 0.016456202200003867, 0.3370833333333334, 1.0, 1]",1.9185618049487782e-08
0.33728,0,6.564487024443701e-06,-2.73306760096758e-08,-1.988519789017772e-14,1,"[0, 0.016483708027509685, 0.33728, 1.0, 1]",1.9243997762679053e-08
0.3375,0,6.55577490835466e-06,-2.7487526867465197e-08,-2.011847629429114e-14,1,"[0, 0.016514477258278915, 0.3375, 1.0, 1]",1.9309197453004845e-08
0.33772,0,6.546946872288169e-06,-2.764469448295424e-08,-2.0353567994802985e-14,1,"[0, 0.016545246489048145, 0.33772, 1.0, 1]",1.9374283364269662e-08
0.33791666666666664,0,6.538957012931001e-06,-2.7785460050409533e-08,-2.0565265881083637e-14,1,"[0, 0.01657275231655397, 0.33791666666666664, 1.0, 1]",1.9432368731741463e-08
0.33794,0,6.538002916244211e-06,-2.7802177752193454e-08,-2.059047928280251e-14,1,"[0, 0.016576015719817375, 0.33794, 1.0, 1]",1.943925405787317e-08
0.33816,0,6.528943040222796e-06,-2.7959975571233364e-08,-2.0829216426751523e-14,1,"[0, 0.016606784950586605, 0.33816, 1.0, 1]",1.950410809708486e-08
0.3383333333333334,0,6.521723311803062e-06,-2.8084521945496675e-08,-2.1018602426374584e-14,1,"[0, 0.01663102737482904, 0.3383333333333334, 1.0, 1]",1.9555122118141864e-08
0.33838,0,6.519767244223921e-06,-2.8118086836123224e-08,-2.1069785672305463e-14,1,"[0, 0.016637554181355842, 0.33838, 1.0, 1]",1.956884404704278e-08
0.3386,0,6.510475528247589e-06,-2.827651044291356e-08,-2.1312193242140964e-14,1,"[0, 0.016668323412125072, 0.3386, 1.0, 1]",1.963346047475183e-08
0.33875,0,6.504073804970873e-06,-2.838470505296202e-08,-2.1478528307011027e-14,1,"[0, 0.016689302433104087, 0.33875, 1.0, 1]",1.9677447868688647e-08
0.33882,0,6.501067892293805e-06,-2.8435245287654895e-08,-2.1556445335778557e-14,1,"[0, 0.016699092642894302, 0.33882, 1.0, 1]",1.969795594908421e-08
0.33904,0,6.491544336362555e-06,-2.8594290266397332e-08,-2.1802548129407385e-14,1,"[0, 0.016729861873663533, 0.33904, 1.0, 1]",1.9762329040782774e-08
0.3391666666666667,0,6.486008492434399e-06,-2.8686001873042656e-08,-2.1945085602383996e-14,1,"[0, 0.016747577491379156, 0.3391666666666667, 1.0, 1]",1.979933626389897e-08
0.33926,0,6.481904860453848e-06,-2.875364427519055e-08,-2.2050507775711324e-14,1,"[0, 0.016760631104432763, 0.33926, 1.0, 1]",1.9826578322455557e-08
0.33948,0,6.472149464567682e-06,-2.891330621008507e-08,-2.2300330403697944e-14,1,"[0, 0.016791400335201993, 0.33948, 1.0, 1]",1.9890702368581682e-08
0.33958333333333335,0,6.467527374193665e-06,-2.8988404905974613e-08,-2.2418316090173378e-14,1,"[0, 0.01680585254965421, 0.33958333333333335, 1.0, 1]",1.99207776083254e-08
0.3397,0,6.462278148704056e-06,-2.9073274967130572e-08,-2.255202211852364e-14,1,"[0, 0.016822169565971223, 0.3397, 1.0, 1]",1.9954699755505865e-08
0.33992,0,6.452290912862977e-06,-2.923354944237864e-08,-2.2805589001326487e-14,1,"[0, 0.016852938796740453, 0.33992, 1.0, 1]",2.0018569061441375e-08
0.33999999999999997,0,6.44863045024867e-06,-2.929190665199477e-08,-2.2898261242136746e-14,1,"[0, 0.01686412760792926, 0.33999999999999997, 1.0, 1]",2.0041762230553367e-08
0.34014,0,6.442187757044435e-06,-2.9394128531877894e-08,-2.3061037109047974e-14,1,"[0, 0.016883708027509683, 0.34014, 1.0, 1]",2.0082308866468343e-08
0.34036,0,6.4319686812484345e-06,-2.9555011131678646e-08,-2.3318372474270473e-14,1,"[0, 0.016914477258278913, 0.34036, 1.0, 1]",2.0145917752537572e-08
0.3404166666666667,0,6.429317720599398e-06,-2.9596499611339577e-08,-2.3384962219930132e-14,1,"[0, 0.016922402666204327, 0.3404166666666667, 1.0, 1]",2.0162280483209217e-08
0.34058,0,6.421633685474976e-06,-2.9716196137832056e-08,-2.3577601105046878e-14,1,"[0, 0.016945246489048143, 0.34058, 1.0, 1]",2.0209394303469266e-08
0.3408,0,6.411182769724058e-06,-2.9877682446388013e-08,-2.3838728984729014e-14,1,"[0, 0.016976015719817373, 0.3408, 1.0, 1]",2.027273710494583e-08
0.3408333333333333,0,6.409589185245861e-06,-2.9902176284244645e-08,-2.3878459870966903e-14,1,"[0, 0.016980677724479375, 0.3408333333333333, 1.0, 1]",2.0282322742949617e-08
0.34102,0,6.400615933995691e-06,-3.003946895339577e-08,-2.4101762071801152e-14,1,"[0, 0.017006784950586603, 0.34102, 1.0, 1]",2.0335944744520348e-08
0.34124,0,6.389933178289857e-06,-3.020155455490607e-08,-2.436670629971678e-14,1,"[0, 0.017037554181355833, 0.34124, 1.0, 1]",2.0399015811617412e-08
0.34125000000000005,0,6.389444844188059e-06,-3.020892917094791e-08,-2.4378794724319283e-14,1,"[0, 0.017038952782754444, 0.34125000000000005, 1.0, 1]",2.0401879410467915e-08
0.34146,0,6.379134502606564e-06,-3.036393814697028e-08,-2.4633567576731452e-14,1,"[0, 0.017068323412125063, 0.34146, 1.0, 1]",2.0461948897524672e-08
0.3416666666666667,0,6.368884697425991e-06,-3.051675077168455e-08,-2.4886006986643463e-14,1,"[0, 0.0170972278410295, 0.3416666666666667, 1.0, 1]",2.052094091049244e-08
0.34168,0,6.368219906945814e-06,-3.052661862563596e-08,-2.49023517857304e-14,1,"[0, 0.017099092642894293, 0.34168, 1.0, 1]",2.0524742595400446e-08
0.3419,0,6.357189391307605e-06,-3.0689594886955544e-08,-2.5173064784078523e-14,1,"[0, 0.01712986187366353, 0.3419, 1.0, 1]",2.0587395500271186e-08
0.3420833333333334,0,6.347908744959654e-06,-3.0825633586692295e-08,-2.5400136538158292e-14,1,"[0, 0.017155502899304568, 0.3420833333333334, 1.0, 1]",2.0639497691789046e-08
0.34212,0,6.346042955691944e-06,-3.085286582697828e-08,-2.5445712403443747e-14,1,"[0, 0.01716063110443276, 0.34212, 1.0, 1]",2.0649906209029778e-08
0.34234,0,6.334780600098819e-06,-3.10164303417547e-08,-2.5720300449641662e-14,1,"[0, 0.01719140033520199, 0.34234, 1.0, 1]",2.0712273320438088e-08
0.3425,0,6.326516986789048e-06,-3.1135570116206326e-08,-2.5921222928643882e-14,1,"[0, 0.017213777957579616, 0.3425, 1.0, 1]",2.0757540227155183e-08
0.34256,0,6.323402324528234e-06,-3.118028732733427e-08,-2.59968347024698e-14,1,"[0, 0.01722216956597122, 0.34256, 1.0, 1]",2.0774495435127807e-08
0.34278,0,6.311908128980191e-06,-3.134443567976772e-08,-2.627532091555047e-14,1,"[0, 0.01725293879674045, 0.34278, 1.0, 1]",2.083657115559537e-08
0.34291666666666665,0,6.304709422914176e-06,-3.144655286046373e-08,-2.6449305373492783e-14,1,"[0, 0.01727205301585467, 0.34291666666666665, 1.0, 1]",2.0875059013429213e-08
0.34299999999999997,0,6.300298013454689e-06,-3.1508874295105366e-08,-2.655576481616767e-14,1,"[0, 0.01728370802750968, 0.34299999999999997, 1.0, 1]",2.089849908620534e-08
0.34321999999999997,0,6.288571977951737e-06,-3.16736020693971e-08,-2.6838172105107622e-14,1,"[0, 0.01731447725827891, 0.34321999999999997, 1.0, 1]",2.0960277833195495e-08
0.3433333333333334,0,6.28248605333504e-06,-3.175857431970139e-08,-2.698442274978711e-14,1,"[0, 0.01733032807412974, 0.3433333333333334, 1.0, 1]",2.099204457147813e-08
0.34343999999999997,0,6.276730022471318e-06,-3.1838617898693234e-08,-2.7122548456501507e-14,1,"[0, 0.01734524648904814, 0.34343999999999997, 1.0, 1]",2.1021906004664972e-08
0.34365999999999997,0,6.264772147013441e-06,-3.2003920679043657e-08,-2.740889951766619e-14,1,"[0, 0.01737601571981737, 0.34365999999999997, 1.0, 1]",2.108338221058442e-08
0.34375,0,6.259846878051633e-06,-3.2071626994155335e-08,-2.7526613592414968e-14,1,"[0, 0.017388603132404788, 0.34375, 1.0, 1]",2.1108487446207294e-08
0.34387999999999996,0,6.252698351578106e-06,-3.216950930649847e-08,-2.7697230908948224e-14,1,"[0, 0.0174067849505866, 0.34387999999999996, 1.0, 1]",2.1144705062792204e-08
0.34409999999999996,0,6.240508636165321e-06,-3.233538267710841e-08,-2.7987548223568304e-14,1,"[0, 0.01743755418135583, 0.34409999999999996, 1.0, 1]",2.1205873174995658e-08
0.34416666666666673,0,6.2367918970639526e-06,-3.238570338406159e-08,-2.8075916090226135e-14,1,"[0, 0.017446878190679856, 0.34416666666666673, 1.0, 1]",2.122437820655875e-08
0.34431999999999996,0,6.228203000775068e-06,-3.250153968692316e-08,-2.82798570274629e-14,1,"[0, 0.01746832341212506, 0.34431999999999996, 1.0, 1]",2.1266885162768135e-08
0.34453999999999996,0,6.215781445407357e-06,-3.266797923199366e-08,-2.8574162859133594e-14,1,"[0, 0.01749909264289429, 0.34453999999999996, 1.0, 1]",2.1327739643551543e-08
0.34458333333333335,0,6.213321110372022e-06,-3.2700795989657884e-08,-2.863236808222626e-14,1,"[0, 0.017505153248954904, 0.34458333333333335, 1.0, 1]",2.133970744550868e-08
0.34476,0,6.203243970062185e-06,-3.283470020836853e-08,-2.8870471229486925e-14,1,"[0, 0.017529861873663535, 0.34476, 1.0, 1]",2.1388435236655495e-08
0.34498,0,6.190590574739558e-06,-3.300170151209936e-08,-2.916878762169057e-14,1,"[0, 0.017560631104432765, 0.34498, 1.0, 1]",2.1448970563259433e-08
0.345,0,6.189434517975813e-06,-3.3016897311178975e-08,-2.9196007053796727e-14,1,"[0, 0.01756342830722996, 0.345, 1.0, 1]",2.145446578006739e-08
0.3452,0,6.177821259439479e-06,-3.316898203923582e-08,-2.946911749101258e-14,1,"[0, 0.017591400335201995, 0.3452, 1.0, 1]",2.1509344246410925e-08
0.3454166666666667,0,6.165132119875338e-06,-3.3333999848863434e-08,-2.976687013297141e-14,1,"[0, 0.017621703365505028, 0.3454166666666667, 1.0, 1]",2.15686438512823e-08
0.34542,0,6.164936024161935e-06,-3.333654068582802e-08,-2.9771466264673925e-14,1,"[0, 0.017622169565971225, 0.34542, 1.0, 1]",2.1569554911022287e-08
0.34564,0,6.151934868906933e-06,-3.350437634792648e-08,-3.007583934169784e-14,1,"[0, 0.017652938796740455, 0.34564, 1.0, 1]",2.162960118387608e-08
0.3458333333333333,0,6.140413916070594e-06,-3.36520961029456e-08,-3.034499408672414e-14,1,"[0, 0.017679978423780076, 0.3458333333333333, 1.0, 1]",2.1682232324236658e-08
0.34586,0,6.138817793674471e-06,-3.36724879215813e-08,-3.038224209275845e-14,1,"[0, 0.017683708027509685, 0.34586, 1.0, 1]",2.1689481693623847e-08
0.34608,0,6.125584798464552e-06,-3.384087430284153e-08,-3.0690679860030495e-14,1,"[0, 0.017714477258278915, 0.34608, 1.0, 1]",2.1749195070784834e-08
0.34625000000000006,0,6.115279906561581e-06,-3.397117857366404e-08,-3.093041531732239e-14,1,"[0, 0.017738253482055145, 0.34625000000000006, 1.0, 1]",2.179522188804615e-08
0.3463,0,6.112235883277181e-06,-3.400953438775874e-08,-3.1001157957047584e-14,1,"[0, 0.017745246489048145, 0.3463, 1.0, 1]",2.1808739947743034e-08
0.34652,0,6.0987710481123445e-06,-3.417846707238283e-08,-3.131368166854703e-14,1,"[0, 0.017776015719817375, 0.34652, 1.0, 1]",2.1868114958753957e-08
0.3466666666666667,0,6.08973009134831e-06,-3.429123976125309e-08,-3.152316985868735e-14,1,"[0, 0.0177965285403302, 0.3466666666666667, 1.0, 1]",2.190760325586187e-08
0.34674,0,6.08519029297005e-06,-3.434767125276369e-08,-3.1628256250326194e-14,1,"[0, 0.017806784950586605, 0.34674, 1.0, 1]",2.1927318739942516e-08
0.34696,0,6.071493617850296e-06,-3.451714582495163e-08,-3.194488692909743e-14,1,"[0, 0.017837554181355835, 0.34696, 1.0, 1]",2.1986349929295402e-08
0.3470833333333334,0,6.063764470430758e-06,-3.461227216595133e-08,-3.2123293372821634e-14,1,"[0, 0.01785480359860527, 0.3470833333333334, 1.0, 1]",2.201936716487413e-08
0.34718,0,6.057681022753085e-06,-3.468688968499612e-08,-3.22635789023406e-14,1,"[0, 0.017868323412125065, 0.34718, 1.0, 1]",2.2045207166674213e-08
0.3474,0,6.043752507678422e-06,-3.485690172894916e-08,-3.25843373381651e-14,1,"[0, 0.017899092642894295, 0.3474, 1.0, 1]",2.2103889093807408e-08
0.34750000000000003,0,6.03738304380895e-06,-3.493426828799309e-08,-3.2730821146242714e-14,1,"[0, 0.017913078656880316, 0.34750000000000003, 1.0, 1]",2.2130504376306115e-08
0.34762,0,6.029708072626293e-06,-3.502718085285895e-08,-3.2907167375154486e-14,1,"[0, 0.017929861873663525, 0.34762, 1.0, 1]",2.2162394354285225e-08
0.34784000000000004,0,6.015547717596699e-06,-3.5197725952776015e-08,-3.323207412223528e-14,1,"[0, 0.01796063110443277, 0.34784000000000004, 1.0, 1]",2.2220721593572385e-08
0.34791666666666665,0,6.010585811482878e-06,-3.525722062761736e-08,-3.334578808648548e-14,1,"[0, 0.01797135371515537, 0.34791666666666665, 1.0, 1]",2.2241005675416408e-08
0.34806000000000004,0,6.0012714425896535e-06,-3.5368535924751725e-08,-3.355906265853231e-14,1,"[0, 0.017991400335202, 0.34806000000000004, 1.0, 1]",2.227886945900047e-08
0.34828000000000003,0,5.986879247605149e-06,-3.553960966483534e-08,-3.3888138033222e-14,1,"[0, 0.01802216956597123, 0.34828000000000003, 1.0, 1]",2.2336836599767074e-08
0.3483333333333334,0,5.983372773452524e-06,-3.558112168505806e-08,-3.396822871860658e-14,1,"[0, 0.018029628773430433, 0.3483333333333334, 1.0, 1]",2.2350861871497308e-08
0.34850000000000003,0,5.972371132643194e-06,-3.571094606907695e-08,-3.421930526539765e-14,1,"[0, 0.01805293879674046, 0.34850000000000003, 1.0, 1]",2.2394621666940466e-08
0.34872000000000003,0,5.957747097703773e-06,-3.5882544033526455e-08,-3.455256934392794e-14,1,"[0, 0.01808370802750969, 0.34872000000000003, 1.0, 1]",2.2452223313455775e-08
0.34875,0,5.95574392971791e-06,-3.590596396055376e-08,-3.459817718176258e-14,1,"[0, 0.018087903831705488, 0.34875, 1.0, 1]",2.246006379787991e-08
0.34894000000000003,0,5.943007142786894e-06,-3.605440245423501e-08,-3.488793522732107e-14,1,"[0, 0.01811447725827892, 0.34894000000000003, 1.0, 1]",2.2509640194114142e-08
0.34916,0,5.9281512678925565e-06,-3.622652022725251e-08,-3.522540784358198e-14,1,"[0, 0.01814524648904815, 0.34916, 1.0, 1]",2.256687096558823e-08
0.34916666666666674,0,5.927699280279033e-06,-3.623173995433922e-08,-3.523566722579017e-14,1,"[0, 0.018146178889980557, 0.34916666666666674, 1.0, 1]",2.2568602311928175e-08
0.34938,0,5.9131794730207675e-06,-3.639889624862842e-08,-3.55649920900768e-14,1,"[0, 0.01817601571981738, 0.34938, 1.0, 1]",2.2623914286417134e-08
0.34958333333333336,0,5.899238825135885e-06,-3.655844216665216e-08,-3.588073220785252e-14,1,"[0, 0.018204453948255605, 0.34958333333333336, 1.0, 1]",2.267646829504062e-08
0.3496,0,5.8980917581715135e-06,-3.657152941441347e-08,-3.59066928333999e-14,1,"[0, 0.01820678495058661, 0.3496, 1.0, 1]",2.2680768817006816e-08
0.34982,0,5.8828881233448e-06,-3.674441862065755e-08,-3.625051490923422e-14,1,"[0, 0.01823755418135584, 0.34982, 1.0, 1]",2.273743321963306e-08
0.35,0,5.870362564288477e-06,-3.688606309772862e-08,-3.653340508910043e-14,1,"[0, 0.01826272900653066, 0.35, 1.0, 1]",2.2783652652653294e-08
0.35004,0,5.867568568540629e-06,-3.691756276341204e-08,-3.659646312222111e-14,1,"[0, 0.01826832341212507, 0.35004, 1.0, 1]",2.2793906158439778e-08
0.35026,0,5.852133093758999e-06,-3.709096073872492e-08,-3.6944542245816834e-14,1,"[0, 0.0182990926428943, 0.35026, 1.0, 1]",2.2850186299436056e-08
0.3504166666666667,0,5.841070497736787e-06,-3.7214595247805464e-08,-3.7193718431384216e-14,1,"[0, 0.01832100406480573, 0.3504166666666667, 1.0, 1]",2.289014631423807e-08
0.35048,0,5.836581698999918e-06,-3.7264611442647985e-08,-3.729475702217367e-14,1,"[0, 0.01832986187366353, 0.35048, 1.0, 1]",2.2906272310504187e-08
0.3507,0,5.820914384263371e-06,-3.743851377123049e-08,-3.764711216199499e-14,1,"[0, 0.01836063110443276, 0.3507, 1.0, 1]",2.2962162861389093e-08
0.35083333333333333,0,5.8113626254808405e-06,-3.754403111711831e-08,-3.786170439399336e-14,1,"[0, 0.018379279123080777, 0.35083333333333333, 1.0, 1]",2.2995940233298414e-08
0.35092,0,5.805131149549366e-06,-3.7612666620523804e-08,-3.8001612344413045e-14,1,"[0, 0.01839140033520199, 0.35092, 1.0, 1]",2.301785662370679e-08
0.35114,0,5.789231994857902e-06,-3.7787068886577185e-08,-3.835826221684972e-14,1,"[0, 0.01842216956597122, 0.35114, 1.0, 1]",2.3073352270940155e-08
0.35125000000000006,0,5.7812389475206235e-06,-3.787436320590403e-08,-3.8537394730442203e-14,1,"[0, 0.018437554181355845, 0.35125000000000006, 1.0, 1]",2.3101025387376173e-08
0.35136,0,5.77321692018898e-06,-3.796171946544052e-08,-3.871706639489215e-14,1,"[0, 0.018452938796740457, 0.35136, 1.0, 1]",2.3128648478441043e-08
0.35158,0,5.757085925542608e-06,-3.813661725316455e-08,-3.907802946216401e-14,1,"[0, 0.018483708027509687, 0.35158, 1.0, 1]",2.3183743923431135e-08
0.3516666666666667,0,5.7506994638561395e-06,-3.820558401439992e-08,-3.922082078528588e-14,1,"[0, 0.0184958292396309, 0.3516666666666667, 1.0, 1]",2.3205392778046475e-08
0.3518,0,5.740839010918768e-06,-3.831176114579958e-08,-3.944115597019469e-14,1,"[0, 0.018514477258278917, 0.3518, 1.0, 1]",2.3238637284993044e-08
0.35202,0,5.7244761763174705e-06,-3.848715003939551e-08,-3.9806450438291654e-14,1,"[0, 0.018545246489048147, 0.35202, 1.0, 1]",2.3293327244086828e-08
0.3520833333333333,0,5.719744174487391e-06,-3.8537686042841176e-08,-3.991201349096939e-14,1,"[0, 0.018554104297905948, 0.3520833333333333, 1.0, 1]",2.3309033430924095e-08
0.35224,0,5.7079974217387145e-06,-3.866278283000222e-08,-4.0173917353414617e-14,1,"[0, 0.018576015719817377, 0.35224, 1.0, 1]",2.3347812483533904e-08
0.35246,0,5.691402747182501e-06,-3.883865841367024e-08,-4.054356117005092e-14,1,"[0, 0.018606784950586607, 0.35246, 1.0, 1]",2.340209168802636e-08
0.35250000000000004,0,5.688373079414372e-06,-3.887066179146488e-08,-4.061100336472703e-14,1,"[0, 0.018612379356181017, 0.35250000000000004, 1.0, 1]",2.3411938395652436e-08
0.35268,0,5.674692152648835e-06,-3.901477568644989e-08,-4.0915386310088646e-14,1,"[0, 0.018637554181355837, 0.35268, 1.0, 1]",2.3456163544123143e-08
0.3529,0,5.657865638137704e-06,-3.919113354439062e-08,-4.128939716269096e-14,1,"[0, 0.018668323412125067, 0.3529, 1.0, 1]",2.3510026740253028e-08
0.35291666666666666,0,5.656586178637086e-06,-3.920450376050727e-08,-4.131782050550481e-14,1,"[0, 0.018670654414456072, 0.35291666666666666, 1.0, 1]",2.3514098745917085e-08
0.35312,0,5.6409232036491144e-06,-3.9367730883543176e-08,-4.166559808417696e-14,1,"[0, 0.018699092642894297, 0.35312, 1.0, 1]",2.3563679966710377e-08
0.3533333333333334,0,5.624383472155532e-06,-3.953920445020544e-08,-4.203249459092886e-14,1,"[0, 0.018728929472731134, 0.3533333333333334, 1.0, 1]",2.361550557943353e-08
0.35334,0,5.623864849183066e-06,-3.954456659995851e-08,-4.204399339789679e-14,1,"[0, 0.018729861873663527, 0.35334, 1.0, 1]",2.361712191565938e-08
0.35356,0,5.60669057473956e-06,-3.972163958968523e-08,-4.242458739410426e-14,1,"[0, 0.018760631104432757, 0.35356, 1.0, 1]",2.3670351281133202e-08
0.35375,0,5.5917649599697155e-06,-3.9874756360795636e-08,-4.275505487430359e-14,1,"[0, 0.01878720453100619, 0.35375, 1.0, 1]",2.371615001795436e-08
0.35378,0,5.5894003803186025e-06,-3.9898948748774295e-08,-4.280738432984555e-14,1,"[0, 0.018791400335201987, 0.35378, 1.0, 1]",2.372336675903018e-08
0.354,0,5.571994265920179e-06,-4.007649297327559e-08,-4.319238842883175e-14,1,"[0, 0.018822169565971218, 0.354, 1.0, 1]",2.377616704711762e-08
0.35416666666666674,0,5.558730642079619e-06,-4.021115199251388e-08,-4.348553018165153e-14,1,"[0, 0.018845479589281258, 0.35416666666666674, 1.0, 1]",2.3816023207269264e-08
0.35422,0,5.554472231544297e-06,-4.02542711592407e-08,-4.357960388132518e-14,1,"[0, 0.018852938796740448, 0.35422, 1.0, 1]",2.3828750845034784e-08
0.35444,0,5.5368342771909574e-06,-4.0432282202717184e-08,-4.396903484400823e-14,1,"[0, 0.018883708027509678, 0.35444, 1.0, 1]",2.3881116854280583e-08
0.35458333333333336,0,5.525280518485272e-06,-4.0548383845597054e-08,-4.422394890879108e-14,1,"[0, 0.018903754647556305, 0.35458333333333336, 1.0, 1]",2.391511631720207e-08
0.35466,0,5.519080402860158e-06,-4.061052499975684e-08,-4.436068543988337e-14,1,"[0, 0.018914477258278908, 0.35466, 1.0, 1]",2.393326377823011e-08
0.35488,0,5.501210608551909e-06,-4.0788998446409976e-08,-4.475455975814354e-14,1,"[0, 0.018945246489048145, 0.35488, 1.0, 1]",2.398519032212278e-08
0.355,0,5.491414589186655e-06,-4.088644442028182e-08,-4.497033901844648e-14,1,"[0, 0.01896202970583136, 0.355, 1.0, 1]",2.4013420541609893e-08
0.35509999999999997,0,5.483224894266193e-06,-4.096770143872606e-08,-4.5150661854057214e-14,1,"[0, 0.018976015719817375, 0.35509999999999997, 1.0, 1]",2.403689519306698e-08
0.35531999999999997,0,5.465123260003019e-06,-4.114663287275626e-08,-4.554899574885838e-14,1,"[0, 0.019006784950586605, 0.35531999999999997, 1.0, 1]",2.408837710003839e-08
0.3554166666666667,0,5.457132854183756e-06,-4.122532621680358e-08,-4.5724728037394576e-14,1,"[0, 0.01902030476410643, 0.3554166666666667, 1.0, 1]",2.411092709838695e-08
0.35553999999999997,0,5.446905705762383e-06,-4.1325791644549395e-08,-4.59495654296229e-14,1,"[0, 0.019037554181355835, 0.35553999999999997, 1.0, 1]",2.4139634753880815e-08
0.35575999999999997,0,5.428572231544293e-06,-4.1505176650156e-08,-4.6352374849163466e-14,1,"[0, 0.019068323412125065, 0.35575999999999997, 1.0, 1]",2.4190666867306192e-08
0.35583333333333333,0,5.422435313476607e-06,-4.156502173540005e-08,-4.648714305365862e-14,1,"[0, 0.019078579822381477, 0.35583333333333333, 1.0, 1]",2.420762722946371e-08
0.35597999999999996,0,5.410122837348751e-06,-4.1684786785627436e-08,-4.675742792591462e-14,1,"[0, 0.019099092642894295, 0.35597999999999996, 1.0, 1]",2.424147215489586e-08
0.35619999999999996,0,5.391557523175744e-06,-4.1864620947012755e-08,-4.7164728543813204e-14,1,"[0, 0.019129861873663525, 0.35619999999999996, 1.0, 1]",2.4292049333097595e-08
0.35625000000000007,0,5.387321967065175e-06,-4.1905523476306844e-08,-4.725761071372131e-14,1,"[0, 0.019136854880656546, 0.35625000000000007, 1.0, 1]",2.4303512200805208e-08
0.35641999999999996,0,5.372876289025278e-06,-4.204467803036227e-08,-4.757428055219492e-14,1,"[0, 0.019160631104432755, 0.35641999999999996, 1.0, 1]",2.4342397120228152e-08
0.35663999999999996,0,5.354079134897353e-06,-4.222495693172586e-08,-4.7986087765679694e-14,1,"[0, 0.019191400335201985, 0.35663999999999996, 1.0, 1]",2.4392514236469453e-08
0.3566666666666667,0,5.351792814949495e-06,-4.224682393976189e-08,-4.8036157219794325e-14,1,"[0, 0.0191951299389316, 0.3566666666666667, 1.0, 1]",2.4398573302411453e-08
0.35686,0,5.335166060791964e-06,-4.24054565471547e-08,-4.840015396406564e-14,1,"[0, 0.019222169565971222, 0.35686, 1.0, 1]",2.444239940387536e-08
0.35708,0,5.31613706670913e-06,-4.258617577269782e-08,-4.881648289221209e-14,1,"[0, 0.019252938796740452, 0.35708, 1.0, 1]",2.4492051346367447e-08
0.3570833333333333,0,5.315847857129538e-06,-4.258891562599975e-08,-4.882280832710187e-14,1,"[0, 0.01925340499720665, 0.3570833333333333, 1.0, 1]",2.4492801848317022e-08
0.3573,0,5.296992152648831e-06,-4.276711350440639e-08,-4.923507825994092e-14,1,"[0, 0.019283708027509682, 0.3573, 1.0, 1]",2.4541468789733297e-08
0.35750000000000004,0,5.279487093605303e-06,-4.2931791035258554e-08,-4.961758934122985e-14,1,"[0, 0.019311680055481718, 0.35750000000000004, 1.0, 1]",2.4586189176591894e-08
0.35752,0,5.277731318611072e-06,-4.294826863832987e-08,-4.965594374192025e-14,1,"[0, 0.019314477258278912, 0.35752, 1.0, 1]",2.4590650461628628e-08
0.35774,0,5.258354564595856e-06,-4.312964007051857e-08,-5.007908297756353e-14,1,"[0, 0.019345246489048142, 0.35774, 1.0, 1]",2.4639595091578133e-08
0.35791666666666666,0,5.242710524376822e-06,-4.327544266777307e-08,-5.042052511548004e-14,1,"[0, 0.019369955113756766, 0.35791666666666666, 1.0, 1]",2.467872664934442e-08
0.35796,0,5.23886189060318e-06,-4.331122669702281e-08,-5.050449957092153e-14,1,"[0, 0.01937601571981738, 0.35796, 1.0, 1]",2.4688301410974638e-08
0.35818,0,5.219253296633054e-06,-4.349302741389248e-08,-5.093219709057629e-14,1,"[0, 0.01940678495058661, 0.35818, 1.0, 1]",2.4736768153078253e-08
0.3583333333333334,0,5.205518149444053e-06,-4.361986302378145e-08,-5.123164004829281e-14,1,"[0, 0.019428230172031834, 0.3583333333333334, 1.0, 1]",2.4770405652713706e-08
0.3584,0,5.199528782685462e-06,-4.3675041117178103e-08,-5.1362179069539086e-14,1,"[0, 0.01943755418135584, 0.3584, 1.0, 1]",2.4784994053018914e-08
0.35862,0,5.179688348760411e-06,-4.3857266702930414e-08,-5.1794449005146005e-14,1,"[0, 0.01946832341212507, 0.35862, 1.0, 1]",2.4832977847791297e-08
0.35875,0,5.1679099688070266e-06,-4.3965044603519086e-08,-5.2050958080676547e-14,1,"[0, 0.01948650523030689, 0.35875, 1.0, 1]",2.4861217596877218e-08
0.35884,0,5.159731994857902e-06,-4.403970306719803e-08,-5.222901035894952e-14,1,"[0, 0.0194990926428943, 0.35884, 1.0, 1]",2.4880718276260754e-08
0.35906,0,5.139659720977935e-06,-4.422234910603212e-08,-5.266586655662756e-14,1,"[0, 0.01952986187366353, 0.35906, 1.0, 1]",2.4928214079162037e-08
0.35916666666666675,0,5.129885982465731e-06,-4.4310979907223064e-08,-5.287850269369889e-14,1,"[0, 0.019544780288581958, 0.35916666666666675, 1.0, 1]",2.495115391604699e-08
0.35928,0,5.119471527120517e-06,-4.4405203715483835e-08,-5.3105020987876427e-14,1,"[0, 0.01956063110443276, 0.35928, 1.0, 1]",2.4975463999092946e-08
0.3595,0,5.099167413285632e-06,-4.458826579160074e-08,-5.354647700630161e-14,1,"[0, 0.01959140033520199, 0.3595, 1.0, 1]",2.502246678052365e-08
0.35958333333333337,0,5.0914461904201725e-06,-4.4657661435129206e-08,-5.3714296905997115e-14,1,"[0, 0.019603055346857006, 0.35958333333333337, 1.0, 1]",2.504020606847131e-08
0.35972,0,5.078747379473289e-06,-4.477153423043484e-08,-5.399023792933756e-14,1,"[0, 0.01962216956597122, 0.35972, 1.0, 1]",2.506922116978948e-08
0.35994000000000004,0,5.058211425683482e-06,-4.495500792803581e-08,-5.443630703813264e-14,1,"[0, 0.019652938796740457, 0.35994000000000004, 1.0, 1]",2.511572591509687e-08
0.36,0,5.052590592670352e-06,-4.500508168747502e-08,-5.4558363271339754e-14,1,"[0, 0.01966133040513206, 0.36, 1.0, 1]",2.5128365536430478e-08
0.36016000000000004,0,5.037559551916231e-06,-4.513868578045482e-08,-5.48846875774603e-14,1,"[0, 0.019683708027509687, 0.36016000000000004, 1.0, 1]",2.5161979766519104e-08
0.36038000000000003,0,5.016791758171512e-06,-4.532256668374027e-08,-5.533538275561159e-14,1,"[0, 0.019714477258278917, 0.36038000000000003, 1.0, 1]",2.5207981475995916e-08
0.3604166666666667,0,5.013319189216247e-06,-4.5353233164496334e-08,-5.5410723876209526e-14,1,"[0, 0.01971960546340713, 0.3604166666666667, 1.0, 1]",2.5215623826244444e-08
0.36060000000000003,0,4.995908044449336e-06,-4.550664953394332e-08,-5.578839574431219e-14,1,"[0, 0.019745246489048147, 0.36060000000000003, 1.0, 1]",2.5253729797336008e-08
0.36082000000000003,0,4.974908410749701e-06,-4.5690933227114074e-08,-5.6243729678617486e-14,1,"[0, 0.019776015719817377, 0.36082000000000003, 1.0, 1]",2.529922348621791e-08
0.36083333333333334,0,4.973631980057885e-06,-4.570210836642938e-08,-5.627140033743654e-14,1,"[0, 0.019777880521682178, 0.36083333333333334, 1.0, 1]",2.530197246826602e-08
0.36104,0,4.953792857072607e-06,-4.587541665930348e-08,-5.670138765682244e-14,1,"[0, 0.019806784950586614, 0.36104, 1.0, 1]",2.5344461300185747e-08
0.36125000000000007,0,4.933528965195255e-06,-4.605169979351104e-08,-5.71404137998638e-14,1,"[0, 0.019836155579957247, 0.36125000000000007, 1.0, 1]",2.5387403016883425e-08
0.36126,0,4.932561383418063e-06,-4.6060098726560154e-08,-5.716137274035979e-14,1,"[0, 0.019837554181355844, 0.36126, 1.0, 1]",2.5389441998651767e-08
0.36148,0,4.911213989786053e-06,-4.624497832493505e-08,-5.762368795371832e-14,1,"[0, 0.019868323412125074, 0.36148, 1.0, 1]",2.543416434289805e-08
0.3616666666666667,0,4.893010144628359e-06,-4.6401999945977345e-08,-5.801778493404519e-14,1,"[0, 0.019894430638232295, 0.3616666666666667, 1.0, 1]",2.5471907050518592e-08
0.3617,0,4.889750676176584e-06,-4.6430054350478686e-08,-5.808833628434362e-14,1,"[0, 0.019899092642894304, 0.3617, 1.0, 1]",2.5478627096074377e-08
0.36192,0,4.868171442589657e-06,-4.6615325699240745e-08,-5.855532068254549e-14,1,"[0, 0.019929861873663534, 0.36192, 1.0, 1]",2.5522829023196128e-08
0.3620833333333333,0,4.852075518357195e-06,-4.675300132406559e-08,-5.890353393398938e-14,1,"[0, 0.01995270569650735, 0.3620833333333333, 1.0, 1]",2.5555476171633094e-08
0.36214,0,4.84647628902527e-06,-4.68007912672709e-08,-5.902464406140914e-14,1,"[0, 0.019960631104432764, 0.36214, 1.0, 1]",2.55667688911485e-08
0.36236,0,4.824665215483435e-06,-4.698644995062032e-08,-5.949630929670904e-14,1,"[0, 0.019991400335201994, 0.36236, 1.0, 1]",2.5610445468686943e-08
0.36250000000000004,0,4.810725086381763e-06,-4.710469642801139e-08,-5.979768051492788e-14,1,"[0, 0.020010980754782418, 0.36250000000000004, 1.0, 1]",2.5638102006720525e-08
0.36258,0,4.802738221964132e-06,-4.717230064533889e-08,-5.997031922681261e-14,1,"[0, 0.020022169565971224, 0.36258, 1.0, 1]",2.5653857526432072e-08
0.3628,0,4.780695308467371e-06,-4.735834224747692e-08,-6.044667665259622e-14,1,"[0, 0.020052938796740454, 0.3628, 1.0, 1]",2.5697003836872634e-08
0.36291666666666667,0,4.768958848702064e-06,-4.7457077758052256e-08,-6.070024391113634e-14,1,"[0, 0.020069255813057466, 0.36291666666666667, 1.0, 1]",2.5719776206311156e-08
0.36302,0,4.758536474993152e-06,-4.75445736530843e-08,-6.092538433735537e-14,1,"[0, 0.020083708027509684, 0.36302, 1.0, 1]",2.573988317436466e-08
0.36324,0,4.736261721541474e-06,-4.773099375821071e-08,-6.140644500671836e-14,1,"[0, 0.020114477258278914, 0.36324, 1.0, 1]",2.5782494315136124e-08
0.3633333333333334,0,4.726776805318095e-06,-4.781013781442358e-08,-6.161124287377344e-14,1,"[0, 0.020127530871332535, 0.3633333333333334, 1.0, 1]",2.5800490444969817e-08
0.36346,0,4.7138710481123436e-06,-4.7917601458906676e-08,-6.188986134856307e-14,1,"[0, 0.020145246489048144, 0.36346, 1.0, 1]",2.582483603727847e-08
0.36368,0,4.691364454705748e-06,-4.810439565122357e-08,-6.23756360129317e-14,1,"[0, 0.020176015719817374, 0.36368, 1.0, 1]",2.5866907120753397e-08
0.36375,0,4.684178956229863e-06,-4.816386909736266e-08,-6.253069566877715e-14,1,"[0, 0.02018580592960759, 0.36375, 1.0, 1]",2.588023642129632e-08
0.3639,0,4.668741941321696e-06,-4.8291375231209795e-08,-6.286377161193651e-14,1,"[0, 0.020206784950586604, 0.3639, 1.0, 1]",2.5908706347392845e-08
0.36412,0,4.646003507960183e-06,-4.847853909491588e-08,-6.33542707196893e-14,1,"[0, 0.020237554181355834, 0.36412, 1.0, 1]",2.5950232500890536e-08
0.36416666666666664,0,4.641165301437365e-06,-4.8518264107104685e-08,-6.345862007477718e-14,1,"[0, 0.020244080987882638, 0.36416666666666664, 1.0, 1]",2.595900585792589e-08
0.36434,0,4.623149154621213e-06,-4.866588613839277e-08,-6.384713587221429e-14,1,"[0, 0.020268323412125065, 0.36434, 1.0, 1]",2.599148436681383e-08
0.36456,0,4.600178881304793e-06,-4.8853415257690574e-08,-6.434236956736275e-14,1,"[0, 0.0202990926428943, 0.36456, 1.0, 1]",2.6032460732597796e-08
0.36458333333333337,0,4.597735840940595e-06,-4.8873315343888225e-08,-6.439503338106893e-14,1,"[0, 0.020302356046157707, 0.36458333333333337, 1.0, 1]",2.6036790501530845e-08
0.36478,0,4.577092688010906e-06,-4.904112534885896e-08,-6.483997426473278e-14,1,"[0, 0.02032986187366353, 0.36478, 1.0, 1]",2.607316038754224e-08
0.365,0,4.553890574739561e-06,-4.9229015307947614e-08,-6.533995238559006e-14,1,"[0, 0.02036063110443276, 0.365, 1.0, 1]",2.6113582122816373e-08
0.36522,0,4.530572541490757e-06,-4.9417084031008326e-08,-6.584230631279385e-14,1,"[0, 0.02039140033520199, 0.36522, 1.0, 1]",2.6153724731460928e-08
0.3654166666666667,0,4.509629502834249e-06,-4.9585356499521e-08,-6.629339339297494e-14,1,"[0, 0.020418906162707823, 0.3654166666666667, 1.0, 1]",2.618937251652561e-08
0.36544,0,4.507138588264495e-06,-4.9605330414089506e-08,-6.63470383907035e-14,1,"[0, 0.02042216956597122, 0.36544, 1.0, 1]",2.619358700837799e-08
0.36566,0,4.483588715060782e-06,-4.9793753353242524e-08,-6.68541509251173e-14,1,"[0, 0.020452938796740452, 0.36566, 1.0, 1]",2.6233167750343704e-08
0.36583333333333334,0,4.464952625224689e-06,-4.9942331418843996e-08,-6.725537221260808e-14,1,"[0, 0.02047718122098288, 0.36583333333333334, 1.0, 1]",2.6264153501433713e-08
0.36588,0,4.459922921879603e-06,-4.9982351744516636e-08,-6.736364618318173e-14,1,"[0, 0.020483708027509682, 0.36588, 1.0, 1]",2.6272465755997265e-08
0.3661,0,4.436141208720965e-06,-5.017112448396279e-08,-6.787552639332518e-14,1,"[0, 0.020514477258278912, 0.3661, 1.0, 1]",2.63114798258532e-08
0.3662500000000001,0,4.41985994191084e-06,-5.029993256615305e-08,-6.822590415674013e-14,1,"[0, 0.020535456279257947, 0.3662500000000001, 1.0, 1]",2.6337916920354204e-08
0.36632,0,4.4122435755848695e-06,-5.0360070467631086e-08,-6.838979374517552e-14,1,"[0, 0.020545246489048142, 0.36632, 1.0, 1]",2.6350208762284847e-08
0.36654,0,4.388230022471314e-06,-5.0549188591571204e-08,-6.890645038948635e-14,1,"[0, 0.020576015719817372, 0.36654, 1.0, 1]",2.6388651369539607e-08
0.3666666666666667,0,4.374351452892746e-06,-5.065815244168504e-08,-6.920500403863064e-14,1,"[0, 0.020593731337532995, 0.3666666666666667, 1.0, 1]",2.64106546401339e-08
0.36676,0,4.36410054938031e-06,-5.0738477751833244e-08,-6.942549843806529e-14,1,"[0, 0.020606784950586602, 0.36676, 1.0, 1]",2.642680645373428e-08
0.36698,0,4.339855156311839e-06,-5.0927936844469e-08,-6.99469399637042e-14,1,"[0, 0.020637554181355832, 0.36698, 1.0, 1]",2.646467282284745e-08
0.3670833333333333,0,4.3284271581703785e-06,-5.1016983545676416e-08,-7.019268617072645e-14,1,"[0, 0.02065200639580805, 0.3670833333333333, 1.0, 1]",2.648235855165587e-08
0.36719999999999997,0,4.3154938432659084e-06,-5.111756476552604e-08,-7.047077700009042e-14,1,"[0, 0.020668323412125062, 0.36719999999999997, 1.0, 1]",2.6502249286729214e-08
0.36741999999999997,0,4.291016610242521e-06,-5.130736041105615e-08,-7.099701154175848e-14,1,"[0, 0.020699092642894292, 0.36741999999999997, 1.0, 1]",2.6539534657099072e-08
0.36750000000000005,0,4.282087057743728e-06,-5.1376418378363216e-08,-7.118896436287927e-14,1,"[0, 0.02071028145408312, 0.36750000000000005, 1.0, 1]",2.6553020569837742e-08
0.36763999999999997,0,4.266423457241674e-06,-5.149732267710901e-08,-7.15256455440017e-14,1,"[0, 0.020729861873663522, 0.36763999999999997, 1.0, 1]",2.657652774754254e-08
0.36785999999999996,0,4.241714384263377e-06,-5.168745045973557e-08,-7.205668092281155e-14,1,"[0, 0.02076063110443276, 0.36785999999999996, 1.0, 1]",2.661322737351411e-08
0.36791666666666667,0,4.235331151612832e-06,-5.1736449439982736e-08,-7.219385192060469e-14,1,"[0, 0.020768556512358167, 0.36791666666666667, 1.0, 1]",2.6622632633634247e-08
0.36807999999999996,0,4.216889391307613e-06,-5.187774265498551e-08,-7.259011955480127e-14,1,"[0, 0.02079140033520199, 0.36807999999999996, 1.0, 1]",2.664963235233641e-08
0.36829999999999996,0,4.1919484783743915e-06,-5.206819815890766e-08,-7.31259632771386e-14,1,"[0, 0.02082216956597122, 0.36829999999999996, 1.0, 1]",2.6685741503198496e-08
0.3683333333333334,0,4.188159439777649e-06,-5.209706923076974e-08,-7.320736164336288e-14,1,"[0, 0.020826831570633236, 0.3683333333333334, 1.0, 1]",2.669118670603171e-08
0.36851999999999996,0,4.166891645463711e-06,-5.225881586755466e-08,-7.366421388749118e-14,1,"[0, 0.02085293879674045, 0.36851999999999996, 1.0, 1]",2.6721553647159257e-08
0.36873999999999996,0,4.141718892575572e-06,-5.244959467697534e-08,-7.420487314393833e-14,1,"[0, 0.02088370802750968, 0.36873999999999996, 1.0, 1]",2.675706760714444e-08
0.36875,0,4.14057192223821e-06,-5.2458270250963215e-08,-7.42295058229056e-14,1,"[0, 0.02088510662890829, 0.36875, 1.0, 1]",2.675867477405737e-08
0.36896,0,4.116430219709976e-06,-5.2640533483219804e-08,-7.474794276491918e-14,1,"[0, 0.020914477258278916, 0.36896, 1.0, 1]",2.679228220795004e-08
0.36916666666666664,0,4.092568598994513e-06,-5.2820045000797505e-08,-7.526029624161613e-14,1,"[0, 0.02094338168718334, 0.36916666666666664, 1.0, 1]",2.6825088848768364e-08
0.36918,0,4.09102562686692e-06,-5.283163118233815e-08,-7.529342442916394e-14,1,"[0, 0.020945246489048146, 0.36918, 1.0, 1]",2.6827196276236796e-08
0.3694,0,4.0655051140464055e-06,-5.302288667038049e-08,-7.584131977562933e-14,1,"[0, 0.020976015719817376, 0.3694, 1.0, 1]",2.686180864053485e-08
0.3695833333333334,0,4.044149470046526e-06,-5.3182385980510755e-08,-7.629974417093495e-14,1,"[0, 0.021001656745458407, 0.3695833333333334, 1.0, 1]",2.6890420965261898e-08
0.36962,0,4.039868681248433e-06,-5.321429884339776e-08,-7.639163040343739e-14,1,"[0, 0.021006784950586607, 0.36962, 1.0, 1]",2.689611813124501e-08
0.36984,0,4.014116328473011e-06,-5.3405866597440064e-08,-7.69443578718078e-14,1,"[0, 0.021037554181355837, 0.36984, 1.0, 1]",2.6930123580631146e-08
0.37,0,3.995314535394296e-06,-5.3545285690337724e-08,-7.734786036977792e-14,1,"[0, 0.021059931803733462, 0.37, 1.0, 1]",2.6954663182663807e-08
0.37006,0,3.988248055720121e-06,-5.3597588828556236e-08,-7.74995036999945e-14,1,"[0, 0.021068323412125067, 0.37006, 1.0, 1]",2.696382382282948e-08
0.37028,0,3.962263862989774e-06,-5.378946443279807e-08,-7.805706936723663e-14,1,"[0, 0.021099092642894297, 0.37028, 1.0, 1]",2.699721769384183e-08
0.3704166666666667,0,3.9460637950377746e-06,-5.390873663051656e-08,-7.840465508303104e-14,1,"[0, 0.021118206862008524, 0.3704166666666667, 1.0, 1]",2.701780758414338e-08
0.3705,0,3.936163750281967e-06,-5.398149230621482e-08,-7.861705631268222e-14,1,"[0, 0.021129861873663527, 0.3705, 1.0, 1]",2.7030304031538572e-08
0.37072,0,3.909947717596702e-06,-5.4173671344857014e-08,-7.917946593533947e-14,1,"[0, 0.021160631104432757, 0.37072, 1.0, 1]",2.7063081675659903e-08
0.37083333333333335,0,3.896397248977e-06,-5.427273130128245e-08,-7.947013804004461e-14,1,"[0, 0.02117648192028358, 0.37083333333333335, 1.0, 1]",2.7079846276899807e-08
0.37094,0,3.883615764933987e-06,-5.43660004447739e-08,-7.974429959401054e-14,1,"[0, 0.021191400335201994, 0.37094, 1.0, 1]",2.7095549467809916e-08
0.37116,0,3.857167892293804e-06,-5.455847850201686e-08,-8.031155860724336e-14,1,"[0, 0.021222169565971224, 0.37116, 1.0, 1]",2.7127706251465496e-08
0.3712500000000001,0,3.8463148972119514e-06,-5.463726220287184e-08,-8.05443184531944e-14,1,"[0, 0.021234756978558648, 0.3712500000000001, 1.0, 1]",2.7140771392168533e-08
0.37138,0,3.8306040996761635e-06,-5.4751104412636407e-08,-8.088124425326561e-14,1,"[0, 0.021252938796740454, 0.37138, 1.0, 1]",2.715955087196827e-08
0.3716,0,3.8039243870810646e-06,-5.49438770726818e-08,-8.145335776992709e-14,1,"[0, 0.021283708027509684, 0.3716, 1.0, 1]",2.7191082176530535e-08
0.3716666666666667,0,3.7958167397426446e-06,-5.5002321835522886e-08,-8.162720501646918e-14,1,"[0, 0.021293032036833696, 0.3716666666666667, 1.0, 1]",2.720057508522041e-08
0.37182,0,3.7771287545085075e-06,-5.51367953782023e-08,-8.202790035464763e-14,1,"[0, 0.021314477258278914, 0.37182, 1.0, 1]",2.7222299014229336e-08
0.37204000000000004,0,3.7502172019584937e-06,-5.5329858225250116e-08,-8.260487316437113e-14,1,"[0, 0.02134524648904815, 0.37204000000000004, 1.0, 1]",2.725320023601154e-08
0.3720833333333333,0,3.7449027765690683e-06,-5.5367902699470343e-08,-8.271880590407836e-14,1,"[0, 0.02135130709510875, 0.3720833333333333, 1.0, 1]",2.7259249535364232e-08
0.37226000000000004,0,3.7231897294310196e-06,-5.552306450987451e-08,-8.318427731549379e-14,1,"[0, 0.02137601571981738, 0.37226000000000004, 1.0, 1]",2.7283784694693415e-08
0.37248000000000003,0,3.696046336926087e-06,-5.571641312812473e-08,-8.37661138838196e-14,1,"[0, 0.02140678495058661, 0.37248000000000003, 1.0, 1]",2.731405124495767e-08
0.37250000000000005,0,3.693573007691219e-06,-5.573399729495109e-08,-8.381912876912807e-14,1,"[0, 0.02140958215338382, 0.37250000000000005, 1.0, 1]",2.73167869459404e-08
0.37270000000000003,0,3.668787024443696e-06,-5.590990297605215e-08,-8.435038390451434e-14,1,"[0, 0.02143755418135584, 0.37270000000000003, 1.0, 1]",2.7343998743353867e-08
0.3729166666666667,0,3.64182743310911e-06,-5.610059812220158e-08,-8.492818074230998e-14,1,"[0, 0.021467857211658867, 0.3729166666666667, 1.0, 1]",2.7373179544325134e-08
0.37292000000000003,0,3.6414117919838466e-06,-5.6103532949706873e-08,-8.493708837204352e-14,1,"[0, 0.02146832341212507, 0.37292000000000003, 1.0, 1]",2.7373626048302673e-08
0.37314,0,3.613920639546548e-06,-5.6297301945138154e-08,-8.552622824012294e-14,1,"[0, 0.0214990926428943, 0.37314, 1.0, 1]",2.7402932020089493e-08
0.3733333333333334,0,3.589666052822726e-06,-5.646769768145954e-08,-8.604596843064e-14,1,"[0, 0.021526132269933936, 0.3733333333333334, 1.0, 1]",2.742841958193261e-08
0.37336,0,3.5863135671317814e-06,-5.649120885839736e-08,-8.61178044216774e-14,1,"[0, 0.02152986187366353, 0.37336, 1.0, 1]",2.743191552087125e-08
0.37358,0,3.5585905747395568e-06,-5.668525258553333e-08,-8.67118177887774e-14,1,"[0, 0.02156063110443276, 0.37358, 1.0, 1]",2.746057541467004e-08
0.37375,0,3.5370888668320803e-06,-5.6835288472959724e-08,-8.717249791621542e-14,1,"[0, 0.02158440732820899, 0.37375, 1.0, 1]",2.748249933421071e-08
0.3738,0,3.530751662369874e-06,-5.6879432022597854e-08,-8.73082691726073e-14,1,"[0, 0.02159140033520199, 0.3738, 1.0, 1]",2.7488910567376503e-08
0.37402,0,3.502796830022732e-06,-5.707374606563976e-08,-8.790715936339961e-14,1,"[0, 0.02162216956597123, 0.37402, 1.0, 1]",2.751691984675069e-08
0.37416666666666665,0,3.4840958751371683e-06,-5.720336299693944e-08,-8.830777475503879e-14,1,"[0, 0.02164268238648404, 0.37416666666666665, 1.0, 1]",2.7535411100641884e-08
0.37424,0,3.474726077698141e-06,-5.726819361070958e-08,-8.850848911040216e-14,1,"[0, 0.02165293879674046, 0.37424, 1.0, 1]",2.7544602122420783e-08
0.37446,0,3.446539405396083e-06,-5.746277355385784e-08,-8.91122591218271e-14,1,"[0, 0.02168370802750969, 0.37446, 1.0, 1]",2.7571956265879277e-08
0.3745833333333334,0,3.430687077737984e-06,-5.757191375363471e-08,-8.945180397585012e-14,1,"[0, 0.021700957444759108, 0.3745833333333334, 1.0, 1]",2.7587147204743558e-08
0.37468,0,3.418236813116566e-06,-5.765748479113463e-08,-8.971847006480397e-14,1,"[0, 0.02171447725827892, 0.37468, 1.0, 1]",2.759898115049231e-08
0.3749,0,3.3898183008595907e-06,-5.785232621858921e-08,-9.032712256533407e-14,1,"[0, 0.02174524648904815, 0.3749, 1.0, 1]",2.7625675651489486e-08
0.375,0,3.3768624746345376e-06,-5.794093324328284e-08,-9.060459007901551e-14,1,"[0, 0.021759232503034156, 0.375, 1.0, 1]",2.763769999407111e-08
0.37512,0,3.3612838686251567e-06,-5.804729673227338e-08,-9.093821720825724e-14,1,"[0, 0.02177601571981738, 0.37512, 1.0, 1]",2.7652038645970666e-08
0.37534,0,3.3326335164132734e-06,-5.8242395228235545e-08,-9.155175453719038e-14,1,"[0, 0.02180678495058661, 0.37534, 1.0, 1]",2.7678069012902565e-08
0.37541666666666673,0,3.322622065826808e-06,-5.8310413966119017e-08,-9.176613703543411e-14,1,"[0, 0.021817507561309225, 0.37541666666666673, 1.0, 1]",2.768706184021278e-08
0.37556,0,3.303867244223923e-06,-5.843762060252792e-08,-9.216773505450803e-14,1,"[0, 0.02183755418135584, 0.37556, 1.0, 1]",2.7703765633122998e-08
0.37578,0,3.2749850520571137e-06,-5.8632971751198495e-08,-9.278615922127559e-14,1,"[0, 0.02186832341212507, 0.37578, 1.0, 1]",2.772912738933325e-08
0.37583333333333335,0,3.2679658513148373e-06,-5.868034842238223e-08,-9.293644828551118e-14,1,"[0, 0.02187578261958428, 0.37583333333333335, 1.0, 1]",2.7735225138793918e-08
0.376,0,3.2459869399128462e-06,-5.882844757029864e-08,-9.340702745723293e-14,1,"[0, 0.0218990926428943, 0.376, 1.0, 1]",2.7754153166104852e-08
0.37622,0,3.21687290779112e-06,-5.902404695587845e-08,-9.403034014073995e-14,1,"[0, 0.02192986187366353, 0.37622, 1.0, 1]",2.7778841849878745e-08
0.37625,0,3.212893831098589e-06,-5.9050729112305544e-08,-9.411552673811861e-14,1,"[0, 0.021934057677859328, 0.37625, 1.0, 1]",2.7782182309472304e-08
0.37644,0,3.187642955691945e-06,-5.9219768803988456e-08,-9.465609760874301e-14,1,"[0, 0.02196063110443276, 0.37644, 1.0, 1]",2.780319232896103e-08
0.37666,0,3.158297083615302e-06,-5.9415612010677065e-08,-9.528430015672865e-14,1,"[0, 0.02199140033520199, 0.37666, 1.0, 1]",2.7827203493527635e-08
0.3766666666666667,0,3.1574060051780668e-06,-5.942154853612796e-08,-9.530337476966052e-14,1,"[0, 0.021992332736134396, 0.3766666666666667, 1.0, 1]",2.782792579594452e-08
0.37688,0,3.128835291561201e-06,-5.961157547199692e-08,-9.591494803870671e-14,1,"[0, 0.02202216956597122, 0.37688, 1.0, 1]",2.7850874235623888e-08
0.3770833333333333,0,3.101502373553284e-06,-5.979279919408465e-08,-9.649999422310731e-14,1,"[0, 0.02205060779440945, 0.3770833333333333, 1.0, 1]",2.787244806594171e-08
0.3771,0,3.0992575795296413e-06,-5.980765808399642e-08,-9.654804146714654e-14,1,"[0, 0.02205293879674045, 0.3771, 1.0, 1]",2.7874203449160287e-08
0.37732,0,3.0695639475206318e-06,-6.000385874272695e-08,-9.718358061296442e-14,1,"[0, 0.02208370802750968, 0.37732, 1.0, 1]",2.7897190029915883e-08
0.37750000000000006,0,3.0451829362242194e-06,-6.016447358641335e-08,-9.770538640711776e-14,1,"[0, 0.02210888285268452, 0.37750000000000006, 1.0, 1]",2.7915741611226608e-08
0.37754,0,3.0397543955341554e-06,-6.020017634423734e-08,-9.782156560547094e-14,1,"[0, 0.022114477258278916, 0.37754, 1.0, 1]",2.7919832875539127e-08
0.37776,0,3.0098289235702204e-06,-6.039660978457853e-08,-9.846199653235186e-14,1,"[0, 0.022145246489048146, 0.37776, 1.0, 1]",2.7942130885547027e-08
0.3779166666666667,0,2.9884476931909116e-06,-6.053656421334882e-08,-9.891955209515988e-14,1,"[0, 0.022167157910959568, 0.3779166666666667, 1.0, 1]",2.7957798947601592e-08
0.37798,0,2.9797875316288267e-06,-6.059315795980062e-08,-9.910487343962524e-14,1,"[0, 0.022176015719817376, 0.37798, 1.0, 1]",2.7964082961320487e-08
0.3782,0,2.9496302197099747e-06,-6.078981976595414e-08,-9.975019633161294e-14,1,"[0, 0.022206784950586606, 0.3782, 1.0, 1]",2.7985688006113622e-08
0.3783333333333334,0,2.931296644453311e-06,-6.09090635751292e-08,-1.0014249152470693e-13,1,"[0, 0.022225432969234637, 0.3783333333333334, 1.0, 1]",2.7998612614904025e-08
0.37842,0,2.919356987813674e-06,-6.098659409908877e-08,-1.003979651709049e-13,1,"[0, 0.022237554181355836, 0.37842, 1.0, 1]",2.800694492504741e-08
0.37864,0,2.888967835939905e-06,-6.118347985525419e-08,-1.0104817987833071e-13,1,"[0, 0.022268323412125066, 0.37864, 1.0, 1]",2.8027852625106302e-08
0.37875000000000003,0,2.8737297900114608e-06,-6.128196417198968e-08,-1.013742043964292e-13,1,"[0, 0.022283708027509685, 0.37875000000000003, 1.0, 1]",2.8038175177003286e-08
0.37886,0,2.858462764088678e-06,-6.13804759305026e-08,-1.0170084033293813e-13,1,"[0, 0.022299092642894296, 0.37886, 1.0, 1]",2.8048410015149653e-08
0.37908,0,2.827841772259991e-06,-6.157758122088159e-08,-1.0235594637193978e-13,1,"[0, 0.022329861873663526, 0.37908, 1.0, 1]",2.8068616005899447e-08
0.37916666666666665,0,2.8157471298653515e-06,-6.165525850416797e-08,-1.0261468987346107e-13,1,"[0, 0.02234198308578474, 0.37916666666666665, 1.0, 1]",2.8076479221808822e-08
0.37929999999999997,0,2.7971048604538467e-06,-6.177479462244251e-08,-1.030134977907127e-13,1,"[0, 0.022360631104432756, 0.37929999999999997, 1.0, 1]",2.808846950994961e-08
0.37951999999999997,0,2.7662520286702535e-06,-6.197211503123589e-08,-1.0367349434275512e-13,1,"[0, 0.022391400335201986, 0.37951999999999997, 1.0, 1]",2.8107969441757536e-08
0.3795833333333334,0,2.757348664014949e-06,-6.202893907190012e-08,-1.0386394658067314e-13,1,"[0, 0.02240025814405981, 0.3795833333333334, 1.0, 1]",2.8113517361260403e-08
0.37973999999999997,0,2.7352832769091922e-06,-6.216954134331183e-08,-1.0433593573966102e-13,1,"[0, 0.022422169565971217, 0.37973999999999997, 1.0, 1]",2.812711471765511e-08
0.37995999999999996,0,2.7041986051706727e-06,-6.23670724547196e-08,-1.0500082165109236e-13,1,"[0, 0.022452938796740447, 0.37995999999999996, 1.0, 1]",2.81459042558343e-08
0.38,0,2.698534392460296e-06,-6.240299837542131e-08,-1.0512197260399771e-13,1,"[0, 0.022458533202334856, 0.38, 1.0, 1]",2.8149282231336173e-08
0.38017999999999996,0,2.672998013454695e-06,-6.25647072615097e-08,-1.0566815170476107e-13,1,"[0, 0.022483708027509677, 0.38017999999999996, 1.0, 1]",2.8164336976363246e-08
0.38039999999999996,0,2.6416815017612588e-06,-6.276244465973309e-08,-1.0633792548640142e-13,1,"[0, 0.022514477258278907, 0.38039999999999996, 1.0, 1]",2.8182411801171026e-08
0.38041666666666674,0,2.6393043152013693e-06,-6.27774289149701e-08,-1.0638876548980289e-13,1,"[0, 0.022516808260609925, 0.38041666666666674, 1.0, 1]",2.8183766492050526e-08
0.38061999999999996,0,2.6102490700903737e-06,-6.296028354543988e-08,-1.0701014253974222e-13,1,"[0, 0.022545246489048137, 0.38061999999999996, 1.0, 1]",2.820012765406035e-08
0.38083333333333336,0,2.5796584322381815e-06,-6.315222319078125e-08,-1.0766432224426469e-13,1,"[0, 0.02257508331888498, 0.38083333333333336, 1.0, 1]",2.8216962827449454e-08
0.38083999999999996,0,2.57870071844202e-06,-6.315822281467888e-08,-1.0768480236648218e-13,1,"[0, 0.022576015719817367, 0.38083999999999996, 1.0, 1]",2.8217483460697407e-08
0.38105999999999995,0,2.5470364468162088e-06,-6.335626136350148e-08,-1.0836190442628091e-13,1,"[0, 0.022606784950586604, 0.38105999999999995, 1.0, 1]",2.823447814862032e-08
0.38125,0,2.5195967435707364e-06,-6.35273737030925e-08,-1.0894863933282353e-13,1,"[0, 0.022633358377160028, 0.38125, 1.0, 1]",2.824886394561605e-08
0.38128,0,2.51525625521293e-06,-6.355439808795736e-08,-1.0904144813672296e-13,1,"[0, 0.02263755418135584, 0.38128, 1.0, 1]",2.825111064723239e-08
0.3815,0,2.4833601436322014e-06,-6.375263188409703e-08,-1.0972343287330607e-13,1,"[0, 0.02266832341212507, 0.3815, 1.0, 1]",2.8267379887806727e-08
0.3816666666666667,0,2.4591192491989974e-06,-6.390287295213944e-08,-1.102417126796369e-13,1,"[0, 0.022691633435435097, 0.3816666666666667, 1.0, 1]",2.8279462578671356e-08
0.38172,0,2.451348112074024e-06,-6.39509616479706e-08,-1.1040785796941702e-13,1,"[0, 0.0226990926428943, 0.38172, 1.0, 1]",2.8283284803485435e-08
0.38194,0,2.4192201605383783e-06,-6.414938627562775e-08,-1.1109472271631262e-13,1,"[0, 0.02272986187366353, 0.38194, 1.0, 1]",2.8298824329273236e-08
0.38208333333333333,0,2.3982259491230093e-06,-6.427871343815895e-08,-1.115435376670983e-13,1,"[0, 0.022749908493710152, 0.38208333333333333, 1.0, 1]",2.830875148276843e-08
0.38216,0,2.3869762890252747e-06,-6.434790466311942e-08,-1.117840263631074e-13,1,"[0, 0.02276063110443276, 0.38216, 1.0, 1]",2.831399740204849e-08
0.38238,0,2.3546164975347123e-06,-6.45465157064953e-08,-1.1247576811674753e-13,1,"[0, 0.02279140033520199, 0.38238, 1.0, 1]",2.8328802960557688e-08
0.38250000000000006,0,2.3369168433427453e-06,-6.465488766138792e-08,-1.1285410913537666e-13,1,"[0, 0.022808183551985214, 0.38250000000000006, 1.0, 1]",2.833672343809489e-08
0.3826,0,2.3221407860666917e-06,-6.474521830180547e-08,-1.1316994714200004e-13,1,"[0, 0.02282216956597122, 0.3826, 1.0, 1]",2.8343239945409946e-08
0.38282,0,2.2895491546212217e-06,-6.494401134510048e-08,-1.13866562561437e-13,1,"[0, 0.02285293879674045, 0.38282, 1.0, 1]",2.8357307299089288e-08
0.3829166666666667,0,2.2751919318582217e-06,-6.503138812206195e-08,-1.1417342138199262e-13,1,"[0, 0.02286645861026027, 0.3829166666666667, 1.0, 1]",2.836337124887842e-08
0.38304,0,2.256841603198284e-06,-6.514289373243e-08,-1.1456561345541635e-13,1,"[0, 0.02288370802750968, 0.38304, 1.0, 1]",2.837100396594194e-08
0.38326,0,2.2240181317978877e-06,-6.534186435984497e-08,-1.1526709886207482e-13,1,"[0, 0.02291447725827891, 0.38326, 1.0, 1]",2.838432889218565e-08
0.3833333333333333,0,2.2130512146694316e-06,-6.540820732041791e-08,-1.15501468161445e-13,1,"[0, 0.022924733668535324, 0.3833333333333333, 1.0, 1]",2.838868774337661e-08
0.38348,0,2.1910787404200335e-06,-6.554092212339422e-08,-1.159710177773029e-13,1,"[0, 0.02294524648904814, 0.38348, 1.0, 1]",2.8397281025904597e-08
0.3837,0,2.15802342906472e-06,-6.574006591912956e-08,-1.1667736915475e-13,1,"[0, 0.02297601571981737, 0.3837, 1.0, 1]",2.8409859317053636e-08
0.38375000000000004,0,2.150494691776366e-06,-6.578533775669226e-08,-1.168382426848594e-13,1,"[0, 0.022983008726810385, 0.38375000000000004, 1.0, 1]",2.841266577388414e-08
0.38392,0,2.1248521977319588e-06,-6.593929464309981e-08,-1.1738615190579194e-13,1,"[0, 0.0230067849505866, 0.38392, 1.0, 1]",2.8422062717451942e-08
0.38414,0,2.091565046421729e-06,-6.613860719135592e-08,-1.1809736489953768e-13,1,"[0, 0.02303755418135584, 0.38414, 1.0, 1]",2.8433890180787244e-08
0.38416666666666666,0,2.0875223631790406e-06,-6.616277193112145e-08,-1.1818373761968085e-13,1,"[0, 0.02304128378508544, 0.38416666666666666, 1.0, 1]",2.8435298216734925e-08
0.38436000000000003,0,2.0581619751340314e-06,-6.6338002459948e-08,-1.1881100696280886e-13,1,"[0, 0.023068323412125075, 0.38436000000000003, 1.0, 1]",2.8445340662618367e-08
0.38458000000000003,0,2.0246429838688845e-06,-6.653747934492571e-08,-1.1952707688013175e-13,1,"[0, 0.023099092642894305, 0.38458000000000003, 1.0, 1]",2.8456413120370148e-08
0.3845833333333334,0,2.0241342288774405e-06,-6.654050234394279e-08,-1.1953794508940513e-13,1,"[0, 0.02309955884336051, 0.3845833333333334, 1.0, 1]",2.8456577972294034e-08
0.38480000000000003,0,1.991008072626289e-06,-6.673703674234044e-08,-1.202455733937364e-13,1,"[0, 0.023129861873663535, 0.38480000000000003, 1.0, 1]",2.8467106513334286e-08
0.385,0,1.9603302888715815e-06,-6.691852149539103e-08,-1.2090085667333135e-13,1,"[0, 0.023157833901635557, 0.385, 1.0, 1]",2.8476497964958144e-08
0.38502000000000003,0,1.9572572414062257e-06,-6.693667354824101e-08,-1.2096649520353348e-13,1,"[0, 0.023160631104432765, 0.38502000000000003, 1.0, 1]",2.8477419802674e-08
0.38524,0,1.9233904902087035e-06,-6.713638865867752e-08,-1.2168984096712117e-13,1,"[0, 0.023191400335201996, 0.38524, 1.0, 1]",2.848735195141598e-08
0.38541666666666674,0,1.8961105431614366e-06,-6.729682188570433e-08,-1.2227246340638525e-13,1,"[0, 0.023216108959910626, 0.38541666666666674, 1.0, 1]",2.8495051143169497e-08
0.38546,0,1.8894078190337229e-06,-6.733618096970093e-08,-1.224156092997772e-13,1,"[0, 0.023222169565971226, 0.38546, 1.0, 1]",2.8496901924458434e-08
0.38568,0,1.855309227881284e-06,-6.753604937736175e-08,-1.2314379877444924e-13,1,"[0, 0.023252938796740456, 0.38568, 1.0, 1]",2.8506068688567707e-08
0.38583333333333336,0,1.8314749917470525e-06,-6.767539601511828e-08,-1.236527557789365e-13,1,"[0, 0.02327438401818568, 0.38583333333333336, 1.0, 1]",2.851223047939685e-08
0.3859,0,1.8210947167513963e-06,-6.773599277770882e-08,-1.2387440792174527e-13,1,"[0, 0.023283708027509686, 0.3859, 1.0, 1]",2.8514851212374456e-08
0.38612,0,1.7867642856440406e-06,-6.793601006679309e-08,-1.2460743522994404e-13,1,"[0, 0.023314477258278916, 0.38612, 1.0, 1]",2.8523248466381287e-08
0.38625,0,1.766423634628392e-06,-6.805423638386976e-08,-1.2504172373668783e-13,1,"[0, 0.02333265907646073, 0.38625, 1.0, 1]",2.8528028970148602e-08
0.38634,0,1.7523179345592262e-06,-6.813610014066508e-08,-1.2534287914498248e-13,1,"[0, 0.023345246489048146, 0.38634, 1.0, 1]",2.853125942295724e-08
0.38656,0,1.7177556634969535e-06,-6.83362618953749e-08,-1.260807380704537e-13,1,"[0, 0.023376015719817376, 0.38656, 1.0, 1]",2.853888305634033e-08
0.3866666666666667,0,1.7009564718054452e-06,-6.843333549219482e-08,-1.2643935668057974e-13,1,"[0, 0.023390934134735798, 0.3866666666666667, 1.0, 1]",2.8542439635964324e-08
0.38678,0,1.6830774724572217e-06,-6.853649422697179e-08,-1.2682101036760395e-13,1,"[0, 0.023406784950586606, 0.38678, 1.0, 1]",2.8546118342635866e-08
0.387,0,1.648283361440042e-06,-6.87367960315067e-08,-1.275636943553414e-13,1,"[0, 0.023437554181355836, 0.387, 1.0, 1]",2.855296425981516e-08
0.38708333333333333,0,1.6350735032782598e-06,-6.881268584033031e-08,-1.27845643466746e-13,1,"[0, 0.023449209193010852, 0.38708333333333333, 1.0, 1]",2.8555455521426616e-08
0.38722,0,1.6133733304453938e-06,-6.893716620503017e-08,-1.2830878831022853e-13,1,"[0, 0.023468323412125073, 0.38722, 1.0, 1]",2.855941978772232e-08
0.38744,0,1.5783473794732873e-06,-6.913760364359144e-08,-1.2905629046647991e-13,1,"[0, 0.023499092642894303, 0.38744, 1.0, 1]",2.8565483908064923e-08
0.38750000000000007,0,1.5687747290467783e-06,-6.919227992851186e-08,-1.2926057240649161e-13,1,"[0, 0.023507484251285914, 0.38750000000000007, 1.0, 1]",2.8567069695145017e-08
0.38766,0,1.5432055085237223e-06,-6.933810724324062e-08,-1.298061990159719e-13,1,"[0, 0.023529861873663533, 0.38766, 1.0, 1]",2.8571155604421646e-08
0.38788,0,1.507947717596699e-06,-6.953867590002866e-08,-1.3055851210824536e-13,1,"[0, 0.023560631104432763, 0.38788, 1.0, 1]",2.857643386223675e-08
0.3879166666666667,0,1.502060149111059e-06,-6.95721102569776e-08,-1.3068413126633007e-13,1,"[0, 0.02356575930956097, 0.3879166666666667, 1.0, 1]",2.8577275249769128e-08
0.3881,0,1.4725740066922271e-06,-6.973930851000438e-08,-1.3131322785049763e-13,1,"[0, 0.023591400335201993, 0.3881, 1.0, 1]",2.8581317668825177e-08
0.38832,0,1.437084375810287e-06,-6.994000396922043e-08,-1.3207034430760938e-13,1,"[0, 0.023622169565971223, 0.38832, 1.0, 1]",2.8585806013366603e-08
0.3883333333333333,0,1.4349297634710618e-06,-6.995216932596273e-08,-1.3211630726802256e-13,1,"[0, 0.023624034367836024, 0.3883333333333333, 1.0, 1]",2.8586065301982267e-08
0.38854,0,1.4014788249508882e-06,-7.014076117372521e-08,-1.3282985950211906e-13,1,"[0, 0.023652938796740453, 0.38854, 1.0, 1]",2.85898978869135e-08
0.38875000000000004,0,1.3673835721267785e-06,-7.033244963570411e-08,-1.3355708708869163e-13,1,"[0, 0.023682309426111086, 0.38875000000000004, 1.0, 1]",2.8593432992504002e-08
0.38876,0,1.365757354114031e-06,-7.034157901956883e-08,-1.3359177141425104e-13,1,"[0, 0.023683708027509683, 0.38876, 1.0, 1]",2.8593592282381382e-08
0.38898,0,1.3299199632997155e-06,-7.054245640280224e-08,-1.343560779819191e-13,1,"[0, 0.023714477258278913, 0.38898, 1.0, 1]",2.85968881945556e-08
0.38916666666666666,0,1.2994215750782576e-06,-7.071294368643821e-08,-1.3500645686094702e-13,1,"[0, 0.02374058448438614, 0.38916666666666666, 1.0, 1]",2.859937148608804e-08
0.3892,0,1.2939666525079514e-06,-7.074339221947511e-08,-1.3512277710072568e-13,1,"[0, 0.023745246489048143, 0.3892, 1.0, 1]",2.859978462009174e-08
0.38942,0,1.257897421738719e-06,-7.094438536563754e-08,-1.3589186662397663e-13,1,"[0, 0.023776015719817373, 0.38942, 1.0, 1]",2.8602280557510565e-08
0.3895833333333334,0,1.2310437723254393e-06,-7.109364397840147e-08,-1.364644021730572e-13,1,"[0, 0.02379885954266121, 0.3895833333333334, 1.0, 1]",2.8603873971524343e-08
0.38964,0,1.2217122709920282e-06,-7.114543473733964e-08,-1.3666334436268835e-13,1,"[0, 0.023806784950586603, 0.38964, 1.0, 1]",2.860437500720181e-08
0.38986,0,1.1854112002678787e-06,-7.134653923063236e-08,-1.3743720808560112e-13,1,"[0, 0.023837554181355834, 0.38986, 1.0, 1]",2.8606066971423348e-08
0.39,0,1.1622501638683735e-06,-7.147454301183078e-08,-1.3793090806915835e-13,1,"[0, 0.023857134600936258, 0.39, 1.0, 1]",2.8606933661637004e-08
0.39008,0,1.148994209566271e-06,-7.154769774156452e-08,-1.3821345551917798e-13,1,"[0, 0.023868323412125064, 0.39008, 1.0, 1]",2.8607355454301598e-08
0.3903,0,1.112461298887215e-06,-7.17489091661875e-08,-1.3899208434763416e-13,1,"[0, 0.023899092642894294, 0.3903, 1.0, 1]",2.8608239461829e-08
0.39041666666666675,0,1.093040749707031e-06,-7.185563328696174e-08,-1.394059590494915e-13,1,"[0, 0.023915409659211326, 0.39041666666666675, 1.0, 1]",2.8608543793286376e-08
0.39052,0,1.0758124682306903e-06,-7.195017240055097e-08,-1.39773092212933e-13,1,"[0, 0.023929861873663524, 0.39052, 1.0, 1]",2.8608718001869082e-08
0.39074,0,1.039047717596707e-06,-7.215148634070504e-08,-1.40556476714807e-13,1,"[0, 0.02396063110443276, 0.39074, 1.0, 1]",2.860879008415097e-08
0.39083333333333337,0,1.023415529841431e-06,-7.223690730403122e-08,-1.408895390706933e-13,1,"[0, 0.02397368471748638, 0.39083333333333337, 1.0, 1]",2.860869762736991e-08
0.39096,0,1.0021670469852656e-06,-7.235284988270065e-08,-1.413422354107732e-13,1,"[0, 0.02399140033520199, 0.39096, 1.0, 1]",2.860845472027319e-08
0.39117999999999997,0,9.651704563963655e-07,-7.255426192258622e-08,-1.421303658161347e-13,1,"[0, 0.02402216956597122, 0.39117999999999997, 1.0, 1]",2.8607710923701123e-08
0.39125,0,9.533745042715739e-07,-7.261835756327569e-08,-1.42381631546107e-13,1,"[0, 0.02403195977576143, 0.39125, 1.0, 1]",2.860738844881538e-08
0.39139999999999997,0,9.280579458300175e-07,-7.275572135641353e-08,-1.4292086540401896e-13,1,"[0, 0.02405293879674045, 0.39139999999999997, 1.0, 1]",2.8606557709770405e-08
0.39161999999999997,0,8.908295152862006e-07,-7.29572270802327e-08,-1.4371373160537427e-13,1,"[0, 0.02408370802750968, 0.39161999999999997, 1.0, 1]",2.8604994095681836e-08
0.3916666666666667,0,8.829176729974193e-07,-7.299997656493201e-08,-1.4388221934614025e-13,1,"[0, 0.024090234834036498, 0.3916666666666667, 1.0, 1]",2.8604609566591477e-08
0.39183999999999997,0,8.534851647649252e-07,-7.315877799009296e-08,-1.4450896180898997e-13,1,"[0, 0.02411447725827891, 0.39183999999999997, 1.0, 1]",2.860301910050562e-08
0.39205999999999996,0,8.160248942661914e-07,-7.336037298204485e-08,-1.4530655336152238e-13,1,"[0, 0.02414524648904814, 0.39205999999999996, 1.0, 1]",2.8600631745180085e-08
0.39208333333333334,0,8.120450360190174e-07,-7.338175680923622e-08,-1.453912847986513e-13,1,"[0, 0.024148509892311553, 0.39208333333333334, 1.0, 1]",2.8600354313701026e-08
0.39227999999999996,0,7.784487037899992e-07,-7.356201095213848e-08,-1.4610650356750691e-13,1,"[0, 0.02417601571981737, 0.39227999999999996, 1.0, 1]",2.8597831052512547e-08
0.39249999999999996,0,7.407565933363591e-07,-7.376369079642563e-08,-1.4690880968938578e-13,1,"[0, 0.0242067849505866, 0.39249999999999996, 1.0, 1]",2.859461604717633e-08
0.39271999999999996,0,7.029485629052499e-07,-7.396541141095386e-08,-1.4771346894750436e-13,1,"[0, 0.02423755418135583, 0.39271999999999996, 1.0, 1]",2.859098575571289e-08
0.3929166666666667,0,6.690523449494024e-07,-7.41457710267354e-08,-1.4843477526242783e-13,1,"[0, 0.02426506000886167, 0.3929166666666667, 1.0, 1]",2.8587388148092297e-08
0.39293999999999996,0,6.650246124966823e-07,-7.416717169177455e-08,-1.4852047852016444e-13,1,"[0, 0.02426832341212506, 0.39293999999999996, 1.0, 1]",2.8586939206535624e-08
0.39315999999999995,0,6.269847421106563e-07,-7.436897053493738e-08,-1.4932983554362388e-13,1,"[0, 0.02429909264289429, 0.39315999999999995, 1.0, 1]",2.8582475429918018e-08
0.3933333333333333,0,5.969322908581989e-07,-7.452799000040327e-08,-1.4996916222072094e-13,1,"[0, 0.024323335067136718, 0.3933333333333333, 1.0, 1]",2.8578664021555433e-08
0.39338,0,5.888289517471722e-07,-7.457080683649413e-08,-1.5014153711213447e-13,1,"[0, 0.024329861873663528, 0.39338, 1.0, 1]",2.857759345801185e-08
0.3936,0,5.505572414062292e-07,-7.47726794924928e-08,-1.5095558027794135e-13,1,"[0, 0.024360631104432758, 0.3936, 1.0, 1]",2.8572292324826865e-08
0.39375000000000004,0,5.243964310627184e-07,-7.491034021766443e-08,-1.515119507265858e-13,1,"[0, 0.024381610125411787, 0.39375000000000004, 1.0, 1]",2.8568437096709343e-08
0.39382,0,5.12169611087828e-07,-7.497458739898519e-08,-1.517719620513381e-13,1,"[0, 0.024391400335201995, 0.39382, 1.0, 1]",2.856657106624814e-08
0.39404,0,4.736660607919682e-07,-7.517652945202053e-08,-1.5259067940066563e-13,1,"[0, 0.024422169565971225, 0.39404, 1.0, 1]",2.8560428720026766e-08
0.39416666666666667,0,4.5144476556298055e-07,-7.529281417875574e-08,-1.530631204023133e-13,1,"[0, 0.02443988518368684, 0.39416666666666667, 1.0, 1]",2.8556700826732194e-08
0.39426,0,4.3504659051865007e-07,-7.537850454764937e-08,-1.5341172925235379e-13,1,"[0, 0.024452938796740455, 0.39426, 1.0, 1]",2.855386432578027e-08
0.39448,0,3.963112002678839e-07,-7.558051158192179e-08,-1.5423510849094076e-13,1,"[0, 0.024483708027509685, 0.39448, 1.0, 1]",2.8546876924995154e-08
0.3945833333333334,0,3.7807729435896524e-07,-7.567540438391493e-08,-1.5462265033077323e-13,1,"[0, 0.02449816024196191, 0.3945833333333334, 1.0, 1]",2.8543448688835863e-08
0.3947,0,3.5745989003964866e-07,-7.578254945088791e-08,-1.5506081395910213e-13,1,"[0, 0.024514477258278915, 0.3947, 1.0, 1]",2.8539465561025636e-08
0.39492,0,3.1849265983395513e-07,-7.598461705059782e-08,-1.5588884245767915e-13,1,"[0, 0.024545246489048145, 0.39492, 1.0, 1]",2.8531629279097447e-08
0.395,0,3.0429401745069294e-07,-7.60581033333772e-08,-1.5619051905604982e-13,1,"[0, 0.02455643530023696, 0.395, 1.0, 1]",2.852867418426933e-08
0.39514,0,2.794095096508032e-07,-7.61867132771029e-08,-1.5671919074571278e-13,1,"[0, 0.024576015719817376, 0.39514, 1.0, 1]",2.852336712629725e-08
0.39536,0,2.402104394901928e-07,-7.638883702645154e-08,-1.5755185554045607e-13,1,"[0, 0.024606784950586606, 0.39536, 1.0, 1]",2.8514678151585768e-08
0.39541666666666664,0,2.3009493483815358e-07,-7.644090352737855e-08,-1.5776670458414146e-13,1,"[0, 0.024614710358512013, 0.39541666666666664, 1.0, 1]",2.8512370838318252e-08
0.39558,0,2.0089544935213453e-07,-7.659098719469386e-08,-1.5838683351742377e-13,1,"[0, 0.024637554181355836, 0.39558, 1.0, 1]",2.850556140578974e-08
0.3958,0,1.6146453923660726e-07,-7.67931626778825e-08,-1.592241213104273e-13,1,"[0, 0.024668323412125066, 0.3958, 1.0, 1]",2.8496015941603614e-08
0.39583333333333337,0,1.5548004652133644e-07,-7.682379746615757e-08,-1.5935118438369075e-13,1,"[0, 0.024672985416787075, 0.39583333333333337, 1.0, 1]",2.8494532200301575e-08
0.39602,0,1.2191770914362155e-07,-7.69953623720646e-08,-1.6006371551157357e-13,1,"[0, 0.024699092642894296, 0.39602, 1.0, 1]",2.8486040813590386e-08
0.39624,0,8.225495907317739e-08,-7.719758517329193e-08,-1.6090561267133987e-13,1,"[0, 0.024729861873663526, 0.39624, 1.0, 1]",2.8475635078181613e-08
0.39625,0,8.044935250026257e-08,-7.72067776499486e-08,-1.6094393538671615e-13,1,"[0, 0.02473126047506213, 0.39625, 1.0, 1]",2.8475151843570264e-08
0.39646000000000003,0,4.247628902526416e-08,-7.73998299776142e-08,-1.6174980929857958e-13,1,"[0, 0.024760631104432763, 0.39646000000000003, 1.0, 1]",2.8464797793675287e-08
0.3966666666666667,0,5.002852774900212e-09,-7.758983657898935e-08,-1.625449339894402e-13,1,"[0, 0.0247895355333372, 0.3966666666666667, 1.0, 1]",2.8454223365520008e-08
0.39668000000000003,0,2.581698999913744e-09,-7.760209568108192e-08,-1.6259630186056918e-13,1,"[0, 0.024791400335202, 0.39668000000000003, 1.0, 1]",2.8453528020237953e-08
0.39690000000000003,0,-3.7428811002905766e-08,-7.780438117974519e-08,-1.6344508678303796e-13,1,"[0, 0.02482216956597123, 0.39690000000000003, 1.0, 1]",2.84418248199081e-08
0.39708333333333334,0,-7.085945265469743e-08,-7.797296675351587e-08,-1.6415415605310175e-13,1,"[0, 0.024847810591612247, 0.39708333333333334, 1.0, 1]",2.843174038757174e-08
0.39712000000000003,0,-7.755524098318372e-08,-7.800668536965454e-08,-1.642961604502079e-13,1,"[0, 0.02485293879674046, 0.39712000000000003, 1.0, 1]",2.8429687256583882e-08
0.39734,0,-1.177975909409201e-07,-7.820900714685922e-08,-1.6514951920482333e-13,1,"[0, 0.02488370802750969, 0.39734, 1.0, 1]",2.8417114396040047e-08
0.3975000000000001,0,-1.4713756378859443e-07,-7.835616067376501e-08,-1.6577157690483692e-13,1,"[0, 0.024906085649887316, 0.3975000000000001, 1.0, 1]",2.8407696555187726e-08
0.39756,0,-1.5815586087611495e-07,-7.841134540740975e-08,-1.6600515934819945e-13,1,"[0, 0.02491447725827892, 0.39756, 1.0, 1]",2.8404105305913974e-08
0.39778,0,-1.986300507887575e-07,-7.861369904735667e-08,-1.6686307714025548e-13,1,"[0, 0.02494524648904815, 0.39778, 1.0, 1]",2.8390659055712017e-08
0.3979166666666667,0,-2.238314806267264e-07,-7.87394108399724e-08,-1.6739717133857722e-13,1,"[0, 0.02496436070816237, 0.3979166666666667, 1.0, 1]",2.838208553786268e-08
0.398,0,-2.3922016067886916e-07,-7.881606696274965e-08,-1.6772326879955035e-13,1,"[0, 0.02497601571981738, 0.398, 1.0, 1]",2.837677471681078e-08
0.39822,0,-2.7992619054643937e-07,-7.901844804963921e-08,-1.6858573050332993e-13,1,"[0, 0.02500678495058661, 0.39822, 1.0, 1]",2.836245136245627e-08
0.3983333333333333,0,-3.0094120316913635e-07,-7.912270975237491e-08,-1.690309136160042e-13,1,"[0, 0.02502263576643742, 0.3983333333333333, 1.0, 1]",2.8354901029127137e-08
0.39844,0,-3.2074814039146796e-07,-7.922084120407631e-08,-1.6945045838756628e-13,1,"[0, 0.02503755418135584, 0.39844, 1.0, 1]",2.834768806775458e-08
0.39866,0,-3.6168601021395495e-07,-7.942324532210892e-08,-1.703174485469848e-13,1,"[0, 0.02506832341212507, 0.39866, 1.0, 1]",2.83324839096867e-08
0.39875000000000005,0,-3.784667314158353e-07,-7.950604991120942e-08,-1.70672777467525e-13,1,"[0, 0.025080910824712487, 0.39875000000000005, 1.0, 1]",2.8326136746550437e-08
0.39888,0,-4.0273980001388963e-07,-7.962565929978884e-08,-1.7118669703513572e-13,1,"[0, 0.0250990926428943, 0.39888, 1.0, 1]",2.8316837967103036e-08
0.3991,0,-4.4390950979129355e-07,-7.982808203316618e-08,-1.7205819986441384e-13,1,"[0, 0.02512986187366353, 0.3991, 1.0, 1]",2.8300749320713222e-08
0.39916666666666667,0,-4.564080653667688e-07,-7.988942381671238e-08,-1.7232273609328817e-13,1,"[0, 0.025139185882987542, 0.39916666666666667, 1.0, 1]",2.8295786431732662e-08
0.39932,0,-4.851951395461559e-07,-8.003051241829061e-08,-1.7293195300610803e-13,1,"[0, 0.02516063110443276, 0.39932, 1.0, 1]",2.828421705310519e-08
0.39954,0,-5.265966892784767e-07,-8.023294935121308e-08,-1.738079523904536e-13,1,"[0, 0.02519140033520199, 0.39954, 1.0, 1]",2.8267240248731193e-08
0.3995833333333334,0,-5.347652050220025e-07,-8.027282396912024e-08,-1.7398076216423974e-13,1,"[0, 0.025197460941262604, 0.3995833333333334, 1.0, 1]",2.8263843850311845e-08
0.39976,0,-5.681141589882559e-07,-8.043539172798284e-08,-1.7468619390666488e-13,1,"[0, 0.02522216956597122, 0.39976, 1.0, 1]",2.8249817993907378e-08
0.39998,0,-6.097475486754828e-07,-8.063783844465043e-08,-1.7556667340299485e-13,1,"[0, 0.02525293879674045, 0.39998, 1.0, 1]",2.8231949376822258e-08
0.4,0,-6.135381503814811e-07,-8.065624286866904e-08,-1.75646827823213e-13,1,"[0, 0.02525573599953766, 0.4, 1.0, 1]",2.8230302791959307e-08
0.4002,0,-6.514968583401789e-07,-8.084028839726593e-08,-1.764493866867749e-13,1,"[0, 0.025283708027509687, 0.4002, 1.0, 1]",2.8213633487531633e-08
0.40041666666666675,0,-6.927269014452385e-07,-8.103967301559522e-08,-1.7732090468606012e-13,1,"[0, 0.025314011057812728, 0.40041666666666675, 1.0, 1]",2.8195157070380083e-08
0.40042,0,-6.933620879823334e-07,-8.104274048187988e-08,-1.7733432952446675e-13,1,"[0, 0.025314477258278918, 0.40042, 1.0, 1]",2.8194869417960702e-08
0.40064,0,-7.353432376019464e-07,-8.124519359454195e-08,-1.7822149764170563e-13,1,"[0, 0.025345246489048148, 0.40064, 1.0, 1]",2.8175656261898137e-08
0.4008333333333334,0,-7.723314582132516e-07,-8.14231069101361e-08,-1.790029638428191e-13,1,"[0, 0.025372286116087776, 0.4008333333333334, 1.0, 1]",2.815840052332393e-08
0.40086,0,-7.77440307199018e-07,-8.144764663130225e-08,-1.7911088672335565e-13,1,"[0, 0.025376015719817378, 0.40086, 1.0, 1]",2.8155993115004977e-08
0.40108,0,-8.196532967735368e-07,-8.165009848821214e-08,-1.8000249241356397e-13,1,"[0, 0.025406784950586608, 0.40108, 1.0, 1]",2.8135879074810816e-08
0.4012500000000001,0,-8.523518206855438e-07,-8.180653705252727e-08,-1.806929758589045e-13,1,"[0, 0.025430561174362844, 0.4012500000000001, 1.0, 1]",2.812002701256246e-08
0.4013,0,-8.619822063255251e-07,-8.185254806132046e-08,-1.8089631031579532e-13,1,"[0, 0.025437554181355838, 0.4013, 1.0, 1]",2.8115313240709566e-08
0.40152,0,-9.044270358549719e-07,-8.205499424667731e-08,-1.817923359929009e-13,1,"[0, 0.025468323412125068, 0.40152, 1.0, 1]",2.8094294713962848e-08
0.4016666666666667,0,-9.327879888620913e-07,-8.218995594300519e-08,-1.8239091077635731e-13,1,"[0, 0.0254888362326379, 0.4016666666666667, 1.0, 1]",2.808003042391286e-08
0.40174,0,-9.469877853618771e-07,-8.225743594033406e-08,-1.826905649671712e-13,1,"[0, 0.025499092642894298, 0.40174, 1.0, 1]",2.807282259770719e-08
0.40196,0,-9.896644548462408e-07,-8.245987203834039e-08,-1.8359099272037665e-13,1,"[0, 0.025529861873663528, 0.40196, 1.0, 1]",2.805089599693878e-08
0.40208333333333335,0,-1.013639962742906e-06,-8.257335608180674e-08,-1.840967381151186e-13,1,"[0, 0.025547111290912947, 0.40208333333333335, 1.0, 1]",2.803840466722221e-08
0.40218,0,-1.0324570443080518e-06,-8.266230143674513e-08,-1.8449361469382583e-13,1,"[0, 0.025560631104432758, 0.40218, 1.0, 1]",2.8028514018528716e-08
0.4024,0,-1.0753655537473319e-06,-8.286472303160007e-08,-1.853984262884375e-13,1,"[0, 0.025591400335201988, 0.4024, 1.0, 1]",2.8005675771210295e-08
0.4025000000000001,0,-1.0949077423279998e-06,-8.295672996916879e-08,-1.8581042687434003e-13,1,"[0, 0.025605386349188016, 0.4025000000000001, 1.0, 1]",2.7995143676378092e-08
0.40262,0,-1.1183899831640709e-06,-8.306713571895616e-08,-1.8630542286478017e-13,1,"[0, 0.025622169565971218, 0.40262, 1.0, 1]",2.7982380365588758e-08
0.40284,0,-1.1615303325582683e-06,-8.326953839486013e-08,-1.872145997431132e-13,1,"[0, 0.025652938796740448, 0.40284, 1.0, 1]",2.7958626914133242e-08
0.4029166666666667,0,-1.1765913276173492e-06,-8.334007010532738e-08,-1.8753194553372934e-13,1,"[0, 0.02566366140746307, 0.4029166666666667, 1.0, 1]",2.7950241409296282e-08
0.40306,0,-1.204786601929913e-06,-8.347192995536587e-08,-1.8812595220349627e-13,1,"[0, 0.025683708027509678, 0.40306, 1.0, 1]",2.7934414531188215e-08
0.40327999999999997,0,-1.2481587912790274e-06,-8.367430929652095e-08,-1.8903947548578657e-13,1,"[0, 0.025714477258278908, 0.40327999999999997, 1.0, 1]",2.7909742332959923e-08
0.40333333333333343,0,-1.2586907186109887e-06,-8.372336899051853e-08,-1.8926126205494012e-13,1,"[0, 0.025721936465738133, 0.40333333333333343, 1.0, 1]",2.79036918479339e-08
0.40349999999999997,0,-1.2916469006056001e-06,-8.387667531437759e-08,-1.899551647897479e-13,1,"[0, 0.025745246489048138, 0.40349999999999997, 1.0, 1]",2.7884609437524015e-08
0.40371999999999997,0,-1.3352509299096311e-06,-8.40790269049842e-08,-1.908730152750724e-13,1,"[0, 0.025776015719817375, 0.40371999999999997, 1.0, 1]",2.785901496482427e-08
0.40375000000000005,0,-1.3412059153088612e-06,-8.410661912497997e-08,-1.9099834388300243e-13,1,"[0, 0.025780211524013188, 0.40375000000000005, 1.0, 1]",2.785548899828008e-08
0.40393999999999997,0,-1.3789708791911209e-06,-8.428136296439214e-08,-1.9179302206147206e-13,1,"[0, 0.025806784950586605, 0.40393999999999997, 1.0, 1]",2.783295803667514e-08
0.40415999999999996,0,-1.4228067484500577e-06,-8.448368238865068e-08,-1.9271518022871735e-13,1,"[0, 0.025837554181355835, 0.40415999999999996, 1.0, 1]",2.780643777675285e-08
0.4041666666666667,0,-1.4241369177110122e-06,-8.448981300894604e-08,-1.9274315794775948e-13,1,"[0, 0.025838486582288243, 0.4041666666666667, 1.0, 1]",2.7805626890359792e-08
0.40437999999999996,0,-1.4667585376864642e-06,-8.468598407381076e-08,-1.9363948481671712e-13,1,"[0, 0.025868323412125065, 0.40437999999999996, 1.0, 1]",2.777945331061024e-08
0.4045833333333334,0,-1.5074837258174422e-06,-8.487294314265615e-08,-1.9449567066540277e-13,1,"[0, 0.025896761640563305, 0.4045833333333334, 1.0, 1]",2.77540995782351e-08
0.40459999999999996,0,-1.510826246900329e-06,-8.488826691592206e-08,-1.9456593082556814e-13,1,"[0, 0.025899092642894295, 0.40459999999999996, 1.0, 1]",2.7752003765661913e-08
0.40481999999999996,0,-1.5550098760916525e-06,-8.50905298110351e-08,-1.9549451321562898e-13,1,"[0, 0.025929861873663525, 0.40481999999999996, 1.0, 1]",2.7724088271190613e-08
0.405,0,-1.5912463396281274e-06,-8.52560020263438e-08,-1.9625584793995542e-13,1,"[0, 0.02595503669883836, 0.405, 1.0, 1]",2.7700901140001367e-08
0.40503999999999996,0,-1.5993094252604343e-06,-8.529277165519998e-08,-1.9642522690757906e-13,1,"[0, 0.025960631104432755, 0.40503999999999996, 1.0, 1]",2.76957059583506e-08
0.40525999999999995,0,-1.6437248944066632e-06,-8.549499134446681e-08,-1.9735806678248616e-13,1,"[0, 0.025991400335201986, 0.40525999999999995, 1.0, 1]",2.76668559601613e-08
0.40541666666666676,0,-1.6754247591431035e-06,-8.563898216024797e-08,-1.9802365516489463e-13,1,"[0, 0.02601331175711343, 0.40541666666666676, 1.0, 1]",2.7646025677791046e-08
0.40547999999999995,0,-1.688256283530362e-06,-8.569718777488569e-08,-1.982930276818729e-13,1,"[0, 0.026022169565971216, 0.40547999999999995, 1.0, 1]",2.7637537411512813e-08
0.4057,0,-1.732903592631531e-06,-8.58993598425063e-08,-1.992301044077821e-13,1,"[0, 0.026052938796740453, 0.4057, 1.0, 1]",2.7607749449158286e-08
0.4058333333333334,0,-1.7600189843623121e-06,-8.602187604460386e-08,-1.997990572247159e-13,1,"[0, 0.026071586815388476, 0.4058333333333334, 1.0, 1]",2.7589467317770733e-08
0.40592,0,-1.7776668217101465e-06,-8.610150644338e-08,-2.0016929172285448e-13,1,"[0, 0.026083708027509683, 0.40592, 1.0, 1]",2.7577491211725775e-08
0.40614,0,-1.8225459707662205e-06,-8.630362647355563e-08,-2.0111058435037807e-13,1,"[0, 0.026114477258278913, 0.40614, 1.0, 1]",2.7546761839705115e-08
0.40625,0,-1.8450290152857989e-06,-8.640467617964791e-08,-2.0158201849660095e-13,1,"[0, 0.02612986187366353, 0.40625, 1.0, 1]",2.753122021013989e-08
0.40636,0,-1.8675410397997416e-06,-8.650571882908456e-08,-2.0205397697438127e-13,1,"[0, 0.026145246489048143, 0.40636, 1.0, 1]",2.7515560475458928e-08
0.40658,0,-1.9126520288107325e-06,-8.670778240601605e-08,-2.029994642396818e-13,1,"[0, 0.026176015719817373, 0.40658, 1.0, 1]",2.748388626321543e-08
0.40666666666666673,0,-1.930454851913577e-06,-8.678737506561615e-08,-2.0337250285208982e-13,1,"[0, 0.0261881369319386, 0.40666666666666673, 1.0, 1]",2.7471278529137615e-08
0.4068,0,-1.957878937799182e-06,-8.690981610040061e-08,-2.039470407519736e-13,1,"[0, 0.02620678495058661, 0.4068, 1.0, 1]",2.7451738349071386e-08
0.40702,0,-2.00322176676509e-06,-8.711181880828878e-08,-2.0489670107789296e-13,1,"[0, 0.02623755418135584, 0.40702, 1.0, 1]",2.741911588098958e-08
0.40708333333333335,0,-2.016296494245587e-06,-8.716996520274717e-08,-2.0517047365881334e-13,1,"[0, 0.026246411990213648, 0.40708333333333335, 1.0, 1]",2.7409636473039693e-08
0.40724,0,-2.048680515708456e-06,-8.731378942573023e-08,-2.058484397450874e-13,1,"[0, 0.02626832341212507, 0.40724, 1.0, 1]",2.7386018008805586e-08
0.40746,0,-2.0942551846292693e-06,-8.751572684877507e-08,-2.068022512422954e-13,1,"[0, 0.0262990926428943, 0.40746, 1.0, 1]",2.735244388421887e-08
0.4075000000000001,0,-2.1025539422818998e-06,-8.755243909127528e-08,-2.069758937822152e-13,1,"[0, 0.026304687048488717, 0.4075000000000001, 1.0, 1]",2.7346288264150108e-08
0.40768,0,-2.1399457735275524e-06,-8.771762997347381e-08,-2.0775813001942053e-13,1,"[0, 0.02632986187366353, 0.40768, 1.0, 1]",2.7318392660797454e-08
0.4079,0,-2.1857522824032938e-06,-8.791949769587699e-08,-2.087160704876051e-13,1,"[0, 0.02636063110443276, 0.4079, 1.0, 1]",2.7283863493980033e-08
0.4079166666666667,0,-2.189227196022444e-06,-8.79347892314378e-08,-2.087887255873774e-13,1,"[0, 0.02636296210676377, 0.4079166666666667, 1.0, 1]",2.7281228148811643e-08
0.40812,0,-2.231674711256494e-06,-8.812132891203386e-08,-2.0967606701929973e-13,1,"[0, 0.02639140033520199, 0.40812, 1.0, 1]",2.724885554107047e-08
0.40833333333333344,0,-2.276316255467291e-06,-8.831700812347076e-08,-2.1060893094082828e-13,1,"[0, 0.026421237165038833, 0.40833333333333344, 1.0, 1]",2.7214450397405028e-08
0.40834,0,-2.2777130600871522e-06,-8.832312251799451e-08,-2.106381139483506e-13,1,"[0, 0.02642216956597122, 0.40834, 1.0, 1]",2.7213367961240757e-08
0.40856000000000003,0,-2.32386732889527e-06,-8.852487740981075e-08,-2.1160220557008093e-13,1,"[0, 0.026452938796740457, 0.40856000000000003, 1.0, 1]",2.7177399915533134e-08
0.40875000000000006,0,-2.3638211206163813e-06,-8.869908826761103e-08,-2.12436471212418e-13,1,"[0, 0.02647951222331389, 0.40875000000000006, 1.0, 1]",2.7145949304344282e-08
0.40878000000000003,0,-2.3701375176808455e-06,-8.872659248353013e-08,-2.1256833614134117e-13,1,"[0, 0.026483708027509687, 0.40878000000000003, 1.0, 1]",2.7140950566857128e-08
0.40900000000000003,0,-2.4165236264438796e-06,-8.892826663520488e-08,-2.1353649988063062e-13,1,"[0, 0.026514477258278917, 0.40900000000000003, 1.0, 1]",2.710401907998743e-08
0.4091666666666667,0,-2.4517417914697275e-06,-8.908102216409506e-08,-2.1427130727721375e-13,1,"[0, 0.026537787281588943, 0.4091666666666667, 1.0, 1]",2.707571918807756e-08
0.40922000000000003,0,-2.4630256551843715e-06,-8.91298987608851e-08,-2.145066909681452e-13,1,"[0, 0.026545246489048147, 0.40922000000000003, 1.0, 1]",2.706660462157237e-08
0.40944,0,-2.5096436039023226e-06,-8.933148775662088e-08,-2.154789035458685e-13,1,"[0, 0.026576015719817377, 0.40944, 1.0, 1]",2.7028706360123326e-08
0.4095833333333334,0,-2.540078268027376e-06,-8.946280231316016e-08,-2.1611339951744522e-13,1,"[0, 0.026596062339864005, 0.4095833333333334, 1.0, 1]",2.7003754391090123e-08
0.40966,0,-2.5563774725977196e-06,-8.953303251846105e-08,-2.164531317176468e-13,1,"[0, 0.026606784950586607, 0.40966, 1.0, 1]",2.69903234660215e-08
0.40988,0,-2.6032272612705872e-06,-8.9734531942457e-08,-2.1742936954929043e-13,1,"[0, 0.026637554181355844, 0.40988, 1.0, 1]",2.6951455111515802e-08
0.41000000000000003,0,-2.6288305502892683e-06,-8.984442121504151e-08,-2.1796270782446535e-13,1,"[0, 0.02665433739813906, 0.41000000000000003, 1.0, 1]",2.693004927990136e-08
0.4101,0,-2.650192969920913e-06,-8.993598492465797e-08,-2.1840761106863409e-13,1,"[0, 0.026668323412125074, 0.4101, 1.0, 1]",2.69121004707237e-08
0.41032,0,-2.697274598548697e-06,-9.013739036111534e-08,-2.1938785026564169e-13,1,"[0, 0.026699092642894304, 0.41032, 1.0, 1]",2.6872258719629517e-08
0.41041666666666676,0,-2.717998638255441e-06,-9.022587136997598e-08,-2.1981919160078146e-13,1,"[0, 0.02671261245641413, 0.41041666666666676, 1.0, 1]",2.685459824506607e-08
0.41054,0,-2.7444721471539283e-06,-9.033874714787835e-08,-2.203700810924703e-13,1,"[0, 0.026729861873663534, 0.41054, 1.0, 1]",2.6831929036088678e-08
0.41076,0,-2.7917856157366295e-06,-9.054005418099797e-08,-2.2135429746357447e-13,1,"[0, 0.026760631104432765, 0.41076, 1.0, 1]",2.6791110599822193e-08
0.4108333333333334,0,-2.8075825319258666e-06,-9.060714527820004e-08,-2.2168280976209397e-13,1,"[0, 0.026770887514689177, 0.4108333333333334, 1.0, 1]",2.6777395701175732e-08
0.41098,0,-2.8392150042967894e-06,-9.074131035652344e-08,-2.223404932557762e-13,1,"[0, 0.026791400335201995, 0.41098, 1.0, 1]",2.674980259241751e-08
0.4112,0,-2.8867603128344076e-06,-9.094251457050613e-08,-2.233286623083705e-13,1,"[0, 0.026822169565971225, 0.4112, 1.0, 1]",2.6708004197334025e-08
0.41125,0,-2.8975822313005595e-06,-9.09882354399497e-08,-2.2355352073938278e-13,1,"[0, 0.026829162572964232, 0.41125, 1.0, 1]",2.6698436086854267e-08
0.41142,0,-2.934421541349484e-06,-9.114366571899446e-08,-2.243187984231889e-13,1,"[0, 0.026852938796740455, 0.41142, 1.0, 1]",2.6665714599895868e-08
0.41164,0,-2.9821986898420073e-06,-9.134476269804021e-08,-2.2531089536471902e-13,1,"[0, 0.026883708027509685, 0.41164, 1.0, 1]",2.6622932987297002e-08
0.41166666666666674,0,-2.987997736379535e-06,-9.136913435546313e-08,-2.2543128248104245e-13,1,"[0, 0.0268874376312393, 0.41166666666666674, 1.0, 1]",2.661771386476566e-08
0.41186,0,-3.0300917583120007e-06,-9.154580440369264e-08,-2.2630494686016528e-13,1,"[0, 0.026914477258278915, 0.41186, 1.0, 1]",2.6579658548599093e-08
0.41208,0,-3.078100746759453e-06,-9.17467897320027e-08,-2.2730094659956008e-13,1,"[0, 0.026945246489048145, 0.41208, 1.0, 1]",2.6535890474732365e-08
0.41208333333333336,0,-3.0788290471627617e-06,-9.174983452497423e-08,-2.273160524550108e-13,1,"[0, 0.02694571268951435, 0.41208333333333336, 1.0, 1]",2.6535223521603796e-08
0.4123,0,-3.1262256551843633e-06,-9.194771757901966e-08,-2.282988882358383e-13,1,"[0, 0.026976015719817375, 0.4123, 1.0, 1]",2.6491627958493053e-08
0.4125000000000001,0,-3.1700761636502706e-06,-9.2130328448722e-08,-2.292077876510115e-13,1,"[0, 0.027003987747789417, 0.4125000000000001, 1.0, 1]",2.6450959568100935e-08
0.41252,0,-3.174466483586732e-06,-9.214858684079444e-08,-2.2929876538494605e-13,1,"[0, 0.027006784950586605, 0.41252, 1.0, 1]",2.6446870194546795e-08
0.41274,0,-3.222823231966548e-06,-9.234939641337673e-08,-2.3030057162591884e-13,1,"[0, 0.027037554181355835, 0.41274, 1.0, 1]",2.6401616379429478e-08
0.4129166666666667,0,-3.2617390858420328e-06,-9.251060862694161e-08,-2.3110644458274356e-13,1,"[0, 0.027062262806064472, 0.4129166666666667, 1.0, 1]",2.636491653902347e-08
0.41296,0,-3.2712959003238337e-06,-9.255014519281706e-08,-2.313043005009854e-13,1,"[0, 0.027068323412125065, 0.41296, 1.0, 1]",2.6355865711539613e-08
0.41318,0,-3.3198844886585777e-06,-9.27508320751651e-08,-2.323099455156541e-13,1,"[0, 0.027099092642894295, 0.41318, 1.0, 1]",2.6309617391148925e-08
0.41333333333333344,0,-3.3538178137380885e-06,-9.289066755987037e-08,-2.33011979290181e-13,1,"[0, 0.027120537864339534, 0.41333333333333344, 1.0, 1]",2.6277088993177437e-08
0.4134,0,-3.3685889969707804e-06,-9.295145595647054e-08,-2.33317500138812e-13,1,"[0, 0.027129861873663532, 0.4134, 1.0, 1]",2.6262870620394307e-08
0.41362,0,-3.4174094252604413e-06,-9.315201573278558e-08,-2.343269578028337e-13,1,"[0, 0.027160631104432762, 0.41362, 1.0, 1]",2.6215624603283746e-08
0.41375000000000006,0,-3.446312347338373e-06,-9.327049774774305e-08,-2.349243473418569e-13,1,"[0, 0.02717881292261459, 0.41375000000000006, 1.0, 1]",2.618747151339581e-08
0.41384,0,-3.4663457735275487e-06,-9.335251030015907e-08,-2.3533831190364844e-13,1,"[0, 0.027191400335201992, 0.41384, 1.0, 1]",2.6167878545687854e-08
0.41406,0,-3.5153980417721267e-06,-9.355293855464067e-08,-2.3635155580085884e-13,1,"[0, 0.027222169565971222, 0.41406, 1.0, 1]",2.6119631655350883e-08
0.4141666666666667,0,-3.539222686642936e-06,-9.365009169079778e-08,-2.368435038372365e-13,1,"[0, 0.027237087980889637, 0.4141666666666667, 1.0, 1]",2.6096058706554594e-08
0.41428,0,-3.564566229994163e-06,-9.375329939228134e-08,-2.3736668281784147e-13,1,"[0, 0.027252938796740452, 0.41428, 1.0, 1]",2.6070883141883096e-08
0.4145,0,-3.613850338193658e-06,-9.395359170913119e-08,-2.383836862418354e-13,1,"[0, 0.027283708027509682, 0.4145, 1.0, 1]",2.602163221675992e-08
0.4145833333333334,0,-3.6325488316517827e-06,-9.402944188927018e-08,-2.387694034090695e-13,1,"[0, 0.027295363039164706, 0.4145833333333334, 1.0, 1]",2.6002845203559267e-08
0.41472,0,-3.663250366370611e-06,-9.41538144012403e-08,-2.3940255932404654e-13,1,"[0, 0.027314477258278912, 0.41472, 1.0, 1]",2.5971878093328734e-08
0.41494,0,-3.712766314525011e-06,-9.435396636465878e-08,-2.4042329527974804e-13,1,"[0, 0.027345246489048142, 0.41494, 1.0, 1]",2.5921619986805037e-08
0.41500000000000004,0,-3.7262907823648806e-06,-9.440854084339754e-08,-2.407020002258277e-13,1,"[0, 0.02735363809743976, 0.41500000000000004, 1.0, 1]",2.5907825659354954e-08
0.41516,0,-3.762398182656881e-06,-9.455404649543632e-08,-2.414458872883802e-13,1,"[0, 0.027376015719817372, 0.41516, 1.0, 1]",2.5870857114267806e-08
0.41537999999999997,0,-3.81214597076621e-06,-9.475405368962342e-08,-2.4247032849365897e-13,1,"[0, 0.027406784950586602, 0.41537999999999997, 1.0, 1]",2.581958869466881e-08
0.41541666666666677,0,-3.820448538782272e-06,-9.478738105341548e-08,-2.4264124799414313e-13,1,"[0, 0.02741191315571483, 0.41541666666666677, 1.0, 1]",2.5810994752922184e-08
0.41559999999999997,0,-3.862009678852997e-06,-9.495398684327106e-08,-2.4349661200367713e-13,1,"[0, 0.027437554181355833, 0.41559999999999997, 1.0, 1]",2.5767813948828367e-08
0.41581999999999997,0,-3.911989306917242e-06,-9.515384485242804e-08,-2.4452473089099534e-13,1,"[0, 0.027468323412125063, 0.41581999999999997, 1.0, 1]",2.571553209942858e-08
0.4158333333333334,0,-3.9150221009038925e-06,-9.516595501956171e-08,-2.4458709996131887e-13,1,"[0, 0.027470188213989877, 0.4158333333333334, 1.0, 1]",2.571234718727266e-08
0.41603999999999997,0,-3.962084854958934e-06,-9.535362661314575e-08,-2.4555467819277037e-13,1,"[0, 0.027499092642894293, 0.41603999999999997, 1.0, 1]",2.5662742371026027e-08
0.41625,0,-4.010011468729793e-06,-9.554425524207058e-08,-2.4653950891782867e-13,1,"[0, 0.027528463272264932, 0.41625, 1.0, 1]",2.561187768945603e-08
0.41625999999999996,0,-4.012296322978096e-06,-9.555333102147429e-08,-2.4658644691084173e-13,1,"[0, 0.027529861873663523, 0.41625999999999996, 1.0, 1]",2.5609443990044157e-08
0.41647999999999996,0,-4.062623710974717e-06,-9.575295697346248e-08,-2.476200300118376e-13,1,"[0, 0.027560631104432753, 0.41647999999999996, 1.0, 1]",2.5555636184769885e-08
0.41666666666666674,0,-4.105416642259986e-06,-9.592227422118065e-08,-2.4849842719992147e-13,1,"[0, 0.027586738330539994, 0.41666666666666674, 1.0, 1]",2.5509581010559043e-08
0.41669999999999996,0,-4.113067018948796e-06,-9.595250336516129e-08,-2.4865542042729944e-13,1,"[0, 0.027591400335201983, 0.41669999999999996, 1.0, 1]",2.5501318185362917e-08
0.41691999999999996,0,-4.163626246900334e-06,-9.615196909262164e-08,-2.4969261105377927e-13,1,"[0, 0.02762216956597122, 0.41691999999999996, 1.0, 1]",2.5446489223851514e-08
0.41708333333333336,0,-4.201237621494408e-06,-9.630000445712711e-08,-2.5046380669218383e-13,1,"[0, 0.02764501338881505, 0.41708333333333336, 1.0, 1]",2.5405451925699626e-08
0.41713999999999996,0,-4.214301394829318e-06,-9.635135305189323e-08,-2.5073159475294164e-13,1,"[0, 0.02765293879674045, 0.41713999999999996, 1.0, 1]",2.539114853412741e-08
0.41735999999999995,0,-4.265092462735773e-06,-9.655065413902531e-08,-2.517723643516778e-13,1,"[0, 0.02768370802750968, 0.41735999999999995, 1.0, 1]",2.533529535195682e-08
0.4175000000000001,0,-4.2974744064331376e-06,-9.66774384501481e-08,-2.524355988302117e-13,1,"[0, 0.027703288447090118, 0.4175000000000001, 1.0, 1]",2.5299485234035342e-08
0.41757999999999995,0,-4.315999450619685e-06,-9.674987125006924e-08,-2.52814912642229e-13,1,"[0, 0.02771447725827891, 0.41757999999999995, 1.0, 1]",2.5278928914965202e-08
0.4178,0,-4.3670223584810705e-06,-9.694900328107429e-08,-2.5385923238227586e-13,1,"[0, 0.027745246489048147, 0.4178, 1.0, 1]",2.5222048462655035e-08
0.4179166666666667,0,-4.3941269970761055e-06,-9.705456870047755e-08,-2.544137546032485e-13,1,"[0, 0.027761563505365166, 0.4179166666666667, 1.0, 1]",2.5191675758754926e-08
0.41802,0,-4.418161186319899e-06,-9.714804912809183e-08,-2.5490531629507213e-13,1,"[0, 0.027776015719817377, 0.41802, 1.0, 1]",2.5164653236390576e-08
0.41824,0,-4.469415934136175e-06,-9.734700768717152e-08,-2.559531570695378e-13,1,"[0, 0.027806784950586607, 0.41824, 1.0, 1]",2.5106742479408874e-08
0.41833333333333333,0,-4.491195393423329e-06,-9.743138770835401e-08,-2.563982245569438e-13,1,"[0, 0.02781983856364022, 0.41833333333333333, 1.0, 1]",2.5082018347085063e-08
0.41846,0,-4.520786601929922e-06,-9.754587785436137e-08,-2.570027473603725e-13,1,"[0, 0.027837554181355837, 0.41846, 1.0, 1]",2.5048315436807908e-08
0.41868,0,-4.572273189701127e-06,-9.774465852571527e-08,-2.5805407978820987e-13,1,"[0, 0.027868323412125067, 0.41868, 1.0, 1]",2.4989371355561835e-08
0.41875000000000007,0,-4.588679595474859e-06,-9.780788797401267e-08,-2.583889587960609e-13,1,"[0, 0.02787811362191529, 0.41875000000000007, 1.0, 1]",2.497050787028615e-08
0.4189,0,-4.623875697449791e-06,-9.794334859728122e-08,-2.5910714693967045e-13,1,"[0, 0.027899092642894297, 0.4189, 1.0, 1]",2.492990948451252e-08
0.41912,0,-4.675594125175913e-06,-9.814194696510931e-08,-2.6016194136751984e-13,1,"[0, 0.027929861873663527, 0.41912, 1.0, 1]",2.486992907436022e-08
0.4191666666666667,0,-4.686579603230618e-06,-9.818406199769127e-08,-2.603859069872934e-13,1,"[0, 0.027936388680190338, 0.4191666666666667, 1.0, 1]",2.485713922365738e-08
0.41934,0,-4.727428472879481e-06,-9.83404525252505e-08,-2.6121845559077884e-13,1,"[0, 0.027960631104432757, 0.41934, 1.0, 1]",2.480942937768306e-08
0.41956,0,-4.77937874056052e-06,-9.853886417375445e-08,-2.622766820948299e-13,1,"[0, 0.027991400335201987, 0.41956, 1.0, 1]",2.4748409648923487e-08
0.4195833333333334,0,-4.7848954166906825e-06,-9.855990227962582e-08,-2.6238901836206663e-13,1,"[0, 0.027994663738465406, 0.4195833333333334, 1.0, 1]",2.474190732652996e-08
0.41978,0,-4.831444928219017e-06,-9.873718080667213e-08,-2.633366133315488e-13,1,"[0, 0.028022169565971224, 0.41978, 1.0, 1]",2.4686869144393352e-08
0.42,0,-4.883627035854973e-06,-9.893540132005151e-08,-2.6439824171940116e-13,1,"[0, 0.028052938796740454, 0.42, 1.0, 1]",2.462480712226882e-08
0.42041666666666677,0,-4.982774460723575e-06,-9.931055161920734e-08,-2.664135254288348e-13,1,"[0, 0.028111213855015523, 0.42041666666666677, 1.0, 1]",2.4505833578278523e-08
0.4208333333333334,0,-5.082337691296414e-06,-9.968534567732721e-08,-2.6843481743330825e-13,1,"[0, 0.028169488913290578, 0.4208333333333334, 1.0, 1]",2.4384981685998193e-08
0.42125,0,-5.18231672757352e-06,-1.0005977599464971e-07,-2.704620652521879e-13,1,"[0, 0.028227763971565633, 0.42125, 1.0, 1]",2.426224646089813e-08
0.42166666666666675,0,-5.282711569554908e-06,-1.0043383507140874e-07,-2.7249521598422243e-13,1,"[0, 0.028286039029840695, 0.42166666666666675, 1.0, 1]",2.4137622942488273e-08
0.42208333333333337,0,-5.38352221724055e-06,-1.0080751540784414e-07,-2.745342163106447e-13,1,"[0, 0.02834431408811575, 0.42208333333333337, 1.0, 1]",2.4011106194313967e-08
0.4225000000000001,0,-5.4847486706304745e-06,-1.0118080950418983e-07,-2.765790124981875e-13,1,"[0, 0.02840258914639082, 0.4225000000000001, 1.0, 1]",2.3882691303951732e-08
0.4229166666666667,0,-5.586390929724649e-06,-1.0155370986068396e-07,-2.7862955040225756e-13,1,"[0, 0.028460864204665867, 0.4229166666666667, 1.0, 1]",2.3752373383017727e-08
0.42333333333333334,0,-5.688448994523091e-06,-1.0192620897756085e-07,-2.806857754700449e-13,1,"[0, 0.02851913926294092, 0.42333333333333334, 1.0, 1]",2.3620147567159285e-08
0.42375000000000007,0,-5.790922865025818e-06,-1.0229829935505909e-07,-2.8274763274375937e-13,1,"[0, 0.02857741432121599, 0.42375000000000007, 1.0, 1]",2.348600901606592e-08
0.4241666666666667,0,-5.893812541232794e-06,-1.0266997349341428e-07,-2.8481506686381886e-13,1,"[0, 0.028635689379491038, 0.4241666666666667, 1.0, 1]",2.334995291345578e-08
0.4245833333333334,0,-5.997118023144054e-06,-1.030412238928633e-07,-2.8688802207213775e-13,1,"[0, 0.028693964437766107, 0.4245833333333334, 1.0, 1]",2.3211974467083264e-08
0.42500000000000004,0,-6.100839310759566e-06,-1.0341204305364175e-07,-2.8896644221541487e-13,1,"[0, 0.028752239496041162, 0.42500000000000004, 1.0, 1]",2.307206890873987e-08
0.4254166666666668,0,-6.204976404079372e-06,-1.0378242347598693e-07,-2.910502707484884e-13,1,"[0, 0.028810514554316224, 0.4254166666666668, 1.0, 1]",2.2930231494251664e-08
0.4258333333333334,0,-6.309529303103405e-06,-1.0415235766013488e-07,-2.931394507376956e-13,1,"[0, 0.02886878961259128, 0.4258333333333334, 1.0, 1]",2.2786457503483497e-08
0.42625,0,-6.414498007831718e-06,-1.0452183810632289e-07,-2.9523392486429865e-13,1,"[0, 0.028927064670866334, 0.42625, 1.0, 1]",2.2640742240330552e-08
0.42666666666666675,0,-6.519882518264328e-06,-1.0489085731478573e-07,-2.973336354279132e-13,1,"[0, 0.028985339729141395, 0.42666666666666675, 1.0, 1]",2.2493081032720874e-08
0.42708333333333337,0,-6.6256828344011626e-06,-1.0525940778576197e-07,-2.9943852435003005e-13,1,"[0, 0.02904361478741645, 0.42708333333333337, 1.0, 1]",2.234346923262808e-08
0.4275000000000001,0,-6.7318989562423055e-06,-1.0562748201948679e-07,-3.0154853317749736e-13,1,"[0, 0.02910188984569152, 0.4275000000000001, 1.0, 1]",2.2191902216052727e-08
0.4279166666666667,0,-6.838530883787688e-06,-1.0599507251619706e-07,-3.036636030861094e-13,1,"[0, 0.029160164903966567, 0.4279166666666667, 1.0, 1]",2.203837538303162e-08
0.42833333333333334,0,-6.945578617037324e-06,-1.0636217177612882e-07,-3.057836748841886e-13,1,"[0, 0.029218439962241622, 0.42833333333333334, 1.0, 1]",2.188288415764121e-08
0.4287500000000001,0,-7.053042155991269e-06,-1.0672877229951895e-07,-3.07908689016229e-13,1,"[0, 0.02927671502051669, 0.4287500000000001, 1.0, 1]",2.172542398798573e-08
0.4291666666666667,0,-7.16092150064944e-06,-1.0709486658660431e-07,-3.1003858556656145e-13,1,"[0, 0.02933499007879174, 0.4291666666666667, 1.0, 1]",2.156599034621499e-08
0.42958333333333343,0,-7.269216651011921e-06,-1.0746044713762095e-07,-3.1217330426305624e-13,1,"[0, 0.029393265137066808, 0.42958333333333343, 1.0, 1]",2.1404578728504877e-08
0.43000000000000005,0,-7.3779276070786385e-06,-1.0782550645280532e-07,-3.1431278448087416e-13,1,"[0, 0.029451540195341862, 0.43000000000000005, 1.0, 1]",2.1241184655070933e-08
0.43041666666666667,0,-7.48705436884961e-06,-1.0819003703239387e-07,-3.16456965246245e-13,1,"[0, 0.02950981525361691, 0.43041666666666667, 1.0, 1]",2.1075803670163253e-08
0.4308333333333334,0,-7.596596936324893e-06,-1.0855403137662263e-07,-3.1860578524028296e-13,1,"[0, 0.02956809031189198, 0.4308333333333334, 1.0, 1]",2.0908431342066493e-08
0.43125,0,-7.706555309504413e-06,-1.089174819857289e-07,-3.2075918280285093e-13,1,"[0, 0.029626365370167027, 0.43125, 1.0, 1]",2.073906326310241e-08
0.43166666666666675,0,-7.816929488388217e-06,-1.0928038135994913e-07,-3.229170959364398e-13,1,"[0, 0.029684640428442096, 0.43166666666666675, 1.0, 1]",2.056769504962563e-08
0.4320833333333334,0,-7.92771947297627e-06,-1.0964272199951936e-07,-3.2507946231009864e-13,1,"[0, 0.02974291548671715, 0.4320833333333334, 1.0, 1]",2.0394322342030416e-08
0.4325000000000001,0,-8.038925263268611e-06,-1.1000449640467646e-07,-3.2724621926340793e-13,1,"[0, 0.02980119054499222, 0.4325000000000001, 1.0, 1]",2.0218940804738817e-08
0.4329166666666667,0,-8.150546859265198e-06,-1.1036569707565604e-07,-3.294173038104684e-13,1,"[0, 0.029859465603267268, 0.4329166666666667, 1.0, 1]",2.0041546126215912e-08
0.43333333333333335,0,-8.26258426096605e-06,-1.107263165126954e-07,-3.3159265264395784e-13,1,"[0, 0.029917740661542323, 0.43333333333333335, 1.0, 1]",1.9862134018960494e-08
0.4337500000000001,0,-8.375037468371193e-06,-1.1108634721603184e-07,-3.337722021391964e-13,1,"[0, 0.029976015719817384, 0.4337500000000001, 1.0, 1]",1.9680700219499985e-08
0.4341666666666667,0,-8.487906481480583e-06,-1.1144578168590013e-07,-3.3595588835824397e-13,1,"[0, 0.03003429077809244, 0.4341666666666667, 1.0, 1]",1.949724048840738e-08
0.43458333333333343,0,-8.601191300294271e-06,-1.118046124225367e-07,-3.3814364705407475e-13,1,"[0, 0.030092565836367508, 0.43458333333333343, 1.0, 1]",1.931175061028176e-08
0.43500000000000005,0,-8.714891924812182e-06,-1.1216283192618057e-07,-3.4033541367476875e-13,1,"[0, 0.030150840894642556, 0.43500000000000005, 1.0, 1]",1.912422639376524e-08
0.4354166666666667,0,-8.829008355034375e-06,-1.125204326970648e-07,-3.4253112336768336e-13,1,"[0, 0.03020911595291761, 0.4354166666666667, 1.0, 1]",1.8934663671528567e-08
0.4358333333333334,0,-8.943540590960851e-06,-1.1287740723542921e-07,-3.447307109837903e-13,1,"[0, 0.03026739101119268, 0.4358333333333334, 1.0, 1]",1.8743058300282123e-08
0.43625,0,-9.058488632591576e-06,-1.132337480415069e-07,-3.4693411108189014e-13,1,"[0, 0.030325666069467728, 0.43625, 1.0, 1]",1.8549406160768316e-08
0.43666666666666676,0,-9.1738524799266e-06,-1.1358944761553599e-07,-3.4914125793301763e-13,1,"[0, 0.030383941127742797, 0.43666666666666676, 1.0, 1]",1.8353703157771733e-08
0.4370833333333334,0,-9.289632132965849e-06,-1.139444984577538e-07,-3.5135208552477616e-13,1,"[0, 0.03044221618601785, 0.4370833333333334, 1.0, 1]",1.81559452201039e-08
0.4375000000000001,0,-9.405827591709408e-06,-1.1429889306839719e-07,-3.535665275657477e-13,1,"[0, 0.030500491244292913, 0.4375000000000001, 1.0, 1]",1.7956128300615983e-08
0.43791666666666673,0,-9.522438856157201e-06,-1.1465262394769881e-07,-3.55784517489913e-13,1,"[0, 0.03055876630256797, 0.43791666666666673, 1.0, 1]",1.775424837619117e-08
0.43833333333333335,0,-9.639465926309252e-06,-1.1500568359590063e-07,-3.5800598846121645e-13,1,"[0, 0.030617041360843023, 0.43833333333333335, 1.0, 1]",1.7550301447754826e-08
0.4387500000000001,0,-9.756908802165612e-06,-1.15358064513234e-07,-3.6023087337796054e-13,1,"[0, 0.030675316419118085, 0.4387500000000001, 1.0, 1]",1.734428354025926e-08
0.4391666666666667,0,-9.874767483726195e-06,-1.1570975919993836e-07,-3.6245910487747577e-13,1,"[0, 0.03073359147739314, 0.4391666666666667, 1.0, 1]",1.713619070269896e-08
0.43958333333333344,0,-9.99304197099109e-06,-1.1606076015625016e-07,-3.6469061534064433e-13,1,"[0, 0.03079186653566821, 0.43958333333333344, 1.0, 1]",1.692601900809874e-08
0.44000000000000006,0,-1.0111732263960223e-05,-1.1641105988240499e-07,-3.6692533689654076e-13,1,"[0, 0.030850141593943257, 0.44000000000000006, 1.0, 1]",1.6713764553522205e-08
0.4404166666666667,0,-1.0230838362633606e-05,-1.1676065087863974e-07,-3.6916320142711076e-13,1,"[0, 0.03090841665221831, 0.4404166666666667, 1.0, 1]",1.6499423460067527e-08
0.4408333333333334,0,-1.0350360267011303e-05,-1.1710952564519044e-07,-3.7140414057185984e-13,1,"[0, 0.03096669171049338, 0.4408333333333334, 1.0, 1]",1.6282991872864046e-08
0.44125000000000003,0,-1.0470297977093237e-05,-1.1745767668229439e-07,-3.736480857326052e-13,1,"[0, 0.03102496676876843, 0.44125000000000003, 1.0, 1]",1.6064465961083283e-08
0.44166666666666676,0,-1.0590651492879456e-05,-1.1780509649018677e-07,-3.7589496807823046e-13,1,"[0, 0.031083241827043497, 0.44166666666666676, 1.0, 1]",1.584384191792709e-08
0.4420833333333334,0,-1.0711420814369922e-05,-1.1815177756910531e-07,-3.7814471854952693e-13,1,"[0, 0.031141516885318552, 0.4420833333333334, 1.0, 1]",1.5621115960636104e-08
0.4425,0,-1.0832605941564656e-05,-1.184977124192852e-07,-3.8039726786401147e-13,1,"[0, 0.0311997919435936, 0.4425, 1.0, 1]",1.53962843304813e-08
0.44291666666666674,0,-1.0954206874463678e-05,-1.1884289354096541e-07,-3.8265254652085254e-13,1,"[0, 0.03125806700186867, 0.44291666666666674, 1.0, 1]",1.5169343292774128e-08
0.44333333333333336,0,-1.1076223613066945e-05,-1.1918731343437945e-07,-3.8491048480573396e-13,1,"[0, 0.03131634206014372, 0.44333333333333336, 1.0, 1]",1.494028913686061e-08
0.4437500000000001,0,-1.1198656157374501e-05,-1.1953096459976546e-07,-3.8717101279587977e-13,1,"[0, 0.03137461711841878, 0.4437500000000001, 1.0, 1]",1.4709118176116236e-08
0.4441666666666667,0,-1.1321504507386302e-05,-1.1987383953735906e-07,-3.8943406036500494e-13,1,"[0, 0.031432892176693844, 0.4441666666666667, 1.0, 1]",1.4475826747961228e-08
0.44458333333333344,0,-1.144476866310241e-05,-1.2021593074739837e-07,-3.9169955718838116e-13,1,"[0, 0.031491167234968906, 0.44458333333333344, 1.0, 1]",1.4240411213841894e-08
0.44500000000000006,0,-1.1568448624522732e-05,-1.2055723073011776e-07,-3.939674327478666e-13,1,"[0, 0.031549442293243954, 0.44500000000000006, 1.0, 1]",1.4002867959247571e-08
0.4454166666666667,0,-1.1692544391647334e-05,-1.2089773198575493e-07,-3.9623761633705995e-13,1,"[0, 0.031607717351519016, 0.4454166666666667, 1.0, 1]",1.376319339369877e-08
0.4458333333333334,0,-1.181705596447623e-05,-1.2123742701454591e-07,-3.985100370664108e-13,1,"[0, 0.03166599240979408, 0.4458333333333334, 1.0, 1]",1.3521383950750562e-08
0.44625000000000004,0,-1.1941983343009367e-05,-1.215763083167276e-07,-4.007846238684177e-13,1,"[0, 0.031724267468069126, 0.44625000000000004, 1.0, 1]",1.3277436087995117e-08
0.44666666666666677,0,-1.2067326527246807e-05,-1.2191436839253728e-07,-4.0306130550284305e-13,1,"[0, 0.0317825425263442, 0.44666666666666677, 1.0, 1]",1.3031346287062553e-08
0.4470833333333334,0,-1.2193085517188466e-05,-1.2225159974220886e-07,-4.053400105619426e-13,1,"[0, 0.03184081758461925, 0.4470833333333334, 1.0, 1]",1.2783111053612469e-08
0.4475,0,-1.2319260312834409e-05,-1.2258799486598136e-07,-4.076206674758126e-13,1,"[0, 0.03189909264289431, 0.4475, 1.0, 1]",1.2532726917341561e-08
0.44791666666666674,0,-1.2445850914184649e-05,-1.229235462640895e-07,-4.099032045176567e-13,1,"[0, 0.03195736770116937, 0.44791666666666674, 1.0, 1]",1.2280190431985323e-08
0.44833333333333336,0,-1.2572857321239109e-05,-1.2325824643677148e-07,-4.1218754980920146e-13,1,"[0, 0.03201564275944442, 0.44833333333333336, 1.0, 1]",1.2025498175313807e-08
0.4487500000000001,0,-1.2700279533997888e-05,-1.2359208788426201e-07,-4.144736313260536e-13,1,"[0, 0.0320739178177195, 0.4487500000000001, 1.0, 1]",1.1768646749123156e-08
0.4491666666666667,0,-1.2828117552460899e-05,-1.2392506310679927e-07,-4.1676137690318357e-13,1,"[0, 0.032132192875994545, 0.4491666666666667, 1.0, 1]",1.1509632779261858e-08
0.44958333333333345,0,-1.2956371376628193e-05,-1.24257164604618e-07,-4.1905071424035623e-13,1,"[0, 0.032190467934269607, 0.44958333333333345, 1.0, 1]",1.1248452915597718e-08
0.45000000000000007,0,-1.3085041006499738e-05,-1.245883848779568e-07,-4.213415709076914e-13,1,"[0, 0.03224874299254467, 0.45000000000000007, 1.0, 1]",1.0985103832044109e-08
0.4504166666666667,0,-1.3214126442075535e-05,-1.2491871642704911e-07,-4.236338743511536e-13,1,"[0, 0.032307018050819716, 0.4504166666666667, 1.0, 1]",1.071958222654473e-08
0.4508333333333334,0,-1.3343627683355649e-05,-1.2524815175213482e-07,-4.2592755189821525e-13,1,"[0, 0.03236529310909478, 0.4508333333333334, 1.0, 1]",1.0451884821078689e-08
0.45125000000000004,0,-1.3473544730339992e-05,-1.2557668335344782e-07,-4.2822253076339683e-13,1,"[0, 0.03242356816736984, 0.45125000000000004, 1.0, 1]",1.0182008361662191e-08
0.45166666666666677,0,-1.360387758302863e-05,-1.2590430373122584e-07,-4.3051873805399245e-13,1,"[0, 0.0324818432256449, 0.45166666666666677, 1.0, 1]",9.90994961834685e-09
0.4520833333333334,0,-1.3734626241421509e-05,-1.2623100538570533e-07,-4.328161007757325e-13,1,"[0, 0.03254011828391995, 0.4520833333333334, 1.0, 1]",9.635705385219688e-09
0.4525,0,-1.3865790705518654e-05,-1.2655678081712232e-07,-4.351145458385223e-13,1,"[0, 0.032598393342195, 0.4525, 1.0, 1]",9.359272480398897e-09
0.45291666666666675,0,-1.3997370975320089e-05,-1.268816225257137e-07,-4.3741400006222226e-13,1,"[0, 0.032656668400470074, 0.45291666666666675, 1.0, 1]",9.080647746044005e-09
0.45333333333333337,0,-1.4129367050825774e-05,-1.272055230117159e-07,-4.3971439018244516e-13,1,"[0, 0.03271494345874512, 0.45333333333333337, 1.0, 1]",8.799828048348254e-09
0.4537500000000001,0,-1.4261778932035742e-05,-1.2752847477536411e-07,-4.420156428563956e-13,1,"[0, 0.0327732185170202, 0.4537500000000001, 1.0, 1]",8.516810277536905e-09
0.4541666666666667,0,-1.4394606618949959e-05,-1.2785047031689735e-07,-4.443176846687852e-13,1,"[0, 0.032831493575295245, 0.4541666666666667, 1.0, 1]",8.231591347872318e-09
0.45458333333333334,0,-1.4527850111568439e-05,-1.281715021365495e-07,-4.4662044213768915e-13,1,"[0, 0.03288976863357029, 0.45458333333333334, 1.0, 1]",7.944168197652262e-09
0.45500000000000007,0,-1.4661509409891215e-05,-1.2849156273455916e-07,-4.4892384172056817e-13,1,"[0, 0.03294804369184537, 0.45500000000000007, 1.0, 1]",7.654537789212453e-09
0.4554166666666667,0,-1.4795584513918229e-05,-1.2881064461116107e-07,-4.5122780982020183e-13,1,"[0, 0.03300631875012042, 0.4554166666666667, 1.0, 1]",7.36269710892232e-09
0.4558333333333334,0,-1.4930075423649537e-05,-1.2912874026659338e-07,-4.5353227279076597e-13,1,"[0, 0.03306459380839548, 0.4558333333333334, 1.0, 1]",7.0686431671824636e-09
0.45625000000000004,0,-1.506498213908509e-05,-1.2944584220109085e-07,-4.558371569438513e-13,1,"[0, 0.03312286886667053, 0.45625000000000004, 1.0, 1]",6.772372998433127e-09
0.4566666666666668,0,-1.5200304660224947e-05,-1.2976194291489206e-07,-4.581423885546157e-13,1,"[0, 0.0331811439249456, 0.4566666666666668, 1.0, 1]",6.473883661150807e-09
0.4570833333333334,0,-1.5336042987069017e-05,-1.300770349082305e-07,-4.604478938678601e-13,1,"[0, 0.03323941898322065, 0.4570833333333334, 1.0, 1]",6.173172237844867e-09
0.4575,0,-1.547219711961737e-05,-1.3039111068134642e-07,-4.627535991042885e-13,1,"[0, 0.0332976940414957, 0.4575, 1.0, 1]",5.870235835056687e-09
0.45791666666666675,0,-1.5608767057870028e-05,-1.307041627344729e-07,-4.650594304666211e-13,1,"[0, 0.033355969099770774, 0.45791666666666675, 1.0, 1]",5.565071583372373e-09
0.45833333333333337,0,-1.5745752801826903e-05,-1.3101618356784807e-07,-4.673653141459309e-13,1,"[0, 0.03341424415804582, 0.45833333333333337, 1.0, 1]",5.257676637405815e-09
0.4587500000000001,0,-1.5883154351488093e-05,-1.3132716568170798e-07,-4.69671176327879e-13,1,"[0, 0.0334725192163209, 0.4587500000000001, 1.0, 1]",4.948048175807155e-09
0.4591666666666667,0,-1.602097170685352e-05,-1.316371015762895e-07,-4.719769431990584e-13,1,"[0, 0.033530794274595946, 0.4591666666666667, 1.0, 1]",4.636183401260251e-09
0.45958333333333334,0,-1.6159204867923192e-05,-1.319459837518291e-07,-4.742825409533449e-13,1,"[0, 0.033589069332870994, 0.45958333333333334, 1.0, 1]",4.322079540493682e-09
0.4600000000000001,0,-1.6297853834697186e-05,-1.322538047085632e-07,-4.765878957982977e-13,1,"[0, 0.033647344391146056, 0.4600000000000001, 1.0, 1]",4.005733844259577e-09
0.4604166666666667,0,-1.6436918607175393e-05,-1.325605569467287e-07,-4.788929339615944e-13,1,"[0, 0.03370561944942112, 0.4604166666666667, 1.0, 1]",3.6871435873539417e-09
0.46083333333333343,0,-1.6576399185357924e-05,-1.3286623296655992e-07,-4.811975816974817e-13,1,"[0, 0.03376389450769618, 0.46083333333333343, 1.0, 1]",3.3663060686014136e-09
0.46125000000000005,0,-1.6716295569244685e-05,-1.3317082526829588e-07,-4.835017652933334e-13,1,"[0, 0.03382216956597123, 0.46125000000000005, 1.0, 1]",3.043218610864577e-09
0.46166666666666667,0,-1.6856607758835692e-05,-1.3347432635217132e-07,-4.858054110761311e-13,1,"[0, 0.03388044462424629, 0.46166666666666667, 1.0, 1]",2.7178785610439647e-09
0.4620833333333334,0,-1.6997335754131027e-05,-1.337767287184244e-07,-4.881084454191e-13,1,"[0, 0.03393871968252135, 0.4620833333333334, 1.0, 1]",2.3902832900729752e-09
0.4625,0,-1.7138479555130585e-05,-1.3407802486729072e-07,-4.904107947482834e-13,1,"[0, 0.0339969947407964, 0.4625, 1.0, 1]",2.06043019291872e-09
0.46291666666666675,0,-1.7280039161834437e-05,-1.3437820729900588e-07,-4.92712385549217e-13,1,"[0, 0.034055269799071475, 0.46291666666666675, 1.0, 1]",1.7283166885887993e-09
0.4633333333333334,0,-1.7422014574242526e-05,-1.3467726851380804e-07,-4.95013144373637e-13,1,"[0, 0.03411354485734652, 0.4633333333333334, 1.0, 1]",1.3939402201202915e-09
0.4637500000000001,0,-1.756440579235492e-05,-1.349752010119328e-07,-4.973129978461728e-13,1,"[0, 0.034171819915621585, 0.4637500000000001, 1.0, 1]",1.0572982545865286e-09
0.4641666666666667,0,-1.7707212816171544e-05,-1.3527199729361705e-07,-4.9961187267114e-13,1,"[0, 0.034230094973896646, 0.4641666666666667, 1.0, 1]",7.18388283101332e-10
0.46458333333333335,0,-1.785043564569244e-05,-1.3556764985909595e-07,-5.0190969563932e-13,1,"[0, 0.034288370032171694, 0.46458333333333335, 1.0, 1]",3.7720782080800035e-10
0.4650000000000001,0,-1.7994074280917623e-05,-1.3586215120860724e-07,-5.042063936348301e-13,1,"[0, 0.034346645090446756, 0.4650000000000001, 1.0, 1]",3.375440688947479e-11
0.4654166666666667,0,-1.813812872184706e-05,-1.361554938423878e-07,-5.06501893641975e-13,1,"[0, 0.03440492014872182, 0.4654166666666667, 1.0, 1]",-3.1197439544182606e-10
0.46583333333333343,0,-1.8282598968480793e-05,-1.3644767026067322e-07,-5.087961227521555e-13,1,"[0, 0.03446319520699688, 0.46583333333333343, 1.0, 1]",-6.599809989296063e-10
0.46625000000000005,0,-1.8427485020818743e-05,-1.3673867296369998e-07,-5.110890081708335e-13,1,"[0, 0.03452147026527193, 0.46625000000000005, 1.0, 1]",-1.0102677922906335e-09
0.4666666666666667,0,-1.8572786878860977e-05,-1.370284944517045e-07,-5.133804772245125e-13,1,"[0, 0.03457974532354699, 0.4666666666666667, 1.0, 1]",-1.362837140202033e-09
0.4670833333333334,0,-1.87185045426075e-05,-1.3731712722492412e-07,-5.156704573677666e-13,1,"[0, 0.03463802038182205, 0.4670833333333334, 1.0, 1]",-1.7176913833055234e-09
0.4675,0,-1.8864638012058266e-05,-1.376045637835944e-07,-5.179588761902819e-13,1,"[0, 0.0346962954400971, 0.4675, 1.0, 1]",-2.0748328382099574e-09
0.46791666666666676,0,-1.9011187287213337e-05,-1.3789079662795185e-07,-5.202456614239716e-13,1,"[0, 0.034754570498372175, 0.46791666666666676, 1.0, 1]",-2.4342637974862397e-09
0.4683333333333334,0,-1.9158152368072625e-05,-1.3817581825823372e-07,-5.225307409501097e-13,1,"[0, 0.03481284555664722, 0.4683333333333334, 1.0, 1]",-2.7959865296724092e-09
0.4687500000000001,0,-1.9305533254636234e-05,-1.384596211746765e-07,-5.248140428064896e-13,1,"[0, 0.034871120614922285, 0.4687500000000001, 1.0, 1]",-3.1600032792668628e-09
0.46916666666666673,0,-1.9453329946904066e-05,-1.387421978775145e-07,-5.270954951946211e-13,1,"[0, 0.03492939567319735, 0.46916666666666673, 1.0, 1]",-3.5263162667393665e-09
0.46958333333333335,0,-1.9601542444876158e-05,-1.3902354086698757e-07,-5.293750264870318e-13,1,"[0, 0.034987670731472395, 0.46958333333333335, 1.0, 1]",-3.8949276885166565e-09
0.4700000000000001,0,-1.9750170748552564e-05,-1.3930364264332964e-07,-5.316525652344624e-13,1,"[0, 0.03504594578974746, 0.4700000000000001, 1.0, 1]",-4.265839716997685e-09
0.4704166666666667,0,-1.9899214857933186e-05,-1.3958249570677883e-07,-5.33928040173261e-13,1,"[0, 0.03510422084802252, 0.4704166666666667, 1.0, 1]",-4.639054500540068e-09
0.47083333333333344,0,-2.0048674773018133e-05,-1.3986009255757077e-07,-5.362013802326865e-13,1,"[0, 0.03516249590629758, 0.47083333333333344, 1.0, 1]",-5.0145741634710975e-09
0.47125000000000006,0,-2.0198550493807306e-05,-1.4013642569594062e-07,-5.384725145423161e-13,1,"[0, 0.03522077096457263, 0.47125000000000006, 1.0, 1]",-5.3924008060784225e-09
0.4716666666666667,0,-2.0348842020300726e-05,-1.4041148762212825e-07,-5.407413724395124e-13,1,"[0, 0.03527904602284769, 0.4716666666666667, 1.0, 1]",-5.772536504616827e-09
0.4720833333333334,0,-2.0499549352498473e-05,-1.406852708363667e-07,-5.430078834768019e-13,1,"[0, 0.03533732108112275, 0.4720833333333334, 1.0, 1]",-6.154983311305687e-09
0.47250000000000003,0,-2.0650672490400447e-05,-1.4095776783889498e-07,-5.452719774294733e-13,1,"[0, 0.0353955961393978, 0.47250000000000003, 1.0, 1]",-6.539743254328126e-09
0.47291666666666676,0,-2.080221143400671e-05,-1.4122897112994743e-07,-5.475335843030353e-13,1,"[0, 0.035453871197672876, 0.47291666666666676, 1.0, 1]",-6.9268183378318594e-09
0.4733333333333334,0,-2.095416618331722e-05,-1.4149887320976218e-07,-5.497926343408587e-13,1,"[0, 0.035512146255947924, 0.4733333333333334, 1.0, 1]",-7.316210541929196e-09
0.47375,0,-2.1106536738331993e-05,-1.417674665785757e-07,-5.520490580317446e-13,1,"[0, 0.03557042131422297, 0.47375, 1.0, 1]",-7.707921822700427e-09
0.47416666666666674,0,-2.1259323099051065e-05,-1.420347437366236e-07,-5.543027861175823e-13,1,"[0, 0.03562869637249805, 0.47416666666666674, 1.0, 1]",-8.101954112186199e-09
0.47458333333333336,0,-2.141252526547437e-05,-1.4230069718414188e-07,-5.565537496010438e-13,1,"[0, 0.035686971430773096, 0.47458333333333336, 1.0, 1]",-8.498309318392601e-09
0.4750000000000001,0,-2.1566143237601972e-05,-1.4256531942136871e-07,-5.588018797533208e-13,1,"[0, 0.03574524648904816, 0.4750000000000001, 1.0, 1]",-8.89698932529455e-09
0.4754166666666667,0,-2.1720177015433814e-05,-1.4282860294853886e-07,-5.610471081218421e-13,1,"[0, 0.03580352154732322, 0.4754166666666667, 1.0, 1]",-9.29799599282393e-09
0.47583333333333344,0,-2.187462659896997e-05,-1.4309054026589004e-07,-5.632893665381193e-13,1,"[0, 0.03586179660559828, 0.47583333333333344, 1.0, 1]",-9.701331156885694e-09
0.47625000000000006,0,-2.202949198821033e-05,-1.4335112387365786e-07,-5.655285871255408e-13,1,"[0, 0.03592007166387333, 0.47625000000000006, 1.0, 1]",-1.0106996629342606e-08
0.4766666666666667,0,-2.2184773183154975e-05,-1.4361034627207962e-07,-5.677647023072728e-13,1,"[0, 0.03597834672214839, 0.4766666666666667, 1.0, 1]",-1.0514994198027955e-08
0.4770833333333334,0,-2.2340470183803915e-05,-1.4386819996139177e-07,-5.699976448141458e-13,1,"[0, 0.03603662178042345, 0.4770833333333334, 1.0, 1]",-1.092532562673793e-08
0.47750000000000004,0,-2.2496582990157095e-05,-1.4412467744183078e-07,-5.72227347692606e-13,1,"[0, 0.0360948968386985, 0.47750000000000004, 1.0, 1]",-1.1337992655227382e-08
0.47791666666666677,0,-2.2653111602214583e-05,-1.443797712136318e-07,-5.74453744312686e-13,1,"[0, 0.03615317189697358, 0.47791666666666677, 1.0, 1]",-1.1752996999223378e-08
0.4783333333333334,0,-2.281005601997628e-05,-1.4463347377703302e-07,-5.766767683760562e-13,1,"[0, 0.036211446955248625, 0.4783333333333334, 1.0, 1]",-1.2170340350414193e-08
0.47875,0,-2.2967416243442263e-05,-1.4488577763227002e-07,-5.78896353924036e-13,1,"[0, 0.03626972201352367, 0.47875, 1.0, 1]",-1.2590024376458622e-08
0.47916666666666674,0,-2.3125192272612555e-05,-1.4513667527957926e-07,-5.811124353457121e-13,1,"[0, 0.03632799707179875, 0.47916666666666674, 1.0, 1]",-1.3012050720968194e-08
0.47958333333333336,0,-2.328338410748705e-05,-1.453861592191972e-07,-5.8332494738606e-13,1,"[0, 0.036386272130073796, 0.47958333333333336, 1.0, 1]",-1.3436421003532585e-08
0.4800000000000001,0,-2.344199174806588e-05,-1.4563422195136112e-07,-5.855338251541164e-13,1,"[0, 0.03644454718834886, 0.4800000000000001, 1.0, 1]",-1.3863136819695899e-08
0.4804166666666667,0,-2.360101519434893e-05,-1.4588085597630707e-07,-5.877390041311639e-13,1,"[0, 0.03650282224662392, 0.4804166666666667, 1.0, 1]",-1.4292199740969375e-08
0.48083333333333345,0,-2.376045444633627e-05,-1.4612605379427066e-07,-5.899404201789772e-13,1,"[0, 0.03656109730489898, 0.48083333333333345, 1.0, 1]",-1.4723611314834773e-08
0.48125000000000007,0,-2.3920309504027853e-05,-1.4636980790548917e-07,-5.921380095481149e-13,1,"[0, 0.03661937236317403, 0.48125000000000007, 1.0, 1]",-1.5157373064730825e-08
0.4816666666666667,0,-2.4080580367423695e-05,-1.4661211081019908e-07,-5.943317088862129e-13,1,"[0, 0.03667764742144909, 0.4816666666666667, 1.0, 1]",-1.5593486490065935e-08
0.4820833333333334,0,-2.4241267036523855e-05,-1.4685295500863767e-07,-5.965214552463468e-13,1,"[0, 0.036735922479724153, 0.4820833333333334, 1.0, 1]",-1.6031953066209716e-08
0.48250000000000004,0,-2.4402369511328238e-05,-1.4709233300103928e-07,-5.987071860953869e-13,1,"[0, 0.0367941975379992, 0.48250000000000004, 1.0, 1]",-1.6472774244501452e-08
0.48291666666666677,0,-2.4563887791836924e-05,-1.4733023728764249e-07,-6.008888393224811e-13,1,"[0, 0.03685247259627428, 0.48291666666666677, 1.0, 1]",-1.6915951452242483e-08
0.4833333333333334,0,-2.4725821878049844e-05,-1.475666603686829e-07,-6.030663532474546e-13,1,"[0, 0.036910747654549325, 0.4833333333333334, 1.0, 1]",-1.736148609269281e-08
0.48375,0,-2.4888171769967027e-05,-1.478015947443961e-07,-6.052396666293326e-13,1,"[0, 0.03696902271282437, 0.48375, 1.0, 1]",-1.7809379545086344e-08
0.48416666666666675,0,-2.5050937467588508e-05,-1.480350329150207e-07,-6.074087186748966e-13,1,"[0, 0.03702729777109945, 0.48416666666666675, 1.0, 1]",-1.8259633164617358e-08
0.48458333333333337,0,-2.5214118970914235e-05,-1.4826696738079187e-07,-6.095734490472039e-13,1,"[0, 0.0370855728293745, 0.48458333333333337, 1.0, 1]",-1.8712248282446407e-08
0.4850000000000001,0,-2.537771627994425e-05,-1.4849739064194604e-07,-6.117337978742332e-13,1,"[0, 0.03714384788764956, 0.4850000000000001, 1.0, 1]",-1.9167226205695256e-08
0.4854166666666667,0,-2.5541729394678508e-05,-1.4872629519871927e-07,-6.138897057575142e-13,1,"[0, 0.03720212294592462, 0.4854166666666667, 1.0, 1]",-1.9624568217453647e-08
0.48583333333333334,0,-2.570615831511703e-05,-1.4895367355134926e-07,-6.160411137808261e-13,1,"[0, 0.03726039800419967, 0.48583333333333334, 1.0, 1]",-2.0084275576779305e-08
0.48625000000000007,0,-2.5871003041259854e-05,-1.491795182000712e-07,-6.181879635188814e-13,1,"[0, 0.03731867306247473, 0.48625000000000007, 1.0, 1]",-2.054634951868523e-08
0.4866666666666667,0,-2.6036263573106906e-05,-1.4940382164512284e-07,-6.203301970461215e-13,1,"[0, 0.03737694812074978, 0.4866666666666667, 1.0, 1]",-2.1010791254154947e-08
0.4870833333333334,0,-2.620193991065826e-05,-1.4962657638674017e-07,-6.224677569454746e-13,1,"[0, 0.037435223179024854, 0.4870833333333334, 1.0, 1]",-2.1477601970140806e-08
0.48750000000000004,0,-2.6368032053913857e-05,-1.4984777492515925e-07,-6.246005863171963e-13,1,"[0, 0.0374934982372999, 0.48750000000000004, 1.0, 1]",-2.194678282955128e-08
0.4879166666666668,0,-2.653454000287376e-05,-1.500674097606178e-07,-6.267286287877503e-13,1,"[0, 0.03755177329557498, 0.4879166666666668, 1.0, 1]",-2.2418334971263673e-08
0.4883333333333334,0,-2.6701463757537866e-05,-1.5028547339335013e-07,-6.288518285186682e-13,1,"[0, 0.037610048353850026, 0.4883333333333334, 1.0, 1]",-2.2892259510118185e-08
0.48875,0,-2.6868803317906262e-05,-1.50501958323594e-07,-6.309701302155441e-13,1,"[0, 0.037668323412125074, 0.48875, 1.0, 1]",-2.3368557536927234e-08
0.48916666666666675,0,-2.703655868397897e-05,-1.5071685705158626e-07,-6.330834791369752e-13,1,"[0, 0.03772659847040015, 0.48916666666666675, 1.0, 1]",-2.384723011845682e-08
0.48958333333333337,0,-2.7204729855755882e-05,-1.5093016207756254e-07,-6.351918211035715e-13,1,"[0, 0.0377848735286752, 0.48958333333333337, 1.0, 1]",-2.4328278297445156e-08
0.4900000000000001,0,-2.737331683323712e-05,-1.5114186590176012e-07,-6.372951025070296e-13,1,"[0, 0.03784314858695026, 0.4900000000000001, 1.0, 1]",-2.4811703092590818e-08
0.4904166666666667,0,-2.754231961642259e-05,-1.5135196102441547e-07,-6.393932703191974e-13,1,"[0, 0.03790142364522531, 0.4904166666666667, 1.0, 1]",-2.529750549855782e-08
0.49083333333333334,0,-2.7711738205312297e-05,-1.5156043994576419e-07,-6.414862721011987e-13,1,"[0, 0.03795969870350037, 0.49083333333333334, 1.0, 1]",-2.5785686485981543e-08
0.4912500000000001,0,-2.7881572599906342e-05,-1.5176729516604357e-07,-6.435740560126123e-13,1,"[0, 0.03801797376177543, 0.4912500000000001, 1.0, 1]",-2.62762470014518e-08
0.4916666666666667,0,-2.8051822800204587e-05,-1.5197251918549009e-07,-6.456565708206489e-13,1,"[0, 0.03807624882005048, 0.4916666666666667, 1.0, 1]",-2.6769187967527232e-08
0.49208333333333343,0,-2.822248880620717e-05,-1.5217610450433933e-07,-6.477337659093854e-13,1,"[0, 0.038134523878325555, 0.49208333333333343, 1.0, 1]",-2.7264510282735305e-08
0.49250000000000005,0,-2.8393570617913967e-05,-1.5237804362282818e-07,-6.498055912890511e-13,1,"[0, 0.0381927989366006, 0.49250000000000005, 1.0, 1]",-2.776221482156554e-08
0.4929166666666668,0,-2.8565068235325063e-05,-1.5257832904119395e-07,-6.518719976053298e-13,1,"[0, 0.03825107399487568, 0.4929166666666668, 1.0, 1]",-2.8262302434466124e-08
0.4933333333333334,0,-2.87369816584404e-05,-1.5277695325967222e-07,-6.539329361486855e-13,1,"[0, 0.038309349053150726, 0.4933333333333334, 1.0, 1]",-2.8764773947859994e-08
0.49375,0,-2.8909310887259997e-05,-1.5297390877850032e-07,-6.559883588637721e-13,1,"[0, 0.038367624111425774, 0.49375, 1.0, 1]",-2.9269630164126217e-08
0.49416666666666675,0,-2.908205592178389e-05,-1.5316918809791384e-07,-6.580382183588226e-13,1,"[0, 0.038425899169700836, 0.49416666666666675, 1.0, 1]",-2.9776871861616073e-08
0.4945833333333334,0,-2.9255216762012026e-05,-1.533627837181488e-07,-6.600824679151221e-13,1,"[0, 0.0384841742279759, 0.4945833333333334, 1.0, 1]",-3.0286499794636966e-08
0.4950000000000001,0,-2.9428793407944463e-05,-1.535546881394434e-07,-6.621210614965125e-13,1,"[0, 0.03854244928625096, 0.4950000000000001, 1.0, 1]",-3.07985146934719e-08
0.4954166666666667,0,-2.960278585958113e-05,-1.5374489386203317e-07,-6.641539537588832e-13,1,"[0, 0.03860072434452601, 0.4954166666666667, 1.0, 1]",-3.131291726435578e-08
0.49583333333333335,0,-2.9777194116922063e-05,-1.539333933861542e-07,-6.661811000597606e-13,1,"[0, 0.03865899940280107, 0.49583333333333335, 1.0, 1]",-3.1829708189499945e-08
0.4962500000000001,0,-2.9952018179967298e-05,-1.541201792120429e-07,-6.682024564679102e-13,1,"[0, 0.03871727446107613, 0.4962500000000001, 1.0, 1]",-3.234888812707102e-08
0.4966666666666667,0,-3.0127258048716772e-05,-1.5430524383993747e-07,-6.702179797729857e-13,1,"[0, 0.03877554951935118, 0.4966666666666667, 1.0, 1]",-3.2870457711207e-08
0.49708333333333343,0,-3.0302913723170557e-05,-1.544885797700722e-07,-6.7222762749516e-13,1,"[0, 0.038833824577626255, 0.49708333333333343, 1.0, 1]",-3.339441755200877e-08
0.49750000000000005,0,-3.0478985203328544e-05,-1.546701795026857e-07,-6.742313578949035e-13,1,"[0, 0.0388920996359013, 0.49750000000000005, 1.0, 1]",-3.3920768235537584e-08
0.4979166666666667,0,-3.065547248919082e-05,-1.548500355380114e-07,-6.762291299826575e-13,1,"[0, 0.03895037469417635, 0.4979166666666667, 1.0, 1]",-3.4449510323830294e-08
0.4983333333333334,0,-3.0832375580757384e-05,-1.5502814037628878e-07,-6.782209035287109e-13,1,"[0, 0.03900864975245143, 0.4983333333333334, 1.0, 1]",-3.498064435487141e-08
0.49875,0,-3.100969447802819e-05,-1.55204486517753e-07,-6.802066390729395e-13,1,"[0, 0.039066924810726475, 0.49875, 1.0, 1]",-3.5514170842629505e-08
0.49916666666666676,0,-3.118742918100332e-05,-1.5537906646264135e-07,-6.821862979347188e-13,1,"[0, 0.03912519986900154, 0.49916666666666676, 1.0, 1]",-3.605009027702251e-08
0.4995833333333334,0,-3.136557968968264e-05,-1.555518727111886e-07,-6.841598422227811e-13,1,"[0, 0.0391834749272766, 0.4995833333333334, 1.0, 1]",-3.6588403123938035e-08
0.5000000000000001,0,-3.15441460040663e-05,-1.5572289776363334e-07,-6.861272348452045e-13,1,"[0, 0.03924174998555166, 0.5000000000000001, 1.0, 1]",-3.7129109825235044e-08
0.5004166666666667,0,-3.172312812415418e-05,-1.558921341202103e-07,-6.880884395193166e-13,1,"[0, 0.03930002504382671, 0.5004166666666667, 1.0, 1]",-3.767221079872694e-08
0.5008333333333334,0,-3.19025260499463e-05,-1.5605957428115678e-07,-6.900434207817575e-13,1,"[0, 0.03935830010210177, 0.5008333333333334, 1.0, 1]",-3.821770643819595e-08
0.5012500000000001,0,-3.208233978144276e-05,-1.5622521074670926e-07,-6.919921439984956e-13,1,"[0, 0.03941657516037683, 0.5012500000000001, 1.0, 1]",-3.87655971133889e-08
0.5016666666666667,0,-3.226256931864343e-05,-1.563890360171046e-07,-6.939345753749169e-13,1,"[0, 0.03947485021865188, 0.5016666666666667, 1.0, 1]",-3.9315883170021435e-08
0.5020833333333334,0,-3.244321466154841e-05,-1.5655104259257756e-07,-6.958706819659244e-13,1,"[0, 0.039533125276926956, 0.5020833333333334, 1.0, 1]",-3.986856492976533e-08
0.5025000000000001,0,-3.262427581015762e-05,-1.567112229733667e-07,-6.978004316861413e-13,1,"[0, 0.039591400335202004, 0.5025000000000001, 1.0, 1]",-4.042364269026797e-08
0.5029166666666667,0,-3.280575276447108e-05,-1.5686956965970724e-07,-6.997237933200421e-13,1,"[0, 0.03964967539347705, 0.5029166666666667, 1.0, 1]",-4.0981116725127766e-08
0.5033333333333334,0,-3.298764552448888e-05,-1.5702607515183688e-07,-7.016407365322317e-13,1,"[0, 0.03970795045175213, 0.5033333333333334, 1.0, 1]",-4.154098728391705e-08
0.50375,0,-3.31699540902109e-05,-1.5718073194999164e-07,-7.035512318776732e-13,1,"[0, 0.039766225510027176, 0.50375, 1.0, 1]",-4.210325459217697e-08
0.5041666666666668,0,-3.33526784616372e-05,-1.573335325544063e-07,-7.054552508119959e-13,1,"[0, 0.03982450056830224, 0.5041666666666668, 1.0, 1]",-4.266791885140058e-08
0.5045833333333334,0,-3.353581863876776e-05,-1.5748446946531942e-07,-7.073527657018759e-13,1,"[0, 0.0398827756265773, 0.5045833333333334, 1.0, 1]",-4.323498023905653e-08
0.5050000000000001,0,-3.3719374621602606e-05,-1.576335351829666e-07,-7.092437498353546e-13,1,"[0, 0.03994105068485236, 0.5050000000000001, 1.0, 1]",-4.380443890857636e-08
0.5054166666666667,0,-3.3903346410141685e-05,-1.5778072220758475e-07,-7.111281774322874e-13,1,"[0, 0.03999932574312741, 0.5054166666666667, 1.0, 1]",-4.437629498934521e-08
0.5058333333333334,0,-3.408773400438504e-05,-1.5792602303940986e-07,-7.130060236547758e-13,1,"[0, 0.04005760080140247, 0.5058333333333334, 1.0, 1]",-4.495054858673058e-08
0.5062500000000001,0,-3.427253740433269e-05,-1.5806943017867883e-07,-7.148772646176671e-13,1,"[0, 0.04011587585967753, 0.5062500000000001, 1.0, 1]",-4.552719978205188e-08
0.5066666666666667,0,-3.4457756609984563e-05,-1.5821093612562768e-07,-7.167418773990638e-13,1,"[0, 0.04017415091795258, 0.5066666666666667, 1.0, 1]",-4.6106248632596474e-08
0.5070833333333334,0,-3.464339162134077e-05,-1.583505333804933e-07,-7.185998400508985e-13,1,"[0, 0.040232425976227656, 0.5070833333333334, 1.0, 1]",-4.668769517162143e-08
0.5075000000000001,0,-3.482944243840118e-05,-1.584882144435117e-07,-7.20451131609515e-13,1,"[0, 0.040290701034502704, 0.5075000000000001, 1.0, 1]",-4.7271539408340763e-08
0.5079166666666667,0,-3.501590906116585e-05,-1.586239718149202e-07,-7.222957321063212e-13,1,"[0, 0.04034897609277775, 0.5079166666666667, 1.0, 1]",-4.7857781327936486e-08
0.5083333333333334,0,-3.5202791489634846e-05,-1.58757797994954e-07,-7.241336225784309e-13,1,"[0, 0.04040725115105283, 0.5083333333333334, 1.0, 1]",-4.844642089155689e-08
0.50875,0,-3.539008972380805e-05,-1.5888968548385162e-07,-7.259647850794169e-13,1,"[0, 0.040465526209327876, 0.50875, 1.0, 1]",-4.9037458036312314e-08
0.5091666666666668,0,-3.55778037636856e-05,-1.5901962678184828e-07,-7.277892026899992e-13,1,"[0, 0.04052380126760294, 0.5091666666666668, 1.0, 1]",-4.963089267528109e-08
0.5095833333333334,0,-3.5765933609267336e-05,-1.5914761438917915e-07,-7.296068595288529e-13,1,"[0, 0.040582076325878, 0.5095833333333334, 1.0, 1]",-5.02267246975019e-08
0.51,0,-3.595447926055335e-05,-1.592736408060824e-07,-7.314177407634537e-13,1,"[0, 0.04064035138415305, 0.51, 1.0, 1]",-5.082495396797972e-08
0.5104166666666667,0,-3.61434407175437e-05,-1.5939769853279402e-07,-7.332218326208876e-13,1,"[0, 0.04069862644242811, 0.5104166666666667, 1.0, 1]",-5.1425580327692574e-08
0.5108333333333334,0,-3.633281798023824e-05,-1.5951978006955177e-07,-7.350191223987756e-13,1,"[0, 0.04075690150070317, 0.5108333333333334, 1.0, 1]",-5.2028603593563617e-08
0.5112500000000001,0,-3.6522611048637105e-05,-1.5963987791658954e-07,-7.368095984761555e-13,1,"[0, 0.04081517655897823, 0.5112500000000001, 1.0, 1]",-5.2634023558497524e-08
0.5116666666666667,0,-3.67128199227402e-05,-1.5975798457414677e-07,-7.385932503245263e-13,1,"[0, 0.04087345161725328, 0.5116666666666667, 1.0, 1]",-5.324183999136272e-08
0.5120833333333334,0,-3.69034446025476e-05,-1.5987409254245608e-07,-7.403700685187455e-13,1,"[0, 0.04093172667552836, 0.5120833333333334, 1.0, 1]",-5.385205263698122e-08
0.5125000000000001,0,-3.709448508805921e-05,-1.5998819432175902e-07,-7.421400447482025e-13,1,"[0, 0.040990001733803405, 0.5125000000000001, 1.0, 1]",-5.446466121615486e-08
0.5129166666666667,0,-3.7285941379275096e-05,-1.6010028241228739e-07,-7.439031718277341e-13,1,"[0, 0.04104827679207845, 0.5129166666666667, 1.0, 1]",-5.50796654256323e-08
0.5133333333333334,0,-3.7477813476195293e-05,-1.6021034931428017e-07,-7.456594437088837e-13,1,"[0, 0.04110655185035353, 0.5133333333333334, 1.0, 1]",-5.569706493814796e-08
0.51375,0,-3.7670101378819724e-05,-1.603183875279734e-07,-7.474088554909619e-13,1,"[0, 0.04116482690862858, 0.51375, 1.0, 1]",-5.631685940238052e-08
0.5141666666666668,0,-3.7862805087148455e-05,-1.604243895536031e-07,-7.491514034322596e-13,1,"[0, 0.04122310196690364, 0.5141666666666668, 1.0, 1]",-5.693904844298597e-08
0.5145833333333334,0,-3.8055924601181406e-05,-1.605283478914053e-07,-7.508870849612708e-13,1,"[0, 0.0412813770251787, 0.5145833333333334, 1.0, 1]",-5.7563631660582344e-08
0.515,0,-3.8249459920918643e-05,-1.606302550416186e-07,-7.526158986879746e-13,1,"[0, 0.04133965208345375, 0.515, 1.0, 1]",-5.819060863175058e-08
0.5154166666666667,0,-3.8443411046360175e-05,-1.607301035044773e-07,-7.543378444150737e-13,1,"[0, 0.04139792714172881, 0.5154166666666667, 1.0, 1]",-5.881997890903705e-08
0.5158333333333334,0,-3.863777797750593e-05,-1.6082788578021957e-07,-7.560529231493971e-13,1,"[0, 0.04145620220000387, 0.5158333333333334, 1.0, 1]",-5.945174202095103e-08
0.5162500000000001,0,-3.8832560714356e-05,-1.60923594369081e-07,-7.57761137113217e-13,1,"[0, 0.041514477258278934, 0.5162500000000001, 1.0, 1]",-6.008589747197231e-08
0.5166666666666667,0,-3.9027759256910304e-05,-1.6101722177129764e-07,-7.594624897556802e-13,1,"[0, 0.04157275231655398, 0.5166666666666667, 1.0, 1]",-6.072244474254021e-08
0.5170833333333335,0,-3.922337360516891e-05,-1.6110876048710593e-07,-7.61156985764254e-13,1,"[0, 0.04163102737482906, 0.5170833333333335, 1.0, 1]",-6.136138328905947e-08
0.5175000000000001,0,-3.941940375913173e-05,-1.6119820301674402e-07,-7.628446310762168e-13,1,"[0, 0.041689302433104106, 0.5175000000000001, 1.0, 1]",-6.200271254390028e-08
0.5179166666666667,0,-3.9615849718798835e-05,-1.612855418604471e-07,-7.645254328901374e-13,1,"[0, 0.041747577491379154, 0.5179166666666667, 1.0, 1]",-6.264643191539742e-08
0.5183333333333334,0,-3.981271148417022e-05,-1.613707695184512e-07,-7.661993996774611e-13,1,"[0, 0.04180585254965423, 0.5183333333333334, 1.0, 1]",-6.329254078785026e-08
0.51875,0,-4.000998905524586e-05,-1.6145387849099317e-07,-7.678665411941023e-13,1,"[0, 0.04186412760792928, 0.51875, 1.0, 1]",-6.394103852152023e-08
0.5191666666666668,0,-4.02076824320258e-05,-1.615348612783112e-07,-7.695268684920771e-13,1,"[0, 0.04192240266620434, 0.5191666666666668, 1.0, 1]",-6.459192445264352e-08
0.5195833333333334,0,-4.040579161450996e-05,-1.6161371038063918e-07,-7.711803939311194e-13,1,"[0, 0.0419806777244794, 0.5195833333333334, 1.0, 1]",-6.52451978934048e-08
0.52,0,-4.0604316602698397e-05,-1.6169041829821398e-07,-7.728271311904468e-13,1,"[0, 0.04203895278275445, 0.52, 1.0, 1]",-6.590085813197029e-08
0.5204166666666667,0,-4.080325739659115e-05,-1.6176497753127292e-07,-7.744670952804778e-13,1,"[0, 0.04209722784102951, 0.5204166666666667, 1.0, 1]",-6.655890443245725e-08
0.5208333333333334,0,-4.10026139961881e-05,-1.6183738058005372e-07,-7.761003025546056e-13,1,"[0, 0.04215550289930456, 0.5208333333333334, 1.0, 1]",-6.721933603495516e-08
0.5212500000000001,0,-4.12023864014894e-05,-1.6190761994479028e-07,-7.777267707209768e-13,1,"[0, 0.042213777957579635, 0.5212500000000001, 1.0, 1]",-6.788215215551723e-08
0.5216666666666667,0,-4.140257461249489e-05,-1.6197568812572118e-07,-7.793465188544122e-13,1,"[0, 0.04227205301585468, 0.5216666666666667, 1.0, 1]",-6.854735198615534e-08
0.5220833333333333,0,-4.1603178629204644e-05,-1.6204157762308076e-07,-7.809595674082175e-13,1,"[0, 0.04233032807412973, 0.5220833333333333, 1.0, 1]",-6.921493469485869e-08
0.5225000000000001,0,-4.1804198451618746e-05,-1.62105280937108e-07,-7.825659382261835e-13,1,"[0, 0.042388603132404806, 0.5225000000000001, 1.0, 1]",-6.988489942557002e-08
0.5229166666666667,0,-4.2005634079737015e-05,-1.6216679056803727e-07,-7.841656545544636e-13,1,"[0, 0.042446878190679854, 0.5229166666666667, 1.0, 1]",-7.055724529819756e-08
0.5233333333333334,0,-4.220748551355966e-05,-1.6222609901610625e-07,-7.857587410536438e-13,1,"[0, 0.04250515324895493, 0.5233333333333334, 1.0, 1]",-7.12319714086217e-08
0.52375,0,-4.240975275308648e-05,-1.6228319878155058e-07,-7.873452238107247e-13,1,"[0, 0.04256342830722998, 0.52375, 1.0, 1]",-7.190907682867986e-08
0.5241666666666668,0,-4.261243579831763e-05,-1.623380823646084e-07,-7.889251303512365e-13,1,"[0, 0.04262170336550504, 0.5241666666666668, 1.0, 1]",-7.258856060617739e-08
0.5245833333333334,0,-4.2815534649253014e-05,-1.623907422655136e-07,-7.904984896512845e-13,1,"[0, 0.04267997842378009, 0.5245833333333334, 1.0, 1]",-7.32704217648868e-08
0.525,0,-4.301904930589264e-05,-1.6244117098450478e-07,-7.920653321497723e-13,1,"[0, 0.04273825348205515, 0.525, 1.0, 1]",-7.395465930453758e-08
0.5254166666666668,0,-4.3222979768236595e-05,-1.6248936102181796e-07,-7.936256897605206e-13,1,"[0, 0.04279652854033021, 0.5254166666666668, 1.0, 1]",-7.464127220083479e-08
0.5258333333333334,0,-4.342732603628477e-05,-1.625353048776896e-07,-7.951795958845091e-13,1,"[0, 0.04285480359860526, 0.5258333333333334, 1.0, 1]",-7.53302594054354e-08
0.5262500000000001,0,-4.363208811003724e-05,-1.625789950523553e-07,-7.967270854221225e-13,1,"[0, 0.042913078656880335, 0.5262500000000001, 1.0, 1]",-7.602161984597369e-08
0.5266666666666667,0,-4.3837265989493954e-05,-1.6262042404605235e-07,-7.982681947854625e-13,1,"[0, 0.04297135371515538, 0.5266666666666667, 1.0, 1]",-7.671535242603834e-08
0.5270833333333333,0,-4.4042859674654945e-05,-1.626595843590168e-07,-7.998029619106517e-13,1,"[0, 0.04302962877343043, 0.5270833333333333, 1.0, 1]",-7.741145602519366e-08
0.5275000000000001,0,-4.424886916552021e-05,-1.6269646849148678e-07,-8.013314262702283e-13,1,"[0, 0.04308790383170551, 0.5275000000000001, 1.0, 1]",-7.810992949895498e-08
0.5279166666666667,0,-4.445529446208973e-05,-1.6273106894369665e-07,-8.028536288854953e-13,1,"[0, 0.043146178889980555, 0.5279166666666667, 1.0, 1]",-7.881077167881326e-08
0.5283333333333334,0,-4.466213556436357e-05,-1.6276337821588242e-07,-8.043696123390099e-13,1,"[0, 0.04320445394825562, 0.5283333333333334, 1.0, 1]",-7.951398137222232e-08
0.52875,0,-4.4869392472341586e-05,-1.6279338880828352e-07,-8.058794207870715e-13,1,"[0, 0.04326272900653068, 0.52875, 1.0, 1]",-8.021955736259383e-08
0.5291666666666667,0,-4.5077065186023905e-05,-1.6282109322113428e-07,-8.073830999721627e-13,1,"[0, 0.043321004064805727, 0.5291666666666667, 1.0, 1]",-8.092749840931253e-08
0.5295833333333334,0,-4.5285153705410525e-05,-1.6284648395467157e-07,-8.088806972355649e-13,1,"[0, 0.04337927912308079, 0.5295833333333334, 1.0, 1]",-8.163780324772517e-08
0.53,0,-4.5493658030501385e-05,-1.62869553509131e-07,-8.103722615299098e-13,1,"[0, 0.04343755418135585, 0.53, 1.0, 1]",-8.235047058914228e-08
0.5304166666666668,0,-4.5702578161296525e-05,-1.6289029438475117e-07,-8.11857843431842e-13,1,"[0, 0.04349582923963091, 0.5304166666666668, 1.0, 1]",-8.30654991208356e-08
0.5308333333333334,0,-4.591191409779589e-05,-1.6290869908176638e-07,-8.133374951546146e-13,1,"[0, 0.04355410429790596, 0.5308333333333334, 1.0, 1]",-8.378288750604651e-08
0.5312500000000001,0,-4.6121665839999606e-05,-1.629247601004148e-07,-8.148112705608576e-13,1,"[0, 0.043612379356181036, 0.5312500000000001, 1.0, 1]",-8.450263438398271e-08
0.5316666666666667,0,-4.633183338790753e-05,-1.6293846994093159e-07,-8.162792251752506e-13,1,"[0, 0.043670654414456084, 0.5316666666666667, 1.0, 1]",-8.522473836981226e-08
0.5320833333333334,0,-4.65424167415197e-05,-1.629498211035549e-07,-8.177414161973477e-13,1,"[0, 0.04372892947273113, 0.5320833333333334, 1.0, 1]",-8.594919805466862e-08
0.5325000000000001,0,-4.6753415900836175e-05,-1.629588060885191e-07,-8.191979025143242e-13,1,"[0, 0.04378720453100621, 0.5325000000000001, 1.0, 1]",-8.667601200564904e-08
0.5329166666666667,0,-4.6964830865856896e-05,-1.6296541739606147e-07,-8.206487447138799e-13,1,"[0, 0.043845479589281255, 0.5329166666666667, 1.0, 1]",-8.740517876582297e-08
0.5333333333333334,0,-4.717666163658193e-05,-1.629696475264193e-07,-8.220940050970961e-13,1,"[0, 0.04390375464755632, 0.5333333333333334, 1.0, 1]",-8.81366968542092e-08
0.5337500000000001,0,-4.738890821301119e-05,-1.6297148897982948e-07,-8.235337476913474e-13,1,"[0, 0.04396202970583138, 0.5337500000000001, 1.0, 1]",-8.887056476581144e-08
0.5341666666666667,0,-4.7601570595144695e-05,-1.629709342565255e-07,-8.24968038263232e-13,1,"[0, 0.04402030476410643, 0.5341666666666667, 1.0, 1]",-8.960678097157854e-08
0.5345833333333334,0,-4.781464878298251e-05,-1.6296797585674677e-07,-8.263969443316463e-13,1,"[0, 0.04407857982238149, 0.5345833333333334, 1.0, 1]",-9.034534391843661e-08
0.535,0,-4.8028142776524566e-05,-1.6296260628072933e-07,-8.278205351807287e-13,1,"[0, 0.04413685488065655, 0.535, 1.0, 1]",-9.108625202927384e-08
0.5354166666666668,0,-4.8242052575770936e-05,-1.629548180287092e-07,-8.292388818729575e-13,1,"[0, 0.04419512993893161, 0.5354166666666668, 1.0, 1]",-9.182950370293877e-08
0.5358333333333334,0,-4.845637818072153e-05,-1.629446036009224e-07,-8.306520572622508e-13,1,"[0, 0.04425340499720666, 0.5358333333333334, 1.0, 1]",-9.25750973142496e-08
0.5362500000000001,0,-4.867111959137645e-05,-1.6293195549760543e-07,-8.320601360071117e-13,1,"[0, 0.044311680055481736, 0.5362500000000001, 1.0, 1]",-9.332303121398914e-08
0.5366666666666667,0,-4.8886276807735566e-05,-1.6291686621899554e-07,-8.334631945838051e-13,1,"[0, 0.044369955113756784, 0.5366666666666667, 1.0, 1]",-9.407330372890056e-08
0.5370833333333334,0,-4.910184982979892e-05,-1.6289932826533048e-07,-8.348613112995698e-13,1,"[0, 0.04442823017203183, 0.5370833333333334, 1.0, 1]",-9.48259131616933e-08
0.5375000000000001,0,-4.931783865756664e-05,-1.6287933413684247e-07,-8.362545663058142e-13,1,"[0, 0.04448650523030691, 0.5375000000000001, 1.0, 1]",-9.558085779104396e-08
0.5379166666666667,0,-4.953424329103855e-05,-1.6285687633377218e-07,-8.376430416115243e-13,1,"[0, 0.044544780288581956, 0.5379166666666667, 1.0, 1]",-9.633813587159286e-08
0.5383333333333334,0,-4.9751063730214816e-05,-1.6283194735635354e-07,-8.390268210964571e-13,1,"[0, 0.04460305534685702, 0.5383333333333334, 1.0, 1]",-9.709774563394409e-08
0.5387500000000001,0,-4.996829997509528e-05,-1.6280453970482554e-07,-8.404059905245995e-13,1,"[0, 0.04466133040513208, 0.5387500000000001, 1.0, 1]",-9.785968528466715e-08
0.5391666666666667,0,-5.018595202567995e-05,-1.627746458794221e-07,-8.4178063755748e-13,1,"[0, 0.04471960546340713, 0.5391666666666667, 1.0, 1]",-9.862395300629532e-08
0.5395833333333334,0,-5.040401988196901e-05,-1.6274225838038008e-07,-8.431508517676736e-13,1,"[0, 0.04477788052168219, 0.5395833333333334, 1.0, 1]",-9.939054695732899e-08
0.54,0,-5.062250354396226e-05,-1.6270736970793848e-07,-8.445167246522604e-13,1,"[0, 0.04483615557995725, 0.54, 1.0, 1]",-1.0015946527222637e-07
0.5404166666666668,0,-5.0841403011659855e-05,-1.626699723623308e-07,-8.458783496462713e-13,1,"[0, 0.04489443063823231, 0.5404166666666668, 1.0, 1]",-1.0093070606142298e-07
0.5408333333333334,0,-5.1060718285061654e-05,-1.6263005884379434e-07,-8.472358221363107e-13,1,"[0, 0.04495270569650736, 0.5408333333333334, 1.0, 1]",-1.0170426741130537e-07
0.54125,0,-5.12804493641677e-05,-1.6258762165256639e-07,-8.485892394741056e-13,1,"[0, 0.04501098075478242, 0.54125, 1.0, 1]",-1.0248014738423146e-07
0.5416666666666667,0,-5.1500596248978066e-05,-1.6254265328888425e-07,-8.49938700990125e-13,1,"[0, 0.045069255813057485, 0.5416666666666667, 1.0, 1]",-1.0325834401852462e-07
0.5420833333333334,0,-5.1721158939492666e-05,-1.6249514625298142e-07,-8.512843080071974e-13,1,"[0, 0.04512753087133253, 0.5420833333333334, 1.0, 1]",-1.0403885532847281e-07
0.5425000000000001,0,-5.194213743571157e-05,-1.6244509304509605e-07,-8.526261638542816e-13,1,"[0, 0.04518580592960761, 0.5425000000000001, 1.0, 1]",-1.0482167930432942e-07
0.5429166666666667,0,-5.216353173763472e-05,-1.62392486165465e-07,-8.539643738801389e-13,1,"[0, 0.04524408098788266, 0.5429166666666667, 1.0, 1]",-1.0560681391230312e-07
0.5433333333333334,0,-5.238534184526218e-05,-1.623373181143256e-07,-8.552990454671167e-13,1,"[0, 0.04530235604615772, 0.5433333333333334, 1.0, 1]",-1.0639425709457819e-07
0.5437500000000001,0,-5.2607567758593794e-05,-1.6227958139191088e-07,-8.566302880449068e-13,1,"[0, 0.04536063110443278, 0.5437500000000001, 1.0, 1]",-1.0718400676930434e-07
0.5441666666666667,0,-5.283020947762973e-05,-1.6221926849846113e-07,-8.579582131044886e-13,1,"[0, 0.04541890616270783, 0.5441666666666667, 1.0, 1]",-1.0797606083058658e-07
0.5445833333333334,0,-5.3053267002369983e-05,-1.621563719342094e-07,-8.59282934211876e-13,1,"[0, 0.04547718122098289, 0.5445833333333334, 1.0, 1]",-1.087704171485021e-07
0.545,0,-5.327674033281445e-05,-1.6209088419939682e-07,-8.606045670221629e-13,1,"[0, 0.04553545627925795, 0.545, 1.0, 1]",-1.0956707356908932e-07
0.5454166666666668,0,-5.3500629468963254e-05,-1.6202279779425517e-07,-8.619232292933242e-13,1,"[0, 0.045593731337533014, 0.5454166666666668, 1.0, 1]",-1.103660279143521e-07
0.5458333333333334,0,-5.37249344108162e-05,-1.6195210521902218e-07,-8.632390409003315e-13,1,"[0, 0.04565200639580806, 0.5458333333333334, 1.0, 1]",-1.1116727798226226e-07
0.54625,0,-5.394965515837347e-05,-1.6187879897393685e-07,-8.645521238491406e-13,1,"[0, 0.045710281454083124, 0.54625, 1.0, 1]",-1.1197082154674778e-07
0.5466666666666667,0,-5.417479171163508e-05,-1.618028715592331e-07,-8.658626022906922e-13,1,"[0, 0.045768556512358186, 0.5466666666666667, 1.0, 1]",-1.127766563577139e-07
0.5470833333333334,0,-5.440034407060087e-05,-1.6172431547514777e-07,-8.671706025350788e-13,1,"[0, 0.045826831570633234, 0.5470833333333334, 1.0, 1]",-1.1358478014101861e-07
0.5475000000000001,0,-5.4626312235271006e-05,-1.6164312322191735e-07,-8.684762530656533e-13,1,"[0, 0.04588510662890831, 0.5475000000000001, 1.0, 1]",-1.1439519059849383e-07
0.5479166666666667,0,-5.4852696205645356e-05,-1.6155928729977913e-07,-8.697796845532054e-13,1,"[0, 0.04594338168718336, 0.5479166666666667, 1.0, 1]",-1.1520788540792502e-07
0.5483333333333335,0,-5.5079495981723966e-05,-1.6147280020896956e-07,-8.710810298701585e-13,1,"[0, 0.04600165674545842, 0.5483333333333335, 1.0, 1]",-1.1602286222307498e-07
0.5487500000000001,0,-5.530671156350684e-05,-1.6138365444972383e-07,-8.723804241048082e-13,1,"[0, 0.04605993180373348, 0.5487500000000001, 1.0, 1]",-1.1684011867366514e-07
0.5491666666666667,0,-5.553434295099399e-05,-1.6129184252227966e-07,-8.736780045756375e-13,1,"[0, 0.04611820686200853, 0.5491666666666667, 1.0, 1]",-1.1765965236537731e-07
0.5495833333333334,0,-5.576239014418545e-05,-1.611973569268735e-07,-8.749739108456017e-13,1,"[0, 0.04617648192028359, 0.5495833333333334, 1.0, 1]",-1.1848146087986721e-07
0.55,0,-5.599085314308113e-05,-1.6110019016374013e-07,-8.762682847364779e-13,1,"[0, 0.04623475697855865, 0.55, 1.0, 1]",-1.1930554177475345e-07
0.5504166666666668,0,-5.621973194768107e-05,-1.6100033473311852e-07,-8.775612703433112e-13,1,"[0, 0.046293032036833714, 0.5504166666666668, 1.0, 1]",-1.2013189258360992e-07
0.5508333333333334,0,-5.644902655798529e-05,-1.6089778313524344e-07,-8.788530140487677e-13,1,"[0, 0.04635130709510876, 0.5508333333333334, 1.0, 1]",-1.2096051081598357e-07
0.55125,0,-5.6678736973993776e-05,-1.6079252787035262e-07,-8.801436645376628e-13,1,"[0, 0.046409582153383824, 0.55125, 1.0, 1]",-1.2179139395738425e-07
0.5516666666666667,0,-5.690886319570657e-05,-1.6068456143868123e-07,-8.814333728114165e-13,1,"[0, 0.046467857211658886, 0.5516666666666667, 1.0, 1]",-1.2262453946928894e-07
0.5520833333333334,0,-5.713940522312358e-05,-1.6057387634046658e-07,-8.827222922026302e-13,1,"[0, 0.046526132269933934, 0.5520833333333334, 1.0, 1]",-1.2345994478913584e-07
0.5525000000000001,0,-5.7370363056244886e-05,-1.6046046507594427e-07,-8.840105783896342e-13,1,"[0, 0.04658440732820901, 0.5525000000000001, 1.0, 1]",-1.2429760733032858e-07
0.5529166666666667,0,-5.760173669507042e-05,-1.6034432014535246e-07,-8.852983894111321e-13,1,"[0, 0.04664268238648406, 0.5529166666666667, 1.0, 1]",-1.2513752448223114e-07
0.5533333333333333,0,-5.783352613960024e-05,-1.6022543404892632e-07,-8.865858856808075e-13,1,"[0, 0.046700957444759106, 0.5533333333333333, 1.0, 1]",-1.2597969361018567e-07
0.5537500000000001,0,-5.8065731389834385e-05,-1.601037992869019e-07,-8.8787323000204e-13,1,"[0, 0.04675923250303418, 0.5537500000000001, 1.0, 1]",-1.2682411205548617e-07
0.5541666666666667,0,-5.8298352445772725e-05,-1.5997940835951647e-07,-8.891605875826326e-13,1,"[0, 0.04681750756130923, 0.5541666666666667, 1.0, 1]",-1.2767077713539212e-07
0.5545833333333334,0,-5.8531389307415406e-05,-1.5985225376700777e-07,-8.904481260495674e-13,1,"[0, 0.04687578261958429, 0.5545833333333334, 1.0, 1]",-1.2851968614313688e-07
0.555,0,-5.8764841974762225e-05,-1.597223280096093e-07,-8.917360154637572e-13,1,"[0, 0.04693405767785935, 0.555, 1.0, 1]",-1.2937083634790742e-07
0.5554166666666668,0,-5.899871044781344e-05,-1.595896235875592e-07,-8.930244283349633e-13,1,"[0, 0.046992332736134415, 0.5554166666666668, 1.0, 1]",-1.3022422499486628e-07
0.5558333333333334,0,-5.923299472656887e-05,-1.5945413300109519e-07,-8.943135396366143e-13,1,"[0, 0.04705060779440946, 0.5558333333333334, 1.0, 1]",-1.3107984930512452e-07
0.55625,0,-5.9467694811028535e-05,-1.593158487504533e-07,-8.956035268207085e-13,1,"[0, 0.04710888285268451, 0.55625, 1.0, 1]",-1.3193770647577644e-07
0.5566666666666668,0,-5.970281070119255e-05,-1.591747633358666e-07,-8.968945698327464e-13,1,"[0, 0.04716715791095959, 0.5566666666666668, 1.0, 1]",-1.3279779367987498e-07
0.5570833333333334,0,-5.993834239706073e-05,-1.5903086925757578e-07,-8.98186851126799e-13,1,"[0, 0.047225432969234635, 0.5570833333333334, 1.0, 1]",-1.336601080664326e-07
0.5575000000000001,0,-6.0174289898633274e-05,-1.5888415901581474e-07,-8.99480555680409e-13,1,"[0, 0.04728370802750971, 0.5575000000000001, 1.0, 1]",-1.3452464676042466e-07
0.5579166666666667,0,-6.041065320591003e-05,-1.5873462511082207e-07,-9.007758710097366e-13,1,"[0, 0.04734198308578476, 0.5579166666666667, 1.0, 1]",-1.3539140686280043e-07
0.5583333333333333,0,-6.064743231889105e-05,-1.585822600428321e-07,-9.020729871845805e-13,1,"[0, 0.047400258144059806, 0.5583333333333333, 1.0, 1]",-1.3626038545047208e-07
0.5587500000000001,0,-6.088462723757638e-05,-1.5842705631208255e-07,-9.033720968435694e-13,1,"[0, 0.04745853320233487, 0.5587500000000001, 1.0, 1]",-1.3713157957631213e-07
0.5591666666666667,0,-6.11222379619659e-05,-1.5826900641880988e-07,-9.046733952092864e-13,1,"[0, 0.04751680826060993, 0.5591666666666667, 1.0, 1]",-1.3800498626915517e-07
0.5595833333333334,0,-6.13602644920598e-05,-1.5810810286325138e-07,-9.059770801034942e-13,1,"[0, 0.04757508331888499, 0.5595833333333334, 1.0, 1]",-1.3888060253381138e-07
0.56,0,-6.159870682785787e-05,-1.5794433814564097e-07,-9.072833519623305e-13,1,"[0, 0.04763335837716004, 0.56, 1.0, 1]",-1.3975842535104453e-07
0.5604166666666668,0,-6.183756496936029e-05,-1.5777770476621765e-07,-9.085924138516643e-13,1,"[0, 0.047691633435435116, 0.5604166666666668, 1.0, 1]",-1.406384516775889e-07
0.5608333333333334,0,-6.20768389165669e-05,-1.576081952252166e-07,-9.099044714823253e-13,1,"[0, 0.047749908493710164, 0.5608333333333334, 1.0, 1]",-1.415206784461425e-07
0.56125,0,-6.23165286694778e-05,-1.5743580202287553e-07,-9.112197332255152e-13,1,"[0, 0.04780818355198521, 0.56125, 1.0, 1]",-1.42405102565368e-07
0.5616666666666668,0,-6.255663422809298e-05,-1.5726051765942795e-07,-9.1253841012813e-13,1,"[0, 0.04786645861026029, 0.5616666666666668, 1.0, 1]",-1.4329172091989345e-07
0.5620833333333334,0,-6.279715559241238e-05,-1.5708233463511285e-07,-9.138607159282698e-13,1,"[0, 0.047924733668535335, 0.5620833333333334, 1.0, 1]",-1.4418053037030812e-07
0.5625000000000001,0,-6.303809276243616e-05,-1.5690124545016752e-07,-9.151868670706384e-13,1,"[0, 0.0479830087268104, 0.5625000000000001, 1.0, 1]",-1.4507152775317264e-07
0.5629166666666667,0,-6.327944573816411e-05,-1.5671724260482673e-07,-9.16517082722028e-13,1,"[0, 0.04804128378508546, 0.5629166666666667, 1.0, 1]",-1.4596470988099955e-07
0.5633333333333334,0,-6.352121451959633e-05,-1.5653031859932735e-07,-9.178515847868994e-13,1,"[0, 0.04809955884336051, 0.5633333333333334, 1.0, 1]",-1.468600735422863e-07
0.5637500000000001,0,-6.376339910673284e-05,-1.5634046593390584e-07,-9.191905979229275e-13,1,"[0, 0.04815783390163557, 0.5637500000000001, 1.0, 1]",-1.4775761550147715e-07
0.5641666666666667,0,-6.400599949957362e-05,-1.5614767710879908e-07,-9.205343495566156e-13,1,"[0, 0.04821610895991063, 0.5641666666666667, 1.0, 1]",-1.4865733249898686e-07
0.5645833333333334,0,-6.42490156981187e-05,-1.559519446242431e-07,-9.218830698989307e-13,1,"[0, 0.04827438401818569, 0.5645833333333334, 1.0, 1]",-1.4955922125119567e-07
0.5650000000000001,0,-6.4492447702368e-05,-1.5575326098047433e-07,-9.232369919609938e-13,1,"[0, 0.04833265907646074, 0.5650000000000001, 1.0, 1]",-1.5046327845044923e-07
0.5654166666666667,0,-6.473629551232153e-05,-1.555516186777284e-07,-9.245963515697891e-13,1,"[0, 0.0483909341347358, 0.5654166666666667, 1.0, 1]",-1.5136950076505694e-07
0.5658333333333334,0,-6.49805591279794e-05,-1.5534701021624558e-07,-9.259613873839651e-13,1,"[0, 0.048449209193010864, 0.5658333333333334, 1.0, 1]",-1.5227788483929365e-07
0.56625,0,-6.52252385493415e-05,-1.551394280962568e-07,-9.27332340909506e-13,1,"[0, 0.04850748425128591, 0.56625, 1.0, 1]",-1.531884272933954e-07
0.5666666666666668,0,-6.547033377640792e-05,-1.5492886481800278e-07,-9.287094565157254e-13,1,"[0, 0.04856575930956099, 0.5666666666666668, 1.0, 1]",-1.5410112472356708e-07
0.5670833333333334,0,-6.571584480917855e-05,-1.5471531288171697e-07,-9.300929814509835e-13,1,"[0, 0.048624034367836036, 0.5670833333333334, 1.0, 1]",-1.5501597370197985e-07
0.5675000000000001,0,-6.596177164765352e-05,-1.544987647876405e-07,-9.314831658587198e-13,1,"[0, 0.0486823094261111, 0.5675000000000001, 1.0, 1]",-1.559329707767576e-07
0.5679166666666667,0,-6.620811429183267e-05,-1.5427921303600433e-07,-9.328802627932377e-13,1,"[0, 0.04874058448438616, 0.5679166666666667, 1.0, 1]",-1.5685211247200833e-07
0.5683333333333334,0,-6.645487274171607e-05,-1.5405665012704786e-07,-9.342845282358408e-13,1,"[0, 0.04879885954266121, 0.5683333333333334, 1.0, 1]",-1.5777339528778765e-07
0.5687500000000001,0,-6.670204699730385e-05,-1.5383106856100755e-07,-9.356962211107506e-13,1,"[0, 0.04885713460093627, 0.5687500000000001, 1.0, 1]",-1.586968157001234e-07
0.5691666666666667,0,-6.694963705859579e-05,-1.5360246083812028e-07,-9.371156033011763e-13,1,"[0, 0.04891540965921133, 0.5691666666666667, 1.0, 1]",-1.5962237016100716e-07
0.5695833333333334,0,-6.719764292559209e-05,-1.5337081945861996e-07,-9.385429396653858e-13,1,"[0, 0.04897368471748639, 0.5695833333333334, 1.0, 1]",-1.6055005509839937e-07
0.5700000000000001,0,-6.74460645982926e-05,-1.5313613692274517e-07,-9.3997849805288e-13,1,"[0, 0.04903195977576144, 0.5700000000000001, 1.0, 1]",-1.6147986691621402e-07
0.5704166666666667,0,-6.769490207669731e-05,-1.5289840573073361e-07,-9.41422549320516e-13,1,"[0, 0.0490902348340365, 0.5704166666666667, 1.0, 1]",-1.6241180199434072e-07
0.5708333333333334,0,-6.794415536080643e-05,-1.5265761838281795e-07,-9.428753673486687e-13,1,"[0, 0.049148509892311565, 0.5708333333333334, 1.0, 1]",-1.633458566886328e-07
0.57125,0,-6.81938244506197e-05,-1.524137673792376e-07,-9.443372290575532e-13,1,"[0, 0.04920678495058661, 0.57125, 1.0, 1]",-1.6428202733089806e-07
0.5716666666666668,0,-6.844390934613735e-05,-1.5216684522022858e-07,-9.458084144234258e-13,1,"[0, 0.04926506000886169, 0.5716666666666668, 1.0, 1]",-1.6522031022892157e-07
0.5720833333333334,0,-6.86944100473592e-05,-1.5191684440602735e-07,-9.472892064949101e-13,1,"[0, 0.04932333506713674, 0.5720833333333334, 1.0, 1]",-1.6616070166644283e-07
0.5725000000000001,0,-6.89453265542853e-05,-1.516637574368708e-07,-9.487798914093503e-13,1,"[0, 0.0493816101254118, 0.5725000000000001, 1.0, 1]",-1.671031979031744e-07
0.5729166666666667,0,-6.919665886691568e-05,-1.5140757681299366e-07,-9.502807584091677e-13,1,"[0, 0.04943988518368686, 0.5729166666666667, 1.0, 1]",-1.6804779517479093e-07
0.5733333333333334,0,-6.944840698525033e-05,-1.5114829503463325e-07,-9.517920998583176e-13,1,"[0, 0.04949816024196191, 0.5733333333333334, 1.0, 1]",-1.6899448969292823e-07
0.5737500000000001,0,-6.970057090928929e-05,-1.5088590460202815e-07,-9.533142112587344e-13,1,"[0, 0.04955643530023697, 0.5737500000000001, 1.0, 1]",-1.6994327764518926e-07
0.5741666666666667,0,-6.995315063903247e-05,-1.5062039801541057e-07,-9.54847391266759e-13,1,"[0, 0.04961471035851203, 0.5741666666666667, 1.0, 1]",-1.708941551951458e-07
0.5745833333333334,0,-7.020614617447998e-05,-1.5035176777502035e-07,-9.563919417097855e-13,1,"[0, 0.049672985416787094, 0.5745833333333334, 1.0, 1]",-1.7184711848232832e-07
0.5750000000000001,0,-7.045955751563163e-05,-1.5008000638109394e-07,-9.579481676027307e-13,1,"[0, 0.04973126047506214, 0.5750000000000001, 1.0, 1]",-1.7280216362222762e-07
0.5754166666666667,0,-7.071338466248761e-05,-1.4980510633386653e-07,-9.595163771646627e-13,1,"[0, 0.049789535533337204, 0.5754166666666667, 1.0, 1]",-1.737592867063152e-07
0.5758333333333334,0,-7.09676276150479e-05,-1.49527060133575e-07,-9.610968818354559e-13,1,"[0, 0.049847810591612265, 0.5758333333333334, 1.0, 1]",-1.7471848380201105e-07
0.57625,0,-7.122228637331242e-05,-1.4924586028045452e-07,-9.62689996292442e-13,1,"[0, 0.04990608564988731, 0.57625, 1.0, 1]",-1.7567975095271332e-07
0.5766666666666668,0,-7.147736093728128e-05,-1.4896149927474495e-07,-9.642960384671773e-13,1,"[0, 0.04996436070816239, 0.5766666666666668, 1.0, 1]",-1.7664308417777034e-07
0.5770833333333334,0,-7.173285130695426e-05,-1.4867396961667934e-07,-9.659153295620926e-13,1,"[0, 0.05002263576643744, 0.5770833333333334, 1.0, 1]",-1.776084794725103e-07
0.5775,0,-7.198875748233157e-05,-1.483832638064967e-07,-9.67548194067394e-13,1,"[0, 0.050080910824712485, 0.5775, 1.0, 1]",-1.785759328082073e-07
0.5779166666666667,0,-7.224507946341322e-05,-1.4808937434443134e-07,-9.691949597777913e-13,1,"[0, 0.05013918588298756, 0.5779166666666667, 1.0, 1]",-1.7954544013212297e-07
0.5783333333333334,0,-7.250181725019905e-05,-1.4779229373072016e-07,-9.708559578094154e-13,1,"[0, 0.05019746094126261, 0.5783333333333334, 1.0, 1]",-1.8051699736746485e-07
0.5787500000000001,0,-7.275897084268925e-05,-1.4749201446560216e-07,-9.725315226167224e-13,1,"[0, 0.05025573599953767, 0.5787500000000001, 1.0, 1]",-1.814906004134161e-07
0.5791666666666667,0,-7.301654024088362e-05,-1.471885290493104e-07,-9.742219920093487e-13,1,"[0, 0.05031401105781273, 0.5791666666666667, 1.0, 1]",-1.8246624514511856e-07
0.5795833333333335,0,-7.327452544478228e-05,-1.4688182998208342e-07,-9.759277071691866e-13,1,"[0, 0.050372286116087794, 0.5795833333333335, 1.0, 1]",-1.8344392741368116e-07
0.5800000000000001,0,-7.353292645438521e-05,-1.4657190976415814e-07,-9.776490126673262e-13,1,"[0, 0.05043056117436284, 0.5800000000000001, 1.0, 1]",-1.8442364304617662e-07
0.5804166666666667,0,-7.37917432696924e-05,-1.4625876089576846e-07,-9.79386256481092e-13,1,"[0, 0.050488836232637904, 0.5804166666666667, 1.0, 1]",-1.8540538784564817e-07
0.5808333333333334,0,-7.40509758907039e-05,-1.4594237587715252e-07,-9.811397900111825e-13,1,"[0, 0.050547111290912966, 0.5808333333333334, 1.0, 1]",-1.863891575910943e-07
0.58125,0,-7.431062431741962e-05,-1.4562274720854636e-07,-9.829099680987353e-13,1,"[0, 0.050605386349188014, 0.58125, 1.0, 1]",-1.8737494803748488e-07
0.5816666666666668,0,-7.457068854983961e-05,-1.4529986739018811e-07,-9.846971490425183e-13,1,"[0, 0.05066366140746309, 0.5816666666666668, 1.0, 1]",-1.8836275491574676e-07
0.5820833333333334,0,-7.483116858796386e-05,-1.4497372892231255e-07,-9.865016946160765e-13,1,"[0, 0.05072193646573814, 0.5820833333333334, 1.0, 1]",-1.8935257393277984e-07
0.5825,0,-7.509206443179239e-05,-1.4464432430515698e-07,-9.883239700850086e-13,1,"[0, 0.050780211524013186, 0.5825, 1.0, 1]",-1.9034440077144693e-07
0.5829166666666667,0,-7.535337608132523e-05,-1.443116460389553e-07,-9.901643442241847e-13,1,"[0, 0.05083848658228826, 0.5829166666666667, 1.0, 1]",-1.9133823109057626e-07
0.5833333333333334,0,-7.561510353656229e-05,-1.4397568662394863e-07,-9.920231893351308e-13,1,"[0, 0.05089676164056331, 0.5833333333333334, 1.0, 1]",-1.923340605249539e-07
0.5837500000000001,0,-7.587724679750364e-05,-1.4363643856037088e-07,-9.939008812632583e-13,1,"[0, 0.05095503669883837, 0.5837500000000001, 1.0, 1]",-1.9333188468533812e-07
0.5841666666666667,0,-7.61398058641492e-05,-1.4329389434845723e-07,-9.957977994153027e-13,1,"[0, 0.05101331175711343, 0.5841666666666667, 1.0, 1]",-1.9433169915844925e-07
0.5845833333333335,0,-7.640278073649914e-05,-1.4294804648844584e-07,-9.977143267767551e-13,1,"[0, 0.051071586815388495, 0.5845833333333335, 1.0, 1]",-1.9533349950697138e-07
0.5850000000000001,0,-7.666617141455327e-05,-1.42598887480574e-07,-9.996508499292732e-13,1,"[0, 0.05112986187366354, 0.5850000000000001, 1.0, 1]",-1.963372812695557e-07
0.5854166666666667,0,-7.692997789831164e-05,-1.4224640982507562e-07,-1.0016077590681566e-12,1,"[0, 0.051188136931938605, 0.5854166666666667, 1.0, 1]",-1.9734303996081378e-07
0.5858333333333334,0,-7.719420018777436e-05,-1.418906060221897e-07,-1.0035854480199348e-12,1,"[0, 0.05124641199021367, 0.5858333333333334, 1.0, 1]",-1.9835077107132601e-07
0.58625,0,-7.745883828294122e-05,-1.41531468572151e-07,-1.0055843142598473e-12,1,"[0, 0.051304687048488715, 0.58625, 1.0, 1]",-1.9936047006764248e-07
0.5866666666666668,0,-7.77238921838125e-05,-1.4116898997519769e-07,-1.0076047589295139e-12,1,"[0, 0.05136296210676379, 0.5866666666666668, 1.0, 1]",-2.0037213239226174e-07
0.5870833333333334,0,-7.798936189038797e-05,-1.4080316273156364e-07,-1.0096471868544936e-12,1,"[0, 0.05142123716503884, 0.5870833333333334, 1.0, 1]",-2.013857534636656e-07
0.5875,0,-7.825524740266766e-05,-1.4043397934148914e-07,-1.011712006562048e-12,1,"[0, 0.051479512223313886, 0.5875, 1.0, 1]",-2.024013286762818e-07
0.5879166666666668,0,-7.852154872065174e-05,-1.4006143230520556e-07,-1.0137996302987318e-12,1,"[0, 0.05153778728158896, 0.5879166666666668, 1.0, 1]",-2.034188534005222e-07
0.5883333333333334,0,-7.878826584433996e-05,-1.3968551412295528e-07,-1.0159104740482792e-12,1,"[0, 0.05159606233986401, 0.5883333333333334, 1.0, 1]",-2.0443832298274795e-07
0.5887500000000001,0,-7.905539877373254e-05,-1.3930621729496968e-07,-1.0180449575492328e-12,1,"[0, 0.05165433739813907, 0.5887500000000001, 1.0, 1]",-2.0545973274529584e-07
0.5891666666666667,0,-7.932294750882933e-05,-1.3892353432148816e-07,-1.0202035043128919e-12,1,"[0, 0.051712612456414134, 0.5891666666666667, 1.0, 1]",-2.0648307798645793e-07
0.5895833333333333,0,-7.95909120496304e-05,-1.385374577027455e-07,-1.0223865416410809e-12,1,"[0, 0.05177088751468918, 0.5895833333333333, 1.0, 1]",-2.0750835398049764e-07
0.5900000000000001,0,-7.985929239613578e-05,-1.381479799389811e-07,-1.0245945006441083e-12,1,"[0, 0.051829162572964244, 0.5900000000000001, 1.0, 1]",-2.0853555597764385e-07
0.5904166666666667,0,-8.012808854834534e-05,-1.3775509353042847e-07,-1.0268278162586115e-12,1,"[0, 0.05188743763123929, 0.5904166666666667, 1.0, 1]",-2.0956467920408238e-07
0.5908333333333334,0,-8.039730050625928e-05,-1.3735879097732447e-07,-1.0290869272656043e-12,1,"[0, 0.05194571268951437, 0.5908333333333334, 1.0, 1]",-2.105957188619713e-07
0.59125,0,-8.066692826987739e-05,-1.369590647799064e-07,-1.0313722763084404e-12,1,"[0, 0.052003987747789415, 0.59125, 1.0, 1]",-2.116286701294324e-07
0.5916666666666668,0,-8.093697183919987e-05,-1.3655590743840988e-07,-1.033684309910853e-12,1,"[0, 0.05206226280606449, 0.5916666666666668, 1.0, 1]",-2.1266352816054275e-07
0.5920833333333334,0,-8.120743121422651e-05,-1.3614931145307263e-07,-1.0360234784950447e-12,1,"[0, 0.05212053786433954, 0.5920833333333334, 1.0, 1]",-2.1370028808535927e-07
0.5925,0,-8.147830639495744e-05,-1.3573926932412983e-07,-1.0383902363997788e-12,1,"[0, 0.05217881292261459, 0.5925, 1.0, 1]",-2.147389450098967e-07
0.5929166666666668,0,-8.174959738139269e-05,-1.3532577355182047e-07,-1.0407850418985685e-12,1,"[0, 0.05223708798088966, 0.5929166666666668, 1.0, 1]",-2.1577949401612842e-07
0.5933333333333334,0,-8.202130417353213e-05,-1.3490881663637763e-07,-1.04320835721779e-12,1,"[0, 0.05229536303916471, 0.5933333333333334, 1.0, 1]",-2.1682193016200428e-07
0.5937500000000001,0,-8.229342677137594e-05,-1.344883910780386e-07,-1.0456606485549908e-12,1,"[0, 0.05235363809743977, 0.5937500000000001, 1.0, 1]",-2.1786624848142264e-07
0.5941666666666667,0,-8.256596517492394e-05,-1.3406448937704237e-07,-1.0481423860971162e-12,1,"[0, 0.05241191315571482, 0.5941666666666667, 1.0, 1]",-2.189124439842659e-07
0.5945833333333334,0,-8.28389193841762e-05,-1.3363710403362371e-07,-1.0506540440387764e-12,1,"[0, 0.05247018821398988, 0.5945833333333334, 1.0, 1]",-2.1996051165636585e-07
0.5950000000000001,0,-8.311228939913276e-05,-1.3320622754801696e-07,-1.053196100600604e-12,1,"[0, 0.052528463272264944, 0.5950000000000001, 1.0, 1]",-2.2101044645953324e-07
0.5954166666666667,0,-8.338607521979357e-05,-1.3277185242046153e-07,-1.0557690380476601e-12,1,"[0, 0.05258673833053999, 0.5954166666666667, 1.0, 1]",-2.2206224333152393e-07
0.5958333333333334,0,-8.366027684615869e-05,-1.3233397115119387e-07,-1.058373342707791e-12,1,"[0, 0.05264501338881507, 0.5958333333333334, 1.0, 1]",-2.231158971860762e-07
0.5962500000000001,0,-8.393489427822803e-05,-1.3189257624044917e-07,-1.0610095049900788e-12,1,"[0, 0.052703288447090116, 0.5962500000000001, 1.0, 1]",-2.2417140291288354e-07
0.5966666666666667,0,-8.420992751600162e-05,-1.314476601884639e-07,-1.0636780194033443e-12,1,"[0, 0.052761563505365164, 0.5966666666666667, 1.0, 1]",-2.2522875537761173e-07
0.5970833333333334,0,-8.448537655947952e-05,-1.309992154954766e-07,-1.066379384574673e-12,1,"[0, 0.05281983856364024, 0.5970833333333334, 1.0, 1]",-2.2628794942187923e-07
0.5975,0,-8.476124140866167e-05,-1.3054723466172034e-07,-1.06911410326791e-12,1,"[0, 0.05287811362191529, 0.5975, 1.0, 1]",-2.2734897986328098e-07
0.5979166666666668,0,-8.503752206354813e-05,-1.3009171018743498e-07,-1.0718826824023452e-12,1,"[0, 0.05293638868019035, 0.5979166666666668, 1.0, 1]",-2.2841184149537226e-07
0.5983333333333334,0,-8.531421852413881e-05,-1.2963263457285442e-07,-1.074685633071246e-12,1,"[0, 0.05299466373846541, 0.5983333333333334, 1.0, 1]",-2.2947652908766788e-07
0.5987500000000001,0,-8.559133079043382e-05,-1.2917000031821555e-07,-1.0775234705605928e-12,1,"[0, 0.05305293879674047, 0.5987500000000001, 1.0, 1]",-2.3054303738566332e-07
0.5991666666666667,0,-8.586885886243302e-05,-1.287037999237565e-07,-1.0803967143677603e-12,1,"[0, 0.05311121385501552, 0.5991666666666667, 1.0, 1]",-2.316113611107924e-07
0.5995833333333334,0,-8.614680274013645e-05,-1.282340258897129e-07,-1.0833058882202399e-12,1,"[0, 0.05316948891329058, 0.5995833333333334, 1.0, 1]",-2.3268149496048233e-07
0.6000000000000001,0,-8.642516242354427e-05,-1.2776067071632075e-07,-1.0862515200944335e-12,1,"[0, 0.053227763971565645, 0.6000000000000001, 1.0, 1]",-2.3375343360810883e-07
0.6004166666666667,0,-8.670393791265626e-05,-1.2728372690381695e-07,-1.0892341422344599e-12,1,"[0, 0.05328603902984069, 0.6004166666666667, 1.0, 1]",-2.3482717170300966e-07
0.6008333333333334,0,-8.698312920747262e-05,-1.2680318695243753e-07,-1.0922542911710093e-12,1,"[0, 0.05334431408811577, 0.6008333333333334, 1.0, 1]",-2.359027038704965e-07
0.6012500000000001,0,-8.726273630799317e-05,-1.263190433624202e-07,-1.095312507740231e-12,1,"[0, 0.053402589146390816, 0.6012500000000001, 1.0, 1]",-2.369800247118397e-07
0.6016666666666667,0,-8.75427592142179e-05,-1.258312886339989e-07,-1.0984093371026302e-12,1,"[0, 0.053460864204665864, 0.6016666666666667, 1.0, 1]",-2.3805912880428009e-07
0.6020833333333334,0,-8.782319792614707e-05,-1.25339915267413e-07,-1.101545328762095e-12,1,"[0, 0.05351913926294094, 0.6020833333333334, 1.0, 1]",-2.3914001070101637e-07
0.6025,0,-8.810405244378039e-05,-1.2484491576289689e-07,-1.1047210365848018e-12,1,"[0, 0.05357741432121599, 0.6025, 1.0, 1]",-2.40222664931222e-07
0.6029166666666668,0,-8.838532276711807e-05,-1.243462826206891e-07,-1.1079370188183376e-12,1,"[0, 0.05363568937949105, 0.6029166666666668, 1.0, 1]",-2.4130708600001715e-07
0.6033333333333334,0,-8.866700889615997e-05,-1.2384400834102357e-07,-1.1111938381106908e-12,1,"[0, 0.05369396443776611, 0.6033333333333334, 1.0, 1]",-2.4239326838850366e-07
0.6037500000000001,0,-8.894911083090613e-05,-1.2333808542413844e-07,-1.1144920615294312e-12,1,"[0, 0.053752239496041174, 0.6037500000000001, 1.0, 1]",-2.4348120655374873e-07
0.6041666666666667,0,-8.923162857135654e-05,-1.22828506370271e-07,-1.1178322605808135e-12,1,"[0, 0.05381051455431622, 0.6041666666666667, 1.0, 1]",-2.44570894928763e-07
0.6045833333333334,0,-8.951456211751124e-05,-1.223152636796556e-07,-1.1212150112289496e-12,1,"[0, 0.053868789612591284, 0.6045833333333334, 1.0, 1]",-2.4566232792255045e-07
0.6050000000000001,0,-8.979791146937024e-05,-1.2179834985252954e-07,-1.1246408939150622e-12,1,"[0, 0.053927064670866345, 0.6050000000000001, 1.0, 1]",-2.4675549992005857e-07
0.6054166666666667,0,-9.008167662693347e-05,-1.2127775738913011e-07,-1.1281104935767196e-12,1,"[0, 0.05398533972914139, 0.6054166666666667, 1.0, 1]",-2.47850405282207e-07
0.6058333333333334,0,-9.036585759020104e-05,-1.2075347878969293e-07,-1.1316243996671227e-12,1,"[0, 0.05404361478741647, 0.6058333333333334, 1.0, 1]",-2.489470383458876e-07
0.6062500000000001,0,-9.06504543591727e-05,-1.2022550655445444e-07,-1.1351832061744382e-12,1,"[0, 0.05410188984569152, 0.6062500000000001, 1.0, 1]",-2.500453934239374e-07
0.6066666666666667,0,-9.093546693384873e-05,-1.1969383318365026e-07,-1.1387875116411725e-12,1,"[0, 0.054160164903966565, 0.6066666666666667, 1.0, 1]",-2.511454648051791e-07
0.6070833333333334,0,-9.122089531422907e-05,-1.1915845117751937e-07,-1.142437919183583e-12,1,"[0, 0.05421843996224164, 0.6070833333333334, 1.0, 1]",-2.5224724675438487e-07
0.6075,0,-9.150673950031362e-05,-1.1861935303629824e-07,-1.1461350365110843e-12,1,"[0, 0.05427671502051669, 0.6075, 1.0, 1]",-2.533507335123032e-07
0.6079166666666668,0,-9.179299949210254e-05,-1.1807653126021993e-07,-1.1498794759457276e-12,1,"[0, 0.05433499007879175, 0.6079166666666668, 1.0, 1]",-2.5445591929563963e-07
0.6083333333333334,0,-9.207967528959556e-05,-1.1752997834952258e-07,-1.15367185444175e-12,1,"[0, 0.05439326513706681, 0.6083333333333334, 1.0, 1]",-2.555627982970609e-07
0.60875,0,-9.23667668927929e-05,-1.1697968680444435e-07,-1.1575127936051153e-12,1,"[0, 0.05445154019534186, 0.60875, 1.0, 1]",-2.566713646852127e-07
0.6091666666666667,0,-9.265427430169461e-05,-1.1642564912522168e-07,-1.1614029197130728e-12,1,"[0, 0.05450981525361692, 0.6091666666666667, 1.0, 1]",-2.577816126046944e-07
0.6095833333333334,0,-9.294219751630048e-05,-1.158678578120868e-07,-1.1653428637337633e-12,1,"[0, 0.054568090311891984, 0.6095833333333334, 1.0, 1]",-2.588935361760681e-07
0.6100000000000001,0,-9.323053653661071e-05,-1.1530630536528125e-07,-1.1693332613459801e-12,1,"[0, 0.054626365370167046, 0.6100000000000001, 1.0, 1]",-2.600071294958734e-07
0.6104166666666667,0,-9.351929136262514e-05,-1.1474098428503977e-07,-1.1733747529587481e-12,1,"[0, 0.054684640428442094, 0.6104166666666667, 1.0, 1]",-2.6112238663659484e-07
0.6108333333333335,0,-9.380846199434383e-05,-1.1417188707159629e-07,-1.1774679837311065e-12,1,"[0, 0.05474291548671717, 0.6108333333333335, 1.0, 1]",-2.6223930164669775e-07
0.6112500000000001,0,-9.409804843176681e-05,-1.135990062251915e-07,-1.1816136035919243e-12,1,"[0, 0.05480119054499222, 0.6112500000000001, 1.0, 1]",-2.6335786855061286e-07
0.6116666666666667,0,-9.438805067489404e-05,-1.1302233424605845e-07,-1.1858122672596147e-12,1,"[0, 0.054859465603267266, 0.6116666666666667, 1.0, 1]",-2.644780813487194e-07
0.6120833333333334,0,-9.467846872372558e-05,-1.12441863634437e-07,-1.1900646342620737e-12,1,"[0, 0.05491774066154234, 0.6120833333333334, 1.0, 1]",-2.6559993401738325e-07
0.6125,0,-9.496930257826133e-05,-1.118575868905602e-07,-1.1943713689564725e-12,1,"[0, 0.05497601571981739, 0.6125, 1.0, 1]",-2.667234205089094e-07
0.6129166666666668,0,-9.526055223850138e-05,-1.1126949651466705e-07,-1.198733140549261e-12,1,"[0, 0.05503429077809245, 0.6129166666666668, 1.0, 1]",-2.678485347516006e-07
0.6133333333333334,0,-9.555221770444568e-05,-1.1067758500699063e-07,-1.2031506231160442e-12,1,"[0, 0.05509256583636751, 0.6133333333333334, 1.0, 1]",-2.689752706496935e-07
0.61375,0,-9.584429897609423e-05,-1.100818448677733e-07,-1.2076244956216682e-12,1,"[0, 0.05515084089464256, 0.61375, 1.0, 1]",-2.7010362208339884e-07
0.6141666666666667,0,-9.613679605344712e-05,-1.094822685972456e-07,-1.212155441940126e-12,1,"[0, 0.05520911595291762, 0.6141666666666667, 1.0, 1]",-2.712335829089012e-07
0.6145833333333334,0,-9.642970893650422e-05,-1.0887884869564736e-07,-1.2167441508747383e-12,1,"[0, 0.055267391011192685, 0.6145833333333334, 1.0, 1]",-2.7236514695834125e-07
0.6150000000000001,0,-9.672303762526563e-05,-1.082715776632142e-07,-1.2213913161781905e-12,1,"[0, 0.05532566606946775, 0.6150000000000001, 1.0, 1]",-2.7349830803982856e-07
0.6154166666666667,0,-9.701678211973122e-05,-1.0766044800018257e-07,-1.226097636572687e-12,1,"[0, 0.055383941127742795, 0.6154166666666667, 1.0, 1]",-2.746330599374313e-07
0.6158333333333335,0,-9.731094241990121e-05,-1.0704545220678892e-07,-1.2308638157701399e-12,1,"[0, 0.05544221618601787, 0.6158333333333335, 1.0, 1]",-2.7576939641118486e-07
0.6162500000000001,0,-9.760551852577539e-05,-1.0642658278326886e-07,-1.2356905624923543e-12,1,"[0, 0.05550049124429292, 0.6162500000000001, 1.0, 1]",-2.7690731119709673e-07
0.6166666666666667,0,-9.79005104373538e-05,-1.0580383222986138e-07,-1.2405785904913225e-12,1,"[0, 0.055558766302567966, 0.6166666666666667, 1.0, 1]",-2.7804679800712806e-07
0.6170833333333334,0,-9.819591815463658e-05,-1.0517719304679955e-07,-1.2455286185694525e-12,1,"[0, 0.05561704136084304, 0.6170833333333334, 1.0, 1]",-2.7918785052920965e-07
0.6175,0,-9.849174167762347e-05,-1.0454665773432321e-07,-1.2505413705999493e-12,1,"[0, 0.05567531641911809, 0.6175, 1.0, 1]",-2.803304624272386e-07
0.6179166666666668,0,-9.878798100631478e-05,-1.0391221879266628e-07,-1.255617575547132e-12,1,"[0, 0.05573359147739315, 0.6179166666666668, 1.0, 1]",-2.8147462734107915e-07
0.6183333333333334,0,-9.90846361407103e-05,-1.0327386872206605e-07,-1.2607579674868508e-12,1,"[0, 0.055791866535668214, 0.6183333333333334, 1.0, 1]",-2.826203388865533e-07
0.61875,0,-9.938170708081003e-05,-1.0263160002276067e-07,-1.2659632856269293e-12,1,"[0, 0.05585014159394326, 0.61875, 1.0, 1]",-2.837675906554435e-07
0.6191666666666668,0,-9.967919382661417e-05,-1.019854051949849e-07,-1.2712342743276109e-12,1,"[0, 0.05590841665221832, 0.6191666666666668, 1.0, 1]",-2.8491637621551284e-07
0.6195833333333334,0,-9.997709637812242e-05,-1.0133527673897436e-07,-1.2765716831220685e-12,1,"[0, 0.055966691710493385, 0.6195833333333334, 1.0, 1]",-2.860666891104771e-07
0.6200000000000001,0,-0.00010027541473533505,-1.0068120715496633e-07,-1.281976266736987e-12,1,"[0, 0.05602496676876845, 0.6200000000000001, 1.0, 1]",-2.8721852286002097e-07
0.6204166666666667,0,-0.00010057414889825187,-1.0002318894319897e-07,-1.2874487851131086e-12,1,"[0, 0.056083241827043495, 0.6204166666666667, 1.0, 1]",-2.883718709597911e-07
0.6208333333333333,0,-0.00010087329886687299,-9.936121460390619e-08,-1.292990003425845e-12,1,"[0, 0.05614151688531854, 0.6208333333333333, 1.0, 1]",-2.895267268813989e-07
0.6212500000000001,0,-0.00010117286464119841,-9.869527663732614e-08,-1.2986006921059686e-12,1,"[0, 0.05619979194359362, 0.6212500000000001, 1.0, 1]",-2.9068308407242775e-07
0.6216666666666667,0,-0.00010147284622122801,-9.802536754369612e-08,-1.3042816268602742e-12,1,"[0, 0.05625806700186867, 0.6216666666666667, 1.0, 1]",-2.918409359564199e-07
0.6220833333333334,0,-0.000101773243606962,-9.735147982325004e-08,-1.3100335886923084e-12,1,"[0, 0.05631634206014374, 0.6220833333333334, 1.0, 1]",-2.930002759328711e-07
0.6225,0,-0.00010207405679840016,-9.66736059762235e-08,-1.3158573639231417e-12,1,"[0, 0.05637461711841879, 0.6225, 1.0, 1]",-2.9416109737726794e-07
0.6229166666666668,0,-0.00010237528579554268,-9.599173850285721e-08,-1.3217537442122106e-12,1,"[0, 0.05643289217669385, 0.6229166666666668, 1.0, 1]",-2.9532339364104216e-07
0.6233333333333334,0,-0.00010267693059838937,-9.53058699033876e-08,-1.3277235265780853e-12,1,"[0, 0.056491167234968914, 0.6233333333333334, 1.0, 1]",-2.964871580515833e-07
0.62375,0,-0.00010297899120694034,-9.461599267804607e-08,-1.3337675134193634e-12,1,"[0, 0.05654944229324396, 0.62375, 1.0, 1]",-2.9765238391227596e-07
0.6241666666666668,0,-0.00010328146762119562,-9.392209932707412e-08,-1.3398865125356494e-12,1,"[0, 0.056607717351519024, 0.6241666666666668, 1.0, 1]",-2.9881906450243635e-07
0.6245833333333334,0,-0.00010358435984115511,-9.3224182350704e-08,-1.346081337148402e-12,1,"[0, 0.05666599240979407, 0.6245833333333334, 1.0, 1]",-2.9998719307736726e-07
0.6250000000000001,0,-0.00010388766786681897,-9.252223424917638e-08,-1.3523528059220247e-12,1,"[0, 0.05672426746806915, 0.6250000000000001, 1.0, 1]",-3.0115676286832845e-07
0.6254166666666667,0,-0.00010419139169818701,-9.181624752272518e-08,-1.3587017429847928e-12,1,"[0, 0.056782542526344196, 0.6254166666666667, 1.0, 1]",-3.0232776708254006e-07
0.6258333333333334,0,-0.0001044955313352593,-9.110621467158601e-08,-1.3651289779499753e-12,1,"[0, 0.056840817584619244, 0.6258333333333334, 1.0, 1]",-3.0350019890319696e-07
0.6262500000000001,0,-0.00010480008677803593,-9.03921281960004e-08,-1.3716353459369453e-12,1,"[0, 0.05689909264289432, 0.6262500000000001, 1.0, 1]",-3.0467405148944594e-07
0.6266666666666667,0,-0.00010510505802651676,-8.967398059619888e-08,-1.3782216875922229e-12,1,"[0, 0.05695736770116937, 0.6266666666666667, 1.0, 1]",-3.0584931797641105e-07
0.6270833333333334,0,-0.00010541044508070193,-8.895176437242043e-08,-1.3848888491107583e-12,1,"[0, 0.05701564275944444, 0.6270833333333334, 1.0, 1]",-3.0702599147516995e-07
0.6275000000000001,0,-0.00010571624794059132,-8.822547202490237e-08,-1.3916376822570716e-12,1,"[0, 0.05707391781771949, 0.6275000000000001, 1.0, 1]",-3.082040650727793e-07
0.6279166666666668,0,-0.00010602246660618503,-8.749509605387946e-08,-1.398469044386509e-12,1,"[0, 0.05713219287599455, 0.6279166666666668, 1.0, 1]",-3.093835318322476e-07
0.6283333333333334,0,-0.00010632910107748288,-8.676062895958898e-08,-1.4053837984665338e-12,1,"[0, 0.0571904679342696, 0.6283333333333334, 1.0, 1]",-3.105643847925531e-07
0.62875,0,-0.00010663615135448508,-8.602206324226825e-08,-1.4123828130980519e-12,1,"[0, 0.05724874299254466, 0.62875, 1.0, 1]",-3.1174661696863514e-07
0.6291666666666668,0,-0.00010694361743719158,-8.527939140215033e-08,-1.4194669625367284e-12,1,"[0, 0.057307018050819725, 0.6291666666666668, 1.0, 1]",-3.1293022135140034e-07
0.6295833333333334,0,-0.00010725149932560232,-8.453260593947675e-08,-1.4266371267144447e-12,1,"[0, 0.05736529310909477, 0.6295833333333334, 1.0, 1]",-3.141151909077215e-07
0.6300000000000001,0,-0.00010755979701971739,-8.378169935448228e-08,-1.433894191260664e-12,1,"[0, 0.05742356816736985, 0.6300000000000001, 1.0, 1]",-3.153015185804403e-07
0.6304166666666667,0,-0.00010786851051953659,-8.302666414739998e-08,-1.4412390475239034e-12,1,"[0, 0.057481843225644896, 0.6304166666666667, 1.0, 1]",-3.164891972883537e-07
0.6308333333333334,0,-0.00010817763982506009,-8.226749281846884e-08,-1.4486725925932956e-12,1,"[0, 0.057540118283919944, 0.6308333333333334, 1.0, 1]",-3.1767821992622144e-07
0.6312500000000001,0,-0.00010848718493628796,-8.150417786792956e-08,-1.4561957293200915e-12,1,"[0, 0.05759839334219502, 0.6312500000000001, 1.0, 1]",-3.1886857936477567e-07
0.6316666666666667,0,-0.00010879714585321997,-8.073671179601012e-08,-1.463809366339166e-12,1,"[0, 0.05765666840047007, 0.6316666666666667, 1.0, 1]",-3.200602684507223e-07
0.6320833333333334,0,-0.00010910752257585639,-7.99650871029529e-08,-1.471514418090778e-12,1,"[0, 0.05771494345874513, 0.6320833333333334, 1.0, 1]",-3.2125328000671076e-07
0.6325000000000001,0,-0.00010941831510419697,-7.91892962889935e-08,-1.4793118048420925e-12,1,"[0, 0.05777321851702019, 0.6325000000000001, 1.0, 1]",-3.224476068313677e-07
0.6329166666666667,0,-0.00010972952343824174,-7.840933185436924e-08,-1.4872024527089315e-12,1,"[0, 0.05783149357529524, 0.6329166666666667, 1.0, 1]",-3.236432416992776e-07
0.6333333333333334,0,-0.00011004114757799095,-7.762518629931147e-08,-1.495187293677463e-12,1,"[0, 0.0578897686335703, 0.6333333333333334, 1.0, 1]",-3.248401773610048e-07
0.63375,0,-0.00011035318752344432,-7.683685212406344e-08,-1.5032672656260108e-12,1,"[0, 0.05794804369184536, 0.63375, 1.0, 1]",-3.2603840654305454e-07
0.6341666666666668,0,-0.00011066564327460207,-7.604432182885651e-08,-1.5114433123467888e-12,1,"[0, 0.058006318750120425, 0.6341666666666668, 1.0, 1]",-3.272379219479212e-07
0.6345833333333334,0,-0.000110978514831464,-7.524758791393052e-08,-1.5197163835677844e-12,1,"[0, 0.05806459380839547, 0.6345833333333334, 1.0, 1]",-3.284387162540442e-07
0.6350000000000001,0,-0.00011129180219403019,-7.444664287952024e-08,-1.5280874349746018e-12,1,"[0, 0.05812286886667055, 0.6350000000000001, 1.0, 1]",-3.2964078211584373e-07
0.6354166666666667,0,-0.00011160550536230064,-7.364147922586042e-08,-1.5365574282323765e-12,1,"[0, 0.0581811439249456, 0.6354166666666667, 1.0, 1]",-3.308441121636919e-07
0.6358333333333334,0,-0.00011191962433627538,-7.283208945319344e-08,-1.545127331007753e-12,1,"[0, 0.058239418983220645, 0.6358333333333334, 1.0, 1]",-3.3204869900392865e-07
0.6362500000000001,0,-0.00011223415911595443,-7.201846606174984e-08,-1.5537981169907892e-12,1,"[0, 0.05829769404149572, 0.6362500000000001, 1.0, 1]",-3.332545352188697e-07
0.6366666666666667,0,-0.00011254910970133769,-7.120060155176945e-08,-1.5625707659170533e-12,1,"[0, 0.05835596909977077, 0.6366666666666667, 1.0, 1]",-3.3446161336677916e-07
0.6370833333333334,0,-0.00011286447609242533,-7.037848842348619e-08,-1.5714462635896337e-12,1,"[0, 0.05841424415804583, 0.6370833333333334, 1.0, 1]",-3.3566992598189e-07
0.6375000000000001,0,-0.00011318025828921704,-6.95521191771382e-08,-1.5804256019012434e-12,1,"[0, 0.05847251921632089, 0.6375000000000001, 1.0, 1]",-3.368794655744057e-07
0.6379166666666667,0,-0.00011349645629171308,-6.872148631296108e-08,-1.5895097788563599e-12,1,"[0, 0.05853079427459594, 0.6379166666666667, 1.0, 1]",-3.3809022463049776e-07
0.6383333333333334,0,-0.00011381307009991347,-6.788658233119385e-08,-1.5986997985933841e-12,1,"[0, 0.058589069332871, 0.6383333333333334, 1.0, 1]",-3.393021956122853e-07
0.63875,0,-0.00011413009971381807,-6.704739973206871e-08,-1.6079966714068105e-12,1,"[0, 0.058647344391146064, 0.63875, 1.0, 1]",-3.405153709578723e-07
0.6391666666666668,0,-0.00011444754513342703,-6.620393101582635e-08,-1.6174014137695338e-12,1,"[0, 0.058705619449421126, 0.6391666666666668, 1.0, 1]",-3.417297430813131e-07
0.6395833333333334,0,-0.00011476540635874008,-6.535616868270153e-08,-1.6269150483550509e-12,1,"[0, 0.058763894507696174, 0.6395833333333334, 1.0, 1]",-3.429453043726324e-07
0.6400000000000001,0,-0.00011508368338975755,-6.450410523293072e-08,-1.636538604059839e-12,1,"[0, 0.05882216956597125, 0.6400000000000001, 1.0, 1]",-3.44162047197817e-07
0.6404166666666667,0,-0.00011540237622647923,-6.36477331667478e-08,-1.646273116025645e-12,1,"[0, 0.0588804446242463, 0.6404166666666667, 1.0, 1]",-3.453799638988277e-07
0.6408333333333334,0,-0.00011572148486890514,-6.278704498439434e-08,-1.6561196256619394e-12,1,"[0, 0.058938719682521346, 0.6408333333333334, 1.0, 1]",-3.465990467935762e-07
0.6412500000000001,0,-0.00011604100931703543,-6.192203318610254e-08,-1.6660791806682768e-12,1,"[0, 0.05899699474079642, 0.6412500000000001, 1.0, 1]",-3.478192881759448e-07
0.6416666666666667,0,-0.0001163609495708699,-6.10526902721114e-08,-1.6761528350567911e-12,1,"[0, 0.05905526979907147, 0.6416666666666667, 1.0, 1]",-3.490406803157846e-07
0.6420833333333335,0,-0.00011668130563040864,-6.017900874265483e-08,-1.6863416491746818e-12,1,"[0, 0.05911354485734653, 0.6420833333333335, 1.0, 1]",-3.502632154589088e-07
0.6425000000000001,0,-0.00011700207749565165,-5.930098109797267e-08,-1.6966466897267641e-12,1,"[0, 0.05917181991562159, 0.6425000000000001, 1.0, 1]",-3.5148688582708417e-07
0.6429166666666667,0,-0.00011732326516659891,-5.841859983830053e-08,-1.707069029798014e-12,1,"[0, 0.05923009497389664, 0.6429166666666667, 1.0, 1]",-3.527116836180674e-07
0.6433333333333334,0,-0.00011764486864325052,-5.753185746387148e-08,-1.7176097488761853e-12,1,"[0, 0.0592883700321717, 0.6433333333333334, 1.0, 1]",-3.5393760100555615e-07
0.64375,0,-0.00011796688792560632,-5.6640746474925354e-08,-1.7282699328744682e-12,1,"[0, 0.059346645090446765, 0.64375, 1.0, 1]",-3.551646301392194e-07
0.6441666666666668,0,-0.0001182893230136664,-5.574525937169946e-08,-1.7390506741541627e-12,1,"[0, 0.059404920148721826, 0.6441666666666668, 1.0, 1]",-3.5639276314469334e-07
0.6445833333333334,0,-0.00011861217390743073,-5.4845388654430245e-08,-1.7499530715473869e-12,1,"[0, 0.059463195206996874, 0.6445833333333334, 1.0, 1]",-3.576219921235795e-07
0.645,0,-0.00011893544060689934,-5.394112682334824e-08,-1.7609782303798248e-12,1,"[0, 0.059521470265271936, 0.645, 1.0, 1]",-3.5885230915345164e-07
0.6454166666666667,0,-0.00011925912311207227,-5.3032466378697516e-08,-1.772127262493574e-12,1,"[0, 0.059579745323547, 0.6454166666666667, 1.0, 1]",-3.600837062878287e-07
0.6458333333333334,0,-0.00011958322142294942,-5.211939982070945e-08,-1.7834012862698893e-12,1,"[0, 0.059638020381822046, 0.6458333333333334, 1.0, 1]",-3.6131617555620774e-07
0.6462500000000001,0,-0.00011990773553953084,-5.120191964962303e-08,-1.7948014266521238e-12,1,"[0, 0.05969629544009712, 0.6462500000000001, 1.0, 1]",-3.625497089640478e-07
0.6466666666666667,0,-0.0001202326654618165,-5.028001836567557e-08,-1.8063288151685886e-12,1,"[0, 0.05975457049837217, 0.6466666666666667, 1.0, 1]",-3.637842984927701e-07
0.6470833333333335,0,-0.00012055801118980653,-4.9353688469099273e-08,-1.817984589955501e-12,1,"[0, 0.05981284555664723, 0.6470833333333335, 1.0, 1]",-3.650199360997663e-07
0.6475000000000001,0,-0.00012088377272350075,-4.842292246013738e-08,-1.829769895779976e-12,1,"[0, 0.059871120614922294, 0.6475000000000001, 1.0, 1]",-3.6625661371839177e-07
0.6479166666666667,0,-0.00012120995006289919,-4.7487712839018714e-08,-1.8416858840630004e-12,1,"[0, 0.05992939567319734, 0.6479166666666667, 1.0, 1]",-3.674943232579615e-07
0.6483333333333334,0,-0.00012153654320800204,-4.6548052105984817e-08,-1.85373371290255e-12,1,"[0, 0.0599876707314724, 0.6483333333333334, 1.0, 1]",-3.687330566037583e-07
0.64875,0,-0.00012186355215880896,-4.560393276127129e-08,-1.8659145470965947e-12,1,"[0, 0.060045945789747465, 0.64875, 1.0, 1]",-3.699728056170281e-07
0.6491666666666668,0,-0.00012219097691532033,-4.465534730511544e-08,-1.8782295581663013e-12,1,"[0, 0.06010422084802253, 0.6491666666666668, 1.0, 1]",-3.712135621349838e-07
0.6495833333333334,0,-0.00012251881747753587,-4.370228823775033e-08,-1.890679924379114e-12,1,"[0, 0.060162495906297575, 0.6495833333333334, 1.0, 1]",-3.7245531797080547e-07
0.65,0,-0.00012284707384545564,-4.2744748059415803e-08,-1.903266830772027e-12,1,"[0, 0.06022077096457264, 0.65, 1.0, 1]",-3.7369806491362677e-07
