parameter,branch,g2,g3,discriminant,character,operator_ascending,constant
-0.05,0,-0.00013075978799260147,-9.342819095469584e-07,-2.580357936385437e-11,1,"[0, 0, -0.05, 0, 1.0, 0, 1]",1.0601497644122825e-08
-0.04970555555555556,0,-0.0001307164550413657,-9.327587295651359e-07,-2.5724573713070568e-11,1,"[0, 0, -0.04970555555555556, 0, 1.0, 0, 1]",1.0574623540086193e-08
-0.049411111111111114,0,-0.00013067304480847327,-9.312362640902322e-07,-2.5645726790536028e-11,1,"[0, 0, -0.049411111111111114, 0, 1.0, 0, 1]",1.0547790047956061e-08
-0.04911666666666667,0,-0.00013062955718674024,-9.297145135346598e-07,-2.5567038442644584e-11,1,"[0, 0, -0.04911666666666667, 0, 1.0, 0, 1]",1.052099714542685e-08
-0.048822222222222225,0,-0.00013058599206871874,-9.281934783116403e-07,-2.548850851578778e-11,1,"[0, 0, -0.048822222222222225, 0, 1.0, 0, 1]",1.0494244810191264e-08
-0.04852777777777778,0,-0.00013054234934669587,-9.26673158835206e-07,-2.5410136856354763e-11,1,"[0, 0, -0.04852777777777778, 0, 1.0, 0, 1]",1.0467533019940294e-08
-0.048233333333333336,0,-0.0001304986289126927,-9.251535555202029e-07,-2.53319233107323e-11,1,"[0, 0, -0.048233333333333336, 0, 1.0, 0, 1]",1.0440861752363188e-08
-0.04793888888888889,0,-0.00013045483065846344,-9.236346687822929e-07,-2.5253867725304757e-11,1,"[0, 0, -0.04793888888888889, 0, 1.0, 0, 1]",1.0414230985147476e-08
-0.04764444444444445,0,-0.00013041095447549416,-9.221164990379555e-07,-2.5175969946454005e-11,1,"[0, 0, -0.04764444444444445, 0, 1.0, 0, 1]",1.0387640695978926e-08
-0.04735,0,-0.0001303670002550021,-9.205990467044912e-07,-2.5098229820559453e-11,1,"[0, 0, -0.04735, 0, 1.0, 0, 1]",1.036109086254155e-08
-0.04705555555555556,0,-0.0001303229678879348,-9.190823122000248e-07,-2.5020647193998087e-11,1,"[0, 0, -0.04705555555555556, 0, 1.0, 0, 1]",1.0334581462517628e-08
-0.046761111111111114,0,-0.0001302788572649688,-9.175662959435059e-07,-2.49432219131443e-11,1,"[0, 0, -0.046761111111111114, 0, 1.0, 0, 1]",1.0308112473587661e-08
-0.04646666666666667,0,-0.0001302346682765088,-9.160509983547125e-07,-2.4865953824369957e-11,1,"[0, 0, -0.04646666666666667, 0, 1.0, 0, 1]",1.0281683873430376e-08
-0.046172222222222226,0,-0.00013019040081268653,-9.145364198542534e-07,-2.4788842774044355e-11,1,"[0, 0, -0.046172222222222226, 0, 1.0, 0, 1]",1.025529563972271e-08
-0.04587777777777778,0,-0.00013014605476336025,-9.130225608635716e-07,-2.471188860853423e-11,1,"[0, 0, -0.04587777777777778, 0, 1.0, 0, 1]",1.0228947750139842e-08
-0.04558333333333334,0,-0.00013010163001811304,-9.11509421804945e-07,-2.4635091174203657e-11,1,"[0, 0, -0.04558333333333334, 0, 1.0, 0, 1]",1.0202640182355139e-08
-0.04528888888888889,0,-0.00013005712646625223,-9.099970031014903e-07,-2.4558450317414075e-11,1,"[0, 0, -0.04528888888888889, 0, 1.0, 0, 1]",1.0176372914040163e-08
-0.04499444444444445,0,-0.0001300125439968084,-9.084853051771656e-07,-2.4481965884524274e-11,1,"[0, 0, -0.04499444444444445, 0, 1.0, 0, 1]",1.0150145922864683e-08
-0.044700000000000004,0,-0.00012996788249853406,-9.069743284567719e-07,-2.4405637721890303e-11,1,"[0, 0, -0.044700000000000004, 0, 1.0, 0, 1]",1.012395918649664e-08
-0.04440555555555556,0,-0.000129923141859903,-9.054640733659572e-07,-2.4329465675865542e-11,1,"[0, 0, -0.04440555555555556, 0, 1.0, 0, 1]",1.0097812682602159e-08
-0.044111111111111115,0,-0.00012987832196910916,-9.039545403312178e-07,-2.4253449592800606e-11,1,"[0, 0, -0.044111111111111115, 0, 1.0, 0, 1]",1.0071706388845542e-08
-0.04381666666666667,0,-0.0001298334227140653,-9.024457297799017e-07,-2.417758931904332e-11,1,"[0, 0, -0.04381666666666667, 0, 1.0, 0, 1]",1.0045640282889237e-08
-0.043522222222222226,0,-0.00012978844398240223,-9.009376421402104e-07,-2.410188470093872e-11,1,"[0, 0, -0.043522222222222226, 0, 1.0, 0, 1]",1.001961434239386e-08
-0.04322777777777778,0,-0.0001297433856614679,-8.994302778412026e-07,-2.4026335584829018e-11,1,"[0, 0, -0.04322777777777778, 0, 1.0, 0, 1]",9.993628545018169e-09
-0.04293333333333334,0,-0.0001296982476383262,-8.979236373127963e-07,-2.3950941817053604e-11,1,"[0, 0, -0.04293333333333334, 0, 1.0, 0, 1]",9.967682868419081e-09
-0.04263888888888889,0,-0.0001296530297997556,-8.964177209857712e-07,-2.3875703243948943e-11,1,"[0, 0, -0.04263888888888889, 0, 1.0, 0, 1]",9.941777290251623e-09
-0.04234444444444445,0,-0.0001296077320322486,-8.949125292917714e-07,-2.380061971184861e-11,1,"[0, 0, -0.04234444444444445, 0, 1.0, 0, 1]",9.915911788168952e-09
-0.042050000000000004,0,-0.00012956235422201056,-8.934080626633092e-07,-2.372569106708329e-11,1,"[0, 0, -0.042050000000000004, 0, 1.0, 0, 1]",9.890086339822365e-09
-0.04175555555555556,0,-0.00012951689625495836,-8.919043215337661e-07,-2.365091715598069e-11,1,"[0, 0, -0.04175555555555556, 0, 1.0, 0, 1]",9.864300922861249e-09
-0.041461111111111115,0,-0.00012947135801671955,-8.904013063373964e-07,-2.3576297824865514e-11,1,"[0, 0, -0.041461111111111115, 0, 1.0, 0, 1]",9.838555514933103e-09
-0.04116666666666667,0,-0.00012942573939263128,-8.888990175093304e-07,-2.350183292005952e-11,1,"[0, 0, -0.04116666666666667, 0, 1.0, 0, 1]",9.812850093683528e-09
-0.040872222222222226,0,-0.0001293800402677389,-8.873974554855751e-07,-2.342752228788133e-11,1,"[0, 0, -0.040872222222222226, 0, 1.0, 0, 1]",9.787184636756194e-09
-0.04057777777777778,0,-0.00012933426052679547,-8.858966207030203e-07,-2.335336577464662e-11,1,"[0, 0, -0.04057777777777778, 0, 1.0, 0, 1]",9.761559121792879e-09
-0.04028333333333334,0,-0.00012928840005426017,-8.843965135994379e-07,-2.327936322666792e-11,1,"[0, 0, -0.04028333333333334, 0, 1.0, 0, 1]",9.735973526433425e-09
-0.03998888888888889,0,-0.0001292424587342974,-8.828971346134869e-07,-2.3205514490254664e-11,1,"[0, 0, -0.03998888888888889, 0, 1.0, 0, 1]",9.710427828315737e-09
-0.03969444444444445,0,-0.00012919643645077546,-8.813984841847149e-07,-2.3131819411713112e-11,1,"[0, 0, -0.03969444444444445, 0, 1.0, 0, 1]",9.684922005075772e-09
-0.039400000000000004,0,-0.00012915033308726602,-8.799005627535626e-07,-2.3058277837346458e-11,1,"[0, 0, -0.039400000000000004, 0, 1.0, 0, 1]",9.659456034347572e-09
-0.03910555555555556,0,-0.00012910414852704199,-8.784033707613633e-07,-2.2984889613454554e-11,1,"[0, 0, -0.03910555555555556, 0, 1.0, 0, 1]",9.634029893763169e-09
-0.038811111111111116,0,-0.0001290578826530776,-8.769069086503501e-07,-2.2911654586334175e-11,1,"[0, 0, -0.038811111111111116, 0, 1.0, 0, 1]",9.608643560952688e-09
-0.03851666666666667,0,-0.00012901153534804636,-8.754111768636551e-07,-2.283857260227878e-11,1,"[0, 0, -0.03851666666666667, 0, 1.0, 0, 1]",9.583297013544241e-09
-0.03822222222222223,0,-0.00012896510649432023,-8.739161758453137e-07,-2.276564350757855e-11,1,"[0, 0, -0.03822222222222223, 0, 1.0, 0, 1]",9.557990229163983e-09
-0.03792777777777778,0,-0.00012891859597396864,-8.724219060402675e-07,-2.269286714852038e-11,1,"[0, 0, -0.03792777777777778, 0, 1.0, 0, 1]",9.532723185436067e-09
-0.03763333333333334,0,-0.0001288720036687571,-8.709283678943671e-07,-2.2620243371387868e-11,1,"[0, 0, -0.03763333333333334, 0, 1.0, 0, 1]",9.507495859982668e-09
-0.037338888888888894,0,-0.00012882532946014626,-8.694355618543746e-07,-2.2547772022461216e-11,1,"[0, 0, -0.037338888888888894, 0, 1.0, 0, 1]",9.482308230423954e-09
-0.03704444444444445,0,-0.00012877857322929052,-8.679434883679669e-07,-2.2475452948017264e-11,1,"[0, 0, -0.03704444444444445, 0, 1.0, 0, 1]",9.457160274378072e-09
-0.036750000000000005,0,-0.00012873173485703713,-8.66452147883738e-07,-2.2403285994329446e-11,1,"[0, 0, -0.036750000000000005, 0, 1.0, 0, 1]",9.432051969461166e-09
-0.03645555555555556,0,-0.00012868481422392489,-8.649615408512033e-07,-2.233127100766779e-11,1,"[0, 0, -0.03645555555555556, 0, 1.0, 0, 1]",9.406983293287356e-09
-0.036161111111111116,0,-0.00012863781121018263,-8.634716677207995e-07,-2.2259407834298744e-11,1,"[0, 0, -0.036161111111111116, 0, 1.0, 0, 1]",9.381954223468697e-09
-0.03586666666666667,0,-0.00012859072569572892,-8.619825289438918e-07,-2.218769632048542e-11,1,"[0, 0, -0.03586666666666667, 0, 1.0, 0, 1]",9.35696473761525e-09
-0.03557222222222223,0,-0.00012854355756017002,-8.604941249727734e-07,-2.2116136312487318e-11,1,"[0, 0, -0.03557222222222223, 0, 1.0, 0, 1]",9.332014813334995e-09
-0.03527777777777778,0,-0.00012849630668279908,-8.590064562606701e-07,-2.2044727656560437e-11,1,"[0, 0, -0.03527777777777778, 0, 1.0, 0, 1]",9.307104428233865e-09
-0.03498333333333334,0,-0.0001284489729425948,-8.575195232617419e-07,-2.1973470198957148e-11,1,"[0, 0, -0.03498333333333334, 0, 1.0, 0, 1]",9.282233559915723e-09
-0.034688888888888894,0,-0.00012840155621822054,-8.560333264310884e-07,-2.1902363785926292e-11,1,"[0, 0, -0.034688888888888894, 0, 1.0, 0, 1]",9.257402185982375e-09
-0.03439444444444445,0,-0.0001283540563880226,-8.545478662247492e-07,-2.183140826371304e-11,1,"[0, 0, -0.03439444444444445, 0, 1.0, 0, 1]",9.232610284033525e-09
-0.034100000000000005,0,-0.00012830647333002946,-8.53063143099708e-07,-2.1760603478558897e-11,1,"[0, 0, -0.034100000000000005, 0, 1.0, 0, 1]",9.207857831666803e-09
-0.03380555555555556,0,-0.0001282588069219503,-8.515791575138962e-07,-2.1689949276701713e-11,1,"[0, 0, -0.03380555555555556, 0, 1.0, 0, 1]",9.18314480647774e-09
-0.033511111111111117,0,-0.0001282110570411739,-8.50095909926195e-07,-2.1619445504375616e-11,1,"[0, 0, -0.033511111111111117, 0, 1.0, 0, 1]",9.15847118605976e-09
-0.03321666666666667,0,-0.00012816322356476727,-8.486134007964385e-07,-2.154909200781097e-11,1,"[0, 0, -0.03321666666666667, 0, 1.0, 0, 1]",9.133836948004168e-09
-0.03292222222222223,0,-0.00012811530636947467,-8.47131630585418e-07,-2.1478888633234425e-11,1,"[0, 0, -0.03292222222222223, 0, 1.0, 0, 1]",9.109242069900168e-09
-0.03262777777777778,0,-0.00012806730533171598,-8.456505997548832e-07,-2.1408835226868775e-11,1,"[0, 0, -0.03262777777777778, 0, 1.0, 0, 1]",9.084686529334813e-09
-0.03233333333333334,0,-0.0001280192203275858,-8.441703087675463e-07,-2.1338931634933008e-11,1,"[0, 0, -0.03233333333333334, 0, 1.0, 0, 1]",9.060170303893027e-09
-0.032038888888888895,0,-0.00012797105123285197,-8.426907580870856e-07,-2.1269177703642278e-11,1,"[0, 0, -0.032038888888888895, 0, 1.0, 0, 1]",9.035693371157596e-09
-0.03174444444444445,0,-0.00012792279792295456,-8.412119481781478e-07,-2.1199573279207857e-11,1,"[0, 0, -0.03174444444444445, 0, 1.0, 0, 1]",9.011255708709146e-09
-0.031450000000000006,0,-0.00012787446027300416,-8.39733879506351e-07,-2.1130118207837064e-11,1,"[0, 0, -0.031450000000000006, 0, 1.0, 0, 1]",8.986857294126145e-09
-0.031155555555555558,0,-0.0001278260381577811,-8.382565525382887e-07,-2.1060812335733327e-11,1,"[0, 0, -0.031155555555555558, 0, 1.0, 0, 1]",8.962498104984888e-09
-0.030861111111111113,0,-0.00012777753145173365,-8.367799677415319e-07,-2.0991655509096065e-11,1,"[0, 0, -0.030861111111111113, 0, 1.0, 0, 1]",8.938178118859486e-09
-0.03056666666666667,0,-0.00012772894002897731,-8.353041255846336e-07,-2.0922647574120747e-11,1,"[0, 0, -0.03056666666666667, 0, 1.0, 0, 1]",8.913897313321878e-09
-0.030272222222222225,0,-0.00012768026376329308,-8.338290265371305e-07,-2.0853788376998773e-11,1,"[0, 0, -0.030272222222222225, 0, 1.0, 0, 1]",8.88965566594181e-09
-0.02997777777777778,0,-0.00012763150252812627,-8.323546710695475e-07,-2.0785077763917528e-11,1,"[0, 0, -0.02997777777777778, 0, 1.0, 0, 1]",8.865453154286807e-09
-0.029683333333333336,0,-0.00012758265619658513,-8.308810596533998e-07,-2.071651558106026e-11,1,"[0, 0, -0.029683333333333336, 0, 1.0, 0, 1]",8.841289755922191e-09
-0.02938888888888889,0,-0.00012753372464143972,-8.294081927611969e-07,-2.064810167460615e-11,1,"[0, 0, -0.02938888888888889, 0, 1.0, 0, 1]",8.817165448411076e-09
-0.029094444444444447,0,-0.00012748470773512048,-8.279360708664458e-07,-2.057983589073024e-11,1,"[0, 0, -0.029094444444444447, 0, 1.0, 0, 1]",8.79308020931434e-09
-0.028800000000000003,0,-0.0001274356053497168,-8.26464694443654e-07,-2.0511718075603376e-11,1,"[0, 0, -0.028800000000000003, 0, 1.0, 0, 1]",8.76903401619062e-09
-0.02850555555555556,0,-0.00012738641735697572,-8.249940639683324e-07,-2.0443748075392196e-11,1,"[0, 0, -0.02850555555555556, 0, 1.0, 0, 1]",8.745026846596313e-09
-0.028211111111111114,0,-0.00012733714362830073,-8.235241799169994e-07,-2.0375925736259135e-11,1,"[0, 0, -0.028211111111111114, 0, 1.0, 0, 1]",8.721058678085567e-09
-0.02791666666666667,0,-0.0001272877840347503,-8.220550427671839e-07,-2.0308250904362367e-11,1,"[0, 0, -0.02791666666666667, 0, 1.0, 0, 1]",8.697129488210261e-09
-0.027622222222222225,0,-0.0001272383384470365,-8.205866529974282e-07,-2.024072342585575e-11,1,"[0, 0, -0.027622222222222225, 0, 1.0, 0, 1]",8.673239254520011e-09
-0.02732777777777778,0,-0.00012718880673552366,-8.19119011087292e-07,-2.0173343146888857e-11,1,"[0, 0, -0.02732777777777778, 0, 1.0, 0, 1]",8.649387954562153e-09
-0.027033333333333336,0,-0.00012713918877022695,-8.17652117517355e-07,-2.010610991360688e-11,1,"[0, 0, -0.027033333333333336, 0, 1.0, 0, 1]",8.625575565881727e-09
-0.026738888888888892,0,-0.00012708948442081126,-8.161859727692214e-07,-2.003902357215068e-11,1,"[0, 0, -0.026738888888888892, 0, 1.0, 0, 1]",8.6018020660215e-09
-0.026444444444444448,0,-0.0001270396935565893,-8.147205773255217e-07,-1.9972083968656654e-11,1,"[0, 0, -0.026444444444444448, 0, 1.0, 0, 1]",8.578067432521905e-09
-0.026150000000000003,0,-0.0001269898160465207,-8.132559316699173e-07,-1.99052909492568e-11,1,"[0, 0, -0.026150000000000003, 0, 1.0, 0, 1]",8.554371642921091e-09
-0.02585555555555556,0,-0.00012693985175921032,-8.117920362871038e-07,-1.9838644360078637e-11,1,"[0, 0, -0.02585555555555556, 0, 1.0, 0, 1]",8.530714674754862e-09
-0.025561111111111114,0,-0.00012688980056290694,-8.103288916628138e-07,-1.9772144047245174e-11,1,"[0, 0, -0.025561111111111114, 0, 1.0, 0, 1]",8.507096505556706e-09
-0.02526666666666667,0,-0.00012683966232550193,-8.088664982838212e-07,-1.9705789856874924e-11,1,"[0, 0, -0.02526666666666667, 0, 1.0, 0, 1]",8.483517112857775e-09
-0.024972222222222226,0,-0.0001267894369145275,-8.074048566379432e-07,-1.96395816350818e-11,1,"[0, 0, -0.024972222222222226, 0, 1.0, 0, 1]",8.459976474186858e-09
-0.02467777777777778,0,-0.0001267391241971557,-8.059439672140458e-07,-1.9573519227975163e-11,1,"[0, 0, -0.02467777777777778, 0, 1.0, 0, 1]",8.436474567070406e-09
-0.024383333333333337,0,-0.0001266887240401966,-8.044838305020455e-07,-1.9507602481659724e-11,1,"[0, 0, -0.024383333333333337, 0, 1.0, 0, 1]",8.413011369032495e-09
-0.024088888888888892,0,-0.00012663823631009708,-8.03024446992914e-07,-1.9441831242235567e-11,1,"[0, 0, -0.024088888888888892, 0, 1.0, 0, 1]",8.389586857594821e-09
-0.023794444444444448,0,-0.00012658766087293935,-8.01565817178681e-07,-1.9376205355798097e-11,1,"[0, 0, -0.023794444444444448, 0, 1.0, 0, 1]",8.36620101027672e-09
-0.023500000000000004,0,-0.0001265369975944393,-8.001079415524379e-07,-1.9310724668437984e-11,1,"[0, 0, -0.023500000000000004, 0, 1.0, 0, 1]",8.34285380459511e-09
-0.02320555555555556,0,-0.0001264862463399452,-7.986508206083415e-07,-1.924538902624117e-11,1,"[0, 0, -0.02320555555555556, 0, 1.0, 0, 1]",8.319545218064524e-09
-0.022911111111111115,0,-0.00012643540697443627,-7.971944548416175e-07,-1.9180198275288832e-11,1,"[0, 0, -0.022911111111111115, 0, 1.0, 0, 1]",8.296275228197089e-09
-0.02261666666666667,0,-0.00012638447936252098,-7.957388447485642e-07,-1.911515226165734e-11,1,"[0, 0, -0.02261666666666667, 0, 1.0, 0, 1]",8.273043812502502e-09
-0.022322222222222226,0,-0.00012633346336843573,-7.942839908265556e-07,-1.9050250831418207e-11,1,"[0, 0, -0.022322222222222226, 0, 1.0, 0, 1]",8.249850948488044e-09
-0.02202777777777778,0,-0.0001262823588560433,-7.928298935740461e-07,-1.8985493830638134e-11,1,"[0, 0, -0.02202777777777778, 0, 1.0, 0, 1]",8.226696613658556e-09
-0.021733333333333334,0,-0.00012623116568883126,-7.913765534905723e-07,-1.892088110537885e-11,1,"[0, 0, -0.021733333333333334, 0, 1.0, 0, 1]",8.20358078551643e-09
-0.02143888888888889,0,-0.00012617988372991065,-7.89923971076759e-07,-1.8856412501697233e-11,1,"[0, 0, -0.02143888888888889, 0, 1.0, 0, 1]",8.180503441561617e-09
-0.021144444444444445,0,-0.00012612851284201404,-7.884721468343206e-07,-1.8792087865645122e-11,1,"[0, 0, -0.021144444444444445, 0, 1.0, 0, 1]",8.15746455929158e-09
-0.02085,0,-0.00012607705288749456,-7.870210812660664e-07,-1.872790704326943e-11,1,"[0, 0, -0.02085, 0, 1.0, 0, 1]",8.13446411620134e-09
-0.020555555555555556,0,-0.00012602550372832393,-7.855707748759037e-07,-1.8663869880612028e-11,1,"[0, 0, -0.020555555555555556, 0, 1.0, 0, 1]",8.111502089783421e-09
-0.02026111111111111,0,-0.00012597386522609109,-7.841212281688414e-07,-1.8599976223709725e-11,1,"[0, 0, -0.02026111111111111, 0, 1.0, 0, 1]",8.088578457527857e-09
-0.019966666666666667,0,-0.00012592213724200055,-7.826724416509939e-07,-1.8536225918594252e-11,1,"[0, 0, -0.019966666666666667, 0, 1.0, 0, 1]",8.065693196922189e-09
-0.019672222222222223,0,-0.00012587031963687078,-7.812244158295846e-07,-1.84726188112922e-11,1,"[0, 0, -0.019672222222222223, 0, 1.0, 0, 1]",8.042846285451438e-09
-0.01937777777777778,0,-0.00012581841227113288,-7.797771512129505e-07,-1.8409154747825047e-11,1,"[0, 0, -0.01937777777777778, 0, 1.0, 0, 1]",8.020037700598123e-09
-0.019083333333333334,0,-0.00012576641500482855,-7.783306483105443e-07,-1.834583357420904e-11,1,"[0, 0, -0.019083333333333334, 0, 1.0, 0, 1]",7.997267419842216e-09
-0.01878888888888889,0,-0.00012571432769760903,-7.768849076329406e-07,-1.8282655136455266e-11,1,"[0, 0, -0.01878888888888889, 0, 1.0, 0, 1]",7.974535420661173e-09
-0.018494444444444445,0,-0.00012566215020873325,-7.754399296918378e-07,-1.821961928056955e-11,1,"[0, 0, -0.018494444444444445, 0, 1.0, 0, 1]",7.951841680529902e-09
-0.0182,0,-0.00012560988239706584,-7.739957150000621e-07,-1.81567258525524e-11,1,"[0, 0, -0.0182, 0, 1.0, 0, 1]",7.929186176920735e-09
-0.017905555555555557,0,-0.00012555752412107626,-7.725522640715727e-07,-1.809397469839907e-11,1,"[0, 0, -0.017905555555555557, 0, 1.0, 0, 1]",7.906568887303468e-09
-0.017611111111111112,0,-0.00012550507523883652,-7.711095774214641e-07,-1.8031365664099432e-11,1,"[0, 0, -0.017611111111111112, 0, 1.0, 0, 1]",7.883989789145307e-09
-0.017316666666666668,0,-0.00012545253560801984,-7.69667655565971e-07,-1.7968898595637997e-11,1,"[0, 0, -0.017316666666666668, 0, 1.0, 0, 1]",7.861448859910874e-09
-0.017022222222222223,0,-0.000125399905085899,-7.682264990224717e-07,-1.7906573338993855e-11,1,"[0, 0, -0.017022222222222223, 0, 1.0, 0, 1]",7.838946077062211e-09
-0.01672777777777778,0,-0.00012534718352934452,-7.667861083094924e-07,-1.784438974014067e-11,1,"[0, 0, -0.01672777777777778, 0, 1.0, 0, 1]",7.816481418058742e-09
-0.016433333333333335,0,-0.00012529437079482325,-7.65346483946711e-07,-1.778234764504663e-11,1,"[0, 0, -0.016433333333333335, 0, 1.0, 0, 1]",7.794054860357296e-09
-0.01613888888888889,0,-0.00012524146673839652,-7.639076264549612e-07,-1.7720446899674418e-11,1,"[0, 0, -0.01613888888888889, 0, 1.0, 0, 1]",7.771666381412073e-09
-0.015844444444444446,0,-0.00012518847121571834,-7.62469536356236e-07,-1.765868734998117e-11,1,"[0, 0, -0.015844444444444446, 0, 1.0, 0, 1]",7.749315958674642e-09
-0.015550000000000001,0,-0.00012513538408203393,-7.610322141736922e-07,-1.759706884191844e-11,1,"[0, 0, -0.015550000000000001, 0, 1.0, 0, 1]",7.727003569593934e-09
-0.015255555555555557,0,-0.00012508220519217797,-7.595956604316544e-07,-1.75355912214322e-11,1,"[0, 0, -0.015255555555555557, 0, 1.0, 0, 1]",7.704729191616232e-09
-0.014961111111111113,0,-0.00012502893440057271,-7.581598756556185e-07,-1.7474254334462754e-11,1,"[0, 0, -0.014961111111111113, 0, 1.0, 0, 1]",7.68249280218515e-09
-0.014666666666666668,0,-0.00012497557156122656,-7.567248603722569e-07,-1.7413058026944764e-11,1,"[0, 0, -0.014666666666666668, 0, 1.0, 0, 1]",7.660294378741655e-09
-0.014372222222222224,0,-0.00012492211652773204,-7.552906151094212e-07,-1.735200214480716e-11,1,"[0, 0, -0.014372222222222224, 0, 1.0, 0, 1]",7.638133898724013e-09
-0.01407777777777778,0,-0.00012486856915326416,-7.538571403961474e-07,-1.7291086533973147e-11,1,"[0, 0, -0.01407777777777778, 0, 1.0, 0, 1]",7.61601133956781e-09
-0.013783333333333335,0,-0.0001248149292905788,-7.524244367626596e-07,-1.723031104036015e-11,1,"[0, 0, -0.013783333333333335, 0, 1.0, 0, 1]",7.593926678705937e-09
-0.01348888888888889,0,-0.00012476119679201073,-7.509925047403739e-07,-1.7169675509879788e-11,1,"[0, 0, -0.01348888888888889, 0, 1.0, 0, 1]",7.571879893568581e-09
-0.013194444444444446,0,-0.00012470737150947195,-7.495613448619032e-07,-1.7109179788437845e-11,1,"[0, 0, -0.013194444444444446, 0, 1.0, 0, 1]",7.549870961583201e-09
-0.012900000000000002,0,-0.00012465345329444992,-7.481309576610605e-07,-1.7048823721934214e-11,1,"[0, 0, -0.012900000000000002, 0, 1.0, 0, 1]",7.527899860174538e-09
-0.012605555555555557,0,-0.00012459944199800572,-7.467013436728639e-07,-1.6988607156262894e-11,1,"[0, 0, -0.012605555555555557, 0, 1.0, 0, 1]",7.505966566764588e-09
-0.012311111111111113,0,-0.00012454533747077224,-7.452725034335407e-07,-1.6928529937311934e-11,1,"[0, 0, -0.012311111111111113, 0, 1.0, 0, 1]",7.484071058772607e-09
-0.012016666666666669,0,-0.0001244911395629524,-7.43844437480531e-07,-1.68685919109634e-11,1,"[0, 0, -0.012016666666666669, 0, 1.0, 0, 1]",7.462213313615088e-09
-0.011722222222222224,0,-0.00012443684812431748,-7.424171463524934e-07,-1.6808792923093383e-11,1,"[0, 0, -0.011722222222222224, 0, 1.0, 0, 1]",7.440393308705769e-09
-0.01142777777777778,0,-0.00012438246300420475,-7.409906305893067e-07,-1.6749132819571843e-11,1,"[0, 0, -0.01142777777777778, 0, 1.0, 0, 1]",7.418611021455591e-09
-0.011133333333333335,0,-0.00012432798405151633,-7.395648907320772e-07,-1.6689611446262736e-11,1,"[0, 0, -0.011133333333333335, 0, 1.0, 0, 1]",7.396866429272723e-09
-0.010838888888888891,0,-0.0001242734111147171,-7.38139927323142e-07,-1.6630228649023913e-11,1,"[0, 0, -0.010838888888888891, 0, 1.0, 0, 1]",7.375159509562545e-09
-0.010544444444444447,0,-0.0001242187440418324,-7.367157409060716e-07,-1.6570984273707e-11,1,"[0, 0, -0.010544444444444447, 0, 1.0, 0, 1]",7.353490239727609e-09
-0.010250000000000002,0,-0.00012416398268044675,-7.352923320256764e-07,-1.65118781661575e-11,1,"[0, 0, -0.010250000000000002, 0, 1.0, 0, 1]",7.331858597167668e-09
-0.009955555555555558,0,-0.00012410912687770153,-7.338697012280104e-07,-1.6452910172214646e-11,1,"[0, 0, -0.009955555555555558, 0, 1.0, 0, 1]",7.310264559279633e-09
-0.009661111111111113,0,-0.00012405417648029345,-7.324478490603759e-07,-1.639408013771147e-11,1,"[0, 0, -0.009661111111111113, 0, 1.0, 0, 1]",7.288708103457588e-09
-0.009366666666666669,0,-0.00012399913133447242,-7.31026776071327e-07,-1.633538790847467e-11,1,"[0, 0, -0.009366666666666669, 0, 1.0, 0, 1]",7.26718920709277e-09
-0.009072222222222225,0,-0.0001239439912860396,-7.296064828106751e-07,-1.627683333032465e-11,1,"[0, 0, -0.009072222222222225, 0, 1.0, 0, 1]",7.245707847573551e-09
-0.00877777777777778,0,-0.00012388875618034567,-7.281869698294929e-07,-1.6218416249075427e-11,1,"[0, 0, -0.00877777777777778, 0, 1.0, 0, 1]",7.2242640022854476e-09
-0.008483333333333336,0,-0.00012383342586228855,-7.267682376801188e-07,-1.6160136510534624e-11,1,"[0, 0, -0.008483333333333336, 0, 1.0, 0, 1]",7.2028576486110795e-09
-0.008188888888888891,0,-0.000123778000176312,-7.25350286916162e-07,-1.6101993960503456e-11,1,"[0, 0, -0.008188888888888891, 0, 1.0, 0, 1]",7.181488763930199e-09
-0.007894444444444447,0,-0.000123722478966403,-7.239331180925064e-07,-1.6043988444776652e-11,1,"[0, 0, -0.007894444444444447, 0, 1.0, 0, 1]",7.1601573256196445e-09
-0.007600000000000003,0,-0.00012366686207609018,-7.225167317653148e-07,-1.598611980914241e-11,1,"[0, 0, -0.007600000000000003, 0, 1.0, 0, 1]",7.138863311053346e-09
-0.007305555555555558,0,-0.000123611149348442,-7.211011284920353e-07,-1.5928387899382452e-11,1,"[0, 0, -0.007305555555555558, 0, 1.0, 0, 1]",7.117606697602331e-09
-0.007011111111111114,0,-0.0001235553406260642,-7.196863088314041e-07,-1.5870792561271873e-11,1,"[0, 0, -0.007011111111111114, 0, 1.0, 0, 1]",7.096387462634674e-09
-0.006716666666666669,0,-0.00012349943575109821,-7.182722733434501e-07,-1.5813333640579158e-11,1,"[0, 0, -0.006716666666666669, 0, 1.0, 0, 1]",7.0752055835155194e-09
-0.006422222222222225,0,-0.00012344343456521906,-7.168590225895016e-07,-1.5756010983066172e-11,1,"[0, 0, -0.006422222222222225, 0, 1.0, 0, 1]",7.0540610376070645e-09
-0.006127777777777781,0,-0.00012338733690963336,-7.154465571321886e-07,-1.569882443448809e-11,1,"[0, 0, -0.006127777777777781, 0, 1.0, 0, 1]",7.032953802268544e-09
-0.005833333333333336,0,-0.00012333114262507705,-7.140348775354484e-07,-1.5641773840593333e-11,1,"[0, 0, -0.005833333333333336, 0, 1.0, 0, 1]",7.011883854856214e-09
-0.005538888888888892,0,-0.0001232748515518137,-7.126239843645315e-07,-1.5584859047123616e-11,1,"[0, 0, -0.005538888888888892, 0, 1.0, 0, 1]",6.990851172723357e-09
-0.005244444444444447,0,-0.00012321846352963202,-7.112138781860038e-07,-1.55280798998138e-11,1,"[0, 0, -0.005244444444444447, 0, 1.0, 0, 1]",6.969855733220251e-09
-0.004950000000000003,0,-0.00012316197839784418,-7.09804559567754e-07,-1.5471436244391964e-11,1,"[0, 0, -0.004950000000000003, 0, 1.0, 0, 1]",6.948897513694179e-09
-0.004655555555555559,0,-0.00012310539599528353,-7.083960290789967e-07,-1.541492792657929e-11,1,"[0, 0, -0.004655555555555559, 0, 1.0, 0, 1]",6.927976491489407e-09
-0.004361111111111114,0,-0.0001230487161603026,-7.069882872902782e-07,-1.5358554792090094e-11,1,"[0, 0, -0.004361111111111114, 0, 1.0, 0, 1]",6.907092643947183e-09
-0.00406666666666667,0,-0.00012299193873077055,-7.055813347734803e-07,-1.5302316686631683e-11,1,"[0, 0, -0.00406666666666667, 0, 1.0, 0, 1]",6.886245948405698e-09
-0.0037722222222222254,0,-0.0001229350635440719,-7.041751721018266e-07,-1.5246213455904453e-11,1,"[0, 0, -0.0037722222222222254, 0, 1.0, 0, 1]",6.865436382200123e-09
-0.003477777777777781,0,-0.00012287809043710356,-7.027697998498862e-07,-1.5190244945601757e-11,1,"[0, 0, -0.003477777777777781, 0, 1.0, 0, 1]",6.844663922662555e-09
-0.0031833333333333366,0,-0.00012282101924627304,-7.013652185935787e-07,-1.513441100140987e-11,1,"[0, 0, -0.0031833333333333366, 0, 1.0, 0, 1]",6.8239285471220236e-09
-0.0028888888888888922,0,-0.0001227638498074963,-6.999614289101798e-07,-1.5078711469008e-11,1,"[0, 0, -0.0028888888888888922, 0, 1.0, 0, 1]",6.8032302329044825e-09
-0.002594444444444448,0,-0.00012270658195619554,-6.985584313783263e-07,-1.502314619406823e-11,1,"[0, 0, -0.002594444444444448, 0, 1.0, 0, 1]",6.782568957332795e-09
-0.0023000000000000034,0,-0.000122649215527297,-6.971562265780202e-07,-1.4967715022255472e-11,1,"[0, 0, -0.0023000000000000034, 0, 1.0, 0, 1]",6.761944697726726e-09
-0.002005555555555559,0,-0.00012259175035522863,-6.957548150906344e-07,-1.4912417799227416e-11,1,"[0, 0, -0.002005555555555559, 0, 1.0, 0, 1]",6.7413574314029164e-09
-0.0017111111111111146,0,-0.00012253418627391813,-6.943541974989177e-07,-1.4857254370634525e-11,1,"[0, 0, -0.0017111111111111146, 0, 1.0, 0, 1]",6.720807135674896e-09
-0.0014166666666666702,0,-0.00012247652311679047,-6.929543743869998e-07,-1.4802224582119972e-11,1,"[0, 0, -0.0014166666666666702, 0, 1.0, 0, 1]",6.700293787853056e-09
-0.0011222222222222258,0,-0.00012241876071676598,-6.915553463403966e-07,-1.474732827931963e-11,1,"[0, 0, -0.0011222222222222258, 0, 1.0, 0, 1]",6.679817365244647e-09
-0.0008277777777777814,0,-0.0001223608989062576,-6.901571139460148e-07,-1.4692565307861997e-11,1,"[0, 0, -0.0008277777777777814, 0, 1.0, 0, 1]",6.659377845153756e-09
-0.000533333333333337,0,-0.00012230293751716898,-6.887596777921572e-07,-1.4637935513368158e-11,1,"[0, 0, -0.000533333333333337, 0, 1.0, 0, 1]",6.6389752048813014e-09
-0.00023888888888889265,0,-0.0001222448763808922,-6.873630384685286e-07,-1.458343874145179e-11,1,"[0, 0, -0.00023888888888889265, 0, 1.0, 0, 1]",6.618609421725033e-09
5.555555555555175e-05,0,-0.0001221867153283053,-6.859671965662403e-07,-1.4529074837719103e-11,1,"[0, 0, 5.555555555555175e-05, 0, 1.0, 0, 1]",6.598280472979501e-09
0.00034999999999999615,0,-0.00012212845418977002,-6.845721526778152e-07,-1.4474843647768758e-11,1,"[0, 0, 0.00034999999999999615, 0, 1.0, 0, 1]",6.577988335936053e-09
0.0006444444444444405,0,-0.00012207009279512955,-6.831779073971935e-07,-1.442074501719189e-11,1,"[0, 0, 0.0006444444444444405, 0, 1.0, 0, 1]",6.5577329878828355e-09
0.0009388888888888849,0,-0.00012201163097370614,-6.817844613197381e-07,-1.4366778791572044e-11,1,"[0, 0, 0.0009388888888888849, 0, 1.0, 0, 1]",6.537514406104761e-09
0.0012333333333333293,0,-0.00012195306855429873,-6.803918150422393e-07,-1.4312944816485122e-11,1,"[0, 0, 0.0012333333333333293, 0, 1.0, 0, 1]",6.51733256788351e-09
0.0015277777777777737,0,-0.00012189440536518064,-6.789999691629207e-07,-1.4259242937499366e-11,1,"[0, 0, 0.0015277777777777737, 0, 1.0, 0, 1]",6.497187450497516e-09
0.0018222222222222181,0,-0.00012183564123409711,-6.776089242814443e-07,-1.4205673000175304e-11,1,"[0, 0, 0.0018222222222222181, 0, 1.0, 0, 1]",6.4770790312219515e-09
0.0021166666666666625,0,-0.00012177677598826306,-6.762186809989161e-07,-1.4152234850065722e-11,1,"[0, 0, 0.0021166666666666625, 0, 1.0, 0, 1]",6.4570072873287264e-09
0.002411111111111107,0,-0.00012171780945436046,-6.74829239917891e-07,-1.4098928332715609e-11,1,"[0, 0, 0.002411111111111107, 0, 1.0, 0, 1]",6.436972196086464e-09
0.0027055555555555513,0,-0.00012165874145853601,-6.734406016423791e-07,-1.4045753293662123e-11,1,"[0, 0, 0.0027055555555555513, 0, 1.0, 0, 1]",6.4169737347604954e-09
0.0029999999999999957,0,-0.00012159957182639881,-6.720527667778503e-07,-1.3992709578434566e-11,1,"[0, 0, 0.0029999999999999957, 0, 1.0, 0, 1]",6.397011880612845e-09
0.00329444444444444,0,-0.0001215403003830178,-6.706657359312409e-07,-1.3939797032554334e-11,1,"[0, 0, 0.00329444444444444, 0, 1.0, 0, 1]",6.3770866109022315e-09
0.0035888888888888845,0,-0.00012148092695291924,-6.692795097109577e-07,-1.3887015501534857e-11,1,"[0, 0, 0.0035888888888888845, 0, 1.0, 0, 1]",6.357197902884037e-09
0.003883333333333329,0,-0.00012142145136008422,-6.678940887268845e-07,-1.3834364830881573e-11,1,"[0, 0, 0.003883333333333329, 0, 1.0, 0, 1]",6.337345733810296e-09
0.004177777777777773,0,-0.00012136187342794652,-6.665094735903883e-07,-1.3781844866091927e-11,1,"[0, 0, 0.004177777777777773, 0, 1.0, 0, 1]",6.3175300809297164e-09
0.004472222222222218,0,-0.00012130219297938955,-6.651256649143232e-07,-1.3729455452655261e-11,1,"[0, 0, 0.004472222222222218, 0, 1.0, 0, 1]",6.297750921487626e-09
0.004766666666666662,0,-0.00012124240983674407,-6.637426633130373e-07,-1.3677196436052801e-11,1,"[0, 0, 0.004766666666666662, 0, 1.0, 0, 1]",6.278008232725974e-09
0.0050611111111111065,0,-0.0001211825238217859,-6.623604694023786e-07,-1.3625067661757658e-11,1,"[0, 0, 0.0050611111111111065, 0, 1.0, 0, 1]",6.258301991883344e-09
0.005355555555555551,0,-0.00012112253475573284,-6.609790837996995e-07,-1.3573068975234709e-11,1,"[0, 0, 0.005355555555555551, 0, 1.0, 0, 1]",6.238632176194897e-09
0.005649999999999995,0,-0.00012106244245924256,-6.595985071238637e-07,-1.352120022194062e-11,1,"[0, 0, 0.005649999999999995, 0, 1.0, 0, 1]",6.2189987628924e-09
0.00594444444444444,0,-0.0001210022467524097,-6.582187399952515e-07,-1.3469461247323776e-11,1,"[0, 0, 0.00594444444444444, 0, 1.0, 0, 1]",6.199401729204188e-09
0.006238888888888884,0,-0.00012094194745476354,-6.568397830357657e-07,-1.3417851896824248e-11,1,"[0, 0, 0.006238888888888884, 0, 1.0, 0, 1]",6.179841052355175e-09
0.0065333333333333354,0,-0.0001208815443852651,-6.55461636868837e-07,-1.3366372015873747e-11,1,"[0, 0, 0.0065333333333333354, 0, 1.0, 0, 1]",6.160316709566814e-09
0.00682777777777778,0,-0.00012082103736230466,-6.54084302119431e-07,-1.331502144989559e-11,1,"[0, 0, 0.00682777777777778, 0, 1.0, 0, 1]",6.1408286780571104e-09
0.007122222222222224,0,-0.00012076042620369907,-6.527077794140526e-07,-1.3263800044304636e-11,1,"[0, 0, 0.007122222222222224, 0, 1.0, 0, 1]",6.121376935040593e-09
0.007416666666666669,0,-0.00012069971072668916,-6.513320693807534e-07,-1.3212707644507283e-11,1,"[0, 0, 0.007416666666666669, 0, 1.0, 0, 1]",6.101961457728318e-09
0.007711111111111113,0,-0.0001206388907479367,-6.499571726491359e-07,-1.3161744095901367e-11,1,"[0, 0, 0.007711111111111113, 0, 1.0, 0, 1]",6.082582223327825e-09
0.008005555555555557,0,-0.00012057796608352239,-6.485830898503618e-07,-1.3110909243876206e-11,1,"[0, 0, 0.008005555555555557, 0, 1.0, 0, 1]",6.0632392090431764e-09
0.008300000000000002,0,-0.00012051693654894236,-6.472098216171561e-07,-1.3060202933812475e-11,1,"[0, 0, 0.008300000000000002, 0, 1.0, 0, 1]",6.043932392074894e-09
0.008594444444444446,0,-0.00012045580195910596,-6.458373685838139e-07,-1.3009625011082198e-11,1,"[0, 0, 0.008594444444444446, 0, 1.0, 0, 1]",6.0246617496199766e-09
0.00888888888888889,0,-0.00012039456212833284,-6.444657313862066e-07,-1.2959175321048716e-11,1,"[0, 0, 0.00888888888888889, 0, 1.0, 0, 1]",6.0054272588718805e-09
0.009183333333333335,0,-0.00012033321687035,-6.430949106617875e-07,-1.2908853709066612e-11,1,"[0, 0, 0.009183333333333335, 0, 1.0, 0, 1]",5.986228897020497e-09
0.00947777777777778,0,-0.00012027176599828934,-6.417249070495985e-07,-1.28586600204817e-11,1,"[0, 0, 0.00947777777777778, 0, 1.0, 0, 1]",5.967066641252155e-09
0.009772222222222224,0,-0.00012021020932468466,-6.403557211902766e-07,-1.2808594100630985e-11,1,"[0, 0, 0.009772222222222224, 0, 1.0, 0, 1]",5.94794046874961e-09
0.010066666666666668,0,-0.00012014854666146875,-6.389873537260585e-07,-1.2758655794842564e-11,1,"[0, 0, 0.010066666666666668, 0, 1.0, 0, 1]",5.928850356692008e-09
0.010361111111111113,0,-0.00012008677781997087,-6.376198053007895e-07,-1.270884494843568e-11,1,"[0, 0, 0.010361111111111113, 0, 1.0, 0, 1]",5.9097962822549055e-09
0.010655555555555557,0,-0.00012002490261091342,-6.362530765599269e-07,-1.2659161406720562e-11,1,"[0, 0, 0.010655555555555557, 0, 1.0, 0, 1]",5.890778222610229e-09
0.010950000000000001,0,-0.00011996292084440947,-6.348871681505483e-07,-1.2609605014998481e-11,1,"[0, 0, 0.010950000000000001, 0, 1.0, 0, 1]",5.871796154926277e-09
0.011244444444444446,0,-0.00011990083232995972,-6.335220807213576e-07,-1.256017561856166e-11,1,"[0, 0, 0.011244444444444446, 0, 1.0, 0, 1]",5.852850056367706e-09
0.01153888888888889,0,-0.00011983863687644946,-6.321578149226906e-07,-1.2510873062693216e-11,1,"[0, 0, 0.01153888888888889, 0, 1.0, 0, 1]",5.833939904095514e-09
0.011833333333333335,0,-0.00011977633429214579,-6.307943714065222e-07,-1.246169719266715e-11,1,"[0, 0, 0.011833333333333335, 0, 1.0, 0, 1]",5.8150656752670306e-09
0.012127777777777779,0,-0.00011971392438469472,-6.294317508264732e-07,-1.2412647853748302e-11,1,"[0, 0, 0.012127777777777779, 0, 1.0, 0, 1]",5.7962273470359024e-09
0.012422222222222223,0,-0.00011965140696111808,-6.280699538378155e-07,-1.2363724891192278e-11,1,"[0, 0, 0.012422222222222223, 0, 1.0, 0, 1]",5.777424896552087e-09
0.012716666666666668,0,-0.00011958878182781045,-6.267089810974797e-07,-1.2314928150245421e-11,1,"[0, 0, 0.012716666666666668, 0, 1.0, 0, 1]",5.7586583009618265e-09
0.013011111111111112,0,-0.0001195260487905363,-6.253488332640612e-07,-1.2266257476144762e-11,1,"[0, 0, 0.013011111111111112, 0, 1.0, 0, 1]",5.739927537407641e-09
0.013305555555555557,0,-0.00011946320765442705,-6.239895109978275e-07,-1.2217712714117998e-11,1,"[0, 0, 0.013305555555555557, 0, 1.0, 0, 1]",5.7212325830283285e-09
0.013600000000000001,0,-0.00011940025822397778,-6.226310149607239e-07,-1.216929370938342e-11,1,"[0, 0, 0.013600000000000001, 0, 1.0, 0, 1]",5.702573414958934e-09
0.013894444444444445,0,-0.00011933720030304422,-6.212733458163803e-07,-1.2121000307149857e-11,1,"[0, 0, 0.013894444444444445, 0, 1.0, 0, 1]",5.683950010330735e-09
0.01418888888888889,0,-0.00011927403369483986,-6.199165042301189e-07,-1.2072832352616681e-11,1,"[0, 0, 0.01418888888888889, 0, 1.0, 0, 1]",5.6653623462712504e-09
0.014483333333333334,0,-0.0001192107582019326,-6.185604908689599e-07,-1.2024789690973715e-11,1,"[0, 0, 0.014483333333333334, 0, 1.0, 0, 1]",5.646810399904206e-09
0.014777777777777779,0,-0.00011914737362624182,-6.172053064016287e-07,-1.19768721674012e-11,1,"[0, 0, 0.014777777777777779, 0, 1.0, 0, 1]",5.628294148349528e-09
0.015072222222222223,0,-0.00011908387976903502,-6.158509514985627e-07,-1.1929079627069761e-11,1,"[0, 0, 0.015072222222222223, 0, 1.0, 0, 1]",5.60981356872333e-09
0.015366666666666667,0,-0.00011902027643092498,-6.144974268319183e-07,-1.1881411915140351e-11,1,"[0, 0, 0.015366666666666667, 0, 1.0, 0, 1]",5.59136863813791e-09
0.015661111111111112,0,-0.00011895656341186613,-6.131447330755774e-07,-1.1833868876764201e-11,1,"[0, 0, 0.015661111111111112, 0, 1.0, 0, 1]",5.572959333701715e-09
0.015955555555555556,0,-0.00011889274051115173,-6.11792870905155e-07,-1.178645035708278e-11,1,"[0, 0, 0.015955555555555556, 0, 1.0, 0, 1]",5.554585632519348e-09
0.01625,0,-0.00011882880752741051,-6.104418409980054e-07,-1.1739156201227761e-11,1,"[0, 0, 0.01625, 0, 1.0, 0, 1]",5.536247511691543e-09
0.016544444444444445,0,-0.00011876476425860325,-6.090916440332298e-07,-1.1691986254320935e-11,1,"[0, 0, 0.016544444444444445, 0, 1.0, 0, 1]",5.517944948315152e-09
0.01683888888888889,0,-0.00011870061050201985,-6.077422806916835e-07,-1.1644940361474218e-11,1,"[0, 0, 0.01683888888888889, 0, 1.0, 0, 1]",5.499677919483145e-09
0.017133333333333334,0,-0.00011863634605427583,-6.063937516559823e-07,-1.159801836778957e-11,1,"[0, 0, 0.017133333333333334, 0, 1.0, 0, 1]",5.481446402284583e-09
0.017427777777777778,0,-0.00011857197071130883,-6.050460576105099e-07,-1.1551220118358933e-11,1,"[0, 0, 0.017427777777777778, 0, 1.0, 0, 1]",5.463250373804596e-09
0.017722222222222223,0,-0.00011850748426837582,-6.036991992414258e-07,-1.150454545826424e-11,1,"[0, 0, 0.017722222222222223, 0, 1.0, 0, 1]",5.445089811124401e-09
0.018016666666666667,0,-0.00011844288652004906,-6.023531772366713e-07,-1.14579942325773e-11,1,"[0, 0, 0.018016666666666667, 0, 1.0, 0, 1]",5.426964691321251e-09
0.01831111111111111,0,-0.00011837817726021341,-6.01007992285978e-07,-1.1411566286359816e-11,1,"[0, 0, 0.01831111111111111, 0, 1.0, 0, 1]",5.408874991468453e-09
0.018605555555555556,0,-0.00011831335628206227,-5.99663645080874e-07,-1.136526146466327e-11,1,"[0, 0, 0.018605555555555556, 0, 1.0, 0, 1]",5.390820688635325e-09
0.0189,0,-0.00011824842337809476,-5.98320136314692e-07,-1.1319079612528944e-11,1,"[0, 0, 0.0189, 0, 1.0, 0, 1]",5.372801759887216e-09
0.019194444444444445,0,-0.00011818337834011178,-5.969774666825764e-07,-1.1273020574987814e-11,1,"[0, 0, 0.019194444444444445, 0, 1.0, 0, 1]",5.354818182285456e-09
0.01948888888888889,0,-0.00011811822095921289,-5.956356368814909e-07,-1.1227084197060542e-11,1,"[0, 0, 0.01948888888888889, 0, 1.0, 0, 1]",5.336869932887373e-09
0.019783333333333333,0,-0.00011805295102579266,-5.942946476102258e-07,-1.1181270323757403e-11,1,"[0, 0, 0.019783333333333333, 0, 1.0, 0, 1]",5.318956988746261e-09
0.020077777777777778,0,-0.00011798756832953704,-5.929544995694052e-07,-1.1135578800078237e-11,1,"[0, 0, 0.020077777777777778, 0, 1.0, 0, 1]",5.301079326911363e-09
0.020372222222222222,0,-0.0001179220726594202,-5.916151934614955e-07,-1.1090009471012431e-11,1,"[0, 0, 0.020372222222222222, 0, 1.0, 0, 1]",5.2832369244278804e-09
0.020666666666666667,0,-0.00011785646380370058,-5.90276729990812e-07,-1.1044562181538833e-11,1,"[0, 0, 0.020666666666666667, 0, 1.0, 0, 1]",5.265429758336934e-09
0.02096111111111111,0,-0.00011779074154991745,-5.889391098635272e-07,-1.0999236776625716e-11,1,"[0, 0, 0.02096111111111111, 0, 1.0, 0, 1]",5.247657805675561e-09
0.021255555555555555,0,-0.00011772490568488736,-5.87602333787678e-07,-1.0954033101230729e-11,1,"[0, 0, 0.021255555555555555, 0, 1.0, 0, 1]",5.2299210434766965e-09
0.02155,0,-0.00011765895599470047,-5.86266402473174e-07,-1.0908951000300867e-11,1,"[0, 0, 0.02155, 0, 1.0, 0, 1]",5.2122194487691696e-09
0.021844444444444444,0,-0.0001175928922647168,-5.849313166318047e-07,-1.086399031877238e-11,1,"[0, 0, 0.021844444444444444, 0, 1.0, 0, 1]",5.194552998577674e-09
0.02213888888888889,0,-0.00011752671427956276,-5.835970769772478e-07,-1.0819150901570762e-11,1,"[0, 0, 0.02213888888888889, 0, 1.0, 0, 1]",5.176921669922768e-09
0.022433333333333333,0,-0.00011746042182312713,-5.822636842250767e-07,-1.0774432593610674e-11,1,"[0, 0, 0.022433333333333333, 0, 1.0, 0, 1]",5.159325439820845e-09
0.022727777777777777,0,-0.00011739401467855773,-5.809311390927687e-07,-1.0729835239795929e-11,1,"[0, 0, 0.022727777777777777, 0, 1.0, 0, 1]",5.141764285284141e-09
0.02302222222222222,0,-0.00011732749262825726,-5.795994422997127e-07,-1.0685358685019383e-11,1,"[0, 0, 0.02302222222222222, 0, 1.0, 0, 1]",5.124238183320692e-09
0.023316666666666666,0,-0.00011726085545387976,-5.782685945672171e-07,-1.0641002774162946e-11,1,"[0, 0, 0.023316666666666666, 0, 1.0, 0, 1]",5.106747110934342e-09
0.02361111111111111,0,-0.00011719410293632685,-5.769385966185188e-07,-1.0596767352097498e-11,1,"[0, 0, 0.02361111111111111, 0, 1.0, 0, 1]",5.089291045124725e-09
0.023905555555555555,0,-0.00011712723485574364,-5.756094491787898e-07,-1.0552652263682846e-11,1,"[0, 0, 0.023905555555555555, 0, 1.0, 0, 1]",5.071869962887237e-09
0.0242,0,-0.00011706025099151518,-5.742811529751468e-07,-1.0508657353767675e-11,1,"[0, 0, 0.0242, 0, 1.0, 0, 1]",5.054483841213039e-09
0.024494444444444444,0,-0.00011699315112226236,-5.729537087366583e-07,-1.0464782467189496e-11,1,"[0, 0, 0.024494444444444444, 0, 1.0, 0, 1]",5.037132657089033e-09
0.024788888888888888,0,-0.00011692593502583797,-5.71627117194353e-07,-1.0421027448774574e-11,1,"[0, 0, 0.024788888888888888, 0, 1.0, 0, 1]",5.019816387497839e-09
0.025083333333333332,0,-0.00011685860247932302,-5.703013790812293e-07,-1.0377392143337922e-11,1,"[0, 0, 0.025083333333333332, 0, 1.0, 0, 1]",5.002535009417801e-09
0.025377777777777777,0,-0.00011679115325902258,-5.689764951322619e-07,-1.0333876395683214e-11,1,"[0, 0, 0.025377777777777777, 0, 1.0, 0, 1]",4.9852884998229625e-09
0.02567222222222222,0,-0.0001167235871404617,-5.676524660844111e-07,-1.0290480050602729e-11,1,"[0, 0, 0.02567222222222222, 0, 1.0, 0, 1]",4.968076835683035e-09
0.025966666666666666,0,-0.00011665590389838165,-5.663292926766313e-07,-1.0247202952877325e-11,1,"[0, 0, 0.025966666666666666, 0, 1.0, 0, 1]",4.950899993963411e-09
0.02626111111111111,0,-0.00011658810330673573,-5.650069756498795e-07,-1.0204044947276374e-11,1,"[0, 0, 0.02626111111111111, 0, 1.0, 0, 1]",4.933757951625136e-09
0.026555555555555554,0,-0.00011652018513868505,-5.636855157471228e-07,-1.0161005878557694e-11,1,"[0, 0, 0.026555555555555554, 0, 1.0, 0, 1]",4.916650685624883e-09
0.02685,0,-0.00011645214916659485,-5.623649137133489e-07,-1.0118085591467528e-11,1,"[0, 0, 0.02685, 0, 1.0, 0, 1]",4.899578172914962e-09
0.027144444444444443,0,-0.00011638399516202986,-5.610451702955732e-07,-1.0075283930740473e-11,1,"[0, 0, 0.027144444444444443, 0, 1.0, 0, 1]",4.8825403904432835e-09
0.027438888888888888,0,-0.00011631572289575054,-5.597262862428477e-07,-1.0032600741099416e-11,1,"[0, 0, 0.027438888888888888, 0, 1.0, 0, 1]",4.865537315153349e-09
0.027733333333333332,0,-0.00011624733213770859,-5.584082623062703e-07,-9.990035867255489e-12,1,"[0, 0, 0.027733333333333332, 0, 1.0, 0, 1]",4.848568923984237e-09
0.028027777777777776,0,-0.00011617882265704319,-5.570910992389937e-07,-9.947589153908058e-12,1,"[0, 0, 0.028027777777777776, 0, 1.0, 0, 1]",4.831635193870604e-09
0.02832222222222222,0,-0.00011611019422207608,-5.55774797796233e-07,-9.905260445744578e-12,1,"[0, 0, 0.02832222222222222, 0, 1.0, 0, 1]",4.814736101742632e-09
0.028616666666666665,0,-0.00011604144660030786,-5.544593587352761e-07,-9.863049587440627e-12,1,"[0, 0, 0.028616666666666665, 0, 1.0, 0, 1]",4.797871624526044e-09
0.02891111111111111,0,-0.00011597257955841342,-5.531447828154916e-07,-9.8209564236598e-12,1,"[0, 0, 0.02891111111111111, 0, 1.0, 0, 1]",4.781041739142081e-09
0.029205555555555554,0,-0.00011590359286223773,-5.518310707983386e-07,-9.77898079905368e-12,1,"[0, 0, 0.029205555555555554, 0, 1.0, 0, 1]",4.7642464225074815e-09
0.0295,0,-0.00011583448627679139,-5.505182234473754e-07,-9.737122558261783e-12,1,"[0, 0, 0.0295, 0, 1.0, 0, 1]",4.747485651534477e-09
0.029794444444444443,0,-0.00011576525956624622,-5.49206241528268e-07,-9.695381545911468e-12,1,"[0, 0, 0.029794444444444443, 0, 1.0, 0, 1]",4.730759403130755e-09
0.030088888888888887,0,-0.00011569591249393092,-5.478951258088005e-07,-9.653757606617936e-12,1,"[0, 0, 0.030088888888888887, 0, 1.0, 0, 1]",4.7140676541994695e-09
0.03038333333333333,0,-0.00011562644482232651,-5.465848770588833e-07,-9.61225058498413e-12,1,"[0, 0, 0.03038333333333333, 0, 1.0, 0, 1]",4.697410381639205e-09
0.030677777777777776,0,-0.00011555685631306194,-5.45275496050563e-07,-9.570860325600711e-12,1,"[0, 0, 0.030677777777777776, 0, 1.0, 0, 1]",4.680787562343972e-09
0.03097222222222222,0,-0.00011548714672690961,-5.439669835580316e-07,-9.529586673045986e-12,1,"[0, 0, 0.03097222222222222, 0, 1.0, 0, 1]",4.664199173203193e-09
0.031266666666666665,0,-0.00011541731582378059,-5.426593403576356e-07,-9.48842947188585e-12,1,"[0, 0, 0.031266666666666665, 0, 1.0, 0, 1]",4.64764519110167e-09
0.03156111111111111,0,-0.00011534736336272034,-5.41352567227886e-07,-9.44738856667375e-12,1,"[0, 0, 0.03156111111111111, 0, 1.0, 0, 1]",4.631125592919592e-09
0.031855555555555554,0,-0.00011527728910190371,-5.400466649494665e-07,-9.406463801950578e-12,1,"[0, 0, 0.031855555555555554, 0, 1.0, 0, 1]",4.614640355532494e-09
0.03215,0,-0.00011520709279863084,-5.387416343052455e-07,-9.365655022244702e-12,1,"[0, 0, 0.03215, 0, 1.0, 0, 1]",4.598189455811269e-09
0.03244444444444444,0,-0.00011513677420932194,-5.374374760802836e-07,-9.32496207207183e-12,1,"[0, 0, 0.03244444444444444, 0, 1.0, 0, 1]",4.581772870622129e-09
0.03273888888888889,0,-0.00011506633308951288,-5.361341910618437e-07,-9.28438479593498e-12,1,"[0, 0, 0.03273888888888889, 0, 1.0, 0, 1]",4.565390576826598e-09
0.03303333333333333,0,-0.00011499576919385021,-5.348317800394009e-07,-9.243923038324417e-12,1,"[0, 0, 0.03303333333333333, 0, 1.0, 0, 1]",4.549042551281489e-09
0.033327777777777776,0,-0.00011492508227608686,-5.335302438046536e-07,-9.203576643717642e-12,1,"[0, 0, 0.033327777777777776, 0, 1.0, 0, 1]",4.53272877083891e-09
0.03362222222222222,0,-0.00011485427208907665,-5.322295831515308e-07,-9.163345456579245e-12,1,"[0, 0, 0.03362222222222222, 0, 1.0, 0, 1]",4.516449212346213e-09
0.033916666666666664,0,-0.00011478333838477001,-5.309297988762045e-07,-9.123229321360945e-12,1,"[0, 0, 0.033916666666666664, 0, 1.0, 0, 1]",4.500203852646009e-09
0.03421111111111111,0,-0.00011471228091420869,-5.296308917770977e-07,-9.083228082501445e-12,1,"[0, 0, 0.03421111111111111, 0, 1.0, 0, 1]",4.48399266857613e-09
0.03450555555555555,0,-0.00011464109942752119,-5.28332862654896e-07,-9.04334158442644e-12,1,"[0, 0, 0.03450555555555555, 0, 1.0, 0, 1]",4.467815636969627e-09
0.0348,0,-0.00011456979367391753,-5.27035712312557e-07,-9.003569671548527e-12,1,"[0, 0, 0.0348, 0, 1.0, 0, 1]",4.451672734654746e-09
0.03509444444444444,0,-0.0001144983634016845,-5.257394415553207e-07,-8.963912188267159e-12,1,"[0, 0, 0.03509444444444444, 0, 1.0, 0, 1]",4.4355639384549185e-09
0.035388888888888886,0,-0.00011442680835818016,-5.244440511907188e-07,-8.92436897896855e-12,1,"[0, 0, 0.035388888888888886, 0, 1.0, 0, 1]",4.419489225188723e-09
0.03568333333333333,0,-0.00011435512828982947,-5.231495420285869e-07,-8.884939888025676e-12,1,"[0, 0, 0.03568333333333333, 0, 1.0, 0, 1]",4.403448571669902e-09
0.035977777777777775,0,-0.00011428332294211869,-5.218559148810731e-07,-8.845624759798179e-12,1,"[0, 0, 0.035977777777777775, 0, 1.0, 0, 1]",4.387441954707322e-09
0.03627222222222222,0,-0.00011421139205959035,-5.205631705626494e-07,-8.806423438632307e-12,1,"[0, 0, 0.03627222222222222, 0, 1.0, 0, 1]",4.371469351104961e-09
0.036566666666666664,0,-0.00011413933538583813,-5.192713098901217e-07,-8.767335768860851e-12,1,"[0, 0, 0.036566666666666664, 0, 1.0, 0, 1]",4.355530737661895e-09
0.03686111111111111,0,-0.00011406715266350177,-5.179803336826411e-07,-8.72836159480313e-12,1,"[0, 0, 0.03686111111111111, 0, 1.0, 0, 1]",4.339626091172285e-09
0.03715555555555555,0,-0.00011399484363426136,-5.166902427617133e-07,-8.689500760764848e-12,1,"[0, 0, 0.03715555555555555, 0, 1.0, 0, 1]",4.323755388425342e-09
0.03745,0,-0.00011392240803883274,-5.154010379512106e-07,-8.650753111038123e-12,1,"[0, 0, 0.03745, 0, 1.0, 0, 1]",4.307918606205338e-09
0.03774444444444444,0,-0.00011384984561696149,-5.141127200773819e-07,-8.612118489901354e-12,1,"[0, 0, 0.03774444444444444, 0, 1.0, 0, 1]",4.292115721291558e-09
0.038038888888888886,0,-0.00011377715610741811,-5.12825289968864e-07,-8.573596741619214e-12,1,"[0, 0, 0.038038888888888886, 0, 1.0, 0, 1]",4.276346710458312e-09
0.03833333333333333,0,-0.0001137043392479922,-5.115387484566915e-07,-8.535187710442543e-12,1,"[0, 0, 0.03833333333333333, 0, 1.0, 0, 1]",4.260611550474895e-09
0.038627777777777775,0,-0.00011363139477548724,-5.102530963743093e-07,-8.496891240608314e-12,1,"[0, 0, 0.038627777777777775, 0, 1.0, 0, 1]",4.244910218105578e-09
0.03892222222222222,0,-0.00011355832242571524,-5.089683345575827e-07,-8.458707176339587e-12,1,"[0, 0, 0.03892222222222222, 0, 1.0, 0, 1]",4.2292426901096055e-09
0.039216666666666664,0,-0.00011348512193349077,-5.076844638448085e-07,-8.420635361845403e-12,1,"[0, 0, 0.039216666666666664, 0, 1.0, 0, 1]",4.213608943241148e-09
0.03951111111111111,0,-0.00011341179303262578,-5.064014850767266e-07,-8.382675641320747e-12,1,"[0, 0, 0.03951111111111111, 0, 1.0, 0, 1]",4.198008954249306e-09
0.03980555555555555,0,-0.00011333833545592388,-5.051193990965307e-07,-8.34482785894649e-12,1,"[0, 0, 0.03980555555555555, 0, 1.0, 0, 1]",4.182442699878091e-09
0.0401,0,-0.00011326474893517467,-5.038382067498804e-07,-8.307091858889322e-12,1,"[0, 0, 0.0401, 0, 1.0, 0, 1]",4.166910156866401e-09
0.04039444444444444,0,-0.00011319103320114804,-5.025579088849121e-07,-8.26946748530168e-12,1,"[0, 0, 0.04039444444444444, 0, 1.0, 0, 1]",4.151411301948006e-09
0.040688888888888886,0,-0.0001131171879835884,-5.0127850635225e-07,-8.231954582321686e-12,1,"[0, 0, 0.040688888888888886, 0, 1.0, 0, 1]",4.13594611185153e-09
0.04098333333333333,0,-0.00011304321301120905,-5.00000000005019e-07,-8.194552994073102e-12,1,"[0, 0, 0.04098333333333333, 0, 1.0, 0, 1]",4.120514563300434e-09
0.041277777777777774,0,-0.00011296910801168626,-4.98722390698855e-07,-8.157262564665247e-12,1,"[0, 0, 0.041277777777777774, 0, 1.0, 0, 1]",4.105116633012999e-09
0.04157222222222222,0,-0.00011289487271165336,-4.974456792919175e-07,-8.120083138192942e-12,1,"[0, 0, 0.04157222222222222, 0, 1.0, 0, 1]",4.089752297702307e-09
0.04186666666666666,0,-0.00011282050683669496,-4.96169866644901e-07,-8.083014558736442e-12,1,"[0, 0, 0.04186666666666666, 0, 1.0, 0, 1]",4.0744215340762225e-09
0.04216111111111111,0,-0.00011274601011134073,-4.948949536210464e-07,-8.04605667036136e-12,1,"[0, 0, 0.04216111111111111, 0, 1.0, 0, 1]",4.059124318837369e-09
0.04245555555555555,0,-0.00011267138225905985,-4.93620941086154e-07,-8.009209317118634e-12,1,"[0, 0, 0.04245555555555555, 0, 1.0, 0, 1]",4.043860628683129e-09
0.042749999999999996,0,-0.00011259662300225461,-4.923478299085949e-07,-7.97247234304444e-12,1,"[0, 0, 0.042749999999999996, 0, 1.0, 0, 1]",4.028630440305604e-09
0.04304444444444444,0,-0.00011252173206225432,-4.910756209593226e-07,-7.935845592160114e-12,1,"[0, 0, 0.04304444444444444, 0, 1.0, 0, 1]",4.013433730391607e-09
0.043338888888888885,0,-0.0001124467091593095,-4.898043151118863e-07,-7.899328908472113e-12,1,"[0, 0, 0.043338888888888885, 0, 1.0, 0, 1]",3.9982704756226505e-09
0.04363333333333333,0,-0.00011237155401258525,-4.885339132424423e-07,-7.86292213597194e-12,1,"[0, 0, 0.04363333333333333, 0, 1.0, 0, 1]",3.98314065267491e-09
0.043927777777777774,0,-0.00011229626634015545,-4.872644162297664e-07,-7.826625118636071e-12,1,"[0, 0, 0.043927777777777774, 0, 1.0, 0, 1]",3.968044238219227e-09
0.04422222222222222,0,-0.00011222084585899612,-4.859958249552667e-07,-7.790437700425884e-12,1,"[0, 0, 0.04422222222222222, 0, 1.0, 0, 1]",3.9529812089210715e-09
0.04451666666666666,0,-0.00011214529228497937,-4.847281403029959e-07,-7.754359725287618e-12,1,"[0, 0, 0.04451666666666666, 0, 1.0, 0, 1]",3.937951541440536e-09
0.04481111111111111,0,-0.00011206960533286696,-4.83461363159664e-07,-7.718391037152288e-12,1,"[0, 0, 0.04481111111111111, 0, 1.0, 0, 1]",3.9229552124323166e-09
0.04510555555555555,0,-0.00011199378471630373,-4.821954944146503e-07,-7.682531479935604e-12,1,"[0, 0, 0.04510555555555555, 0, 1.0, 0, 1]",3.9079921985456835e-09
0.045399999999999996,0,-0.00011191783014781132,-4.809305349600173e-07,-7.646780897537931e-12,1,"[0, 0, 0.045399999999999996, 0, 1.0, 0, 1]",3.893062476424474e-09
0.04569444444444444,0,-0.00011184174133878165,-4.796664856905228e-07,-7.611139133844214e-12,1,"[0, 0, 0.04569444444444444, 0, 1.0, 0, 1]",3.878166022707071e-09
0.045988888888888885,0,-0.0001117655179994701,-4.784033475036324e-07,-7.575606032723888e-12,1,"[0, 0, 0.045988888888888885, 0, 1.0, 0, 1]",3.8633028140263744e-09
0.04628333333333333,0,-0.00011168915983898923,-4.771411212995338e-07,-7.540181438030844e-12,1,"[0, 0, 0.04628333333333333, 0, 1.0, 0, 1]",3.848472827009801e-09
0.046577777777777774,0,-0.00011161266656530186,-4.7587980798114837e-07,-7.504865193603326e-12,1,"[0, 0, 0.046577777777777774, 0, 1.0, 0, 1]",3.833676038279244e-09
0.04687222222222222,0,-0.00011153603788521444,-4.746194084541456e-07,-7.469657143263886e-12,1,"[0, 0, 0.04687222222222222, 0, 1.0, 0, 1]",3.818912424451072e-09
0.04716666666666666,0,-0.00011145927350437041,-4.733599236269559e-07,-7.434557130819319e-12,1,"[0, 0, 0.04716666666666666, 0, 1.0, 0, 1]",3.804181962136102e-09
0.04746111111111111,0,-0.00011138237312724298,-4.721013544107832e-07,-7.399565000060555e-12,1,"[0, 0, 0.04746111111111111, 0, 1.0, 0, 1]",3.789484627939573e-09
0.04775555555555555,0,-0.00011130533645712877,-4.7084370171962e-07,-7.364680594762641e-12,1,"[0, 0, 0.04775555555555555, 0, 1.0, 0, 1]",3.774820398461144e-09
0.048049999999999995,0,-0.00011122816319614047,-4.695869664702596e-07,-7.329903758684637e-12,1,"[0, 0, 0.048049999999999995, 0, 1.0, 0, 1]",3.760189250294862e-09
0.04834444444444444,0,-0.00011115085304520005,-4.683311495823101e-07,-7.295234335569552e-12,1,"[0, 0, 0.04834444444444444, 0, 1.0, 0, 1]",3.7455911600291435e-09
0.048638888888888884,0,-0.00011107340570403154,-4.6707625197820805e-07,-7.260672169144269e-12,1,"[0, 0, 0.048638888888888884, 0, 1.0, 0, 1]",3.7310261042467565e-09
0.04893333333333333,0,-0.00011099582087115423,-4.6582227458323276e-07,-7.226217103119496e-12,1,"[0, 0, 0.04893333333333333, 0, 1.0, 0, 1]",3.7164940595248064e-09
0.04922777777777777,0,-0.0001109180982438752,-4.645692183255194e-07,-7.191868981189662e-12,1,"[0, 0, 0.04922777777777777, 0, 1.0, 0, 1]",3.701995002434706e-09
0.04952222222222222,0,-0.00011084023751828242,-4.6331708413607405e-07,-7.157627647032881e-12,1,"[0, 0, 0.04952222222222222, 0, 1.0, 0, 1]",3.687528909542167e-09
0.04981666666666666,0,-0.00011076223838923716,-4.6206587294878666e-07,-7.1234929443108485e-12,1,"[0, 0, 0.04981666666666666, 0, 1.0, 0, 1]",3.673095757407173e-09
0.050111111111111106,0,-0.00011068410055036675,-4.6081558570044563e-07,-7.08946471666877e-12,1,"[0, 0, 0.050111111111111106, 0, 1.0, 0, 1]",3.658695522583954e-09
0.05040555555555555,0,-0.00011060582369405752,-4.595662233307529e-07,-7.055542807735325e-12,1,"[0, 0, 0.05040555555555555, 0, 1.0, 0, 1]",3.6443281816209854e-09
0.050699999999999995,0,-0.00011052740751144697,-4.5831778678233737e-07,-7.021727061122559e-12,1,"[0, 0, 0.050699999999999995, 0, 1.0, 0, 1]",3.6299937110609513e-09
0.05099444444444444,0,-0.00011044885169241624,-4.570702770007694e-07,-6.988017320425803e-12,1,"[0, 0, 0.05099444444444444, 0, 1.0, 0, 1]",3.615692087440724e-09
0.051288888888888884,0,-0.00011037015592558309,-4.5582369493457663e-07,-6.954413429223652e-12,1,"[0, 0, 0.051288888888888884, 0, 1.0, 0, 1]",3.6014232872913617e-09
0.05158333333333333,0,-0.00011029131989829358,-4.5457804153525677e-07,-6.920915231077822e-12,1,"[0, 0, 0.05158333333333333, 0, 1.0, 0, 1]",3.5871872871380664e-09
0.05187777777777777,0,-0.00011021234329661486,-4.5333331775729405e-07,-6.887522569533128e-12,1,"[0, 0, 0.05187777777777777, 0, 1.0, 0, 1]",3.5729840635001747e-09
0.05217222222222222,0,-0.00011013322580532729,-4.520895245581733e-07,-6.854235288117389e-12,1,"[0, 0, 0.05217222222222222, 0, 1.0, 0, 1]",3.558813592891141e-09
0.05246666666666666,0,-0.00011005396710791656,-4.5084666289839523e-07,-6.82105323034135e-12,1,"[0, 0, 0.05246666666666666, 0, 1.0, 0, 1]",3.5446758518185075e-09
0.052761111111111106,0,-0.00010997456688656588,-4.496047337414911e-07,-6.787976239698608e-12,1,"[0, 0, 0.052761111111111106, 0, 1.0, 0, 1]",3.5305708167838863e-09
0.05305555555555555,0,-0.0001098950248221482,-4.483637380540389e-07,-6.7550041596655555e-12,1,"[0, 0, 0.05305555555555555, 0, 1.0, 0, 1]",3.51649846428295e-09
0.053349999999999995,0,-0.00010981534059421795,-4.471236768056775e-07,-6.722136833701275e-12,1,"[0, 0, 0.053349999999999995, 0, 1.0, 0, 1]",3.5024587708053935e-09
0.05364444444444444,0,-0.00010973551388100312,-4.4588455096912296e-07,-6.68937410524748e-12,1,"[0, 0, 0.05364444444444444, 0, 1.0, 0, 1]",3.4884517128349223e-09
0.05393888888888888,0,-0.00010965554435939719,-4.446463615201837e-07,-6.656715817728441e-12,1,"[0, 0, 0.05393888888888888, 0, 1.0, 0, 1]",3.47447726684924e-09
0.05423333333333333,0,-0.00010957543170495078,-4.4340910943777614e-07,-6.624161814550891e-12,1,"[0, 0, 0.05423333333333333, 0, 1.0, 0, 1]",3.4605354093200048e-09
0.05452777777777777,0,-0.00010949517559186358,-4.4217279570394073e-07,-6.591711939103974e-12,1,"[0, 0, 0.05452777777777777, 0, 1.0, 0, 1]",3.4466261167128353e-09
0.05482222222222222,0,-0.00010941477569297587,-4.409374213038573e-07,-6.559366034759139e-12,1,"[0, 0, 0.05482222222222222, 0, 1.0, 0, 1]",3.43274936548727e-09
0.05511666666666666,0,-0.0001093342316797602,-4.397029872258617e-07,-6.527123944870087e-12,1,"[0, 0, 0.05511666666666666, 0, 1.0, 0, 1]",3.418905132096752e-09
0.055411111111111105,0,-0.00010925354322231285,-4.3846949446146117e-07,-6.494985512772668e-12,1,"[0, 0, 0.055411111111111105, 0, 1.0, 0, 1]",3.4050933929886092e-09
0.05570555555555555,0,-0.00010917270998934557,-4.3723694400535155e-07,-6.462950581784834e-12,1,"[0, 0, 0.05570555555555555, 0, 1.0, 0, 1]",3.391314124604039e-09
0.055999999999999994,0,-0.00010909173164817655,-4.3600533685543257e-07,-6.431018995206525e-12,1,"[0, 0, 0.055999999999999994, 0, 1.0, 0, 1]",3.3775673033780715e-09
0.05629444444444444,0,-0.000109010607864722,-4.347746740128246e-07,-6.399190596319604e-12,1,"[0, 0, 0.05629444444444444, 0, 1.0, 0, 1]",3.363852905739557e-09
0.05658888888888888,0,-0.00010892933830348755,-4.3354495648188597e-07,-6.367465228387799e-12,1,"[0, 0, 0.05658888888888888, 0, 1.0, 0, 1]",3.350170908111152e-09
0.05688333333333333,0,-0.00010884792262755921,-4.3231618527022874e-07,-6.3358427346565914e-12,1,"[0, 0, 0.05688333333333333, 0, 1.0, 0, 1]",3.336521286909289e-09
0.05717777777777777,0,-0.0001087663604985943,-4.310883613887354e-07,-6.304322958353127e-12,1,"[0, 0, 0.05717777777777777, 0, 1.0, 0, 1]",3.322904018544145e-09
0.057472222222222216,0,-0.00010868465157681313,-4.2986148585157707e-07,-6.272905742686193e-12,1,"[0, 0, 0.057472222222222216, 0, 1.0, 0, 1]",3.309319079419648e-09
0.05776666666666666,0,-0.00010860279552098923,-4.28635559676229e-07,-6.241590930846067e-12,1,"[0, 0, 0.05776666666666666, 0, 1.0, 0, 1]",3.295766445933423e-09
0.058061111111111105,0,-0.00010852079198844072,-4.2741058388348875e-07,-6.210378366004479e-12,1,"[0, 0, 0.058061111111111105, 0, 1.0, 0, 1]",3.2822460944767917e-09
0.05835555555555555,0,-0.00010843864063502088,-4.26186559497493e-07,-6.17926789131451e-12,1,"[0, 0, 0.05835555555555555, 0, 1.0, 0, 1]",3.268758001434743e-09
0.058649999999999994,0,-0.00010835634111510912,-4.249634875457354e-07,-6.148259349910525e-12,1,"[0, 0, 0.058649999999999994, 0, 1.0, 0, 1]",3.2553021431859115e-09
0.05894444444444444,0,-0.00010827389308160137,-4.237413690590838e-07,-6.117352584908076e-12,1,"[0, 0, 0.05894444444444444, 0, 1.0, 0, 1]",3.2418784961025577e-09
0.05923888888888888,0,-0.00010819129618590089,-4.225202050717979e-07,-6.086547439403823e-12,1,"[0, 0, 0.05923888888888888, 0, 1.0, 0, 1]",3.2284870365505426e-09
0.05953333333333333,0,-0.00010810855007790855,-4.212999966215474e-07,-6.055843756475453e-12,1,"[0, 0, 0.05953333333333333, 0, 1.0, 0, 1]",3.215127740889304e-09
0.05982777777777777,0,-0.00010802565440601336,-4.200807447494293e-07,-6.0252413791815824e-12,1,"[0, 0, 0.05982777777777777, 0, 1.0, 0, 1]",3.2018005854718365e-09
0.060122222222222216,0,-0.00010794260881708296,-4.188624504999869e-07,-5.9947401505617046e-12,1,"[0, 0, 0.060122222222222216, 0, 1.0, 0, 1]",3.188505546644675e-09
0.06041666666666666,0,-0.00010785941295645363,-4.176451149212272e-07,-5.964339913636067e-12,1,"[0, 0, 0.06041666666666666, 0, 1.0, 0, 1]",3.1752426007478626e-09
0.060711111111111105,0,-0.00010777606646792057,-4.1642873906463974e-07,-5.9340405114056125e-12,1,"[0, 0, 0.060711111111111105, 0, 1.0, 0, 1]",3.1620117241149296e-09
0.06100555555555555,0,-0.00010769256899372801,-4.1521332398521463e-07,-5.903841786851875e-12,1,"[0, 0, 0.06100555555555555, 0, 1.0, 0, 1]",3.148812893072876e-09
0.06129999999999999,0,-0.00010760892017455918,-4.1399887074146173e-07,-5.873743582936911e-12,1,"[0, 0, 0.06129999999999999, 0, 1.0, 0, 1]",3.135646083942145e-09
0.06159444444444444,0,-0.00010752511964952631,-4.1278538039542886e-07,-5.843745742603202e-12,1,"[0, 0, 0.06159444444444444, 0, 1.0, 0, 1]",3.122511273036602e-09
0.06188888888888888,0,-0.00010744116705616032,-4.1157285401272117e-07,-5.8138481087735675e-12,1,"[0, 0, 0.06188888888888888, 0, 1.0, 0, 1]",3.109408436663506e-09
0.06218333333333333,0,-0.00010735706203040067,-4.1036129266251953e-07,-5.784050524351075e-12,1,"[0, 0, 0.06218333333333333, 0, 1.0, 0, 1]",3.096337551123494e-09
0.06247777777777777,0,-0.00010727280420658507,-4.091506974176007e-07,-5.754352832218971e-12,1,"[0, 0, 0.06247777777777777, 0, 1.0, 0, 1]",3.0832985927105563e-09
0.06277222222222222,0,-0.00010718839321743887,-4.0794106935435565e-07,-5.724754875240561e-12,1,"[0, 0, 0.06277222222222222, 0, 1.0, 0, 1]",3.0702915377120048e-09
0.06306666666666667,0,-0.0001071038286940648,-4.067324095528096e-07,-5.695256496259154e-12,1,"[0, 0, 0.06306666666666667, 0, 1.0, 0, 1]",3.0573163624084665e-09
0.06336111111111112,0,-0.00010701911026593214,-4.0552471909664165e-07,-5.66585753809795e-12,1,"[0, 0, 0.06336111111111112, 0, 1.0, 0, 1]",3.0443730430738435e-09
0.06365555555555556,0,-0.00010693423756086606,-4.0431799907320414e-07,-5.636557843559957e-12,1,"[0, 0, 0.06365555555555556, 0, 1.0, 0, 1]",3.0314615559752954e-09
0.06395,0,-0.0001068492102050369,-4.0311225057354287e-07,-5.607357255427901e-12,1,"[0, 0, 0.06395, 0, 1.0, 0, 1]",3.0185818773732183e-09
0.06424444444444445,0,-0.00010676402782294928,-4.0190747469241727e-07,-5.578255616464142e-12,1,"[0, 0, 0.06424444444444445, 0, 1.0, 0, 1]",3.005733983521221e-09
0.0645388888888889,0,-0.00010667869003743108,-4.007036725283203e-07,-5.549252769410572e-12,1,"[0, 0, 0.0645388888888889, 0, 1.0, 0, 1]",2.9929178506660973e-09
0.06483333333333334,0,-0.00010659319646962234,-3.9950084518349925e-07,-5.520348556988537e-12,1,"[0, 0, 0.06483333333333334, 0, 1.0, 0, 1]",2.980133455047804e-09
0.06512777777777778,0,-0.00010650754673896407,-3.982989937639756e-07,-5.491542821898723e-12,1,"[0, 0, 0.06512777777777778, 0, 1.0, 0, 1]",2.9673807728994373e-09
0.06542222222222223,0,-0.00010642174046318713,-3.970981193795665e-07,-5.462835406821091e-12,1,"[0, 0, 0.06542222222222223, 0, 1.0, 0, 1]",2.9546597804472095e-09
0.06571666666666667,0,-0.00010633577725830072,-3.9589822314390524e-07,-5.4342261544147705e-12,1,"[0, 0, 0.06571666666666667, 0, 1.0, 0, 1]",2.941970453910427e-09
0.06601111111111112,0,-0.00010624965673858081,-3.946993061744618e-07,-5.405714907317954e-12,1,"[0, 0, 0.06601111111111112, 0, 1.0, 0, 1]",2.929312769501455e-09
0.06630555555555556,0,-0.00010616337851655891,-3.935013695925652e-07,-5.3773015081478354e-12,1,"[0, 0, 0.06630555555555556, 0, 1.0, 0, 1]",2.91668670342571e-09
0.0666,0,-0.00010607694220300998,-3.9230441452342333e-07,-5.348985799500476e-12,1,"[0, 0, 0.0666, 0, 1.0, 0, 1]",2.9040922318816215e-09
0.06689444444444445,0,-0.00010599034740694091,-3.9110844209614573e-07,-5.3207676239507396e-12,1,"[0, 0, 0.06689444444444445, 0, 1.0, 0, 1]",2.891529331060611e-09
0.0671888888888889,0,-0.00010590359373557868,-3.8991345344376475e-07,-5.292646824052195e-12,1,"[0, 0, 0.0671888888888889, 0, 1.0, 0, 1]",2.8789979771470774e-09
0.06748333333333334,0,-0.00010581668079435812,-3.8871944970325717e-07,-5.264623242337002e-12,1,"[0, 0, 0.06748333333333334, 0, 1.0, 0, 1]",2.8664981463183537e-09
0.06777777777777778,0,-0.00010572960818691002,-3.875264320155665e-07,-5.2366967213158295e-12,1,"[0, 0, 0.06777777777777778, 0, 1.0, 0, 1]",2.8540298147446994e-09
0.06807222222222223,0,-0.00010564237551504887,-3.86334401525625e-07,-5.208867103477754e-12,1,"[0, 0, 0.06807222222222223, 0, 1.0, 0, 1]",2.8415929585892644e-09
0.06836666666666667,0,-0.00010555498237876063,-3.851433593823766e-07,-5.1811342312901784e-12,1,"[0, 0, 0.06836666666666667, 0, 1.0, 0, 1]",2.829187554008075e-09
0.06866111111111112,0,-0.00010546742837619011,-3.839533067387983e-07,-5.153497947198703e-12,1,"[0, 0, 0.06866111111111112, 0, 1.0, 0, 1]",2.816813577149994e-09
0.06895555555555556,0,-0.00010537971310362856,-3.827642447519238e-07,-5.125958093627048e-12,1,"[0, 0, 0.06895555555555556, 0, 1.0, 0, 1]",2.8044710041567077e-09
0.06925,0,-0.00010529183615550102,-3.815761745828661e-07,-5.098514512976956e-12,1,"[0, 0, 0.06925, 0, 1.0, 0, 1]",2.792159811162695e-09
0.06954444444444445,0,-0.00010520379712435365,-3.803890973968406e-07,-5.071167047628088e-12,1,"[0, 0, 0.06954444444444445, 0, 1.0, 0, 1]",2.779879974295208e-09
0.0698388888888889,0,-0.00010511559560084059,-3.792030143631883e-07,-5.043915539937921e-12,1,"[0, 0, 0.0698388888888889, 0, 1.0, 0, 1]",2.767631469674235e-09
0.07013333333333334,0,-0.00010502723117371123,-3.780179266553992e-07,-5.016759832241653e-12,1,"[0, 0, 0.07013333333333334, 0, 1.0, 0, 1]",2.755414273412488e-09
0.07042777777777778,0,-0.000104938703429797,-3.7683383545113606e-07,-4.989699766852102e-12,1,"[0, 0, 0.07042777777777778, 0, 1.0, 0, 1]",2.743228361615369e-09
0.07072222222222223,0,-0.00010485001195399805,-3.756507419322579e-07,-4.962735186059592e-12,1,"[0, 0, 0.07072222222222223, 0, 1.0, 0, 1]",2.731073710380945e-09
0.07101666666666667,0,-0.00010476115632927004,-3.7446864728484453e-07,-4.935865932131875e-12,1,"[0, 0, 0.07101666666666667, 0, 1.0, 0, 1]",2.7189502957999235e-09
0.07131111111111112,0,-0.00010467213613661063,-3.7328755269922013e-07,-4.9090918473140055e-12,1,"[0, 0, 0.07131111111111112, 0, 1.0, 0, 1]",2.70685809395563e-09
0.07160555555555556,0,-0.0001045829509550459,-3.721074593699784e-07,-4.882412773828263e-12,1,"[0, 0, 0.07160555555555556, 0, 1.0, 0, 1]",2.6947970809239773e-09
0.0719,0,-0.00010449360036161641,-3.70928368496006e-07,-4.85582855387401e-12,1,"[0, 0, 0.0719, 0, 1.0, 0, 1]",2.6827672327734345e-09
0.07219444444444445,0,-0.00010440408393136377,-3.697502812805087e-07,-4.829339029627634e-12,1,"[0, 0, 0.07219444444444445, 0, 1.0, 0, 1]",2.670768525565018e-09
0.0724888888888889,0,-0.00010431440123731618,-3.6857319893103514e-07,-4.802944043242399e-12,1,"[0, 0, 0.0724888888888889, 0, 1.0, 0, 1]",2.658800935352241e-09
0.07278333333333334,0,-0.00010422455185047478,-3.67397122659503e-07,-4.776643436848382e-12,1,"[0, 0, 0.07278333333333334, 0, 1.0, 0, 1]",2.6468644381811113e-09
0.07307777777777778,0,-0.00010413453533979909,-3.6622205368222367e-07,-4.750437052552335e-12,1,"[0, 0, 0.07307777777777778, 0, 1.0, 0, 1]",2.6349590100900855e-09
0.07337222222222223,0,-0.00010404435127219274,-3.65047993219928e-07,-4.724324732437586e-12,1,"[0, 0, 0.07337222222222223, 0, 1.0, 0, 1]",2.6230846271100524e-09
0.07366666666666667,0,-0.0001039539992124891,-3.6387494249779276e-07,-4.698306318563954e-12,1,"[0, 0, 0.07366666666666667, 0, 1.0, 0, 1]",2.6112412652643077e-09
0.07396111111111112,0,-0.00010386347872343636,-3.6270290274546563e-07,-4.672381652967606e-12,1,"[0, 0, 0.07396111111111112, 0, 1.0, 0, 1]",2.599428900568517e-09
0.07425555555555556,0,-0.000103772789365683,-3.6153187519709203e-07,-4.646550577660974e-12,1,"[0, 0, 0.07425555555555556, 0, 1.0, 0, 1]",2.587647509030698e-09
0.07455,0,-0.00010368193069776292,-3.603618610913418e-07,-4.620812934632649e-12,1,"[0, 0, 0.07455, 0, 1.0, 0, 1]",2.5758970666511938e-09
0.07484444444444445,0,-0.00010359090227608004,-3.591928616714351e-07,-4.5951685658472474e-12,1,"[0, 0, 0.07484444444444445, 0, 1.0, 0, 1]",2.5641775494226364e-09
0.07513888888888888,0,-0.0001034997036548935,-3.580248781851702e-07,-4.569617313245327e-12,1,"[0, 0, 0.07513888888888888, 0, 1.0, 0, 1]",2.5524889333299307e-09
0.07543333333333334,0,-0.00010340833438630202,-3.5685791188494945e-07,-4.544159018743255e-12,1,"[0, 0, 0.07543333333333334, 0, 1.0, 0, 1]",2.540831194350216e-09
0.07572777777777777,0,-0.00010331679402022874,-3.556919640278082e-07,-4.5187935242331236e-12,1,"[0, 0, 0.07572777777777777, 0, 1.0, 0, 1]",2.5292043084528524e-09
0.07602222222222223,0,-0.00010322508210440523,-3.5452703587544077e-07,-4.493520671582608e-12,1,"[0, 0, 0.07602222222222223, 0, 1.0, 0, 1]",2.5176082515993767e-09
0.07631666666666666,0,-0.00010313319818435603,-3.533631286942294e-07,-4.468340302634883e-12,1,"[0, 0, 0.07631666666666666, 0, 1.0, 0, 1]",2.506042999743491e-09
0.07661111111111112,0,-0.00010304114180338248,-3.522002437552714e-07,-4.4432522592084805e-12,1,"[0, 0, 0.07661111111111112, 0, 1.0, 0, 1]",2.49450852883102e-09
0.07690555555555555,0,-0.00010294891250254675,-3.510383823344083e-07,-4.4182563830972025e-12,1,"[0, 0, 0.07690555555555555, 0, 1.0, 0, 1]",2.483004814799893e-09
0.0772,0,-0.00010285650982065563,-3.498775457122533e-07,-4.393352516069989e-12,1,"[0, 0, 0.0772, 0, 1.0, 0, 1]",2.4715318335801106e-09
0.07749444444444444,0,-0.00010276393329424418,-3.4871773517422145e-07,-4.368540499870819e-12,1,"[0, 0, 0.07749444444444444, 0, 1.0, 0, 1]",2.460089561093725e-09
0.0777888888888889,0,-0.00010267118245755905,-3.4755895201055703e-07,-4.34382017621858e-12,1,"[0, 0, 0.0777888888888889, 0, 1.0, 0, 1]",2.4486779732547983e-09
0.07808333333333332,0,-0.00010257825684254173,-3.4640119751636376e-07,-4.3191913868069526e-12,1,"[0, 0, 0.07808333333333332, 0, 1.0, 0, 1]",2.4372970459693823e-09
0.07837777777777778,0,-0.00010248515597881203,-3.4524447299163424e-07,-4.294653973304312e-12,1,"[0, 0, 0.07837777777777778, 0, 1.0, 0, 1]",2.4259467551354918e-09
0.07867222222222221,0,-0.00010239187939365076,-3.4408877974127953e-07,-4.270207777353594e-12,1,"[0, 0, 0.07867222222222221, 0, 1.0, 0, 1]",2.414627076643074e-09
0.07896666666666667,0,-0.00010229842661198244,-3.4293411907515874e-07,-4.245852640572173e-12,1,"[0, 0, 0.07896666666666667, 0, 1.0, 0, 1]",2.4033379863739715e-09
0.0792611111111111,0,-0.00010220479715635822,-3.4178049230810995e-07,-4.221588404551755e-12,1,"[0, 0, 0.0792611111111111, 0, 1.0, 0, 1]",2.3920794602019065e-09
0.07955555555555556,0,-0.00010211099054693828,-3.4062790075998036e-07,-4.197414910858259e-12,1,"[0, 0, 0.07955555555555556, 0, 1.0, 0, 1]",2.3808514739924458e-09
0.07984999999999999,0,-0.00010201700630147407,-3.394763457556573e-07,-4.173332001031693e-12,1,"[0, 0, 0.07984999999999999, 0, 1.0, 0, 1]",2.3696540036029738e-09
0.08014444444444445,0,-0.00010192284393529033,-3.3832582862509856e-07,-4.149339516586022e-12,1,"[0, 0, 0.08014444444444445, 0, 1.0, 0, 1]",2.3584870248826546e-09
0.08043888888888888,0,-0.00010182850296126728,-3.3717635070336467e-07,-4.125437299009065e-12,1,"[0, 0, 0.08043888888888888, 0, 1.0, 0, 1]",2.347350513672416e-09
0.08073333333333334,0,-0.00010173398288982222,-3.3602791333064976e-07,-4.1016251897623606e-12,1,"[0, 0, 0.08073333333333334, 0, 1.0, 0, 1]",2.3362444458049096e-09
0.08102777777777777,0,-0.00010163928322889118,-3.348805178523137e-07,-4.07790303028105e-12,1,"[0, 0, 0.08102777777777777, 0, 1.0, 0, 1]",2.325168797104487e-09
0.08132222222222223,0,-0.00010154440348391047,-3.337341656189142e-07,-4.054270661973753e-12,1,"[0, 0, 0.08132222222222223, 0, 1.0, 0, 1]",2.3141235433871705e-09
0.08161666666666666,0,-0.00010144934315779758,-3.325888579862392e-07,-4.030727926222439e-12,1,"[0, 0, 0.08161666666666666, 0, 1.0, 0, 1]",2.303108660460618e-09
0.08191111111111112,0,-0.00010135410175093251,-3.314445963153392e-07,-4.0072746643823e-12,1,"[0, 0, 0.08191111111111112, 0, 1.0, 0, 1]",2.2921241241240945e-09
0.08220555555555555,0,-0.00010125867876113863,-3.303013819725613e-07,-3.983910717781645e-12,1,"[0, 0, 0.08220555555555555, 0, 1.0, 0, 1]",2.2811699101684505e-09
0.0825,0,-0.00010116307368366307,-3.2915921632958076e-07,-3.960635927721735e-12,1,"[0, 0, 0.0825, 0, 1.0, 0, 1]",2.2702459943760764e-09
0.08279444444444443,0,-0.0001010672860111576,-3.2801810076343655e-07,-3.937450135476703e-12,1,"[0, 0, 0.08279444444444443, 0, 1.0, 0, 1]",2.259352352520891e-09
0.08308888888888889,0,-0.00010097131523365849,-3.268780366565633e-07,-3.914353182293379e-12,1,"[0, 0, 0.08308888888888889, 0, 1.0, 0, 1]",2.248488960368291e-09
0.08338333333333332,0,-0.00010087516083856687,-3.257390253968269e-07,-3.891344909391199e-12,1,"[0, 0, 0.08338333333333332, 0, 1.0, 0, 1]",2.2376557936751374e-09
0.08367777777777778,0,-0.0001007788223106286,-3.2460106837755826e-07,-3.8684251579620536e-12,1,"[0, 0, 0.08367777777777778, 0, 1.0, 0, 1]",2.226852828189717e-09
0.08397222222222221,0,-0.00010068229913191379,-3.234641669975883e-07,-3.8455937691701685e-12,1,"[0, 0, 0.08397222222222221, 0, 1.0, 0, 1]",2.216080039651712e-09
0.08426666666666667,0,-0.00010058559078179631,-3.2232832266128254e-07,-3.822850584151954e-12,1,"[0, 0, 0.08426666666666667, 0, 1.0, 0, 1]",2.205337403792166e-09
0.0845611111111111,0,-0.00010048869673693328,-3.211935367785776e-07,-3.800195444015909e-12,1,"[0, 0, 0.0845611111111111, 0, 1.0, 0, 1]",2.1946248963334656e-09
0.08485555555555556,0,-0.00010039161647124373,-3.200598107650154e-07,-3.7776281898424455e-12,1,"[0, 0, 0.08485555555555556, 0, 1.0, 0, 1]",2.18394249298929e-09
0.08514999999999999,0,-0.00010029434945588782,-3.189271460417809e-07,-3.755148662683794e-12,1,"[0, 0, 0.08514999999999999, 0, 1.0, 0, 1]",2.1732901694645993e-09
0.08544444444444445,0,-0.00010019689515924523,-3.177955440357366e-07,-3.7327567035638354e-12,1,"[0, 0, 0.08544444444444445, 0, 1.0, 0, 1]",2.1626679014555865e-09
0.08573888888888888,0,-0.00010009925304689368,-3.166650061794611e-07,-3.710452153477994e-12,1,"[0, 0, 0.08573888888888888, 0, 1.0, 0, 1]",2.1520756646496608e-09
0.08603333333333334,0,-0.00010000142258158705,-3.155355339112846e-07,-3.688234853393081e-12,1,"[0, 0, 0.08603333333333334, 0, 1.0, 0, 1]",2.1415134347254026e-09
0.08632777777777777,0,-9.990340322323338e-05,-3.1440712867532717e-07,-3.666104644247169e-12,1,"[0, 0, 0.08632777777777777, 0, 1.0, 0, 1]",2.130981187352541e-09
0.08662222222222223,0,-9.980519442887254e-05,-3.1327979192153584e-07,-3.644061366949443e-12,1,"[0, 0, 0.08662222222222223, 0, 1.0, 0, 1]",2.1204788981919174e-09
0.08691666666666666,0,-9.970679565265396e-05,-3.121535251057235e-07,-3.6221048623800847e-12,1,"[0, 0, 0.08691666666666666, 0, 1.0, 0, 1]",2.1100065428954565e-09
0.08721111111111111,0,-9.960820634581352e-05,-3.1102832968960597e-07,-3.600234971390098e-12,1,"[0, 0, 0.08721111111111111, 0, 1.0, 0, 1]",2.099564097106129e-09
0.08750555555555554,0,-9.950942595665096e-05,-3.0990420714084247e-07,-3.578451534801206e-12,1,"[0, 0, 0.08750555555555554, 0, 1.0, 0, 1]",2.089151536457928e-09
0.0878,0,-9.941045393050641e-05,-3.0878115893307276e-07,-3.5567543934056756e-12,1,"[0, 0, 0.0878, 0, 1.0, 0, 1]",2.078768836575824e-09
0.08809444444444443,0,-9.93112897097372e-05,-3.0765918654595853e-07,-3.535143387966206e-12,1,"[0, 0, 0.08809444444444443, 0, 1.0, 0, 1]",2.068415973075748e-09
0.08838888888888889,0,-9.921193273369385e-05,-3.0653829146522156e-07,-3.5136183592157565e-12,1,"[0, 0, 0.08838888888888889, 0, 1.0, 0, 1]",2.0580929215645415e-09
0.08868333333333332,0,-9.911238243869648e-05,-3.054184751826854e-07,-3.492179147857431e-12,1,"[0, 0, 0.08868333333333332, 0, 1.0, 0, 1]",2.047799657639942e-09
0.08897777777777778,0,-9.901263825801035e-05,-3.042997391963145e-07,-3.4708255945643053e-12,1,"[0, 0, 0.08897777777777778, 0, 1.0, 0, 1]",2.0375361568905324e-09
0.08927222222222221,0,-9.891269962182168e-05,-3.0318208501025655e-07,-3.44955753997931e-12,1,"[0, 0, 0.08927222222222221, 0, 1.0, 0, 1]",2.0273023948957246e-09
0.08956666666666667,0,-9.88125659572126e-05,-3.020655141348828e-07,-3.4283748247150555e-12,1,"[0, 0, 0.08956666666666667, 0, 1.0, 0, 1]",2.017098347225709e-09
0.0898611111111111,0,-9.871223668813662e-05,-3.0095002808683025e-07,-3.4072772893537078e-12,1,"[0, 0, 0.0898611111111111, 0, 1.0, 0, 1]",2.0069239894414373e-09
0.09015555555555556,0,-9.861171123539291e-05,-2.998356283890435e-07,-3.386264774446815e-12,1,"[0, 0, 0.09015555555555556, 0, 1.0, 0, 1]",1.996779297094576e-09
0.09044999999999999,0,-9.851098901660133e-05,-2.987223165708179e-07,-3.365337120515191e-12,1,"[0, 0, 0.09044999999999999, 0, 1.0, 0, 1]",1.9866642457274822e-09
0.09074444444444445,0,-9.841006944617634e-05,-2.9761009416784154e-07,-3.3444941680487332e-12,1,"[0, 0, 0.09074444444444445, 0, 1.0, 0, 1]",1.9765788108731653e-09
0.09103888888888888,0,-9.830895193530102e-05,-2.9649896272223946e-07,-3.323735757506291e-12,1,"[0, 0, 0.09103888888888888, 0, 1.0, 0, 1]",1.966522968055256e-09
0.09133333333333334,0,-9.82076358919008e-05,-2.9538892378261663e-07,-3.303061729315499e-12,1,"[0, 0, 0.09133333333333334, 0, 1.0, 0, 1]",1.9564966927879646e-09
0.09162777777777777,0,-9.810612072061674e-05,-2.942799789041027e-07,-3.2824719238726346e-12,1,"[0, 0, 0.09162777777777777, 0, 1.0, 0, 1]",1.9464999605760578e-09
0.09192222222222222,0,-9.800440582277899e-05,-2.931721296483964e-07,-3.261966181542464e-12,1,"[0, 0, 0.09192222222222222, 0, 1.0, 0, 1]",1.936532746914818e-09
0.09221666666666666,0,-9.790249059637906e-05,-2.9206537758381037e-07,-3.241544342658072e-12,1,"[0, 0, 0.09221666666666666, 0, 1.0, 0, 1]",1.926595027290007e-09
0.09251111111111111,0,-9.78003744360429e-05,-2.9095972428531665e-07,-3.2212062475207196e-12,1,"[0, 0, 0.09251111111111111, 0, 1.0, 0, 1]",1.916686777177837e-09
0.09280555555555554,0,-9.769805673300278e-05,-2.8985517133459324e-07,-3.2009517363996872e-12,1,"[0, 0, 0.09280555555555554, 0, 1.0, 0, 1]",1.9068079720449317e-09
0.0931,0,-9.759553687506942e-05,-2.8875172032006917e-07,-3.1807806495321046e-12,1,"[0, 0, 0.0931, 0, 1.0, 0, 1]",1.896958587348294e-09
0.09339444444444443,0,-9.749281424660358e-05,-2.8764937283697254e-07,-3.1606928271228055e-12,1,"[0, 0, 0.09339444444444443, 0, 1.0, 0, 1]",1.887138598535273e-09
0.09368888888888889,0,-9.738988822848706e-05,-2.8654813048737654e-07,-3.1406881093441405e-12,1,"[0, 0, 0.09368888888888889, 0, 1.0, 0, 1]",1.8773479810435128e-09
0.09398333333333332,0,-9.728675819809436e-05,-2.854479948802485e-07,-3.1207663363358545e-12,1,"[0, 0, 0.09398333333333332, 0, 1.0, 0, 1]",1.867586710300946e-09
0.09427777777777778,0,-9.718342352926283e-05,-2.843489676314969e-07,-3.1009273482048923e-12,1,"[0, 0, 0.09427777777777778, 0, 1.0, 0, 1]",1.8578547617257335e-09
0.09457222222222221,0,-9.707988359226306e-05,-2.8325105036402056e-07,-3.0811709850252413e-12,1,"[0, 0, 0.09457222222222221, 0, 1.0, 0, 1]",1.8481521107262374e-09
0.09486666666666667,0,-9.697613775376929e-05,-2.821542447077577e-07,-3.061497086837777e-12,1,"[0, 0, 0.09486666666666667, 0, 1.0, 0, 1]",1.8384787327009879e-09
0.0951611111111111,0,-9.687218537682876e-05,-2.8105855229973557e-07,-3.041905493650086e-12,1,"[0, 0, 0.0951611111111111, 0, 1.0, 0, 1]",1.828834603038644e-09
0.09545555555555556,0,-9.676802582083122e-05,-2.799639747841202e-07,-3.0223960454363002e-12,1,"[0, 0, 0.09545555555555556, 0, 1.0, 0, 1]",1.8192196971179598e-09
0.09574999999999999,0,-9.666365844147801e-05,-2.788705138122678e-07,-3.0029685821369382e-12,1,"[0, 0, 0.09574999999999999, 0, 1.0, 0, 1]",1.8096339903077452e-09
0.09604444444444445,0,-9.655908259075044e-05,-2.7777817104277445e-07,-2.9836229436587064e-12,1,"[0, 0, 0.09604444444444445, 0, 1.0, 0, 1]",1.800077457966827e-09
0.09633888888888888,0,-9.645429761687874e-05,-2.766869481415295e-07,-2.9643589698743753e-12,1,"[0, 0, 0.09633888888888888, 0, 1.0, 0, 1]",1.7905500754440279e-09
0.09663333333333333,0,-9.634930286430935e-05,-2.7559684678176615e-07,-2.945176500622561e-12,1,"[0, 0, 0.09663333333333333, 0, 1.0, 0, 1]",1.7810518180781052e-09
0.09692777777777777,0,-9.624409767367299e-05,-2.7450786864411496e-07,-2.9260753757075797e-12,1,"[0, 0, 0.09692777777777777, 0, 1.0, 0, 1]",1.7715826611977371e-09
0.09722222222222222,0,-9.613868138175184e-05,-2.7342001541665675e-07,-2.907055434899264e-12,1,"[0, 0, 0.09722222222222222, 0, 1.0, 0, 1]",1.7621425801214706e-09
0.09751666666666665,0,-9.603305332144625e-05,-2.723332887949763e-07,-2.888116517932785e-12,1,"[0, 0, 0.09751666666666665, 0, 1.0, 0, 1]",1.7527315501576942e-09
0.09781111111111111,0,-9.592721282174145e-05,-2.712476904822164e-07,-2.8692584645084783e-12,1,"[0, 0, 0.09781111111111111, 0, 1.0, 0, 1]",1.7433495466045882e-09
0.09810555555555554,0,-9.582115920767358e-05,-2.7016322218913364e-07,-2.850481114291672e-12,1,"[0, 0, 0.09810555555555554, 0, 1.0, 0, 1]",1.7339965447501046e-09
0.0984,0,-9.57148918002955e-05,-2.6907988563415216e-07,-2.8317843069124914e-12,1,"[0, 0, 0.0984, 0, 1.0, 0, 1]",1.724672519871912e-09
0.09869444444444443,0,-9.560840991664221e-05,-2.6799768254342116e-07,-2.8131678819656986e-12,1,"[0, 0, 0.09869444444444443, 0, 1.0, 0, 1]",1.7153774472373739e-09
0.09898888888888889,0,-9.55017128696955e-05,-2.6691661465087013e-07,-2.794631679010485e-12,1,"[0, 0, 0.09898888888888889, 0, 1.0, 0, 1]",1.7061113021034943e-09
0.09928333333333332,0,-9.539479996834896e-05,-2.6583668369826716e-07,-2.7761755375703167e-12,1,"[0, 0, 0.09928333333333332, 0, 1.0, 0, 1]",1.6968740597168948e-09
0.09957777777777778,0,-9.528767051737177e-05,-2.647578914352753e-07,-2.7577992971327232e-12,1,"[0, 0, 0.09957777777777778, 0, 1.0, 0, 1]",1.6876656953137655e-09
0.09987222222222221,0,-9.518032381737265e-05,-2.636802396195121e-07,-2.7395027971491327e-12,1,"[0, 0, 0.09987222222222221, 0, 1.0, 0, 1]",1.678486184119835e-09
0.10016666666666667,0,-9.50727591647631e-05,-2.626037300166075e-07,-2.7212858770346697e-12,1,"[0, 0, 0.10016666666666667, 0, 1.0, 0, 1]",1.6693355013503233e-09
0.1004611111111111,0,-9.496497585172032e-05,-2.615283644002641e-07,-2.7031483761679755e-12,1,"[0, 0, 0.1004611111111111, 0, 1.0, 0, 1]",1.6602136222099116e-09
0.10075555555555556,0,-9.485697316614955e-05,-2.604541445523161e-07,-2.6850901338910052e-12,1,"[0, 0, 0.10075555555555556, 0, 1.0, 0, 1]",1.6511205218926945e-09
0.10105000000000001,0,-9.474875039164645e-05,-2.5938107226279203e-07,-2.667110989508862e-12,1,"[0, 0, 0.10105000000000001, 0, 1.0, 0, 1]",1.6420561755821516e-09
0.10134444444444445,0,-9.464030680745817e-05,-2.5830914932997383e-07,-2.6492107822895694e-12,1,"[0, 0, 0.10134444444444445, 0, 1.0, 0, 1]",1.633020558451097e-09
0.1016388888888889,0,-9.453164168844498e-05,-2.572383775604605e-07,-2.6313893514639067e-12,1,"[0, 0, 0.1016388888888889, 0, 1.0, 0, 1]",1.624013645661648e-09
0.10193333333333333,0,-9.44227543050407e-05,-2.5616875876923026e-07,-2.6136465362252003e-12,1,"[0, 0, 0.10193333333333333, 0, 1.0, 0, 1]",1.6150354123651863e-09
0.10222777777777779,0,-9.431364392321285e-05,-2.551002947797036e-07,-2.5959821757291214e-12,1,"[0, 0, 0.10222777777777779, 0, 1.0, 0, 1]",1.6060858337023082e-09
0.10252222222222222,0,-9.420430980442262e-05,-2.5403298742380784e-07,-2.5783961090935016e-12,1,"[0, 0, 0.10252222222222222, 0, 1.0, 0, 1]",1.5971648848027987e-09
0.10281666666666668,0,-9.409475120558398e-05,-2.529668385420412e-07,-2.560888175398116e-12,1,"[0, 0, 0.10281666666666668, 0, 1.0, 0, 1]",1.5882725407855787e-09
0.10311111111111111,0,-9.398496737902252e-05,-2.519018499835391e-07,-2.5434582136845003e-12,1,"[0, 0, 0.10311111111111111, 0, 1.0, 0, 1]",1.5794087767586747e-09
0.10340555555555557,0,-9.387495757243374e-05,-2.5083802360613907e-07,-2.526106062955728e-12,1,"[0, 0, 0.10340555555555557, 0, 1.0, 0, 1]",1.5705735678191715e-09
0.1037,0,-9.376472102884079e-05,-2.497753612764485e-07,-2.508831562176217e-12,1,"[0, 0, 0.1037, 0, 1.0, 0, 1]",1.5617668890531744e-09
0.10399444444444446,0,-9.36542569865519e-05,-2.487138648699117e-07,-2.4916345502715242e-12,1,"[0, 0, 0.10399444444444446, 0, 1.0, 0, 1]",1.5529887155357717e-09
0.10428888888888889,0,-9.354356467911715e-05,-2.476535362708785e-07,-2.4745148661281375e-12,1,"[0, 0, 0.10428888888888889, 0, 1.0, 0, 1]",1.5442390223309886e-09
0.10458333333333335,0,-9.34326433352845e-05,-2.465943773726724e-07,-2.4574723485932507e-12,1,"[0, 0, 0.10458333333333335, 0, 1.0, 0, 1]",1.5355177844917466e-09
0.10487777777777778,0,-9.332149217895586e-05,-2.455363900776617e-07,-2.4405068364745815e-12,1,"[0, 0, 0.10487777777777778, 0, 1.0, 0, 1]",1.526824977059828e-09
0.10517222222222224,0,-9.321011042914198e-05,-2.4447957629732844e-07,-2.4236181685401272e-12,1,"[0, 0, 0.10517222222222224, 0, 1.0, 0, 1]",1.5181605750658252e-09
0.10546666666666667,0,-9.309849729991743e-05,-2.4342393795234115e-07,-2.4068061835179793e-12,1,"[0, 0, 0.10546666666666667, 0, 1.0, 0, 1]",1.5095245535291108e-09
0.10576111111111113,0,-9.298665200037437e-05,-2.423694769726255e-07,-2.390070720096082e-12,1,"[0, 0, 0.10576111111111113, 0, 1.0, 0, 1]",1.500916887457783e-09
0.10605555555555556,0,-9.287457373457637e-05,-2.413161952974384e-07,-2.3734116169220355e-12,1,"[0, 0, 0.10605555555555556, 0, 1.0, 0, 1]",1.4923375518486348e-09
0.10635000000000001,0,-9.276226170151128e-05,-2.402640948754406e-07,-2.356828712602862e-12,1,"[0, 0, 0.10635000000000001, 0, 1.0, 0, 1]",1.4837865216871067e-09
0.10664444444444444,0,-9.264971509504352e-05,-2.392131776647721e-07,-2.3403218457047925e-12,1,"[0, 0, 0.10664444444444444, 0, 1.0, 0, 1]",1.475263771947242e-09
0.1069388888888889,0,-9.253693310386606e-05,-2.3816344563312654e-07,-2.3238908547530373e-12,1,"[0, 0, 0.1069388888888889, 0, 1.0, 0, 1]",1.4667692775916512e-09
0.10723333333333333,0,-9.242391491145169e-05,-2.3711490075782812e-07,-2.3075355782315737e-12,1,"[0, 0, 0.10723333333333333, 0, 1.0, 0, 1]",1.4583030135714633e-09
0.10752777777777779,0,-9.231065969600338e-05,-2.3606754502590794e-07,-2.291255854582903e-12,1,"[0, 0, 0.10752777777777779, 0, 1.0, 0, 1]",1.449864954826286e-09
0.10782222222222222,0,-9.219716663040447e-05,-2.3502138043418255e-07,-2.2750515222078367e-12,1,"[0, 0, 0.10782222222222222, 0, 1.0, 0, 1]",1.4414550762841613e-09
0.10811666666666668,0,-9.208343488216811e-05,-2.339764089893316e-07,-2.258922419465254e-12,1,"[0, 0, 0.10811666666666668, 0, 1.0, 0, 1]",1.433073352861523e-09
0.10841111111111111,0,-9.196946361338588e-05,-2.3293263270797896e-07,-2.242868384671887e-12,1,"[0, 0, 0.10841111111111111, 0, 1.0, 0, 1]",1.4247197594631563e-09
0.10870555555555557,0,-9.185525198067593e-05,-2.3189005361677173e-07,-2.2268892561020657e-12,1,"[0, 0, 0.10870555555555557, 0, 1.0, 0, 1]",1.4163942709821474e-09
0.109,0,-9.174079913513042e-05,-2.308486737524626e-07,-2.2109848719874978e-12,1,"[0, 0, 0.109, 0, 1.0, 0, 1]",1.4080968622998456e-09
0.10929444444444446,0,-9.162610422226249e-05,-2.29808495161992e-07,-2.195155070517029e-12,1,"[0, 0, 0.10929444444444446, 0, 1.0, 0, 1]",1.3998275082858179e-09
0.10958888888888889,0,-9.151116638195206e-05,-2.287695199025711e-07,-2.179399689836394e-12,1,"[0, 0, 0.10958888888888889, 0, 1.0, 0, 1]",1.3915861837978018e-09
0.10988333333333335,0,-9.139598474839176e-05,-2.277317500417666e-07,-2.163718568047992e-12,1,"[0, 0, 0.10988333333333335, 0, 1.0, 0, 1]",1.3833728636816691e-09
0.11017777777777778,0,-9.128055845003113e-05,-2.2669518765758555e-07,-2.1481115432106275e-12,1,"[0, 0, 0.11017777777777778, 0, 1.0, 0, 1]",1.375187522771372e-09
0.11047222222222224,0,-9.116488660952111e-05,-2.2565983483856146e-07,-2.1325784533392697e-12,1,"[0, 0, 0.11047222222222224, 0, 1.0, 0, 1]",1.3670301358889034e-09
0.11076666666666667,0,-9.104896834365709e-05,-2.2462569368384216e-07,-2.117119136404811e-12,1,"[0, 0, 0.11076666666666667, 0, 1.0, 0, 1]",1.358900677844252e-09
0.11106111111111112,0,-9.093280276332176e-05,-2.2359276630327695e-07,-2.1017334303338073e-12,1,"[0, 0, 0.11106111111111112, 0, 1.0, 0, 1]",1.3507991234353555e-09
0.11135555555555555,0,-9.081638897342681e-05,-2.2256105481750725e-07,-2.08642117300824e-12,1,"[0, 0, 0.11135555555555555, 0, 1.0, 0, 1]",1.3427254474480595e-09
0.11165000000000001,0,-9.069972607285412e-05,-2.215305613580553e-07,-2.0711822022652463e-12,1,"[0, 0, 0.11165000000000001, 0, 1.0, 0, 1]",1.3346796246560625e-09
0.11194444444444444,0,-9.058281315439615e-05,-2.2050128806741695e-07,-2.056016355896877e-12,1,"[0, 0, 0.11194444444444444, 0, 1.0, 0, 1]",1.3266616298208857e-09
0.1122388888888889,0,-9.046564930469554e-05,-2.1947323709915313e-07,-2.040923471649832e-12,1,"[0, 0, 0.1122388888888889, 0, 1.0, 0, 1]",1.3186714376918114e-09
0.11253333333333333,0,-9.034823360418376e-05,-2.184464106179837e-07,-2.025903387225198e-12,1,"[0, 0, 0.11253333333333333, 0, 1.0, 0, 1]",1.3107090230058464e-09
0.11282777777777779,0,-9.023056512701948e-05,-2.1742081079988214e-07,-2.010955940278195e-12,1,"[0, 0, 0.11282777777777779, 0, 1.0, 0, 1]",1.3027743604876735e-09
0.11312222222222222,0,-9.011264294102534e-05,-2.1639643983217128e-07,-1.9960809684179024e-12,1,"[0, 0, 0.11312222222222222, 0, 1.0, 0, 1]",1.2948674248496069e-09
0.11341666666666668,0,-8.999446610762463e-05,-2.153732999136198e-07,-1.981278309206994e-12,1,"[0, 0, 0.11341666666666668, 0, 1.0, 0, 1]",1.2869881907915384e-09
0.11371111111111111,0,-8.987603368177688e-05,-2.1435139325454122e-07,-1.9665478001614827e-12,1,"[0, 0, 0.11371111111111111, 0, 1.0, 0, 1]",1.279136633000904e-09
0.11400555555555557,0,-8.975734471191219e-05,-2.133307220768918e-07,-1.9518892787504204e-12,1,"[0, 0, 0.11400555555555557, 0, 1.0, 0, 1]",1.2713127261526194e-09
0.1143,0,-8.963839823986551e-05,-2.123112886143722e-07,-1.937302582395656e-12,1,"[0, 0, 0.1143, 0, 1.0, 0, 1]",1.2635164449090523e-09
0.11459444444444446,0,-8.951919330080931e-05,-2.1129309511252837e-07,-1.9227875484715374e-12,1,"[0, 0, 0.11459444444444446, 0, 1.0, 0, 1]",1.255747763919957e-09
0.11488888888888889,0,-8.939972892318568e-05,-2.1027614382885455e-07,-1.9083440143046393e-12,1,"[0, 0, 0.11488888888888889, 0, 1.0, 0, 1]",1.2480066578224414e-09
0.11518333333333335,0,-8.928000412863758e-05,-2.092604370328976e-07,-1.8939718171734853e-12,1,"[0, 0, 0.11518333333333335, 0, 1.0, 0, 1]",1.2402931012409068e-09
0.11547777777777778,0,-8.916001793193906e-05,-2.0824597700636227e-07,-1.8796707943082638e-12,1,"[0, 0, 0.11547777777777778, 0, 1.0, 0, 1]",1.2326070687870123e-09
0.11577222222222223,0,-8.903976934092446e-05,-2.0723276604321764e-07,-1.865440782890535e-12,1,"[0, 0, 0.11577222222222223, 0, 1.0, 0, 1]",1.224948535059614e-09
0.11606666666666667,0,-8.891925735641689e-05,-2.0622080644980564e-07,-1.8512816200529537e-12,1,"[0, 0, 0.11606666666666667, 0, 1.0, 0, 1]",1.2173174746447287e-09
0.11636111111111112,0,-8.879848097215551e-05,-2.0521010054494973e-07,-1.837193142878968e-12,1,"[0, 0, 0.11636111111111112, 0, 1.0, 0, 1]",1.2097138621154753e-09
0.11665555555555555,0,-8.867743917472204e-05,-2.042006506600661e-07,-1.8231751884025328e-12,1,"[0, 0, 0.11665555555555555, 0, 1.0, 0, 1]",1.2021376720320338e-09
0.11695000000000001,0,-8.8556130943466e-05,-2.0319245913927539e-07,-1.8092275936078075e-12,1,"[0, 0, 0.11695000000000001, 0, 1.0, 0, 1]",1.1945888789415888e-09
0.11724444444444444,0,-8.843455525042923e-05,-2.021855283395164e-07,-1.7953501954288636e-12,1,"[0, 0, 0.11724444444444444, 0, 1.0, 0, 1]",1.1870674573782885e-09
0.1175388888888889,0,-8.831271106026924e-05,-2.0117986063066058e-07,-1.781542830749378e-12,1,"[0, 0, 0.1175388888888889, 0, 1.0, 0, 1]",1.1795733818631884e-09
0.11783333333333333,0,-8.819059733018134e-05,-2.0017545839562857e-07,-1.7678053364023277e-12,1,"[0, 0, 0.11783333333333333, 0, 1.0, 0, 1]",1.1721066269042067e-09
0.11812777777777779,0,-8.806821300982018e-05,-1.9917232403050802e-07,-1.754137549169691e-12,1,"[0, 0, 0.11812777777777779, 0, 1.0, 0, 1]",1.164667166996072e-09
0.11842222222222222,0,-8.794555704121945e-05,-1.9817045994467282e-07,-1.740539305782126e-12,1,"[0, 0, 0.11842222222222222, 0, 1.0, 0, 1]",1.1572549766202676e-09
0.11871666666666668,0,-8.782262835871147e-05,-1.9716986856090337e-07,-1.727010442918666e-12,1,"[0, 0, 0.11871666666666668, 0, 1.0, 0, 1]",1.1498700302449983e-09
0.11901111111111111,0,-8.76994258888445e-05,-1.9617055231550964e-07,-1.7135507972063978e-12,1,"[0, 0, 0.11901111111111111, 0, 1.0, 0, 1]",1.1425123023251176e-09
0.11930555555555557,0,-8.757594855030009e-05,-1.951725136584546e-07,-1.7001602052201527e-12,1,"[0, 0, 0.11930555555555557, 0, 1.0, 0, 1]",1.1351817673020971e-09
0.1196,0,-8.745219525380828e-05,-1.9417575505347966e-07,-1.686838503482174e-12,1,"[0, 0, 0.1196, 0, 1.0, 0, 1]",1.1278783996039624e-09
0.11989444444444446,0,-8.732816490206221e-05,-1.9318027897823162e-07,-1.6735855284617963e-12,1,"[0, 0, 0.11989444444444446, 0, 1.0, 0, 1]",1.1206021736452483e-09
0.12018888888888889,0,-8.720385638963129e-05,-1.9218608792439175e-07,-1.6604011165751218e-12,1,"[0, 0, 0.12018888888888889, 0, 1.0, 0, 1]",1.113353063826945e-09
0.12048333333333335,0,-8.707926860287315e-05,-1.911931843978056e-07,-1.6472851041846804e-12,1,"[0, 0, 0.12048333333333335, 0, 1.0, 0, 1]",1.1061310445364445e-09
0.12077777777777778,0,-8.695440041984455e-05,-1.9020157091861552e-07,-1.6342373275991069e-12,1,"[0, 0, 0.12077777777777778, 0, 1.0, 0, 1]",1.0989360901474971e-09
0.12107222222222223,0,-8.682925071021078e-05,-1.892112500213941e-07,-1.6212576230727961e-12,1,"[0, 0, 0.12107222222222223, 0, 1.0, 0, 1]",1.091768175020151e-09
0.12136666666666666,0,-8.67038183351538e-05,-1.882222242552801e-07,-1.6083458268055678e-12,1,"[0, 0, 0.12136666666666666, 0, 1.0, 0, 1]",1.0846272735007035e-09
0.12166111111111112,0,-8.657810214727925e-05,-1.8723449618411486e-07,-1.595501774942315e-12,1,"[0, 0, 0.12166111111111112, 0, 1.0, 0, 1]",1.0775133599216472e-09
0.12195555555555555,0,-8.645210099052193e-05,-1.8624806838658255e-07,-1.582725303572668e-12,1,"[0, 0, 0.12195555555555555, 0, 1.0, 0, 1]",1.0704264086016234e-09
0.12225000000000001,0,-8.632581370004998e-05,-1.852629434563501e-07,-1.5700162487306343e-12,1,"[0, 0, 0.12225000000000001, 0, 1.0, 0, 1]",1.0633663938453576e-09
0.12254444444444444,0,-8.619923910216781e-05,-1.842791240022107e-07,-1.5573744463942535e-12,1,"[0, 0, 0.12254444444444444, 0, 1.0, 0, 1]",1.0563332899436177e-09
0.1228388888888889,0,-8.607237601421736e-05,-1.832966126482279e-07,-1.5447997324852308e-12,1,"[0, 0, 0.1228388888888889, 0, 1.0, 0, 1]",1.0493270711731567e-09
0.12313333333333333,0,-8.594522324447822e-05,-1.823154120338829e-07,-1.5322919428685866e-12,1,"[0, 0, 0.12313333333333333, 0, 1.0, 0, 1]",1.0423477117966555e-09
0.12342777777777779,0,-8.581777959206611e-05,-1.813355248142224e-07,-1.5198509133522852e-12,1,"[0, 0, 0.12342777777777779, 0, 1.0, 0, 1]",1.0353951860626762e-09
0.12372222222222222,0,-8.56900438468299e-05,-1.8035695366001016e-07,-1.5074764796868723e-12,1,"[0, 0, 0.12372222222222222, 0, 1.0, 0, 1]",1.028469468205604e-09
0.12401666666666668,0,-8.556201478924705e-05,-1.793797012578782e-07,-1.4951684775650934e-12,1,"[0, 0, 0.12401666666666668, 0, 1.0, 0, 1]",1.0215705324455902e-09
0.12431111111111111,0,-8.543369119031795e-05,-1.7840377031048318e-07,-1.4829267426215362e-12,1,"[0, 0, 0.12431111111111111, 0, 1.0, 0, 1]",1.014698352988505e-09
0.12460555555555557,0,-8.530507181145793e-05,-1.7742916353666197e-07,-1.4707511104322359e-12,1,"[0, 0, 0.12460555555555557, 0, 1.0, 0, 1]",1.007852904025881e-09
0.1249,0,-8.51761554043884e-05,-1.76455883671591e-07,-1.4586414165143006e-12,1,"[0, 0, 0.1249, 0, 1.0, 0, 1]",1.0010341597348524e-09
0.12519444444444444,0,-8.504694071102587e-05,-1.7548393346694725e-07,-1.446597496325519e-12,1,"[0, 0, 0.12519444444444444, 0, 1.0, 0, 1]",9.942420942781042e-10
0.12548888888888887,0,-8.491742646336972e-05,-1.7451331569107195e-07,-1.4346191852639799e-12,1,"[0, 0, 0.12548888888888887, 0, 1.0, 0, 1]",9.874766818038217e-10
0.12578333333333336,0,-8.478761138338801e-05,-1.7354403312913554e-07,-1.4227063186676673e-12,1,"[0, 0, 0.12578333333333336, 0, 1.0, 0, 1]",9.807378964456225e-10
0.1260777777777778,0,-8.465749418290164e-05,-1.7257608858330646e-07,-1.4108587318140731e-12,1,"[0, 0, 0.1260777777777778, 0, 1.0, 0, 1]",9.740257123225204e-10
0.12637222222222222,0,-8.452707356346675e-05,-1.716094848729202e-07,-1.3990762599197805e-12,1,"[0, 0, 0.12637222222222222, 0, 1.0, 0, 1]",9.673401035388453e-10
0.12666666666666665,0,-8.43963482162555e-05,-1.706442248346528e-07,-1.3873587381400705e-12,1,"[0, 0, 0.12666666666666665, 0, 1.0, 0, 1]",9.606810441842068e-10
0.12696111111111114,0,-8.426531682193482e-05,-1.6968031132269519e-07,-1.3757060015685026e-12,1,"[0, 0, 0.12696111111111114, 0, 1.0, 0, 1]",9.540485083334273e-10
0.12725555555555557,0,-8.41339780505435e-05,-1.6871774720893166e-07,-1.3641178852365075e-12,1,"[0, 0, 0.12725555555555557, 0, 1.0, 0, 1]",9.474424700464905e-10
0.12755,0,-8.400233056136726e-05,-1.677565353831185e-07,-1.352594224112959e-12,1,"[0, 0, 0.12755, 0, 1.0, 0, 1]",9.408629033684822e-10
0.12784444444444443,0,-8.387037300281216e-05,-1.667966787530674e-07,-1.3411348531037587e-12,1,"[0, 0, 0.12784444444444443, 0, 1.0, 0, 1]",9.343097823295334e-10
0.1281388888888889,0,-8.373810401227544e-05,-1.6583818024483008e-07,-1.329739607051395e-12,1,"[0, 0, 0.1281388888888889, 0, 1.0, 0, 1]",9.277830809447593e-10
0.12843333333333334,0,-8.360552221601546e-05,-1.648810428028869e-07,-1.3184083207345326e-12,1,"[0, 0, 0.12843333333333334, 0, 1.0, 0, 1]",9.212827732142134e-10
0.12872777777777777,0,-8.34726262290185e-05,-1.6392526939033608e-07,-1.3071408288675517e-12,1,"[0, 0, 0.12872777777777777, 0, 1.0, 0, 1]",9.148088331228161e-10
0.1290222222222222,0,-8.333941465486404e-05,-1.6297086298908756e-07,-1.2959369661001175e-12,1,"[0, 0, 0.1290222222222222, 0, 1.0, 0, 1]",9.08361234640304e-10
0.1293166666666667,0,-8.32058860855881e-05,-1.620178266000589e-07,-1.2847965670167329e-12,1,"[0, 0, 0.1293166666666667, 0, 1.0, 0, 1]",9.019399517211683e-10
0.12961111111111112,0,-8.307203910154402e-05,-1.6106616324337438e-07,-1.273719466136288e-12,1,"[0, 0, 0.12961111111111112, 0, 1.0, 0, 1]",8.955449583046035e-10
0.12990555555555555,0,-8.293787227126132e-05,-1.6011587595856585e-07,-1.2627054979115974e-12,1,"[0, 0, 0.12990555555555555, 0, 1.0, 0, 1]",8.891762283144412e-10
0.13019999999999998,0,-8.280338415130239e-05,-1.591669678047781e-07,-1.251754496728946e-12,1,"[0, 0, 0.13019999999999998, 0, 1.0, 0, 1]",8.828337356590896e-10
0.13049444444444447,0,-8.266857328611662e-05,-1.5821944186097615e-07,-1.2408662969076168e-12,1,"[0, 0, 0.13049444444444447, 0, 1.0, 0, 1]",8.765174542314813e-10
0.1307888888888889,0,-8.253343820789252e-05,-1.5727330122615646e-07,-1.2300407326994257e-12,1,"[0, 0, 0.1307888888888889, 0, 1.0, 0, 1]",8.702273579090123e-10
0.13108333333333333,0,-8.239797743640746e-05,-1.563285490195599e-07,-1.2192776382882396e-12,1,"[0, 0, 0.13108333333333333, 0, 1.0, 0, 1]",8.639634205534793e-10
0.13137777777777776,0,-8.226218947887464e-05,-1.553851883808893e-07,-1.2085768477894924e-12,1,"[0, 0, 0.13137777777777776, 0, 1.0, 0, 1]",8.577256160110177e-10
0.13167222222222225,0,-8.212607282978839e-05,-1.5444322247052928e-07,-1.197938195249705e-12,1,"[0, 0, 0.13167222222222225, 0, 1.0, 0, 1]",8.515139181120523e-10
0.13196666666666668,0,-8.198962597076603e-05,-1.5350265446977054e-07,-1.1873615146459904e-12,1,"[0, 0, 0.13196666666666668, 0, 1.0, 0, 1]",8.453283006712261e-10
0.1322611111111111,0,-8.185284737038781e-05,-1.5256348758103557e-07,-1.1768466398855473e-12,1,"[0, 0, 0.1322611111111111, 0, 1.0, 0, 1]",8.391687374873412e-10
0.13255555555555554,0,-8.17157354840343e-05,-1.5162572502810984e-07,-1.1663934048051703e-12,1,"[0, 0, 0.13255555555555554, 0, 1.0, 0, 1]",8.33035202343305e-10
0.13285000000000002,0,-8.157828875372053e-05,-1.5068937005637478e-07,-1.1560016431707236e-12,1,"[0, 0, 0.13285000000000002, 0, 1.0, 0, 1]",8.269276690060609e-10
0.13314444444444445,0,-8.14405056079283e-05,-1.4975442593304606e-07,-1.145671188676644e-12,1,"[0, 0, 0.13314444444444445, 0, 1.0, 0, 1]",8.208461112265326e-10
0.13343888888888888,0,-8.130238446143491e-05,-1.4882089594741344e-07,-1.1354018749454035e-12,1,"[0, 0, 0.13343888888888888, 0, 1.0, 0, 1]",8.147905027395593e-10
0.13373333333333332,0,-8.116392371513958e-05,-1.478887834110859e-07,-1.1251935355269888e-12,1,"[0, 0, 0.13373333333333332, 0, 1.0, 0, 1]",8.087608172638362e-10
0.1340277777777778,0,-8.102512175588695e-05,-1.4695809165823994e-07,-1.1150460038983682e-12,1,"[0, 0, 0.1340277777777778, 0, 1.0, 0, 1]",8.027570285018488e-10
0.13432222222222223,0,-8.088597695628754e-05,-1.460288240458721e-07,-1.1049591134629552e-12,1,"[0, 0, 0.13432222222222223, 0, 1.0, 0, 1]",7.967791101398204e-10
0.13461666666666666,0,-8.074648767453528e-05,-1.4510098395405425e-07,-1.094932697550055e-12,1,"[0, 0, 0.13461666666666666, 0, 1.0, 0, 1]",7.908270358476335e-10
0.1349111111111111,0,-8.060665225422201e-05,-1.441745747861944e-07,-1.0849665894143177e-12,1,"[0, 0, 0.1349111111111111, 0, 1.0, 0, 1]",7.849007792787837e-10
0.13520555555555558,0,-8.046646902414873e-05,-1.4324959996930024e-07,-1.0750606222351739e-12,1,"[0, 0, 0.13520555555555558, 0, 1.0, 0, 1]",7.790003140703029e-10
0.1355,0,-8.032593629813427e-05,-1.4232606295424835e-07,-1.0652146291162837e-12,1,"[0, 0, 0.1355, 0, 1.0, 0, 1]",7.731256138427123e-10
0.13579444444444444,0,-8.018505237481963e-05,-1.4140396721605547e-07,-1.0554284430849441e-12,1,"[0, 0, 0.13579444444444444, 0, 1.0, 0, 1]",7.672766521999394e-10
0.13608888888888887,0,-8.004381553747039e-05,-1.404833162541561e-07,-1.045701897091528e-12,1,"[0, 0, 0.13608888888888887, 0, 1.0, 0, 1]",7.614534027292698e-10
0.13638333333333336,0,-7.990222405377436e-05,-1.3956411359268336e-07,-1.0360348240088833e-12,1,"[0, 0, 0.13638333333333336, 0, 1.0, 0, 1]",7.556558390012753e-10
0.1366777777777778,0,-7.976027617563708e-05,-1.3864636278075534e-07,-1.0264270566317586e-12,1,"[0, 0, 0.1366777777777778, 0, 1.0, 0, 1]",7.498839345697558e-10
0.13697222222222222,0,-7.961797013897287e-05,-1.377300673927644e-07,-1.016878427676186e-12,1,"[0, 0, 0.13697222222222222, 0, 1.0, 0, 1]",7.441376629716689e-10
0.13726666666666665,0,-7.947530416349269e-05,-1.3681523102867242e-07,-1.007388769778881e-12,1,"[0, 0, 0.13726666666666665, 0, 1.0, 0, 1]",7.384169977270705e-10
0.13756111111111113,0,-7.933227645248839e-05,-1.3590185731431074e-07,-9.97957915496628e-13,1,"[0, 0, 0.13756111111111113, 0, 1.0, 0, 1]",7.327219123390421e-10
0.13785555555555556,0,-7.918888519261309e-05,-1.3498994990168478e-07,-9.885856973056604e-13,1,"[0, 0, 0.13785555555555556, 0, 1.0, 0, 1]",7.270523802936393e-10
0.13815,0,-7.904512855365787e-05,-1.340795124692828e-07,-9.79271947601026e-13,1,"[0, 0, 0.13815, 0, 1.0, 0, 1]",7.214083750598132e-10
0.13844444444444443,0,-7.890100468832443e-05,-1.331705487223911e-07,-9.700164986959521e-13,1,"[0, 0, 0.13844444444444443, 0, 1.0, 0, 1]",7.157898700893546e-10
0.1387388888888889,0,-7.87565117319937e-05,-1.3226306239341333e-07,-9.608191828211961e-13,1,"[0, 0, 0.1387388888888889, 0, 1.0, 0, 1]",7.101968388168195e-10
0.13903333333333334,0,-7.861164780249091e-05,-1.3135705724219626e-07,-9.516798321244036e-13,1,"[0, 0, 0.13903333333333334, 0, 1.0, 0, 1]",7.046292546594706e-10
0.13932777777777777,0,-7.846641099984579e-05,-1.3045253705635876e-07,-9.425982786694304e-13,1,"[0, 0, 0.13932777777777777, 0, 1.0, 0, 1]",6.990870910172063e-10
0.1396222222222222,0,-7.832079940604904e-05,-1.295495056516288e-07,-9.33574354435684e-13,1,"[0, 0, 0.1396222222222222, 0, 1.0, 0, 1]",6.93570321272501e-10
0.1399166666666667,0,-7.817481108480419e-05,-1.2864796687218417e-07,-9.246078913174382e-13,1,"[0, 0, 0.1399166666666667, 0, 1.0, 0, 1]",6.880789187903279e-10
0.14021111111111112,0,-7.802844408127543e-05,-1.277479245910005e-07,-9.156987211231548e-13,1,"[0, 0, 0.14021111111111112, 0, 1.0, 0, 1]",6.826128569181024e-10
0.14050555555555555,0,-7.78816964218303e-05,-1.2684938271020323e-07,-9.068466755747764e-13,1,"[0, 0, 0.14050555555555555, 0, 1.0, 0, 1]",6.771721089856118e-10
0.14079999999999998,0,-7.773456611377828e-05,-1.259523451614272e-07,-8.980515863070277e-13,1,"[0, 0, 0.14079999999999998, 0, 1.0, 0, 1]",6.717566483049408e-10
0.14109444444444447,0,-7.758705114510462e-05,-1.2505681590618144e-07,-8.893132848667013e-13,1,"[0, 0, 0.14109444444444447, 0, 1.0, 0, 1]",6.663664481704195e-10
0.1413888888888889,0,-7.7439149484199e-05,-1.2416279893622113e-07,-8.806316027119352e-13,1,"[0, 0, 0.1413888888888889, 0, 1.0, 0, 1]",6.610014818585401e-10
0.14168333333333333,0,-7.729085907957957e-05,-1.232702982739242e-07,-8.720063712114749e-13,1,"[0, 0, 0.14168333333333333, 0, 1.0, 0, 1]",6.556617226278972e-10
0.14197777777777776,0,-7.714217785961185e-05,-1.2237931797267628e-07,-8.634374216439359e-13,1,"[0, 0, 0.14197777777777776, 0, 1.0, 0, 1]",6.503471437191182e-10
0.14227222222222224,0,-7.699310373222237e-05,-1.2148986211726085e-07,-8.549245851970453e-13,1,"[0, 0, 0.14227222222222224, 0, 1.0, 0, 1]",6.450577183547932e-10
0.14256666666666667,0,-7.684363458460755e-05,-1.2060193482425785e-07,-8.464676929668936e-13,1,"[0, 0, 0.14256666666666667, 0, 1.0, 0, 1]",6.397934197394138e-10
0.1428611111111111,0,-7.669376828293634e-05,-1.1971554024244702e-07,-8.380665759571456e-13,1,"[0, 0, 0.1428611111111111, 0, 1.0, 0, 1]",6.345542210592927e-10
0.14315555555555554,0,-7.654350267204791e-05,-1.1883068255322003e-07,-8.297210650782654e-13,1,"[0, 0, 0.14315555555555554, 0, 1.0, 0, 1]",6.293400954825014e-10
0.14345000000000002,0,-7.639283557514382e-05,-1.1794736597099912e-07,-8.214309911467233e-13,1,"[0, 0, 0.14345000000000002, 0, 1.0, 0, 1]",6.241510161588021e-10
0.14374444444444445,0,-7.624176479347402e-05,-1.1706559474366394e-07,-8.131961848841944e-13,1,"[0, 0, 0.14374444444444445, 0, 1.0, 0, 1]",6.189869562195768e-10
0.14403888888888888,0,-7.609028810601708e-05,-1.1618537315298408e-07,-8.050164769167337e-13,1,"[0, 0, 0.14403888888888888, 0, 1.0, 0, 1]",6.138478887777557e-10
0.1443333333333333,0,-7.593840326915481e-05,-1.15306705515062e-07,-7.968916977739652e-13,1,"[0, 0, 0.1443333333333333, 0, 1.0, 0, 1]",6.087337869277538e-10
0.1446277777777778,0,-7.578610801633986e-05,-1.1442959618078088e-07,-7.888216778882271e-13,1,"[0, 0, 0.1446277777777778, 0, 1.0, 0, 1]",6.036446237453854e-10
0.14492222222222223,0,-7.563340005775781e-05,-1.13554049536264e-07,-7.80806247593739e-13,1,"[0, 0, 0.14492222222222223, 0, 1.0, 0, 1]",5.985803722878174e-10
0.14521666666666666,0,-7.548027707998263e-05,-1.1268007000333881e-07,-7.728452371257334e-13,1,"[0, 0, 0.14521666666666666, 0, 1.0, 0, 1]",5.935410055934804e-10
0.1455111111111111,0,-7.532673674562504e-05,-1.1180766204001191e-07,-7.64938476619582e-13,1,"[0, 0, 0.1455111111111111, 0, 1.0, 0, 1]",5.885264966820079e-10
0.14580555555555558,0,-7.517277669297458e-05,-1.1093683014095179e-07,-7.570857961099112e-13,1,"[0, 0, 0.14580555555555558, 0, 1.0, 0, 1]",5.835368185541544e-10
0.1461,0,-7.501839453563473e-05,-1.1006757883798079e-07,-7.492870255297101e-13,1,"[0, 0, 0.1461, 0, 1.0, 0, 1]",5.785719441917379e-10
0.14639444444444444,0,-7.486358786215078e-05,-1.0919991270057528e-07,-7.415419947094128e-13,1,"[0, 0, 0.14639444444444444, 0, 1.0, 0, 1]",5.73631846557565e-10
0.14668888888888887,0,-7.470835423563062e-05,-1.0833383633637617e-07,-7.338505333759832e-13,1,"[0, 0, 0.14668888888888887, 0, 1.0, 0, 1]",5.687164985953528e-10
0.14698333333333335,0,-7.455269119335772e-05,-1.0746935439170777e-07,-7.262124711519689e-13,1,"[0, 0, 0.14698333333333335, 0, 1.0, 0, 1]",5.638258732296606e-10
0.14727777777777779,0,-7.4396596246397e-05,-1.0660647155210818e-07,-7.186276375545634e-13,1,"[0, 0, 0.14727777777777779, 0, 1.0, 0, 1]",5.589599433658317e-10
0.14757222222222222,0,-7.424006687919266e-05,-1.0574519254286684e-07,-7.110958619946322e-13,1,"[0, 0, 0.14757222222222222, 0, 1.0, 0, 1]",5.541186818898939e-10
0.14786666666666665,0,-7.408310054915792e-05,-1.048855221295748e-07,-7.036169737757411e-13,1,"[0, 0, 0.14786666666666665, 0, 1.0, 0, 1]",5.493020616685149e-10
0.14816111111111113,0,-7.392569468625684e-05,-1.0402746511868374e-07,-6.961908020931613e-13,1,"[0, 0, 0.14816111111111113, 0, 1.0, 0, 1]",5.445100555489129e-10
0.14845555555555556,0,-7.376784669257758e-05,-1.0317102635807715e-07,-6.888171760328684e-13,1,"[0, 0, 0.14845555555555556, 0, 1.0, 0, 1]",5.397426363587958e-10
0.14875,0,-7.360955394189728e-05,-1.0231621073765023e-07,-6.814959245705151e-13,1,"[0, 0, 0.14875, 0, 1.0, 0, 1]",5.349997769062814e-10
0.14904444444444442,0,-7.345081377923762e-05,-1.01463023189903e-07,-6.742268765703944e-13,1,"[0, 0, 0.14904444444444442, 0, 1.0, 0, 1]",5.302814499798201e-10
0.1493388888888889,0,-7.329162352041241e-05,-1.0061146869054396e-07,-6.670098607843962e-13,1,"[0, 0, 0.1493388888888889, 0, 1.0, 0, 1]",5.25587628348139e-10
0.14963333333333334,0,-7.313198045156473e-05,-9.976155225910553e-08,-6.598447058509316e-13,1,"[0, 0, 0.14963333333333334, 0, 1.0, 0, 1]",5.20918284760154e-10
0.14992777777777777,0,-7.297188182869553e-05,-9.891327895957124e-08,-6.527312402938523e-13,1,"[0, 0, 0.14992777777777777, 0, 1.0, 0, 1]",5.162733919449046e-10
0.1502222222222222,0,-7.281132487718214e-05,-9.806665390101553e-08,-6.456692925213506e-13,1,"[0, 0, 0.1502222222222222, 0, 1.0, 0, 1]",5.116529226114751e-10
0.1505166666666667,0,-7.265030679128667e-05,-9.722168223825574e-08,-6.386586908248374e-13,1,"[0, 0, 0.1505166666666667, 0, 1.0, 0, 1]",5.070568494489248e-10
0.15081111111111112,0,-7.248882473365485e-05,-9.63783691725183e-08,-6.316992633778191e-13,1,"[0, 0, 0.15081111111111112, 0, 1.0, 0, 1]",5.024851451262151e-10
0.15110555555555555,0,-7.232687583480378e-05,-9.553671995211551e-08,-6.247908382347354e-13,1,"[0, 0, 0.15110555555555555, 0, 1.0, 0, 1]",4.979377822921393e-10
0.15139999999999998,0,-7.21644571925993e-05,-9.469673987313876e-08,-6.179332433297964e-13,1,"[0, 0, 0.15139999999999998, 0, 1.0, 0, 1]",4.934147335752384e-10
0.15169444444444447,0,-7.200156587172202e-05,-9.38584342801633e-08,-6.111263064757875e-13,1,"[0, 0, 0.15169444444444447, 0, 1.0, 0, 1]",4.889159715837387e-10
0.1519888888888889,0,-7.183819890312296e-05,-9.302180856696941e-08,-6.043698553628778e-13,1,"[0, 0, 0.1519888888888889, 0, 1.0, 0, 1]",4.84441468905475e-10
0.15228333333333333,0,-7.167435328346622e-05,-9.218686817727531e-08,-5.97663717557374e-13,1,"[0, 0, 0.15228333333333333, 0, 1.0, 0, 1]",4.799911981078106e-10
0.15257777777777776,0,-7.151002597456131e-05,-9.135361860548835e-08,-5.910077205004964e-13,1,"[0, 0, 0.15257777777777776, 0, 1.0, 0, 1]",4.755651317375738e-10
0.15285625,0,-7.135416666666663e-05,-9.056712962962956e-08,-5.847587585449209e-13,1,"[0, 0, 0.15285625, 0, 1.0, 0, 1]",4.714014043436421e-10
0.15285625,1,0.0002098958333333334,-5.007233796296298e-07,2.477680206298831e-12,1,"[0, 0, 0.15285625, 0, 1.0, 0, 1]",1.2453854741678608e-09
0.15287222222222224,0,-7.134521390278199e-05,-9.052206539746832e-08,-5.844016915070967e-13,1,"[0, 0, 0.15287222222222224, 0, 1.0, 0, 1]",4.711632423209731e-10
0.15287222222222224,1,0.00021147777253969428,-5.061620701966732e-07,2.5404872202801892e-12,1,"[0, 0, 0.15287222222222224, 0, 1.0, 0, 1]",1.269872117475596e-09
0.15287222222222224,2,0.00020827929833092392,-4.952009521490551e-07,2.4141638462187047e-12,1,"[0, 0, 0.15287222222222224, 0, 1.0, 0, 1]",1.2205258862116416e-09
0.15316666666666667,0,-7.117991395847367e-05,-8.96922141513094e-08,-5.778454577643881e-13,1,"[0, 0, 0.15316666666666667, 0, 1.0, 0, 1]",4.667855023635361e-10
0.15316666666666667,1,0.00021660810084520585,-5.240516721223359e-07,2.7480363192468845e-12,1,"[0, 0, 0.15316666666666667, 0, 1.0, 0, 1]",1.3501886110236404e-09
0.15316666666666667,2,0.0002025109463577441,-4.757669511380613e-07,2.1935491265697897e-12,1,"[0, 0, 0.15316666666666667, 0, 1.0, 0, 1]",1.1333427140269289e-09
0.1534611111111111,0,-7.101412299534726e-05,-8.886407051813583e-08,-5.713388463306299e-13,1,"[0, 0, 0.1534611111111111, 0, 1.0, 0, 1]",4.624318843500197e-10
0.1534611111111111,1,0.00021907710974635169,-5.328108098488201e-07,2.8495989930802365e-12,1,"[0, 0, 0.1534611111111111, 0, 1.0, 0, 1]",1.3892029129282273e-09
0.1534611111111111,2,0.00019940342277011223,-4.654620307157796e-07,2.078941707696194e-12,1,"[0, 0, 0.1534611111111111, 0, 1.0, 0, 1]",1.0874778092422347e-09
0.15375555555555553,0,-7.084783782986013e-05,-8.803764020291532e-08,-5.648816841338023e-13,1,"[0, 0, 0.15375555555555553, 0, 1.0, 0, 1]",4.5810236074435137e-10
0.15375555555555553,1,0.0002209124623360235,-5.393917350750596e-07,2.925566814238389e-12,1,"[0, 0, 0.15375555555555553, 0, 1.0, 0, 1]",1.4182852542246014e-09
0.15375555555555553,2,0.0001969290612915939,-4.573339334783077e-07,1.9899499715389144e-12,1,"[0, 0, 0.15375555555555553, 0, 1.0, 0, 1]",1.0515609381027865e-09
0.15405000000000002,0,-7.06810552405838e-05,-8.721292896528931e-08,-5.584737979702613e-13,1,"[0, 0, 0.15405000000000002, 0, 1.0, 0, 1]",4.537969039895426e-10
0.15405000000000002,1,0.00022241385758257372,-5.448227914115104e-07,2.9878912142785203e-12,1,"[0, 0, 0.15405000000000002, 0, 1.0, 0, 1]",1.442091745701817e-09
0.15405000000000002,2,0.00019478815973240693,-4.5035431005554463e-07,1.9146224407912616e-12,1,"[0, 0, 0.15405000000000002, 0, 1.0, 0, 1]",1.0209359871226375e-09
0.15434444444444445,0,-7.051377196755739e-05,-8.638994262042095e-08,-5.52115014503368e-13,1,"[0, 0, 0.15434444444444445, 0, 1.0, 0, 1]",4.4951548650762886e-10
0.15434444444444445,1,0.00022370000041399768,-5.495115198217076e-07,3.041327533898833e-12,1,"[0, 0, 0.15434444444444445, 0, 1.0, 0, 1]",1.46247261900199e-09
0.15434444444444445,2,0.00019286200990459702,-4.441156136687973e-07,1.8482037288556244e-12,1,"[0, 0, 0.15434444444444445, 0, 1.0, 0, 1]",9.937527219855204e-10
0.15463888888888888,0,-7.034598471162689e-05,-8.556868703985999e-08,-5.458051602620919e-13,1,"[0, 0, 0.15463888888888888, 0, 1.0, 0, 1]",4.452580806995784e-10
0.15463888888888888,1,0.00022483241009100754,-5.536692456811672e-07,3.0883511286145334e-12,1,"[0, 0, 0.15463888888888888, 0, 1.0, 0, 1]",1.4803897888423779e-09
0.15463888888888888,2,0.00019108908924829707,-4.3840651307099875e-07,1.7882184341658835e-12,1,"[0, 0, 0.15463888888888888, 0, 1.0, 0, 1]",9.690492253227736e-10
0.1549333333333333,0,-7.017769013377011e-05,-8.47491681524265e-08,-5.395440616395977e-13,1,"[0, 0, 0.1549333333333333, 0, 1.0, 0, 1]",4.4102465894522754e-10
0.1549333333333333,1,0.0002258478630244369,-5.574223677340142e-07,3.1304482513888815e-12,1,"[0, 0, 0.1549333333333333, 0, 1.0, 0, 1]",1.4964200836899738e-09
0.1549333333333333,2,0.00018943261801365058,-4.331006035891994e-07,1.7331802575550612e-12,1,"[0, 0, 0.1549333333333333, 0, 1.0, 0, 1]",9.462486660388618e-10
0.1552277777777778,0,-7.000888485440611e-05,-8.393139194511407e-08,-5.333315448918028e-13,1,"[0, 0, 0.1552277777777778, 0, 1.0, 0, 1]",4.368151936032116e-10
0.1552277777777778,1,0.0002267704241629991,-5.608536398100838e-07,3.168595697353034e-12,1,"[0, 0, 0.1552277777777778, 0, 1.0, 0, 1]",1.5109421282569798e-09
0.1552277777777778,2,0.00018786852787236504,-4.2811512540657846e-07,1.6821123575341579e-12,1,"[0, 0, 0.1552277777777778, 0, 1.0, 0, 1]",9.249724168160106e-10
0.15552222222222223,0,-6.983956545268994e-05,-8.311536446401167e-08,-5.271674361359204e-13,1,"[0, 0, 0.15552222222222223, 0, 1.0, 0, 1]",4.326296570108794e-10
0.15552222222222223,1,0.00022761686180585827,-5.640207544507921e-07,3.2034770746160403e-12,1,"[0, 0, 0.15552222222222223, 0, 1.0, 0, 1]",1.524220564827351e-09
0.15552222222222223,2,0.0001863800471044295,-4.233923799356231e-07,1.634331079480344e-12,1,"[0, 0, 0.15552222222222223, 0, 1.0, 0, 1]",9.049558327876319e-10
0.15581666666666666,0,-6.966972846579051e-05,-8.230109181524462e-08,-5.21051561348958e-13,1,"[0, 0, 0.15581666666666666, 0, 1.0, 0, 1]",4.2846802148422624e-10
0.15581666666666666,1,0.00022839941458621714,-5.669658414447605e-07,3.2355935223056772e-12,1,"[0, 0, 0.15581666666666666, 0, 1.0, 0, 1]",1.5364491476809586e-09
0.15581666666666666,2,0.0001849549336138111,-4.1889023128159007e-07,1.589335237595074e-12,1,"[0, 0, 0.15581666666666666, 0, 1.0, 0, 1]",8.860051571143664e-10
0.1561111111111111,0,-6.949937038815335e-05,-8.148858016593768e-08,-5.149837463662168e-13,1,"[0, 0, 0.1561111111111111, 0, 1.0, 0, 1]",4.243302593178182e-10
0.1561111111111111,1,0.0002291273397313672,-5.697207839602038e-07,3.2653257753492958e-12,1,"[0, 0, 0.1561111111111111, 0, 1.0, 0, 1]",1.547774888152138e-09
0.1561111111111111,2,0.00018358392666766444,-4.1457679010914274e-07,1.546744050121433e-12,1,"[0, 0, 0.1561111111111111, 0, 1.0, 0, 1]",8.679733759255238e-10
0.15640555555555558,0,-6.93284876707456e-05,-8.067783574519776e-08,-5.089638168797433e-13,1,"[0, 0, 0.15640555555555558, 0, 1.0, 0, 1]",4.202163427847189e-10
0.15640555555555558,1,0.00022980784078662484,-5.723104047342824e-07,3.2929714211923288e-12,1,"[0, 0, 0.15640555555555558, 0, 1.0, 0, 1]",1.558312541315341e-09
0.15640555555555558,2,0.00018225981917163882,-4.104272274520076e-07,1.5062598826240785e-12,1,"[0, 0, 0.15640555555555558, 0, 1.0, 0, 1]",8.507457316334958e-10
0.1567,0,-6.915707672028464e-05,-7.986886484511881e-08,-5.029915984367701e-13,1,"[0, 0, 0.1567, 0, 1.0, 0, 1]",4.1612624413641373e-10
0.1567,1,0.0002304466541616941,-5.747544809821993e-07,3.3187684974808727e-12,1,"[0, 0, 0.1567, 0, 1.0, 0, 1]",1.5681537769661127e-09
0.1567,2,0.00018097687112274898,-4.064217598028929e-07,1.4676446503053103e-12,1,"[0, 0, 0.1567, 0, 1.0, 0, 1]",8.342305519529208e-10
0.15699444444444444,0,-6.898513389844832e-05,-7.906167382180783e-08,-4.970669164381141e-13,1,"[0, 0, 0.15699444444444444, 0, 1.0, 0, 1]",4.120599356027373e-10
0.15699444444444444,1,0.0002310484363737365,-5.770690749635738e-07,3.3429110994240304e-12,1,"[0, 0, 0.15699444444444444, 0, 1.0, 0, 1]",1.5773732422122262e-09
0.15699444444444444,2,0.00017973042236551094,-4.02544318546072e-07,1.4307042106409584e-12,1,"[0, 0, 0.15699444444444444, 0, 1.0, 0, 1]",8.183531873095828e-10
0.15728888888888887,0,-6.881265552106739e-05,-7.825626909643495e-08,-4.911895961365597e-13,1,"[0, 0, 0.15728888888888887, 0, 1.0, 0, 1]",4.0801738939179783e-10
0.15728888888888887,1,0.00023161702899816036,-5.792674445610912e-07,3.3655600774413498e-12,1,"[0, 0, 0.15728888888888887, 0, 1.0, 0, 1]",1.5860327148330695e-09
0.15728888888888887,2,0.000178516627640346,-3.987816393776845e-07,1.3952776657312893e-12,1,"[0, 0, 0.15728888888888887, 0, 1.0, 0, 1]",8.03051857481056e-10
0.15758333333333335,0,-6.863963785729947e-05,-7.745265715630532e-08,-4.853594626352099e-13,1,"[0, 0, 0.15758333333333335, 0, 1.0, 0, 1]",4.0399857768990575e-10
0.15758333333333335,1,0.0002321556454606805,-5.813606853908314e-07,3.3868505925635318e-12,1,"[0, 0, 0.15758333333333335, 0, 1.0, 0, 1]",1.5941840351936186e-09
0.15758333333333335,2,0.0001773322697906977,-3.951226201943474e-07,1.3612298068988339e-12,1,"[0, 0, 0.15758333333333335, 0, 1.0, 0, 1]",7.882747196829081e-10
0.15787777777777778,0,-6.846607712878368e-05,-7.665084455595694e-08,-4.795763408858132e-13,1,"[0, 0, 0.15787777777777778, 0, 1.0, 0, 1]",4.000034726615014e-10
0.15787777777777778,1,0.00023266700613130357,-5.833581953025072e-07,3.4068975905015676e-12,1,"[0, 0, 0.15787777777777778, 0, 1.0, 0, 1]",1.6018712294224338e-09
0.15787777777777778,2,0.0001761746246681995,-3.915578565918156e-07,1.3284456406174975e-12,1,"[0, 0, 0.15787777777777778, 0, 1.0, 0, 1]",7.739777453907068e-10
0.15817222222222221,0,-6.829196950877487e-05,-7.585083791828065e-08,-4.738400556870441e-13,1,"[0, 0, 0.15817222222222221, 0, 1.0, 0, 1]",3.9603204644907634e-10
0.15817222222222221,1,0.00023315343820322446,-5.852680178757646e-07,3.4257998560091506e-12,1,"[0, 0, 0.15817222222222221, 0, 1.0, 0, 1]",1.6091320811526617e-09
0.15817222222222221,2,0.00017504136125290996,-3.8807929836754603e-07,1.2968263341482498e-12,1,"[0, 0, 0.15817222222222221, 0, 1.0, 0, 1]",7.601231485990702e-10
0.15846666666666664,0,-6.811731112125856e-05,-7.505264393566735e-08,-4.681504316827732e-13,1,"[0, 0, 0.15846666666666664, 0, 1.0, 0, 1]",3.9208427117310315e-10
0.15846666666666664,1,0.00023361695096669983,-5.870971013551771e-07,3.443643073910261e-12,1,"[0, 0, 0.15846666666666664, 0, 1.0, 0, 1]",1.615999317584989e-09
0.15846666666666664,2,0.0001739304663785584,-3.8467999058457554e-07,1.2662861545100804e-12,1,"[0, 0, 0.15846666666666664, 0, 1.0, 0, 1]",7.466781997588498e-10
0.15876111111111113,0,-6.794209804004423e-05,-7.425626937118021e-08,-4.62507293360293e-13,1,"[0, 0, 0.15876111111111113, 0, 1.0, 0, 1]",3.8816011893196254e-10
0.15876111111111113,1,0.00023405929350480862,-5.888514971629462e-07,3.4605021794934342e-12,1,"[0, 0, 0.15876111111111113, 0, 1.0, 0, 1]",1.6225015197427304e-09
0.15876111111111113,2,0.00017284018703587513,-3.8135387505763883e-07,1.2367501180838218e-12,1,"[0, 0, 0.15876111111111113, 0, 1.0, 0, 1]",7.336143155220738e-10
0.15905555555555556,0,-6.776632628783748e-05,-7.346172105975486e-08,-4.569104650485208e-13,1,"[0, 0, 0.15905555555555556, 0, 1.0, 0, 1]",3.84259561801874e-10
0.15905555555555556,1,0.00023448199958262715,-5.905365143829742e-07,3.4764431904554254e-12,1,"[0, 0, 0.15905555555555556, 0, 1.0, 0, 1]",1.6286638315859841e-09
0.15905555555555556,2,0.00017176898548249003,-3.780956358679003e-07,1.208152158666706e-12,1,"[0, 0, 0.15905555555555556, 0, 1.0, 0, 1]",7.209063496279027e-10
0.15935,0,-6.758999183529013e-05,-7.266900590942536e-08,-4.513597709161641e-13,1,"[0, 0, 0.15935, 0, 1.0, 0, 1]",3.8038257183680786e-10
0.15935,1,0.00023488642304213703,-5.921568415981926e-07,3.4915246539555505e-12,1,"[0, 0, 0.15935, 0, 1.0, 0, 1]",1.6345085198597557e-09
0.15935,2,0.000170715503847073,-3.749005775243942e-07,1.1804336804161696e-12,1,"[0, 0, 0.15935, 0, 1.0, 0, 1]",7.085320330545195e-10
0.15964444444444442,0,-6.741309060002679e-05,-7.187813090257965e-08,-4.458550349698447e-13,1,"[0, 0, 0.15964444444444442, 0, 1.0, 0, 1]",3.765291210684348e-10
0.15964444444444442,1,0.00023527376604788808,-5.937166441403439e-07,3.505798803445224e-12,1,"[0, 0, 0.15964444444444442, 0, 1.0, 0, 1]",1.6400554214320751e-09
0.15964444444444442,2,0.00016967853588269871,-3.71764527712987e-07,1.1535424010184558e-12,1,"[0, 0, 0.15964444444444442, 0, 1.0, 0, 1]",6.964715266811303e-10
0.1599388888888889,0,-6.723561844564942e-05,-7.108910309724426e-08,-4.403960810522114e-13,1,"[0, 0, 0.1599388888888889, 0, 1.0, 0, 1]",3.7269918150603557e-10
0.1599388888888889,1,0.00023564510187315687,-5.952196425602452e-07,3.5193124935616705e-12,1,"[0, 0, 0.1599388888888889, 0, 1.0, 0, 1]",1.6453223046286336e-09
0.1599388888888889,2,0.00016865700417969276,-3.6868375882483917e-07,1.1274314167930579e-12,1,"[0, 0, 0.1599388888888889, 0, 1.0, 0, 1]",6.847070599534053e-10
0.16023333333333334,0,-6.705757118071623e-05,-7.030192962839855e-08,-4.349827328399925e-13,1,"[0, 0, 0.16023333333333334, 0, 1.0, 0, 1]",3.688927251364389e-10
0.16023333333333334,1,0.00023600139346365012,-5.966691765711532e-07,3.5321079631364828e-12,1,"[0, 0, 0.16023333333333334, 0, 1.0, 0, 1]",1.6503251639850902e-09
0.16023333333333334,2,0.00016764994160090675,-3.6565492401171284e-07,1.1020584396821196e-12,1,"[0, 0, 0.16023333333333334, 0, 1.0, 0, 1]",6.732226361312002e-10
0.16052777777777777,0,-6.687894455769669e-05,-6.951661770931922e-08,-4.2961481384202443e-13,1,"[0, 0, 0.16052777777777777, 0, 1.0, 0, 1]",3.6510972392394195e-10
0.16052777777777777,1,0.00023634350869760235,-5.980682576244568e-07,3.5442234635371823e-12,1,"[0, 0, 0.16052777777777777, 0, 1.0, 0, 1]",1.6550784628544165e-09
0.16052777777777777,2,0.0001666564760205751,-3.626750046089413e-07,1.0773851689069922e-12,1,"[0, 0, 0.16052777777777777, 0, 1.0, 0, 1]",6.620037896813309e-10
0.1608222222222222,0,-6.66997342719008e-05,-6.873317463295779e-08,-4.2429214739724574e-13,1,"[0, 0, 0.1608222222222222, 0, 1.0, 0, 1]",3.6135014981024585e-10
0.1608222222222222,1,0.00023667223303370014,-5.994196124953218e-07,3.5556937803801523e-12,1,"[0, 0, 0.1608222222222222, 0, 1.0, 0, 1]",1.6595953347420188e-09
0.1608222222222222,2,0.00016567581767532142,-3.5974126654840736e-07,1.0533767692532417e-12,1,"[0, 0, 0.1608222222222222, 0, 1.0, 0, 1]",6.510373849424842e-10
0.16111666666666669,0,-6.651993596038158e-05,-6.795160777335032e-08,-4.190145566726453e-13,1,"[0, 0, 0.16111666666666669, 0, 1.0, 0, 1]",3.5761397471437784e-10
0.16111666666666669,1,0.00023698828007350843,-6.007257196896471e-07,3.5665506699962734e-12,1,"[0, 0, 0.16111666666666669, 0, 1.0, 0, 1]",1.6638877516575304e-09
0.16111666666666669,2,0.00016470724860063416,-3.568512239501786e-07,1.030001434603022e-12,1,"[0, 0, 0.16111666666666669, 0, 1.0, 0, 1]",6.40311447773544e-10
0.16141111111111112,0,-6.633954520081116e-05,-6.717192458706035e-08,-4.1378186466118135e-13,1,"[0, 0, 0.16141111111111112, 0, 1.0, 0, 1]",3.539011705326266e-10
0.16141111111111112,1,0.00023729230044394973,-6.019888400673002e-07,3.5768232271318863e-12,1,"[0, 0, 0.16141111111111112, 0, 1.0, 0, 1]",1.66796666587086e-09
0.16141111111111112,2,0.00016375011374726215,-3.540026084978195e-07,1.0072300202319128e-12,1,"[0, 0, 0.16141111111111112, 0, 1.0, 0, 1]",6.298150237975458e-10
0.16170555555555555,0,-6.615855751032821e-05,-6.639413261465645e-08,-4.0859389417964965e-13,1,"[0, 0, 0.16170555555555555, 0, 1.0, 0, 1]",3.5021170913846776e-10
0.16170555555555555,1,0.0002375848893153843,-6.032110427671957e-07,3.5865381967242056e-12,1,"[0, 0, 0.16170555555555555, 0, 1.0, 0, 1]",1.6718421300467335e-09
0.16170555555555555,2,0.00016280381346198532,-3.5119334351185387e-07,9.850357310315789e-13,1,"[0, 0, 0.16170555555555555, 0, 1.0, 0, 1]",6.195380582673031e-10
0.16199999999999998,0,-6.59769683443568e-05,-6.561823948222649e-08,-4.0345046786651974e-13,1,"[0, 0, 0.16199999999999998, 0, 1.0, 0, 1]",3.4654556238249056e-10
0.16199999999999998,1,0.00023786659280304053,-6.043942272866252e-07,3.595720239843124e-12,1,"[0, 0, 0.16199999999999998, 0, 1.0, 0, 1]",1.6755233996661878e-09
0.16199999999999998,2,0.00016186779708499726,-3.484215218688929e-07,9.633938555654741e-13,1,"[0, 0, 0.16199999999999998, 0, 1.0, 0, 1]",6.094712936438494e-10
0.16229444444444446,0,-6.579477309539604e-05,-6.484425290292718e-08,-3.9835140817972873e-13,1,"[0, 0, 0.16229444444444446, 0, 1.0, 0, 1]",3.4290270209233656e-10
0.16229444444444446,1,0.00023813791344812863,-6.055401423904831e-07,3.6043921618058785e-12,1,"[0, 0, 0.16229444444444446, 0, 1.0, 0, 1]",1.6790190208350078e-09
0.16229444444444446,2,0.00016094155746758848,-3.4568538709089316e-07,9.422815379523878e-13,1,"[0, 0, 0.16229444444444446, 0, 1.0, 0, 1]",5.996061817882174e-10
0.1625888888888889,0,-6.561196709177804e-05,-6.407218067857306e-08,-3.932965373944249e-13,1,"[0, 0, 0.1625888888888889, 0, 1.0, 0, 1]",3.392831000726209e-10
0.1625888888888889,1,0.00023839931493535804,-6.066504023897468e-07,3.612575108862836e-12,1,"[0, 0, 0.1625888888888889, 0, 1.0, 0, 1]",1.6823369059555243e-09
0.1625888888888889,2,0.0001600246262533812,-3.429833170650601e-07,9.216775811780496e-13,1,"[0, 0, 0.1625888888888889, 0, 1.0, 0, 1]",5.899348082896088e-10
0.16288333333333332,0,-6.542854559639559e-05,-6.33020307012627e-08,-3.882856776006765e-13,1,"[0, 0, 0.16288333333333332, 0, 1.0, 0, 1]",3.3568672810486637e-10
0.16288333333333332,1,0.00023865122617304773,-6.077265012235944e-07,3.6202887386120476e-12,1,"[0, 0, 0.16288333333333332, 0, 1.0, 0, 1]",1.6854843992574154e-09
0.16288333333333332,2,0.00015911656979694967,-3.403138099601194e-07,9.015622766784898e-13,1,"[0, 0, 0.16288333333333332, 0, 1.0, 0, 1]",5.80449826934714e-10
0.16317777777777775,0,-6.524450380539626e-05,-6.253381095504703e-08,-3.8331865070112973e-13,1,"[0, 0, 0.16317777777777775, 0, 1.0, 0, 1]",3.3211355794743914e-10
0.16317777777777775,1,0.00023889404483803115,-6.087698246969941e-07,3.6275513683244673e-12,1,"[0, 0, 0.16317777777777775, 0, 1.0, 0, 1]",1.6884683338051105e-09
0.16317777777777775,2,0.00015821698561760696,-3.3767547198704657e-07,8.819172560122948e-13,1,"[0, 0, 0.16317777777777775, 0, 1.0, 0, 1]",5.711444027003112e-10
0.16347222222222224,0,-6.505983684684349e-05,-6.176752951763712e-08,-3.783952784086195e-13,1,"[0, 0, 0.16347222222222224, 0, 1.0, 0, 1]",3.2856356133547223e-10
0.16347222222222224,1,0.00023912814046878278,-6.097816611610289e-07,3.6343801045973565e-12,1,"[0, 0, 0.16347222222222224, 0, 1.0, 0, 1]",1.6912950813033185e-09
0.16347222222222224,2,0.0001573254993049422,-3.3506700671704964e-07,8.627253612050452e-13,1,"[0, 0, 0.16347222222222224, 0, 1.0, 0, 1]",5.620121619479054e-10
0.16376666666666667,0,-6.487453977934321e-05,-6.100319456215678e-08,-3.7351538224374206e-13,1,"[0, 0, 0.16376666666666667, 0, 1.0, 0, 1]",3.250367099808038e-10
0.16376666666666667,1,0.0002393538571751968,-6.107632108715935e-07,3.640790957142232e-12,1,"[0, 0, 0.16376666666666667, 0, 1.0, 0, 1]",1.6939705957854532e-09
0.16376666666666667,2,0.00015644176180766838,-3.3248720572111383e-07,8.439705309588148e-13,1,"[0, 0, 0.16376666666666667, 0, 1.0, 0, 1]",5.530471487353045e-10
0.1640611111111111,0,-6.468860759063422e-05,-6.024081435893768e-08,-3.6867878353236615e-13,1,"[0, 0, 0.1640611111111111, 0, 1.0, 0, 1]",3.2153297557190827e-10
0.1640611111111111,1,0.00023957151602156754,-6.11715594221241e-07,3.6467989390290425e-12,1,"[0, 0, 0.1640611111111111, 0, 1.0, 0, 1]",1.6965004520822382e-09
0.1640611111111111,2,0.0001555654470492289,-3.299349403363512e-07,8.256377004054211e-13,1,"[0, 0, 0.1640611111111111, 0, 1.0, 0, 1]",5.442437863480808e-10
0.16435555555555553,0,-6.450203519614227e-05,-5.9480397277359944e-08,-3.6388530340310186e-13,1,"[0, 0, 0.16435555555555553, 0, 1.0, 0, 1]",3.180523297738304e-10
0.16435555555555553,1,0.00023978141712969483,-6.126398590058047e-07,3.652418155315356e-12,1,"[0, 0, 0.16435555555555553, 0, 1.0, 0, 1]",1.6988898798155034e-09
0.16435555555555553,2,0.0001546962498232502,-3.274091543975499e-07,8.077127124748897e-13,1,"[0, 0, 0.16435555555555553, 0, 1.0, 0, 1]",5.35596843305871e-10
0.16465000000000002,0,-6.431481743749558e-05,-5.872195178774029e-08,-3.5913476278471227e-13,1,"[0, 0, 0.16465000000000002, 0, 1.0, 0, 1]",3.1459474422811454e-10
0.16465000000000002,1,0.0002399838415412748,-6.1353698686071e-07,3.657661881671819e-12,1,"[0, 0, 0.16465000000000002, 0, 1.0, 0, 1]",1.7011437935395376e-09
0.16465000000000002,2,0.00015383388392966303,-3.2490885779896197e-07,7.901822392672195e-13,1,"[0, 0, 0.16465000000000002, 0, 1.0, 0, 1]",5.271014032210442e-10
0.16494444444444445,0,-6.412694908100221e-05,-5.796548646326886e-08,-3.544269824034874e-13,1,"[0, 0, 0.16494444444444445, 0, 1.0, 0, 1]",3.111601905527492e-10
0.16494444444444445,1,0.00024017905287243774,-6.144078989802065e-07,3.662542634357744e-12,1,"[0, 0, 0.16494444444444445, 0, 1.0, 0, 1]",1.7032668195526272e-09
0.16494444444444445,2,0.0001529780805186465,-3.2243312077315404e-07,7.730337120743636e-13,1,"[0, 0, 0.16494444444444445, 0, 1.0, 0, 1]",5.187528379873041e-10
0.16523888888888888,0,-6.393842481608531e-05,-5.7211009981994493e-08,-3.4976178278053903e-13,1,"[0, 0, 0.16523888888888888, 0, 1.0, 0, 1]",3.077486403420905e-10
0.16523888888888888,1,0.00024036729878809573,-6.152534612148416e-07,3.667072232687696e-12,1,"[0, 0, 0.16523888888888888, 0, 1.0, 0, 1]",1.7052633198190814e-09
0.16523888888888888,2,0.0001521285866147123,-3.1998106879153105e-07,7.562552589108253e-13,1,"[0, 0, 0.16523888888888888, 0, 1.0, 0, 1]",5.105467838576699e-10
0.1655333333333333,0,-6.374923925367785e-05,-5.6458531128862175e-08,-3.451389842290579e-13,1,"[0, 0, 0.1655333333333333, 0, 1.0, 0, 1]",3.043600651668034e-10
0.1655333333333333,1,0.00024054881231953573,-6.160744886279597e-07,3.671261854956518e-12,1,"[0, 0, 0.1655333333333333, 0, 1.0, 0, 1]",1.707137413375085e-09
0.1655333333333333,2,0.0001512851637975054,-3.175518780058005e-07,7.398356485858391e-13,1,"[0, 0, 0.1655333333333333, 0, 1.0, 0, 1]",5.024791200386857e-10
0.1658277777777778,0,-6.355938692457397e-05,-5.57080587978043e-08,-3.405584068515136e-13,1,"[0, 0, 0.1658277777777778, 0, 1.0, 0, 1]",3.0099443657380295e-10
0.1658277777777778,1,0.00024072381304515955,-6.168717495798167e-07,3.675122088645675e-12,1,"[0, 0, 0.1658277777777778, 0, 1.0, 0, 1]",1.7088929955356655e-09
0.1658277777777778,2,0.0001504475870194173,-3.1514477116177053e-07,7.237642404942781e-13,1,"[0, 0, 0.1658277777777778, 0, 1.0, 0, 1]",4.945459494835149e-10
0.16612222222222223,0,-6.336886227773552e-05,-5.495960199388638e-08,-3.360198705367904e-13,1,"[0, 0, 0.16612222222222223, 0, 1.0, 0, 1]",2.976517260861837e-10
0.16612222222222223,1,0.00024089250815136548,-6.176459693979114e-07,3.6786629756139555e-12,1,"[0, 0, 0.16612222222222223, 0, 1.0, 0, 1]",1.7105337551739532e-09
0.16612222222222223,2,0.00014961564354301358,-3.1275901392688483e-07,7.080309394232251e-13,1,"[0, 0, 0.16612222222222223, 0, 1.0, 0, 1]",4.867435816128284e-10
0.16641666666666666,0,-6.317765967855199e-05,-5.421316983550797e-08,-3.315231949572535e-13,1,"[0, 0, 0.16641666666666666, 0, 1.0, 0, 1]",2.9433190520316286e-10
0.16641666666666666,1,0.0002410550933881058,-6.183978336836388e-07,3.681894052874734e-12,1,"[0, 0, 0.16641666666666666, 0, 1.0, 0, 1]",1.7120631903047783e-09
0.16641666666666666,2,0.00014878913198372972,-3.103939115813428e-07,6.9262615477151e-13,1,"[0, 0, 0.16641666666666666, 0, 1.0, 0, 1]",4.790685167311242e-10
0.1667111111111111,0,-6.298577340705413e-05,-5.346877155666434e-08,-3.270681995657745e-13,1,"[0, 0, 0.1667111111111111, 0, 1.0, 0, 1]",2.91034945400015e-10
0.1667111111111111,1,0.0002412117539316425,-6.191279912984542e-07,3.684824389479216e-12,1,"[0, 0, 0.1667111111111111, 0, 1.0, 0, 1]",1.7134846221727947e-09
0.1667111111111111,2,0.00014796786144533484,-3.08048806029693e-07,6.775407636637159e-13,1,"[0, 0, 0.1667111111111111, 0, 1.0, 0, 1]",4.715174319387753e-10
0.16700555555555557,0,-6.279319765607713e-05,-5.272641650926749e-08,-3.22654703592674e-13,1,"[0, 0, 0.16700555555555557, 0, 1.0, 0, 1]",2.877608181280154e-10
0.16700555555555557,1,0.0002413626651652851,-6.198370570667469e-07,3.6874626199531954e-12,1,"[0, 0, 0.16700555555555557, 0, 1.0, 0, 1]",1.7148012080175718e-09
0.16700555555555557,2,0.00014715165073735605,-3.0572307309564277e-07,6.627660775103035e-13,1,"[0, 0, 0.16700555555555557, 0, 1.0, 0, 1]",4.640871683670028e-10
0.1673,0,-6.259992652937403e-05,-5.198611416552947e-08,-3.1828252604261257e-13,1,"[0, 0, 0.1673, 0, 1.0, 0, 1]",2.8450949481438523e-10
0.1673,1,0.00024150799338743,-6.205256142275501e-07,3.689816974675095e-12,1,"[0, 0, 0.1673, 0, 1.0, 0, 1]",1.7160159526648155e-09
0.1673,2,0.0001463403276651475,-3.034161200679341e-07,6.48293811626276e-13,1,"[0, 0, 0.1673, 0, 1.0, 0, 1]",4.567747195865743e-10
0.16759444444444443,0,-6.240595403967522e-05,-5.1247874120410024e-08,-3.139514856913962e-13,1,"[0, 0, 0.16759444444444443, 0, 1.0, 0, 1]",2.812809468622202e-10
0.16759444444444443,1,0.0002416478964550487,-6.211942166632316e-07,3.691895307533891e-12,1,"[0, 0, 0.16759444444444443, 0, 1.0, 0, 1]",1.7171317190743279e-09
0.16759444444444443,2,0.00014553372838447046,-3.0112738346925147e-07,6.341160575704711e-13,1,"[0, 0, 0.16759444444444443, 0, 1.0, 0, 1]",4.4957722106013125e-10
0.16788888888888887,0,-6.221127410669512e-05,-5.0511706094131924e-08,-3.09661401082734e-13,1,"[0, 0, 0.16788888888888887, 0, 1.0, 0, 1]",2.780751456504449e-10
0.16788888888888887,1,0.00024178252436962342,-6.2184339092927e-07,3.693705121158838e-12,1,"[0, 0, 0.16788888888888887, 0, 1.0, 0, 1]",1.7181512379567626e-09
0.16788888888888887,2,0.0001447316968135557,-2.988563270238857e-07,6.202252579121204e-13,1,"[0, 0, 0.16788888888888887, 0, 1.0, 0, 1]",4.4249194052525405e-10
0.16818333333333335,0,-6.201588055508137e-05,-4.977761993476402e-08,-3.054120905249059e-13,1,"[0, 0, 0.16818333333333335, 0, 1.0, 0, 1]",2.748920625337524e-10
0.16818333333333335,1,0.00024191201981175607,-6.224736381066409e-07,3.6952535899804865e-12,1,"[0, 0, 0.16818333333333335, 0, 1.0, 0, 1]",1.7190771165592593e-09
0.16818333333333335,2,0.00014393408409644917,-2.9660243980279475e-07,6.066141831668479e-13,1,"[0, 0, 0.16818333333333335, 0, 1.0, 0, 1]",4.355162692090527e-10
0.16847777777777778,0,-6.181976711230651e-05,-4.9045625620876624e-08,-3.012033720873668e-13,1,"[0, 0, 0.16847777777777778, 0, 1.0, 0, 1]",2.717316688425496e-10
0.16847777777777778,1,0.0002420365186298016,-6.230854354952553e-07,3.6965475813464744e-12,1,"[0, 0, 0.16847777777777778, 0, 1.0, 0, 1]",1.7199118467057384e-09
0.16847777777777778,2,0.00014314074811226922,-2.9436523452749965e-07,5.932759106773432e-13,1,"[0, 0, 0.16847777777777778, 0, 1.0, 0, 1]",4.2864771378786216e-10
0.1687722222222222,0,-6.162292740649935e-05,-4.831573326426992e-08,-2.970350635972718e-13,1,"[0, 0, 0.1687722222222222, 0, 1.0, 0, 1]",2.685939358829008e-10
0.1687722222222222,1,0.00024215615028728933,-6.236792381649059e-07,3.697593674891257e-12,1,"[0, 0, 0.1687722222222222, 0, 1.0, 0, 1]",1.7206578121684839e-09
0.1687722222222222,2,0.00014235155302561449,-2.9214424601640413e-07,5.802038052401291e-13,1,"[0, 0, 0.1687722222222222, 0, 1.0, 0, 1]",4.218838890156972e-10
0.16906666666666664,0,-6.142535496421408e-05,-4.758795311277847e-08,-2.9290698263592323e-13,1,"[0, 0, 0.16906666666666664, 0, 1.0, 0, 1]",2.6547883493648336e-10
0.16906666666666664,1,0.00024227103827330197,-6.242554803781163e-07,3.6983981803341705e-12,1,"[0, 0, 0.16906666666666664, 0, 1.0, 0, 1]",1.721317295438091e-09
0.16906666666666664,2,0.00014156636887395672,-2.8993902975915104e-07,5.673915013040249e-13,1,"[0, 0, 0.16906666666666664, 0, 1.0, 0, 1]",4.152225109543964e-10
0.16936111111111113,0,-6.12270432081347e-05,-4.6862295553155446e-08,-2.888189465351362e-13,1,"[0, 0, 0.16936111111111113, 0, 1.0, 0, 1]",2.623863372605211e-10
0.16936111111111113,1,0.00024238130047948874,-6.248145768975834e-07,3.6989671538599744e-12,1,"[0, 0, 0.16936111111111113, 0, 1.0, 0, 1]",1.7218924839509203e-09
0.16936111111111113,2,0.00014078507118833085,-2.8774916060629156e-07,5.548328865859238e-13,1,"[0, 0, 0.16936111111111113, 0, 1.0, 0, 1]",4.0866139074619663e-10
0.16965555555555556,0,-6.102798545471281e-05,-4.6138771114038114e-08,-2.847707723735227e-13,1,"[0, 0, 0.16965555555555556, 0, 1.0, 0, 1]",2.5931641408775104e-10
0.16965555555555556,1,0.00024248704954697302,-6.25356924189473e-07,3.699306413218586e-12,1,"[0, 0, 0.16965555555555556, 0, 1.0, 0, 1]",1.7223854758266344e-09
0.16965555555555556,2,0.0001400075406440645,-2.8557423156301907e-07,5.42522086967334e-13,1,"[0, 0, 0.16965555555555556, 0, 1.0, 0, 1]",4.0219842887624696e-10
0.16995,0,-6.0828174911736605e-05,-4.541739046899743e-08,-2.8076227697269203e-13,1,"[0, 0, 0.16995, 0, 1.0, 0, 1]",2.562690366263611e-10
0.16995,1,0.00024258839318604776,-6.258829015325679e-07,3.699421551665416e-12,1,"[0, 0, 0.16995, 0, 1.0, 0, 1]",1.722798285162414e-09
0.16995,2,0.00013923366273865391,-2.834138526769853e-07,5.304534525503141e-13,1,"[0, 0, 0.16995, 0, 1.0, 0, 1]",3.958316098784729e-10
0.17024444444444442,0,-6.062760467582765e-05,-4.469816443967546e-08,-2.767932768933574e-13,1,"[0, 0, 0.17024444444444442, 0, 1.0, 0, 1]",2.5324417605995e-10
0.17024444444444442,1,0.00024268543447121164,-6.263928720420754e-07,3.699317950849784e-12,1,"[0, 0, 0.17024444444444442, 0, 1.0, 0, 1]",1.7231328469250914e-09
0.17024444444444442,2,0.00013846332749422135,-2.81267650011337e-07,5.186215447650624e-13,1,"[0, 0, 0.17024444444444442, 0, 1.0, 0, 1]",3.8955899744343054e-10
0.1705388888888889,0,-6.042626772986402e-05,-4.398110399901377e-08,-2.728635884313587e-13,1,"[0, 0, 0.1705388888888889, 0, 1.0, 0, 1]",2.5024180354747977e-10
0.1705388888888889,1,0.00024277827211384635,-6.268871836160554e-07,3.699000792748044e-12,1,"[0, 0, 0.1705388888888889, 0, 1.0, 0, 1]",1.7233910214783436e-09
0.1705388888888889,2,0.000137696429182263,-2.791352646950727e-07,5.070211244328552e-13,1,"[0, 0, 0.1705388888888889, 0, 1.0, 0, 1]",3.8337872989121614e-10
0.17083333333333334,0,-6.022415694032625e-05,-4.326622027457541e-08,-2.689730276135875e-13,1,"[0, 0, 0.17083333333333334, 0, 1.0, 0, 1]",2.4726189022322893e-10
0.17083333333333334,1,0.00024286700071456298,-6.273661698114641e-07,3.698475070727039e-12,1,"[0, 0, 0.17083333333333334, 0, 1.0, 0, 1]",1.72357459877769e-09
0.17083333333333334,2,0.00013693286606864856,-2.7701635204367374e-07,4.956471406985481e-13,1,"[0, 0, 0.17083333333333334, 0, 1.0, 0, 1]",3.772890159764738e-10
0.17112777777777777,0,-6.002126505456381e-05,-4.255352455196361e-08,-2.651214101938168e-13,1,"[0, 0, 0.17112777777777777, 0, 1.0, 0, 1]",2.443044071967553e-10
0.17112777777777777,1,0.00024295171099704454,-6.278301506561368e-07,3.697745599814818e-12,1,"[0, 0, 0.17112777777777777, 0, 1.0, 0, 1]",1.7236853022628982e-09
0.17112777777777777,2,0.00013617254017704488,-2.7491058074370377e-07,4.844947207556935e-13,1,"[0, 0, 0.17112777777777777, 0, 1.0, 0, 1]",3.712881309960698e-10
0.1714222222222222,0,-5.9817584697978585e-05,-4.184302827834173e-08,-2.6130855164842803e-13,1,"[0, 0, 0.1714222222222222, 0, 1.0, 0, 1]",2.41369325552843e-10
0.1714222222222222,1,0.0002430324900250132,-6.282794334023299e-07,3.696817026247446e-12,1,"[0, 0, 0.1714222222222222, 0, 1.0, 0, 1]",1.7237247924741427e-09
0.1714222222222222,2,0.0001354153570691309,-2.7281763209573914e-07,4.73559160295376e-13,1,"[0, 0, 0.1714222222222222, 0, 1.0, 0, 1]",3.6537441317293367e-10
0.17171666666666668,0,-5.961310837112354e-05,-4.1134743066058457e-08,-2.575342671720459e-13,1,"[0, 0, 0.17171666666666668, 0, 1.0, 0, 1]",2.384566163514803e-10
0.17171666666666668,1,0.00024310942140379498,-6.287143132269224e-07,3.695693836354148e-12,1,"[0, 0, 0.17171666666666668, 0, 1.0, 0, 1]",1.7236946704157333e-09
0.17171666666666668,2,0.00013466122564013456,-2.7073719931055733e-07,4.628359146168143e-13,1,"[0, 0, 0.17171666666666668, 0, 1.0, 0, 1]",3.595462602924116e-10
0.17201111111111111,0,-5.940782844671142e-05,-4.042868069638001e-08,-2.5379837167305364e-13,1,"[0, 0, 0.17201111111111111, 0, 1.0, 0, 1]",2.3556625062780784e-10
0.17201111111111111,1,0.0002431825854677859,-6.291350738827742e-07,3.69438036483601e-12,1,"[0, 0, 0.17201111111111111, 0, 1.0, 0, 1]",1.7235964806886427e-09
0.17201111111111111,2,0.00013391005792837151,-2.6866898685402596e-07,4.523205903440188e-13,1,"[0, 0, 0.17201111111111111, 0, 1.0, 0, 1]",3.5380212656971605e-10
0.17230555555555555,0,-5.920173716653226e-05,-3.972485312333458e-08,-2.5010067976900774e-13,1,"[0, 0, 0.17230555555555555, 0, 1.0, 0, 1]",2.3269819939208892e-10
0.17230555555555555,1,0.00024325205945502576,-6.295419883054256e-07,3.6928808024892784e-12,1,"[0, 0, 0.17230555555555555, 0, 1.0, 0, 1]",1.7234317144113365e-09
0.17230555555555555,2,0.00013316176893759255,-2.6661270983658073e-07,4.4200893769813545e-13,1,"[0, 0, 0.17230555555555555, 0, 1.0, 0, 1]",3.48140519729221e-10
0.17259999999999998,0,-5.8994826638274824e-05,-3.902327247767491e-08,-2.464410057819406e-13,1,"[0, 0, 0.17259999999999998, 0, 1.0, 0, 1]",2.2985243362967396e-10
0.17259999999999998,1,0.00024331791766992247,-6.29935319178728e-07,3.691199203417555e-12,1,"[0, 0, 0.17259999999999998, 0, 1.0, 0, 1]",1.7232018119458537e-09
0.17259999999999998,2,0.0001324162764710788,-2.645680934436179e-07,4.3189684328035064e-13,1,"[0, 0, 0.17259999999999998, 0, 1.0, 0, 1]",3.4255999827832644e-10
0.17289444444444446,0,-5.878708883224833e-05,-3.8323951070959736e-08,-2.4281916373353707e-13,1,"[0, 0, 0.17289444444444446, 0, 1.0, 0, 1]",2.2702892430096937e-10
0.17289444444444446,1,0.0002433802316351173,-6.303153194628463e-07,3.689339491774914e-12,1,"[0, 0, 0.17289444444444446, 0, 1.0, 0, 1]",1.722908165445284e-09
0.17289444444444446,2,0.0001316735009764977,-2.625348724034112e-07,4.2198032332402017e-13,1,"[0, 0, 0.17289444444444446, 0, 1.0, 0, 1]",3.370591689600614e-10
0.1731888888888889,0,-5.8578515578002547e-05,-3.7626901399762634e-08,-2.392349673402098e-13,1,"[0, 0, 0.1731888888888889, 0, 1.0, 0, 1]",2.242276423414133e-10
0.1731888888888889,1,0.0002434390702333522,-6.306822328876026e-07,3.687305468076579e-12,1,"[0, 0, 0.1731888888888889, 0, 1.0, 0, 1]",1.7225521212365804e-09
0.1731888888888889,2,0.00013093336540065723,-2.605127904895663e-07,4.1225551737907227e-13,1,"[0, 0, 0.1731888888888889, 0, 1.0, 0, 1]",3.316366843702884e-10
0.17348333333333332,0,-5.8369098560838544e-05,-3.6932136150008496e-08,-2.356882300080221e-13,1,"[0, 0, 0.17348333333333332, 0, 1.0, 0, 1]",2.2144855866143988e-10
0.17348333333333332,1,0.00024349449984013778,-6.310362944139279e-07,3.685100815111111e-12,1,"[0, 0, 0.17348333333333332, 0, 1.0, 0, 1]",1.7221349820517607e-09
0.17348333333333332,2,0.00013019579505334756,-2.585016000552258e-07,4.0271868239477775e-13,1,"[0, 0, 0.17348333333333332, 0, 1.0, 0, 1]",3.262912407265316e-10
0.17377777777777775,0,-5.8158829318211016e-05,-3.623966820144855e-08,-2.321787648275169e-13,1,"[0, 0, 0.17377777777777775, 0, 1.0, 0, 1]",2.1869164414645568e-10
0.17377777777777775,1,0.00024354658444793523,-6.313777306658878e-07,3.682729103484517e-12,1,"[0, 0, 0.17377777777777775, 0, 1.0, 0, 1]",1.7216580091190835e-09
0.17377777777777775,2,0.00012946071747956287,-2.565010615965759e-07,3.9336618717042486e-13,1,"[0, 0, 0.17377777777777775, 0, 1.0, 0, 1]",3.2102157577682897e-10
0.17407222222222224,0,-5.794769923601219e-05,-3.554951063227224e-08,-2.2870638456837707e-13,1,"[0, 0, 0.17407222222222224, 0, 1.0, 0, 1]",2.159568696568206e-10
0.17407222222222224,1,0.00024359538578251183,-6.317067603355671e-07,3.680193796824419e-12,1,"[0, 0, 0.17407222222222224, 0, 1.0, 0, 1]",1.7211224241250149e-09
0.17407222222222224,2,0.0001287280623394276,-2.545109433433398e-07,3.841945071457877e-13,1,"[0, 0, 0.17407222222222224, 0, 1.0, 0, 1]",3.1582646683778233e-10
0.17436666666666667,0,-5.77356995447386e-05,-3.486167672386803e-08,-2.2527090167398417e-13,1,"[0, 0, 0.17436666666666667, 0, 1.0, 0, 1]",2.1324420602783188e-10
0.17436666666666667,1,0.0002436409634120621,-6.320235945628595e-07,3.677498256669619e-12,1,"[0, 0, 0.17436666666666667, 0, 1.0, 0, 1]",1.720529411056519e-09
0.17436666666666667,2,0.0001279977612952436,-2.5253102087423514e-07,3.75200219506181e-13,1,"[0, 0, 0.17436666666666667, 0, 1.0, 0, 1]",3.107047289522719e-10
0.1746611111111111,0,-5.752282131553055e-05,-3.4176179965733936e-08,-2.218721282558069e-13,1,"[0, 0, 0.1746611111111111, 0, 1.0, 0, 1]",2.105536240696987e-10
0.1746611111111111,1,0.00024368337484963795,-6.323284372920476e-07,3.6746457470681474e-12,1,"[0, 0, 0.1746611111111111, 0, 1.0, 0, 1]",1.719880117932736e-09
0.1746611111111111,2,0.00012726974790509994,-2.5056107675548375e-07,3.663799985787774e-13,1,"[0, 0, 0.1746611111111111, 0, 1.0, 0, 1]",3.056552131578442e-10
0.17495555555555553,0,-5.73090554560833e-05,-3.349303406054593e-08,-2.1850987608765867e-13,1,"[0, 0, 0.17495555555555553, 0, 1.0, 0, 1]",2.0788509456752946e-10
0.17495555555555553,1,0.00024372267564938088,-6.326214856068753e-07,3.671639438905057e-12,1,"[0, 0, 0.17495555555555553, 0, 1.0, 0, 1]",1.7191756584339123e-09
0.17495555555555553,2,0.00012654395752254998,-2.48600900200665e-07,3.577306114990346e-13,1,"[0, 0, 0.17495555555555553, 0, 1.0, 0, 1]",3.006768048577276e-10
0.17525000000000002,0,-5.709439270642235e-05,-3.2812252929390335e-08,-2.1518395659979517e-13,1,"[0, 0, 0.17525000000000002, 0, 1.0, 0, 1]",2.052385882813192e-10
0.17525000000000002,1,0.00024375891949701033,-6.329029300456871e-07,3.66848241397937e-12,1,"[0, 0, 0.17525000000000002, 0, 1.0, 0, 1]",1.718417113435171e-09
0.17525000000000002,2,0.00012582032720189938,-2.466502867503452e-07,3.4924891412790167e-13,1,"[0, 0, 0.17525000000000002, 0, 1.0, 0, 1]",2.957684222871307e-10
0.17554444444444445,0,-5.6878823634539545e-05,-3.21338507171676e-08,-2.1189418087286931e-13,1,"[0, 0, 0.17554444444444445, 0, 1.0, 0, 1]",2.0261407594595097e-10
0.17554444444444445,1,0.00024379215829498226,-6.331729548980711e-07,3.66517766884785e-12,1,"[0, 0, 0.17554444444444445, 0, 1.0, 0, 1]",1.7176055324517832e-09
0.17554444444444445,2,0.0001250987956086854,-2.4470903797004206e-07,3.4093184720200675e-13,1,"[0, 0, 0.17554444444444445, 0, 1.0, 0, 1]",2.9092901506797585e-10
0.17583888888888888,0,-5.666233863188132e-05,-3.1457841798171e-08,-2.086403596317032e-13,1,"[0, 0, 0.17583888888888888, 0, 1.0, 0, 1]",2.0001152827117454e-10
0.17583888888888888,1,0.0002438224422426909,-6.3343173848429e-07,3.661728118451765e-12,1,"[0, 0, 0.17583888888888888, 0, 1.0, 0, 1]",1.7167419350021166e-09
0.17583888888888888,2,0.00012437930293495854,-2.427769611651925e-07,3.327764327005336e-13,1,"[0, 0, 0.17583888888888888, 0, 1.0, 0, 1]",2.8615756284588084e-10
0.17613333333333336,0,-5.644492790868625e-05,-3.0784240781851634e-08,-2.054223032389099e-13,1,"[0, 0, 0.17613333333333336, 0, 1.0, 0, 1]",1.9743091594161842e-10
0.17613333333333336,1,0.00024384981991207392,-6.336794534187571e-07,3.65813659954202e-12,1,"[0, 0, 0.17613333333333336, 0, 1.0, 0, 1]",1.7158273118941692e-09
0.17613333333333336,2,0.0001236617908190199,-2.408538691119327e-07,3.247797704139011e-13,1,"[0, 0, 0.17613333333333336, 0, 1.0, 0, 1]",2.814530740037348e-10
0.1764277777777778,0,-5.6226581489163136e-05,-3.0113062518775056e-08,-2.0223982168833022e-13,1,"[0, 0, 0.1764277777777778, 0, 1.0, 0, 1]",1.948722096167793e-10
0.1764277777777778,1,0.00024387433831892728,-6.339162668586127e-07,3.654405873915863e-12,1,"[0, 0, 0.1764277777777778, 0, 1.0, 0, 1]",1.71486262644067e-09
0.1764277777777778,2,0.00012294620226928422,-2.3893957980256483e-07,3.169390347004544e-13,1,"[0, 0, 0.1764277777777778, 0, 1.0, 0, 1]",2.7681458444656515e-10
0.17672222222222222,0,-5.600728920650479e-05,-2.944432210677733e-08,-1.9909272459829635e-13,1,"[0, 0, 0.17672222222222222, 0, 1.0, 0, 1]",1.9233537993103327e-10
0.17672222222222222,1,0.00024389604299022174,-6.341423407384087e-07,3.6505386314778145e-12,1,"[0, 0, 0.17672222222222222, 0, 1.0, 0, 1]",1.7138488156075882e-09
0.17672222222222222,2,0.0001222324815919712,-2.3703391620469156e-07,3.0925147141856863e-13,1,"[0, 0, 0.17672222222222222, 0, 1.0, 0, 1]",2.722411564529454e-10
0.17701666666666666,0,-5.578704069772956e-05,-2.877803489732906e-08,-1.9598082120470507e-13,1,"[0, 0, 0.17701666666666666, 0, 1.0, 0, 1]",1.8982039749364067e-10
0.17701666666666666,1,0.00024391497802771217,-6.343578319919226e-07,3.6465374931373054e-12,1,"[0, 0, 0.17701666666666666, 0, 1.0, 0, 1]",1.7127867911007867e-09
0.17701666666666666,2,0.00012152057432234591,-2.3513670603307075e-07,3.0171439502247686e-13,1,"[0, 0, 0.17701666666666666, 0, 1.0, 0, 1]",2.677318775884399e-10
0.17731111111111114,0,-5.556582539834351e-05,-2.8114216502117054e-08,-1.929039203538974e-13,1,"[0, 0, 0.17731111111111114, 0, 1.0, 0, 1]",1.8732723288875983e-10
0.17731111111111114,1,0.00024393118616805598,-6.345628927618387e-07,3.642405013552337e-12,1,"[0, 0, 0.17731111111111114, 0, 1.0, 0, 1]",1.7116774403944719e-09
0.17731111111111114,2,0.00012081042715925604,-2.3324778153332768e-07,2.9432518581113535e-13,1,"[0, 0, 0.17731111111111114, 0, 1.0, 0, 1]",2.6328585967708274e-10
0.17760555555555557,0,-5.5343632536816e-05,-2.745288279985244e-08,-1.8986183049534098e-13,1,"[0, 0, 0.17760555555555557, 0, 1.0, 0, 1]",1.8485585667546711e-10
0.17760555555555557,1,0.00024394470883969843,-6.347576705981953e-07,3.6381436837304376e-12,1,"[0, 0, 0.17760555555555557, 0, 1.0, 0, 1]",1.7105216277055396e-09
0.17760555555555557,2,0.0001201019879027264,-2.3136697927671612e-07,2.870812873201655e-13,1,"[0, 0, 0.17760555555555557, 0, 1.0, 0, 1]",2.5890223782703547e-10
0.1779,0,-5.512045112886008e-05,-2.6794049943311914e-08,-1.8685435967409725e-13,1,"[0, 0, 0.1779, 0, 1.0, 0, 1]",1.8240623938776495e-10
0.1779,1,0.00024395558621671776,-6.349423086462669e-07,3.6337559334951277e-12,1,"[0, 0, 0.1779, 0, 1.0, 0, 1]",1.7093201949171407e-09
0.1779,2,0.00011939520539439143,-2.2949413996518325e-07,2.799802038477406e-13,1,"[0, 0, 0.1779, 0, 1.0, 0, 1]",2.5458016950698164e-10
0.17819444444444443,0,-5.4896269971510355e-05,-2.6137734366627656e-08,-1.8388131552308401e-13,1,"[0, 0, 0.17819444444444443, 0, 1.0, 0, 1]",1.7997835153461848e-10
0.17819444444444443,1,0.00024396385726983426,-6.351169458245852e-07,3.6292441338268802e-12,1,"[0, 0, 0.17819444444444443, 0, 1.0, 0, 1]",1.7080739624547541e-09
0.17819444444444443,2,0.00011869002946056504,-2.276291082460623e-07,2.730194981059518e-13,1,"[0, 0, 0.17819444444444443, 0, 1.0, 0, 1]",2.5031883367005436e-10
0.17848888888888892,0,-5.467107763698772e-05,-2.5483952792831974e-08,-1.8094250525510268e-13,1,"[0, 0, 0.17848888888888892, 0, 1.0, 0, 1]",1.7757216359997558e-10
0.17848888888888892,1,0.000243969559814764,-6.352817169937357e-07,3.6246105990861934e-12,1,"[0, 0, 0.17848888888888892, 0, 1.0, 0, 1]",1.7067837301177314e-09
0.17848888888888892,2,0.00011798641085775285,-2.2577173253574016e-07,2.6619678898975287e-13,1,"[0, 0, 0.17848888888888892, 0, 1.0, 0, 1]",2.461174299222627e-10
0.17878333333333335,0,-5.444486246634331e-05,-2.48327222416699e-08,-1.7803773565463992e-13,1,"[0, 0, 0.17878333333333335, 0, 1.0, 0, 1]",1.7518764604280659e-10
0.17878333333333335,1,0.00024397273055807656,-6.354367531164654e-07,3.619857589126016e-12,1,"[0, 0, 0.17878333333333335, 0, 1.0, 0, 1]",1.705450277869027e-09
0.17878333333333335,2,0.00011728430122043574,-2.239218648517218e-07,2.5950974945630043e-13,1,"[0, 0, 0.17878333333333335, 0, 1.0, 0, 1]",2.4197517773270214e-10
0.17907777777777778,0,-5.4217612562871324e-05,-2.418406003769006e-08,-1.7516681306942704e-13,1,"[0, 0, 0.17907777777777778, 0, 1.0, 0, 1]",1.7282476929713675e-10
0.17907777777777778,1,0.00024397340514072352,-6.355821814096991e-07,3.614987311300469e-12,1,"[0, 0, 0.17907777777777778, 0, 1.0, 0, 1]",1.7040743665857838e-09
0.17907777777777778,2,0.00011658365301095755,-2.2207936065253867e-07,2.529561045078776e-13,1,"[0, 0, 0.17907777777777778, 0, 1.0, 0, 1]",2.378913156829694e-10
0.1793722222222222,0,-5.3989315785279694e-05,-2.3537983818628862e-08,-1.7232954340174603e-13,1,"[0, 0, 0.1793722222222222, 0, 1.0, 0, 1]",1.7048350377209568e-10
0.1793722222222222,1,0.00024397161817936745,-6.357181254888979e-07,3.610001922375716e-12,1,"[0, 0, 0.1793722222222222, 0, 1.0, 0, 1]",1.702656738772981e-09
0.1793722222222222,2,0.00011588441947136201,-2.2024407868498627e-07,2.4653362927215344e-13,1,"[0, 0, 0.1793722222222222, 0, 1.0, 0, 1]",2.338651007534071e-10
0.1796666666666667,0,-5.37599597406091e-05,-2.2894511544096928e-08,-1.6952573209947849e-13,1,"[0, 0, 0.1796666666666667, 0, 1.0, 0, 1]",1.6816381985195413e-10
0.1796666666666667,1,0.00024396740330566278,-6.358447055053001e-07,3.604903530349453e-12,1,"[0, 0, 0.1796666666666667, 0, 1.0, 0, 1]",1.7011981192426162e-09
0.1796666666666667,2,0.00011518655457703615,-2.184158808382191e-07,2.4024014717397084e-13,1,"[0, 0, 0.1796666666666667, 0, 1.0, 0, 1]",2.2989580764395423e-10
0.17996111111111113,0,-5.352953177688807e-05,-2.225366150458618e-08,-1.6675518414688628e-13,1,"[0, 0, 0.17996111111111113, 0, 1.0, 0, 1]",1.6586568789619722e-10
0.17996111111111113,1,0.00024396079320359096,-6.359620382763851e-07,3.599694196183591e-12,1,"[0, 0, 0.17996111111111113, 0, 1.0, 0, 1]",1.6996992157601283e-09
0.17996111111111113,2,0.00011449001299202693,-2.165946320042652e-07,2.340735281932668e-13,1,"[0, 0, 0.17996111111111113, 0, 1.0, 0, 1]",2.2598272812760972e-10
0.18,0,-5.349901707528992e-05,-2.216921795671499e-08,-1.6639173909624346e-13,1,"[0, 0, 0.18, 0, 1.0, 0, 1]",1.655637706766652e-10
0.18,1,0.00024395974280302647,-6.359768498084276e-07,3.5989979845168018e-12,1,"[0, 0, 0.18, 0, 1.0, 0, 1]",1.6994982726759488e-09
0.18,2,0.0001143981134822481,-2.1635460215343337e-07,2.332684420403265e-13,1,"[0, 0, 0.18, 0, 1.0, 0, 1]",2.254700718761831e-10
0.18018,0,-5.335753023126894e-05,-2.1778966283769095e-08,-1.6471700864648493e-13,1,"[0, 0, 0.18018, 0, 1.0, 0, 1]",1.6417121373530888e-10
0.18018,1,0.00024395434599109233,-6.360433380840887e-07,3.5957509005100074e-12,1,"[0, 0, 0.18018, 0, 1.0, 0, 1]",1.6985592421634438e-09
0.18018,2,0.00011397303762682384,-2.1524514710421295e-07,2.295702590969139e-13,1,"[0, 0, 0.18018, 0, 1.0, 0, 1]",2.2310977640628666e-10
0.18025555555555556,0,-5.3298018975511047e-05,-2.1615452330806782e-08,-1.6401770405509705e-13,1,"[0, 0, 0.18025555555555556, 0, 1.0, 0, 1]",1.635890782395637e-10
0.18025555555555556,1,0.00024395181964498481,-6.360702374100415e-07,3.5943759354559256e-12,1,"[0, 0, 0.18025555555555556, 0, 1.0, 0, 1]",1.6981607196603286e-09
0.18025555555555556,2,0.00011379475002589624,-2.1478019994452697e-07,2.280316872040064e-13,1,"[0, 0, 0.18025555555555556, 0, 1.0, 0, 1]",2.2212517043449102e-10
0.18036,0,-5.321563431938945e-05,-2.1389706790338968e-08,-1.6305458167105618e-13,1,"[0, 0, 0.18036, 0, 1.0, 0, 1]",1.6278669171132e-10
0.18036,1,0.0002439480745545944,-6.36106443869918e-07,3.592463659376872e-12,1,"[0, 0, 0.18036, 0, 1.0, 0, 1]",1.6976056038891503e-09
0.18036,2,0.00011354842732810524,-2.1413820344928235e-07,2.2591813773357416e-13,1,"[0, 0, 0.18036, 0, 1.0, 0, 1]",2.2077004153554668e-10
0.18054,0,-5.3073326290483e-05,-2.1001443857387273e-08,-1.6140441333715699e-13,1,"[0, 0, 0.18054, 0, 1.0, 0, 1]",1.6141019781869166e-10
0.18054,1,0.00024394093544382808,-6.361661920356312e-07,3.5891367062102264e-12,1,"[0, 0, 0.18054, 0, 1.0, 0, 1]",1.6966375102324035e-09
0.18054,2,0.00011312427258662818,-2.130337419379648e-07,2.2231161679081587e-13,1,"[0, 0, 0.18054, 0, 1.0, 0, 1]",2.1845071479456265e-10
0.18055,0,-5.3065408143329884e-05,-2.0979903003374565e-08,-1.6131309585231786e-13,1,"[0, 0, 0.18055, 0, 1.0, 0, 1]",1.6133396119212356e-10
0.18055,1,0.00024394051352333307,-6.361694134227452e-07,3.588950719934842e-12,1,"[0, 0, 0.18055, 0, 1.0, 0, 1]",1.6965833064342579e-09
0.18055,2,0.00011310072159200681,-2.1297245516191166e-07,2.2211258238956612e-13,1,"[0, 0, 0.18055, 0, 1.0, 0, 1]",2.18322458664845e-10
0.18072,0,-5.2930603055478455e-05,-2.0614181916653017e-08,-1.5976645874262255e-13,1,"[0, 0, 0.18072, 0, 1.0, 0, 1]",1.600417252679868e-10
0.18072,1,0.00024393293549248034,-6.362226070403897e-07,3.5857704802674614e-12,1,"[0, 0, 0.18072, 0, 1.0, 0, 1]",1.6956551114651966e-09
0.18072,2,0.00011270056347963481,-2.1193173367936008e-07,2.1875024087294384e-13,1,"[0, 0, 0.18072, 0, 1.0, 0, 1]",2.161516458249645e-10
0.18084444444444447,0,-5.2831685804441905e-05,-2.0347032862859785e-08,-1.5864116307372835e-13,1,"[0, 0, 0.18084444444444447, 0, 1.0, 0, 1]",1.5910030703934516e-10
0.18084444444444447,1,0.00024392690488597767,-6.362596738521445e-07,3.583420479082002e-12,1,"[0, 0, 0.18084444444444447, 0, 1.0, 0, 1]",1.6949676362889839e-09
0.18084444444444447,2,0.00011240788416711418,-2.1117127077820046e-07,2.1631421373007242e-13,1,"[0, 0, 0.18084444444444447, 0, 1.0, 0, 1]",2.1457393222924218e-10
0.1809,0,-5.278746148466967e-05,-2.0227925451547712e-08,-1.5814067291503e-13,1,"[0, 0, 0.1809, 0, 1.0, 0, 1]",1.5868126726633453e-10
0.1809,1,0.00024392408142022486,-6.3627571294188e-07,3.5823654150918287e-12,1,"[0, 0, 0.1809, 0, 1.0, 0, 1]",1.6946585557973437e-09
0.1809,2,0.00011227729015774413,-2.1083215013236495e-07,2.1523356022565814e-13,1,"[0, 0, 0.1809, 0, 1.0, 0, 1]",2.138726863341812e-10
0.18108,0,-5.2643898406966135e-05,-1.9842678998071863e-08,-1.5652701081078946e-13,1,"[0, 0, 0.18108, 0, 1.0, 0, 1]",1.5732881701745413e-10
0.18108,1,0.00024391437983524986,-6.363255334051567e-07,3.578921938630829e-12,1,"[0, 0, 0.18108, 0, 1.0, 0, 1]",1.693647989420572e-09
0.18108,2,0.00011185444284167859,-2.0973496309592973e-07,2.1176113061697817e-13,1,"[0, 0, 0.18108, 0, 1.0, 0, 1]",2.1161369005144873e-10
0.1811388888888889,0,-5.2596838191662585e-05,-1.971686162021877e-08,-1.5600170875106625e-13,1,"[0, 0, 0.1811388888888889, 0, 1.0, 0, 1]",1.5688808604217345e-10
0.1811388888888889,1,0.00024391102296478885,-6.363411233643463e-07,3.577787101486598e-12,1,"[0, 0, 0.1811388888888889, 0, 1.0, 0, 1]",1.6933143546816036e-09
0.1811388888888889,2,0.00011171619475216393,-2.093765224163325e-07,2.1063462155766478e-13,1,"[0, 0, 0.1811388888888889, 0, 1.0, 0, 1]",2.108789453144657e-10
0.18126,0,-5.249991060912581e-05,-1.9458447145752528e-08,-1.5492542731421678e-13,1,"[0, 0, 0.18126, 0, 1.0, 0, 1]",1.5598436772165357e-10
0.18126,1,0.00024390383723670402,-6.363720917111971e-07,3.57544047335091e-12,1,"[0, 0, 0.18126, 0, 1.0, 0, 1]",1.6926235565511608e-09
0.18126,2,0.00011143201181904708,-2.0864014469954793e-07,2.0833251322144671e-13,1,"[0, 0, 0.18126, 0, 1.0, 0, 1]",2.0937451268506167e-10
0.18143333333333334,0,-5.236085123766636e-05,-1.9089409367622114e-08,-1.5339453540187284e-13,1,"[0, 0, 0.18143333333333334, 0, 1.0, 0, 1]",1.5469726843711454e-10
0.18143333333333334,1,0.00024389289620540525,-6.364138638562028e-07,3.572052436235213e-12,1,"[0, 0, 0.18143333333333334, 0, 1.0, 0, 1]",1.6916240928290229e-09
0.18143333333333334,2,0.00011102561083419154,-2.075880880872821e-07,2.0507188517586172e-13,1,"[0, 0, 0.18143333333333334, 0, 1.0, 0, 1]",2.0723686637364817e-10
0.18144,0,-5.23554948349688e-05,-1.9075234538603216e-08,-1.5333587723658056e-13,1,"[0, 0, 0.18144, 0, 1.0, 0, 1]",1.54647912575831e-10
0.18144,1,0.00024389246001708118,-6.364154107652482e-07,3.571921436349345e-12,1,"[0, 0, 0.18144, 0, 1.0, 0, 1]",1.691585399471576e-09
0.18144,2,0.00011100998744117636,-2.0754766739396162e-07,2.0494727450739667e-13,1,"[0, 0, 0.18144, 0, 1.0, 0, 1]",2.0715501188079306e-10
0.18162,0,-5.221064778457406e-05,-1.869304587610608e-08,-1.5175831531514565e-13,1,"[0, 0, 0.18162, 0, 1.0, 0, 1]",1.5331944477349495e-10
0.18162,1,0.00024388025446452928,-6.36455513104903e-07,3.5683652394628032e-12,1,"[0, 0, 0.18162, 0, 1.0, 0, 1]",1.6905336585708308e-09
0.18162,2,0.00011058836011999615,-2.064575039420897e-07,2.0160498612730823e-13,1,"[0, 0, 0.18162, 0, 1.0, 0, 1]",2.0495504718147218e-10
0.18172777777777777,0,-5.212371056578232e-05,-1.846469658970149e-08,-1.5081944501841057e-13,1,"[0, 0, 0.18172777777777777, 0, 1.0, 0, 1]",1.5252782443633475e-10
0.18172777777777777,1,0.00024387255229512588,-6.364779945529068e-07,3.5662182942208832e-12,1,"[0, 0, 0.18172777777777777, 0, 1.0, 0, 1]",1.6898974681948611e-09
0.18172777777777777,2,0.0001103360903492272,-2.0580584808122685e-07,1.9962412153945868e-13,1,"[0, 0, 0.18172777777777777, 0, 1.0, 0, 1]",2.0364707763928385e-10
0.1818,0,-5.206536611345508e-05,-1.831188591421803e-08,-1.5019269621218433e-13,1,"[0, 0, 0.1818, 0, 1.0, 0, 1]",1.519989575047673e-10
0.1818,1,0.00024386722676510516,-6.364924209079962e-07,3.5647722893733436e-12,1,"[0, 0, 0.1818, 0, 1.0, 0, 1]",1.689468472383896e-09
0.1818,2,0.00011016712032496465,-2.053696274101474e-07,1.9830522481101494e-13,1,"[0, 0, 0.1818, 0, 1.0, 0, 1]",2.0277447998765e-10
0.18198,0,-5.1919646431715796e-05,-1.79317594663994e-08,-1.4863897451396773e-13,1,"[0, 0, 0.18198, 0, 1.0, 0, 1]",1.5068644395639524e-10
0.18198,1,0.0002438533830049546,-6.365261560002324e-07,3.5611429877111552e-12,1,"[0, 0, 0.18198, 0, 1.0, 0, 1]",1.68838997762987e-09
0.18198,2,0.00010974625858003891,-2.0428401115896523e-07,1.9504757226175417e-13,1,"[0, 0, 0.18198, 0, 1.0, 0, 1]",2.006131735193293e-10
0.18202222222222225,0,-5.188540148042468e-05,-1.7842744175232648e-08,-1.482762390562062e-13,1,"[0, 0, 0.18202222222222225, 0, 1.0, 0, 1]",1.5037972422774166e-10
0.18202222222222225,1,0.00024385001818952084,-6.365336121011197e-07,3.5602864493945255e-12,1,"[0, 0, 0.18202222222222225, 0, 1.0, 0, 1]",1.6881350849546836e-09
0.18202222222222225,2,0.00010964759164611444,-2.0402968486272696e-07,1.9428948399162398e-13,1,"[0, 0, 0.18202222222222225, 0, 1.0, 0, 1]",2.0010897465789643e-10
0.18216,0,-5.1773485303188044e-05,-1.7552671404669246e-08,-1.4709710472975565e-13,1,"[0, 0, 0.18216, 0, 1.0, 0, 1]",1.4938189731175063e-10
0.18216,1,0.00024383872917243973,-6.365567398626339e-07,3.557477731154856e-12,1,"[0, 0, 0.18216, 0, 1.0, 0, 1]",1.6872983092492297e-09
0.18216,2,0.00010932576546068854,-2.0320062883550194e-07,1.9183161505497e-13,1,"[0, 0, 0.18216, 0, 1.0, 0, 1]",1.9847099277873677e-10
0.18231666666666668,0,-5.164590895714358e-05,-1.7223573429278186e-08,-1.457647184222339e-13,1,"[0, 0, 0.18231666666666668, 0, 1.0, 0, 1]",1.482529379751136e-10
0.18231666666666668,1,0.0002438253201378388,-6.365808106579108e-07,3.5542586399619624e-12,1,"[0, 0, 0.18231666666666668, 0, 1.0, 0, 1]",1.686337534440768e-09
0.18231666666666668,2,0.00010896007345115592,-2.0225948296965382e-07,1.8906616105508907e-13,1,"[0, 0, 0.18231666666666668, 0, 1.0, 0, 1]",1.966219658451553e-10
0.18234,0,-5.1626879244544695e-05,-1.717462666068362e-08,-1.4556704129073748e-13,1,"[0, 0, 0.18234, 0, 1.0, 0, 1]",1.4808531075085422e-10
0.18234,1,0.00024382327116020638,-6.365841936387808e-07,3.553776911529081e-12,1,"[0, 0, 0.18234, 0, 1.0, 0, 1]",1.6861936004401025e-09
0.18234,2,0.00010890563159094174,-2.0211945436452464e-07,1.8865694453969029e-13,1,"[0, 0, 0.18234, 0, 1.0, 0, 1]",1.9634780451408773e-10
0.18252,0,-5.1479824724393974e-05,-1.6797630226842382e-08,-1.4404873854897799e-13,1,"[0, 0, 0.18252, 0, 1.0, 0, 1]",1.4679667745037628e-10
0.18252,1,0.00024380701476719123,-6.366085381418378e-07,3.5500409158993753e-12,1,"[0, 0, 0.18252, 0, 1.0, 0, 1]",1.6850759826934713e-09
0.18252,2,0.00010848584764046944,-2.0104046194046776e-07,1.855231567424853e-13,1,"[0, 0, 0.18252, 0, 1.0, 0, 1]",1.9424347718430587e-10
0.1826111111111111,0,-5.1405217632275536e-05,-1.6607206085808584e-08,-1.4328468346270051e-13,1,"[0, 0, 0.1826111111111111, 0, 1.0, 0, 1]",1.4614743581818979e-10
0.1826111111111111,1,0.00024379848370727214,-6.36619681975716e-07,3.5481365695293387e-12,1,"[0, 0, 0.1826111111111111, 0, 1.0, 0, 1]",1.68450539556755e-09
0.1826111111111111,2,0.00010827349483349438,-2.0049512891559787e-07,1.839523752744309e-13,1,"[0, 0, 0.1826111111111111, 0, 1.0, 0, 1]",1.9318547206032918e-10
0.1827,0,-5.1332318162349544e-05,-1.642168715742072e-08,-1.4254215077632422e-13,1,"[0, 0, 0.1827, 0, 1.0, 0, 1]",1.455159905836469e-10
0.1827,1,0.00024378996570057778,-6.366297938614048e-07,3.546270126664733e-12,1,"[0, 0, 0.1827, 0, 1.0, 0, 1]",1.683945585827513e-09
0.1827,2,0.00010806640432170167,-1.9996362601945462e-07,1.824298522738894e-13,1,"[0, 0, 0.1827, 0, 1.0, 0, 1]",1.921578809246824e-10
0.18288,0,-5.118435592807869e-05,-1.6046802569730435e-08,-1.4104723216330166e-13,1,"[0, 0, 0.18288, 0, 1.0, 0, 1]",1.4424324332067776e-10
0.18288,1,0.0002437721295776977,-6.366479809701771e-07,3.542464921647686e-12,1,"[0, 0, 0.18288, 0, 1.0, 0, 1]",1.682802538021063e-09
0.18288,2,0.00010764729238697372,-1.988889213114778e-07,1.7937663623718527e-13,1,"[0, 0, 0.18288, 0, 1.0, 0, 1]",1.9009088751344167e-10
0.18290555555555554,0,-5.116331179217519e-05,-1.5993664320828475e-08,-1.4083593395043176e-13,1,"[0, 0, 0.18290555555555554, 0, 1.0, 0, 1]",1.4406318787281589e-10
0.18290555555555554,1,0.00024376953380614557,-6.366503154835427e-07,3.541921908199849e-12,1,"[0, 0, 0.18290555555555554, 0, 1.0, 0, 1]",1.6826392352386827e-09
0.18290555555555554,2,0.00010758781517116054,-1.9873651109554853e-07,1.7894638210685197e-13,1,"[0, 0, 0.18290555555555554, 0, 1.0, 0, 1]",1.8979892619910312e-10
0.18306,0,-5.1035934340325583e-05,-1.567298164530744e-08,-1.3956393681797622e-13,1,"[0, 0, 0.18306, 0, 1.0, 0, 1]",1.4297842882815752e-10
0.18306,1,0.0002437535119278833,-6.366631193304351e-07,3.5386256741821645e-12,1,"[0, 0, 0.18306, 0, 1.0, 0, 1]",1.6816469658461715e-09
0.18306,2,0.00010722850262569838,-1.9781632277272386e-07,1.7636311813950037e-13,1,"[0, 0, 0.18306, 0, 1.0, 0, 1]",1.8804237033915802e-10
0.18320000000000003,0,-5.092017536200608e-05,-1.5382970766031977e-08,-1.3841826907182818e-13,1,"[0, 0, 0.18320000000000003, 0, 1.0, 0, 1]",1.4200016423105904e-10
0.18320000000000003,1,0.0002437384947060832,-6.366727983646176e-07,3.5356162936240928e-12,1,"[0, 0, 0.18320000000000003, 0, 1.0, 0, 1]",1.680739608736781e-09
0.18320000000000003,2,0.00010690299411769437,-1.969835196945882e-07,1.740464688586935e-13,1,"[0, 0, 0.18320000000000003, 0, 1.0, 0, 1]",1.8646177280370513e-10
0.18324,0,-5.08870496659116e-05,-1.5300229631131047e-08,-1.3809221876480662e-13,1,"[0, 0, 0.18324, 0, 1.0, 0, 1]",1.4172154026947853e-10
0.18324,1,0.000243734118194264,-6.366752285003369e-07,3.534752753198814e-12,1,"[0, 0, 0.18324, 0, 1.0, 0, 1]",1.6804789942997384e-09
0.18324,2,0.00010681002586156628,-1.9674580559805025e-07,1.7338891180514214e-13,1,"[0, 0, 0.18324, 0, 1.0, 0, 1]",1.8601220436904448e-10
0.18342,0,-5.0737698118708735e-05,-1.4928551840871603e-08,-1.3663203194345867e-13,1,"[0, 0, 0.18342, 0, 1.0, 0, 1]",1.4047257080473724e-10
0.18342,1,0.00024371395373552518,-6.366843277400845e-07,3.530846523308588e-12,1,"[0, 0, 0.18342, 0, 1.0, 0, 1]",1.679298746834545e-09
0.18342,2,0.00010639185294976535,-1.9567734521359018e-07,1.7045363529106247e-13,1,"[0, 0, 0.18342, 0, 1.0, 0, 1]",1.8400026611804299e-10
0.18349444444444446,0,-5.0675791894070444e-05,-1.4775148523011934e-08,-1.3603148741338828e-13,1,"[0, 0, 0.18349444444444446, 0, 1.0, 0, 1]",1.3995833496135384e-10
0.18349444444444446,1,0.00024370539006320606,-6.366872156306493e-07,3.5292213320065705e-12,1,"[0, 0, 0.18349444444444446, 0, 1.0, 0, 1]",1.6788070600966263e-09
0.18349444444444446,2,0.00010621899156927593,-1.9523604659940948e-07,1.6925095366545323e-13,1,"[0, 0, 0.18349444444444446, 0, 1.0, 0, 1]",1.83173467689514e-10
0.18359999999999999,0,-5.058787585858866e-05,-1.4557953656170463e-08,-1.3518333020760797e-13,1,"[0, 0, 0.18359999999999999, 0, 1.0, 0, 1]",1.392315135907611e-10
0.18359999999999999,1,0.000243693023827609,-6.366904360178807e-07,3.5269073448837745e-12,1,"[0, 0, 0.18359999999999999, 0, 1.0, 0, 1]",1.678106345389222e-09
0.18359999999999999,2,0.00010597397477422431,-1.9461091726949662e-07,1.6755691080444027e-13,1,"[0, 0, 0.18359999999999999, 0, 1.0, 0, 1]",1.8200643361870476e-10
0.18378,0,-5.043757899034304e-05,-1.4188440527951403e-08,-1.3374606732370234e-13,1,"[0, 0, 0.18378, 0, 1.0, 0, 1]",1.379983617811046e-10
0.18378,1,0.00024367133366537966,-6.366935720157685e-07,3.52293557413728e-12,1,"[0, 0, 0.18378, 0, 1.0, 0, 1]",1.6769019104176732e-09
0.18378,2,0.00010555638224487099,-1.935464976328029e-07,1.6469836462225945e-13,1,"[0, 0, 0.18378, 0, 1.0, 0, 1]",1.8003058639183464e-10
0.1837888888888889,0,-5.043014455565247e-05,-1.4170221178052607e-08,-1.3367538694776228e-13,1,"[0, 0, 0.1837888888888889, 0, 1.0, 0, 1]",1.379376701086512e-10
0.1837888888888889,1,0.00024367024293842201,-6.366936501929337e-07,3.522738599070731e-12,1,"[0, 0, 0.1837888888888889, 0, 1.0, 0, 1]",1.6768421224629213e-09
0.1837888888888889,2,0.00010553576763228204,-1.9349398531243517e-07,1.6455818451287392e-13,1,"[0, 0, 0.1837888888888889, 0, 1.0, 0, 1]",1.799334775872432e-10
0.18395999999999998,0,-5.028680356257894e-05,-1.382001797776651e-08,-1.3232019696971968e-13,1,"[0, 0, 0.18395999999999998, 0, 1.0, 0, 1]",1.367731085260805e-10
0.18395999999999998,1,0.00024364888836423998,-6.366937541352973e-07,3.5189315631998137e-12,1,"[0, 0, 0.18395999999999998, 0, 1.0, 0, 1]",1.6756855609176242e-09
0.18395999999999998,2,0.00010513906629491014,-1.9248406238041097e-07,1.6187762701286562e-13,1,"[0, 0, 0.18395999999999998, 0, 1.0, 0, 1]",1.7807260541790603e-10
0.18408333333333332,0,-5.018321611635142e-05,-1.3568212817535297e-08,-1.3134976501932661e-13,1,"[0, 0, 0.18408333333333332, 0, 1.0, 0, 1]",1.359381396945758e-10
0.18408333333333332,1,0.0002436330758168402,-6.366921829304011e-07,3.5161696409843502e-12,1,"[0, 0, 0.18408333333333332, 0, 1.0, 0, 1]",1.6748453184330826e-09
0.18408333333333332,2,0.00010485328259120328,-1.9175723086835555e-07,1.5996653829709878e-13,1,"[0, 0, 0.18408333333333332, 0, 1.0, 0, 1]",1.7674127979992596e-10
0.18414,0,-5.0135545566582335e-05,-1.3452691599174086e-08,-1.309056727338723e-13,1,"[0, 0, 0.18414, 0, 1.0, 0, 1]",1.3555574697276524e-10
0.18414,1,0.00024362569296170627,-6.366910005030431e-07,3.5148956601951075e-12,1,"[0, 0, 0.18414, 0, 1.0, 0, 1]",1.6744574144585083e-09
0.18414,2,0.00010472201787811001,-1.9142358779218025e-07,1.5909433215938528e-13,1,"[0, 0, 0.18414, 0, 1.0, 0, 1]",1.761323731091489e-10
0.18431999999999998,0,-4.9983800935155335e-05,-1.3086467059154096e-08,-1.2950244811330829e-13,1,"[0, 0, 0.18431999999999998, 0, 1.0, 0, 1]",1.3434627026501004e-10
0.18431999999999998,1,0.00024360175241894673,-6.366853289760054e-07,3.5108282093134617e-12,1,"[0, 0, 0.18431999999999998, 0, 1.0, 0, 1]",1.6732175872086597e-09
0.18431999999999998,2,0.00010430522796610598,-1.903650503441375e-07,1.5634811808502046e-13,1,"[0, 0, 0.18431999999999998, 0, 1.0, 0, 1]",1.7420977328236658e-10
0.1843777777777778,0,-4.993498893487822e-05,-1.296914804398745e-08,-1.2905441832925496e-13,1,"[0, 0, 0.1843777777777778, 0, 1.0, 0, 1]",1.339597137176007e-10
0.1843777777777778,1,0.00024359391062636344,-6.366828927547963e-07,3.5095159752473887e-12,1,"[0, 0, 0.1843777777777778, 0, 1.0, 0, 1]",1.672817160386028e-09
0.1843777777777778,2,0.00010417149687684657,-1.9002567975289297e-07,1.554744199217943e-13,1,"[0, 0, 0.1843777777777778, 0, 1.0, 0, 1]",1.7359636187395722e-10
0.1845,0,-4.983156554142106e-05,-1.2721350099558344e-08,-1.2811047651276914e-13,1,"[0, 0, 0.1845, 0, 1.0, 0, 1]",1.331446715434718e-10
0.1845,1,0.00024357707162227194,-6.366767571468308e-07,3.506729550883185e-12,1,"[0, 0, 0.1845, 0, 1.0, 0, 1]",1.6719661939617707e-09
0.1845,2,0.00010388868754570894,-1.8930842670177728e-07,1.5363862658008618e-13,1,"[0, 0, 0.1845, 0, 1.0, 0, 1]",1.7230469113242982e-10
0.18467222222222224,0,-4.968544494528778e-05,-1.2373051992809171e-08,-1.2678914292006465e-13,1,"[0, 0, 0.18467222222222224, 0, 1.0, 0, 1]",1.3200236215322054e-10
0.18467222222222224,1,0.00024355276875550653,-6.366658566731634e-07,3.5027790915445186e-12,1,"[0, 0, 0.18467222222222224, 0, 1.0, 0, 1]",1.670758150797708e-09
0.18467222222222224,2,0.0001034903710347538,-1.8829922982361134e-07,1.510802614303904e-13,1,"[0, 0, 0.18467222222222224, 0, 1.0, 0, 1]",1.704982212834426e-10
0.18467999999999998,0,-4.96788351975981e-05,-1.2357346538599181e-08,-1.2672971124322545e-13,1,"[0, 0, 0.18467999999999998, 0, 1.0, 0, 1]",1.319509439456116e-10
0.18467999999999998,1,0.00024355165538459837,-6.366653023489502e-07,3.5026000214406596e-12,1,"[0, 0, 0.18467999999999998, 0, 1.0, 0, 1]",1.6707033481628011e-09
0.18467999999999998,2,0.00010347238761622285,-1.882536937134637e-07,1.5096550313078728e-13,1,"[0, 0, 0.18467999999999998, 0, 1.0, 0, 1]",1.7041701320640438e-10
0.18486,0,-4.952560565374231e-05,-1.1994462272376444e-08,-1.253601055204794e-13,1,"[0, 0, 0.18486, 0, 1.0, 0, 1]",1.3076508060572178e-10
0.18486,1,0.0002435255084468632,-6.36650981661538e-07,3.498439953798341e-12,1,"[0, 0, 0.18486, 0, 1.0, 0, 1]",1.669429161933133e-09
0.18486,2,0.00010305631918676554,-1.8720082840392002e-07,1.4832839684964419e-13,1,"[0, 0, 0.18486, 0, 1.0, 0, 1]",1.6854662737831938e-10
0.18496666666666667,0,-4.9434565642615945e-05,-1.177995034971094e-08,-1.2455373415960272e-13,1,"[0, 0, 0.18496666666666667, 0, 1.0, 0, 1]",1.3006605495414633e-10
0.18496666666666667,1,0.0002435096710704614,-6.366411498476959e-07,3.4959604525632714e-12,1,"[0, 0, 0.18496666666666667, 0, 1.0, 0, 1]",1.668668782543757e-09
0.18496666666666667,2,0.00010280986569376708,-1.8657778023259807e-07,1.4678252117164167e-13,1,"[0, 0, 0.18496666666666667, 0, 1.0, 0, 1]",1.6744636512725214e-10
0.18503999999999998,0,-4.9371872596455445e-05,-1.1632703276444466e-08,-1.2400161246373868e-13,1,"[0, 0, 0.18503999999999998, 0, 1.0, 0, 1]",1.2958707465494436e-10
0.18503999999999998,1,0.00024349863547940963,-6.366338119143735e-07,3.4942496771113064e-12,1,"[0, 0, 0.18503999999999998, 0, 1.0, 0, 1]",1.6681437460951613e-09
0.18503999999999998,2,0.00010264047327359533,-1.8614980796781005e-07,1.4572696040756918e-13,1,"[0, 0, 0.18503999999999998, 0, 1.0, 0, 1]",1.6669342282457788e-10
0.18522,0,-4.9217631647559256e-05,-1.1272075607420327e-08,-1.2265418509415792e-13,1,"[0, 0, 0.18522, 0, 1.0, 0, 1]",1.2841691922128203e-10
0.18522,1,0.0002434710410833388,-6.366138096925857e-07,3.4900295169422664e-12,1,"[0, 0, 0.18522, 0, 1.0, 0, 1]",1.666847210196338e-09
0.18522,2,0.00010222484089743266,-1.8510060976338804e-07,1.4316084996746132e-13,1,"[0, 0, 0.18522, 0, 1.0, 0, 1]",1.6485728999991678e-10
0.1852611111111111,0,-4.9182332067892495e-05,-1.1189869368903585e-08,-1.2234798672446893e-13,1,"[0, 0, 0.1852611111111111, 0, 1.0, 0, 1]",1.2815076205051052e-10
0.1852611111111111,1,0.0002434646379314701,-6.366088456531799e-07,3.489061494780442e-12,1,"[0, 0, 0.1852611111111111, 0, 1.0, 0, 1]",1.6665495391903225e-09
0.1852611111111111,2,0.00010212994153467462,-1.8486123135085968e-07,1.4257968299683239e-13,1,"[0, 0, 0.1852611111111111, 0, 1.0, 0, 1]",1.6444030983810094e-10
0.18539999999999998,0,-4.906287836273397e-05,-1.0912585404635093e-08,-1.2131777633334708e-13,1,"[0, 0, 0.18539999999999998, 0, 1.0, 0, 1]",1.2725460742962415e-10
0.18539999999999998,1,0.0002434427297918234,-6.365909913412627e-07,3.485779795324852e-12,1,"[0, 0, 0.18539999999999998, 0, 1.0, 0, 1]",1.6655396625325656e-09
0.18539999999999998,2,0.00010180941308078566,-1.8405321130623741e-07,1.4062972511935839e-13,1,"[0, 0, 0.18539999999999998, 0, 1.0, 0, 1]",1.6303812061398803e-10
0.18555555555555558,0,-4.892872479249332e-05,-1.0602835892075105e-08,-1.2017169458282085e-13,1,"[0, 0, 0.18555555555555558, 0, 1.0, 0, 1]",1.2625645335006705e-10
0.18555555555555558,1,0.00024341768920852196,-6.365690157320709e-07,3.482083629217667e-12,1,"[0, 0, 0.18555555555555558, 0, 1.0, 0, 1]",1.6644008952732522e-09
0.18555555555555558,2,0.00010145055925886383,-1.831494846942545e-07,1.3847025548702753e-13,1,"[0, 0, 0.18555555555555558, 0, 1.0, 0, 1]",1.6147958090308098e-10
0.18558,0,-4.890760823012061e-05,-1.0554238891828092e-08,-1.199923390018503e-13,1,"[0, 0, 0.18558, 0, 1.0, 0, 1]",1.2610013240176334e-10
0.18558,1,0.00024341370607139015,-6.365653729699519e-07,3.481500830825518e-12,1,"[0, 0, 0.18558, 0, 1.0, 0, 1]",1.6642212101710375e-09
0.18558,2,0.00010139418084526879,-1.8300759026307212e-07,1.3813324881704872e-13,1,"[0, 0, 0.18558, 0, 1.0, 0, 1]",1.6123580760848302e-10
0.18575999999999998,0,-4.8751816668884476e-05,-1.0197042378887885e-08,-1.1867782581758467e-13,1,"[0, 0, 0.18575999999999998, 0, 1.0, 0, 1]",1.249534872564149e-10
0.18575999999999998,1,0.00024338397432316963,-6.365369704570462e-07,3.477192938603888e-12,1,"[0, 0, 0.18575999999999998, 0, 1.0, 0, 1]",1.6628919589725286e-09
0.18575999999999998,2,0.00010097913520891561,-1.8196372444560522e-07,1.3567108731609569e-13,1,"[0, 0, 0.18575999999999998, 0, 1.0, 0, 1]",1.5945024513480568e-10
0.18585000000000002,0,-4.867372390179913e-05,-1.0018877368203087e-08,-1.18024650976558e-13,1,"[0, 0, 0.18585000000000002, 0, 1.0, 0, 1]",1.2438309873844358e-10
0.18585000000000002,1,0.00024336884429641305,-6.365217300473499e-07,3.475028242167622e-12,1,"[0, 0, 0.18585000000000002, 0, 1.0, 0, 1]",1.662223316566414e-09
0.18585000000000002,2,0.0001007716795569183,-1.8144244285082128e-07,1.344527712088817e-13,1,"[0, 0, 0.18585000000000002, 0, 1.0, 0, 1]",1.5856371259511612e-10
0.18594,0,-4.859549902773955e-05,-9.841002263638868e-09,-1.173741893942434e-13,1,"[0, 0, 0.18594, 0, 1.0, 0, 1]",1.238146651092348e-10
0.18594,1,0.0002433535388841215,-6.365057994540906e-07,3.4728564304718924e-12,1,"[0, 0, 0.18594, 0, 1.0, 0, 1]",1.661552013613265e-09
0.18594,2,0.00010056426718348211,-1.8092159180447495e-07,1.332429101132479e-13,1,"[0, 0, 0.18594, 0, 1.0, 0, 1]",1.5768132853225625e-10
0.18611999999999998,0,-4.8438650583433466e-05,-9.48612503367754e-09,-1.1608138223967125e-13,1,"[0, 0, 0.18611999999999998, 0, 1.0, 0, 1]",1.2268365907284882e-10
0.18611999999999998,1,0.00024332240402821786,-6.364718753899305e-07,3.4684916149512124e-12,1,"[0, 0, 0.18611999999999998, 0, 1.0, 0, 1]",1.6602014776060625e-09
0.18611999999999998,2,0.00010014956777174309,-1.7988117042323563e-07,1.308483898872098e-13,1,"[0, 0, 0.18611999999999998, 0, 1.0, 0, 1]",1.5592895430676877e-10
0.18614444444444445,0,-4.841730897812019e-05,-9.43802187424063e-09,-1.1590664840282995e-13,1,"[0, 0, 0.18614444444444445, 0, 1.0, 0, 1]",1.225306680793566e-10
0.18614444444444445,1,0.0002433181221292078,-6.36467056933292e-07,3.4678966958928087e-12,1,"[0, 0, 0.18614444444444445, 0, 1.0, 0, 1]",1.6600172603396948e-09
0.18614444444444445,2,0.00010009326307708532,-1.79740009409337e-07,1.305257859975752e-13,1,"[0, 0, 0.18614444444444445, 0, 1.0, 0, 1]",1.5569224771477335e-10
0.1863,0,-4.8281266539189714e-05,-9.132417268257885e-09,-1.147993567541951e-13,1,"[0, 0, 0.1863, 0, 1.0, 0, 1]",1.215604622568729e-10
0.1863,1,0.00024329057396760837,-6.364352134748072e-07,3.4640987973296326e-12,1,"[0, 0, 0.1863, 0, 1.0, 0, 1]",1.6588404533211814e-09
0.1863,2,9.973502796477174e-05,-1.7884243851239012e-07,1.2848720244068686e-13,1,"[0, 0, 0.1863, 0, 1.0, 0, 1]",1.5419302011011043e-10
0.18643888888888888,0,-4.815945908284972e-05,-8.860298136730663e-09,-1.1381747859486332e-13,1,"[0, 0, 0.18643888888888888, 0, 1.0, 0, 1]",1.2069913121488312e-10
0.18643888888888888,1,0.0002432655411941141,-6.364050631441827e-07,3.4606903292974105e-12,1,"[0, 0, 0.18643888888888888, 0, 1.0, 0, 1]",1.6577831756069554e-09
0.18643888888888888,2,9.941527039354852e-05,-1.7804208888896598e-07,1.2668787826555227e-13,1,"[0, 0, 0.18643888888888888, 0, 1.0, 0, 1]",1.5286473734196103e-10
0.18647999999999998,0,-4.812334202310588e-05,-8.779885640229069e-09,-1.1352806522891157e-13,1,"[0, 0, 0.18647999999999998, 0, 1.0, 0, 1]",1.2044506776792538e-10
0.18647999999999998,1,0.0002432580528537536,-6.363958287043387e-07,3.45967827971606e-12,1,"[0, 0, 0.18647999999999998, 0, 1.0, 0, 1]",1.6574690420065798e-09
0.18647999999999998,2,9.932063873920572e-05,-1.7780537440347322e-07,1.2615902664369843e-13,1,"[0, 0, 0.18647999999999998, 0, 1.0, 0, 1]",1.5247342471957838e-10
0.18666,0,-4.796487208650896e-05,-8.428536918026656e-09,-1.1226745984394776e-13,1,"[0, 0, 0.18666, 0, 1.0, 0, 1]",1.1933746870966506e-10
0.18666,1,0.00024322484477852914,-6.363537358633965e-07,3.4552303610941914e-12,1,"[0, 0, 0.18666, 0, 1.0, 0, 1]",1.6560873438077307e-09
0.18666,2,9.890639105449635e-05,-1.7676995654317784e-07,1.238635443781162e-13,1,"[0, 0, 0.18666, 0, 1.0, 0, 1]",1.5077006801816375e-10
0.18673333333333336,0,-4.79001527377998e-05,-8.285735554394622e-09,-1.1175693250204679e-13,1,"[0, 0, 0.18673333333333336, 0, 1.0, 0, 1]",1.188884579657217e-10
0.18673333333333336,1,0.0002432111195448231,-6.363358139011738e-07,3.453410458574366e-12,1,"[0, 0, 0.18673333333333336, 0, 1.0, 0, 1]",1.6555215033647418e-09
0.18673333333333336,2,9.87376619744298e-05,-1.7634858666983966e-07,1.2293764833576162e-13,1,"[0, 0, 0.18673333333333336, 0, 1.0, 0, 1]",1.5008074059704527e-10
0.18684,0,-4.780585170226325e-05,-8.0783779677192e-09,-1.1101749266667273e-13,1,"[0, 0, 0.18684, 0, 1.0, 0, 1]",1.182376581828144e-10
0.18684,1,0.00024319095377530402,-6.363089495298946e-07,3.450755337374965e-12,1,"[0, 0, 0.18684, 0, 1.0, 0, 1]",1.6546954577869444e-09
0.18684,2,9.849227585013854e-05,-1.7573616348752e-07,1.2160044048339163e-13,1,"[0, 0, 0.18684, 0, 1.0, 0, 1]",1.490828509751917e-10
0.18702,0,-4.7646275763029705e-05,-7.729415755111793e-09,-1.0977811564986226e-13,1,"[0, 0, 0.18702, 0, 1.0, 0, 1]",1.1714562928517008e-10
0.18702,1,0.0002431563838199974,-6.362614840785035e-07,3.4462535014480158e-12,1,"[0, 0, 0.18702, 0, 1.0, 0, 1]",1.653293481942332e-09
0.18702,2,9.807828404287489e-05,-1.747039738960275e-07,1.1936940270340475e-13,1,"[0, 0, 0.18702, 0, 1.0, 0, 1]",1.4741167562736224e-10
0.1870277777777778,0,-4.763936790567579e-05,-7.714364221753552e-09,-1.0972480026925332e-13,1,"[0, 0, 0.1870277777777778, 0, 1.0, 0, 1]",1.1709861813146971e-10
0.1870277777777778,1,0.00024315487481431564,-6.362593729372671e-07,3.446058377827987e-12,1,"[0, 0, 0.1870277777777778, 0, 1.0, 0, 1]",1.6532326768218733e-09
0.1870277777777778,2,9.806039814945358e-05,-1.7465940892443432e-07,1.1927371779821913e-13,1,"[0, 0, 0.1870277777777778, 0, 1.0, 0, 1]",1.4733982441093033e-10
0.1872,0,-4.748613907947747e-05,-7.381657347908863e-09,-1.0854928062983164e-13,1,"[0, 0, 0.1872, 0, 1.0, 0, 1]",1.1606137511164822e-10
0.1872,1,0.00024312113883210196,-6.362113536842446e-07,3.441725143231613e-12,1,"[0, 0, 0.1872, 0, 1.0, 0, 1]",1.6518815132262199e-09
0.1872,2,9.766440652388071e-05,-1.7367336652596964e-07,1.1717012163446792e-13,1,"[0, 0, 0.1872, 0, 1.0, 0, 1]",1.4575644506026394e-10
0.18732222222222222,0,-4.7377081969641175e-05,-7.14621495383717e-09,-1.0772087121536531e-13,1,"[0, 0, 0.18732222222222222, 0, 1.0, 0, 1]",1.1532958149094099e-10
0.18732222222222222,1,0.0002430968242271756,-6.361758025405814e-07,3.4386353596737453e-12,1,"[0, 0, 0.18732222222222222, 0, 1.0, 0, 1]",1.650917121620484e-09
0.18732222222222222,2,9.73834390771991e-05,-1.7297446254959974e-07,1.156947288887571e-13,1,"[0, 0, 0.18732222222222222, 0, 1.0, 0, 1]",1.4464156330371506e-10
0.18738,0,-4.732543637844296e-05,-7.035109917938904e-09,-1.0733093932451608e-13,1,"[0, 0, 0.18738, 0, 1.0, 0, 1]",1.1498488875430324e-10
0.18738,1,0.0002430852226756927,-6.361585723260382e-07,3.437170549721857e-12,1,"[0, 0, 0.18738, 0, 1.0, 0, 1]",1.6504596475632508e-09
0.18738,2,9.725063415591876e-05,-1.72644320226603e-07,1.1500229067438004e-13,1,"[0, 0, 0.18738, 0, 1.0, 0, 1]",1.4411706339028933e-10
0.18756,0,-4.716416230103579e-05,-6.689780743441412e-09,-1.0612304333150298e-13,1,"[0, 0, 0.18756, 0, 1.0, 0, 1]",1.1391616330235007e-10
0.18756,1,0.0002430486391604032,-6.36103153790133e-07,3.4325900050404853e-12,1,"[0, 0, 0.18756, 0, 1.0, 0, 1]",1.649027979868021e-09
0.18756,2,9.683695777046406e-05,-1.716168139334352e-07,1.1286560597253158e-13,1,"[0, 0, 0.18756, 0, 1.0, 0, 1]",1.4249343574694874e-10
0.18761666666666665,0,-4.711327171191749e-05,-6.581319312044149e-09,-1.0574493381094067e-13,1,"[0, 0, 0.18761666666666665, 0, 1.0, 0, 1]",1.1358131780246279e-10
0.18761666666666665,1,0.00024303698461143223,-6.360851635959743e-07,3.431142655816227e-12,1,"[0, 0, 0.18761666666666665, 0, 1.0, 0, 1]",1.6485752560489442e-09
0.18761666666666665,2,9.670674471185924e-05,-1.7129365509908265e-07,1.1219934388882426e-13,1,"[0, 0, 0.18761666666666665, 0, 1.0, 0, 1]",1.419855391714862e-10
0.18774,0,-4.7002311400690724e-05,-6.345677211421107e-09,-1.0492554412602441e-13,1,"[0, 0, 0.18774, 0, 1.0, 0, 1]",1.1285519184220344e-10
0.18774,1,0.0002430113920423857,-6.36045111673483e-07,3.4279837904817965e-12,1,"[0, 0, 0.18774, 0, 1.0, 0, 1]",1.647586604062319e-09
0.18774,2,9.642336816479968e-05,-1.7059082666250986e-07,1.1075976638104166e-13,1,"[0, 0, 0.18774, 0, 1.0, 0, 1]",1.4088546825559748e-10
0.18791111111111114,0,-4.684791329136728e-05,-6.019709631220546e-09,-1.0379677565500214e-13,1,"[0, 0, 0.18791111111111114, 0, 1.0, 0, 1]",1.118537968042166e-10
0.18791111111111114,1,0.00024297537240994206,-6.359875156250503e-07,3.423581497605893e-12,1,"[0, 0, 0.18791111111111114, 0, 1.0, 0, 1]",1.646207491246874e-09
0.18791111111111114,2,9.603027476943905e-05,-1.6961689471642736e-07,1.0878624454538175e-13,1,"[0, 0, 0.18791111111111114, 0, 1.0, 0, 1]",1.3937134108091793e-10
0.18792,0,-4.6839878141161664e-05,-6.0028068200680656e-09,-1.0373839305889155e-13,1,"[0, 0, 0.18792, 0, 1.0, 0, 1]",1.1180196745750369e-10
0.18792,1,0.00024297348502524502,-6.359844593870308e-07,3.4233521845584565e-12,1,"[0, 0, 0.18792, 0, 1.0, 0, 1]",1.6461356130920187e-09
0.18792,2,9.600985609907443e-05,-1.6956633750469341e-07,1.086844734068605e-13,1,"[0, 0, 0.18792, 0, 1.0, 0, 1]",1.3929306802053598e-10
0.1881,0,-4.667685689445759e-05,-5.661177181250221e-09,-1.0256154135438515e-13,1,"[0, 0, 0.1881, 0, 1.0, 0, 1]",1.1075648322914868e-10
0.1881,1,0.00024293492176095195,-6.359212101589189e-07,3.418695463046347e-12,1,"[0, 0, 0.1881, 0, 1.0, 0, 1]",1.6446750989435516e-09
0.1881,2,9.55964122933266e-05,-1.685433256199756e-07,1.0663943116484201e-13,1,"[0, 0, 0.1881, 0, 1.0, 0, 1]",1.3771614310848558e-10
0.18820555555555557,0,-4.658098221999782e-05,-5.461419048026672e-09,-1.0187618345088581e-13,1,"[0, 0, 0.18820555555555557, 0, 1.0, 0, 1]",1.1014698821458825e-10
0.18820555555555557,1,0.00024291200369134895,-6.358829168247023e-07,3.4159530965761375e-12,1,"[0, 0, 0.18820555555555557, 0, 1.0, 0, 1]",1.643814231402835e-09
0.18820555555555557,2,9.535398869330298e-05,-1.679440900680866e-07,1.0545413150982789e-13,1,"[0, 0, 0.18820555555555557, 0, 1.0, 0, 1]",1.3679856507130783e-10
0.18828,0,-4.651324193871685e-05,-5.320796023077227e-09,-1.01394940108089e-13,1,"[0, 0, 0.18828, 0, 1.0, 0, 1]",1.0971873223531854e-10
0.18828,1,0.00024289570585073477,-6.358553770376266e-07,3.4140138990283113e-12,1,"[0, 0, 0.18828, 0, 1.0, 0, 1]",1.6432051526600158e-09
0.18828,2,9.518302742446553e-05,-1.6752177023176433e-07,1.0462434633173812e-13,1,"[0, 0, 0.18828, 0, 1.0, 0, 1]",1.361546025324238e-10
0.18846,0,-4.6349027456018544e-05,-4.981671192541133e-09,-1.0023854028467162e-13,1,"[0, 0, 0.18846, 0, 1.0, 0, 1]",1.086887075515212e-10
0.18846,1,0.00024285584084595465,-6.357869728950502e-07,3.4093077629372248e-12,1,"[0, 0, 0.18846, 0, 1.0, 0, 1]",1.641725864357035e-09
0.18846,2,9.476969212321088e-05,-1.665016506211791e-07,1.0263892810108653e-13,1,"[0, 0, 0.18846, 0, 1.0, 0, 1]",1.3460835623579173e-10
0.1885,0,-4.631245333832287e-05,-4.9064815306661966e-09,-9.998294298110489e-14,1,"[0, 0, 0.1885, 0, 1.0, 0, 1]",1.0846086173254381e-10
0.1885,1,0.00024284689416062305,-6.357714241041734e-07,3.408258644960939e-12,1,"[0, 0, 0.1885, 0, 1.0, 0, 1]",1.6413958739447457e-09
0.1885,2,9.467784561899398e-05,-1.6627515027661075e-07,1.0220172379509663e-13,1,"[0, 0, 0.1885, 0, 1.0, 0, 1]",1.34266813963711e-10
0.18864,0,-4.61842075301281e-05,-4.643810658233668e-09,-9.909229271561007e-14,1,"[0, 0, 0.18864, 0, 1.0, 0, 1]",1.0766640225061699e-10
0.18864,1,0.0002428153302489513,-6.357160104294744e-07,3.4045773225977343e-12,1,"[0, 0, 0.18864, 0, 1.0, 0, 1]",1.6402373232380568e-09
0.18864,2,9.435639697098671e-05,-1.6548294612133584e-07,1.00682888138976e-13,1,"[0, 0, 0.18864, 0, 1.0, 0, 1]",1.3307731507701636e-10
0.18879444444444443,0,-4.6042300789514e-05,-4.354931910062419e-09,-9.811683908117814e-14,1,"[0, 0, 0.18879444444444443, 0, 1.0, 0, 1]",1.0679538703800149e-10
0.18879444444444443,1,0.00024278005916921277,-6.356530931207712e-07,3.4004993161944547e-12,1,"[0, 0, 0.18879444444444443, 0, 1.0, 0, 1]",1.6389528097236209e-09
0.18879444444444443,2,9.400180433823523e-05,-1.6460998485376727e-07,9.902775824998252e-14,1,"[0, 0, 0.18879444444444443, 0, 1.0, 0, 1]",1.317756971768576e-10
0.18882,0,-4.60187761441755e-05,-4.3072225131465336e-09,-9.795614809686034e-14,1,"[0, 0, 0.18882, 0, 1.0, 0, 1]",1.0665180940285401e-10
0.18882,1,0.00024277417751388084,-6.356425021685242e-07,3.3998228432674966e-12,1,"[0, 0, 0.18882, 0, 1.0, 0, 1]",1.6387396176095517e-09
0.18882,2,9.394313249676732e-05,-1.6446563611161971e-07,9.87559405406559e-14,1,"[0, 0, 0.18882, 0, 1.0, 0, 1]",1.315613908143952e-10
0.189,0,-4.585272717826217e-05,-3.9719149775543285e-09,-9.683005698646219e-14,1,"[0, 0, 0.189, 0, 1.0, 0, 1]",1.0564492207591403e-10
0.189,1,0.00024273238604752804,-6.355664604720236e-07,3.39504458767729e-12,1,"[0, 0, 0.189, 0, 1.0, 0, 1]",1.6372328348957542e-09
0.189,2,9.352988917387015e-05,-1.6344970001193636e-07,9.685780178795846e-14,1,"[0, 0, 0.189, 0, 1.0, 0, 1]",1.3006049609128583e-10
0.18908888888888892,0,-4.577049799226851e-05,-3.806805912565805e-09,-9.627765561236573e-14,1,"[0, 0, 0.18908888888888892, 0, 1.0, 0, 1]",1.0515053379226316e-10
0.18908888888888892,1,0.00024271151372482017,-6.355279783142666e-07,3.392676265393005e-12,1,"[0, 0, 0.18908888888888892, 0, 1.0, 0, 1]",1.6364854231907713e-09
0.18908888888888892,2,9.332582326202278e-05,-1.629485036334396e-07,9.593098904984449e-14,1,"[0, 0, 0.18908888888888892, 0, 1.0, 0, 1]",1.2932483054955888e-10
0.18918,0,-4.5686054406995107e-05,-3.637896401985203e-09,-9.571396980208432e-14,1,"[0, 0, 0.18918, 0, 1.0, 0, 1]",1.0464573333493441e-10
0.18918,1,0.00024268995921009897,-6.354878975347816e-07,3.3902428160702924e-12,1,"[0, 0, 0.18918, 0, 1.0, 0, 1]",1.6357170616530513e-09
0.18918,2,9.311665741669502e-05,-1.6243511727694265e-07,9.49881907075208e-14,1,"[0, 0, 0.18918, 0, 1.0, 0, 1]",1.2857454442161751e-10
0.18936,0,-4.5518751496945856e-05,-3.3051752702818227e-09,-9.460783681851054e-14,1,"[0, 0, 0.18936, 0, 1.0, 0, 1]",1.0365423624256476e-10
0.18936,1,0.0002426469003160027,-6.35406825389348e-07,3.3854177862407103e-12,1,"[0, 0, 0.18936, 0, 1.0, 0, 1]",1.6341923835842112e-09
0.18936,2,9.270342757740488e-05,-1.6142186739024838e-07,9.314682842976824e-14,1,"[0, 0, 0.18936, 0, 1.0, 0, 1]",1.2710345017573035e-10
0.18938333333333335,0,-4.54970176123159e-05,-3.262140194286407e-09,-9.446517543325612e-14,1,"[0, 0, 0.18938333333333335, 0, 1.0, 0, 1]",1.035262716384323e-10
0.18938333333333335,1,0.00024264127250081232,-6.353961329400125e-07,3.3847906298203184e-12,1,"[0, 0, 0.18938333333333335, 0, 1.0, 0, 1]",1.6339940925686897e-09
0.18938333333333335,2,9.264986038271799e-05,-1.612906167041603e-07,9.291018720292206e-14,1,"[0, 0, 0.18938333333333335, 0, 1.0, 0, 1]",1.2691383616931797e-10
0.18954,0,-4.535081200402979e-05,-2.973760202756937e-09,-9.351160816505297e-14,1,"[0, 0, 0.18954, 0, 1.0, 0, 1]",1.0267042385898556e-10
0.18954,1,0.0002426032126346088,-6.353232559086795e-07,3.380569753571328e-12,1,"[0, 0, 0.18954, 0, 1.0, 0, 1]",1.632658885552177e-09
0.18954,2,9.229018994254605e-05,-1.604099298585869e-07,9.13334383486509e-14,1,"[0, 0, 0.18954, 0, 1.0, 0, 1]",1.2564712856647605e-10
0.18967777777777778,0,-4.522183153247716e-05,-2.720972377150624e-09,-9.267918037013038e-14,1,"[0, 0, 0.18967777777777778, 0, 1.0, 0, 1]",1.0192257020187184e-10
0.18967777777777778,1,0.00024256934984529747,-6.352576091008998e-07,3.37684352933689e-12,1,"[0, 0, 0.18967777777777778, 0, 1.0, 0, 1]",1.631479190016146e-09
0.18967777777777778,2,9.197387323503448e-05,-1.5963623434111453e-07,8.996414007142363e-14,1,"[0, 0, 0.18967777777777778, 0, 1.0, 0, 1]",1.245423422068628e-10
0.18972,0,-4.518222937080429e-05,-2.6436599594445567e-09,-9.242523382290122e-14,1,"[0, 0, 0.18972, 0, 1.0, 0, 1]",1.016942892419698e-10
0.18972,1,0.0002425588993909901,-6.352372008087536e-07,3.375698971070448e-12,1,"[0, 0, 0.18972, 0, 1.0, 0, 1]",1.6311166515935825e-09
0.18972,2,9.187693472960214e-05,-1.5939928420594268e-07,8.954774608209525e-14,1,"[0, 0, 0.18972, 0, 1.0, 0, 1]",1.242054956356482e-10
0.18989999999999999,0,-4.5012996923682185e-05,-2.3148834434542035e-09,-9.134866362240112e-14,1,"[0, 0, 0.18989999999999999, 0, 1.0, 0, 1]",1.0072582544691104e-10
0.18989999999999999,1,0.00024251396376665185,-6.351486716511383e-07,3.3708056894080704e-12,1,"[0, 0, 0.18989999999999999, 0, 1.0, 0, 1]",1.6295657649320718e-09
0.18989999999999999,2,9.146365208348147e-05,-1.583899099676414e-07,8.778947943315673e-14,1,"[0, 0, 0.18989999999999999, 0, 1.0, 0, 1]",1.2277846824067439e-10
0.1899722222222222,0,-4.4944910821188954e-05,-2.1833410867918463e-09,-9.091945118605065e-14,1,"[0, 0, 0.1899722222222222, 0, 1.0, 0, 1]",1.0033939909068397e-10
0.1899722222222222,1,0.00024249575978986575,-6.351124577781329e-07,3.368836066833824e-12,1,"[0, 0, 0.1899722222222222, 0, 1.0, 0, 1]",1.6289410817874306e-09
0.1899722222222222,2,9.129781885581793e-05,-1.5798526693746243e-07,8.709165090666349e-14,1,"[0, 0, 0.1899722222222222, 0, 1.0, 0, 1]",1.2220998275635672e-10
0.19008,0,-4.48431078700569e-05,-1.9874397044284994e-09,-9.028184724025893e-14,1,"[0, 0, 0.19008, 0, 1.0, 0, 1]",9.976502552687685e-11
0.19008,1,0.00024246840890023954,-6.350576798454841e-07,3.3658901569511537e-12,1,"[0, 0, 0.19008, 0, 1.0, 0, 1]",1.6280063079912212e-09
0.19008,2,9.105033207293163e-05,-1.5738178668438723e-07,8.60583683518539e-14,1,"[0, 0, 0.19008, 0, 1.0, 0, 1]",1.213659640416001e-10
0.19025999999999998,0,-4.467255529533647e-05,-1.6613379421107634e-09,-8.922473419667234e-14,1,"[0, 0, 0.19025999999999998, 0, 1.0, 0, 1]",9.881188253264763e-11
0.19025999999999998,1,0.00024242223788823667,-6.349642366519834e-07,3.3609526197983927e-12,1,"[0, 0, 0.19025999999999998, 0, 1.0, 0, 1]",1.6264383624072965e-09
0.19025999999999998,2,9.06369646868766e-05,-1.5637489389624385e-07,8.435414489763718e-14,1,"[0, 0, 0.19025999999999998, 0, 1.0, 0, 1]",1.1996790148831496e-10
0.1902666666666667,0,-4.4666225699393645e-05,-1.6492859923854606e-09,-8.918576754858766e-14,1,"[0, 0, 0.1902666666666667, 0, 1.0, 0, 1]",9.8776727896213e-11
0.1902666666666667,1,0.00024242051605802165,-6.349607288609316e-07,3.360769328652194e-12,1,"[0, 0, 0.1902666666666667, 0, 1.0, 0, 1]",1.6263801283862712e-09
0.1902666666666667,2,9.062165374250697e-05,-1.563376249348116e-07,8.429153839755005e-14,1,"[0, 0, 0.1902666666666667, 0, 1.0, 0, 1]",1.1991639768104633e-10
0.19044,0,-4.450133215988184e-05,-1.3365875100252105e-09,-8.817727385237898e-14,1,"[0, 0, 0.19044, 0, 1.0, 0, 1]",9.786638951275964e-11
0.19044,1,0.000242375453785645,-6.348683531837676e-07,3.355993321814104e-12,1,"[0, 0, 0.19044, 0, 1.0, 0, 1]",1.6248620090416928e-09
0.19044,2,9.022353983067714e-05,-1.5536921113656097e-07,8.267654320251905e-14,1,"[0, 0, 0.19044, 0, 1.0, 0, 1]",1.1858419980808367e-10
0.19056111111111113,0,-4.438574550569174e-05,-1.118847848558241e-09,-8.747790799611606e-14,1,"[0, 0, 0.19056111111111113, 0, 1.0, 0, 1]",9.723452619357476e-11
0.19056111111111113,1,0.0002423436320733109,-6.348024711751596e-07,3.352644384988145e-12,1,"[0, 0, 0.19056111111111113, 0, 1.0, 0, 1]",1.6237966847144125e-09
0.19056111111111113,2,8.994533381015619e-05,-1.5469321875267045e-07,8.156263623169364e-14,1,"[0, 0, 0.19056111111111113, 0, 1.0, 0, 1]",1.1766123246408862e-10
0.19061999999999998,0,-4.43294312958478e-05,-1.0131979192754183e-09,-8.713941540563251e-14,1,"[0, 0, 0.19061999999999998, 0, 1.0, 0, 1]",9.692853951356745e-11
0.19061999999999998,1,0.00024232805960664507,-6.347700404092321e-07,3.3510125046613515e-12,1,"[0, 0, 0.19061999999999998, 0, 1.0, 0, 1]",1.6232773279930533e-09
0.19061999999999998,2,8.981004732230574e-05,-1.543647179258326e-07,8.102529943479878e-14,1,"[0, 0, 0.19061999999999998, 0, 1.0, 0, 1]",1.172147789932954e-10
0.1908,0,-4.415684540391977e-05,-6.911788424638661e-10,-8.61111078890861e-14,1,"[0, 0, 0.1908, 0, 1.0, 0, 1]",9.599832557927868e-11
0.1908,1,0.0002422800583252546,-6.346693091543606e-07,3.3460104078347583e-12,1,"[0, 0, 0.1908, 0, 1.0, 0, 1]",1.6216843986093277e-09
0.1908,2,8.93964768884313e-05,-1.5336139376547814e-07,7.940015176337653e-14,1,"[0, 0, 0.1908, 0, 1.0, 0, 1]",1.1585955978948104e-10
0.19085555555555556,0,-4.410343865964544e-05,-5.920685394974838e-10,-8.57956499025988e-14,1,"[0, 0, 0.19085555555555556, 0, 1.0, 0, 1]",9.571276354221213e-11
0.19085555555555556,1,0.0002422651209671628,-6.346377325109618e-07,3.344462290284567e-12,1,"[0, 0, 0.19085555555555556, 0, 1.0, 0, 1]",1.621191100215247e-09
0.19085555555555556,2,8.926881434689805e-05,-1.530519587167045e-07,7.890379266851503e-14,1,"[0, 0, 0.19085555555555556, 0, 1.0, 0, 1]",1.1544413806438083e-10
0.19097999999999998,0,-4.398356704994472e-05,-3.7054011774022276e-10,-8.509230016659432e-14,1,"[0, 0, 0.19097999999999998, 0, 1.0, 0, 1]",9.507574075200984e-11
0.19097999999999998,1,0.00024223145287595866,-6.345661701049434e-07,3.340987268692181e-12,1,"[0, 0, 0.19097999999999998, 0, 1.0, 0, 1]",1.6200832994993676e-09
0.19097999999999998,2,8.898281816041517e-05,-1.5235921813155495e-07,7.78008403226556e-14,1,"[0, 0, 0.19097999999999998, 0, 1.0, 0, 1]",1.1451846368356482e-10
0.19115,0,-4.3819272623109656e-05,-6.899112541208787e-11,-8.413876944075718e-14,1,"[0, 0, 0.19115, 0, 1.0, 0, 1]",9.42114094864868e-11
0.19115,1,0.00024218499558645767,-6.344665596494375e-07,3.3362240836099247e-12,1,"[0, 0, 0.19115, 0, 1.0, 0, 1]",1.618563719012675e-09
0.19115,2,8.859204996770744e-05,-1.514137549856077e-07,7.631387012364833e-14,1,"[0, 0, 0.19115, 0, 1.0, 0, 1]",1.1326477077714862e-10
0.19116,0,-4.380958866145108e-05,-5.129175298002515e-11,-8.408294092992526e-14,1,"[0, 0, 0.19116, 0, 1.0, 0, 1]",9.416077807184217e-11
0.19116,1,0.0002421822461543363,-6.344606338087885e-07,3.3359433224860946e-12,1,"[0, 0, 0.19116, 0, 1.0, 0, 1]",1.6184741085444082e-09
0.19116,2,8.856906067020699e-05,-1.5135817046838003e-07,7.622710717798529e-14,1,"[0, 0, 0.19116, 0, 1.0, 0, 1]",1.1319141289236148e-10
0.19133999999999998,0,-4.363490252405249e-05,2.6655606989751855e-10,-8.308297869537605e-14,1,"[0, 0, 0.19133999999999998, 0, 1.0, 0, 1]",9.325343057687249e-11
0.19133999999999998,1,0.00024213244101767018,-6.343527106778714e-07,3.3308788023942175e-12,1,"[0, 0, 0.19133999999999998, 0, 1.0, 0, 1]",1.6168569029093247e-09
0.19133999999999998,2,8.815519384613782e-05,-1.5035823018205995e-07,7.467869629162996e-14,1,"[0, 0, 0.19133999999999998, 0, 1.0, 0, 1]",1.1187833035129723e-10
0.19144444444444447,0,-4.353321385946308e-05,4.503401085087288e-10,-8.25070415435473e-14,1,"[0, 0, 0.19144444444444447, 0, 1.0, 0, 1]",9.273043355628231e-11
0.19144444444444447,1,0.00024210326850082771,-6.342889983883801e-07,3.327930789024537e-12,1,"[0, 0, 0.19144444444444447, 0, 1.0, 0, 1]",1.6159148800453052e-09
0.19144444444444447,2,8.791499456633081e-05,-1.497785174763966e-07,7.379174476408984e-14,1,"[0, 0, 0.19144444444444447, 0, 1.0, 0, 1]",1.1112279209908862e-10
0.19152,0,-4.345950077773222e-05,5.829929904699004e-10,-8.209236180029644e-14,1,"[0, 0, 0.19152, 0, 1.0, 0, 1]",9.235369130326865e-11
0.19152,1,0.00024208204028554174,-6.342424109904318e-07,3.32579393954951e-12,1,"[0, 0, 0.19152, 0, 1.0, 0, 1]",1.615231759053577e-09
0.19152,2,8.774120700860869e-05,-1.4935937663392848e-07,7.315535348927159e-14,1,"[0, 0, 0.19152, 0, 1.0, 0, 1]",1.1057913970335064e-10
0.19169999999999998,0,-4.328337541300219e-05,8.980084652021828e-10,-8.111103839951128e-14,1,"[0, 0, 0.19169999999999998, 0, 1.0, 0, 1]",9.146155328533153e-11
0.19169999999999998,1,0.00024203104674041853,-6.341297448930494e-07,3.3206889630696603e-12,1,"[0, 0, 0.19169999999999998, 0, 1.0, 0, 1]",1.6135987527420412e-09
0.19169999999999998,2,8.732708936566515e-05,-1.4836158913387624e-07,7.165682642699824e-14,1,"[0, 0, 0.19169999999999998, 0, 1.0, 0, 1]",1.092937652882235e-10
0.1917388888888889,0,-4.3245227790596915e-05,9.658796004641656e-10,-8.090023986383089e-14,1,"[0, 0, 0.1917388888888889, 0, 1.0, 0, 1]",9.126980526767078e-11
0.1917388888888889,1,0.0002420199520097067,-6.341050935671387e-07,3.319583415935043e-12,1,"[0, 0, 0.1917388888888889, 0, 1.0, 0, 1]",1.613244917196271e-09
0.1917388888888889,2,8.723760126522574e-05,-1.4814615578792216e-07,7.133630611343014e-14,1,"[0, 0, 0.1917388888888889, 0, 1.0, 0, 1]",1.0901786859792093e-10
0.19188,0,-4.3106518266931185e-05,1.2115917626830736e-09,-8.013895646163592e-14,1,"[0, 0, 0.19188, 0, 1.0, 0, 1]",9.057700955554968e-11
0.19188,1,0.00024197946312822248,-6.340147224026438e-07,3.3155641000858745e-12,1,"[0, 0, 0.19188, 0, 1.0, 0, 1]",1.6119579590555247e-09
0.19188,2,8.691283000845285e-05,-1.4736484693356702e-07,7.018286455875838e-14,1,"[0, 0, 0.19188, 0, 1.0, 0, 1]",1.0802213213171638e-10
0.19203333333333333,0,-4.2955278751510316e-05,1.4775804575653917e-09,-7.931813673213588e-14,1,"[0, 0, 0.19203333333333333, 0, 1.0, 0, 1]",8.982949412358251e-11
0.19203333333333333,1,0.00024193505814913588,-6.339148890906263e-07,3.3111829594373445e-12,1,"[0, 0, 0.19203333333333333, 0, 1.0, 0, 1]",1.6105541594188123e-09
0.19203333333333333,2,8.655982236335012e-05,-1.4651657912238302e-07,6.894645666661044e-14,1,"[0, 0, 0.19203333333333333, 0, 1.0, 0, 1]",1.069496717861281e-10
0.19205999999999998,0,-4.292892101903817e-05,1.5237319586992177e-09,-7.917606376528888e-14,1,"[0, 0, 0.19205999999999998, 0, 1.0, 0, 1]",8.970005314466299e-11
0.19205999999999998,1,0.00024192729215889356,-6.338973534084685e-07,3.3104195757712135e-12,1,"[0, 0, 0.19205999999999998, 0, 1.0, 0, 1]",1.6103094524011436e-09
0.19205999999999998,2,8.649841790655197e-05,-1.463691292195391e-07,6.873321910429946e-14,1,"[0, 0, 0.19205999999999998, 0, 1.0, 0, 1]",1.0676416593532372e-10
0.19224,0,-4.2750575187043505e-05,1.8344179311419878e-09,-7.822230789518859e-14,1,"[0, 0, 0.19224, 0, 1.0, 0, 1]",8.883067708172554e-11
0.19224,1,0.00024187453650693506,-6.337776476740309e-07,3.305255613368301e-12,1,"[0, 0, 0.19224, 0, 1.0, 0, 1]",1.6086533065224728e-09
0.19224,2,8.608384190317887e-05,-1.4537441510617384e-07,6.730764301751844e-14,1,"[0, 0, 0.19224, 0, 1.0, 0, 1]",1.0551979306600611e-10
0.19232777777777776,0,-4.2663329942346707e-05,1.985394398314068e-09,-7.776050311237888e-14,1,"[0, 0, 0.19232777777777776, 0, 1.0, 0, 1]",8.840946961452642e-11
0.19232777777777776,1,0.0002418485986983395,-6.337184279525198e-07,3.302730400648749e-12,1,"[0, 0, 0.19232777777777776, 0, 1.0, 0, 1]",1.6078429308578005e-09
0.19232777777777776,2,8.588160928162316e-05,-1.4488969620460354e-07,6.662111151361227e-14,1,"[0, 0, 0.19232777777777776, 0, 1.0, 0, 1]",1.0491787799870408e-10
0.19241999999999998,0,-4.25714721224735e-05,2.143638354738728e-09,-7.727763623813832e-14,1,"[0, 0, 0.19241999999999998, 0, 1.0, 0, 1]",8.796887439417179e-11
0.19241999999999998,1,0.00024182119881195206,-6.336556148389949e-07,3.3000724342165254e-12,1,"[0, 0, 0.19241999999999998, 0, 1.0, 0, 1]",1.6069895945094676e-09
0.19241999999999998,2,8.56690907102548e-05,-1.4438068362853436e-07,6.59058909552644e-14,1,"[0, 0, 0.19241999999999998, 0, 1.0, 0, 1]",1.04288940546192e-10
0.1926,0,-4.239160300611067e-05,2.451381695600826e-09,-7.634199597888691e-14,1,"[0, 0, 0.1926, 0, 1.0, 0, 1]",8.711463810788568e-11
0.1926,1,0.00024176728167917704,-6.335312644210371e-07,3.2948702577787025e-12,1,"[0, 0, 0.1926, 0, 1.0, 0, 1]",1.6053183888082543e-09
0.1926,2,8.525415290333024e-05,-1.4338791373505738e-07,6.45277192465271e-14,1,"[0, 0, 0.1926, 0, 1.0, 0, 1]",1.0307153604395534e-10
0.19262222222222225,0,-4.236934337769629e-05,2.4892716918285794e-09,-7.622710855543892e-14,1,"[0, 0, 0.19262222222222225, 0, 1.0, 0, 1]",8.700970121933867e-11
0.19262222222222225,1,0.0002417605851860744,-6.335157522576718e-07,3.294226707029324e-12,1,"[0, 0, 0.19262222222222225, 0, 1.0, 0, 1]",1.6051115509673399e-09
0.19262222222222225,2,8.5202912505878e-05,-1.4326541519884858e-07,6.435919797154754e-14,1,"[0, 0, 0.19262222222222225, 0, 1.0, 0, 1]",1.0292216827478894e-10
0.19278,0,-4.221095884328421e-05,2.757636205582156e-09,-7.541533409586673e-14,1,"[0, 0, 0.19278, 0, 1.0, 0, 1]",8.626796124726425e-11
0.19278,1,0.00024171278767998292,-6.334046058176555e-07,3.2896493016671957e-12,1,"[0, 0, 0.19278, 0, 1.0, 0, 1]",1.6036397612306444e-09
0.19278,2,8.483901691636035e-05,-1.4239608428009372e-07,6.317288586201969e-14,1,"[0, 0, 0.19278, 0, 1.0, 0, 1]",1.0186750786337392e-10
0.19291666666666668,0,-4.207327983297e-05,2.989161093587694e-09,-7.471772115043134e-14,1,"[0, 0, 0.19291666666666668, 0, 1.0, 0, 1]",8.563015840599125e-11
0.19291666666666668,1,0.0002416710288967674,-6.333069032437753e-07,3.285672832693387e-12,1,"[0, 0, 0.19291666666666668, 0, 1.0, 0, 1]",1.6023603346246616e-09
0.19291666666666668,2,8.452368152709889e-05,-1.4164364362290392e-07,6.215965522456788e-14,1,"[0, 0, 0.19291666666666668, 0, 1.0, 0, 1]",1.0096222824301362e-10
0.19296,0,-4.2029530458993144e-05,3.0623899164382573e-09,-7.449759735680091e-14,1,"[0, 0, 0.19296, 0, 1.0, 0, 1]",8.542883683529258e-11
0.19296,1,0.00024165771935239194,-6.332756483079712e-07,3.284409781669697e-12,1,"[0, 0, 0.19296, 0, 1.0, 0, 1]",1.601953782963588e-09
0.19296,2,8.442367103632365e-05,-1.4140517401628575e-07,6.184115038413676e-14,1,"[0, 0, 0.19296, 0, 1.0, 0, 1]",1.0067678493509006e-10
0.19313999999999998,0,-4.184730849285505e-05,3.3656306337788367e-09,-7.358873231417523e-14,1,"[0, 0, 0.19313999999999998, 0, 1.0, 0, 1]",8.4597257893619e-11
0.19313999999999998,1,0.00024160207920156376,-6.331444010544473e-07,3.279151911774204e-12,1,"[0, 0, 0.19313999999999998, 0, 1.0, 0, 1]",1.6002605245782874e-09
0.19313999999999998,2,8.400810339767696e-05,-1.4041516158677536e-07,6.053227397726533e-14,1,"[0, 0, 0.19313999999999998, 0, 1.0, 0, 1]",9.949929680702793e-11
0.1932111111111111,0,-4.1775098787636395e-05,3.4850097774485428e-09,-7.323210747353486e-14,1,"[0, 0, 0.1932111111111111, 0, 1.0, 0, 1]",8.427081063241168e-11
0.1932111111111111,1,0.0002415799408764475,-6.330919213023149e-07,3.277069718711044e-12,1,"[0, 0, 0.1932111111111111, 0, 1.0, 0, 1]",1.5995895922403944e-09
0.1932111111111111,2,8.384386477872534e-05,-1.4002428825914332e-07,6.002143397105576e-14,1,"[0, 0, 0.1932111111111111, 0, 1.0, 0, 1]",9.903774801037152e-11
0.19332,0,-4.166428339387302e-05,3.6673459308033243e-09,-7.268868530057133e-14,1,"[0, 0, 0.19332, 0, 1.0, 0, 1]",8.377321744263495e-11
0.19332,1,0.0002415458697002825,-6.330108731046119e-07,3.2738759041938156e-12,1,"[0, 0, 0.19332, 0, 1.0, 0, 1]",1.5985600560392592e-09
0.19332,2,8.359230197663908e-05,-1.3942602551723247e-07,5.924601935843395e-14,1,"[0, 0, 0.19332, 0, 1.0, 0, 1]",9.83349736353182e-11
0.1935,0,-4.1480445415012276e-05,3.967523141811119e-09,-7.179740242385251e-14,1,"[0, 0, 0.1935, 0, 1.0, 0, 1]",8.2956708501537e-11
0.1935,1,0.0002414890932894313,-6.328750733927354e-07,3.2685819693909466e-12,1,"[0, 0, 0.1935, 0, 1.0, 0, 1]",1.5968524467131843e-09
0.1935,2,8.317625458529241e-05,-1.3843774420768801e-07,5.798215076827908e-14,1,"[0, 0, 0.1935, 0, 1.0, 0, 1]",9.718374617534621e-11
0.19350555555555554,0,-4.1474758365097516e-05,3.976763263667563e-09,-7.177003253422353e-14,1,"[0, 0, 0.19350555555555554, 0, 1.0, 0, 1]",8.293162734736316e-11
0.19350555555555554,1,0.0002414873319384781,-6.328708459988115e-07,3.2684182934004915e-12,1,"[0, 0, 0.19350555555555554, 0, 1.0, 0, 1]",1.5967996298653668e-09
0.19350555555555554,2,8.316340957079586e-05,-1.384072550623004e-07,5.79434960776035e-14,1,"[0, 0, 0.19350555555555554, 0, 1.0, 0, 1]",9.714842205453199e-11
0.19368,0,-4.129578460757757e-05,4.266149355475195e-09,-7.09148295621942e-14,1,"[0, 0, 0.19368, 0, 1.0, 0, 1]",8.214772408843277e-11
0.19368,1,0.00024143175237845594,-6.327370107414682e-07,3.2632703161010765e-12,1,"[0, 0, 0.19368, 0, 1.0, 0, 1]",1.5951377653775891e-09
0.19368,2,8.275994886549637e-05,-1.374502959241666e-07,5.674043394231645e-14,1,"[0, 0, 0.19368, 0, 1.0, 0, 1]",9.60455457730038e-11
0.19380000000000003,0,-4.117221526895535e-05,4.464365342634813e-09,-7.033125971871726e-14,1,"[0, 0, 0.19380000000000003, 0, 1.0, 0, 1]",8.161257799138297e-11
0.19380000000000003,1,0.00024139321266910277,-6.3264371609242e-07,3.259719472611279e-12,1,"[0, 0, 0.19380000000000003, 0, 1.0, 0, 1]",1.5939907492941153e-09
0.19380000000000003,2,8.248226202066906e-05,-1.36792449063612e-07,5.592481423917943e-14,1,"[0, 0, 0.19380000000000003, 0, 1.0, 0, 1]",9.529394911942654e-11
0.19386,0,-4.1110290815384304e-05,4.5632114078707e-09,-7.00409123589633e-14,1,"[0, 0, 0.19386, 0, 1.0, 0, 1]",8.134625722040991e-11
0.19386,1,0.00024137384934581825,-6.325966938634422e-07,3.257941151356013e-12,1,"[0, 0, 0.19386, 0, 1.0, 0, 1]",1.5934160802293315e-09
0.19386,2,8.234337228260341e-05,-1.364636587901068e-07,5.552063608250608e-14,1,"[0, 0, 0.19386, 0, 1.0, 0, 1]",9.492030435609773e-11
0.19404,0,-4.092395366871179e-05,4.858695875243945e-09,-6.917559621742708e-14,1,"[0, 0, 0.19404, 0, 1.0, 0, 1]",8.055230091361686e-11
0.19404,1,0.00024131538653944518,-6.324541313628599e-07,3.2525946805068607e-12,1,"[0, 0, 0.19404, 0, 1.0, 0, 1]",1.5916874588929937e-09
0.19404,2,8.192651211896718e-05,-1.3547781077755665e-07,5.4322525829081915e-14,1,"[0, 0, 0.19404, 0, 1.0, 0, 1]",9.380795442589137e-11
0.19409444444444446,0,-4.0867424715404054e-05,4.947757994007316e-09,-6.891555073047677e-14,1,"[0, 0, 0.19409444444444446, 0, 1.0, 0, 1]",8.031363199772922e-11
0.19409444444444446,1,0.0002412975934328071,-6.324105695548763e-07,3.250974159998961e-12,1,"[0, 0, 0.19409444444444446, 0, 1.0, 0, 1]",1.5911632481651921e-09
0.19409444444444446,2,8.180036698005382e-05,-1.3517977427100014e-07,5.396437164501421e-14,1,"[0, 0, 0.19409444444444446, 0, 1.0, 0, 1]",9.347403211396268e-11
0.19422,0,-4.073676257802996e-05,5.152589066514147e-09,-6.831882629529268e-14,1,"[0, 0, 0.19422, 0, 1.0, 0, 1]",7.976584818336408e-11
0.19422,1,0.00024125636627716373,-6.32309331737032e-07,3.2472311072464216e-12,1,"[0, 0, 0.19422, 0, 1.0, 0, 1]",1.5899519684290616e-09
0.19422,2,8.150935546723011e-05,-1.3449272969812438e-07,5.314587323262772e-14,1,"[0, 0, 0.19422, 0, 1.0, 0, 1]",9.270842904882917e-11
0.1943888888888889,0,-4.056034036145499e-05,5.426881300894774e-09,-6.752266552752975e-14,1,"[0, 0, 0.1943888888888889, 0, 1.0, 0, 1]",7.903475879343216e-11
0.1943888888888889,1,0.00024120048437750437,-6.321714435888318e-07,3.242183247291302e-12,1,"[0, 0, 0.1943888888888889, 0, 1.0, 0, 1]",1.5883174200583628e-09
0.1943888888888889,2,8.111766795804765e-05,-1.335691335649204e-07,5.206116164964646e-14,1,"[0, 0, 0.1943888888888889, 0, 1.0, 0, 1]",9.16883780137937e-11
0.1944,0,-4.0548706727489016e-05,5.444877015492164e-09,-6.747054749906857e-14,1,"[0, 0, 0.1944, 0, 1.0, 0, 1]",7.898689204421388e-11
0.1944,1,0.00024119679084712883,-6.321623033778879e-07,3.2418506336312463e-12,1,"[0, 0, 0.1944, 0, 1.0, 0, 1]",1.5882096753419603e-09
0.1944,2,8.109188922338708e-05,-1.3350839319368872e-07,5.199044972640842e-14,1,"[0, 0, 0.1944, 0, 1.0, 0, 1]",9.162166184839928e-11
0.19458,0,-4.035977506815993e-05,5.735545472805304e-09,-6.66307044782358e-14,1,"[0, 0, 0.19458, 0, 1.0, 0, 1]",7.821542551007095e-11
0.19458,1,0.00024113666250824448,-6.320130545734694e-07,3.2364534601032417e-12,1,"[0, 0, 0.19458, 0, 1.0, 0, 1]",1.5864606455879567e-09
0.19458,2,8.067410007960528e-05,-1.3252477872683558e-07,5.085602809890289e-14,1,"[0, 0, 0.19458, 0, 1.0, 0, 1]",9.054758699714338e-11
0.19468333333333332,0,-4.0250914228679505e-05,5.901673358725071e-09,-6.615236225641888e-14,1,"[0, 0, 0.19468333333333332, 0, 1.0, 0, 1]",7.77759278003493e-11
0.19468333333333332,1,0.000241101895439557,-6.319263746456115e-07,3.2333476145466205e-12,1,"[0, 0, 0.19468333333333332, 0, 1.0, 0, 1]",1.5854535545889119e-09
0.19468333333333332,2,8.043410703985961e-05,-1.3196042858947743e-07,5.0214187448600135e-14,1,"[0, 0, 0.19468333333333332, 0, 1.0, 0, 1]",8.993669776595265e-11
0.19476,0,-4.016995631101608e-05,6.024579897512972e-09,-6.579924161922981e-14,1,"[0, 0, 0.19476, 0, 1.0, 0, 1]",7.74514415942808e-11
0.19476,1,0.00024107598349057554,-6.318615935093852e-07,3.231039785510992e-12,1,"[0, 0, 0.19476, 0, 1.0, 0, 1]",1.584704944582936e-09
0.19476,2,8.025597451679339e-05,-1.3154186357101758e-07,4.974238246654136e-14,1,"[0, 0, 0.19476, 0, 1.0, 0, 1]",8.948613920879351e-11
0.19494,0,-3.997923891964196e-05,6.3119654484001205e-09,-6.497610303921636e-14,1,"[0, 0, 0.19494, 0, 1.0, 0, 1]",7.6694933309734e-11
0.19494,1,0.00024101475599574887,-6.317079282702299e-07,3.2256098071304975e-12,1,"[0, 0, 0.19494, 0, 1.0, 0, 1]",1.5829426372099641e-09
0.19494,2,7.983749879690867e-05,-1.305596248004233e-07,4.864928824663975e-14,1,"[0, 0, 0.19494, 0, 1.0, 0, 1]",8.843725373059419e-11
0.1949777777777778,0,-3.993909662212261e-05,6.372070178378642e-09,-6.480439718252776e-14,1,"[0, 0, 0.1949777777777778, 0, 1.0, 0, 1]",7.653710843631057e-11
0.1949777777777778,1,0.0002410018363486299,-6.316753984423799e-07,3.2244681304042452e-12,1,"[0, 0, 0.1949777777777778, 0, 1.0, 0, 1]",1.5825719374990207e-09
0.1949777777777778,2,7.974962480086968e-05,-1.3035355963838485e-07,4.842246175817895e-14,1,"[0, 0, 0.1949777777777778, 0, 1.0, 0, 1]",8.821870619630609e-11
0.19512,0,-3.978761110265713e-05,6.597686974932424e-09,-6.416123257965812e-14,1,"[0, 0, 0.19512, 0, 1.0, 0, 1]",7.594589366896956e-11
0.19512,1,0.0002409529821973513,-6.315520668409927e-07,3.2201637206857697e-12,1,"[0, 0, 0.19512, 0, 1.0, 0, 1]",1.5811737878267889e-09
0.19512,2,7.941865895498432e-05,-1.2957803927953051e-07,4.757652213048945e-14,1,"[0, 0, 0.19512, 0, 1.0, 0, 1]",8.740086633570308e-11
0.19527222222222224,0,-3.962483604401086e-05,6.8380055831483985e-09,-6.347852461653232e-14,1,"[0, 0, 0.19527222222222224, 0, 1.0, 0, 1]",7.531827011631116e-11
0.19527222222222224,1,0.0002409003166323958,-6.314185499787929e-07,3.2155456523277754e-12,1,"[0, 0, 0.19527222222222224, 0, 1.0, 0, 1]",1.5796728507465355e-09
0.19527222222222224,2,7.906416021563228e-05,-1.2874842553528426e-07,4.6685006498790696e-14,1,"[0, 0, 0.19527222222222224, 0, 1.0, 0, 1]",8.653412191966851e-11
0.1953,0,-3.9595060805840875e-05,6.881729007856434e-09,-6.335457379965816e-14,1,"[0, 0, 0.1953, 0, 1.0, 0, 1]",7.520431568428247e-11
0.1953,1,0.00024089066424131593,-6.313940171084262e-07,3.214701720368834e-12,1,"[0, 0, 0.1953, 0, 1.0, 0, 1]",1.5793984602731618e-09
0.1953,2,7.899944079086707e-05,-1.2859708365233568e-07,4.652386205660024e-14,1,"[0, 0, 0.1953, 0, 1.0, 0, 1]",8.637691331576874e-11
0.19548,0,-3.940157570394334e-05,7.164075749427995e-09,-6.255606996907201e-14,1,"[0, 0, 0.19548, 0, 1.0, 0, 1]",7.447019236783291e-11
0.19548,1,0.00024082780424630057,-6.312337868623831e-07,3.2092239988594446e-12,1,"[0, 0, 0.19548, 0, 1.0, 0, 1]",1.5776167178779976e-09
0.19548,2,7.857982986064775e-05,-1.2761673433123555e-07,4.549108718406927e-14,1,"[0, 0, 0.19548, 0, 1.0, 0, 1]",8.536533147361251e-11
0.19556666666666667,0,-3.9308079101840946e-05,7.299411099034669e-09,-6.217449683669292e-14,1,"[0, 0, 0.19556666666666667, 0, 1.0, 0, 1]",7.411938225376554e-11
0.19556666666666667,1,0.00024079734562108124,-6.311558635530852e-07,3.206581026840833e-12,1,"[0, 0, 0.19556666666666667, 0, 1.0, 0, 1]",1.576756572590901e-09
0.19556666666666667,2,7.837765056141715e-05,-1.2714492350793758e-07,4.500085248131782e-14,1,"[0, 0, 0.19556666666666667, 0, 1.0, 0, 1]",8.488266725249677e-11
0.19566,0,-3.920714319216906e-05,7.444711063252512e-09,-6.176566406138481e-14,1,"[0, 0, 0.19566, 0, 1.0, 0, 1]",7.374351673176076e-11
0.19566,1,0.0002407644043040646,-6.310713837971541e-07,3.203730747344622e-12,1,"[0, 0, 0.19566, 0, 1.0, 0, 1]",1.5758286234665137e-09
0.19566,2,7.815981146777224e-05,-1.2663696748554823e-07,4.4477977866074417e-14,1,"[0, 0, 0.19566, 0, 1.0, 0, 1]",8.436605811604737e-11
0.19584,0,-3.901175037731423e-05,7.723618463714289e-09,-6.098329874632893e-14,1,"[0, 0, 0.19584, 0, 1.0, 0, 1]",7.302428178830933e-11
0.19584,1,0.00024070046647983213,-6.30906815512752e-07,3.1982221555375934e-12,1,"[0, 0, 0.19584, 0, 1.0, 0, 1]",1.5740342393671378e-09
0.19584,2,7.773937065381322e-05,-1.2565775902964795e-07,4.348431562345131e-14,1,"[0, 0, 0.19584, 0, 1.0, 0, 1]",8.337903104682663e-11
0.1958611111111111,0,-3.898877041039596e-05,7.756215837840885e-09,-6.089206400667723e-14,1,"[0, 0, 0.1958611111111111, 0, 1.0, 0, 1]",7.294041426183338e-11
0.1958611111111111,1,0.0002406929324518774,-6.30887372777691e-07,3.1975750897562197e-12,1,"[0, 0, 0.1958611111111111, 0, 1.0, 0, 1]",1.5738233776767779e-09
0.1958611111111111,2,7.769003131581615e-05,-1.2554294905571513e-07,4.3369039095875805e-14,1,"[0, 0, 0.1958611111111111, 0, 1.0, 0, 1]",8.326406812805193e-11
0.19602,0,-3.881538406854254e-05,8.000781104978768e-09,-6.020891638224255e-14,1,"[0, 0, 0.19602, 0, 1.0, 0, 1]",7.231248054994608e-11
0.19602,1,0.00024063599281264812,-6.30740089516173e-07,3.1926984116964157e-12,1,"[0, 0, 0.19602, 0, 1.0, 0, 1]",1.5722336274182782e-09
0.19602,2,7.731849218888856e-05,-1.246790846106991e-07,4.2509883118352476e-14,1,"[0, 0, 0.19602, 0, 1.0, 0, 1]",8.240418855969978e-11
0.19615555555555558,0,-3.8666852487196644e-05,8.20834637248769e-09,-5.963097408859525e-14,1,"[0, 0, 0.19615555555555558, 0, 1.0, 0, 1]",7.17813355548258e-11
0.19615555555555558,1,0.00024058708607320673,-6.306131105943524e-07,3.188528666398314e-12,1,"[0, 0, 0.19615555555555558, 0, 1.0, 0, 1]",1.5708735371150449e-09
0.19615555555555558,2,7.700123604792786e-05,-1.239423958097961e-07,4.178861400247147e-14,1,"[0, 0, 0.19615555555555558, 0, 1.0, 0, 1]",8.167805401394342e-11
0.19619999999999999,0,-3.8618030767780815e-05,8.276181769542332e-09,-5.944245900815204e-14,1,"[0, 0, 0.19619999999999999, 0, 1.0, 0, 1]",7.160810602948258e-11
0.19619999999999999,1,0.00024057098531573467,-6.305712132226602e-07,3.187159702642528e-12,1,"[0, 0, 0.19619999999999999, 0, 1.0, 0, 1]",1.5704268489751083e-09
0.19619999999999999,2,7.689716056170304e-05,-1.2370091959595669e-07,4.155446412794906e-14,1,"[0, 0, 0.19619999999999999, 0, 1.0, 0, 1]",8.144146943158238e-11
0.19638,0,-3.8419676659714825e-05,8.549802856310106e-09,-5.868386833556525e-14,1,"[0, 0, 0.19638, 0, 1.0, 0, 1]",7.091115124021389e-11
0.19638,1,0.00024050544597683263,-6.304001939569141e-07,3.181606213778666e-12,1,"[0, 0, 0.19638, 0, 1.0, 0, 1]",1.568613964916061e-09
0.19638,2,7.64753599692022e-05,-1.2272323905962707e-07,4.0617843518190257e-14,1,"[0, 0, 0.19638, 0, 1.0, 0, 1]",8.049081291586386e-11
0.19645,0,-3.8342265640840996e-05,8.65572660389789e-09,-5.8390972750868e-14,1,"[0, 0, 0.19645, 0, 1.0, 0, 1]",7.064211554966202e-11
0.19645,1,0.00024047981524885571,-6.303331092887612e-07,3.1794425718189924e-12,1,"[0, 0, 0.19645, 0, 1.0, 0, 1]",1.5679073185615229e-09
0.19645,2,7.63111963025633e-05,-1.2234315538540982e-07,4.0258632822893416e-14,1,"[0, 0, 0.19645, 0, 1.0, 0, 1]",8.012435783195125e-11
0.19655999999999998,0,-3.8220307601365505e-05,8.821626368176017e-09,-5.793308573996443e-14,1,"[0, 0, 0.19655999999999998, 0, 1.0, 0, 1]",7.022160919604592e-11
0.19655999999999998,1,0.0002404393767585405,-6.302270389542926e-07,3.1760381291066355e-12,1,"[0, 0, 0.19655999999999998, 0, 1.0, 0, 1]",1.566795035649343e-09
0.19655999999999998,2,7.605307430580836e-05,-1.217460177692461e-07,3.9699807217554093e-14,1,"[0, 0, 0.19655999999999998, 0, 1.0, 0, 1]",7.955215873580985e-11
0.19674,0,-3.80199091112231e-05,9.0916338990795e-09,-5.719005225198088e-14,1,"[0, 0, 0.19674, 0, 1.0, 0, 1]",6.953947291164522e-11
0.19674,1,0.00024037277959864615,-6.300517553619877e-07,3.170455631244738e-12,1,"[0, 0, 0.19674, 0, 1.0, 0, 1]",1.564970121119251e-09
0.19674,2,7.563028715222379e-05,-1.2076923017156033e-07,3.8800142190806983e-14,1,"[0, 0, 0.19674, 0, 1.0, 0, 1]",7.86254470780713e-11
0.19674444444444444,0,-3.801494785163341e-05,9.098277618750943e-09,-5.717180327053079e-14,1,"[0, 0, 0.19674444444444444, 0, 1.0, 0, 1]",6.952272366743274e-11
0.19674444444444444,1,0.00024037112856198215,-6.300474005047628e-07,3.1703176110074423e-12,1,"[0, 0, 0.19674444444444444, 0, 1.0, 0, 1]",1.564924986293403e-09
0.19674444444444444,2,7.561984147686941e-05,-1.20745117225391e-07,3.877815883322761e-14,1,"[0, 0, 0.19674444444444444, 0, 1.0, 0, 1]",7.860271588003364e-11
0.19691999999999998,0,-3.781846635791736e-05,9.359806620512048e-09,-5.645470854824126e-14,1,"[0, 0, 0.19691999999999998, 0, 1.0, 0, 1]",6.886473540256958e-11
0.19691999999999998,1,0.0002403056564104515,-6.298743502401767e-07,3.1648589014448362e-12,1,"[0, 0, 0.19691999999999998, 0, 1.0, 0, 1]",1.5631392808123928e-09
0.19691999999999998,2,7.520698176377557e-05,-1.1979285037788152e-07,3.7918636412729473e-14,1,"[0, 0, 0.19691999999999998, 0, 1.0, 0, 1]",7.771061858630698e-11
0.19703888888888887,0,-3.768483464384942e-05,9.535917537326709e-09,-5.597320642955303e-14,1,"[0, 0, 0.19703888888888887, 0, 1.0, 0, 1]",6.842312933503627e-11
0.19703888888888887,1,0.00024026103441899507,-6.297560152581096e-07,3.161154579094e-12,1,"[0, 0, 0.19703888888888887, 0, 1.0, 0, 1]",1.5619268012835126e-09
0.19703888888888887,2,7.492709868871261e-05,-1.191481684342681e-07,3.7346262656351525e-14,1,"[0, 0, 0.19703888888888887, 0, 1.0, 0, 1]",7.711286775644808e-11
0.1971,0,-3.7615964148397145e-05,9.62612526744524e-09,-5.57269949418602e-14,1,"[0, 0, 0.1971, 0, 1.0, 0, 1]",6.819738968542568e-11
0.1971,1,0.00024023800908309364,-6.296948305631616e-07,3.1592481196092575e-12,1,"[0, 0, 0.1971, 0, 1.0, 0, 1]",1.5613025737638644e-09
0.1971,2,7.478314105827555e-05,-1.1881685214887882e-07,3.705507884178692e-14,1,"[0, 0, 0.1971, 0, 1.0, 0, 1]",7.680761435491461e-11
0.19727999999999998,0,-3.741238691559747e-05,9.890570123648064e-09,-5.5006851372578604e-14,1,"[0, 0, 0.19727999999999998, 0, 1.0, 0, 1]",6.753742877802747e-11
0.19727999999999998,1,0.0002401698394818588,-6.295132032204831e-07,3.1536234643073485e-12,1,"[0, 0, 0.19727999999999998, 0, 1.0, 0, 1]",1.5594600585632567e-09
0.19727999999999998,2,7.435874760337411e-05,-1.178412088787882e-07,3.62092593937367e-14,1,"[0, 0, 0.19727999999999998, 0, 1.0, 0, 1]",7.591637592285229e-11
0.19733333333333336,0,-3.735185894890474e-05,9.968561350582064e-09,-5.4794920404670596e-14,1,"[0, 0, 0.19733333333333336, 0, 1.0, 0, 1]",6.734330198690077e-11
0.19733333333333336,1,0.00024014954105331532,-6.294589839497969e-07,3.151954261548185e-12,1,"[0, 0, 0.19733333333333336, 0, 1.0, 0, 1]",1.558913021272399e-09
0.19733333333333336,2,7.42328926360878e-05,-1.1755219360200141e-07,3.596202195371154e-14,1,"[0, 0, 0.19733333333333336, 0, 1.0, 0, 1]",7.565455628590227e-11
0.19746,0,-3.720771870556113e-05,1.0153121006363455e-08,-5.429421739650836e-14,1,"[0, 0, 0.19746, 0, 1.0, 0, 1]",6.688484569953926e-11
0.19746,1,0.00024010114944848418,-6.293294750179894e-07,3.147985112791526e-12,1,"[0, 0, 0.19746, 0, 1.0, 0, 1]",1.5576117933604978e-09
0.19746,2,7.39337836033753e-05,-1.1686589357899672e-07,3.538096891512926e-14,1,"[0, 0, 0.19746, 0, 1.0, 0, 1]",7.503684526756696e-11
0.1976277777777778,0,-3.701595095863283e-05,1.039612074551726e-08,-5.363668065023061e-14,1,"[0, 0, 0.1976277777777778, 0, 1.0, 0, 1]",6.628321106681932e-11
0.1976277777777778,1,0.00024003665652902196,-6.291563363790003e-07,3.1427174343712203e-12,1,"[0, 0, 0.1976277777777778, 0, 1.0, 0, 1]",1.5558839008384636e-09
0.1976277777777778,2,7.35371454467491e-05,-1.1595707461641517e-07,3.462452111565728e-14,1,"[0, 0, 0.1976277777777778, 0, 1.0, 0, 1]",7.422752744762547e-11
0.19763999999999998,0,-3.700194316399048e-05,1.041375725030604e-08,-5.358903217548375e-14,1,"[0, 0, 0.19763999999999998, 0, 1.0, 0, 1]",6.623963347065689e-11
0.19763999999999998,1,0.0002400319408014667,-6.291436526789345e-07,3.142333241013511e-12,1,"[0, 0, 0.19763999999999998, 0, 1.0, 0, 1]",1.5557578358717737e-09
0.19763999999999998,2,7.350823088548556e-05,-1.1589087886097031e-07,3.4569999156680604e-14,1,"[0, 0, 0.19763999999999998, 0, 1.0, 0, 1]",7.416896479900732e-11
0.19782,0,-3.6795043522195135e-05,1.0672457690948487e-08,-5.289123446598878e-14,1,"[0, 0, 0.19782, 0, 1.0, 0, 1]",6.560178511377358e-11
0.19782,1,0.00023996221533635306,-6.289557428450055e-07,3.136668023639803e-12,1,"[0, 0, 0.19782, 0, 1.0, 0, 1]",1.5538982433851535e-09
0.19782,2,7.308207088546688e-05,-1.1491613691849027e-07,3.377614274651246e-14,1,"[0, 0, 0.19782, 0, 1.0, 0, 1]",7.33126773537611e-11
0.19792222222222222,0,-3.6677037967780966e-05,1.0818503917784613e-08,-5.249821977345003e-14,1,"[0, 0, 0.19792222222222222, 0, 1.0, 0, 1]",6.524282602986772e-11
0.19792222222222222,1,0.00023992238874438716,-6.288481017556205e-07,3.133444864283171e-12,1,"[0, 0, 0.19792222222222222, 0, 1.0, 0, 1]",1.552839691466084e-09
0.19792222222222222,2,7.28397765171724e-05,-1.1436269046326423e-07,3.333285094955977e-14,1,"[0, 0, 0.19792222222222222, 0, 1.0, 0, 1]",7.283153030532067e-11
0.19799999999999998,0,-3.658700258240205e-05,1.092920064705219e-08,-5.220076260763548e-14,1,"[0, 0, 0.19799999999999998, 0, 1.0, 0, 1]",6.497129365314163e-11
0.19799999999999998,1,0.00023989197482603407,-6.287657520773696e-07,3.1309896340672614e-12,1,"[0, 0, 0.19799999999999998, 0, 1.0, 0, 1]",1.5520330727662689e-09
0.19799999999999998,2,7.265528463265565e-05,-1.1394163950915128e-07,3.29991931631927e-14,1,"[0, 0, 0.19799999999999998, 0, 1.0, 0, 1]",7.246792618923469e-11
0.19818,0,-3.637780270239568e-05,1.118396390240471e-08,-5.1517554511185656e-14,1,"[0, 0, 0.19818, 0, 1.0, 0, 1]",6.434815211507676e-11
0.19818,1,0.00023982122102102785,-6.285736868576787e-07,3.125298244438194e-12,1,"[0, 0, 0.19818, 0, 1.0, 0, 1]",1.5501623804637958e-09
0.19818,2,7.222785273431792e-05,-1.1296735793508825e-07,3.2238944708589156e-14,1,"[0, 0, 0.19818, 0, 1.0, 0, 1]",7.163465497797037e-11
0.19821666666666665,0,-3.633504420474761e-05,1.12356153703837e-08,-5.137926740146736e-14,1,"[0, 0, 0.19821666666666665, 0, 1.0, 0, 1]",6.422211634444108e-11
0.19821666666666665,1,0.0002398067454353014,-6.285343087124414e-07,3.1241373089049015e-12,1,"[0, 0, 0.19821666666666665, 0, 1.0, 0, 1]",1.5497806416118143e-09
0.19821666666666665,2,7.214070233986512e-05,-1.127689170127622e-07,3.2086108364907604e-14,1,"[0, 0, 0.19821666666666665, 0, 1.0, 0, 1]",7.146631693890245e-11
0.19835999999999998,0,-3.61674257794465e-05,1.143672468671738e-08,-5.08415476460747e-14,1,"[0, 0, 0.19835999999999998, 0, 1.0, 0, 1]",6.373235352813549e-11
0.19835999999999998,1,0.00023974995564976184,-6.283795535890727e-07,3.119594025655368e-12,1,"[0, 0, 0.19835999999999998, 0, 1.0, 0, 1]",1.5482862225149287e-09
0.19835999999999998,2,7.179975535929852e-05,-1.1199326302288039e-07,3.149519248047584e-14,1,"[0, 0, 0.19835999999999998, 0, 1.0, 0, 1]",7.081280780202601e-11
0.19851111111111114,0,-3.5989890649471096e-05,1.1647355697160065e-08,-5.027955003947553e-14,1,"[0, 0, 0.19851111111111114, 0, 1.0, 0, 1]",6.322105149441431e-11
0.19851111111111114,1,0.00023968973417859722,-6.282149853169348e-07,3.1147955169350208e-12,1,"[0, 0, 0.19851111111111114, 0, 1.0, 0, 1]",1.5467069967687968e-09
0.19851111111111114,2,7.143983631793295e-05,-1.1117562679128112e-07,3.08833960544848e-14,1,"[0, 0, 0.19851111111111114, 0, 1.0, 0, 1]",7.013164237794523e-11
0.19854,0,-3.5955853233489515e-05,1.1687459655635333e-08,-5.017267902742004e-14,1,"[0, 0, 0.19854, 0, 1.0, 0, 1]",6.312389092330628e-11
0.19854,1,0.00023967818041884166,-6.281833585971307e-07,3.113877147396483e-12,1,"[0, 0, 0.19854, 0, 1.0, 0, 1]",1.5464046545506225e-09
0.19854,2,7.137097222092456e-05,-1.1101932510258372e-07,3.07677323448803e-14,1,"[0, 0, 0.19854, 0, 1.0, 0, 1]",7.000232914743715e-11
0.19871999999999998,0,-3.574306598951028e-05,1.1936144869809638e-08,-4.9510885202489096e-14,1,"[0, 0, 0.19871999999999998, 0, 1.0, 0, 1]",6.252275733422002e-11
0.19871999999999998,1,0.00023960589701332733,-6.279851081308571e-07,3.108147778128803e-12,1,"[0, 0, 0.19871999999999998, 0, 1.0, 0, 1]",1.54451773180095e-09
0.19871999999999998,2,7.094148255912251e-05,-1.1004551398584893e-07,3.00563609081268e-14,1,"[0, 0, 0.19871999999999998, 0, 1.0, 0, 1]",6.920316389878113e-11
0.19880555555555557,0,-3.564149483726184e-05,1.2053621349681629e-08,-4.919879091916198e-14,1,"[0, 0, 0.19880555555555557, 0, 1.0, 0, 1]",6.223960098140581e-11
0.19880555555555557,1,0.0002395713623952732,-6.278901590827155e-07,3.105420228322012e-12,1,"[0, 0, 0.19880555555555557, 0, 1.0, 0, 1]",1.543618999529402e-09
0.19880555555555557,2,7.073708856568759e-05,-1.0958268873677495e-07,2.9723822170682115e-14,1,"[0, 0, 0.19880555555555557, 0, 1.0, 0, 1]",6.882726453677738e-11
0.1989,0,-3.552904445909008e-05,1.2182755772977686e-08,-4.885610223658904e-14,1,"[0, 0, 0.1989, 0, 1.0, 0, 1]",6.192894579735224e-11
0.1989,1,0.00023953310709699436,-6.277848083636077e-07,3.102406085123233e-12,1,"[0, 0, 0.1989, 0, 1.0, 0, 1]",1.542625509100196e-09
0.1989,2,7.051126512169804e-05,-1.0907179894305744e-07,2.9360875488547933e-14,1,"[0, 0, 0.1989, 0, 1.0, 0, 1]",6.841525733379344e-11
0.19907999999999998,0,-3.5313768521063356e-05,1.2427267168991542e-08,-4.820826569835505e-14,1,"[0, 0, 0.19907999999999998, 0, 1.0, 0, 1]",6.134244935224362e-11
0.19907999999999998,1,0.00023945981231259406,-6.275824653940151e-07,3.0966522344682823e-12,1,"[0, 0, 0.19907999999999998, 0, 1.0, 0, 1]",1.5407280408919413e-09
0.19907999999999998,2,7.008029814473487e-05,-1.0809814867943115e-07,2.868107408782759e-14,1,"[0, 0, 0.19907999999999998, 0, 1.0, 0, 1]",6.763855511809395e-11
0.1991,0,-3.5289770647233555e-05,1.2454304385909089e-08,-4.813670983659878e-14,1,"[0, 0, 0.1991, 0, 1.0, 0, 1]",6.127773432719689e-11
0.1991,1,0.0002394516373536209,-6.275598569806542e-07,3.0960121744317337e-12,1,"[0, 0, 0.1991, 0, 1.0, 0, 1]",1.540516889646159e-09
0.1991,2,7.003236569395217e-05,-1.0798996793633763e-07,2.8606499995948375e-14,1,"[0, 0, 0.1991, 0, 1.0, 0, 1]",6.755294415115886e-11
0.19926,0,-3.509721750123239e-05,1.266965319773585e-08,-4.756731064439679e-14,1,"[0, 0, 0.19926, 0, 1.0, 0, 1]",6.076326104172205e-11
0.19926,1,0.0002393860142821079,-6.273780852468932e-07,3.0908863910837656e-12,1,"[0, 0, 0.19926, 0, 1.0, 0, 1]",1.5388253812340677e-09
0.19926,2,6.964855933205316e-05,-1.0712453131003803e-07,2.8016755361928374e-14,1,"[0, 0, 0.19926, 0, 1.0, 0, 1]",6.687300329996046e-11
0.19939444444444443,0,-3.49346280738344e-05,1.2849292198891368e-08,-4.7093022978629174e-14,1,"[0, 0, 0.19939444444444443, 0, 1.0, 0, 1]",6.03354210762725e-11
0.19939444444444443,1,0.0002393305661722541,-6.272241054496453e-07,3.0865720782102236e-12,1,"[0, 0, 0.19939444444444443, 0, 1.0, 0, 1]",1.5374009040909547e-09
0.19939444444444443,2,6.932557057855987e-05,-1.0639732534411744e-07,2.753054760623806e-14,1,"[0, 0, 0.19939444444444443, 0, 1.0, 0, 1]",6.630844471645733e-11
0.19944,0,-3.4879370151085776e-05,1.2909887309864757e-08,-4.693317160327683e-14,1,"[0, 0, 0.19944, 0, 1.0, 0, 1]",6.019137391213176e-11
0.19944,1,0.00023931171460699844,-6.271716738741301e-07,3.0851087187343093e-12,1,"[0, 0, 0.19944, 0, 1.0, 0, 1]",1.536917583803639e-09
0.19944,2,6.921602583367913e-05,-1.0615091433364465e-07,2.7367718591583714e-14,1,"[0, 0, 0.19944, 0, 1.0, 0, 1]",6.611854830519929e-11
0.19962,0,-3.466020462545702e-05,1.3147942240289782e-08,-4.630578255877273e-14,1,"[0, 0, 0.19962, 0, 1.0, 0, 1]",5.96267810135881e-11
0.19962,1,0.00023923691486845452,-6.269632371555602e-07,3.0793193800426056e-12,1,"[0, 0, 0.19962, 0, 1.0, 0, 1]",1.5350047019017412e-09
0.19962,2,6.878267422325697e-05,-1.051772646053264e-07,2.6733763652286907e-14,1,"[0, 0, 0.19962, 0, 1.0, 0, 1]",6.537513693207634e-11
0.19968888888888892,0,-3.4575972979802176e-05,1.3238467223511907e-08,-4.6067442736686364e-14,1,"[0, 0, 0.19968888888888892, 0, 1.0, 0, 1]",5.94126307985269e-11
0.19968888888888892,1,0.00023920815582305723,-6.268829304070991e-07,3.0771006543423935e-12,1,"[0, 0, 0.19968888888888892, 0, 1.0, 0, 1]",1.5342712771128142e-09
0.19968888888888892,2,6.861660211036483e-05,-1.0480461747759265e-07,2.649508752625958e-14,1,"[0, 0, 0.19968888888888892, 0, 1.0, 0, 1]",6.509353242727138e-11
0.19979999999999998,0,-3.443969845905984e-05,1.3383789980339427e-08,-4.568507693238583e-14,1,"[0, 0, 0.19979999999999998, 0, 1.0, 0, 1]",5.90694754002021e-11
0.19979999999999998,1,0.0002391616166276342,-6.267527808998297e-07,3.073518536502523e-12,1,"[0, 0, 0.19979999999999998, 0, 1.0, 0, 1]",1.5330867884582481e-09
0.19979999999999998,2,6.834848047434319e-05,-1.0420354830776905e-07,2.6114690983749563e-14,1,"[0, 0, 0.19979999999999998, 0, 1.0, 0, 1]",6.464271634631637e-11
0.19998,0,-3.421782854183136e-05,1.3617401748512197e-08,-4.507098756505851e-14,1,"[0, 0, 0.19998, 0, 1.0, 0, 1]",5.851945013036134e-11
0.19998,1,0.00023908582142589935,-6.265403108452302e-07,3.0677063484918668e-12,1,"[0, 0, 0.19998, 0, 1.0, 0, 1]",1.5311638960364583e-09
0.19998,2,6.791341993551273e-05,-1.0322973092117795e-07,2.5510301558774943e-14,1,"[0, 0, 0.19998, 0, 1.0, 0, 1]",6.392123407617506e-11
0.19998333333333335,0,-3.4213706828670544e-05,1.3621706619079685e-08,-4.50596775068692e-14,1,"[0, 0, 0.19998333333333335, 0, 1.0, 0, 1]",5.850933309212495e-11
0.19998333333333335,1,0.00023908441313403645,-6.265363572590807e-07,3.0675986094063138e-12,1,"[0, 0, 0.19998333333333335, 0, 1.0, 0, 1]",1.5311282402939484e-09
0.19998333333333335,2,6.790535492489393e-05,-1.0321169609000286e-07,2.549924637520864e-14,1,"[0, 0, 0.19998333333333335, 0, 1.0, 0, 1]",6.390797611842865e-11
0.20016,0,-3.3994571093007e-05,1.3848747959730035e-08,-4.4463446698044864e-14,1,"[0, 0, 0.20016, 0, 1.0, 0, 1]",5.797669826698964e-11
0.20016,1,0.00023900953078504871,-6.263258326605291e-07,3.0618829752850437e-12,1,"[0, 0, 0.20016, 0, 1.0, 0, 1]",1.5292360768376967e-09
0.20016,2,6.747746730420166e-05,-1.0225577719170552e-07,2.4920396851495465e-14,1,"[0, 0, 0.20016, 0, 1.0, 0, 1]",6.321063800758514e-11
0.20027777777777778,0,-3.3847726394725006e-05,1.3998881925288584e-08,-4.4069431474958734e-14,1,"[0, 0, 0.20027777777777778, 0, 1.0, 0, 1]",5.762549758653652e-11
0.20027777777777778,1,0.000238959344792095,-6.261844109101949e-07,3.0580666420235206e-12,1,"[0, 0, 0.20027777777777778, 0, 1.0, 0, 1]",1.527972022604455e-09
0.20027777777777778,2,6.719171910952972e-05,-1.0161840781643883e-07,2.4542154501516635e-14,1,"[0, 0, 0.20027777777777778, 0, 1.0, 0, 1]",6.275154720731262e-11
0.20034,0,-3.376990163384693e-05,1.4077798193002211e-08,-4.386238595288881e-14,1,"[0, 0, 0.20034, 0, 1.0, 0, 1]",5.7441212877821294e-11
0.20034,1,0.00023893274620754928,-6.261093519457958e-07,3.0560485750655473e-12,1,"[0, 0, 0.20034, 0, 1.0, 0, 1]",1.5273033827058824e-09
0.20034,2,6.704059659920486e-05,-1.0128165109829878e-07,2.4344778804922478e-14,1,"[0, 0, 0.20034, 0, 1.0, 0, 1]",6.251087637934341e-11
0.20051999999999998,0,-3.354379495892932e-05,1.4304521157395349e-08,-4.3267736310459944e-14,1,"[0, 0, 0.20051999999999998, 0, 1.0, 0, 1]",5.6912987035693476e-11
0.20051999999999998,1,0.00023885546917675398,-6.258908742331717e-07,3.0502033049380465e-12,1,"[0, 0, 0.20051999999999998, 0, 1.0, 0, 1]",1.5253658651318707e-09
0.20051999999999998,2,6.660278113174517e-05,-1.0030731581787265e-07,2.3783249797750083e-14,1,"[0, 0, 0.20051999999999998, 0, 1.0, 0, 1]",6.182189777839128e-11
0.20057222222222226,0,-3.3477923448047276e-05,1.4369858688762568e-08,-4.309640438490045e-14,1,"[0, 0, 0.20057222222222226, 0, 1.0, 0, 1]",5.676109394576093e-11
0.20057222222222226,1,0.00023883295734572176,-6.258271157731589e-07,3.04850544300528e-12,1,"[0, 0, 0.20057222222222226, 0, 1.0, 0, 1]",1.5248028504555156e-09
0.20057222222222226,2,6.64755798858656e-05,-1.0002459379081003e-07,2.362294560502178e-14,1,"[0, 0, 0.20057222222222226, 0, 1.0, 0, 1]",6.162401963742333e-11
0.2007,0,-3.331622510591467e-05,1.4528884656200329e-08,-4.267942808898096e-14,1,"[0, 0, 0.2007, 0, 1.0, 0, 1]",5.639201381885312e-11
0.2007,1,0.00023877770115713042,-6.256704049876924e-07,3.0443473209406092e-12,1,"[0, 0, 0.2007, 0, 1.0, 0, 1]",1.5234235752579569e-09
0.2007,2,6.61639934750173e-05,-9.933273368869061e-08,2.323561261034859e-14,1,"[0, 0, 0.2007, 0, 1.0, 0, 1]",6.114365113512877e-11
0.2008666666666667,0,-3.310418441199081e-05,1.4734496057060087e-08,-4.2140291289109907e-14,1,"[0, 0, 0.2008666666666667, 0, 1.0, 0, 1]",5.591609187174936e-11
0.2008666666666667,1,0.00023870525720760154,-6.254644957781008e-07,3.0389156954950864e-12,1,"[0, 0, 0.2008666666666667, 0, 1.0, 0, 1]",1.5216209477511814e-09
0.2008666666666667,2,6.57568172645695e-05,-9.843008923054402e-08,2.274075634478124e-14,1,"[0, 0, 0.2008666666666667, 0, 1.0, 0, 1]",6.052516982314278e-11
0.20088,0,-3.3087165323682455e-05,1.4750855549178762e-08,-4.2097390920990255e-14,1,"[0, 0, 0.20088, 0, 1.0, 0, 1]",5.587828631124477e-11
0.20088,1,0.0002386994435944699,-6.254479496080266e-07,3.038480778056388e-12,1,"[0, 0, 0.20088, 0, 1.0, 0, 1]",1.521476563882078e-09
0.20088,2,6.572420543210829e-05,-9.835786617183951e-08,2.270167038988329e-14,1,"[0, 0, 0.20088, 0, 1.0, 0, 1]",6.047608571879557e-11
0.20106,0,-3.2856588038733e-05,1.4970399712760172e-08,-4.1521553729175923e-14,1,"[0, 0, 0.20106, 0, 1.0, 0, 1]",5.537179760286051e-11
0.20106,1,0.00023862069791610505,-6.252235134272568e-07,3.0326038302253658e-12,1,"[0, 0, 0.20106, 0, 1.0, 0, 1]",1.5195248814621273e-09
0.20106,2,6.528338800218669e-05,-9.738267381067109e-08,2.2181226614492738e-14,1,"[0, 0, 0.20106, 0, 1.0, 0, 1]",5.981915113291985e-11
0.20116111111111112,0,-3.2726389990085755e-05,1.509264633660261e-08,-4.1200782278740525e-14,1,"[0, 0, 0.20116111111111112, 0, 1.0, 0, 1]",5.509046110803867e-11
0.20116111111111112,1,0.00023857625065715275,-6.250965743816068e-07,3.029298075107507e-12,1,"[0, 0, 0.20116111111111112, 0, 1.0, 0, 1]",1.5184265359388749e-09
0.20116111111111112,2,6.503530566975322e-05,-9.683472298547543e-08,2.1894725930550494e-14,1,"[0, 0, 0.20116111111111112, 0, 1.0, 0, 1]",5.94547765956373e-11
0.20124,0,-3.262446481973588e-05,1.5187481998056156e-08,-4.095184470100512e-14,1,"[0, 0, 0.20124, 0, 1.0, 0, 1]",5.487254079006086e-11
0.20124,1,0.00023854146553111528,-6.249971017136085e-07,3.0267166303557896e-12,1,"[0, 0, 0.20124, 0, 1.0, 0, 1]",1.5175685781200673e-09
0.20124,2,6.484151134484251e-05,-9.640711618807024e-08,2.167408505644878e-14,1,"[0, 0, 0.20124, 0, 1.0, 0, 1]",5.917279731080685e-11
0.20142,0,-3.239076634009916e-05,1.540206618653706e-08,-4.038819126206904e-14,1,"[0, 0, 0.20142, 0, 1.0, 0, 1]",5.4380508975916456e-11
0.20142,1,0.00023846174783053278,-6.247687196711871e-07,3.0208193303354604e-12,1,"[0, 0, 0.20142, 0, 1.0, 0, 1]",1.5156077036460703e-09
0.20142,2,6.439854474245141e-05,-9.543115188140152e-08,2.1180049744210446e-14,1,"[0, 0, 0.20142, 0, 1.0, 0, 1]",5.853697451108038e-11
0.20145555555555555,0,-3.234441475898465e-05,1.544415451053605e-08,-4.027756219184443e-14,1,"[0, 0, 0.20145555555555555, 0, 1.0, 0, 1]",5.428417144362219e-11
0.20145555555555555,1,0.00023844594384298825,-6.247233745754973e-07,3.0196532500633114e-12,1,"[0, 0, 0.20145555555555555, 0, 1.0, 0, 1]",1.5152198340585368e-09
0.20145555555555555,2,6.431091352945659e-05,-9.523831704693074e-08,2.1083995695731587e-14,1,"[0, 0, 0.20145555555555555, 0, 1.0, 0, 1]",5.841262114980679e-11
0.2016,0,-3.215546233842469e-05,1.5614114943218157e-08,-3.983052004807113e-14,1,"[0, 0, 0.2016, 0, 1.0, 0, 1]",5.389569527058892e-11
0.2016,1,0.00023838154618754384,-6.245383724406952e-07,3.0149120810428425e-12,1,"[0, 0, 0.2016, 0, 1.0, 0, 1]",1.513642307502541e-09
0.2016,2,6.39544565604289e-05,-9.445473841497625e-08,2.0698924923299433e-14,1,"[0, 0, 0.2016, 0, 1.0, 0, 1]",5.791163331329085e-11
0.20175000000000004,0,-3.195812672359941e-05,1.5788857711997625e-08,-3.937031029706262e-14,1,"[0, 0, 0.20175000000000004, 0, 1.0, 0, 1]",5.349719271706659e-11
0.20175000000000004,1,0.00023831434278530632,-6.243449188953556e-07,3.009981881321304e-12,1,"[0, 0, 0.20175000000000004, 0, 1.0, 0, 1]",1.51200105879056e-09
0.20175000000000004,2,6.358350282839354e-05,-9.364068601246582e-08,2.030770864931848e-14,1,"[0, 0, 0.20175000000000004, 0, 1.0, 0, 1]",5.7398486992275674e-11
0.20178,0,-3.191852157670039e-05,1.5823589767174616e-08,-3.927875687535804e-14,1,"[0, 0, 0.20178, 0, 1.0, 0, 1]",5.341809279168698e-11
0.20178,1,0.00023830086195768735,-6.243060651001424e-07,3.008995032358053e-12,1,"[0, 0, 0.20178, 0, 1.0, 0, 1]",1.5116724388281141e-09
0.20178,2,6.350921420522398e-05,-9.347783220986156e-08,2.023051501589028e-14,1,"[0, 0, 0.20178, 0, 1.0, 0, 1]",5.729672461355072e-11
0.20196,0,-3.1679911796069704e-05,1.6030450939203218e-08,-3.87328267099022e-14,1,"[0, 0, 0.20196, 0, 1.0, 0, 1]",5.2947694664670986e-11
0.20196,1,0.00023821969647904817,-6.240718026655348e-07,3.0030683331735614e-12,1,"[0, 0, 0.20196, 0, 1.0, 0, 1]",1.5096981464415516e-09
0.20196,2,6.306278407989557e-05,-9.250038853084856e-08,1.9774624579027137e-14,1,"[0, 0, 0.20196, 0, 1.0, 0, 1]",5.66921996202323e-11
0.20204444444444447,0,-3.1567386830061416e-05,1.612658464764565e-08,-3.8478699950195075e-14,1,"[0, 0, 0.20204444444444447, 0, 1.0, 0, 1]",5.2729494820903e-11
0.20204444444444447,1,0.0002381814533782107,-6.239612294288091e-07,3.0002846227066398e-12,1,"[0, 0, 0.20204444444444447, 0, 1.0, 0, 1]",1.5087704245024352e-09
0.20204444444444447,2,6.285292861859157e-05,-9.204163650111017e-08,1.9565009004092126e-14,1,"[0, 0, 0.20204444444444447, 0, 1.0, 0, 1]",5.641215989031577e-11
0.20214,0,-3.143959967000662e-05,1.6234657466422172e-08,-3.819265363463236e-14,1,"[0, 0, 0.20214, 0, 1.0, 0, 1]",5.248449402325487e-11
0.20214,1,0.00023813805107244753,-6.238355900915548e-07,2.9971321314048294e-12,1,"[0, 0, 0.20214, 0, 1.0, 0, 1]",1.50771947884561e-09
0.20214,2,6.26151315370963e-05,-9.152236143037241e-08,1.9331058261351994e-14,1,"[0, 0, 0.20214, 0, 1.0, 0, 1]",5.6098009849710246e-11
0.20232,0,-3.1197550754704856e-05,1.6436167023591217e-08,-3.765816081499237e-14,1,"[0, 0, 0.20232, 0, 1.0, 0, 1]",5.202848400982929e-11
0.20232,1,0.00023805592704163165,-6.235974322722361e-07,2.99118657400074e-12,1,"[0, 0, 0.20232, 0, 1.0, 0, 1]",1.505736484230818e-09
0.20232,2,6.216622082927356e-05,-9.054370368915882e-08,1.889962075822293e-14,1,"[0, 0, 0.20232, 0, 1.0, 0, 1]",5.551410712213179e-11
0.2023388888888889,0,-3.1172048431525045e-05,1.6457154965596254e-08,-3.760239822063833e-14,1,"[0, 0, 0.2023388888888889, 0, 1.0, 0, 1]",5.198104770629763e-11
0.2023388888888889,1,0.00023804728139196612,-6.235723278235857e-07,2.9905621210359354e-12,1,"[0, 0, 0.2023388888888889, 0, 1.0, 0, 1]",1.505528143294278e-09
0.2023388888888889,2,6.211903848293966e-05,-9.044096651324984e-08,1.8855041677921753e-14,1,"[0, 0, 0.2023388888888889, 0, 1.0, 0, 1]",5.5453427821656695e-11
0.20249999999999999,0,-3.095372943648069e-05,1.6634935890908584e-08,-3.7129270462614926e-14,1,"[0, 0, 0.20249999999999999, 0, 1.0, 0, 1]",5.157965777590373e-11
0.20249999999999999,1,0.0002379733256734545,-6.23357334041616e-07,2.9852318069538453e-12,1,"[0, 0, 0.20249999999999999, 0, 1.0, 0, 1]",1.5037492104792334e-09
0.20249999999999999,2,6.171601505588913e-05,-8.956436675336696e-08,1.8480116765116008e-14,1,"[0, 0, 0.20249999999999999, 0, 1.0, 0, 1]",5.4940443557239884e-11
0.20263333333333333,0,-3.0771956701125026e-05,1.678037856107067e-08,-3.674106548425735e-14,1,"[0, 0, 0.20263333333333333, 0, 1.0, 0, 1]",5.1251821388054196e-11
0.20263333333333333,1,0.00023791183247518952,-6.231782352953424e-07,2.9808150162393465e-12,1,"[0, 0, 0.20263333333333333, 0, 1.0, 0, 1]",1.502274425043194e-09
0.20263333333333333,2,6.13816719459568e-05,-8.88384647284534e-08,1.8176951764662898e-14,1,"[0, 0, 0.20263333333333333, 0, 1.0, 0, 1]",5.452208092513916e-11
0.20268,0,-3.0708098875963404e-05,1.683091888802661e-08,-3.660590379696943e-14,1,"[0, 0, 0.20268, 0, 1.0, 0, 1]",5.113800848256479e-11
0.20268,1,0.00023789024823806155,-6.231153001743927e-07,2.979267975310594e-12,1,"[0, 0, 0.20268, 0, 1.0, 0, 1]",1.501757705168142e-09
0.20268,2,6.126447610742803e-05,-8.858430066795488e-08,1.8072350929150324e-14,1,"[0, 0, 0.20268, 0, 1.0, 0, 1]",5.437697157024721e-11
0.20285999999999998,0,-3.0460620948833957e-05,1.702406930399702e-08,-3.608798100484469e-14,1,"[0, 0, 0.20285999999999998, 0, 1.0, 0, 1]",5.070352930096047e-11
0.20285999999999998,1,0.0002378066959890635,-6.22871335386547e-07,2.973295223181127e-12,1,"[0, 0, 0.20285999999999998, 0, 1.0, 0, 1]",1.4997620155736218e-09
0.20285999999999998,2,6.081156460595982e-05,-8.760345400599249e-08,1.767612779860772e-14,1,"[0, 0, 0.20285999999999998, 0, 1.0, 0, 1]",5.38236438677123e-11
0.20292777777777782,0,-3.0366947985572935e-05,1.7096054812095267e-08,-3.589435497879651e-14,1,"[0, 0, 0.20292777777777782, 0, 1.0, 0, 1]",5.054178594994549e-11
0.20292777777777782,1,0.00023777511215697416,-6.227789726352571e-07,2.9710439414793697e-12,1,"[0, 0, 0.20292777777777782, 0, 1.0, 0, 1]",1.4990094774465149e-09
0.20292777777777782,2,6.0640659825259855e-05,-8.723390973356363e-08,1.7529883970647026e-14,1,"[0, 0, 0.20292777777777782, 0, 1.0, 0, 1]",5.3617911452121834e-11
0.20304,0,-3.021125618284424e-05,1.7214338822839297e-08,-3.557542119750249e-14,1,"[0, 0, 0.20304, 0, 1.0, 0, 1]",5.027621341278366e-11
0.20304,1,0.00023772267016371342,-6.226254443359742e-07,2.9673136937492295e-12,1,"[0, 0, 0.20304, 0, 1.0, 0, 1]",1.4977621886741703e-09
0.20304,2,6.0357239841983e-05,-8.662177379360099e-08,1.7291251770275876e-14,1,"[0, 0, 0.20304, 0, 1.0, 0, 1]",5.32804134434859e-11
0.20321999999999998,0,-2.995996369083403e-05,1.740167744439031e-08,-3.506814236534436e-14,1,"[0, 0, 0.20321999999999998, 0, 1.0, 0, 1]",4.985605401080818e-11
0.20321999999999998,1,0.0002376381719830783,-6.22377631623101e-07,2.961323529281919e-12,1,"[0, 0, 0.20321999999999998, 0, 1.0, 0, 1]",1.4957582711541924e-09
0.20321999999999998,2,5.990145970727087e-05,-8.563920543019357e-08,1.691752703445067e-14,1,"[0, 0, 0.20321999999999998, 0, 1.0, 0, 1]",5.274723357467437e-11
0.20322222222222225,0,-2.99568490919042e-05,1.7403971736446697e-08,-3.506191231735453e-14,1,"[0, 0, 0.20322222222222225, 0, 1.0, 0, 1]",4.985091155042051e-11
0.20322222222222225,1,0.00023763712584896045,-6.223745602174389e-07,2.9612495232669066e-12,1,"[0, 0, 0.20322222222222225, 0, 1.0, 0, 1]",1.4957335060640177e-09
0.20322222222222225,2,5.9895823516245066e-05,-8.56270691722537e-08,1.6912982012196806e-14,1,"[0, 0, 0.20322222222222225, 0, 1.0, 0, 1]",5.2740713718588815e-11
0.2034,0,-2.9706701099423922e-05,1.7586033400066575e-08,-3.456606132988815e-14,1,"[0, 0, 0.2034, 0, 1.0, 0, 1]",4.9443044299427244e-11
0.2034,1,0.00023755320265220697,-6.221279017914837e-07,2.9553248711390105e-12,1,"[0, 0, 0.2034, 0, 1.0, 0, 1]",1.493750309407471e-09
0.2034,2,5.944418062339514e-05,-8.465569260362957e-08,1.6554757517396385e-14,1,"[0, 0, 0.2034, 0, 1.0, 0, 1]",5.222405781762948e-11
0.20351666666666668,0,-2.9541476498750204e-05,1.7703905059703472e-08,-3.4243374954810405e-14,1,"[0, 0, 0.20351666666666668, 0, 1.0, 0, 1]",4.917916842871568e-11
0.20351666666666668,1,0.0002374978788473395,-6.219650180060944e-07,2.95143238157429e-12,1,"[0, 0, 0.20351666666666668, 0, 1.0, 0, 1]",1.4924467143590054e-09
0.20351666666666668,2,5.914697420135223e-05,-8.401769880589229e-08,1.6325387968963828e-14,1,"[0, 0, 0.20351666666666668, 0, 1.0, 0, 1]",5.189028405790357e-11
0.20357999999999998,0,-2.945142447304488e-05,1.7767353063132343e-08,-3.4069093692864926e-14,1,"[0, 0, 0.20357999999999998, 0, 1.0, 0, 1]",4.903717749521472e-11
0.20357999999999998,1,0.00023746776336029592,-6.218762593284042e-07,2.9493178597824518e-12,1,"[0, 0, 0.20357999999999998, 0, 1.0, 0, 1]",1.491738349540568e-09
0.20357999999999998,2,5.8985357465590506e-05,-8.367117719989272e-08,1.620274682106942e-14,1,"[0, 0, 0.20357999999999998, 0, 1.0, 0, 1]",5.17108400039734e-11
0.20376,0,-2.919408823292354e-05,1.7945580853031667e-08,-3.35771537822075e-14,1,"[0, 0, 0.20376, 0, 1.0, 0, 1]",4.8638446827515305e-11
0.20376,1,0.00023738185528085135,-6.216227086654489e-07,2.943302634785549e-12,1,"[0, 0, 0.20376, 0, 1.0, 0, 1]",1.4897224373762048e-09
0.20376,2,5.852494348157678e-05,-8.268559920683801e-08,1.586129815987512e-14,1,"[0, 0, 0.20376, 0, 1.0, 0, 1]",5.1207534236647696e-11
0.2038111111111111,0,-2.9120635482161846e-05,1.79956171826786e-08,-3.343837160130318e-14,1,"[0, 0, 0.2038111111111111, 0, 1.0, 0, 1]",4.8526526911399913e-11
0.2038111111111111,1,0.00023735737633480582,-6.215503655625232e-07,2.9415931299455557e-12,1,"[0, 0, 0.2038111111111111, 0, 1.0, 0, 1]",1.489149303738511e-09
0.2038111111111111,2,5.839391197393738e-05,-8.240554147399247e-08,1.5766241587102427e-14,1,"[0, 0, 0.2038111111111111, 0, 1.0, 0, 1]",5.1066420774113344e-11
0.20393999999999998,0,-2.893464507061063e-05,1.8120659133295736e-08,-3.3090154594691034e-14,1,"[0, 0, 0.20393999999999998, 0, 1.0, 0, 1]",4.8246845539069905e-11
0.20393999999999998,1,0.00023729547957185006,-6.213672541790863e-07,2.9372793348420928e-12,1,"[0, 0, 0.20393999999999998, 0, 1.0, 0, 1]",1.4877026184565333e-09
0.20393999999999998,2,5.806289020492794e-05,-8.169889661152773e-08,1.5530214294215517e-14,1,"[0, 0, 0.20393999999999998, 0, 1.0, 0, 1]",5.0714094885991626e-11
0.2041055555555556,0,-2.869411914441854e-05,1.8278856034644238e-08,-3.26465215759689e-14,1,"[0, 0, 0.2041055555555556, 0, 1.0, 0, 1]",4.789295741941391e-11
0.2041055555555556,1,0.00023721562338245317,-6.211306220519087e-07,2.9317323756041672e-12,1,"[0, 0, 0.2041055555555556, 0, 1.0, 0, 1]",1.4858414735924184e-09
0.2041055555555556,2,5.763642486518687e-05,-8.079032594064527e-08,1.523467952540562e-14,1,"[0, 0, 0.2041055555555556, 0, 1.0, 0, 1]",5.026892409577262e-11
0.20412,0,-2.8673045855595252e-05,1.8292528102490562e-08,-3.2608007734953904e-14,1,"[0, 0, 0.20412, 0, 1.0, 0, 1]",4.786236688666122e-11
0.20412,1,0.00023720863737589727,-6.211099001912331e-07,2.931248097775333e-12,1,"[0, 0, 0.20412, 0, 1.0, 0, 1]",1.4856789380464653e-09
0.20412,2,5.75991473625282e-05,-8.071100529061349e-08,1.52092974605492e-14,1,"[0, 0, 0.20412, 0, 1.0, 0, 1]",5.023047658582423e-11
0.20429999999999998,0,-2.84092395365075e-05,1.846112567761929e-08,-3.2130623350618077e-14,1,"[0, 0, 0.20429999999999998, 0, 1.0, 0, 1]",4.748500414177508e-11
0.20429999999999998,1,0.00023712132982037936,-6.208506509698012e-07,2.9252090605467484e-12,1,"[0, 0, 0.20429999999999998, 0, 1.0, 0, 1]",1.4836514411368021e-09
0.20429999999999998,2,5.7133662775621715e-05,-7.972185889318787e-08,1.489834929769165e-14,1,"[0, 0, 0.20429999999999998, 0, 1.0, 0, 1]",4.975663422956692e-11
0.20440000000000003,0,-2.826170733236142e-05,1.8553353796528824e-08,-3.186743409305352e-14,1,"[0, 0, 0.20440000000000003, 0, 1.0, 0, 1]",4.7278430475616136e-11
0.20440000000000003,1,0.00023707262495161472,-6.207058062499149e-07,2.921850719557894e-12,1,"[0, 0, 0.20440000000000003, 0, 1.0, 0, 1]",1.4825234213316858e-09
0.20440000000000003,2,5.687428776060872e-05,-7.917176561111573e-08,1.472983453643205e-14,1,"[0, 0, 0.20440000000000003, 0, 1.0, 0, 1]",4.949759613015249e-11
0.20448,0,-2.8143173035354804e-05,1.862638736932852e-08,-3.165791006317756e-14,1,"[0, 0, 0.20448, 0, 1.0, 0, 1]",4.7114750591323006e-11
0.20448,1,0.00023703355801761496,-6.20589510729239e-07,2.9191623592647436e-12,1,"[0, 0, 0.20448, 0, 1.0, 0, 1]",1.4816201724474535e-09
0.20448,2,5.6666382253896175e-05,-7.873138871544471e-08,1.4597170769005668e-14,1,"[0, 0, 0.20448, 0, 1.0, 0, 1]",4.929252296637018e-11
0.20465999999999998,0,-2.7874791134184542e-05,1.878824614820447e-08,-3.118977489430575e-14,1,"[0, 0, 0.20465999999999998, 0, 1.0, 0, 1]",4.6751599538370934e-11
0.20465999999999998,1,0.00023694532306500727,-6.203264836310808e-07,2.913108129193272e-12,1,"[0, 0, 0.20465999999999998, 0, 1.0, 0, 1]",1.4795851764305547e-09
0.20465999999999998,2,5.619724948199698e-05,-7.773952356644092e-08,1.4305562080147683e-14,1,"[0, 0, 0.20465999999999998, 0, 1.0, 0, 1]",4.8838098197253143e-11
0.20469444444444446,0,-2.782316542952613e-05,1.8818825475617608e-08,-3.110070747123996e-14,1,"[0, 0, 0.20469444444444446, 0, 1.0, 0, 1]",4.6682916712919354e-11
0.20469444444444446,1,0.00023692838589565172,-6.202759365491029e-07,2.911948756701239e-12,1,"[0, 0, 0.20469444444444446, 0, 1.0, 0, 1]",1.4791953424256291e-09
0.20469444444444446,2,5.610726119037621e-05,-7.754955710012304e-08,1.4250834573391265e-14,1,"[0, 0, 0.20469444444444446, 0, 1.0, 0, 1]",4.8752240817836277e-11
0.20484,0,-2.7604036353501022e-05,1.8946632301371152e-08,-3.07261231871953e-14,1,"[0, 0, 0.20484, 0, 1.0, 0, 1]",4.6395544302916774e-11
0.20484,1,0.00023685662604518685,-6.20061573784456e-07,2.9070465047602134e-12,1,"[0, 0, 0.20484, 0, 1.0, 0, 1]",1.4775464972735023e-09
0.20484,2,5.572620589779679e-05,-7.674618962416629e-08,1.4023322591965535e-14,1,"[0, 0, 0.20484, 0, 1.0, 0, 1]",4.8393315571253886e-11
0.2049888888888889,0,-2.7378243003642885e-05,1.907496731010394e-08,-3.0345928255505565e-14,1,"[0, 0, 0.2049888888888889, 0, 1.0, 0, 1]",4.610638688304015e-11
0.2049888888888889,1,0.0002367829109616967,-6.198410309651903e-07,2.9020270759155426e-12,1,"[0, 0, 0.2049888888888889, 0, 1.0, 0, 1]",1.4758574304383838e-09
0.2049888888888889,2,5.533508997508821e-05,-7.592337863014834e-08,1.379680181202738e-14,1,"[0, 0, 0.2049888888888889, 0, 1.0, 0, 1]",4.803266388752859e-11
0.20501999999999998,0,-2.7330848821694547e-05,1.91014732785164e-08,-3.0266858522504726e-14,1,"[0, 0, 0.20501999999999998, 0, 1.0, 0, 1]",4.6046578222700635e-11
0.20501999999999998,1,0.00023676746802615871,-6.197947852466209e-07,2.900977619565739e-12,1,"[0, 0, 0.20501999999999998, 0, 1.0, 0, 1]",1.4755041789020422e-09
0.20501999999999998,2,5.525319056168163e-05,-7.575131028105582e-08,1.37502507281315e-14,1,"[0, 0, 0.20501999999999998, 0, 1.0, 0, 1]",4.795813098159171e-11
0.2052,0,-2.7055166134654944e-05,1.9252693526377394e-08,-2.9811882628429603e-14,1,"[0, 0, 0.2052, 0, 1.0, 0, 1]",4.5704694654059714e-11
0.2052,1,0.00023667785006144118,-6.195261220234549e-07,2.8949016063904515e-12,1,"[0, 0, 0.2052, 0, 1.0, 0, 1]",1.4734582649831965e-09
0.2052,2,5.477814001602249e-05,-7.475480597796478e-08,1.3486143877020335e-14,1,"[0, 0, 0.2052, 0, 1.0, 0, 1]",4.753250056183277e-11
0.20528333333333337,0,-2.692667228780318e-05,1.932145497800973e-08,-2.9602670238985254e-14,1,"[0, 0, 0.20528333333333337, 0, 1.0, 0, 1]",4.5548811865969314e-11
0.20528333333333337,1,0.00023663620479233904,-6.194011071431021e-07,2.892086260166434e-12,1,"[0, 0, 0.20528333333333337, 0, 1.0, 0, 1]",1.4725098770643898e-09
0.20528333333333337,2,5.455750170524656e-05,-7.42928882342871e-08,1.3366851574899074e-14,1,"[0, 0, 0.20528333333333337, 0, 1.0, 0, 1]",4.733867281106664e-11
0.20537999999999998,0,-2.6776923204658096e-05,1.9400214310612286e-08,-2.936109528438318e-14,1,"[0, 0, 0.20537999999999998, 0, 1.0, 0, 1]",4.5369886972810897e-11
0.20537999999999998,1,0.00023658777319020643,-6.192555880699676e-07,2.888818597203497e-12,1,"[0, 0, 0.20537999999999998, 0, 1.0, 0, 1]",1.4714087989282376e-09
0.20537999999999998,2,5.430098813392312e-05,-7.375659402554246e-08,1.323079828731635e-14,1,"[0, 0, 0.20537999999999998, 0, 1.0, 0, 1]",4.711638068205027e-11
0.20556,0,-2.6496052097503952e-05,1.954395352386253e-08,-2.891439421769494e-14,1,"[0, 0, 0.20556, 0, 1.0, 0, 1]",4.504214857520574e-11
0.20556,1,0.00023649723843741744,-6.189831872907903e-07,2.8827287231705413e-12,1,"[0, 0, 0.20556, 0, 1.0, 0, 1]",1.4693558238956054e-09
0.20556,2,5.38216659562213e-05,-7.275658841180125e-08,1.2984008956755594e-14,1,"[0, 0, 0.20556, 0, 1.0, 0, 1]",4.670972794499837e-11
0.2055777777777778,0,-2.6468166469639168e-05,1.9557941580353193e-08,-2.887049337009237e-14,1,"[0, 0, 0.2055777777777778, 0, 1.0, 0, 1]",4.501016268018008e-11
0.2055777777777778,1,0.000236488271927268,-6.189561823628778e-07,2.8821268865991238e-12,1,"[0, 0, 0.2055777777777778, 0, 1.0, 0, 1]",1.4691528721631257e-09
0.2055777777777778,2,5.377420502879357e-05,-7.265772173351508e-08,1.2960091143246808e-14,1,"[0, 0, 0.2055777777777778, 0, 1.0, 0, 1]",4.6670076758478685e-11
0.20573999999999998,0,-2.6212481856777317e-05,1.968382547867757e-08,-2.8471674992693714e-14,1,"[0, 0, 0.20573999999999998, 0, 1.0, 0, 1]",4.472147287889165e-11
0.20573999999999998,1,0.00023640624681396053,-6.187089235406539e-07,2.876632114661531e-12,1,"[0, 0, 0.20573999999999998, 0, 1.0, 0, 1]",1.4672993827937078e-09
0.20573999999999998,2,5.3340101515614634e-05,-7.175469959455761e-08,1.2745569513366878e-14,1,"[0, 0, 0.20573999999999998, 0, 1.0, 0, 1]",4.631249918224841e-11
0.20587222222222223,0,-2.6002417758060424e-05,1.9784055362816162e-08,-2.8148942527486208e-14,1,"[0, 0, 0.20587222222222223, 0, 1.0, 0, 1]",4.449041049369746e-11
0.20587222222222223,1,0.00023633911680487194,-6.185062735454252e-07,2.8721495266314407e-12,1,"[0, 0, 0.20587222222222223, 0, 1.0, 0, 1]",1.4657866037930457e-09
0.20587222222222223,2,5.298488771625115e-05,-7.101749045261032e-08,1.257561843895702e-14,1,"[0, 0, 0.20587222222222223, 0, 1.0, 0, 1]",4.602668655302262e-11
0.20592,0,-2.5926138313963404e-05,1.9819740683815242e-08,-2.8032830891446952e-14,1,"[0, 0, 0.20592, 0, 1.0, 0, 1]",4.4407853323969035e-11
0.20592,1,0.0002363147993167784,-6.184328006248664e-07,2.870528901258488e-12,1,"[0, 0, 0.20592, 0, 1.0, 0, 1]",1.4652395182837974e-09
0.20592,2,5.2856219646645866e-05,-7.075083427726107e-08,1.2515272088486943e-14,1,"[0, 0, 0.20592, 0, 1.0, 0, 1]",4.5924651450353274e-11
0.2061,0,-2.563694388300506e-05,1.9951605602260558e-08,-2.7597752785359396e-14,1,"[0, 0, 0.2061, 0, 1.0, 0, 1]",4.4101283374062064e-11
0.2061,1,0.000236222896929,-6.181548222997817e-07,2.8644192117631323e-12,1,"[0, 0, 0.2061, 0, 1.0, 0, 1]",1.4631762727827159e-09
0.2061,2,5.236994178012888e-05,-6.97448951665432e-08,1.2292907180738438e-14,1,"[0, 0, 0.2061, 0, 1.0, 0, 1]",4.554614202697826e-11
0.20616666666666666,0,-2.552909519121879e-05,1.9999397133266397e-08,-2.743754614219746e-14,1,"[0, 0, 0.20616666666666666, 0, 1.0, 0, 1]",4.3989526636111784e-11
0.20616666666666666,1,0.0002361887437637856,-6.18051397258087e-07,2.8621547460445938e-12,1,"[0, 0, 0.20616666666666666, 0, 1.0, 0, 1]",1.4624112582446214e-09
0.20616666666666666,2,5.2189214467135956e-05,-6.93717786320953e-08,1.2212520555886658e-14,1,"[0, 0, 0.20616666666666666, 0, 1.0, 0, 1]",4.540831462606452e-11
0.20628,0,-2.534481733771724e-05,2.007932238910246e-08,-2.71663289967333e-14,1,"[0, 0, 0.20628, 0, 1.0, 0, 1]",4.380175651748295e-11
0.20628,1,0.00023613054062006757,-6.178749922732577e-07,2.8583031742043305e-12,1,"[0, 0, 0.20628, 0, 1.0, 0, 1]",1.4611096884656559e-09
0.20628,2,5.1881185720436846e-05,-6.873678070963715e-08,1.20782635100866e-14,1,"[0, 0, 0.20628, 0, 1.0, 0, 1]",4.5176928407009596e-11
0.20645999999999998,0,-2.5049673570279665e-05,2.020278860718274e-08,-2.6738445149286768e-14,1,"[0, 0, 0.20645999999999998, 0, 1.0, 0, 1]",4.35092662684239e-11
0.20645999999999998,1,0.00023603773134586123,-6.175933142051035e-07,2.8521809158455564e-12,1,"[0, 0, 0.20645999999999998, 0, 1.0, 0, 1]",1.4590398072688328e-09
0.20645999999999998,2,5.138986540386865e-05,-6.772638480957212e-08,1.1871127860956995e-14,1,"[0, 0, 0.20645999999999998, 0, 1.0, 0, 1]",4.48169682986452e-11
0.20646111111111115,0,-2.5047842142148364e-05,2.0203537324030497e-08,-2.6735814642219373e-14,1,"[0, 0, 0.20646111111111115, 0, 1.0, 0, 1]",4.3507482611617985e-11
0.20646111111111115,1,0.00023603715704439954,-6.17591569720079e-07,2.8521431050718625e-12,1,"[0, 0, 0.20646111111111115, 0, 1.0, 0, 1]",1.4590270200727524e-09
0.20646111111111115,2,5.138682441409132e-05,-6.772014048507989e-08,1.1869872115772143e-14,1,"[0, 0, 0.20646111111111115, 0, 1.0, 0, 1]",4.4814774971685034e-11
0.20664,0,-2.4751423328811764e-05,2.032189691817266e-08,-2.6313984006515675e-14,1,"[0, 0, 0.20664, 0, 1.0, 0, 1]",4.322380616824587e-11
0.20664,1,0.00023594447004882254,-6.173097917075273e-07,2.846052563192118e-12,1,"[0, 0, 0.20664, 0, 1.0, 0, 1]",1.4569666708921677e-09
0.20664,2,5.089589063610204e-05,-6.671359651581132e-08,1.1671284913303737e-14,1,"[0, 0, 0.20664, 0, 1.0, 0, 1]",4.446621961946307e-11
0.20675555555555558,0,-2.4558273469603964e-05,2.0396012637348125e-08,-2.6043238689950154e-14,1,"[0, 0, 0.20675555555555558, 0, 1.0, 0, 1]",4.304425011322655e-11
0.20675555555555558,1,0.00023588436079032682,-6.171268068077792e-07,2.8421151584852507e-12,1,"[0, 0, 0.20675555555555558, 0, 1.0, 0, 1]",1.4556340721283696e-09
0.20675555555555558,2,5.057732827226042e-05,-6.606209683743239e-08,1.1546733419065544e-14,1,"[0, 0, 0.20675555555555558, 0, 1.0, 0, 1]",4.424588310085525e-11
0.20682,0,-2.4449972931768437e-05,2.0436534746430225e-08,-2.5892825296619595e-14,1,"[0, 0, 0.20682, 0, 1.0, 0, 1]",4.2945369786807426e-11
0.20682,1,0.00023585075765807708,-6.170244283455779e-07,2.8399182419984635e-12,1,"[0, 0, 0.20682, 0, 1.0, 0, 1]",1.4548903208019271e-09
0.20682,2,5.039916680646749e-05,-6.569829968766808e-08,1.1478517060346118e-14,1,"[0, 0, 0.20682, 0, 1.0, 0, 1]",4.41246404924463e-11
0.207,0,-2.4145223956614803e-05,2.0546583912650738e-08,-2.547484552257781e-14,1,"[0, 0, 0.207, 0, 1.0, 0, 1]",4.267395072390446e-11
0.207,1,0.00023575659508954925,-6.167372276375579e-07,2.8337780772751124e-12,1,"[0, 0, 0.207, 0, 1.0, 0, 1]",1.4528107982332656e-09
0.207,2,4.989959457650483e-05,-6.468037262753102e-08,1.1292604211555095e-14,1,"[0, 0, 0.207, 0, 1.0, 0, 1]",4.3792189241982384e-11
0.20705,0,-2.4059972250515483e-05,2.0576322199421455e-08,-2.5359287176760007e-14,1,"[0, 0, 0.20705, 0, 1.0, 0, 1]",4.259980103826736e-11
0.20705,1,0.0002357303590498217,-6.166571240598419e-07,2.8320714556799796e-12,1,"[0, 0, 0.20705, 0, 1.0, 0, 1]",1.45223259558926e-09
0.20705,2,4.9760305070316744e-05,-6.439713127669055e-08,1.1242148354904586e-14,1,"[0, 0, 0.20705, 0, 1.0, 0, 1]",4.3701455995040925e-11
0.20718,0,-2.3837072899893393e-05,2.0651920233930217e-08,-2.5059917755765797e-14,1,"[0, 0, 0.20718, 0, 1.0, 0, 1]",4.2409542610751254e-11
0.20718,1,0.00023566198324608288,-6.164481930554618e-07,2.827632193295756e-12,1,"[0, 0, 0.20718, 0, 1.0, 0, 1]",1.4507281441928276e-09
0.20718,2,4.939706953991253e-05,-6.365968768050257e-08,1.1113323579282907e-14,1,"[0, 0, 0.20718, 0, 1.0, 0, 1]",4.3468824389790613e-11
0.20734444444444444,0,-2.355248601656895e-05,2.074392313217383e-08,-2.4683404931330063e-14,1,"[0, 0, 0.20734444444444444, 0, 1.0, 0, 1]",4.2174107505368006e-11
0.20734444444444444,1,0.00023557515577717043,-6.161825366822253e-07,2.8220125407572566e-12,1,"[0, 0, 0.20734444444444444, 0, 1.0, 0, 1]",1.4488227699903546e-09
0.20734444444444444,2,4.893529838566174e-05,-6.272468571882749e-08,1.0955142026805798e-14,1,"[0, 0, 0.20734444444444444, 0, 1.0, 0, 1]",4.3181312059056955e-11
0.20736,0,-2.352541080540967e-05,2.075241308640005e-08,-2.464791141128906e-14,1,"[0, 0, 0.20736, 0, 1.0, 0, 1]",4.215213911159057e-11
0.20736,1,0.00023556692301755354,-6.16157328025379e-07,2.8214807136041175e-12,1,"[0, 0, 0.20736, 0, 1.0, 0, 1]",1.4486423994612267e-09
0.20736,2,4.889148185062102e-05,-6.263611079662454e-08,1.0940449447208759e-14,1,"[0, 0, 0.20736, 0, 1.0, 0, 1]",4.315450465084035e-11
0.20754,0,-2.3210122856805614e-05,2.0847924926061933e-08,-2.4238692002958962e-14,1,"[0, 0, 0.20754, 0, 1.0, 0, 1]",4.190173392536128e-11
0.20754,1,0.0002354714152809837,-6.158646359279138e-07,2.8153237610207582e-12,1,"[0, 0, 0.20754, 0, 1.0, 0, 1]",1.4465536045955696e-09
0.20754,2,4.8382715815249806e-05,-6.160950105129634e-08,1.0773752918519504e-14,1,"[0, 0, 0.20754, 0, 1.0, 0, 1]",4.284918892915144e-11
0.20763888888888893,0,-2.303532239987996e-05,2.0898225431281756e-08,-2.4015010088813795e-14,1,"[0, 0, 0.20763888888888893, 0, 1.0, 0, 1]",4.17671418730401e-11
0.20763888888888893,1,0.00023541875483402974,-6.157030595530234e-07,2.8119389526049024e-12,1,"[0, 0, 0.20763888888888893, 0, 1.0, 0, 1]",1.4454047732531501e-09
0.20763888888888893,2,4.81018119887535e-05,-6.104415528142162e-08,1.0684718041084022e-14,1,"[0, 0, 0.20763888888888893, 0, 1.0, 0, 1]",4.268527107294735e-11
0.20772,0,-2.289108793027788e-05,2.0938310762843098e-08,-2.383212087557738e-14,1,"[0, 0, 0.20772, 0, 1.0, 0, 1]",4.165832078749166e-11
0.20772,1,0.00023537546090065023,-6.155701200985706e-07,2.809161457649713e-12,1,"[0, 0, 0.20772, 0, 1.0, 0, 1]",1.4444617999318698e-09
0.20772,2,4.787064944571866e-05,-6.057971011893961e-08,1.0613001641500275e-14,1,"[0, 0, 0.20772, 0, 1.0, 0, 1]",4.255283631359211e-11
0.2079,0,-2.2568178102565412e-05,2.10234175821646e-08,-2.342805491182285e-14,1,"[0, 0, 0.2079, 0, 1.0, 0, 1]",4.142189347179241e-11
0.2079,1,0.00023527906072819582,-6.15273783828159e-07,2.802993924885188e-12,1,"[0, 0, 0.2079, 0, 1.0, 0, 1]",1.4423670255874735e-09
0.2079,2,4.7355153967123674e-05,-5.954658169416543e-08,1.045795950981346e-14,1,"[0, 0, 0.2079, 0, 1.0, 0, 1]",4.226540607354168e-11
0.20793333333333336,0,-2.2507944070455166e-05,2.103858601294477e-08,-2.3353491055762393e-14,1,"[0, 0, 0.20793333333333336, 0, 1.0, 0, 1]",4.137887676013712e-11
0.20793333333333336,1,0.00023526115999073839,-6.152187072272141e-07,2.8018512249763536e-12,1,"[0, 0, 0.20793333333333336, 0, 1.0, 0, 1]",1.441978781714634e-09
0.20793333333333336,2,4.725930477926045e-05,-5.9354882325698184e-08,1.042985539287817e-14,1,"[0, 0, 0.20793333333333336, 0, 1.0, 0, 1]",4.2213154142679505e-11
0.20808,0,-2.2241258108630134e-05,2.110308370748052e-08,-2.302634621067553e-14,1,"[0, 0, 0.20808, 0, 1.0, 0, 1]",4.119244579247622e-11
0.20808,1,0.00023518221560273533,-6.149756303631798e-07,2.7968212834179995e-12,1,"[0, 0, 0.20808, 0, 1.0, 0, 1]",1.4402693214634561e-09
0.20808,2,4.6836093275312214e-05,-5.850995085392837e-08,1.0308386334416019e-14,1,"[0, 0, 0.20808, 0, 1.0, 0, 1]",4.198685765451019e-11
0.2082277777777778,0,-2.1969762819598252e-05,2.1164301758431604e-08,-2.269820299025107e-14,1,"[0, 0, 0.2082277777777778, 0, 1.0, 0, 1]",4.1009285068409145e-11
0.2082277777777778,1,0.00023510237492758317,-6.147294939412393e-07,2.7917498865676754e-12,1,"[0, 0, 0.2082277777777778, 0, 1.0, 0, 1]",1.4385449701554306e-09
0.2082277777777778,2,4.640718486819881e-05,-5.765614949647995e-08,1.0189504869179283e-14,1,"[0, 0, 0.2082277777777778, 0, 1.0, 0, 1]",4.176478364938837e-11
0.20826,0,-2.191018474260641e-05,2.1177138096262412e-08,-2.262684173385551e-14,1,"[0, 0, 0.20826, 0, 1.0, 0, 1]",4.096997160628775e-11
0.20826,1,0.00023508492635095958,-6.146756629061997e-07,2.7906436532419914e-12,1,"[0, 0, 0.20826, 0, 1.0, 0, 1]",1.438168727246947e-09
0.20826,2,4.631332333772719e-05,-5.74696433531305e-08,1.0164037483573316e-14,1,"[0, 0, 0.20826, 0, 1.0, 0, 1]",4.171715067363362e-11
0.20844,0,-2.1574806194601793e-05,2.124539956073533e-08,-2.2229382916205347e-14,1,"[0, 0, 0.20844, 0, 1.0, 0, 1]",4.0754464814804007e-11
0.20844,1,0.00023498719378724074,-6.143738846162341e-07,2.784461153660438e-12,1,"[0, 0, 0.20844, 0, 1.0, 0, 1]",1.4360652824134844e-09
0.20844,2,4.5786691530104066e-05,-5.6425474844982204e-08,1.0024663486910893e-14,1,"[0, 0, 0.20844, 0, 1.0, 0, 1]",4.145624491507471e-11
0.20852222222222222,0,-2.142013260656927e-05,2.1274601342283783e-08,-2.2048463696709952e-14,1,"[0, 0, 0.20852222222222222, 0, 1.0, 0, 1]",4.0658340007431174e-11
0.20852222222222222,1,0.00023494240323603563,-6.142354336174893e-07,2.7816354610929618e-12,1,"[0, 0, 0.20852222222222222, 0, 1.0, 0, 1]",1.4351035118274313e-09
0.20852222222222222,2,4.554480262335715e-05,-5.5947171545918905e-08,9.962584868303355e-15,1,"[0, 0, 0.20852222222222222, 0, 1.0, 0, 1]",4.133998319683934e-11
0.20862,0,-2.1234961314760458e-05,2.1307675903304317e-08,-2.1833805235326204e-14,1,"[0, 0, 0.20862, 0, 1.0, 0, 1]",4.054591936685223e-11
0.20862,1,0.00023488901871373342,-6.140702986091146e-07,2.778273903292251e-12,1,"[0, 0, 0.20862, 0, 1.0, 0, 1]",1.4339590262292855e-09
0.20862,2,4.525603590043335e-05,-5.537725001606026e-08,9.890009598806202e-15,1,"[0, 0, 0.20862, 0, 1.0, 0, 1]",4.120410032530479e-11
0.20879999999999999,0,-2.0890478794612195e-05,2.1363762954979e-08,-2.1439937735032098e-14,1,"[0, 0, 0.20879999999999999, 0, 1.0, 0, 1]",4.034432926112541e-11
0.20879999999999999,1,0.00023479040192047224,-6.137649079578415e-07,2.7720820200781085e-12,1,"[0, 0, 0.20879999999999999, 0, 1.0, 0, 1]",1.4318499977534949e-09
0.20879999999999999,2,4.472118435020943e-05,-5.4324761624371476e-08,9.759815315682396e-15,1,"[0, 0, 0.20879999999999999, 0, 1.0, 0, 1]",4.096067700823492e-11
0.2088166666666667,0,-2.0858341337789457e-05,2.136863557382878e-08,-2.1403548809082283e-14,1,"[0, 0, 0.2088166666666667, 0, 1.0, 0, 1]",4.032601512228018e-11
0.2088166666666667,1,0.00023478124841995116,-6.137365398686524e-07,2.771508467358019e-12,1,"[0, 0, 0.2088166666666667, 0, 1.0, 0, 1]",1.4316545784807977e-09
0.2088166666666667,2,4.4671442447302164e-05,-5.422708567065786e-08,9.74797650939761e-15,1,"[0, 0, 0.2088166666666667, 0, 1.0, 0, 1]",4.093857755678511e-11
0.20898,0,-2.0541176254062823e-05,2.1413443503159567e-08,-2.1047602496284328e-14,1,"[0, 0, 0.20898, 0, 1.0, 0, 1]",4.0149688548953333e-11
0.20898,1,0.00023469134418547117,-6.134577156929465e-07,2.765885621286521e-12,1,"[0, 0, 0.20898, 0, 1.0, 0, 1]",1.429738235840408e-09
0.20898,2,4.418195372132399e-05,-5.326778942678266e-08,9.633813840871408e-15,1,"[0, 0, 0.20898, 0, 1.0, 0, 1]",4.072593522021648e-11
0.20911111111111114,0,-2.028360108469341e-05,2.1445465907663232e-08,-2.076268610197337e-14,1,"[0, 0, 0.20911111111111114, 0, 1.0, 0, 1]",4.0012284324340154e-11
0.20911111111111114,1,0.00023461891389673148,-6.132328260019343e-07,2.7613694193323023e-12,1,"[0, 0, 0.20911111111111114, 0, 1.0, 0, 1]",1.4281983403903043e-09
0.20911111111111114,2,4.3786312994066385e-05,-5.2494940018085836e-08,9.54451787158537e-15,1,"[0, 0, 0.20911111111111114, 0, 1.0, 0, 1]",4.056039261174957e-11
0.20915999999999998,0,-2.0186859220405663e-05,2.1456486092826916e-08,-2.0656614048222406e-14,1,"[0, 0, 0.20915999999999998, 0, 1.0, 0, 1]",3.9961991337288326e-11
0.20915999999999998,1,0.0002345918462748219,-6.131487248028498e-07,2.7596848235199446e-12,1,"[0, 0, 0.20915999999999998, 0, 1.0, 0, 1]",1.4276237791417207e-09
0.20915999999999998,2,4.363814877497941e-05,-5.2206098979858615e-08,9.511731489651567e-15,1,"[0, 0, 0.20915999999999998, 0, 1.0, 0, 1]",4.0499835364854276e-11
0.20934,0,-1.9827319983345733e-05,2.1492643682389775e-08,-2.0266778710634786e-14,1,"[0, 0, 0.20934, 0, 1.0, 0, 1]",3.9781231791894416e-11
0.20934,1,0.00023449190894278348,-6.128379382341855e-07,2.753479742720501e-12,1,"[0, 0, 0.20934, 0, 1.0, 0, 1]",1.425506666108619e-09
0.20934,2,4.3089561046620654e-05,-5.113944029536939e-08,9.393287025809844e-15,1,"[0, 0, 0.20934, 0, 1.0, 0, 1]",4.0282337987652657e-11
0.20940555555555557,0,-1.9695036362289763e-05,2.15040506803825e-08,-2.0125048724429233e-14,1,"[0, 0, 0.20940555555555557, 0, 1.0, 0, 1]",3.9717121925727684e-11
0.20940555555555557,1,0.0002344554029984572,-6.127243050231765e-07,2.751218826219308e-12,1,"[0, 0, 0.20940555555555557, 0, 1.0, 0, 1]",1.424734966381204e-09
0.20940555555555557,2,4.288853544657676e-05,-5.0749679918952504e-08,9.350997157351898e-15,1,"[0, 0, 0.20940555555555557, 0, 1.0, 0, 1]",4.0205255294777667e-11
0.20951999999999998,0,-1.9462336307140015e-05,2.152165213205795e-08,-1.9877893857656443e-14,1,"[0, 0, 0.20951999999999998, 0, 1.0, 0, 1]",3.9607404140790076e-11
0.20951999999999998,1,0.00023439153293188018,-6.125253588921589e-07,2.7472704941759826e-12,1,"[0, 0, 0.20951999999999998, 0, 1.0, 0, 1]",1.423386934993992e-09
0.20951999999999998,2,4.253596755798117e-05,-5.006754632832248e-08,9.278190919511515e-15,1,"[0, 0, 0.20951999999999998, 0, 1.0, 0, 1]",4.007340377042871e-11
0.2097,0,-1.909166997746819e-05,2.15432284985308e-08,-1.9489747090645535e-14,1,"[0, 0, 0.2097, 0, 1.0, 0, 1]",3.944050267794075e-11
0.2097,1,0.00023429071897298993,-6.122109896408685e-07,2.7410571925254858e-12,1,"[0, 0, 0.2097, 0, 1.0, 0, 1]",1.4212646238545055e-09
0.2097,2,4.1977129363862465e-05,-4.899013127131785e-08,9.16614451442719e-15,1,"[0, 0, 0.2097, 0, 1.0, 0, 1]",3.9872993525508776e-11
0.20987999999999998,0,-1.8715065156387846e-05,2.1557069104798038e-08,-1.9102115305931363e-14,1,"[0, 0, 0.20987999999999998, 0, 1.0, 0, 1]",3.928052176724298e-11
0.20987999999999998,1,0.00023418946778543467,-6.118948333036352e-07,2.734839951765136e-12,1,"[0, 0, 0.20987999999999998, 0, 1.0, 0, 1]",1.419139770552698e-09
0.20987999999999998,2,4.141278990700075e-05,-4.790688862402643e-08,9.056839089809425e-15,1,"[0, 0, 0.20987999999999998, 0, 1.0, 0, 1]",3.968106818965321e-11
0.20999444444444448,0,-1.8472405802182776e-05,2.1561698022616952e-08,-1.885581907998629e-14,1,"[0, 0, 0.20999444444444448, 0, 1.0, 0, 1]",3.9182401815417636e-11
0.20999444444444448,1,0.0002341248649850364,-6.116928922700222e-07,2.730885018127479e-12,1,"[0, 0, 0.20999444444444448, 0, 1.0, 0, 1]",1.417787478811689e-09
0.20999444444444448,2,4.1050995453170836e-05,-4.721498032067722e-08,8.988622168501778e-15,1,"[0, 0, 0.20999444444444448, 0, 1.0, 0, 1]",3.956343614189669e-11
0.21006,0,-1.8332246513480225e-05,2.1562847347720518e-08,-1.8714763640324932e-14,1,"[0, 0, 0.21006, 0, 1.0, 0, 1]",3.9127455846836475e-11
0.21006,1,0.0002340877800770674,-6.115768926633193e-07,2.7286188852536484e-12,1,"[0, 0, 0.21006, 0, 1.0, 0, 1]",1.4170124127590213e-09
0.21006,2,4.0842673149123356e-05,-4.6817489000444946e-08,8.949954800407782e-15,1,"[0, 0, 0.21006, 0, 1.0, 0, 1]",3.94975888176929e-11
0.21023999999999998,0,-1.794291709486274e-05,2.156021119852209e-08,-1.83274442739112e-14,1,"[0, 0, 0.21023999999999998, 0, 1.0, 0, 1]",3.898129943376737e-11
0.21023999999999998,1,0.00023398565654436095,-6.112571704626463e-07,2.7223941057178913e-12,1,"[0, 0, 0.21023999999999998, 0, 1.0, 0, 1]",1.4148825879539162e-09
0.21023999999999998,2,4.0266481439875566e-05,-4.572157762907519e-08,8.845159473742032e-15,1,"[0, 0, 0.21023999999999998, 0, 1.0, 0, 1]",3.93225165758361e-11
0.21028888888888891,0,-1.7836007614258633e-05,2.155799314350296e-08,-1.822221808600278e-14,1,"[0, 0, 0.21028888888888891, 0, 1.0, 0, 1]",3.8942795104886516e-11
0.21028888888888891,1,0.0002339578441171873,-6.111700250359636e-07,2.720702798337934e-12,1,"[0, 0, 0.21028888888888891, 0, 1.0, 0, 1]",1.414303695878926e-09
0.21028888888888891,2,4.010889440973599e-05,-4.542274883256643e-08,8.817012406425249e-15,1,"[0, 0, 0.21028888888888891, 0, 1.0, 0, 1]",3.9276412826635205e-11
0.21042,0,-1.754675588372355e-05,2.1548780341952018e-08,-1.7939895065393275e-14,1,"[0, 0, 0.21042, 0, 1.0, 0, 1]",3.884204712904394e-11
0.21042,1,0.00023388309787249027,-6.109356694045057e-07,2.716165725258291e-12,1,"[0, 0, 0.21042, 0, 1.0, 0, 1]",1.4127503334297645e-09
0.21042,2,3.968389307726999e-05,-4.461877149177359e-08,8.74210724000233e-15,1,"[0, 0, 0.21042, 0, 1.0, 0, 1]",3.915581273460104e-11
0.21058333333333334,0,-1.7181072851182874e-05,2.153045219951846e-08,-1.7587798296853905e-14,1,"[0, 0, 0.21058333333333334, 0, 1.0, 0, 1]",3.8721658901588104e-11
0.21058333333333334,1,0.00023378965937092356,-6.106423997780077e-07,2.7105110239698707e-12,1,"[0, 0, 0.21058333333333334, 0, 1.0, 0, 1]",1.4108134383307655e-09
0.21058333333333334,2,3.914942066956403e-05,-4.361176330599986e-08,8.649802792255371e-15,1,"[0, 0, 0.21058333333333334, 0, 1.0, 0, 1]",3.9011754027247505e-11
0.21059999999999998,0,-1.714341499604925e-05,2.1528142888187146e-08,-1.7551837990013575e-14,1,"[0, 0, 0.21059999999999998, 0, 1.0, 0, 1]",3.870969362314272e-11
0.21059999999999998,1,0.00023378010473541744,-6.10612392152264e-07,2.7099338553542013e-12,1,"[0, 0, 0.21059999999999998, 0, 1.0, 0, 1]",1.410615686292906e-09
0.21059999999999998,2,3.909455950333125e-05,-4.350865603535208e-08,8.640436964596041e-15,1,"[0, 0, 0.21059999999999998, 0, 1.0, 0, 1]",3.899743866133116e-11
0.21078,0,-1.6732516442628583e-05,2.1497851576830245e-08,-1.7162977343442687e-14,1,"[0, 0, 0.21078, 0, 1.0, 0, 1]",3.8584233702002277e-11
0.21078,1,0.00023367667779597407,-6.102873413300645e-07,2.703698606869278e-12,1,"[0, 0, 0.21078, 0, 1.0, 0, 1]",1.4084786834655838e-09
0.21078,2,3.8498102066017106e-05,-4.239078137527183e-08,8.539770446738934e-15,1,"[0, 0, 0.21078, 0, 1.0, 0, 1]",3.8847355812246725e-11
0.21087777777777778,0,-1.650599969910578e-05,2.147717938763186e-08,-1.6951296366391894e-14,1,"[0, 0, 0.21087777777777778, 0, 1.0, 0, 1]",3.851897021368076e-11
0.21087777777777778,1,0.00023362031366759567,-6.101100280530392e-07,2.700310181399738e-12,1,"[0, 0, 0.21087777777777778, 0, 1.0, 0, 1]",1.4073168681133538e-09
0.21087777777777778,2,3.81709694974552e-05,-4.178011638106222e-08,8.485367775376664e-15,1,"[0, 0, 0.21087777777777778, 0, 1.0, 0, 1]",3.876929086847285e-11
0.21095999999999998,0,-1.631364837251734e-05,2.14574193737528e-08,-1.677299766671228e-14,1,"[0, 0, 0.21095999999999998, 0, 1.0, 0, 1]",3.8465662253593065e-11
0.21095999999999998,1,0.00023357281770593961,-6.099605195231148e-07,2.697460090056609e-12,1,"[0, 0, 0.21095999999999998, 0, 1.0, 0, 1]",1.4063393616878682e-09
0.21095999999999998,2,3.7894108262603465e-05,-4.126465789219515e-08,8.43971033915598e-15,1,"[0, 0, 0.21095999999999998, 0, 1.0, 0, 1]",3.870552572395838e-11
0.21114,0,-1.5886360692803055e-05,2.1406314337747877e-08,-1.6381561336584417e-14,1,"[0, 0, 0.21114, 0, 1.0, 0, 1]",3.835397427507835e-11
0.21114,1,0.00023346852510612196,-6.09631929277983e-07,2.691218414563904e-12,1,"[0, 0, 0.21114, 0, 1.0, 0, 1]",1.4041977575195553e-09
0.21114,2,3.728212735936971e-05,-4.012975109834616e-08,8.33983773329313e-15,1,"[0, 0, 0.21114, 0, 1.0, 0, 1]",3.8571910004368166e-11
0.21117222222222226,0,-1.580894532654932e-05,2.1395995805280467e-08,-1.6311308313058055e-14,1,"[0, 0, 0.21117222222222226, 0, 1.0, 0, 1]",3.833470677653578e-11
0.21117222222222226,1,0.00023344980984937077,-6.095729211389834e-07,2.6901007526288584e-12,1,"[0, 0, 0.21117222222222226, 0, 1.0, 0, 1]",1.403814145867151e-09
0.21117222222222226,2,3.717169521976362e-05,-3.992561787726387e-08,8.321945527802705e-15,1,"[0, 0, 0.21117222222222226, 0, 1.0, 0, 1]",3.8548855055249464e-11
0.21132,0,-1.5450159933372894e-05,2.1343953603386247e-08,-1.5988305752108032e-14,1,"[0, 0, 0.21132, 0, 1.0, 0, 1]",3.824916488074894e-11
0.21132,1,0.00023336380062643526,-6.09301573102882e-07,2.6849736894386704e-12,1,"[0, 0, 0.21132, 0, 1.0, 0, 1]",1.402053907342076e-09
0.21132,2,3.666166525628948e-05,-3.898547562008498e-08,8.239709340780363e-15,1,"[0, 0, 0.21132, 0, 1.0, 0, 1]",3.84464703228976e-11
0.2114666666666667,0,-1.5087772167551428e-05,2.1284376501282868e-08,-1.5666260009498534e-14,1,"[0, 0, 0.2114666666666667, 0, 1.0, 0, 1]",3.8168847139068185e-11
0.2114666666666667,1,0.00023327815068015592,-6.090310900381895e-07,2.6798832153438283e-12,1,"[0, 0, 0.2114666666666667, 0, 1.0, 0, 1]",1.4003054309491747e-09
0.2114666666666667,2,3.614945750662078e-05,-3.8045731841075896e-08,8.157608373531856e-15,1,"[0, 0, 0.2114666666666667, 0, 1.0, 0, 1]",3.8350278764136726e-11
0.2115,0,-1.5004503191417445e-05,2.1269696286753568e-08,-1.5592840030371018e-14,1,"[0, 0, 0.2115, 0, 1.0, 0, 1]",3.8151229310708965e-11
0.2115,1,0.0002332586448859743,-6.089694534679446e-07,2.678726023133066e-12,1,"[0, 0, 0.2115, 0, 1.0, 0, 1]",1.3999078473603138e-09
0.2115,2,3.60321784314579e-05,-3.783118810336204e-08,8.138854184161278e-15,1,"[0, 0, 0.2115, 0, 1.0, 0, 1]",3.8329168399909304e-11
0.21167999999999998,0,-1.4548790945908487e-05,2.1182835068713638e-08,-1.5194741101289647e-14,1,"[0, 0, 0.21167999999999998, 0, 1.0, 0, 1]",3.806016294053036e-11
0.21167999999999998,1,0.000233153058493091,-6.086355728055023e-07,2.6724755235090415e-12,1,"[0, 0, 0.21167999999999998, 0, 1.0, 0, 1]",1.397759613604474e-09
0.21167999999999998,2,3.5393066755495166e-05,-3.6666178796710326e-08,8.03676968672397e-15,1,"[0, 0, 0.21167999999999998, 0, 1.0, 0, 1]",3.821996599523605e-11
0.21176111111111112,0,-1.4339977793669936e-05,2.113936831766941e-08,-1.5014368912277493e-14,1,"[0, 0, 0.21176111111111112, 0, 1.0, 0, 1]",3.802137076486614e-11
0.21176111111111112,1,0.00023310533884649112,-6.084845454807134e-07,2.6696580429753725e-12,1,"[0, 0, 0.21176111111111112, 0, 1.0, 0, 1]",1.3967908814547961e-09
0.21176111111111112,2,3.510175124304427e-05,-3.613749438447166e-08,7.990224459305348e-15,1,"[0, 0, 0.21176111111111112, 0, 1.0, 0, 1]",3.8173394520389524e-11
0.21186,0,-1.4082358473333178e-05,2.10825861414286e-08,-1.4793549060602587e-14,1,"[0, 0, 0.21186, 0, 1.0, 0, 1]",3.7975961291967714e-11
0.21186,1,0.00023304704204546808,-6.082999335103598e-07,2.6662222978431064e-12,1,"[0, 0, 0.21186, 0, 1.0, 0, 1]",1.3956092419318818e-09
0.21186,2,3.4743664907205984e-05,-3.548966149748929e-08,7.932917020604462e-15,1,"[0, 0, 0.21186, 0, 1.0, 0, 1]",3.811882489564528e-11
0.21204,0,-1.3604465517090081e-05,2.096807711164108e-08,-1.4388761599310997e-14,1,"[0, 0, 0.21204, 0, 1.0, 0, 1]",3.7898620044908564e-11
0.21204,1,0.0002329405961301883,-6.079625379400463e-07,2.6599664528311957e-12,1,"[0, 0, 0.21204, 0, 1.0, 0, 1]",1.3934567680287597e-09
0.21204,2,3.408323204290557e-05,-3.430076145490978e-08,7.82671553139627e-15,1,"[0, 0, 0.21204, 0, 1.0, 0, 1]",3.8025706901113666e-11
0.21205555555555555,0,-1.3562601803351367e-05,2.0957480836094272e-08,-1.4353593581114127e-14,1,"[0, 0, 0.21205555555555555, 0, 1.0, 0, 1]",3.7892258151767385e-11
0.21205555555555555,1,0.00023293137695841768,-6.079332979275106e-07,2.659425704756098e-12,1,"[0, 0, 0.21205555555555555, 0, 1.0, 0, 1]",1.3932706542391026e-09
0.21205555555555555,2,3.40256134174393e-05,-3.419740462815003e-08,7.817407216154437e-15,1,"[0, 0, 0.21205555555555555, 0, 1.0, 0, 1]",3.801803505702818e-11
0.21222,0,-1.3114283756016034e-05,2.083833232924097e-08,-1.397982727235846e-14,1,"[0, 0, 0.21222, 0, 1.0, 0, 1]",3.782813505075221e-11
0.21222,1,0.00023283372132380857,-6.076233884150913e-07,2.6537080945934733e-12,1,"[0, 0, 0.21222, 0, 1.0, 0, 1]",1.3913022274120095e-09
0.21222,2,3.3410939264874455e-05,-3.3098500698334206e-08,7.71753600206821e-15,1,"[0, 0, 0.21222, 0, 1.0, 0, 1]",3.7940573809664095e-11
0.21235000000000004,0,-1.275209980256875e-05,2.0734538820719444e-08,-1.3681565794039175e-14,1,"[0, 0, 0.21235000000000004, 0, 1.0, 0, 1]",3.778149097475425e-11
0.21235000000000004,1,0.0002327562675503195,-6.073773575735368e-07,2.649186665776925e-12,1,"[0, 0, 0.21235000000000004, 0, 1.0, 0, 1]",1.3897449049378074e-09
0.21235000000000004,2,3.291749710139518e-05,-3.22212771413179e-08,7.636447418107165e-15,1,"[0, 0, 0.21235000000000004, 0, 1.0, 0, 1]",3.788403315103312e-11
0.21239999999999998,0,-1.2610881470817476e-05,2.0692254938161443e-08,-1.3566137293469972e-14,1,"[0, 0, 0.21239999999999998, 0, 1.0, 0, 1]",3.776450234748509e-11
0.21239999999999998,1,0.0002327264181924266,-6.072824872192697e-07,2.6474473286789545e-12,1,"[0, 0, 0.21239999999999998, 0, 1.0, 0, 1]",1.3891456554309488e-09
0.21239999999999998,2,3.2725854287720496e-05,-3.1881780087916875e-08,7.604692443101572e-15,1,"[0, 0, 0.21239999999999998, 0, 1.0, 0, 1]",3.7863387400554854e-11
0.21258,0,-1.2093204602943313e-05,2.0528604707957394e-08,-1.3147015437577789e-14,1,"[0, 0, 0.21258, 0, 1.0, 0, 1]",3.7707718176731435e-11
0.21258,1,0.00023261868729175197,-6.069398365998666e-07,2.6411842600702215e-12,1,"[0, 0, 0.21258, 0, 1.0, 0, 1]",1.3869870872690568e-09
0.21258,2,3.202692249718407e-05,-3.064935714593348e-08,7.487431990272944e-15,1,"[0, 0, 0.21258, 0, 1.0, 0, 1]",3.7794109415512564e-11
0.21264444444444447,0,-1.19041690506844e-05,2.0465478120488827e-08,-1.2995497215281417e-14,1,"[0, 0, 0.21264444444444447, 0, 1.0, 0, 1]",3.7689052258779005e-11
0.21264444444444447,1,0.00023258001308173895,-6.068167343507596e-07,2.638941387042296e-12,1,"[0, 0, 0.21264444444444447, 0, 1.0, 0, 1]",1.3862137879877306e-09
0.21264444444444447,2,3.177309709473159e-05,-3.0204037840951064e-08,7.444219794828548e-15,1,"[0, 0, 0.21264444444444447, 0, 1.0, 0, 1]",3.7771221430013735e-11
0.21276,0,-1.1560053111724211e-05,2.0345970367021533e-08,-1.2721705483374948e-14,1,"[0, 0, 0.21276, 0, 1.0, 0, 1]",3.7657779003161426e-11
0.21276,1,0.00023251052916716946,-6.065954387679075e-07,2.6349189931879585e-12,1,"[0, 0, 0.21276, 0, 1.0, 0, 1]",1.3848265579456316e-09
0.21276,2,3.1312943307210685e-05,-2.9399818389748036e-08,7.364922342629608e-15,1,"[0, 0, 0.21276, 0, 1.0, 0, 1]",3.773270153760682e-11
0.2129388888888889,0,-1.1013500998822865e-05,2.0144056069769114e-08,-1.2292047743607656e-14,1,"[0, 0, 0.2129388888888889, 0, 1.0, 0, 1]",3.761492659072845e-11
0.2129388888888889,1,0.00023240261593816873,-6.062514379310857e-07,2.6286903255243105e-12,1,"[0, 0, 0.2129388888888889, 0, 1.0, 0, 1]",1.3826774566469085e-09
0.2129388888888889,2,3.058710246308019e-05,-2.813943438950815e-08,7.23705132589003e-15,1,"[0, 0, 0.2129388888888889, 0, 1.0, 0, 1]",3.7679432140164774e-11
0.21294,0,-1.1010051120534346e-05,2.0142734673362114e-08,-1.228935541487471e-14,1,"[0, 0, 0.21294, 0, 1.0, 0, 1]",3.7614681536715876e-11
0.21294,1,0.00023240194435380677,-6.062492958984127e-07,2.6286516318954853e-12,1,"[0, 0, 0.21294, 0, 1.0, 0, 1]",1.382664102317505e-09
0.21294,2,3.058254030604649e-05,-2.8131544402348078e-08,7.236235959527862e-15,1,"[0, 0, 0.21294, 0, 1.0, 0, 1]",3.7679125367352925e-11
0.21311999999999998,0,-1.0441608734653041e-05,1.991702974836542e-08,-1.1848997288331386e-14,1,"[0, 0, 0.21311999999999998, 0, 1.0, 0, 1]",3.75784227582509e-11
0.21311999999999998,1,0.00023229293337659887,-6.059014101306353e-07,2.622382279503219e-12,1,"[0, 0, 0.21311999999999998, 0, 1.0, 0, 1]",1.380499755080706e-09
0.21311999999999998,2,2.98341230740364e-05,-2.6842665165868718e-08,7.100329923092638e-15,1,"[0, 0, 0.21311999999999998, 0, 1.0, 0, 1]",3.763334239540131e-11
0.21323333333333333,0,-1.0073419388472367e-05,1.976242807497129e-08,-1.1567134136797338e-14,1,"[0, 0, 0.21323333333333333, 0, 1.0, 0, 1]",3.755910038369822e-11
0.21323333333333333,1,0.00023222407843181985,-6.056814777292079e-07,2.618433934215601e-12,1,"[0, 0, 0.21323333333333333, 0, 1.0, 0, 1]",1.3791360630142787e-09
0.21323333333333333,2,2.9352834635718584e-05,-2.601961277870898e-08,7.01052981232366e-15,1,"[0, 0, 0.21323333333333333, 0, 1.0, 0, 1]",3.760849686229856e-11
0.2133,0,-9.852872503974616e-06,1.966667913631538e-08,-1.1399521204170763e-14,1,"[0, 0, 0.2133, 0, 1.0, 0, 1]",3.7548999949356106e-11
0.2133,1,0.00023218349675034947,-6.055517835682877e-07,2.616111038773074e-12,1,"[0, 0, 0.2133, 0, 1.0, 0, 1]",1.3783335507720751e-09
0.2133,2,2.9065837646270255e-05,-2.5531002120878404e-08,6.956019905742374e-15,1,"[0, 0, 0.2133, 0, 1.0, 0, 1]",3.7595313971089754e-11
0.21348,0,-9.241660111300702e-06,1.9389121425756457e-08,-1.093964111024947e-14,1,"[0, 0, 0.21348, 0, 1.0, 0, 1]",3.7526410727314174e-11
0.21348,1,0.00023207363497979537,-6.052004182797835e-07,2.6098380119228357e-12,1,"[0, 0, 0.21348, 0, 1.0, 0, 1]",1.3761655237709288e-09
0.21348,2,2.827550120081351e-05,-2.4193991787510597e-08,6.801945969102735e-15,1,"[0, 0, 0.21348, 0, 1.0, 0, 1]",3.75650012658419e-11
0.21352777777777782,0,-9.075331764030751e-06,1.93105060707792e-08,-1.0815641674933144e-14,1,"[0, 0, 0.21352777777777782, 0, 1.0, 0, 1]",3.752156221294555e-11
0.21352777777777782,1,0.00023204440280236377,-6.051068629053585e-07,2.608172662181155e-12,1,"[0, 0, 0.21352777777777782, 0, 1.0, 0, 1]",1.3755897580489673e-09
0.21352777777777782,2,2.8061698917373105e-05,-2.3834475783005253e-08,6.759215488104388e-15,1,"[0, 0, 0.21352777777777782, 0, 1.0, 0, 1]",3.755824615659822e-11
0.21366,0,-8.605372678800578e-06,1.9081307712681782e-08,-1.0467849043565168e-14,1,"[0, 0, 0.21366, 0, 1.0, 0, 1]",3.7510653086547536e-11
0.21366,1,0.00023196334855966482,-6.048473162984528e-07,2.6035633006304083e-12,1,"[0, 0, 0.21366, 0, 1.0, 0, 1]",1.3739957083006153e-09
0.21366,2,2.746051436510731e-05,-2.2828583228428793e-08,6.636526801424873e-15,1,"[0, 0, 0.21366, 0, 1.0, 0, 1]",3.754236523014144e-11
0.21382222222222225,0,-8.007861446985522e-06,1.8774943491898383e-08,-1.0030970465910835e-14,1,"[0, 0, 0.21382222222222225, 0, 1.0, 0, 1]",3.7502303253128297e-11
0.21382222222222225,1,0.00023186359121765335,-6.045276023679914e-07,2.597906954609029e-12,1,"[0, 0, 0.21382222222222225, 0, 1.0, 0, 1]",1.3720386915892238e-09
0.21382222222222225,2,2.6702316461678524e-05,-2.1570667928649056e-08,6.476187274949294e-15,1,"[0, 0, 0.21382222222222225, 0, 1.0, 0, 1]",3.752850910645278e-11
0.21383999999999997,0,-7.940874543013708e-06,1.873956104802398e-08,-9.982352608599303e-15,1,"[0, 0, 0.21383999999999997, 0, 1.0, 0, 1]",3.750172544827074e-11
0.21383999999999997,1,0.00023185263797473755,-6.044924796227665e-07,2.5972870060380683e-12,1,"[0, 0, 0.21383999999999997, 0, 1.0, 0, 1]",1.3718241384301187e-09
0.21383999999999997,2,2.6617740990910513e-05,-2.1431097496091272e-08,6.457897191693722e-15,1,"[0, 0, 0.21383999999999997, 0, 1.0, 0, 1]",3.752736654227838e-11
0.21402,0,-7.244324416708219e-06,1.8359379083488793e-08,-9.480987465836834e-15,1,"[0, 0, 0.21402, 0, 1.0, 0, 1]",3.749962672080224e-11
0.21402,1,0.00023174150369990496,-6.04135910216562e-07,2.5910092287566757e-12,1,"[0, 0, 0.21402, 0, 1.0, 0, 1]",1.3696508480756338e-09
0.21402,2,2.5743339316100744e-05,-1.99970302783698e-08,6.2638205139654555e-15,1,"[0, 0, 0.21402, 0, 1.0, 0, 1]",3.7519965546475465e-11
0.21411666666666668,0,-6.855398110276452e-06,1.813744082680512e-08,-9.204282115602451e-15,1,"[0, 0, 0.21411666666666668, 0, 1.0, 0, 1]",3.7501317864107174e-11
0.21411666666666668,1,0.00023168164577442023,-6.03943704776382e-07,2.5876372528599952e-12,1,"[0, 0, 0.21411666666666668, 0, 1.0, 0, 1]",1.3684830123709622e-09
0.21411666666666668,2,2.5259074844842668e-05,-1.9209881044839505e-08,6.1522894028317556e-15,1,"[0, 0, 0.21411666666666668, 0, 1.0, 0, 1]",3.75191127141029e-11
0.2142,0,-6.5109315237778396e-06,1.7935149063225814e-08,-8.96109134400378e-15,1,"[0, 0, 0.2142, 0, 1.0, 0, 1]",3.7504356373952775e-11
0.2142,1,0.00023162994620022398,-6.037776100092428e-07,2.584730068869742e-12,1,"[0, 0, 0.2142, 0, 1.0, 0, 1]",1.3674758710020937e-09
0.2142,2,2.4832518099514366e-05,-1.8520766890008602e-08,6.0515627354760306e-15,1,"[0, 0, 0.2142, 0, 1.0, 0, 1]",3.752012217697953e-11
0.21438,0,-5.7345914509762e-06,1.7459722305257594e-08,-8.419316511809868e-15,1,"[0, 0, 0.21438, 0, 1.0, 0, 1]",3.7515914532421054e-11
0.21438,1,0.00023151796593097576,-6.034175808959994e-07,2.5784496259375575e-12,1,"[0, 0, 0.21438, 0, 1.0, 0, 1]",1.3652992408246949e-09
0.21438,2,2.3879172472623548e-05,-1.69951567538389e-08,5.817704884311979e-15,1,"[0, 0, 0.21438, 0, 1.0, 0, 1]",3.752779586309656e-11
0.2144111111111111,0,-5.595506104873364e-06,1.737171662124269e-08,-8.32316008948981e-15,1,"[0, 0, 0.2144111111111111, 0, 1.0, 0, 1]",3.751860440511319e-11
0.2144111111111111,1,0.00023149856849894964,-6.033551785431486e-07,2.577363994516128e-12,1,"[0, 0, 0.2144111111111111, 0, 1.0, 0, 1]",1.3649228680459536e-09
0.2144111111111111,2,2.3709536391550222e-05,-1.6725825264702363e-08,5.7747917230026955e-15,1,"[0, 0, 0.2144111111111111, 0, 1.0, 0, 1]",3.7529881068279625e-11
0.21455999999999997,0,-4.907320168100065e-06,1.6923752939158977e-08,-7.85133922553164e-15,1,"[0, 0, 0.21455999999999997, 0, 1.0, 0, 1]",3.7534302095702716e-11
0.21455999999999997,1,0.00023140556333772072,-6.030558247380166e-07,2.5721679990012133e-12,1,"[0, 0, 0.21455999999999997, 0, 1.0, 0, 1]",1.363120991010444e-09
0.21455999999999997,2,2.2875317959665843e-05,-1.541085213825507e-08,5.557852492969378e-15,1,"[0, 0, 0.21455999999999997, 0, 1.0, 0, 1]",3.75429454078005e-11
0.2147055555555556,0,-4.193850426583877e-06,1.6437578793823194e-08,-7.36900094912459e-15,1,"[0, 0, 0.2147055555555556, 0, 1.0, 0, 1]",3.755416642202851e-11
0.2147055555555556,1,0.00023131436134773552,-6.027620318367068e-07,2.5670876134284545e-12,1,"[0, 0, 0.2147055555555556, 0, 1.0, 0, 1]",1.3613584051996985e-09
0.2147055555555556,2,2.201936414111515e-05,-1.4078300338435354e-08,5.324780896859499e-15,1,"[0, 0, 0.2147055555555556, 0, 1.0, 0, 1]",3.756063413907958e-11
0.21474,0,-4.018329983863262e-06,1.6314618466798204e-08,-7.25138682160801e-15,1,"[0, 0, 0.21474, 0, 1.0, 0, 1]",3.755952089615295e-11
0.21474,1,0.00023129273885634928,-6.026923433626617e-07,2.5658852865865008e-12,1,"[0, 0, 0.21474, 0, 1.0, 0, 1]",1.3609411548795833e-09
0.21474,2,2.1810166433463483e-05,-1.3755228717753948e-08,5.2661626869763615e-15,1,"[0, 0, 0.21474, 0, 1.0, 0, 1]",3.756552882818084e-11
0.21492,0,-3.0524243745955644e-06,1.5614544942463105e-08,-6.611418708553647e-15,1,"[0, 0, 0.21492, 0, 1.0, 0, 1]",3.759157391439716e-11
0.21492,1,0.0002311794929131378,-6.023271385636965e-07,2.559601586707931e-12,1,"[0, 0, 0.21492, 0, 1.0, 0, 1]",1.3587597656071256e-09
0.21492,2,2.0668520944070216e-05,-1.201051075286301e-08,4.934525172887898e-15,1,"[0, 0, 0.21492, 0, 1.0, 0, 1]",3.759550313854634e-11
0.21500000000000002,0,-2.5929185518483885e-06,1.5267750287328605e-08,-6.311246147600268e-15,1,"[0, 0, 0.21500000000000002, 0, 1.0, 0, 1]",3.7608014496895295e-11
0.21500000000000002,1,0.00023112902620811017,-6.021642725836318e-07,2.5568085397635186e-12,1,"[0, 0, 0.21500000000000002, 0, 1.0, 0, 1]",1.357789769368892e-09
0.21500000000000002,2,2.0131043682645687e-05,-1.1200021282245583e-08,4.77139214480681e-15,1,"[0, 0, 0.21500000000000002, 0, 1.0, 0, 1]",3.761118591095875e-11
0.21509999999999999,0,-1.9869747353833596e-06,1.4797076405202597e-08,-5.9195884063777676e-15,1,"[0, 0, 0.21509999999999999, 0, 1.0, 0, 1]",3.763046558585057e-11
0.21509999999999999,1,0.00023106582592479912,-6.019602121014676e-07,2.5533169968725583e-12,1,"[0, 0, 0.21509999999999999, 0, 1.0, 0, 1]",1.3565768562242883e-09
0.21509999999999999,2,1.9427752469859414e-05,-1.0150240522282466e-08,4.55102427383456e-15,1,"[0, 0, 0.21509999999999999, 0, 1.0, 0, 1]",3.763282404244215e-11
0.21528,0,-7.855608690691383e-07,1.3819649368228196e-08,-5.157017908071414e-15,1,"[0, 0, 0.21528, 0, 1.0, 0, 1]",3.767620226288145e-11
0.21528,1,0.00023095173829853355,-6.015915657030998e-07,2.5470316140837815e-12,1,"[0, 0, 0.21528, 0, 1.0, 0, 1]",1.3543924596199383e-09
0.21528,2,1.8051440406474222e-05,-8.131852812105016e-09,4.096713287183795e-15,1,"[0, 0, 0.21528, 0, 1.0, 0, 1]",3.767744546906715e-11
0.21529444444444445,0,-6.816040253685921e-07,1.373234832749597e-08,-5.091906208224226e-15,1,"[0, 0, 0.21529444444444445, 0, 1.0, 0, 1]",3.7680169422965785e-11
0.21529444444444445,1,0.0002309425648988562,-6.01561908470965e-07,2.5465272000489834e-12,1,"[0, 0, 0.21529444444444445, 0, 1.0, 0, 1]",1.3542171050586046e-09
0.21529444444444445,2,1.7933466742059806e-05,-7.961097634824442e-09,4.056333379296718e-15,1,"[0, 0, 0.21529444444444445, 0, 1.0, 0, 1]",3.768134119049198e-11
0.21545999999999998,0,6.1775991580975e-07,1.2605227986749446e-08,-4.2898421060870416e-15,1,"[0, 0, 0.21545999999999998, 0, 1.0, 0, 1]",3.7728792971670566e-11
0.21545999999999998,1,0.00023083723043207556,-6.012212010626693e-07,2.5407455348451455e-12,1,"[0, 0, 0.21545999999999998, 0, 1.0, 0, 1]",1.3522066085419941e-09
0.21545999999999998,2,1.6473641664716156e-05,-5.878310083456629e-09,3.537658907248949e-15,1,"[0, 0, 0.21545999999999998, 0, 1.0, 0, 1]",3.7729318814975164e-11
0.21558888888888889,0,1.8208238824111911e-06,1.1503421120695563e-08,-3.566838073170742e-15,1,"[0, 0, 0.21558888888888889, 0, 1.0, 0, 1]",3.777066861013541e-11
0.21558888888888889,1,0.0002307549791707987,-6.009549469484486e-07,2.536244017218422e-12,1,"[0, 0, 0.21558888888888889, 0, 1.0, 0, 1]",1.3506405557591672e-09
0.21558888888888889,2,1.5145900838977425e-05,-4.033570152802835e-09,3.0351625087808523e-15,1,"[0, 0, 0.21558888888888889, 0, 1.0, 0, 1]",3.777088918411578e-11
0.21564,0,2.3693539298279253e-06,1.0982890110288412e-08,-3.243543460483274e-15,1,"[0, 0, 0.21564, 0, 1.0, 0, 1]",3.778825082349882e-11
0.21564,1,0.0002307223027137474,-6.008491198414115e-07,2.5344588551640856e-12,1,"[0, 0, 0.21564, 0, 1.0, 0, 1]",1.3500193355988677e-09
0.21564,2,1.454798954568931e-05,-3.218688524628759e-09,2.7992758897092653e-15,1,"[0, 0, 0.21564, 0, 1.0, 0, 1]",3.778839153138283e-11
0.21581999999999998,0,4.996845832305065e-06,8.336747749163782e-09,-1.7517732152729517e-15,1,"[0, 0, 0.21581999999999998, 0, 1.0, 0, 1]",3.785459638543377e-11
0.21581999999999998,1,0.0002306069555225018,-6.004753236678797e-07,2.528171670555549e-12,1,"[0, 0, 0.21581999999999998, 0, 1.0, 0, 1]",1.347830673260837e-09
0.21581999999999998,2,1.1746859011120954e-05,4.6290148261463117e-10,1.61514826427713e-15,1,"[0, 0, 0.21581999999999998, 0, 1.0, 0, 1]",3.785460375208593e-11
0.21588333333333337,0,6.8013218996997e-06,6.378417848800291e-09,-7.838583752791455e-16,1,"[0, 0, 0.21588333333333337, 0, 1.0, 0, 1]",3.787958471036394e-11
0.21588333333333337,1,0.0002305662707073751,-6.003433952306842e-07,2.525959410655051e-12,1,"[0, 0, 0.21588333333333337, 0, 1.0, 0, 1]",1.3470602639626708e-09
0.21588333333333337,2,9.881387561753034e-06,2.785119196545753e-09,7.554006657412115e-16,1,"[0, 0, 0.21588333333333337, 0, 1.0, 0, 1]",3.787958485614294e-11
0.2159,0,8.333333331420335e-06,4.629629631861419e-09,-9.564886213769797e-25,1,"[0, 0, 0.2159, 0, 1.0, 0, 1]",3.7886303511304586e-11
0.2159,1,0.00023055555555555552,-6.003086419753086e-07,2.525377229080929e-12,1,"[0, 0, 0.2159, 0, 1.0, 0, 1]",1.3468574969269389e-09
0.216,1,0.00023049118922797084,-6.000998141381323e-07,2.521884076045685e-12,1,"[0, 0, 0.216, 0, 1.0, 0, 1]",1.3456406538614238e-09
0.2161777777777778,1,0.00023037644112518257,-5.997272602992114e-07,2.5156737962345205e-12,1,"[0, 0, 0.2161777777777778, 0, 1.0, 0, 1]",1.3434763711791734e-09
0.21617999999999998,1,0.00023037500419051046,-5.997225928159019e-07,2.5155961661753962e-12,1,"[0, 0, 0.21617999999999998, 0, 1.0, 0, 1]",1.3434493095987551e-09
0.21636,1,0.00023025840076124597,-5.993436612327708e-07,2.5093080350038933e-12,1,"[0, 0, 0.21636, 0, 1.0, 0, 1]",1.3412566725369144e-09
0.21647222222222223,1,0.00023018549197451494,-5.991065489045568e-07,2.505387586367034e-12,1,"[0, 0, 0.21647222222222223, 0, 1.0, 0, 1]",1.3398890179527025e-09
0.21653999999999998,1,0.00023014137928211277,-5.989630208883239e-07,2.503019776112172e-12,1,"[0, 0, 0.21653999999999998, 0, 1.0, 0, 1]",1.3390627746072563e-09
0.21672,1,0.00023002394008590288,-5.985806732503305e-07,2.496731482606519e-12,1,"[0, 0, 0.21672, 0, 1.0, 0, 1]",1.3368676476097396e-09
0.21676666666666666,1,0.000229993424739871,-5.984812675681768e-07,2.4951011900384194e-12,1,"[0, 0, 0.21676666666666666, 0, 1.0, 0, 1]",1.3362983438768267e-09
0.21689999999999998,1,0.0002299060834963022,-5.981966197548849e-07,2.4904432471218557e-12,1,"[0, 0, 0.21689999999999998, 0, 1.0, 0, 1]",1.334671323214217e-09
0.21706111111111115,1,0.00022980024084044758,-5.978514225843516e-07,2.4848150128503654e-12,1,"[0, 0, 0.21706111111111115, 0, 1.0, 0, 1]",1.3327044876100052e-09
0.21708,1,0.00022978780982793395,-5.978108618065758e-07,2.4841551618251545e-12,1,"[0, 0, 0.21708, 0, 1.0, 0, 1]",1.3324738329617145e-09
0.21725999999999998,1,0.00022966911938639736,-5.974234007786356e-07,2.4778673184187345e-12,1,"[0, 0, 0.21725999999999998, 0, 1.0, 0, 1]",1.3302752082657352e-09
0.21735555555555558,1,0.00022960594163061774,-5.972170200220291e-07,2.474529457060012e-12,1,"[0, 0, 0.21735555555555558, 0, 1.0, 0, 1]",1.3291075868907129e-09
0.21744,1,0.00022955001246830446,-5.970342380130817e-07,2.4715798081435315e-12,1,"[0, 0, 0.21744, 0, 1.0, 0, 1]",1.3280754804134647e-09
0.21761999999999998,1,0.00022943048936132217,-5.966433748208822e-07,2.4652927217824224e-12,1,"[0, 0, 0.21761999999999998, 0, 1.0, 0, 1]",1.3258746805670748e-09
0.21765,1,0.00022941052840038577,-5.965780657265876e-07,2.4642449216185253e-12,1,"[0, 0, 0.21765, 0, 1.0, 0, 1]",1.3255077785522114e-09
0.2178,1,0.00022931055034420395,-5.962508124820776e-07,2.4590061496633167e-12,1,"[0, 0, 0.2178, 0, 1.0, 0, 1]",1.323672839764908e-09
0.21794444444444444,1,0.00022921400237582685,-5.959345653215455e-07,2.453961802209016e-12,1,"[0, 0, 0.21794444444444444, 0, 1.0, 0, 1]",1.3219051985371019e-09
0.21798,1,0.0002291901956868297,-5.958565522459377e-07,2.4527201816624044e-12,1,"[0, 0, 0.21798, 0, 1.0, 0, 1]",1.3214699889227159e-09
0.21816,1,0.00022906942565023775,-5.954605953310868e-07,2.4464349072072317e-12,1,"[0, 0, 0.21816, 0, 1.0, 0, 1]",1.3192661588348547e-09
0.21823888888888893,1,0.00022901636471950705,-5.952865242102038e-07,2.443680491283599e-12,1,"[0, 0, 0.21823888888888893, 0, 1.0, 0, 1]",1.3182999819115737e-09
0.21833999999999998,1,0.00022894824048666165,-5.950629429256493e-07,2.4401504152798124e-12,1,"[0, 0, 0.21833999999999998, 0, 1.0, 0, 1]",1.3170613801754979e-09
0.21852,1,0.00022882664043956022,-5.946635961873676e-07,2.4338667944196192e-12,1,"[0, 0, 0.21852, 0, 1.0, 0, 1]",1.3148556834997823e-09
0.21853333333333336,1,0.00022881761653089207,-5.946339475772535e-07,2.433401378099843e-12,1,"[0, 0, 0.21853333333333336, 0, 1.0, 0, 1]",1.3146922628795233e-09
0.2187,1,0.0002287046257436537,-5.942625562437458e-07,2.427584132726696e-12,1,"[0, 0, 0.2187, 0, 1.0, 0, 1]",1.3126490992450003e-09
0.2188277777777778,1,0.00022861775884672962,-5.939768403902846e-07,2.423124848756333e-12,1,"[0, 0, 0.2188277777777778, 0, 1.0, 0, 1]",1.311082174796242e-09
0.21888,1,0.00022858219662495217,-5.938598241921627e-07,2.4213025178645426e-12,1,"[0, 0, 0.21888, 0, 1.0, 0, 1]",1.310441657731749e-09
0.21905999999999998,1,0.0002284593533007854,-5.934554010999911e-07,2.4150220370630345e-12,1,"[0, 0, 0.21905999999999998, 0, 1.0, 0, 1]",1.3082333891650428e-09
0.21912222222222222,1,0.0002284167926414239,-5.933152074012793e-07,2.4128512862275794e-12,1,"[0, 0, 0.21912222222222222, 0, 1.0, 0, 1]",1.3074698501820393e-09
0.21924,1,0.00022833609597983735,-5.930492880047368e-07,2.4087427771214275e-12,1,"[0, 0, 0.21924, 0, 1.0, 0, 1]",1.3060243236355014e-09
0.2194166666666667,1,0.0002282147188273888,-5.926490531480231e-07,2.4025810703982544e-12,1,"[0, 0, 0.2194166666666667, 0, 1.0, 0, 1]",1.3038554207355476e-09
0.21942,1,0.0002282124248621698,-5.926414859141335e-07,2.402464824411099e-12,1,"[0, 0, 0.21942, 0, 1.0, 0, 1]",1.3038144911204182e-09
0.2196,1,0.00022808834013925334,-5.922319958062684e-07,2.396188264878452e-12,1,"[0, 0, 0.2196, 0, 1.0, 0, 1]",1.3016039214848825e-09
0.21971111111111113,1,0.00022801153825538424,-5.919783819554629e-07,2.392314578096638e-12,1,"[0, 0, 0.21971111111111113, 0, 1.0, 0, 1]",1.3002390173467812e-09
0.21977999999999998,1,0.00022796384199399408,-5.918208186296902e-07,2.3899131840476984e-12,1,"[0, 0, 0.21977999999999998, 0, 1.0, 0, 1]",1.2993926444828863e-09
0.21996,1,0.00022783893060075836,-5.91407955303512e-07,2.3836396670235417e-12,1,"[0, 0, 0.21996, 0, 1.0, 0, 1]",1.2971806897583733e-09
0.22000555555555557,1,0.00022780725171484136,-5.913031979370279e-07,2.3820521831275427e-12,1,"[0, 0, 0.22000555555555557, 0, 1.0, 0, 1]",1.2966207701100557e-09
0.22014,1,0.00022771360612540122,-5.909934067175266e-07,2.3773677984940207e-12,1,"[0, 0, 0.22014, 0, 1.0, 0, 1]",1.294968086846362e-09
0.2203,1,0.00022760185993416632,-5.906235049958751e-07,2.3717942563044144e-12,1,"[0, 0, 0.2203, 0, 1.0, 0, 1]",1.2930008083366193e-09
0.22032,1,0.00022758786872528844,-5.905771737322989e-07,2.3710976627330894e-12,1,"[0, 0, 0.22032, 0, 1.0, 0, 1]",1.2927548651739637e-09
0.22049999999999997,1,0.00022746171854932321,-5.901592571792763e-07,2.3648293436033685e-12,1,"[0, 0, 0.22049999999999997, 0, 1.0, 0, 1]",1.290541054061467e-09
0.22059444444444448,1,0.00022739536358103163,-5.899393068260942e-07,2.3615411654809145e-12,1,"[0, 0, 0.22059444444444448, 0, 1.0, 0, 1]",1.289379260567087e-09
0.22068,1,0.00022733515573796598,-5.897396578608719e-07,2.3585629245586867e-12,1,"[0, 0, 0.22068, 0, 1.0, 0, 1]",1.2883266827233384e-09
0.22086,1,0.00022720818042325946,-5.89318376550571e-07,2.3522984886467013e-12,1,"[0, 0, 0.22086, 0, 1.0, 0, 1]",1.286111780269297e-09
0.2208888888888889,1,0.00022718776326265144,-5.892506069138585e-07,2.3512932755817806e-12,1,"[0, 0, 0.2208888888888889, 0, 1.0, 0, 1]",1.285756254583708e-09
0.22104,1,0.00022708079272884963,-5.888954139930187e-07,2.346036118511499e-12,1,"[0, 0, 0.22104, 0, 1.0, 0, 1]",1.2838963757053092e-09
0.22118333333333334,1,0.00022697905952603984,-5.885574085385168e-07,2.3410509486330737e-12,1,"[0, 0, 0.22118333333333334, 0, 1.0, 0, 1]",1.2821319174223686e-09
0.22122,1,0.0002269529927700054,-5.884707709041057e-07,2.3397758963960565e-12,1,"[0, 0, 0.22122, 0, 1.0, 0, 1]",1.2816804979345952e-09
0.22139999999999999,1,0.0002268247806536399,-5.880444479710594e-07,2.333517904144774e-12,1,"[0, 0, 0.22139999999999999, 0, 1.0, 0, 1]",1.279464175758637e-09
0.22147777777777777,1,0.00022676925285825927,-5.878597147736547e-07,2.3308145437919465e-12,1,"[0, 0, 0.22147777777777777, 0, 1.0, 0, 1]",1.2785063753845003e-09
0.22158,1,0.0002266961564783289,-5.876164458525244e-07,2.3272622232059394e-12,1,"[0, 0, 0.22158, 0, 1.0, 0, 1]",1.277247437878173e-09
0.22175999999999998,1,0.00022656712033432947,-5.871867651786447e-07,2.3210089346341498e-12,1,"[0, 0, 0.22175999999999998, 0, 1.0, 0, 1]",1.2750303128941633e-09
0.22177222222222226,1,0.0002265583436866466,-5.871575284880771e-07,2.3205844173756004e-12,1,"[0, 0, 0.22177222222222226, 0, 1.0, 0, 1]",1.2748797540486444e-09
0.22194,1,0.00022643767230359795,-5.86755406551143e-07,2.314758119092737e-12,1,"[0, 0, 0.22194, 0, 1.0, 0, 1]",1.2728128293087736e-09
0.2220666666666667,1,0.00022634633237902924,-5.864508523467589e-07,2.3103609228898013e-12,1,"[0, 0, 0.2220666666666667, 0, 1.0, 0, 1]",1.271252178281992e-09
0.22211999999999998,1,0.00022630781245980714,-5.863223705433992e-07,2.308509856856121e-12,1,"[0, 0, 0.22211999999999998, 0, 1.0, 0, 1]",1.2705950155263402e-09
0.2223,1,0.00022617754086836018,-5.858876577005119e-07,2.302264227812164e-12,1,"[0, 0, 0.2223, 0, 1.0, 0, 1]",1.2683768998542853e-09
0.22236111111111112,1,0.00022613321924392716,-5.857396888117502e-07,2.3001444110568316e-12,1,"[0, 0, 0.22236111111111112, 0, 1.0, 0, 1]",1.267623772251635e-09
0.22247999999999998,1,0.00022604685758641007,-5.854512685393896e-07,2.2960213114645004e-12,1,"[0, 0, 0.22247999999999998, 0, 1.0, 0, 1]",1.2661585105041263e-09
0.22265555555555555,1,0.00022591900453073746,-5.850240401430201e-07,2.2899352298427886e-12,1,"[0, 0, 0.22265555555555555, 0, 1.0, 0, 1]",1.2639946594356883e-09
0.22266,1,0.00022591576266287064,-5.850132035488012e-07,2.289781186934801e-12,1,"[0, 0, 0.22266, 0, 1.0, 0, 1]",1.2639398755923364e-09
0.22283999999999998,1,0.0002257842561384325,-5.845734631894516e-07,2.28354393296506e-12,1,"[0, 0, 0.22283999999999998, 0, 1.0, 0, 1]",1.2617210231413272e-09
0.22295000000000004,1,0.00022570368842990624,-5.843039083992595e-07,2.279733724484374e-12,1,"[0, 0, 0.22295000000000004, 0, 1.0, 0, 1]",1.2603649626342083e-09
0.22302,1,0.00022565233804557448,-5.841320478940381e-07,2.277309627919784e-12,1,"[0, 0, 0.22302, 0, 1.0, 0, 1]",1.2595019810803283e-09
0.22319999999999998,1,0.000225520008408579,-5.836889580673232e-07,2.271078349788256e-12,1,"[0, 0, 0.22319999999999998, 0, 1.0, 0, 1]",1.2572827772463106e-09
0.22324444444444447,1,0.00022548727107308584,-5.835792954386337e-07,2.269540237515187e-12,1,"[0, 0, 0.22324444444444447, 0, 1.0, 0, 1]",1.2567348039799751e-09
0.22338,1,0.0002253872672435402,-5.832441940861781e-07,2.264850176186668e-12,1,"[0, 0, 0.22338, 0, 1.0, 0, 1]",1.2550634393848907e-09
0.2235388888888889,1,0.0002252697525332782,-5.828502029194902e-07,2.2593551087914175e-12,1,"[0, 0, 0.2235388888888889, 0, 1.0, 0, 1]",1.2531043049490852e-09
0.22355999999999998,1,0.00022525411455837758,-5.827977562996511e-07,2.2586251843602636e-12,1,"[0, 0, 0.22355999999999998, 0, 1.0, 0, 1]",1.2528439951511967e-09
0.22374,1,0.00022512055035284602,-5.82349645029019e-07,2.2524034511855226e-12,1,"[0, 0, 0.22374, 0, 1.0, 0, 1]",1.2506244721108018e-09
0.22383333333333333,1,0.00022505113282496515,-5.821166323010246e-07,2.2491786755170513e-12,1,"[0, 0, 0.22383333333333333, 0, 1.0, 0, 1]",1.2494735863713993e-09
0.22391999999999998,1,0.00022498657461854208,-5.81899860567826e-07,2.2461850531721505e-12,1,"[0, 0, 0.22391999999999998, 0, 1.0, 0, 1]",1.2484048977405074e-09
0.2241,1,0.0002248521873389191,-5.814484031819587e-07,2.239970066465278e-12,1,"[0, 0, 0.2241, 0, 1.0, 0, 1]",1.2461852994293376e-09
0.22412777777777781,1,0.00022483141190422112,-5.813785848438814e-07,2.2390112722685516e-12,1,"[0, 0, 0.22412777777777781, 0, 1.0, 0, 1]",1.2458427684408066e-09
0.22427999999999998,1,0.00022471738848928868,-5.809952731096641e-07,2.2337585668474104e-12,1,"[0, 0, 0.22427999999999998, 0, 1.0, 0, 1]",1.2439657044792712e-09
0.22442222222222225,1,0.0002246105896688183,-5.806360616107401e-07,2.2288532310190698e-12,1,"[0, 0, 0.22442222222222225, 0, 1.0, 0, 1]",1.2422119707253963e-09
0.22446,1,0.00022458217803683194,-5.805404705616124e-07,2.2275506297404563e-12,1,"[0, 0, 0.22446, 0, 1.0, 0, 1]",1.2417461401061731e-09
0.22464,1,0.0002244465559406047,-5.800839957209302e-07,2.2213463302077602e-12,1,"[0, 0, 0.22464, 0, 1.0, 0, 1]",1.2395266334406053e-09
0.22471666666666668,1,0.00022438866595831026,-5.798890634668182e-07,2.218704881162096e-12,1,"[0, 0, 0.22471666666666668, 0, 1.0, 0, 1]",1.238581312177374e-09
0.22482,1,0.00022431052215154468,-5.796258487432468e-07,2.2151457429560537e-12,1,"[0, 0, 0.22482, 0, 1.0, 0, 1]",1.23730721152867e-09
0.22499999999999998,1,0.0002241740766124758,-5.791660297567271e-07,2.2089489423373837e-12,1,"[0, 0, 0.22499999999999998, 0, 1.0, 0, 1]",1.2350879013328546e-09
0.2250111111111111,1,0.00022416564055410967,-5.791375910803658e-07,2.2085665495347087e-12,1,"[0, 0, 0.2250111111111111, 0, 1.0, 0, 1]",1.2349509111429726e-09
0.22518,1,0.00022403721925811206,-5.78704538862103e-07,2.2027560023510403e-12,1,"[0, 0, 0.22518, 0, 1.0, 0, 1]",1.2328687297328073e-09
0.2253055555555556,1,0.00022394151317954542,-5.78381644923084e-07,2.1984385604402614e-12,1,"[0, 0, 0.2253055555555556, 0, 1.0, 0, 1]",1.2313208853720625e-09
0.22536,1,0.000223899950015063,-5.782413761327143e-07,2.1965669966454677e-12,1,"[0, 0, 0.22536, 0, 1.0, 0, 1]",1.230649723526205e-09
0.22554,1,0.00022376226880183503,-5.7777654161453e-07,2.1903819985200916e-12,1,"[0, 0, 0.22554, 0, 1.0, 0, 1]",1.2284309094295134e-09
0.22560000000000002,1,0.00022371628349991262,-5.776212252705249e-07,2.1883212356706933e-12,1,"[0, 0, 0.22560000000000002, 0, 1.0, 0, 1]",1.2276913520277842e-09
0.22571999999999998,1,0.00022362417552883676,-5.773100353261894e-07,2.184201080927234e-12,1,"[0, 0, 0.22571999999999998, 0, 1.0, 0, 1]",1.2262123140788371e-09
0.22589444444444445,1,0.00022348995112250226,-5.768563322024215e-07,2.178214894528253e-12,1,"[0, 0, 0.22589444444444445, 0, 1.0, 0, 1]",1.2240624276959003e-09
0.2259,1,0.00022348567009837576,-5.768418572590062e-07,2.178024316473844e-12,1,"[0, 0, 0.2259, 0, 1.0, 0, 1]",1.2239939640306424e-09
0.22608,1,0.0002233467524046642,-5.763720073770116e-07,2.1718517774233913e-12,1,"[0, 0, 0.22608, 0, 1.0, 0, 1]",1.2217758857626136e-09
0.22618888888888888,1,0.00022326251559662627,-5.760869656030075e-07,2.1681198538469547e-12,1,"[0, 0, 0.22618888888888888, 0, 1.0, 0, 1]",1.2204342283941377e-09
0.22626,1,0.0002232074223338181,-5.759004856169714e-07,2.1656835356975853e-12,1,"[0, 0, 0.22626, 0, 1.0, 0, 1]",1.2195581056744008e-09
0.22643999999999997,1,0.00022306767976385466,-5.754272918883944e-07,2.1595196628781256e-12,1,"[0, 0, 0.22643999999999997, 0, 1.0, 0, 1]",1.2173406500883787e-09
0.22648333333333337,1,0.0002230339764136173,-5.753131251612445e-07,2.1580364280133886e-12,1,"[0, 0, 0.22648333333333337, 0, 1.0, 0, 1]",1.2168068695812811e-09
0.22662,1,0.00022292752456469478,-5.749524260735639e-07,2.1533602302085097e-12,1,"[0, 0, 0.22662, 0, 1.0, 0, 1]",1.2151235452504533e-09
0.2267777777777778,1,0.0002228043330068274,-5.745348103710591e-07,2.1479649289872134e-12,1,"[0, 0, 0.2267777777777778, 0, 1.0, 0, 1]",1.2131804661662575e-09
0.2268,1,0.00022278695659815653,-5.744758880275328e-07,2.1472053085955934e-12,1,"[0, 0, 0.2268, 0, 1.0, 0, 1]",1.2129068173307632e-09
0.22698,1,0.00022264597571795732,-5.739976775781544e-07,2.141054968611438e-12,1,"[0, 0, 0.22698, 0, 1.0, 0, 1]",1.2106904924244945e-09
0.22707222222222223,1,0.00022257358475160472,-5.737520205314974e-07,2.137905666321194e-12,1,"[0, 0, 0.22707222222222223, 0, 1.0, 0, 1]",1.2095551325170096e-09
0.22715999999999997,1,0.0002225045817697096,-5.73517794526088e-07,2.134909280494886e-12,1,"[0, 0, 0.22715999999999997, 0, 1.0, 0, 1]",1.2084745965525985e-09
0.22734,1,0.00022236277459091472,-5.730362386447961e-07,2.1287683141532152e-12,1,"[0, 0, 0.22734, 0, 1.0, 0, 1]",1.2062591556625328e-09
0.22736666666666666,1,0.00022234173096526074,-5.729647547468534e-07,2.1278589471808424e-12,1,"[0, 0, 0.22736666666666666, 0, 1.0, 0, 1]",1.2059309824693004e-09
0.22752,1,0.00022222055401095937,-5.725530096805538e-07,2.1226321391637634e-12,1,"[0, 0, 0.22752, 0, 1.0, 0, 1]",1.2040441956289824e-09
0.22766111111111115,1,0.00022210877090702316,-5.721730119267516e-07,2.1178250763635447e-12,1,"[0, 0, 0.22766111111111115, 0, 1.0, 0, 1]",1.202308129335376e-09
0.22769999999999999,1,0.00022207791985111194,-5.7206810735246e-07,2.116500824775529e-12,1,"[0, 0, 0.22769999999999999, 0, 1.0, 0, 1]",1.201829742254627e-09
0.22788,1,0.00022193487192451481,-5.715815313524284e-07,2.1103744399107627e-12,1,"[0, 0, 0.22788, 0, 1.0, 0, 1]",1.1996158212708357e-09
0.22795555555555558,1,0.00022187470377797383,-5.713767907861767e-07,2.107804356317371e-12,1,"[0, 0, 0.22795555555555558, 0, 1.0, 0, 1]",1.1986866859125102e-09
0.22805999999999998,1,0.00022179141003617872,-5.710932813451921e-07,2.104253053166511e-12,1,"[0, 0, 0.22805999999999998, 0, 1.0, 0, 1]",1.1974024583383958e-09
0.22824,1,0.0002216475339829742,-5.706033569682941e-07,2.098136732816153e-12,1,"[0, 0, 0.22824, 0, 1.0, 0, 1]",1.1951896790482155e-09
0.22825,1,0.00022163952872097844,-5.705760898454844e-07,2.0977970871594873e-12,1,"[0, 0, 0.22825, 0, 1.0, 0, 1]",1.1950667644914635e-09
0.22841999999999998,1,0.00022150324355362444,-5.701117578320848e-07,2.092025546810909e-12,1,"[0, 0, 0.22841999999999998, 0, 1.0, 0, 1]",1.1929775089220435e-09
0.22854444444444444,1,0.00022140324482059555,-5.697709074303366e-07,2.0878035666940748e-12,1,"[0, 0, 0.22854444444444444, 0, 1.0, 0, 1]",1.19144847686481e-09
0.2286,1,0.0002213585385286964,-5.696184835197138e-07,2.0859195627813664e-12,1,"[0, 0, 0.2286, 0, 1.0, 0, 1]",1.1907659734131598e-09
0.22877999999999998,1,0.00022121341868059052,-5.691235335871151e-07,2.0798188480389176e-12,1,"[0, 0, 0.22877999999999998, 0, 1.0, 0, 1]",1.1885550979070647e-09
0.22883888888888892,1,0.0002211658511029782,-5.689612416716205e-07,2.0778240904299275e-12,1,"[0, 0, 0.22883888888888892, 0, 1.0, 0, 1]",1.1878319343351652e-09
0.22896,1,0.00022106788377353198,-5.686269075630006e-07,2.0737234695772436e-12,1,"[0, 0, 0.22896, 0, 1.0, 0, 1]",1.1863449077221899e-09
0.22913333333333336,1,0.000220927346535759,-5.681470905053089e-07,2.0678589515976774e-12,1,"[0, 0, 0.22913333333333336, 0, 1.0, 0, 1]",1.1842172477233072e-09
0.22913999999999998,1,0.00022092193356355926,-5.681286049488431e-07,2.0676334940737386e-12,1,"[0, 0, 0.22913999999999998, 0, 1.0, 0, 1]",1.1841354281105844e-09
0.22932,1,0.00022077556779851105,-5.676286252188514e-07,2.061548987890919e-12,1,"[0, 0, 0.22932, 0, 1.0, 0, 1]",1.1819266842585561e-09
0.22942777777777779,1,0.0002206877300279242,-5.673284516722906e-07,2.0579084411665883e-12,1,"[0, 0, 0.22942777777777779, 0, 1.0, 0, 1]",1.1806045273762232e-09
0.22949999999999998,1,0.00022062878621801653,-5.671269678199628e-07,2.0554700170778347e-12,1,"[0, 0, 0.22949999999999998, 0, 1.0, 0, 1]",1.1797187012873897e-09
0.22968,1,0.00022048158855348147,-5.666236321718162e-07,2.049396647371449e-12,1,"[0, 0, 0.22968, 0, 1.0, 0, 1]",1.1775115042540084e-09
0.22972222222222222,1,0.0002204470004296689,-5.665053227181339e-07,2.047972847860948e-12,1,"[0, 0, 0.22972222222222222, 0, 1.0, 0, 1]",1.1769938831749905e-09
0.22985999999999998,1,0.00022033397452807192,-5.66118617666718e-07,2.0433289441979445e-12,1,"[0, 0, 0.22985999999999998, 0, 1.0, 0, 1]",1.1753051181515983e-09
0.2300166666666667,1,0.0002202051565322479,-5.656777009928441e-07,2.03805245817623e-12,1,"[0, 0, 0.2300166666666667, 0, 1.0, 0, 1]",1.1733854245426564e-09
0.23004,1,0.00022018594385670484,-5.656119236696363e-07,2.037266972674159e-12,1,"[0, 0, 0.23004, 0, 1.0, 0, 1]",1.173099567910337e-09
0.23021999999999998,1,0.00022003749624602829,-5.651035495181523e-07,2.031210797608811e-12,1,"[0, 0, 0.23021999999999998, 0, 1.0, 0, 1]",1.170894878397994e-09
0.23031111111111113,1,0.0002199621970678028,-5.64845583650538e-07,2.028147556394701e-12,1,"[0, 0, 0.23031111111111113, 0, 1.0, 0, 1]",1.1697792604519315e-09
0.2304,1,0.0002198886313944084,-5.645934945224425e-07,2.025160483503855e-12,1,"[0, 0, 0.2304, 0, 1.0, 0, 1]",1.1686910744205992e-09
0.23057999999999998,1,0.0002197393489919112,-5.640817579652376e-07,2.019116094555717e-12,1,"[0, 0, 0.23057999999999998, 0, 1.0, 0, 1]",1.1664881807230947e-09
0.23060555555555556,1,0.00021971812070918276,-5.640089676491038e-07,2.0182584246007725e-12,1,"[0, 0, 0.23060555555555556, 0, 1.0, 0, 1]",1.166175499432861e-09
0.23076,1,0.00021958964872028627,-5.635683391017903e-07,2.013077694656624e-12,1,"[0, 0, 0.23076, 0, 1.0, 0, 1]",1.1642862219899625e-09
0.2309,1,0.00021947292606974917,-5.631678497498076e-07,2.0083853426960467e-12,1,"[0, 0, 0.2309, 0, 1.0, 0, 1]",1.1625742495803743e-09
0.23093999999999998,1,0.00021943953025294858,-5.630532371598384e-07,2.007045347395803e-12,1,"[0, 0, 0.23093999999999998, 0, 1.0, 0, 1]",1.1620852228458796e-09
0.23112,1,0.00021928899325496037,-5.625364513395675e-07,2.001019116060705e-12,1,"[0, 0, 0.23112, 0, 1.0, 0, 1]",1.1598852078563352e-09
0.23119444444444448,1,0.0002192266117031636,-5.623222265168455e-07,1.9985285884138152e-12,1,"[0, 0, 0.23119444444444448, 0, 1.0, 0, 1]",1.1589756185617364e-09
0.2313,1,0.00021913803738301006,-5.62017980813559e-07,1.9949990636382483e-12,1,"[0, 0, 0.2313, 0, 1.0, 0, 1]",1.1576862015282641e-09
0.23148,1,0.00021898666228539298,-5.61497824726753e-07,1.988985252815962e-12,1,"[0, 0, 0.23148, 0, 1.0, 0, 1]",1.1554882283106725e-09
0.2314888888888889,1,0.0002189791761031677,-5.614720943168747e-07,1.98868843733344e-12,1,"[0, 0, 0.2314888888888889, 0, 1.0, 0, 1]",1.1553797136239642e-09
0.23165999999999998,1,0.00021883486760199112,-5.609759821964016e-07,1.9829777459832005e-12,1,"[0, 0, 0.23165999999999998, 0, 1.0, 0, 1]",1.1532913125952512e-09
0.23178333333333334,1,0.00021873061770334468,-5.606174493184832e-07,1.97886516289424e-12,1,"[0, 0, 0.23178333333333334, 0, 1.0, 0, 1]",1.1517866416010942e-09
0.23184,1,0.00021868265296425053,-5.604524523120166e-07,1.9769766052322764e-12,1,"[0, 0, 0.23184, 0, 1.0, 0, 1]",1.1510954787169986e-09
0.23202,1,0.0002185300179951596,-5.599272341353209e-07,1.9709818923596142e-12,1,"[0, 0, 0.23202, 0, 1.0, 0, 1]",1.148900750954836e-09
0.23207777777777777,1,0.00021848093487686706,-5.597582874916159e-07,1.9690590364090642e-12,1,"[0, 0, 0.23207777777777777, 0, 1.0, 0, 1]",1.1481965089214257e-09
0.2322,1,0.00021837696230922438,-5.594003267001874e-07,1.9649936688668453e-12,1,"[0, 0, 0.2322, 0, 1.0, 0, 1]",1.1467071535321836e-09
0.23237222222222226,1,0.0002182301259362325,-5.588946046069675e-07,1.959270327077545e-12,1,"[0, 0, 0.23237222222222226, 0, 1.0, 0, 1]",1.1446094216146637e-09
0.23237999999999998,1,0.00021822348551244744,-5.588717290125953e-07,1.9590119959619406e-12,1,"[0, 0, 0.23237999999999998, 0, 1.0, 0, 1]",1.144514710617618e-09
0.23256,1,0.0002180695872023004,-5.583414400505592e-07,1.953036934560256e-12,1,"[0, 0, 0.23256, 0, 1.0, 0, 1]",1.1423234463254153e-09
0.2326666666666667,1,0.0002179781891329844,-5.580263962353234e-07,1.949499301999065e-12,1,"[0, 0, 0.2326666666666667, 0, 1.0, 0, 1]",1.1410254853189834e-09
0.23274,1,0.00021791526696770093,-5.578094587640779e-07,1.9470685452856583e-12,1,"[0, 0, 0.23274, 0, 1.0, 0, 1]",1.1401333847162005e-09
0.23292,1,0.00021776052438898482,-5.572757840750635e-07,1.9411068884715364e-12,1,"[0, 0, 0.23292, 0, 1.0, 0, 1]",1.1379445497974926e-09
0.23296111111111112,1,0.00021772512265741574,-5.571536577468499e-07,1.9397462261852464e-12,1,"[0, 0, 0.23296111111111112, 0, 1.0, 0, 1]",1.137444805288028e-09
0.23309999999999997,1,0.00021760535903787934,-5.567404148772781e-07,1.9351520241618163e-12,1,"[0, 0, 0.23309999999999997, 0, 1.0, 0, 1]",1.135756965524317e-09
0.23325555555555555,1,0.00021747092463826107,-5.562763843103476e-07,1.930011362572278e-12,1,"[0, 0, 0.23325555555555555, 0, 1.0, 0, 1]",1.1338674863978089e-09
0.23328,1,0.00021744977047747673,-5.562033500362697e-07,1.929204012112024e-12,1,"[0, 0, 0.23328, 0, 1.0, 0, 1]",1.1335706557997922e-09
0.23346,1,0.00021729375826220386,-5.556645883892937e-07,1.9232629117902525e-12,1,"[0, 0, 0.23346, 0, 1.0, 0, 1]",1.131385644475688e-09
0.23355000000000004,1,0.00021721559314237342,-5.553945708924586e-07,1.9202949720328076e-12,1,"[0, 0, 0.23355000000000004, 0, 1.0, 0, 1]",1.130293633153584e-09
0.23364,1,0.00021713732193779544,-5.551241287452507e-07,1.9173287823781877e-12,1,"[0, 0, 0.23364, 0, 1.0, 0, 1]",1.1292019553530422e-09
0.23381999999999997,1,0.0002169804610412614,-5.545819698846005e-07,1.91140168277201e-12,1,"[0, 0, 0.23381999999999997, 0, 1.0, 0, 1]",1.1270196121827003e-09
0.23384444444444447,1,0.00021695912617438672,-5.545082122568281e-07,1.9105973133876084e-12,1,"[0, 0, 0.23384444444444447, 0, 1.0, 0, 1]",1.1267233496966483e-09
0.23399999999999999,1,0.00021682317510085802,-5.540381105592921e-07,1.9054816715834046e-12,1,"[0, 0, 0.23399999999999999, 0, 1.0, 0, 1]",1.1248386386658964e-09
0.2341388888888889,1,0.00021670152167636012,-5.53617302963209e-07,1.9009186434167877e-12,1,"[0, 0, 0.2341388888888889, 0, 1.0, 0, 1]",1.123156739811022e-09
0.23418,1,0.00021666546363605555,-5.534925494926804e-07,1.8995688071404665e-12,1,"[0, 0, 0.23418, 0, 1.0, 0, 1]",1.1226590584548306e-09
0.23435999999999998,1,0.00021650732615750493,-5.529452853794398e-07,1.8936631474886126e-12,1,"[0, 0, 0.23435999999999998, 0, 1.0, 0, 1]",1.1204808951532135e-09
0.23443333333333333,1,0.00021644277752741117,-5.527218373665341e-07,1.891259216870802e-12,1,"[0, 0, 0.23443333333333333, 0, 1.0, 0, 1]",1.1195939069301149e-09
0.23454,1,0.00021634876216700653,-5.523963168854877e-07,1.887764750391505e-12,1,"[0, 0, 0.23454, 0, 1.0, 0, 1]",1.1183041723168497e-09
0.23471999999999998,1,0.00021618977115747478,-5.518456426478904e-07,1.88187367333192e-12,1,"[0, 0, 0.23471999999999998, 0, 1.0, 0, 1]",1.1161289134541791e-09
0.2347277777777778,1,0.00021618289154333117,-5.518218096159308e-07,1.881619286481129e-12,1,"[0, 0, 0.2347277777777778, 0, 1.0, 0, 1]",1.1160349541433384e-09
0.2349,1,0.00021603035261290397,-5.512932612747761e-07,1.8759899735126424e-12,1,"[0, 0, 0.2349, 0, 1.0, 0, 1]",1.1139551420268498e-09
0.23502222222222224,1,0.0002159218614761879,-5.509172136537019e-07,1.8719991029706297e-12,1,"[0, 0, 0.23502222222222224, 0, 1.0, 0, 1]",1.1124799842026067e-09
0.23507999999999998,1,0.0002158705060083309,-5.507391713452356e-07,1.870113707857253e-12,1,"[0, 0, 0.23507999999999998, 0, 1.0, 0, 1]",1.1117828814502284e-09
0.23526,1,0.00021571023080980224,-5.501833714092427e-07,1.864244933011053e-12,1,"[0, 0, 0.23526, 0, 1.0, 0, 1]",1.1096121550940162e-09
0.23531666666666667,1,0.00021565968501390773,-5.500080432142359e-07,1.862398915063538e-12,1,"[0, 0, 0.23531666666666667, 0, 1.0, 0, 1]",1.1089290995288445e-09
0.23543999999999998,1,0.00021554952647433168,-5.496258599875326e-07,1.858383705341814e-12,1,"[0, 0, 0.23543999999999998, 0, 1.0, 0, 1]",1.1074429862827193e-09
0.2356111111111111,1,0.00021539635977984477,-5.490942918228815e-07,1.8528189694952116e-12,1,"[0, 0, 0.2356111111111111, 0, 1.0, 0, 1]",1.1053824022183376e-09
0.23562,1,0.0002153883924498677,-5.490666355715282e-07,1.8525300809406363e-12,1,"[0, 0, 0.23562, 0, 1.0, 0, 1]",1.1052753982962593e-09
0.23579999999999998,1,0.00021522682817524914,-5.485056966232129e-07,1.8466841156226814e-12,1,"[0, 0, 0.23579999999999998, 0, 1.0, 0, 1]",1.103109414370455e-09
0.2359055555555556,1,0.00021513188333233758,-5.48175952794788e-07,1.8432595110216127e-12,1,"[0, 0, 0.2359055555555556, 0, 1.0, 0, 1]",1.1018399940491907e-09
0.23598,1,0.00021506483308017039,-5.479430415750471e-07,1.840845864928013e-12,1,"[0, 0, 0.23598, 0, 1.0, 0, 1]",1.1009450576976238e-09
0.23615999999999998,1,0.0002149024065851355,-5.473786688298382e-07,1.8350153841222796e-12,1,"[0, 0, 0.23615999999999998, 0, 1.0, 0, 1]",1.0987823514270434e-09
0.23620000000000002,1,0.00021486625316424047,-5.472530192336584e-07,1.8337207824283437e-12,1,"[0, 0, 0.23620000000000002, 0, 1.0, 0, 1]",1.0983019764875193e-09
0.23634,1,0.00021473954810142138,-5.468125767606497e-07,1.82919272819753e-12,1,"[0, 0, 0.23634, 0, 1.0, 0, 1]",1.0966213186655384e-09
0.23649444444444445,1,0.00021459946670244947,-5.463254840304982e-07,1.824203024539563e-12,1,"[0, 0, 0.23649444444444445, 0, 1.0, 0, 1]",1.0947684506938208e-09
0.23651999999999998,1,0.00021457625703103183,-5.462447637106736e-07,1.8233779518728757e-12,1,"[0, 0, 0.23651999999999998, 0, 1.0, 0, 1]",1.0944619824779991e-09
0.2367,1,0.00021441253276665575,-5.456752279931206e-07,1.8175711095952387e-12,1,"[0, 0, 0.2367, 0, 1.0, 0, 1]",1.0923043658878778e-09
0.23678888888888888,1,0.00021433152130739927,-5.453933398622616e-07,1.8147064762264423e-12,1,"[0, 0, 0.23678888888888888, 0, 1.0, 0, 1]",1.0912395175290725e-09
0.23687999999999998,1,0.00021424837469162262,-5.451039678910991e-07,1.8117722555400665e-12,1,"[0, 0, 0.23687999999999998, 0, 1.0, 0, 1]",1.0901484918777621e-09
0.23706,1,0.00021408378217985838,-5.445309816575004e-07,1.805981443611949e-12,1,"[0, 0, 0.23706, 0, 1.0, 0, 1]",1.0879943833898653e-09
0.23708333333333337,1,0.00021406241427255495,-5.444565791904968e-07,1.8052313744154296e-12,1,"[0, 0, 0.23708333333333337, 0, 1.0, 0, 1]",1.0877152775609617e-09
0.23723999999999998,1,0.0002139187545958358,-5.439562675148571e-07,1.8001987274453224e-12,1,"[0, 0, 0.23723999999999998, 0, 1.0, 0, 1]",1.0858420633265355e-09
0.2373777777777778,1,0.0002137921428238795,-5.43515194259909e-07,1.7957779540961664e-12,1,"[0, 0, 0.2373777777777778, 0, 1.0, 0, 1]",1.084195831069963e-09
0.23742,1,0.00021375329129453267,-5.433798236552385e-07,1.7944241604051331e-12,1,"[0, 0, 0.23742, 0, 1.0, 0, 1]",1.0836915545508062e-09
0.23759999999999998,1,0.00021358739162137964,-5.428016482401032e-07,1.7886577955874278e-12,1,"[0, 0, 0.23759999999999998, 0, 1.0, 0, 1]",1.0815428798868967e-09
0.23767222222222223,1,0.00021352070411928282,-5.425691770968656e-07,1.78634644832911e-12,1,"[0, 0, 0.23767222222222223, 0, 1.0, 0, 1]",1.0806812780553906e-09
0.23778,1,0.00021342105491221279,-5.422217394001718e-07,1.7828996858200025e-12,1,"[0, 0, 0.23778, 0, 1.0, 0, 1]",1.0793960621207e-09
0.23796,1,0.00021325428049322507,-5.416400952352964e-07,1.777149883663012e-12,1,"[0, 0, 0.23796, 0, 1.0, 0, 1]",1.0772511240003478e-09
0.23796666666666666,1,0.00021324809524805996,-5.416185195078786e-07,1.7769370882528982e-12,1,"[0, 0, 0.23796666666666666, 0, 1.0, 0, 1]",1.0771717182414605e-09
0.23814,1,0.00021308706768091316,-5.410567138143128e-07,1.7714084414095205e-12,1,"[0, 0, 0.23814, 0, 1.0, 0, 1]",1.075108088236663e-09
0.23826111111111115,1,0.00021297431323030232,-5.406632130779932e-07,1.7675501030913599e-12,1,"[0, 0, 0.23826111111111115, 0, 1.0, 0, 1]",1.0736672510832067e-09
0.23831999999999998,1,0.00021291941578202778,-5.404715931749065e-07,1.765675411086114e-12,1,"[0, 0, 0.23831999999999998, 0, 1.0, 0, 1]",1.0729669775036906e-09
0.2385,1,0.00021275132409352007,-5.39884731323466e-07,1.7599508444534225e-12,1,"[0, 0, 0.2385, 0, 1.0, 0, 1]",1.0708278144392146e-09
0.23855555555555558,1,0.00021269935501629957,-5.39703249169161e-07,1.7581857201603061e-12,1,"[0, 0, 0.23855555555555558, 0, 1.0, 0, 1]",1.0701679757724895e-09
0.23868,1,0.0002125827919024876,-5.392961262349323e-07,1.754234793006691e-12,1,"[0, 0, 0.23868, 0, 1.0, 0, 1]",1.068690621645241e-09
0.23885,1,0.00021242321748591266,-5.387386189185118e-07,1.7488441648739421e-12,1,"[0, 0, 0.23885, 0, 1.0, 0, 1]",1.066673991243811e-09
0.23886,1,0.00021241381848612114,-5.387057758526565e-07,1.748527307976291e-12,1,"[0, 0, 0.23886, 0, 1.0, 0, 1]",1.0665554216885022e-09
0.23903999999999997,1,0.000212244403111646,-5.381136780882327e-07,1.7428284403282146e-12,1,"[0, 0, 0.23903999999999997, 0, 1.0, 0, 1]",1.0644222371009487e-09
0.23914444444444444,1,0.00021214589744793856,-5.377693132366161e-07,1.7395256607510678e-12,1,"[0, 0, 0.23914444444444444, 0, 1.0, 0, 1]",1.063185396180252e-09
0.23922,1,0.00021207454503626932,-5.375198308213586e-07,1.7371382407646232e-12,1,"[0, 0, 0.23922, 0, 1.0, 0, 1]",1.0622910903802687e-09
0.2394,1,0.00021190424350711956,-5.369242318996657e-07,1.7314567597242538e-12,1,"[0, 0, 0.2394, 0, 1.0, 0, 1]",1.0601620039903598e-09
0.23943888888888892,1,0.00021186739163944822,-5.36795322805657e-07,1.7302304294209248e-12,1,"[0, 0, 0.23943888888888892, 0, 1.0, 0, 1]",1.0597022890192422e-09
0.23958,1,0.00021173349776118798,-5.363268791385554e-07,1.725784047382955e-12,1,"[0, 0, 0.23958, 0, 1.0, 0, 1]",1.0580350003618285e-09
0.23973333333333335,1,0.00021158769672510651,-5.358166380775495e-07,1.720958690628786e-12,1,"[0, 0, 0.23973333333333335, 0, 1.0, 0, 1]",1.0562247679583808e-09
0.23975999999999997,1,0.00021156230702526954,-5.357277703210385e-07,1.7201201536540863e-12,1,"[0, 0, 0.23975999999999997, 0, 1.0, 0, 1]",1.0559101018924883e-09
0.23994,1,0.0002113906705159025,-5.351269031975671e-07,1.7144651281889861e-12,1,"[0, 0, 0.23994, 0, 1.0, 0, 1]",1.053787330947843e-09
0.24002777777777778,1,0.00021130680929647518,-5.348332492720127e-07,1.711710662241286e-12,1,"[0, 0, 0.24002777777777778, 0, 1.0, 0, 1]",1.0527529309611799e-09
0.24012,1,0.0002112185874393049,-5.345242754858565e-07,1.7088190203773729e-12,1,"[0, 0, 0.24012, 0, 1.0, 0, 1]",1.0516667098615783e-09
0.24029999999999999,1,0.00021104605699131255,-5.339198848707141e-07,1.7031818793477505e-12,1,"[0, 0, 0.24029999999999999, 0, 1.0, 0, 1]",1.0495482609360364e-09
0.24032222222222221,1,0.00021102472587128948,-5.338451463745595e-07,1.7024865602513273e-12,1,"[0, 0, 0.24032222222222221, 0, 1.0, 0, 1]",1.04928687576278e-09
0.24047999999999997,1,0.00021087307835731457,-5.333137290038596e-07,1.6975537539677943e-12,1,"[0, 0, 0.24047999999999997, 0, 1.0, 0, 1]",1.0474320064427156e-09
0.2406166666666667,1,0.0002107414428927212,-5.328523191344493e-07,1.6932865987828716e-12,1,"[0, 0, 0.2406166666666667, 0, 1.0, 0, 1]",1.045826699875677e-09
0.24065999999999999,1,0.00021069965071218852,-5.327058055037442e-07,1.6919346928447438e-12,1,"[0, 0, 0.24065999999999999, 0, 1.0, 0, 1]",1.0453179686227448e-09
0.24084,1,0.0002105257732202337,-5.320961119553648e-07,1.6863247443257485e-12,1,"[0, 0, 0.24084, 0, 1.0, 0, 1]",1.0432061696873856e-09
0.24091111111111113,1,0.00021045695672861395,-5.318547570625544e-07,1.6841109900953046e-12,1,"[0, 0, 0.24091111111111113, 0, 1.0, 0, 1]",1.0423725005953314e-09
0.24101999999999998,1,0.00021035144503510304,-5.314846459100722e-07,1.6807239564981972e-12,1,"[0, 0, 0.24101999999999998, 0, 1.0, 0, 1]",1.0410966318184699e-09
0.2412,1,0.00021017666529973627,-5.308714048853871e-07,1.67513237719008e-12,1,"[0, 0, 0.2412, 0, 1.0, 0, 1]",1.0389893771689281e-09
0.24120555555555556,1,0.00021017126367070088,-5.308524494291768e-07,1.674959944587558e-12,1,"[0, 0, 0.24120555555555556, 0, 1.0, 0, 1]",1.038924375005876e-09
0.24137999999999998,1,0.0002100014331462882,-5.302563863647971e-07,1.6695500539702645e-12,1,"[0, 0, 0.24137999999999998, 0, 1.0, 0, 1]",1.0368844278632352e-09
0.2415,1,0.00020988435993379972,-5.298453852617981e-07,1.6658336708019603e-12,1,"[0, 0, 0.2415, 0, 1.0, 0, 1]",1.035482419985678e-09
0.24156,1,0.00020982574769605727,-5.296395877975549e-07,1.6639770341488e-12,1,"[0, 0, 0.24156, 0, 1.0, 0, 1]",1.0347818059978864e-09
0.24173999999999998,1,0.00020964960805941715,-5.290210065984928e-07,1.6584133647772334e-12,1,"[0, 0, 0.24173999999999998, 0, 1.0, 0, 1]",1.0326815336419222e-09
0.24179444444444448,1,0.00020959624165498432,-5.288335533427568e-07,1.6567323754277401e-12,1,"[0, 0, 0.24179444444444448, 0, 1.0, 0, 1]",1.0320467322129402e-09
0.24192,1,0.00020947301333573693,-5.284006401477889e-07,1.6528590926488247e-12,1,"[0, 0, 0.24192, 0, 1.0, 0, 1]",1.0305836328373025e-09
0.2420888888888889,1,0.0002093069048927324,-5.278169422068566e-07,1.6476562633042596e-12,1,"[0, 0, 0.2420888888888889, 0, 1.0, 0, 1]",1.028617408171279e-09
0.24209999999999998,1,0.0002092959626133135,-5.277784857907876e-07,1.647314264298839e-12,1,"[0, 0, 0.24209999999999998, 0, 1.0, 0, 1]",1.0284881255995002e-09
0.24228,1,0.00020911845496929103,-5.271545408377664e-07,1.6417789260047584e-12,1,"[0, 0, 0.24228, 0, 1.0, 0, 1]",1.026395033917884e-09
0.24238333333333334,1,0.0002090163456260544,-5.267955401389221e-07,1.6386055374239724e-12,1,"[0, 0, 0.24238333333333334, 0, 1.0, 0, 1]",1.0251945441552589e-09
0.24245999999999998,1,0.00020894048946958407,-5.265288025637194e-07,1.6362531237865016e-12,1,"[0, 0, 0.24245999999999998, 0, 1.0, 0, 1]",1.0243043797562302e-09
0.24264,1,0.0002087620651688008,-5.259012682081446e-07,1.630736903406626e-12,1,"[0, 0, 0.24264, 0, 1.0, 0, 1]",1.0222161850531646e-09
0.24267777777777777,1,0.00020872455975359322,-5.257693351712626e-07,1.6295803989350488e-12,1,"[0, 0, 0.24267777777777777, 0, 1.0, 0, 1]",1.0217782362759148e-09
0.24281999999999998,1,0.00020858318111016347,-5.252719349748185e-07,1.6252303103705504e-12,1,"[0, 0, 0.24281999999999998, 0, 1.0, 0, 1]",1.0201304717226823e-09
0.24297222222222226,1,0.00020843154309270245,-5.247383150810775e-07,1.620581047143701e-12,1,"[0, 0, 0.24297222222222226, 0, 1.0, 0, 1]",1.0183685804662684e-09
0.243,1,0.000208403836325426,-5.246408000315627e-07,1.6197333899266813e-12,1,"[0, 0, 0.243, 0, 1.0, 0, 1]",1.018047261654559e-09
0.24318,1,0.00020822402983479166,-5.24007860510011e-07,1.6142461870665886e-12,1,"[0, 0, 0.24318, 0, 1.0, 0, 1]",1.0159665767148582e-09
0.2432666666666667,1,0.00020813729137849732,-5.237024673877753e-07,1.6116076795162427e-12,1,"[0, 0, 0.2432666666666667, 0, 1.0, 0, 1]",1.0149656724867955e-09
0.24336,1,0.00020804376064683026,-5.233731135053774e-07,1.6087687465251418e-12,1,"[0, 0, 0.24336, 0, 1.0, 0, 1]",1.0138884387463703e-09
0.24353999999999998,1,0.00020786302775839289,-5.227365560762138e-07,1.6033011127806437e-12,1,"[0, 0, 0.24353999999999998, 0, 1.0, 0, 1]",1.0118128695691078e-09
0.24356111111111112,1,0.00020784180026288493,-5.226617793502409e-07,1.6026604916808126e-12,1,"[0, 0, 0.24356111111111112, 0, 1.0, 0, 1]",1.0115696079309204e-09
0.24372,1,0.00020768183015452526,-5.220981852441655e-07,1.5978433300549357e-12,1,"[0, 0, 0.24372, 0, 1.0, 0, 1]",1.0097398909807372e-09
0.24385555555555555,1,0.00020754506531356392,-5.216162379640045e-07,1.593739677428813e-12,1,"[0, 0, 0.24385555555555555, 0, 1.0, 0, 1]",1.0081804822304687e-09
0.2439,1,0.00020750016680838042,-5.214579979937247e-07,1.59239544231348e-12,1,"[0, 0, 0.2439, 0, 1.0, 0, 1]",1.0076695247570839e-09
0.24408,1,0.00020731803668112825,-5.208159912719714e-07,1.586957493265455e-12,1,"[0, 0, 0.24408, 0, 1.0, 0, 1]",1.0056017926525534e-09
0.24415000000000003,1,0.00020724708201299845,-5.205658299583391e-07,1.5848454287159932e-12,1,"[0, 0, 0.24415000000000003, 0, 1.0, 0, 1]",1.0047983906611114e-09
0.24425999999999998,1,0.00020713543872186654,-5.201721619883259e-07,1.5815295263637924e-12,1,"[0, 0, 0.24425999999999998, 0, 1.0, 0, 1]",1.003536716400629e-09
0.24444,1,0.00020695237186752673,-5.195265070142767e-07,1.5761115848052434e-12,1,"[0, 0, 0.24444, 0, 1.0, 0, 1]",1.001474317714314e-09
0.24444444444444446,1,0.00020694784575736605,-5.195105417932781e-07,1.5759779356633274e-12,1,"[0, 0, 0.24444444444444446, 0, 1.0, 0, 1]",1.0014234283477806e-09
0.24462,1,0.00020676883504278323,-5.188790231831286e-07,1.5707037115303952e-12,1,"[0, 0, 0.24462, 0, 1.0, 0, 1]",9.994146182866057e-10
0.2447388888888889,1,0.0002066473518554794,-5.184503596565645e-07,1.5671373865574558e-12,1,"[0, 0, 0.2447388888888889, 0, 1.0, 0, 1]",9.98055690270135e-10
0.2448,1,0.00020658482715995544,-5.182297072897202e-07,1.5653059492236688e-12,1,"[0, 0, 0.2448, 0, 1.0, 0, 1]",9.973576397909501e-10
0.24497999999999998,1,0.00020640034711891234,-5.175785560901543e-07,1.5599183403133446e-12,1,"[0, 0, 0.24497999999999998, 0, 1.0, 0, 1]",9.953034038817108e-10
0.24503333333333333,1,0.00020634559552767394,-5.173852694604879e-07,1.5583239678508953e-12,1,"[0, 0, 0.24503333333333333, 0, 1.0, 0, 1]",9.946952712679195e-10
0.24516,1,0.0002062153938069745,-5.169255663015211e-07,1.5545409269714966e-12,1,"[0, 0, 0.24516, 0, 1.0, 0, 1]",9.932519321946278e-10
0.2453277777777778,1,0.0002060425719046718,-5.163152568386615e-07,1.549537864161889e-12,1,"[0, 0, 0.2453277777777778, 0, 1.0, 0, 1]",9.91342266046425e-10
0.24534,1,0.00020602996609881522,-5.162707346016166e-07,1.5491737511140258e-12,1,"[0, 0, 0.24534, 0, 1.0, 0, 1]",9.912032463472728e-10
0.24552,1,0.00020584406285635698,-5.156140576286466e-07,1.5438168544005071e-12,1,"[0, 0, 0.24552, 0, 1.0, 0, 1]",9.891573679395183e-10
0.24562222222222224,1,0.00020573827602641615,-5.152403071427125e-07,1.5407792582739898e-12,1,"[0, 0, 0.24562222222222224, 0, 1.0, 0, 1]",9.879967691818598e-10
0.24569999999999997,1,0.00020565768292867014,-5.1495553198094e-07,1.5384702782342093e-12,1,"[0, 0, 0.24569999999999997, 0, 1.0, 0, 1]",9.871143185540032e-10
0.24588,1,0.00020547082515186843,-5.142951542166521e-07,1.5331340637619273e-12,1,"[0, 0, 0.24588, 0, 1.0, 0, 1]",9.850741197565636e-10
0.24591666666666667,1,0.0002054327028408705,-5.14160405438864e-07,1.5320483311352454e-12,1,"[0, 0, 0.24591666666666667, 0, 1.0, 0, 1]",9.846588751267516e-10
0.24606,1,0.00020528348834900181,-5.136329208534576e-07,1.527808251873934e-12,1,"[0, 0, 0.24606, 0, 1.0, 0, 1]",9.83036793096737e-10
0.2462111111111111,1,0.00020512584720279098,-5.130755365044439e-07,1.523345261857107e-12,1,"[0, 0, 0.2462111111111111, 0, 1.0, 0, 1]",9.81328678215356e-10
0.24624,1,0.00020509567132994996,-5.129688283682498e-07,1.5224928832038339e-12,1,"[0, 0, 0.24624, 0, 1.0, 0, 1]",9.810023601081923e-10
0.24641999999999997,1,0.00020490737289131087,-5.123028731968208e-07,1.5171879981283928e-12,1,"[0, 0, 0.24641999999999997, 0, 1.0, 0, 1]",9.789708423091847e-10
0.2465055555555556,1,0.000204817703872464,-5.119856848242892e-07,1.5146702277129918e-12,1,"[0, 0, 0.2465055555555556, 0, 1.0, 0, 1]",9.780062726690229e-10
0.24659999999999999,1,0.00020471859181629213,-5.116350517335546e-07,1.5118936367674383e-12,1,"[0, 0, 0.24659999999999999, 0, 1.0, 0, 1]",9.769422612030563e-10
0.24678,1,0.00020452932687459462,-5.109653603310919e-07,1.5066098389836184e-12,1,"[0, 0, 0.24678, 0, 1.0, 0, 1]",9.749166382786563e-10
0.24680000000000002,1,0.00020450826751441294,-5.108908345870622e-07,1.5060234041365227e-12,1,"[0, 0, 0.24680000000000002, 0, 1.0, 0, 1]",9.746917526016081e-10
0.24695999999999999,1,0.00020433957682230186,-5.102937953000194e-07,1.5013366443822827e-12,1,"[0, 0, 0.24695999999999999, 0, 1.0, 0, 1]",9.728939950108109e-10
0.24709444444444445,1,0.00020419753269607227,-5.097909696814743e-07,1.4974049647193947e-12,1,"[0, 0, 0.24709444444444445, 0, 1.0, 0, 1]",9.713852120248685e-10
0.24713999999999997,1,0.0002041493404017585,-5.096203529085183e-07,1.4960740923111688e-12,1,"[0, 0, 0.24713999999999997, 0, 1.0, 0, 1]",9.708743528608001e-10
0.24731999999999998,1,0.00020395861634145608,-5.089450293820423e-07,1.490822221860264e-12,1,"[0, 0, 0.24731999999999998, 0, 1.0, 0, 1]",9.688577332767944e-10
0.24738888888888888,1,0.00020388549388642265,-5.086860736923881e-07,1.4888150812089604e-12,1,"[0, 0, 0.24738888888888888, 0, 1.0, 0, 1]",9.680867448538488e-10
0.2475,1,0.00020376740335590962,-5.082678209029626e-07,1.4855810718614946e-12,1,"[0, 0, 0.2475, 0, 1.0, 0, 1]",9.668441576943373e-10
0.24767999999999998,1,0.00020357570014553904,-5.075887236102335e-07,1.4803506808885112e-12,1,"[0, 0, 0.24767999999999998, 0, 1.0, 0, 1]",9.64833647536801e-10
0.24768333333333337,1,0.0002035721454545972,-5.075761298968484e-07,1.4802539235053805e-12,1,"[0, 0, 0.24768333333333337, 0, 1.0, 0, 1]",9.64796444912287e-10
0.24785999999999997,1,0.00020338350539653955,-5.069077335990156e-07,1.4751310872563446e-12,1,"[0, 0, 0.24785999999999997, 0, 1.0, 0, 1]",9.628262242158354e-10
0.2479777777777778,1,0.00020325748166844483,-5.064611212599735e-07,1.4717216596585198e-12,1,"[0, 0, 0.2479777777777778, 0, 1.0, 0, 1]",9.615144059380125e-10
0.24803999999999998,1,0.00020319081778076136,-5.062248469203404e-07,1.4699223290211386e-12,1,"[0, 0, 0.24803999999999998, 0, 1.0, 0, 1]",9.608219091318529e-10
0.24822,1,0.00020299763595557627,-5.05540059580721e-07,1.4647244439798037e-12,1,"[0, 0, 0.24822, 0, 1.0, 0, 1]",9.588207236744596e-10
0.24827222222222223,1,0.00020294149669306466,-5.053410304307801e-07,1.4632184558644042e-12,1,"[0, 0, 0.24827222222222223, 0, 1.0, 0, 1]",9.58240721588382e-10
0.24839999999999998,1,0.00020280395856375424,-5.048533675418095e-07,1.4595374696697259e-12,1,"[0, 0, 0.24839999999999998, 0, 1.0, 0, 1]",9.568226892229666e-10
0.24856666666666666,1,0.00020262418458929374,-5.04215839737856e-07,1.4547444764613681e-12,1,"[0, 0, 0.24856666666666666, 0, 1.0, 0, 1]",9.549754854456837e-10
0.24857999999999997,1,0.00020260978423332362,-5.041647667199873e-07,1.4543614433683108e-12,1,"[0, 0, 0.24857999999999997, 0, 1.0, 0, 1]",9.548278271468114e-10
0.24875999999999998,1,0.0002024151115774429,-5.03474252986006e-07,1.4491964020926953e-12,1,"[0, 0, 0.24875999999999998, 0, 1.0, 0, 1]",9.528361588060273e-10
0.24886111111111114,1,0.00020230553931216148,-5.03085531184948e-07,1.4462998839257889e-12,1,"[0, 0, 0.24886111111111114, 0, 1.0, 0, 1]",9.517187910225647e-10
0.24894,1,0.00020221993919425975,-5.027818221645786e-07,1.4440423825992801e-12,1,"[0, 0, 0.24894, 0, 1.0, 0, 1]",9.508477055517215e-10
0.24911999999999998,1,0.00020202426566677748,-5.020874700340051e-07,1.438899421383345e-12,1,"[0, 0, 0.24911999999999998, 0, 1.0, 0, 1]",9.488624887265469e-10
0.24915555555555557,1,0.00020198555470930303,-5.019500864464269e-07,1.4378848388675027e-12,1,"[0, 0, 0.24915555555555557, 0, 1.0, 0, 1]",9.48470731767502e-10
0.2493,1,0.0002018280895627102,-5.013911923257513e-07,1.4337675546785978e-12,1,"[0, 0, 0.2493, 0, 1.0, 0, 1]",9.46880529665156e-10
0.24945,1,0.0002016642245193298,-5.008094868626279e-07,1.4294995000247924e-12,1,"[0, 0, 0.24945, 0, 1.0, 0, 1]",9.452314010702295e-10
0.24947999999999998,1,0.0002016314094343414,-5.00692984724048e-07,1.428646818456693e-12,1,"[0, 0, 0.24947999999999998, 0, 1.0, 0, 1]",9.449018496946625e-10
0.24966,1,0.0002014342238183811,-4.999928428654833e-07,1.423537248426817e-12,1,"[0, 0, 0.24966, 0, 1.0, 0, 1]",9.429264701351286e-10
0.24974444444444444,1,0.0002013415423701614,-4.996637134350838e-07,1.4211440242590243e-12,1,"[0, 0, 0.24974444444444444, 0, 1.0, 0, 1]",9.42000892267247e-10
0.24984,1,0.00020123653123581332,-4.992907623385624e-07,1.4184388800350713e-12,1,"[0, 0, 0.24984, 0, 1.0, 0, 1]",9.409544123000176e-10
0.25002,1,0.0002010383301917509,-4.985867386832962e-07,1.4133517484640411e-12,1,"[0, 0, 0.25002, 0, 1.0, 0, 1]",9.389856974966654e-10
0.2500388888888889,1,0.0002010175017773077,-4.985127468216069e-07,1.4128185665488128e-12,1,"[0, 0, 0.2500388888888889, 0, 1.0, 0, 1]",9.387792986472604e-10
0.2502,1,0.00020083961917528225,-4.978807673907613e-07,1.4082758886322448e-12,1,"[0, 0, 0.2502, 0, 1.0, 0, 1]",9.37020347026767e-10
0.25033333333333335,1,0.00020069209614211636,-4.973565673312811e-07,1.4045232799839555e-12,1,"[0, 0, 0.25033333333333335, 0, 1.0, 0, 1]",9.355667134567596e-10
0.25038,1,0.0002006403966593145,-4.971728439026497e-07,1.4032113351935046e-12,1,"[0, 0, 0.25038, 0, 1.0, 0, 1]",9.350583821868287e-10
0.25056,1,0.00020044066110042129,-4.964629636108379e-07,1.3981581225364383e-12,1,"[0, 0, 0.25056, 0, 1.0, 0, 1]",9.330998242686606e-10
0.2506277777777778,1,0.000200365318749964,-4.961951549192817e-07,1.3962583157587687e-12,1,"[0, 0, 0.2506277777777778, 0, 1.0, 0, 1]",9.323632299054623e-10
0.25073999999999996,1,0.00020024041093867826,-4.957511218569107e-07,1.3931162847837755e-12,1,"[0, 0, 0.25073999999999996, 0, 1.0, 0, 1]",9.311446945598312e-10
0.25092,1,0.00020003964459750423,-4.950373139317099e-07,1.388085855791781e-12,1,"[0, 0, 0.25092, 0, 1.0, 0, 1]",9.291930143441604e-10
0.2509222222222222,1,0.00020003716276840804,-4.950284891815894e-07,1.3880238231651148e-12,1,"[0, 0, 0.2509222222222222, 0, 1.0, 0, 1]",9.291689411719357e-10
0.2511,1,0.0001998383604834951,-4.943215350748567e-07,1.3830668691495857e-12,1,"[0, 0, 0.2511, 0, 1.0, 0, 1]",9.272448049021801e-10
0.2512166666666667,1,0.00019970762124528715,-4.938565493495535e-07,1.37981994958499e-12,1,"[0, 0, 0.2512166666666667, 0, 1.0, 0, 1]",9.259839404091317e-10
0.25128,1,0.00019963655698625855,-4.936037804742821e-07,1.3780593581784934e-12,1,"[0, 0, 0.25128, 0, 1.0, 0, 1]",9.253000875116355e-10
0.25146,1,0.00019943423247824194,-4.928840452657306e-07,1.3730633559312882e-12,1,"[0, 0, 0.25146, 0, 1.0, 0, 1]",9.233588834479378e-10
0.25151111111111113,1,0.0001993766871067729,-4.926793142843147e-07,1.3716468404826965e-12,1,"[0, 0, 0.25151111111111113, 0, 1.0, 0, 1]",9.228083207500001e-10
0.25164,1,0.00019923138531456147,-4.921623245322724e-07,1.3680788951915435e-12,1,"[0, 0, 0.25164, 0, 1.0, 0, 1]",9.214212139846669e-10
0.25180555555555556,1,0.00019904435315537002,-4.914967624710813e-07,1.3635046393965327e-12,1,"[0, 0, 0.25180555555555556, 0, 1.0, 0, 1]",9.19642175313103e-10
0.25182,1,0.00019902801383282613,-4.914386133038007e-07,1.3631060084728122e-12,1,"[0, 0, 0.25182, 0, 1.0, 0, 1]",9.194871003940374e-10
0.252,1,0.00019882411635295953,-4.907129065565189e-07,1.3581447280179208e-12,1,"[0, 0, 0.252, 0, 1.0, 0, 1]",9.17556563947393e-10
0.25210000000000005,1,0.00019871061206786387,-4.90308872013252e-07,1.3553934879300607e-12,1,"[0, 0, 0.25210000000000005, 0, 1.0, 0, 1]",9.164855972082661e-10
0.25217999999999996,1,0.00019861969117702038,-4.899851992124304e-07,1.3531950857981416e-12,1,"[0, 0, 0.25217999999999996, 0, 1.0, 0, 1]",9.156296259157021e-10
0.25236,1,0.00019841473658901632,-4.892554861388016e-07,1.3482571135123743e-12,1,"[0, 0, 0.25236, 0, 1.0, 0, 1]",9.137063075700197e-10
0.2523944444444445,1,0.00019837545639321577,-4.891156206263921e-07,1.347313525742947e-12,1,"[0, 0, 0.2523944444444445, 0, 1.0, 0, 1]",9.133386795422837e-10
0.25254,1,0.0001982092508547188,-4.885237621476343e-07,1.3433308425863103e-12,1,"[0, 0, 0.25254, 0, 1.0, 0, 1]",9.117866301819999e-10
0.2526888888888889,1,0.00019803887855040055,-4.879169856320417e-07,1.339264890541269e-12,1,"[0, 0, 0.2526888888888889, 0, 1.0, 0, 1]",9.102015154245958e-10
0.25272,1,0.0001980032322214729,-4.877900219951208e-07,1.3384163041715637e-12,1,"[0, 0, 0.25272, 0, 1.0, 0, 1]",9.09870615024364e-10
0.2529,1,0.00019779667891800447,-4.87054260381091e-07,1.3335135291447816e-12,1,"[0, 0, 0.2529, 0, 1.0, 0, 1]",9.079582833714199e-10
0.25298333333333334,1,0.00019770087082618897,-4.867129439513668e-07,1.3312477180674057e-12,1,"[0, 0, 0.25298333333333334, 0, 1.0, 0, 1]",9.070741979730795e-10
0.25307999999999997,1,0.0001975895891542253,-4.86316471948457e-07,1.3286225481067224e-12,1,"[0, 0, 0.25307999999999997, 0, 1.0, 0, 1]",9.060496564995445e-10
0.25326,1,0.00019738196112103145,-4.855766512826319e-07,1.3237433913813072e-12,1,"[0, 0, 0.25326, 0, 1.0, 0, 1]",9.041447556876712e-10
0.2532777777777778,1,0.0001973614253728702,-4.855034720986389e-07,1.3232621420894175e-12,1,"[0, 0, 0.2532777777777778, 0, 1.0, 0, 1]",9.039568203198064e-10
0.25344,1,0.00019717379299010276,-4.848347929109582e-07,1.3188760890146359e-12,1,"[0, 0, 0.25344, 0, 1.0, 0, 1]",9.022436022178035e-10
0.25357222222222225,1,0.00019702053420591297,-4.842885461745367e-07,1.3153082943899207e-12,1,"[0, 0, 0.25357222222222225, 0, 1.0, 0, 1]",9.008494756168609e-10
0.25361999999999996,1,0.00019696508291369775,-4.840908913021211e-07,1.314020670774024e-12,1,"[0, 0, 0.25361999999999996, 0, 1.0, 0, 1]",9.003462173755116e-10
0.25379999999999997,1,0.00019675582902444312,-4.833449408655443e-07,1.309177166146945e-12,1,"[0, 0, 0.25379999999999997, 0, 1.0, 0, 1]",8.984526224504246e-10
0.2538666666666667,1,0.00019667818920156863,-4.830681418592885e-07,1.3073863047544694e-12,1,"[0, 0, 0.2538666666666667, 0, 1.0, 0, 1]",8.977522570422415e-10
0.25398,1,0.00019654602943512236,-4.825969359507853e-07,1.3043456043399954e-12,1,"[0, 0, 0.25398, 0, 1.0, 0, 1]",8.965628387367603e-10
0.25416,1,0.00019633568223845953,-4.818468708469172e-07,1.299526014277794e-12,1,"[0, 0, 0.25416, 0, 1.0, 0, 1]",8.946768875338057e-10
0.2541611111111111,1,0.00019633438209440247,-4.81842234405598e-07,1.2994963009593944e-12,1,"[0, 0, 0.2541611111111111, 0, 1.0, 0, 1]",8.946652578057046e-10
0.25434,1,0.00019612478550690076,-4.810947397819027e-07,1.2947184246019034e-12,1,"[0, 0, 0.25434, 0, 1.0, 0, 1]",8.927947901464406e-10
0.2544555555555556,1,0.0001959891044747692,-4.806107986314255e-07,1.2916384087591522e-12,1,"[0, 0, 0.2544555555555556, 0, 1.0, 0, 1]",8.915885711547734e-10
0.25451999999999997,1,0.00019591333729238958,-4.803405369219503e-07,1.2899228636696534e-12,1,"[0, 0, 0.25451999999999997, 0, 1.0, 0, 1]",8.909165678856555e-10
0.2547,1,0.00019570133562614193,-4.795842563708716e-07,1.2851393595529982e-12,1,"[0, 0, 0.2547, 0, 1.0, 0, 1]",8.890422420690518e-10
0.25475000000000003,1,0.00019564234778621134,-4.793738089125362e-07,1.2838127518730624e-12,1,"[0, 0, 0.25475000000000003, 0, 1.0, 0, 1]",8.885222903806944e-10
0.25488,1,0.00019548877851841676,-4.788258921694254e-07,1.28036794003734e-12,1,"[0, 0, 0.25488, 0, 1.0, 0, 1]",8.871718340213828e-10
0.25504444444444446,1,0.0001952941033227899,-4.781312391748586e-07,1.276019451971546e-12,1,"[0, 0, 0.25504444444444446, 0, 1.0, 0, 1]",8.854665088244806e-10
0.25505999999999995,1,0.0001952756639582778,-4.780654382946322e-07,1.2756086326202367e-12,1,"[0, 0, 0.25505999999999995, 0, 1.0, 0, 1]",8.853053650750311e-10
0.25523999999999997,1,0.0001950619899133604,-4.773028886591111e-07,1.2708614645102162e-12,1,"[0, 0, 0.25523999999999997, 0, 1.0, 0, 1]",8.834428565705881e-10
0.2553388888888889,1,0.0001949443622263474,-4.768830628866566e-07,1.268258628661745e-12,1,"[0, 0, 0.2553388888888889, 0, 1.0, 0, 1]",8.824213198830263e-10
0.25542,1,0.0001948477543296268,-4.7653823711037794e-07,1.2661264626254386e-12,1,"[0, 0, 0.25542, 0, 1.0, 0, 1]",8.815843298573273e-10
0.2556,1,0.00019463295513112106,-4.757714774301435e-07,1.261403653592405e-12,1,"[0, 0, 0.2556, 0, 1.0, 0, 1]",8.797298062937788e-10
0.2556333333333334,1,0.00019459311548369114,-4.7562925305046714e-07,1.2605303994725971e-12,1,"[0, 0, 0.2556333333333334, 0, 1.0, 0, 1]",8.793868170152343e-10
0.25578,1,0.00019441759021971843,-4.7500260333359664e-07,1.256693063744587e-12,1,"[0, 0, 0.25578, 0, 1.0, 0, 1]",8.778793072482169e-10
0.2559277777777778,1,0.00019424035392370074,-4.7436978219482227e-07,1.2528348798392744e-12,1,"[0, 0, 0.2559277777777778, 0, 1.0, 0, 1]",8.763630937482146e-10
0.25595999999999997,1,0.00019420165747487234,-4.742316084686823e-07,1.2519947191210433e-12,1,"[0, 0, 0.25595999999999997, 0, 1.0, 0, 1]",8.7603285409923e-10
0.25614,1,0.0001939851547533546,-4.7345848641535507e-07,1.2473086454650206e-12,1,"[0, 0, 0.25614, 0, 1.0, 0, 1]",8.74190468236238e-10
0.25622222222222224,1,0.00019388606821435685,-4.731046223657503e-07,1.245172183086994e-12,1,"[0, 0, 0.25622222222222224, 0, 1.0, 0, 1]",8.733502436835485e-10
0.25632,1,0.00019376807988899408,-4.7268323068483555e-07,1.242634868222479e-12,1,"[0, 0, 0.25632, 0, 1.0, 0, 1]",8.723521710600346e-10
0.2565,1,0.0001935504306924079,-4.7190583471883755e-07,1.2379734125406245e-12,1,"[0, 0, 0.2565, 0, 1.0, 0, 1]",8.705179839833554e-10
0.25651666666666667,1,0.0001935302488596913,-4.7183374511805415e-07,1.2375424204142603e-12,1,"[0, 0, 0.25651666666666667, 0, 1.0, 0, 1]",8.703483605035989e-10
0.25668,1,0.00019333220495073108,-4.711262918887989e-07,1.2333243032663633e-12,1,"[0, 0, 0.25668, 0, 1.0, 0, 1]",8.68687928431385e-10
0.25681111111111116,1,0.00019317288619664645,-4.705571215063263e-07,1.2299457008753457e-12,1,"[0, 0, 0.25681111111111116, 0, 1.0, 0, 1]",8.673575379778904e-10
0.25686,1,0.00019311340042733955,-4.7034459549508584e-07,1.2286875649447904e-12,1,"[0, 0, 0.25686, 0, 1.0, 0, 1]",8.668620258423394e-10
0.25704,1,0.00019289401486156888,-4.6956073876619097e-07,1.2240632218175452e-12,1,"[0, 0, 0.25704, 0, 1.0, 0, 1]",8.650402976680015e-10
0.2571055555555556,1,0.0001928139703918537,-4.692747220757384e-07,1.2223821313622317e-12,1,"[0, 0, 0.2571055555555556, 0, 1.0, 0, 1]",8.643778699695582e-10
0.25722,1,0.00019267404596843063,-4.687747148579233e-07,1.2194512978212329e-12,1,"[0, 0, 0.25722, 0, 1.0, 0, 1]",8.632227653742968e-10
0.25739999999999996,1,0.00019245349143831846,-4.679865168525647e-07,1.214851816585721e-12,1,"[0, 0, 0.25739999999999996, 0, 1.0, 0, 1]",8.614094504418411e-10
0.25758,1,0.00019223234893671573,-4.671961377580384e-07,1.2102648014324604e-12,1,"[0, 0, 0.25758, 0, 1.0, 0, 1]",8.596003743665103e-10
0.25769444444444445,1,0.0001920914391520138,-4.6669247533444327e-07,1.2073548590559835e-12,1,"[0, 0, 0.25769444444444445, 0, 1.0, 0, 1]",8.584523734646812e-10
0.25776,1,0.00019201061610389246,-4.6640357050703903e-07,1.2056902753727362e-12,1,"[0, 0, 0.25776, 0, 1.0, 0, 1]",8.577955586600006e-10
0.25794,1,0.00019178829055460243,-4.656088079561719e-07,1.2011282611058884e-12,1,"[0, 0, 0.25794, 0, 1.0, 0, 1]",8.559950248504325e-10
0.25798888888888893,1,0.00019172780316837858,-4.6539256648037034e-07,1.1998913590622612e-12,1,"[0, 0, 0.25798888888888893, 0, 1.0, 0, 1]",8.555067332213476e-10
0.25812,1,0.00019156536987776732,-4.648118428850434e-07,1.1965787810174787e-12,1,"[0, 0, 0.25812, 0, 1.0, 0, 1]",8.541987944828718e-10
0.25828333333333336,1,0.0001913625729387162,-4.6408675870041023e-07,1.192461414651882e-12,1,"[0, 0, 0.25828333333333336, 0, 1.0, 0, 1]",8.525726240151994e-10
0.2583,1,0.00019134185163616636,-4.640126679953823e-07,1.192041857177475e-12,1,"[0, 0, 0.2583, 0, 1.0, 0, 1]",8.524068891199762e-10
0.25848,1,0.00019111773336610982,-4.632112759101029e-07,1.1875175113382765e-12,1,"[0, 0, 0.25848, 0, 1.0, 0, 1]",8.506193303425221e-10
0.2585777777777778,1,0.000190995737726491,-4.627750198451147e-07,1.1850651216085029e-12,1,"[0, 0, 0.2585777777777778, 0, 1.0, 0, 1]",8.496501402764517e-10
0.25866,1,0.00019089301257711435,-4.6240765917237814e-07,1.1830057649328624e-12,1,"[0, 0, 0.25866, 0, 1.0, 0, 1]",8.488361397500437e-10
0.25883999999999996,1,0.00019066768675156742,-4.6160181024468194e-07,1.1785066390727091e-12,1,"[0, 0, 0.25883999999999996, 0, 1.0, 0, 1]",8.470573389613861e-10
0.2588722222222222,1,0.00019062728660351917,-4.614573171946452e-07,1.1777025734295205e-12,1,"[0, 0, 0.2588722222222222, 0, 1.0, 0, 1]",8.467393765690914e-10
0.25902,1,0.00019044175334439063,-4.6079372150782863e-07,1.174020154545834e-12,1,"[0, 0, 0.25902, 0, 1.0, 0, 1]",8.452829496153299e-10
0.2591666666666667,1,0.00019025720844605343,-4.6013361744759563e-07,1.1703738613027294e-12,1,"[0, 0, 0.2591666666666667, 0, 1.0, 0, 1]",8.438404275978265e-10
0.2592,1,0.00019021520978269323,-4.599833852599825e-07,1.169546331814691e-12,1,"[0, 0, 0.2592, 0, 1.0, 0, 1]",8.435129933711824e-10
0.25938,1,0.0001899880534654224,-4.5917079371566154e-07,1.1650851910140566e-12,1,"[0, 0, 0.25938, 0, 1.0, 0, 1]",8.417474919093935e-10
0.25946111111111114,1,0.00018988549193074886,-4.5880388670947233e-07,1.1630790740820834e-12,1,"[0, 0, 0.25946111111111114, 0, 1.0, 0, 1]",8.409533882151565e-10
0.25956,1,0.00018976028176300483,-4.5835593900471307e-07,1.1606367519488576e-12,1,"[0, 0, 0.25956, 0, 1.0, 0, 1]",8.39986466932157e-10
0.25973999999999997,1,0.00018953189201698434,-4.5753881317128006e-07,1.156201034091993e-12,1,"[0, 0, 0.25973999999999997, 0, 1.0, 0, 1]",8.382299401640457e-10
0.2597555555555556,1,0.00018951212553051849,-4.574680904808709e-07,1.155818298262598e-12,1,"[0, 0, 0.2597555555555556, 0, 1.0, 0, 1]",8.380783534285172e-10
0.25992,1,0.0001893028815396506,-4.567194081727424e-07,1.1517780565820113e-12,1,"[0, 0, 0.25992, 0, 1.0, 0, 1]",8.364779333526045e-10
0.26005,1,0.00018913709751026373,-4.561261936452912e-07,1.1485916179544045e-12,1,"[0, 0, 0.26005, 0, 1.0, 0, 1]",8.352154184074976e-10
0.2601,1,0.00018907324761366397,-4.5589771587864646e-07,1.1473678382208687e-12,1,"[0, 0, 0.2601, 0, 1.0, 0, 1]",8.347304682690132e-10
0.26027999999999996,1,0.00018884298749167284,-4.550737280696159e-07,1.1429703974715392e-12,1,"[0, 0, 0.26027999999999996, 0, 1.0, 0, 1]",8.329875667087006e-10
0.2603444444444445,1,0.00018876039592248466,-4.5477816045662026e-07,1.1413991148558417e-12,1,"[0, 0, 0.2603444444444445, 0, 1.0, 0, 1]",8.323646784912176e-10
0.26045999999999997,1,0.00018861209839592073,-4.542474364362268e-07,1.1385857524556156e-12,1,"[0, 0, 0.26045999999999997, 0, 1.0, 0, 1]",8.3124925049197e-10
0.2606388888888889,1,0.00018838200860275635,-4.534239545262304e-07,1.134240868225595e-12,1,"[0, 0, 0.2606388888888889, 0, 1.0, 0, 1]",8.295262291957357e-10
0.26064,1,0.00018838057751785172,-4.5341883257788737e-07,1.134213920950831e-12,1,"[0, 0, 0.26064, 0, 1.0, 0, 1]",8.295155414646778e-10
0.26082,1,0.0001881484220177063,-4.5258790800168473e-07,1.1298549203885906e-12,1,"[0, 0, 0.26082, 0, 1.0, 0, 1]",8.277864614988459e-10
0.26093333333333335,1,0.00018800192316507323,-4.5206353880970617e-07,1.1271169548538635e-12,1,"[0, 0, 0.26093333333333335, 0, 1.0, 0, 1]",8.267001662215971e-10
0.261,1,0.00018791562902410812,-4.517546541212063e-07,1.125508767851358e-12,1,"[0, 0, 0.261, 0, 1.0, 0, 1]",8.260620324933388e-10
0.26117999999999997,1,0.00018768219563364567,-4.509190622553478e-07,1.1211754800700736e-12,1,"[0, 0, 0.26117999999999997, 0, 1.0, 0, 1]",8.243422763745177e-10
0.2612277777777778,1,0.00018762012699705878,-4.506968755931957e-07,1.1200274490325611e-12,1,"[0, 0, 0.2612277777777778, 0, 1.0, 0, 1]",8.23886585461473e-10
0.26136,1,0.00018744811891044662,-4.500811236271027e-07,1.1168550734214604e-12,1,"[0, 0, 0.26136, 0, 1.0, 0, 1]",8.226272150969147e-10
0.26152222222222227,1,0.00018723660725502892,-4.493239264793464e-07,1.1129724225243874e-12,1,"[0, 0, 0.26152222222222227, 0, 1.0, 0, 1]",8.21085583007969e-10
0.26154,1,0.0001872133958857417,-4.492408293623181e-07,1.112547563925287e-12,1,"[0, 0, 0.26154, 0, 1.0, 0, 1]",8.209168706438824e-10
0.26171999999999995,1,0.00018697802355742446,-4.4839817048844223e-07,1.1082529672416165e-12,1,"[0, 0, 0.26171999999999995, 0, 1.0, 0, 1]",8.192112650283105e-10
0.2618166666666667,1,0.0001868513508589044,-4.4794465237280976e-07,1.1059519445308895e-12,1,"[0, 0, 0.2618166666666667, 0, 1.0, 0, 1]",8.182972551614254e-10
0.26189999999999997,1,0.000186741998889597,-4.4755313793322914e-07,1.1039712986678932e-12,1,"[0, 0, 0.26189999999999997, 0, 1.0, 0, 1]",8.17510420293268e-10
0.26208,1,0.00018650531881211617,-4.467057225234511e-07,1.0997025731360956e-12,1,"[0, 0, 0.26208, 0, 1.0, 0, 1]",8.158143585127333e-10
0.26211111111111113,1,0.00018646434448697658,-4.4655901346534366e-07,1.0989660816593709e-12,1,"[0, 0, 0.26211111111111113, 0, 1.0, 0, 1]",8.155216984379689e-10
0.26226,1,0.00018626798022012208,-4.458559149835522e-07,1.0954468052097401e-12,1,"[0, 0, 0.26226, 0, 1.0, 0, 1]",8.141231017922698e-10
0.26240555555555556,1,0.00018607557457051008,-4.451669692204485e-07,1.0920148978886775e-12,1,"[0, 0, 0.26240555555555556, 0, 1.0, 0, 1]",8.127590095776287e-10
0.26244,1,0.00018602997997356369,-4.45003705934301e-07,1.091204009080842e-12,1,"[0, 0, 0.26244, 0, 1.0, 0, 1]",8.12436672269729e-10
0.26261999999999996,1,0.00018579131489671389,-4.441490858914107e-07,1.086974198566833e-12,1,"[0, 0, 0.26261999999999996, 0, 1.0, 0, 1]",8.107550921159839e-10
0.26270000000000004,1,0.00018568502728817887,-4.4376847835753207e-07,1.0850984545337816e-12,1,"[0, 0, 0.26270000000000004, 0, 1.0, 0, 1]",8.100092855525511e-10
0.2628,1,0.0001855519817776757,-4.4329204526413526e-07,1.0827573871073819e-12,1,"[0, 0, 0.2628, 0, 1.0, 0, 1]",8.090783835356314e-10
0.26298,1,0.00018531197736787786,-4.4243257435383255e-07,1.0785535877611986e-12,1,"[0, 0, 0.26298, 0, 1.0, 0, 1]",8.074065687677102e-10
0.2629944444444445,1,0.00018529268856033512,-4.4236349883561064e-07,1.0782168102091019e-12,1,"[0, 0, 0.2629944444444445, 0, 1.0, 0, 1]",8.072726235753951e-10
0.26316,1,0.0001850712983815627,-4.415706633525113e-07,1.0743628132026813e-12,1,"[0, 0, 0.26316, 0, 1.0, 0, 1]",8.057396700864595e-10
0.2632888888888889,1,0.00018489854404310065,-4.4095198783650803e-07,1.0713700207906185e-12,1,"[0, 0, 0.2632888888888889, 0, 1.0, 0, 1]",8.045491211078813e-10
0.26334,1,0.0001848299414952644,-4.407063023413466e-07,1.0701850757186159e-12,1,"[0, 0, 0.26334, 0, 1.0, 0, 1]",8.040777098020399e-10
0.26352,1,0.00018458790334727573,-4.398394812891656e-07,1.066020387204685e-12,1,"[0, 0, 0.26352, 0, 1.0, 0, 1]",8.024207102612926e-10
0.26358333333333334,1,0.00018450257912227115,-4.395339017475264e-07,1.0645581393765866e-12,1,"[0, 0, 0.26358333333333334, 0, 1.0, 0, 1]",8.01838875869396e-10
0.2637,1,0.00018434518053710535,-4.3897019005090384e-07,1.061868759161986e-12,1,"[0, 0, 0.2637, 0, 1.0, 0, 1]",8.007686938484852e-10
0.2638777777777778,1,0.00018410477890703366,-4.3810919614359516e-07,1.0577812162469568e-12,1,"[0, 0, 0.2638777777777778, 0, 1.0, 0, 1]",7.99141985845833e-10
0.26388,1,0.0001841017696249246,-4.3809841836603424e-07,1.057730202693434e-12,1,"[0, 0, 0.26388, 0, 1.0, 0, 1]",7.99121682986084e-10
0.26405999999999996,1,0.00018385766713100612,-4.372241558569755e-07,1.0536047285001176e-12,1,"[0, 0, 0.26405999999999996, 0, 1.0, 0, 1]",7.974797001355322e-10
0.26417222222222225,1,0.00018370512822348485,-4.3667782576885934e-07,1.0510392988213536e-12,1,"[0, 0, 0.26417222222222225, 0, 1.0, 0, 1]",7.964585492985491e-10
0.26424,1,0.00018361286953514548,-4.3634739202744527e-07,1.0494923468775272e-12,1,"[0, 0, 0.26424, 0, 1.0, 0, 1]",7.958427677980156e-10
0.26442,1,0.00018336737327607924,-4.354681162608124e-07,1.0453930677117702e-12,1,"[0, 0, 0.26442, 0, 1.0, 0, 1]",7.942109085152621e-10
0.2644666666666667,1,0.0001833036116079435,-4.352397445176908e-07,1.0443324316155648e-12,1,"[0, 0, 0.2644666666666667, 0, 1.0, 0, 1]",7.937886647734482e-10
0.2646,1,0.0001831211747508867,-4.3458631781839716e-07,1.041306900475672e-12,1,"[0, 0, 0.2646, 0, 1.0, 0, 1]",7.925841448703464e-10
0.2647611111111111,1,0.0001829002133000494,-4.3379490541509763e-07,1.037660656196556e-12,1,"[0, 0, 0.2647611111111111, 0, 1.0, 0, 1]",7.911324311103053e-10
0.26478,1,0.00018287427031438077,-4.33701985837743e-07,1.0372338542247755e-12,1,"[0, 0, 0.26478, 0, 1.0, 0, 1]",7.909624994884731e-10
0.26496,1,0.0001826266562784869,-4.328151093308539e-07,1.0331739375932783e-12,1,"[0, 0, 0.26496, 0, 1.0, 0, 1]",7.893459950378121e-10
0.2650555555555556,1,0.0001824949172356444,-4.3234326059652834e-07,1.0310240111358827e-12,1,"[0, 0, 0.2650555555555556, 0, 1.0, 0, 1]",7.88489947452175e-10
0.26514,1,0.0001823783289116134,-4.3192567718241174e-07,1.0291271587899052e-12,1,"[0, 0, 0.26514, 0, 1.0, 0, 1]",7.877346542303311e-10
0.26532,1,0.00018212928443800205,-4.310336781479311e-07,1.0250935255936217e-12,1,"[0, 0, 0.26532, 0, 1.0, 0, 1]",7.861284998226066e-10
0.26535000000000003,1,0.00018208770703941838,-4.3088476128700924e-07,1.0244225319614935e-12,1,"[0, 0, 0.26535000000000003, 0, 1.0, 0, 1]",7.858613132550234e-10
0.26549999999999996,1,0.0001818795190370737,-4.3013910085190707e-07,1.0210730453493611e-12,1,"[0, 0, 0.26549999999999996, 0, 1.0, 0, 1]",7.845275546166865e-10
0.26564444444444446,1,0.00018167856601732205,-4.294193577796375e-07,1.0178562511078203e-12,1,"[0, 0, 0.26564444444444446, 0, 1.0, 0, 1]",7.83246628297541e-10
0.26567999999999997,1,0.00018162902884275373,-4.292419337859004e-07,1.0170657249635525e-12,1,"[0, 0, 0.26567999999999997, 0, 1.0, 0, 1]",7.829318414609286e-10
0.26586,1,0.0001813778099427907,-4.2834216530661116e-07,1.013071570899614e-12,1,"[0, 0, 0.26586, 0, 1.0, 0, 1]",7.813413832508815e-10
0.2659388888888889,1,0.0001812674771487243,-4.279469994133475e-07,1.0113251978641186e-12,1,"[0, 0, 0.2659388888888889, 0, 1.0, 0, 1]",7.806459926910989e-10
0.26604,1,0.00018112585837805773,-4.27439783633898e-07,1.0090905891733723e-12,1,"[0, 0, 0.26604, 0, 1.0, 0, 1]",7.797562029301544e-10
0.26622,1,0.0001808731701418369,-4.2653477684874894e-07,1.0051227853482876e-12,1,"[0, 0, 0.26622, 0, 1.0, 0, 1]",7.781763234912879e-10
0.2662333333333334,1,0.00018085442307832036,-4.264676345499936e-07,1.0048293983209824e-12,1,"[0, 0, 0.2662333333333334, 0, 1.0, 0, 1]",7.780595068899521e-10
0.26639999999999997,1,0.0001806197411790962,-4.2562713289123775e-07,1.0011681645306848e-12,1,"[0, 0, 0.26639999999999997, 0, 1.0, 0, 1]",7.766017679766705e-10
0.2665277777777778,1,0.00018043938610776448,-4.2498121055064953e-07,9.983688753149935e-13,1,"[0, 0, 0.2665277777777778, 0, 1.0, 0, 1]",7.754872717016216e-10
0.26658,1,0.00018036556738574653,-4.2471683955841984e-07,9.97226731364813e-13,1,"[0, 0, 0.26658, 0, 1.0, 0, 1]",7.75032559479431e-10
0.26676,1,0.0001801106446078843,-4.2380388450218686e-07,9.932984900278278e-13,1,"[0, 0, 0.26676, 0, 1.0, 0, 1]",7.734687211443526e-10
0.26682222222222224,1,0.00018002234818702699,-4.234876737511442e-07,9.919436483713755e-13,1,"[0, 0, 0.26682222222222224, 0, 1.0, 0, 1]",7.729293882974589e-10
0.26693999999999996,1,0.00017985496864102155,-4.2288825522709225e-07,9.893834442246516e-13,1,"[0, 0, 0.26693999999999996, 0, 1.0, 0, 1]",7.719102761688225e-10
0.26711666666666667,1,0.0001796032909054587,-4.219869694367756e-07,9.855537336446102e-13,1,"[0, 0, 0.26711666666666667, 0, 1.0, 0, 1]",7.703859582234597e-10
0.26711999999999997,1,0.0001795985352292954,-4.219699390881119e-07,9.85481597182717e-13,1,"[0, 0, 0.26711999999999997, 0, 1.0, 0, 1]",7.703572478037484e-10
0.2673,1,0.00017934134006466598,-4.210489232883783e-07,9.81592951646628e-13,1,"[0, 0, 0.2673, 0, 1.0, 0, 1]",7.688096593545325e-10
0.26741111111111115,1,0.00017918219548255615,-4.204790418161937e-07,9.791991438569262e-13,1,"[0, 0, 0.26741111111111115, 0, 1.0, 0, 1]",7.678570834112863e-10
0.26748,1,0.0001790833787860938,-4.201251948768529e-07,9.777175098726754e-13,1,"[0, 0, 0.26748, 0, 1.0, 0, 1]",7.672675341820096e-10
0.26766,1,0.00017882464697870169,-4.1919874074595865e-07,9.738552736232121e-13,1,"[0, 0, 0.26766, 0, 1.0, 0, 1]",7.657308957034534e-10
0.2677055555555556,1,0.0001787590427584091,-4.1896383399439e-07,9.728798882346112e-13,1,"[0, 0, 0.2677055555555556, 0, 1.0, 0, 1]",7.653428661895234e-10
0.26783999999999997,1,0.00017856514017292125,-4.1826954762916945e-07,9.700062441609737e-13,1,"[0, 0, 0.26783999999999997, 0, 1.0, 0, 1]",7.641997673935439e-10
0.268,1,0.0001783338131838225,-4.1744128794478306e-07,9.665959724419977e-13,1,"[0, 0, 0.268, 0, 1.0, 0, 1]",7.628434092951399e-10
0.26802,1,0.00017830485384361496,-4.1733760209852564e-07,9.661704222431932e-13,1,"[0, 0, 0.26802, 0, 1.0, 0, 1]",7.626741727853859e-10
0.2682,1,0.00017804378340919086,-4.164028905621417e-07,9.6234780811567e-13,1,"[0, 0, 0.2682, 0, 1.0, 0, 1]",7.611541354715152e-10
0.26829444444444445,1,0.00017790648681009557,-4.159113444803456e-07,9.603473985130541e-13,1,"[0, 0, 0.26829444444444445, 0, 1.0, 0, 1]",7.603588158852696e-10
0.26837999999999995,1,0.0001777819242306849,-4.1546539926160765e-07,9.585384015066121e-13,1,"[0, 0, 0.26837999999999995, 0, 1.0, 0, 1]",7.596396791049268e-10
0.26855999999999997,1,0.00017751927161083412,-4.1452511426937686e-07,9.547422016204352e-13,1,"[0, 0, 0.26855999999999997, 0, 1.0, 0, 1]",7.581308274001357e-10
0.26858888888888893,1,0.0001774770432784453,-4.143739432237371e-07,9.541341647805455e-13,1,"[0, 0, 0.26858888888888893, 0, 1.0, 0, 1]",7.578891895491602e-10
0.26874,1,0.0001772558207931244,-4.135820214860769e-07,9.50959207131348e-13,1,"[0, 0, 0.26874, 0, 1.0, 0, 1]",7.566276041341922e-10
0.26888333333333336,1,0.00017704546180906096,-4.1282902257641516e-07,9.479562658025176e-13,1,"[0, 0, 0.26888333333333336, 0, 1.0, 0, 1]",7.554346343204374e-10
0.26892,1,0.00017699156696082284,-4.1263610663778296e-07,9.47189416176862e-13,1,"[0, 0, 0.26892, 0, 1.0, 0, 1]",7.551300331478081e-10
0.2691,1,0.00017672650523598338,-4.1168735527321057e-07,9.434328263510975e-13,1,"[0, 0, 0.2691, 0, 1.0, 0, 1]",7.53638138346417e-10
0.2691777777777778,1,0.00017661172118976982,-4.112765196866561e-07,9.418136922861721e-13,1,"[0, 0, 0.2691777777777778, 0, 1.0, 0, 1]",7.529952546896557e-10
0.26927999999999996,1,0.0001764606306784341,-4.107357527608607e-07,9.396894346979637e-13,1,"[0, 0, 0.26927999999999996, 0, 1.0, 0, 1]",7.52151943701259e-10
0.26946,1,0.00017619393828474257,-4.0978128428610397e-07,9.35959237704196e-13,1,"[0, 0, 0.26946, 0, 1.0, 0, 1]",7.506714732505249e-10
0.2694722222222222,1,0.00017617579976429967,-4.0971637041645545e-07,9.357064310088704e-13,1,"[0, 0, 0.2694722222222222, 0, 1.0, 0, 1]",7.505711556170756e-10
0.26964,1,0.00017592642298715845,-4.0882393484820144e-07,9.322422312922124e-13,1,"[0, 0, 0.26964, 0, 1.0, 0, 1]",7.491967511004778e-10
0.2697666666666667,1,0.00017573767542012443,-4.081485093072725e-07,9.296344647362453e-13,1,"[0, 0, 0.2697666666666667, 0, 1.0, 0, 1]",7.481624425458065e-10
0.26982,1,0.00017565807965253056,-4.078636892572506e-07,9.285384108128467e-13,1,"[0, 0, 0.26982, 0, 1.0, 0, 1]",7.477278014266028e-10
0.27,1,0.00017538890308120434,-4.069005321310849e-07,9.248477710378586e-13,1,"[0, 0, 0.27, 0, 1.0, 0, 1]",7.462646484747767e-10
0.27006111111111114,1,0.00017529732557586345,-4.0657286954452243e-07,9.23597772137246e-13,1,"[0, 0, 0.27006111111111114, 0, 1.0, 0, 1]",7.457692214151735e-10
0.27018,1,0.0001751188880058904,-4.059344478920843e-07,9.211703061523218e-13,1,"[0, 0, 0.27018, 0, 1.0, 0, 1]",7.448073165624372e-10
0.27035555555555557,1,0.00017485472716822942,-4.0498938292082504e-07,9.175963276959807e-13,1,"[0, 0, 0.27035555555555557, 0, 1.0, 0, 1]",7.433915986744769e-10
0.27036,1,0.0001748480290905099,-4.049654207639251e-07,9.175060097468274e-13,1,"[0, 0, 0.27036, 0, 1.0, 0, 1]",7.433558300797982e-10
0.27054,1,0.00017457632092901537,-4.039934347682647e-07,9.138548748094704e-13,1,"[0, 0, 0.27054, 0, 1.0, 0, 1]",7.419102134910565e-10
0.27065,1,0.00017440985663849394,-4.0339797979790525e-07,9.116301016202827e-13,1,"[0, 0, 0.27065, 0, 1.0, 0, 1]",7.410296812970478e-10
0.27071999999999996,1,0.00017430375804418312,-4.0301847372134224e-07,9.102168937177232e-13,1,"[0, 0, 0.27071999999999996, 0, 1.0, 0, 1]",7.404704913356369e-10
0.2709,1,0.0001740303348863773,-4.0204052123050144e-07,9.065920582300558e-13,1,"[0, 0, 0.2709, 0, 1.0, 0, 1]",7.390366882294277e-10
0.2709444444444445,1,0.00017396268991845277,-4.017985890671051e-07,9.056990597467688e-13,1,"[0, 0, 0.2709444444444445, 0, 1.0, 0, 1]",7.38683576794618e-10
0.27108,1,0.0001737560458322883,-4.0105956069064463e-07,9.029803594773779e-13,1,"[0, 0, 0.27108, 0, 1.0, 0, 1]",7.376088288660692e-10
0.2712388888888889,1,0.0001735132024158684,-4.0019113810844535e-07,8.99803163442261e-13,1,"[0, 0, 0.2712388888888889, 0, 1.0, 0, 1]",7.363533932320811e-10
0.27126,1,0.00017348088518364313,-4.00075575280609e-07,8.993817879543172e-13,1,"[0, 0, 0.27126, 0, 1.0, 0, 1]",7.361869380182458e-10
0.27144,1,0.0001732048471658819,-3.9908854795944553e-07,8.957963335102359e-13,1,"[0, 0, 0.27144, 0, 1.0, 0, 1]",7.347710405389835e-10
0.27153333333333335,1,0.00017306136899936854,-3.985755527481769e-07,8.939423695014985e-13,1,"[0, 0, 0.27153333333333335, 0, 1.0, 0, 1]",7.340392392426161e-10
0.27162,1,0.00017292792592680877,-3.980984614626303e-07,8.922239853400992e-13,1,"[0, 0, 0.27162, 0, 1.0, 0, 1]",7.333611613629941e-10
0.2718,1,0.00017265011553520567,-3.971052982981697e-07,8.886647319750279e-13,1,"[0, 0, 0.2718, 0, 1.0, 0, 1]",7.319573255080171e-10
0.2718277777777778,1,0.0001726071639827682,-3.9695175721473215e-07,8.881166300407907e-13,1,"[0, 0, 0.2718277777777778, 0, 1.0, 0, 1]",7.31741224043142e-10
0.27198,1,0.00017237140997942256,-3.9610904074264543e-07,8.851185612727852e-13,1,"[0, 0, 0.27198, 0, 1.0, 0, 1]",7.305595580762084e-10
0.27212222222222227,1,0.00017215056110879843,-3.9531967409303233e-07,8.823258923876212e-13,1,"[0, 0, 0.27212222222222227, 0, 1.0, 0, 1]",7.294594574502631e-10
0.27215999999999996,1,0.0001720918031659253,-3.9510967083713607e-07,8.815854604078687e-13,1,"[0, 0, 0.27215999999999996, 0, 1.0, 0, 1]",7.291678842555187e-10
0.27233999999999997,1,0.00017181128891781397,-3.9410717038305935e-07,8.780654158614733e-13,1,"[0, 0, 0.27233999999999997, 0, 1.0, 0, 1]",7.277823293211072e-10
0.2724166666666667,1,0.00017169153353220474,-3.9367922427704484e-07,8.765700989658871e-13,1,"[0, 0, 0.2724166666666667, 0, 1.0, 0, 1]",7.271940498965138e-10
0.27252,1,0.00017152986097330759,-3.931015209379236e-07,8.745584134111776e-13,1,"[0, 0, 0.27252, 0, 1.0, 0, 1]",7.264029186368048e-10
0.2727,1,0.00017124751298419207,-3.92092703810977e-07,8.710644381203978e-13,1,"[0, 0, 0.2727, 0, 1.0, 0, 1]",7.250296776565689e-10
0.2727111111111111,1,0.00017123005380219233,-3.920303269205348e-07,8.708491871766075e-13,1,"[0, 0, 0.2727111111111111, 0, 1.0, 0, 1]",7.24945112447103e-10
0.27288,1,0.00017096423851422428,-3.910807000587265e-07,8.675834743275468e-13,1,"[0, 0, 0.27288, 0, 1.0, 0, 1]",7.236626319259386e-10
0.27300555555555556,1,0.00017076609384418634,-3.903728993859197e-07,8.651630892739204e-13,1,"[0, 0, 0.27300555555555556, 0, 1.0, 0, 1]",7.227127568170882e-10
0.27305999999999997,1,0.0001706800310375102,-3.9006549048040093e-07,8.641155056349748e-13,1,"[0, 0, 0.27305999999999997, 0, 1.0, 0, 1]",7.22301807083591e-10
0.27324,1,0.00017039488393683343,-3.89047055613263e-07,8.606605148976117e-13,1,"[0, 0, 0.27324, 0, 1.0, 0, 1]",7.209472288628454e-10
0.27330000000000004,1,0.00017029962494086645,-3.887068571911105e-07,8.595117322360872e-13,1,"[0, 0, 0.27330000000000004, 0, 1.0, 0, 1]",7.204970953889587e-10
0.27342,1,0.00017010879050194727,-3.880253757278256e-07,8.572184842113478e-13,1,"[0, 0, 0.27342, 0, 1.0, 0, 1]",7.19598923093237e-10
0.2735944444444445,1,0.0001698306177124549,-3.8703211395429493e-07,8.538950376313422e-13,1,"[0, 0, 0.2735944444444445, 0, 1.0, 0, 1]",7.182982412307888e-10
0.27359999999999995,1,0.00016982174392782831,-3.8700043082296613e-07,8.537893949011357e-13,1,"[0, 0, 0.27359999999999995, 0, 1.0, 0, 1]",7.182569157021084e-10
0.27377999999999997,1,0.00016953373731287837,-3.859722006208877e-07,8.503732275087342e-13,1,"[0, 0, 0.27377999999999997, 0, 1.0, 0, 1]",7.169212327162067e-10
0.2738888888888889,1,0.00016935904209620725,-3.853485813365103e-07,8.483129214782455e-13,1,"[0, 0, 0.2738888888888889, 0, 1.0, 0, 1]",7.161163081147959e-10
0.27396,1,0.00016924476365709324,-3.8494066456200004e-07,8.469699617802551e-13,1,"[0, 0, 0.27396, 0, 1.0, 0, 1]",7.155919002633447e-10
0.27414,1,0.0001689548158601767,-3.839058017996406e-07,8.43579576653289e-13,1,"[0, 0, 0.27414, 0, 1.0, 0, 1]",7.142689445740566e-10
0.27418333333333333,1,0.0001688848673250773,-3.836561689819391e-07,8.427652941003489e-13,1,"[0, 0, 0.27418333333333333, 0, 1.0, 0, 1]",7.139514105364708e-10
0.27432,1,0.00016866388671961177,-3.828675911946808e-07,8.402020502437816e-13,1,"[0, 0, 0.27432, 0, 1.0, 0, 1]",7.129523919832939e-10
0.2744777777777778,1,0.00016840806190550778,-3.819547844557845e-07,8.372520599748755e-13,1,"[0, 0, 0.2744777777777778, 0, 1.0, 0, 1]",7.11803663734216e-10
0.27449999999999997,1,0.00016837196892868642,-3.818260113100096e-07,8.36837359832563e-13,1,"[0, 0, 0.27449999999999997, 0, 1.0, 0, 1]",7.116422689321746e-10
0.27468,1,0.0001680790550744606,-3.8078104040484603e-07,8.334854818514984e-13,1,"[0, 0, 0.27468, 0, 1.0, 0, 1]",7.103386019696968e-10
0.27477222222222225,1,0.00016792859359430977,-3.802443331796347e-07,8.317731175751141e-13,1,"[0, 0, 0.27477222222222225, 0, 1.0, 0, 1]",7.096731837095731e-10
0.27486,1,0.00016778513763569537,-3.797326564289622e-07,8.301463918693388e-13,1,"[0, 0, 0.27486, 0, 1.0, 0, 1]",7.090414177545888e-10
0.27503999999999995,1,0.0001674902089807146,-3.7868083701670277e-07,8.268200645771672e-13,1,"[0, 0, 0.27503999999999995, 0, 1.0, 0, 1]",7.07750743057074e-10
0.2750666666666667,1,0.0001674464293745776,-3.785247183641631e-07,8.263283592061628e-13,1,"[0, 0, 0.2750666666666667, 0, 1.0, 0, 1]",7.075600872479843e-10
0.27521999999999996,1,0.00016719426136522312,-3.776255594808975e-07,8.235064737735012e-13,1,"[0, 0, 0.27521999999999996, 0, 1.0, 0, 1]",7.064666047607517e-10
0.2753611111111111,1,0.00016696153543059865,-3.767958409390584e-07,8.209176708338111e-13,1,"[0, 0, 0.2753611111111111, 0, 1.0, 0, 1]",7.054644919402225e-10
0.2754,1,0.00016689728693006293,-3.7656680080659684e-07,8.202055923489882e-13,1,"[0, 0, 0.2754, 0, 1.0, 0, 1]",7.051890298644769e-10
0.27558,1,0.00016659927769891442,-3.755045376446594e-07,8.169173922707034e-13,1,"[0, 0, 0.27558, 0, 1.0, 0, 1]",7.039180454842763e-10
0.2756555555555556,1,0.00016647387712169533,-3.750575994800064e-07,8.155409319060789e-13,1,"[0, 0, 0.2756555555555556, 0, 1.0, 0, 1]",7.033865162043914e-10
0.27576,1,0.00016630022557593524,-3.7443874630516396e-07,8.136418445660563e-13,1,"[0, 0, 0.27576, 0, 1.0, 0, 1]",7.026536788553199e-10
0.27593999999999996,1,0.00016600012234333956,-3.7336940275066025e-07,8.103789193062604e-13,1,"[0, 0, 0.27593999999999996, 0, 1.0, 0, 1]",7.013959573338855e-10
0.27595000000000003,1,0.00016598341895495677,-3.733098901326195e-07,8.101980151671057e-13,1,"[0, 0, 0.27595000000000003, 0, 1.0, 0, 1]",7.013262793086256e-10
0.27612,1,0.00016569895965891254,-3.722964825892411e-07,8.071285855893521e-13,1,"[0, 0, 0.27612, 0, 1.0, 0, 1]",7.001449083994098e-10
0.27624444444444446,1,0.0001654901245567903,-3.7155260653311035e-07,8.048887864629626e-13,1,"[0, 0, 0.27624444444444446, 0, 1.0, 0, 1]",6.992839013944426e-10
0.2763,1,0.00016539672905345842,-3.7121996106742893e-07,8.038908115227925e-13,1,"[0, 0, 0.2763, 0, 1.0, 0, 1]",6.989005596565461e-10
0.27648,1,0.0001650934219281833,-3.7013981306288824e-07,8.006655642055696e-13,1,"[0, 0, 0.27648, 0, 1.0, 0, 1]",6.976629388372667e-10
0.2765388888888889,1,0.00016499395664323975,-3.697856397255746e-07,7.996131045390391e-13,1,"[0, 0, 0.2765388888888889, 0, 1.0, 0, 1]",6.972595035008525e-10
0.27666,1,0.00016478902955200368,-3.6905601307692657e-07,7.974528097098423e-13,1,"[0, 0, 0.27666, 0, 1.0, 0, 1]",6.964320738030036e-10
0.2768333333333334,1,0.00016449487698899415,-3.68008878075666e-07,7.943708208283982e-13,1,"[0, 0, 0.2768333333333334, 0, 1.0, 0, 1]",6.952532075891665e-10
0.27684,1,0.00016448354305878844,-3.6796853522682114e-07,7.942525130620862e-13,1,"[0, 0, 0.27684, 0, 1.0, 0, 1]",6.952079925468532e-10
0.27702,1,0.00016417695344451858,-3.668773532379097e-07,7.910646382237082e-13,1,"[0, 0, 0.27702, 0, 1.0, 0, 1]",6.939907231957849e-10
0.2771277777777778,1,0.00016399284639503193,-3.6622220718052884e-07,7.891617792307983e-13,1,"[0, 0, 0.2771277777777778, 0, 1.0, 0, 1]",6.932651365686161e-10
0.2772,1,0.00016386925156437784,-3.657824404355006e-07,7.878891480711708e-13,1,"[0, 0, 0.2772, 0, 1.0, 0, 1]",6.927802940129129e-10
0.27737999999999996,1,0.0001635604281297569,-3.646837697365395e-07,7.84726004375521e-13,1,"[0, 0, 0.27737999999999996, 0, 1.0, 0, 1]",6.91576733399821e-10
0.27742222222222224,1,0.00016348782465480728,-3.6442550977471227e-07,7.839858158817649e-13,1,"[0, 0, 0.27742222222222224, 0, 1.0, 0, 1]",6.912954143227664e-10
0.27756,1,0.00016325047370517807,-3.635813136410593e-07,7.815751677813879e-13,1,"[0, 0, 0.27756, 0, 1.0, 0, 1]",6.90380069898923e-10
0.27771666666666667,1,0.0001629797705189146,-3.626186656319128e-07,7.788427589111864e-13,1,"[0, 0, 0.27771666666666667, 0, 1.0, 0, 1]",6.893441657367849e-10
0.27774,1,0.00016293937870513476,-3.624750442233968e-07,7.784365977853937e-13,1,"[0, 0, 0.27774, 0, 1.0, 0, 1]",6.891903321958479e-10
0.27792,1,0.00016262713339084195,-3.6136493312316495e-07,7.753102527139444e-13,1,"[0, 0, 0.27792, 0, 1.0, 0, 1]",6.880075491219263e-10
0.27801111111111115,1,0.00016246864165813616,-3.60801551462273e-07,7.737324281908722e-13,1,"[0, 0, 0.27801111111111115, 0, 1.0, 0, 1]",6.874115167255807e-10
0.2781,1,0.00016231372786689667,-3.6025095153597865e-07,7.721960897004132e-13,1,"[0, 0, 0.2781, 0, 1.0, 0, 1]",6.868317496566745e-10
0.27827999999999997,1,0.00016199915207784296,-3.591330702039169e-07,7.690940646616809e-13,1,"[0, 0, 0.27827999999999997, 0, 1.0, 0, 1]",6.856629629303517e-10
0.2783055555555556,1,0.000161954394624791,-3.589740408050228e-07,7.686546350704871e-13,1,"[0, 0, 0.2783055555555556, 0, 1.0, 0, 1]",6.854975942629084e-10
0.27846,1,0.00016168339580463972,-3.580112594057207e-07,7.660041322739857e-13,1,"[0, 0, 0.27846, 0, 1.0, 0, 1]",6.845012182265797e-10
0.2786,1,0.0001614369848122796,-3.5713600391616925e-07,7.636091821011151e-13,1,"[0, 0, 0.2786, 0, 1.0, 0, 1]",6.836025264113769e-10
0.27864,1,0.00016136644866102757,-3.56885488946712e-07,7.629262459481221e-13,1,"[0, 0, 0.27864, 0, 1.0, 0, 1]",6.833465449849812e-10
0.27881999999999996,1,0.00016104830008979094,-3.557557281484281e-07,7.598603578038583e-13,1,"[0, 0, 0.27881999999999996, 0, 1.0, 0, 1]",6.821989728039174e-10
0.27889444444444444,1,0.00016091636641272724,-3.5528730765097566e-07,7.585958627458456e-13,1,"[0, 0, 0.27889444444444444, 0, 1.0, 0, 1]",6.817264423535457e-10
0.27899999999999997,1,0.00016072893935891342,-3.54621945837962e-07,7.568064186437065e-13,1,"[0, 0, 0.27899999999999997, 0, 1.0, 0, 1]",6.810585314432457e-10
0.27918,1,0.00016040835555761838,-3.534841103369883e-07,7.53764377925844e-13,1,"[0, 0, 0.27918, 0, 1.0, 0, 1]",6.799252508271561e-10
0.27918888888888893,1,0.00016039249237261705,-3.5342781534093465e-07,7.536144610765965e-13,1,"[0, 0, 0.27918888888888893, 0, 1.0, 0, 1]",6.798694724239944e-10
0.27936,1,0.00016008653759229738,-3.5234218945048446e-07,7.507341837362914e-13,1,"[0, 0, 0.27936, 0, 1.0, 0, 1]",6.787991610470561e-10
0.27948333333333336,1,0.00015986531434628723,-3.515573866648883e-07,7.486647514563469e-13,1,"[0, 0, 0.27948333333333336, 0, 1.0, 0, 1]",6.780317481425863e-10
0.27954,1,0.0001597634741823155,-3.5119615045511306e-07,7.477157827602478e-13,1,"[0, 0, 0.27954, 0, 1.0, 0, 1]",6.776802923645325e-10
0.27971999999999997,1,0.00015943915385569212,-3.500459600872623e-07,7.447091202525825e-13,1,"[0, 0, 0.27971999999999997, 0, 1.0, 0, 1]",6.765686752143517e-10
0.2797777777777778,1,0.00015933478264718048,-3.496758775140054e-07,7.437464982059793e-13,1,"[0, 0, 0.2797777777777778, 0, 1.0, 0, 1]",6.762134022488224e-10
0.2799,1,0.00015911356494465362,-3.488915845307385e-07,7.417141400074406e-13,1,"[0, 0, 0.2799, 0, 1.0, 0, 1]",6.754643402075569e-10
0.2800722222222222,1,0.00015880084619669237,-3.477831398501798e-07,7.388594552547384e-13,1,"[0, 0, 0.2800722222222222, 0, 1.0, 0, 1]",6.744145687374492e-10
0.28008,1,0.00015878669558105465,-3.4773298940410046e-07,7.387307843269502e-13,1,"[0, 0, 0.28008, 0, 1.0, 0, 1]",6.743673181346011e-10
0.28025999999999995,1,0.00015845853369165613,-3.465701397475987e-07,7.35758993988956e-13,1,"[0, 0, 0.28025999999999995, 0, 1.0, 0, 1]",6.73277639968569e-10
0.2803666666666667,1,0.00015826345247049492,-3.4587902155753664e-07,7.340033657734302e-13,1,"[0, 0, 0.2803666666666667, 0, 1.0, 0, 1]",6.72635382895348e-10
0.28043999999999997,1,0.0001581290669932627,-3.4540300000973345e-07,7.327987082137871e-13,1,"[0, 0, 0.28043999999999997, 0, 1.0, 0, 1]",6.721953368684569e-10
0.28062,1,0.00015779828298770918,-3.4423153403339794e-07,7.298498646300116e-13,1,"[0, 0, 0.28062, 0, 1.0, 0, 1]",6.711204401825562e-10
0.28066111111111114,1,0.00015772254744216382,-3.439633662865646e-07,7.291779617892079e-13,1,"[0, 0, 0.28066111111111114, 0, 1.0, 0, 1]",6.70875981339707e-10
0.2808,1,0.00015746616895669538,-3.430557050416125e-07,7.269123992391218e-13,1,"[0, 0, 0.2808, 0, 1.0, 0, 1]",6.70052981451868e-10
0.28095555555555557,1,0.00015717807552395472,-3.420360132904683e-07,7.243829637808438e-13,1,"[0, 0, 0.28095555555555557, 0, 1.0, 0, 1]",6.691365020576657e-10
0.28098,1,0.00015713271195645553,-3.4187547562279996e-07,7.239862463791323e-13,1,"[0, 0, 0.28098, 0, 1.0, 0, 1]",6.689929924136114e-10
0.28115999999999997,1,0.00015679789881226544,-3.4069080771562646e-07,7.210713386870206e-13,1,"[0, 0, 0.28115999999999997, 0, 1.0, 0, 1]",6.679405050048445e-10
0.28125,1,0.0001566299795045433,-3.4009679725322787e-07,7.196180802533435e-13,1,"[0, 0, 0.28125, 0, 1.0, 0, 1]",6.674170844473882e-10
0.28134,1,0.00015646171611277272,-3.3950166259335186e-07,7.181676070600105e-13,1,"[0, 0, 0.28134, 0, 1.0, 0, 1]",6.668955513661178e-10
0.28152,1,0.0001561241502041526,-3.3830800084771323e-07,7.152749806156267e-13,1,"[0, 0, 0.28152, 0, 1.0, 0, 1]",6.658581638452406e-10
0.2815444444444445,1,0.0001560782004835431,-3.381455481088744e-07,7.148830072904698e-13,1,"[0, 0, 0.2815444444444445, 0, 1.0, 0, 1]",6.657178693606989e-10
0.28169999999999995,1,0.00015578518718406913,-3.371097823722687e-07,7.123933866504398e-13,1,"[0, 0, 0.28169999999999995, 0, 1.0, 0, 1]",6.648283750011497e-10
0.2818388888888889,1,0.00015552267780259634,-3.361820908514227e-07,7.10177428083923e-13,1,"[0, 0, 0.2818388888888889, 0, 1.0, 0, 1]",6.640389991473172e-10
0.28187999999999996,1,0.00015544481289545003,-3.3590696634524184e-07,7.095227505975269e-13,1,"[0, 0, 0.28187999999999996, 0, 1.0, 0, 1]",6.638062176078066e-10
0.28206,1,0.00015510301292005505,-3.3469951121179855e-07,7.066629959825403e-13,1,"[0, 0, 0.28206, 0, 1.0, 0, 1]",6.627917246582831e-10
0.28213333333333335,1,0.00015496334897280482,-3.342062453348242e-07,7.0550101243753e-13,1,"[0, 0, 0.28213333333333335, 0, 1.0, 0, 1]",6.623806177008525e-10
0.28224,1,0.00015475977257183498,-3.334873746657552e-07,7.038140443783278e-13,1,"[0, 0, 0.28224, 0, 1.0, 0, 1]",6.617849293688484e-10
0.28242,1,0.00015441507689007623,-3.32270513630706e-07,7.009758153580982e-13,1,"[0, 0, 0.28242, 0, 1.0, 0, 1]",6.607858651832253e-10
0.2824277777777778,1,0.00015440014959828375,-3.322178260623729e-07,7.008534162449465e-13,1,"[0, 0, 0.2824277777777778, 0, 1.0, 0, 1]",6.607428705065407e-10
0.28259999999999996,1,0.00015406891063231206,-3.310488842405098e-07,6.981482264470022e-13,1,"[0, 0, 0.28259999999999996, 0, 1.0, 0, 1]",6.597945657769077e-10
0.28272222222222226,1,0.00015383301329556162,-3.3021664196479927e-07,6.9623428093901e-13,1,"[0, 0, 0.28272222222222226, 0, 1.0, 0, 1]",6.591259046909126e-10
0.28278,1,0.00015372125826700525,-3.298224418191631e-07,6.9533119307213e-13,1,"[0, 0, 0.28278, 0, 1.0, 0, 1]",6.588110650616045e-10
0.28296,1,0.0001533721039659764,-3.2859114085997186e-07,6.925246285108104e-13,1,"[0, 0, 0.28296, 0, 1.0, 0, 1]",6.578353971897826e-10
0.2830166666666667,1,0.00015326187160855968,-3.282024961663405e-07,6.916432329109408e-13,1,"[0, 0, 0.2830166666666667, 0, 1.0, 0, 1]",6.575298690734274e-10
0.28314,1,0.00015302143159658517,-3.273549350040624e-07,6.897284438371737e-13,1,"[0, 0, 0.28314, 0, 1.0, 0, 1]",6.568675965593254e-10
0.2833111111111111,1,0.00015268665391885398,-3.2617518573799146e-07,6.870798828973319e-13,1,"[0, 0, 0.2833111111111111, 0, 1.0, 0, 1]",6.559549142202388e-10
0.28332,1,0.00015266922471363848,-3.261137770181423e-07,6.869425478669057e-13,1,"[0, 0, 0.28332, 0, 1.0, 0, 1]",6.559076978183233e-10
0.2835,1,0.0001523154665510235,-3.248676187715184e-07,6.841668471000685e-13,1,"[0, 0, 0.2835, 0, 1.0, 0, 1]",6.549557358699596e-10
0.28360555555555556,1,0.00015210728735088415,-3.241345014370189e-07,6.825438253326516e-13,1,"[0, 0, 0.28360555555555556, 0, 1.0, 0, 1]",6.544011925001334e-10
0.28368,1,0.0001519601400130507,-3.236164112123247e-07,6.81401245662003e-13,1,"[0, 0, 0.28368, 0, 1.0, 0, 1]",6.540117458775217e-10
0.28386,1,0.00015160322766549788,-3.223601043429436e-07,6.786456452421311e-13,1,"[0, 0, 0.28386, 0, 1.0, 0, 1]",6.53075763269582e-10
0.28390000000000004,1,0.00015152369667177903,-3.2208022743186696e-07,6.780346376650314e-13,1,"[0, 0, 0.28390000000000004, 0, 1.0, 0, 1]",6.52868858142838e-10
0.28403999999999996,1,0.00015124471172633412,-3.210986471945522e-07,6.758999450306171e-13,1,"[0, 0, 0.28403999999999996, 0, 1.0, 0, 1]",6.521478237452541e-10
0.28419444444444447,1,0.00015093580418540332,-3.200121410113765e-07,6.735518796325705e-13,1,"[0, 0, 0.28419444444444447, 0, 1.0, 0, 1]",6.513580672997996e-10
0.28422,1,0.0001508845740561222,-3.1983198780080325e-07,6.731640416528137e-13,1,"[0, 0, 0.28422, 0, 1.0, 0, 1]",6.512279632796301e-10
0.2844,1,0.000150522796148073,-3.1856007317055804e-07,6.704378291013348e-13,1,"[0, 0, 0.2844, 0, 1.0, 0, 1]",6.503162181293459e-10
0.2844888888888889,1,0.00015034352962022403,-3.17930012277242e-07,6.690950924975365e-13,1,"[0, 0, 0.2844888888888889, 0, 1.0, 0, 1]",6.498689781075335e-10
0.28458,1,0.0001501593591177459,-3.1728284925966055e-07,6.677211986657405e-13,1,"[0, 0, 0.28458, 0, 1.0, 0, 1]",6.494126248382839e-10
0.28476,1,0.00014979424369237728,-3.1600026094170986e-07,6.650140388596193e-13,1,"[0, 0, 0.28476, 0, 1.0, 0, 1]",6.485172202434382e-10
0.28478333333333333,1,0.00014974679001054873,-3.158336038185047e-07,6.646637982352731e-13,1,"[0, 0, 0.28478333333333333, 0, 1.0, 0, 1]",6.484017507537622e-10
0.28493999999999997,1,0.00014942743019981465,-3.1471225197775544e-07,6.623162353450566e-13,1,"[0, 0, 0.28493999999999997, 0, 1.0, 0, 1]",6.476300414809659e-10
0.2850777777777778,1,0.0001491454995706611,-3.137226703668101e-07,6.602574986746693e-13,1,"[0, 0, 0.2850777777777778, 0, 1.0, 0, 1]",6.469565475464729e-10
0.28512,1,0.00014905889855704982,-3.1341876498491607e-07,6.596276708543093e-13,1,"[0, 0, 0.28512, 0, 1.0, 0, 1]",6.467511259923376e-10
0.2853,1,0.00014868862825832008,-3.121197414038223e-07,6.569482251085644e-13,1,"[0, 0, 0.2853, 0, 1.0, 0, 1]",6.458805115307145e-10
0.28537222222222225,1,0.0001485395695613113,-3.1159695843095966e-07,6.558756745864636e-13,1,"[0, 0, 0.28537222222222225, 0, 1.0, 0, 1]",6.455335329860312e-10
0.28547999999999996,1,0.0001483165983627708,-3.1081512146487874e-07,6.542777747336921e-13,1,"[0, 0, 0.28547999999999996, 0, 1.0, 0, 1]",6.45018236167474e-10
0.28565999999999997,1,0.00014794278748164977,-3.0950484415325807e-07,6.516161931728e-13,1,"[0, 0, 0.28565999999999997, 0, 1.0, 0, 1]",6.44164338298946e-10
0.2856666666666667,1,0.0001479289081480103,-3.0945620590929814e-07,6.515177847155767e-13,1,"[0, 0, 0.2856666666666667, 0, 1.0, 0, 1]",6.441328738405964e-10
0.28584,1,0.00014756717376501375,-3.0818884717257477e-07,6.489633505954707e-13,1,"[0, 0, 0.28584, 0, 1.0, 0, 1]",6.43318856653289e-10
0.2859611111111111,1,0.00014731342025049035,-3.0730014167820783e-07,6.471832647532141e-13,1,"[0, 0, 0.2859611111111111, 0, 1.0, 0, 1]",6.427547392249889e-10
0.28602,1,0.00014718973488792855,-3.0686706690719435e-07,6.463191138035259e-13,1,"[0, 0, 0.28602, 0, 1.0, 0, 1]",6.424818302976073e-10
0.2862,1,0.00014681044803613376,-3.0553943838309436e-07,6.43683346133149e-13,1,"[0, 0, 0.2862, 0, 1.0, 0, 1]",6.416532986452634e-10
0.2862555555555556,1,0.00014669300738266326,-3.051284851549321e-07,6.428715262440685e-13,1,"[0, 0, 0.2862555555555556, 0, 1.0, 0, 1]",6.413993006832517e-10
0.28637999999999997,1,0.00014642928989114907,-3.0420589522721795e-07,6.410559073532012e-13,1,"[0, 0, 0.28637999999999997, 0, 1.0, 0, 1]",6.408333014633768e-10
0.28655,1,0.00014606756748232862,-3.02940945832717e-07,6.385819554235735e-13,1,"[0, 0, 0.28655, 0, 1.0, 0, 1]",6.400667322751023e-10
0.28656,1,0.0001460462366147964,-3.0286636962525343e-07,6.384366535595213e-13,1,"[0, 0, 0.28656, 0, 1.0, 0, 1]",6.400218788805737e-10
0.28674,1,0.00014566126383310613,-3.015207922777485e-07,6.358254370650641e-13,1,"[0, 0, 0.28674, 0, 1.0, 0, 1]",6.392190713949354e-10
0.28684444444444446,1,0.00014543699472982624,-3.007372227861165e-07,6.343139119796987e-13,1,"[0, 0, 0.28684444444444446, 0, 1.0, 0, 1]",6.387572106665559e-10
0.28691999999999995,1,0.0001452743466195819,-3.0016909235449854e-07,6.332221062856243e-13,1,"[0, 0, 0.28691999999999995, 0, 1.0, 0, 1]",6.384249198822264e-10
0.28709999999999997,1,0.00014488545947779016,-2.988111974471151e-07,6.306265056209533e-13,1,"[0, 0, 0.28709999999999997, 0, 1.0, 0, 1]",6.376394656043124e-10
0.2871388888888889,1,0.00014480117935474445,-2.985170041440851e-07,6.30066727733189e-13,1,"[0, 0, 0.2871388888888889, 0, 1.0, 0, 1]",6.374709152249707e-10
0.28728,1,0.0001444945763232395,-2.9744703351967646e-07,6.280384753310582e-13,1,"[0, 0, 0.28728, 0, 1.0, 0, 1]",6.36862750217871e-10
0.2874333333333334,1,0.00014416000742971486,-2.962799665282651e-07,6.25839705229653e-13,1,"[0, 0, 0.2874333333333334, 0, 1.0, 0, 1]",6.362080281187737e-10
0.28746,1,0.00014410167046451723,-2.9607652485738356e-07,6.25457851407382e-13,1,"[0, 0, 0.28746, 0, 1.0, 0, 1]",6.360948157833662e-10
0.28764,1,0.00014370671458364557,-2.9469959401311093e-07,6.228844654387054e-13,1,"[0, 0, 0.28764, 0, 1.0, 0, 1]",6.353357047743007e-10
0.2877277777777778,1,0.00014351336065022277,-2.9402577445360453e-07,6.216321162361552e-13,1,"[0, 0, 0.2877277777777778, 0, 1.0, 0, 1]",6.349687344222352e-10
0.28781999999999996,1,0.00014330968071561383,-2.93316161751743e-07,6.203181444713636e-13,1,"[0, 0, 0.28781999999999996, 0, 1.0, 0, 1]",6.345854600867026e-10
0.288,1,0.00014291054022704875,-2.919261469921892e-07,6.177587108636357e-13,1,"[0, 0, 0.288, 0, 1.0, 0, 1]",6.338441250490229e-10
0.28802222222222224,1,0.00014286111609927222,-2.917540796882137e-07,6.174432001343616e-13,1,"[0, 0, 0.28802222222222224, 0, 1.0, 0, 1]",6.337532222255643e-10
0.28818,1,0.00014250926379397934,-2.9052946674696963e-07,6.152059821338967e-13,1,"[0, 0, 0.28818, 0, 1.0, 0, 1]",6.33111743432235e-10
0.28831666666666667,1,0.00014220314599560353,-2.894645205689714e-07,6.132721622013728e-13,1,"[0, 0, 0.28831666666666667, 0, 1.0, 0, 1]",6.325616827507302e-10
0.28835999999999995,1,0.00014210582137863986,-2.8912603605920825e-07,6.126597708022412e-13,1,"[0, 0, 0.28835999999999995, 0, 1.0, 0, 1]",6.323883594603055e-10
0.28853999999999996,1,0.00014170018220527184,-2.87715767936943e-07,6.101198842252345e-13,1,"[0, 0, 0.28853999999999996, 0, 1.0, 0, 1]",6.316740178210242e-10
0.28861111111111115,1,0.00014153931742405467,-2.871567212691337e-07,6.091181717685631e-13,1,"[0, 0, 0.28861111111111115, 0, 1.0, 0, 1]",6.313943104733709e-10
0.28872,1,0.00014129231473486564,-2.8629857328458616e-07,6.075861244234398e-13,1,"[0, 0, 0.28872, 0, 1.0, 0, 1]",6.309687636771464e-10
0.2889,1,0.0001408821866387827,-2.848743608313788e-07,6.050582879012877e-13,1,"[0, 0, 0.2889, 0, 1.0, 0, 1]",6.302726426779181e-10
0.2889055555555556,1,0.00014086949204649947,-2.8483029101376925e-07,6.049803602476921e-13,1,"[0, 0, 0.2889055555555556, 0, 1.0, 0, 1]",6.302513032512499e-10
0.28908,1,0.00014046976477120296,-2.8344303705669515e-07,6.025361654589141e-13,1,"[0, 0, 0.28908, 0, 1.0, 0, 1]",6.295857009710078e-10
0.2892,1,0.00014019352579162543,-2.8248482323838286e-07,6.00857819012447e-13,1,"[0, 0, 0.2892, 0, 1.0, 0, 1]",6.291328624596867e-10
0.28925999999999996,1,0.0001400550151403294,-2.8200450611201264e-07,6.000195419954962e-13,1,"[0, 0, 0.28925999999999996, 0, 1.0, 0, 1]",6.289079852147978e-10
0.28944,1,0.00013963790287828103,-2.8055866973936384e-07,5.975081963036599e-13,1,"[0, 0, 0.28944, 0, 1.0, 0, 1]",6.282395425911299e-10
0.28949444444444444,1,0.0001395112685216397,-2.801198946856465e-07,5.967495971222637e-13,1,"[0, 0, 0.28949444444444444, 0, 1.0, 0, 1]",6.280391931344725e-10
0.28962,1,0.0001392183922096028,-2.79105427186087e-07,5.950019008543573e-13,1,"[0, 0, 0.28962, 0, 1.0, 0, 1]",6.275804208184806e-10
0.28978888888888893,1,0.000138822563673785,-2.7773506443460333e-07,5.926546988739311e-13,1,"[0, 0, 0.28978888888888893, 0, 1.0, 0, 1]",6.269705041228499e-10
0.2898,1,0.00013879644641831204,-2.7764467511565045e-07,5.925004215718198e-13,1,"[0, 0, 0.2898, 0, 1.0, 0, 1]",6.269306681655681e-10
0.28998,1,0.00013837202781339901,-2.7617630751434183e-07,5.900035175978799e-13,1,"[0, 0, 0.28998, 0, 1.0, 0, 1]",6.262903334654632e-10
0.29008333333333336,1,0.00013812724787430153,-2.7532987285605224e-07,5.885720811647951e-13,1,"[0, 0, 0.29008333333333336, 0, 1.0, 0, 1]",6.259270082431025e-10
0.29016,1,0.00013794509769269394,-2.747002155935857e-07,5.875109410451393e-13,1,"[0, 0, 0.29016, 0, 1.0, 0, 1]",6.25659466130215e-10
0.29034,1,0.00013751561630499947,-2.732162876876174e-07,5.850224367382729e-13,1,"[0, 0, 0.29034, 0, 1.0, 0, 1]",6.250381161659422e-10
0.2903777777777778,1,0.00013742515052221545,-2.7290384048715726e-07,5.845006506495777e-13,1,"[0, 0, 0.2903777777777778, 0, 1.0, 0, 1]",6.249089224534688e-10
0.29052,1,0.00013708354281039814,-2.71724409146283e-07,5.825377419428387e-13,1,"[0, 0, 0.29052, 0, 1.0, 0, 1]",6.244263341885428e-10
0.2906722222222222,1,0.00013671609334004066,-2.7045646681754894e-07,5.80439260670816e-13,1,"[0, 0, 0.2906722222222222, 0, 1.0, 0, 1]",6.23916468031006e-10
0.29069999999999996,1,0.00013664883523860943,-2.7022446222261993e-07,5.800565860807365e-13,1,"[0, 0, 0.29069999999999996, 0, 1.0, 0, 1]",6.238241714399128e-10
0.29087999999999997,1,0.00013621145044529333,-2.687163259549535e-07,5.775786904316332e-13,1,"[0, 0, 0.29087999999999997, 0, 1.0, 0, 1]",6.232316798048203e-10
0.2909666666666667,1,0.0001359998898881254,-2.6798722897823587e-07,5.763867079405472e-13,1,"[0, 0, 0.2909666666666667, 0, 1.0, 0, 1]",6.229498707613145e-10
0.29106,1,0.00013577134406617382,-2.6719987604317744e-07,5.751037678194172e-13,1,"[0, 0, 0.29106, 0, 1.0, 0, 1]",6.226489118283645e-10
0.29124,1,0.00013532847046883578,-2.65674984718814e-07,5.726315222827786e-13,1,"[0, 0, 0.29124, 0, 1.0, 0, 1]",6.220759207341443e-10
0.29126111111111114,1,0.00013527634503900958,-2.654955803237005e-07,5.723417289482116e-13,1,"[0, 0, 0.29126111111111114, 0, 1.0, 0, 1]",6.220093611398396e-10
0.29142,1,0.00013488278270206878,-2.6414152060853874e-07,5.701616487289459e-13,1,"[0, 0, 0.29142, 0, 1.0, 0, 1]",6.215127604430596e-10
0.29155555555555557,1,0.00013454525440770253,-2.6298094889632866e-07,5.683029960667704e-13,1,"[0, 0, 0.29155555555555557, 0, 1.0, 0, 1]",6.210951745858108e-10
0.29159999999999997,1,0.00013443423244258968,-2.625993485907108e-07,5.676938325694754e-13,1,"[0, 0, 0.29159999999999997, 0, 1.0, 0, 1]",6.209594855929044e-10
0.29178,1,0.00013398276993898162,-2.6104832964448185e-07,5.652277493369985e-13,1,"[0, 0, 0.29178, 0, 1.0, 0, 1]",6.204161515586811e-10
0.29185,1,0.0001338064037333105,-2.604427357610806e-07,5.642691133255617e-13,1,"[0, 0, 0.29185, 0, 1.0, 0, 1]",6.202075516697794e-10
0.29196,1,0.00013352834395267868,-2.594883206910421e-07,5.627630642816631e-13,1,"[0, 0, 0.29196, 0, 1.0, 0, 1]",6.198828144737394e-10
0.29213999999999996,1,0.00013307090169578482,-2.5791917442642496e-07,5.60299431945942e-13,1,"[0, 0, 0.29213999999999996, 0, 1.0, 0, 1]",6.193595312517617e-10
0.2921444444444445,1,0.00013305956820684848,-2.578803131967228e-07,5.602386118144576e-13,1,"[0, 0, 0.2921444444444445, 0, 1.0, 0, 1]",6.193467383559511e-10
0.29231999999999997,1,0.0001326103887655378,-2.563407391453869e-07,5.578364957164155e-13,1,"[0, 0, 0.29231999999999997, 0, 1.0, 0, 1]",6.188463596096259e-10
0.2924388888888889,1,0.00013230451173944167,-2.5529302272831007e-07,5.562099446794116e-13,1,"[0, 0, 0.2924388888888889, 0, 1.0, 0, 1]",6.185129862605642e-10
0.2925,1,0.00013214674907519,-2.547528585557601e-07,5.553738873509396e-13,1,"[0, 0, 0.2925, 0, 1.0, 0, 1]",6.183433580912334e-10
0.29268,1,0.00013167992478105346,-2.5315537158259346e-07,5.529112264795783e-13,1,"[0, 0, 0.29268, 0, 1.0, 0, 1]",6.17850586092289e-10
0.29273333333333335,1,0.00013154098616434415,-2.526801729835392e-07,5.521814816642327e-13,1,"[0, 0, 0.29273333333333335, 0, 1.0, 0, 1]",6.177065529276797e-10
0.29286,1,0.00013120985620546452,-2.5154811216145886e-07,5.504481200774838e-13,1,"[0, 0, 0.29286, 0, 1.0, 0, 1]",6.173681038861691e-10
0.2930277777777778,1,0.0001307687303653516,-2.50041037353379e-07,5.481515031474934e-13,1,"[0, 0, 0.2930277777777778, 0, 1.0, 0, 1]",6.169277021240289e-10
0.29303999999999997,1,0.00013073648175537166,-2.499309090201217e-07,5.479841619077868e-13,1,"[0, 0, 0.29303999999999997, 0, 1.0, 0, 1]",6.168959726508292e-10
0.29322,1,0.0001302597378362487,-2.483035854478044e-07,5.455189319323437e-13,1,"[0, 0, 0.29322, 0, 1.0, 0, 1]",6.164342544969461e-10
0.29332222222222226,1,0.00012998746932317543,-2.473748514347262e-07,5.441181936164655e-13,1,"[0, 0, 0.29332222222222226, 0, 1.0, 0, 1]",6.161767041545188e-10
0.2934,1,0.00012977955876100652,-2.4666595905117506e-07,5.430519956882037e-13,1,"[0, 0, 0.2934, 0, 1.0, 0, 1]",6.159830124972328e-10
0.29357999999999995,1,0.00012929587665352736,-2.4501784149606803e-07,5.405829036270995e-13,1,"[0, 0, 0.29357999999999995, 0, 1.0, 0, 1]",6.1554231071706e-10
0.2936166666666667,1,0.00012919691307018385,-2.446808102297882e-07,5.40079634512033e-13,1,"[0, 0, 0.2936166666666667, 0, 1.0, 0, 1]",6.15453836200449e-10
0.29375999999999997,1,0.000128808621346453,-2.4335903823397383e-07,5.38111190415487e-13,1,"[0, 0, 0.29375999999999997, 0, 1.0, 0, 1]",6.15112214246472e-10
0.2939111111111111,1,0.00012839675554256782,-2.419580650733649e-07,5.360337963691455e-13,1,"[0, 0, 0.2939111111111111, 0, 1.0, 0, 1]",6.147593826824965e-10
0.29394,1,0.00012831772027278992,-2.416893482121417e-07,5.356363741920976e-13,1,"[0, 0, 0.29394, 0, 1.0, 0, 1]",6.14692789233634e-10
0.29412,1,0.00012782309835087237,-2.4000856356608913e-07,5.331579557798233e-13,1,"[0, 0, 0.29412, 0, 1.0, 0, 1]",6.142841029198199e-10
0.29420555555555555,1,0.00012758667331741705,-2.392057202550868e-07,5.319785301664763e-13,1,"[0, 0, 0.29420555555555555, 0, 1.0, 0, 1]",6.140936356509048e-10
0.2943,1,0.00012732467786218734,-2.3831646929321648e-07,5.306754178485316e-13,1,"[0, 0, 0.2943, 0, 1.0, 0, 1]",6.138862236760468e-10
0.29447999999999996,1,0.0001268223783215105,-2.3661284290607632e-07,5.281882240249954e-13,1,"[0, 0, 0.29447999999999996, 0, 1.0, 0, 1]",6.134992210414343e-10
0.29450000000000004,1,0.00012676632422034773,-2.3642282929883205e-07,5.279115577862691e-13,1,"[0, 0, 0.29450000000000004, 0, 1.0, 0, 1]",6.134568952055751e-10
0.29466,1,0.00012631611633875513,-2.3489745406372636e-07,5.256958179458174e-13,1,"[0, 0, 0.29466, 0, 1.0, 0, 1]",6.131231657633835e-10
0.29479444444444447,1,0.0001259353457871732,-2.3360839085593656e-07,5.238304614703349e-13,1,"[0, 0, 0.29479444444444447, 0, 1.0, 0, 1]",6.128494699490708e-10
0.29484,1,0.0001258058054718848,-2.3317006417946456e-07,5.231976222488329e-13,1,"[0, 0, 0.29484, 0, 1.0, 0, 1]",6.127581298397462e-10
0.29501999999999995,1,0.00012529135607017454,-2.314304260030658e-07,5.206930374980971e-13,1,"[0, 0, 0.29501999999999995, 0, 1.0, 0, 1]",6.124041865630293e-10
0.2950888888888889,1,0.00012509335356056608,-2.3076134416215793e-07,5.19732672140628e-13,1,"[0, 0, 0.2950888888888889, 0, 1.0, 0, 1]",6.122716774759498e-10
0.2952,1,0.00012477267510703895,-2.296782831754725e-07,5.181814410370028e-13,1,"[0, 0, 0.2952, 0, 1.0, 0, 1]",6.120614105668676e-10
0.29538,1,0.00012424966600157306,-2.2791336975370175e-07,5.156621857636476e-13,1,"[0, 0, 0.29538, 0, 1.0, 0, 1]",6.117298778747916e-10
0.29538333333333333,1,0.00012423993919965314,-2.2788056400050195e-07,5.156154564319157e-13,1,"[0, 0, 0.29538333333333333, 0, 1.0, 0, 1]",6.117238449022753e-10
0.29556,1,0.00012372222842785643,-2.2613540970347405e-07,5.131345988218798e-13,1,"[0, 0, 0.29556, 0, 1.0, 0, 1]",6.114096659515668e-10
0.2956777777777778,1,0.00012337466837695238,-2.2496485510282075e-07,5.1147590225954e-13,1,"[0, 0, 0.2956777777777778, 0, 1.0, 0, 1]",6.112063094396847e-10
0.29574,1,0.0001231902581109953,-2.2434411635688935e-07,5.105979802008972e-13,1,"[0, 0, 0.29574, 0, 1.0, 0, 1]",6.111008537571618e-10
0.29591999999999996,1,0.00012265364660875614,-2.2253919183214048e-07,5.080516012354996e-13,1,"[0, 0, 0.29591999999999996, 0, 1.0, 0, 1]",6.108035218036433e-10
0.29597222222222225,1,0.0001224970784327994,-2.2201294591196406e-07,5.073109027156452e-13,1,"[0, 0, 0.29597222222222225, 0, 1.0, 0, 1]",6.10719419018937e-10
0.2961,1,0.0001221122810775321,-2.2072032641197395e-07,5.054947029982472e-13,1,"[0, 0, 0.2961, 0, 1.0, 0, 1]",6.10517752215103e-10
0.2962666666666667,1,0.00012160667575236673,-2.1902348161313506e-07,5.031171380522399e-13,1,"[0, 0, 0.2962666666666667, 0, 1.0, 0, 1]",6.102635329686252e-10
0.29628,1,0.00012156604402126047,-2.1888719787728988e-07,5.029264945739336e-13,1,"[0, 0, 0.29628, 0, 1.0, 0, 1]",6.102436287908472e-10
0.29646,1,0.00012101481302174714,-2.170394707918384e-07,5.003461512057131e-13,1,"[0, 0, 0.29646, 0, 1.0, 0, 1]",6.099812370721898e-10
0.2965611111111111,1,0.0001207029328243213,-2.1599501632735034e-07,4.9889105546719e-13,1,"[0, 0, 0.2965611111111111, 0, 1.0, 0, 1]",6.098390227554828e-10
0.29664,1,0.00012045846044870132,-2.1517679573358725e-07,4.977528123010495e-13,1,"[0, 0, 0.29664, 0, 1.0, 0, 1]",6.097306644129173e-10
0.29682,1,0.0001198968531475904,-2.132988084678225e-07,4.951455792844295e-13,1,"[0, 0, 0.29682, 0, 1.0, 0, 1]",6.094920000538883e-10
0.2968555555555556,1,0.00011978528493281253,-2.12926004340755e-07,4.946288463581958e-13,1,"[0, 0, 0.2968555555555556, 0, 1.0, 0, 1]",6.094462727937255e-10
0.297,1,0.00011932985210321757,-2.1140512905651602e-07,4.925235132822055e-13,1,"[0, 0, 0.297, 0, 1.0, 0, 1]",6.0926533520198e-10
0.29715,1,0.00011885312642565359,-2.0981479022063722e-07,4.903264206481195e-13,1,"[0, 0, 0.29715, 0, 1.0, 0, 1]",6.090856813318789e-10
0.29718,1,0.0001187573120766835,-2.0949536089785436e-07,4.8988563262339e-13,1,"[0, 0, 0.29718, 0, 1.0, 0, 1]",6.090507631136987e-10
0.29735999999999996,1,0.00011817908121312517,-2.0756908968914042e-07,4.872309101382328e-13,1,"[0, 0, 0.29735999999999996, 0, 1.0, 0, 1]",6.08848379183908e-10
0.29744444444444446,1,0.00011790580649073619,-2.0665959764086676e-07,4.85979377709699e-13,1,"[0, 0, 0.29744444444444446, 0, 1.0, 0, 1]",6.087576614270898e-10
0.29753999999999997,1,0.00011759500061732492,-2.0562588230549775e-07,4.845582702343747e-13,1,"[0, 0, 0.29753999999999997, 0, 1.0, 0, 1]",6.086582810399886e-10
0.29772,1,0.00011700490389392263,-2.0366528558586814e-07,4.818665857278713e-13,1,"[0, 0, 0.29772, 0, 1.0, 0, 1]",6.084805686419148e-10
0.2977388888888889,1,0.00011694262435952237,-2.0345851670526802e-07,4.815829733255214e-13,1,"[0, 0, 0.2977388888888889, 0, 1.0, 0, 1]",6.084626420181325e-10
0.2979,1,0.00011640861664858108,-2.0168682501681622e-07,4.791546744036172e-13,1,"[0, 0, 0.2979, 0, 1.0, 0, 1]",6.08315344388743e-10
0.2980333333333334,1,0.00011596282384020759,-2.0020948951534164e-07,4.771320820055564e-13,1,"[0, 0, 0.2980333333333334, 0, 1.0, 0, 1]",6.082010691106229e-10
0.29808,1,0.00011580595594598323,-1.996900033034123e-07,4.764212952765625e-13,1,"[0, 0, 0.29808, 0, 1.0, 0, 1]",6.081627132320233e-10
0.29825999999999997,1,0.00011519672972005185,-1.9767429881523742e-07,4.736651445214691e-13,1,"[0, 0, 0.29825999999999997, 0, 1.0, 0, 1]",6.080227827967218e-10
0.2983277777777778,1,0.00011496558706300747,-1.9691029367657396e-07,4.726211538439438e-13,1,"[0, 0, 0.2983277777777778, 0, 1.0, 0, 1]",6.079734070899021e-10
0.29844,1,0.00011458073613113427,-1.9563916389383115e-07,4.708848510346916e-13,1,"[0, 0, 0.29844, 0, 1.0, 0, 1]",6.07895663510354e-10
0.29862,1,0.00011395776286427984,-1.9358402300637445e-07,4.680789715868813e-13,1,"[0, 0, 0.29862, 0, 1.0, 0, 1]",6.077814687410231e-10
0.29862222222222223,1,0.00011395002729500288,-1.935585233729083e-07,4.680441649214239e-13,1,"[0, 0, 0.29862222222222223, 0, 1.0, 0, 1]",6.07780140179836e-10
0.29879999999999995,1,0.00011332758636186608,-1.9150827072808752e-07,4.652459855196343e-13,1,"[0, 0, 0.29879999999999995, 0, 1.0, 0, 1]",6.076803149451277e-10
0.29891666666666666,1,0.00011291518065052538,-1.901515675576335e-07,4.633945600397493e-13,1,"[0, 0, 0.29891666666666666, 0, 1.0, 0, 1]",6.076217740692528e-10
0.29897999999999997,1,0.00011268997098298013,-1.894112695336811e-07,4.623842889329946e-13,1,"[0, 0, 0.29897999999999997, 0, 1.0, 0, 1]",6.075923218257708e-10
0.29916,1,0.00011204466808085572,-1.8729234737531942e-07,4.594921883030205e-13,1,"[0, 0, 0.29916, 0, 1.0, 0, 1]",6.075176125027035e-10
0.29921111111111115,1,0.00011185999648346837,-1.8668658470676194e-07,4.586651862966894e-13,1,"[0, 0, 0.29921111111111115, 0, 1.0, 0, 1]",6.074988377315399e-10
0.29934,1,0.00011139141498844987,-1.8515079502143053e-07,4.56567893460077e-13,1,"[0, 0, 0.29934, 0, 1.0, 0, 1]",6.074563136950582e-10
0.2995055555555556,1,0.0001107833261974593,-1.831604734508321e-07,4.538482156563202e-13,1,"[0, 0, 0.2995055555555556, 0, 1.0, 0, 1]",6.074118854680665e-10
0.29952,1,0.00011072993390076881,-1.8298586312689067e-07,4.536095098481615e-13,1,"[0, 0, 0.29952, 0, 1.0, 0, 1]",6.074085559180497e-10
0.29969999999999997,1,0.00011005993064090735,-1.807967590009019e-07,4.5061502997394053e-13,1,"[0, 0, 0.29969999999999997, 0, 1.0, 0, 1]",6.073744736951155e-10
0.2998,1,0.00010968391014524776,-1.7956983823469918e-07,4.4893505421567083e-13,1,"[0, 0, 0.2998, 0, 1.0, 0, 1]",6.073614992121187e-10
0.29988,1,0.000109381093294705,-1.7858264303354103e-07,4.4758232393979167e-13,1,"[0, 0, 0.29988, 0, 1.0, 0, 1]",6.073542057870102e-10
0.30006,1,0.00010869309069663717,-1.7634262473612716e-07,4.445091289389154e-13,1,"[0, 0, 0.30006, 0, 1.0, 0, 1]",6.073478954397001e-10
0.30009444444444444,1,0.00010856036220515422,-1.7591094893994218e-07,4.4391623528157686e-13,1,"[0, 0, 0.30009444444444444, 0, 1.0, 0, 1]",6.073482911377861e-10
0.30023999999999995,1,0.00010799557074673161,-1.740757583432618e-07,4.4139303757076457e-13,1,"[0, 0, 0.30023999999999995, 0, 1.0, 0, 1]",6.073556906530945e-10
0.3003888888888889,1,0.00010741115151354346,-1.7217969312457932e-07,4.3878129260524717e-13,1,"[0, 0, 0.3003888888888889, 0, 1.0, 0, 1]",6.073729066277469e-10
0.30041999999999996,1,0.00010728815853501214,-1.7178103791596917e-07,4.382314848117953e-13,1,"[0, 0, 0.30041999999999996, 0, 1.0, 0, 1]",6.07377744472867e-10
0.3006,1,0.00010657045424601928,-1.694573918752229e-07,4.350217334486801e-13,1,"[0, 0, 0.3006, 0, 1.0, 0, 1]",6.074142153080635e-10
0.30068333333333336,1,0.00010623458068889478,-1.6837151916651437e-07,4.335186091115906e-13,1,"[0, 0, 0.30068333333333336, 0, 1.0, 0, 1]",6.074360276661157e-10
0.30078,1,0.00010584203081122272,-1.671036768830068e-07,4.317608577476851e-13,1,"[0, 0, 0.30078, 0, 1.0, 0, 1]",6.074652672773826e-10
0.30096,1,0.0001051024312714643,-1.6471867097353113e-07,4.284457250937674e-13,1,"[0, 0, 0.30096, 0, 1.0, 0, 1]",6.075310705877117e-10
0.3009777777777778,1,0.00010502875969231967,-1.6448136810788112e-07,4.281152351147422e-13,1,"[0, 0, 0.3009777777777778, 0, 1.0, 0, 1]",6.075383767380517e-10
0.30113999999999996,1,0.00010435116580465712,-1.6230106581950963e-07,4.2507297528413485e-13,1,"[0, 0, 0.30113999999999996, 0, 1.0, 0, 1]",6.076118019487278e-10
0.3012722222222222,1,0.00010379157421269708,-1.6050359133969514e-07,4.225566681982792e-13,1,"[0, 0, 0.3012722222222222, 0, 1.0, 0, 1]",6.076807213378451e-10
0.30132,1,0.00010358770836562563,-1.5984945799709064e-07,4.216389971018932e-13,1,"[0, 0, 0.30132, 0, 1.0, 0, 1]",6.077076450282246e-10
0.3015,1,0.00010281149287474673,-1.5736233908689398e-07,4.1813990172302107e-13,1,"[0, 0, 0.3015, 0, 1.0, 0, 1]",6.078187909533557e-10
0.3015666666666667,1,0.00010252064711515225,-1.564318503718764e-07,4.1682658446702516e-13,1,"[0, 0, 0.3015666666666667, 0, 1.0, 0, 1]",6.078638792132751e-10
0.30167999999999995,1,0.00010202190887949236,-1.5483808441652524e-07,4.14571492420893e-13,1,"[0, 0, 0.30167999999999995, 0, 1.0, 0, 1]",6.079454388640412e-10
0.30186,1,0.00010121829659750839,-1.5227494021048806e-07,4.109292299227756e-13,1,"[0, 0, 0.30186, 0, 1.0, 0, 1]",6.080877965255964e-10
0.30186111111111114,1,0.00010121329100931461,-1.522589937007727e-07,4.1090650746203226e-13,1,"[0, 0, 0.30186111111111114, 0, 1.0, 0, 1]",6.080887245085444e-10
0.30204,1,0.00010039994123058976,-1.4967100886425534e-07,4.072081926358774e-13,1,"[0, 0, 0.30204, 0, 1.0, 0, 1]",6.082460810091134e-10
0.30215555555555557,1,9.986644931880736e-05,-1.4797690406301478e-07,4.0477539624355745e-13,1,"[0, 0, 0.30215555555555557, 0, 1.0, 0, 1]",6.083561950139292e-10
0.30222,1,9.956606641484548e-05,-1.4702423199794325e-07,4.03403030789485e-13,1,"[0, 0, 0.30222, 0, 1.0, 0, 1]",6.084205194494547e-10
0.3024,1,9.871582664206004e-05,-1.443323708679419e-07,3.9950791332418116e-13,1,"[0, 0, 0.3024, 0, 1.0, 0, 1]",6.086113498926117e-10
0.30245,1,9.847662227362283e-05,-1.4357630691718e-07,3.9840912733073164e-13,1,"[0, 0, 0.30245, 0, 1.0, 0, 1]",6.086673007924218e-10
0.30257999999999996,1,9.784829844882757e-05,-1.4159298361709824e-07,3.955164660855022e-13,1,"[0, 0, 0.30257999999999996, 0, 1.0, 0, 1]",6.088188222465449e-10
0.3027444444444445,1,9.703977285856986e-05,-1.3904652745907022e-07,3.917798353114271e-13,1,"[0, 0, 0.3027444444444445, 0, 1.0, 0, 1]",6.090231345388737e-10
0.30276,1,9.696247012093651e-05,-1.3880339871927072e-07,3.9142169952937183e-13,1,"[0, 0, 0.30276, 0, 1.0, 0, 1]",6.090431993521885e-10
0.30294,1,9.60572295972579e-05,-1.3596068381353814e-07,3.8721592369553346e-13,1,"[0, 0, 0.30294, 0, 1.0, 0, 1]",6.092847581949462e-10
0.3030388888888889,1,9.555120570388625e-05,-1.3437517827083232e-07,3.848550623531909e-13,1,"[0, 0, 0.3030388888888889, 0, 1.0, 0, 1]",6.094248841461655e-10
0.30312,1,9.51313501752146e-05,-1.330616089148928e-07,3.8289064761809664e-13,1,"[0, 0, 0.30312, 0, 1.0, 0, 1]",6.095437912812499e-10
0.3033,1,9.418347351207362e-05,-1.3010260271490486e-07,3.784364595713924e-13,1,"[0, 0, 0.3033, 0, 1.0, 0, 1]",6.098206082102495e-10
0.30333333333333334,1,9.400540882125854e-05,-1.2954775187594482e-07,3.7759664484908065e-13,1,"[0, 0, 0.30333333333333334, 0, 1.0, 0, 1]",6.098738481217186e-10
0.30347999999999997,1,9.321208927351936e-05,-1.2707970032434498e-07,3.73842883526917e-13,1,"[0, 0, 0.30347999999999997, 0, 1.0, 0, 1]",6.101155374775859e-10
0.3036277777777778,1,9.239584333511772e-05,-1.2454708042012584e-07,3.6995923145606893e-13,1,"[0, 0, 0.3036277777777778, 0, 1.0, 0, 1]",6.103714547428699e-10
0.30366,1,9.221551058958007e-05,-1.2398848032557377e-07,3.690982058256712e-13,1,"[0, 0, 0.30366, 0, 1.0, 0, 1]",6.104289285572857e-10
0.30384,1,9.119184421871912e-05,-1.2082398834736266e-07,3.641892642096567e-13,1,"[0, 0, 0.30384, 0, 1.0, 0, 1]",6.107611543193287e-10
0.30392222222222226,1,9.07146588322842e-05,-1.19352605644119e-07,3.618882728848662e-13,1,"[0, 0, 0.30392222222222226, 0, 1.0, 0, 1]",6.109192862026952e-10
0.30401999999999996,1,9.013895396487866e-05,-1.1758064347598204e-07,3.5910118879857696e-13,1,"[0, 0, 0.30401999999999996, 0, 1.0, 0, 1]",6.111126138556429e-10
0.30419999999999997,1,8.905441539694501e-05,-1.1425212256733957e-07,3.538170810343442e-13,1,"[0, 0, 0.30419999999999997, 0, 1.0, 0, 1]",6.114837358077276e-10
0.3042166666666667,1,8.895229967044164e-05,-1.1393937127198204e-07,3.533172356729224e-13,1,"[0, 0, 0.3042166666666667, 0, 1.0, 0, 1]",6.11519109550883e-10
0.30438,1,8.793545921999305e-05,-1.1083121576128103e-07,3.4831761157293804e-13,1,"[0, 0, 0.30438, 0, 1.0, 0, 1]",6.118749823161683e-10
0.3045111111111111,1,8.709694683917185e-05,-1.0827659759460305e-07,3.4416364300632364e-13,1,"[0, 0, 0.3045111111111111, 0, 1.0, 0, 1]",6.121729171006754e-10
0.30456,1,8.67788996419872e-05,-1.073096439686898e-07,3.4258051084861265e-13,1,"[0, 0, 0.30456, 0, 1.0, 0, 1]",6.122868537496114e-10
0.30474,1,8.558104260809401e-05,-1.036778254037357e-07,3.3657991540511497e-13,1,"[0, 0, 0.30474, 0, 1.0, 0, 1]",6.127198944224153e-10
0.30480555555555555,1,8.513370349927236e-05,-1.0232560618727844e-07,3.343232828734159e-13,1,"[0, 0, 0.30480555555555555, 0, 1.0, 0, 1]",6.128829803779704e-10
0.30491999999999997,1,8.433756657746272e-05,-9.992457271798978e-08,3.302855171912226e-13,1,"[0, 0, 0.30491999999999997, 0, 1.0, 0, 1]",6.131746995829348e-10
0.3051,1,8.304336516158262e-05,-9.603669388031025e-08,3.23661438700319e-13,1,"[0, 0, 0.3051, 0, 1.0, 0, 1]",6.136519240592149e-10
0.30528,1,8.169233568660662e-05,-9.199845678533119e-08,3.1666471867683524e-13,1,"[0, 0, 0.30528, 0, 1.0, 0, 1]",6.141522931029464e-10
0.30539444444444447,1,8.080048471643978e-05,-8.934422713680404e-08,3.119990507621979e-13,1,"[0, 0, 0.30539444444444447, 0, 1.0, 0, 1]",6.144828305375571e-10
0.30545999999999995,1,8.027708926833509e-05,-8.77908563874747e-08,3.092432314959046e-13,1,"[0, 0, 0.30545999999999995, 0, 1.0, 0, 1]",6.146766162045575e-10
0.30564,1,7.878854387599515e-05,-8.339058792463341e-08,3.013327605111345e-13,1,"[0, 0, 0.30564, 0, 1.0, 0, 1]",6.152258050120632e-10
0.3056888888888889,1,7.83701703244254e-05,-8.215854674321901e-08,2.9908973990470486e-13,1,"[0, 0, 0.3056888888888889, 0, 1.0, 0, 1]",6.153793936062419e-10
0.30582,1,7.721533745722438e-05,-7.876856896400428e-08,2.9285276752862556e-13,1,"[0, 0, 0.30582, 0, 1.0, 0, 1]",6.158008970616602e-10
0.30598333333333333,1,7.570243837050927e-05,-7.435173524669191e-08,2.8457913910048825e-13,1,"[0, 0, 0.30598333333333333, 0, 1.0, 0, 1]",6.163461555125163e-10
0.306,1,7.554295410956204e-05,-7.388774328447565e-08,2.8370007806626345e-13,1,"[0, 0, 0.306, 0, 1.0, 0, 1]",6.164030879838461e-10
0.30618,1,7.37523724144082e-05,-6.869969124929346e-08,2.7373908715180935e-13,1,"[0, 0, 0.30618, 0, 1.0, 0, 1]",6.1703377650763e-10
0.3062777777777778,1,7.272139433407944e-05,-6.573044174203904e-08,2.679266523845893e-13,1,"[0, 0, 0.3062777777777778, 0, 1.0, 0, 1]",6.173888962477914e-10
0.30635999999999997,1,7.181787528602096e-05,-6.31391503568462e-08,2.6278584268992014e-13,1,"[0, 0, 0.30635999999999997, 0, 1.0, 0, 1]",6.1769462962036e-10
0.30654,1,6.970328988666335e-05,-5.7114632030485014e-08,2.5058063077630197e-13,1,"[0, 0, 0.30654, 0, 1.0, 0, 1]",6.183876811627988e-10
0.30657222222222225,1,6.930202264458034e-05,-5.5977808183160226e-08,2.482367937989096e-13,1,"[0, 0, 0.30657222222222225, 0, 1.0, 0, 1]",6.185153294494118e-10
0.30672,1,6.73550346626158e-05,-5.049111940784907e-08,2.367370977708146e-13,1,"[0, 0, 0.30672, 0, 1.0, 0, 1]",6.191154896682971e-10
0.3068666666666667,1,6.521143088896776e-05,-4.450712350442216e-08,2.238297439071007e-13,1,"[0, 0, 0.3068666666666667, 0, 1.0, 0, 1]",6.197365085676108e-10
0.30689999999999995,1,6.468792027831822e-05,-4.305484491321465e-08,2.2063791981131568e-13,1,"[0, 0, 0.30689999999999995, 0, 1.0, 0, 1]",6.198814106985842e-10
0.30708,1,6.155176961887965e-05,-3.443078897318794e-08,2.0118834734747213e-13,1,"[0, 0, 0.30708, 0, 1.0, 0, 1]",6.206901188002605e-10
0.3071611111111111,1,5.991333572927577e-05,-2.997761959147702e-08,1.9080161988849166e-13,1,"[0, 0, 0.3071611111111111, 0, 1.0, 0, 1]",6.210702866072791e-10
0.30726,1,5.763368580460082e-05,-2.384219692649666e-08,1.760902967997688e-13,1,"[0, 0, 0.30726, 0, 1.0, 0, 1]",6.215487821562338e-10
0.30744,1,5.202479362911695e-05,-9.05095190388601e-09,1.3859738911169454e-13,1,"[0, 0, 0.30744, 0, 1.0, 0, 1]",6.224705916163429e-10
0.3074555555555556,1,5.137510977880112e-05,-7.3659764609170614e-09,1.3413460715963277e-13,1,"[0, 0, 0.3074555555555556, 0, 1.0, 0, 1]",6.225540324530008e-10
0.3076,0,3.3332501680021505e-05,3.703897755658976e-08,-6.6532493190296545e-18,1,"[0, 0, 0.3076, 0, 1.0, 0, 1]",6.233766233766243e-10
0.3076,1,3.3334995321640804e-05,3.7033159044984046e-08,1.329581530778079e-17,1,"[0, 0, 0.3076, 0, 1.0, 0, 1]",6.233766233766243e-10
0.30762,0,2.4442593003516565e-05,5.7237302555447e-08,-7.385194631744945e-14,1,"[0, 0, 0.30762, 0, 1.0, 0, 1]",6.23513113471218e-10
0.30775,0,1.6131366793074634e-05,7.51785409847079e-08,-1.484012313525576e-13,1,"[0, 0, 0.30775, 0, 1.0, 0, 1]",6.244400334183966e-10
0.30779999999999996,0,1.4439100479947639e-05,7.872752386201503e-08,-1.6433624763043407e-13,1,"[0, 0, 0.30779999999999996, 0, 1.0, 0, 1]",6.248043109862488e-10
0.30798,0,1.0043681918005985e-05,8.77927861341263e-08,-2.0709131712214537e-13,1,"[0, 0, 0.30798, 0, 1.0, 0, 1]",6.261347192934373e-10
0.30804444444444445,0,8.824185145787569e-06,9.027058424338711e-08,-2.1932991010120867e-13,1,"[0, 0, 0.30804444444444445, 0, 1.0, 0, 1]",6.266163644088726e-10
0.30816,0,6.9068209880526e-06,9.413520827386799e-08,-2.3892932658751503e-13,1,"[0, 0, 0.30816, 0, 1.0, 0, 1]",6.274852844088515e-10
0.3083388888888889,0,4.405599406326992e-06,9.912190803267047e-08,-2.6519361197744467e-13,1,"[0, 0, 0.3083388888888889, 0, 1.0, 0, 1]",6.288412681900206e-10
0.30833999999999995,0,4.391404468424039e-06,9.915003802624909e-08,-2.6534502535023054e-13,1,"[0, 0, 0.30833999999999995, 0, 1.0, 0, 1]",6.28849725639152e-10
0.30852,0,2.257338723894405e-06,1.0335807390705761e-07,-2.884265664821749e-13,1,"[0, 0, 0.30852, 0, 1.0, 0, 1]",6.302247176590163e-10
0.30863333333333337,0,1.053036744062604e-06,1.0571488588180185e-07,-3.017410339209568e-13,1,"[0, 0, 0.30863333333333337, 0, 1.0, 0, 1]",6.310948966237946e-10
0.3087,0,3.849988850679419e-07,1.0701687930029247e-07,-3.0922047922355174e-13,1,"[0, 0, 0.3087, 0, 1.0, 0, 1]",6.316081725579307e-10
0.30888,0,-1.294831481069618e-06,1.1027454904357712e-07,-3.283350274022899e-13,1,"[0, 0, 0.30888, 0, 1.0, 0, 1]",6.329986487145082e-10
0.3089277777777778,0,-1.7143534581826938e-06,1.1108458727093289e-07,-3.3317924778529517e-13,1,"[0, 0, 0.3089277777777778, 0, 1.0, 0, 1]",6.333687641093002e-10
0.30906,0,-2.826196480177648e-06,1.1322479867120912e-07,-3.461586598454057e-13,1,"[0, 0, 0.30906, 0, 1.0, 0, 1]",6.343950874839937e-10
0.30922222222222223,0,-4.104123957662111e-06,1.1567322998671132e-07,-3.6133712484052394e-13,1,"[0, 0, 0.30922222222222223, 0, 1.0, 0, 1]",6.356580382655112e-10
0.30923999999999996,0,-4.239042965820461e-06,1.1593103030417454e-07,-3.629562756795773e-13,1,"[0, 0, 0.30923999999999996, 0, 1.0, 0, 1]",6.357966768729788e-10
0.30942,0,-5.554755677000288e-06,1.1843831178387686e-07,-3.789175035636943e-13,1,"[0, 0, 0.30942, 0, 1.0, 0, 1]",6.372027734821743e-10
0.30951666666666666,0,-6.226954606726882e-06,1.1971467380138927e-07,-3.87194734269749e-13,1,"[0, 0, 0.30951666666666666, 0, 1.0, 0, 1]",6.379595732786802e-10
0.3096,0,-6.789193508597377e-06,1.207799237218207e-07,-3.941832646092863e-13,1,"[0, 0, 0.3096, 0, 1.0, 0, 1]",6.38612854436332e-10
0.30977999999999994,0,-7.954476426870078e-06,1.229811996227811e-07,-4.0886144655488824e-13,1,"[0, 0, 0.30977999999999994, 0, 1.0, 0, 1]",6.400264860954637e-10
0.30981111111111115,0,-8.149602997715475e-06,1.233489620801508e-07,-4.1134535831796375e-13,1,"[0, 0, 0.30981111111111115, 0, 1.0, 0, 1]",6.402711496623708e-10
0.30996,0,-9.06009680020771e-06,1.2506190668367763e-07,-4.230366748440194e-13,1,"[0, 0, 0.30996, 0, 1.0, 0, 1]",6.41443302780389e-10
0.3101055555555556,0,-9.915762261016577e-06,1.266671683231992e-07,-4.341783722979316e-13,1,"[0, 0, 0.3101055555555556, 0, 1.0, 0, 1]",6.425911138086267e-10
0.31013999999999997,0,-1.011364206457575e-05,1.270377894096161e-07,-4.367766798507838e-13,1,"[0, 0, 0.31013999999999997, 0, 1.0, 0, 1]",6.428629917866848e-10
0.31032,0,-1.112128225625075e-05,1.289216080973788e-07,-4.5013660058191545e-13,1,"[0, 0, 0.31032, 0, 1.0, 0, 1]",6.44285282514982e-10
0.3104,0,-1.1555751754467426e-05,1.2973212315761976e-07,-4.559645439493444e-13,1,"[0, 0, 0.3104, 0, 1.0, 0, 1]",6.449181839007079e-10
0.3105,0,-1.2088109236651568e-05,1.3072385950870916e-07,-4.631619843618231e-13,1,"[0, 0, 0.3105, 0, 1.0, 0, 1]",6.457099383903185e-10
0.31067999999999996,0,-1.3018379023092574e-05,1.3245329040237312e-07,-4.758909330818828e-13,1,"[0, 0, 0.31067999999999996, 0, 1.0, 0, 1]",6.471367507272581e-10
0.31069444444444444,0,-1.3091557851435612e-05,1.3258914537145446e-07,-4.769005472279414e-13,1,"[0, 0, 0.31069444444444444, 0, 1.0, 0, 1]",6.472513357622962e-10
0.31085999999999997,0,-1.3915688880720728e-05,1.34117271914481e-07,-4.883556739100092e-13,1,"[0, 0, 0.31085999999999997, 0, 1.0, 0, 1]",6.48565533986837e-10
0.3109888888888889,0,-1.453968249956072e-05,1.3527208012483576e-07,-4.971341861536693e-13,1,"[0, 0, 0.3109888888888889, 0, 1.0, 0, 1]",6.495897311924543e-10
0.31104,0,-1.4783109329022322e-05,1.3572207798240942e-07,-5.00583731664863e-13,1,"[0, 0, 0.31104, 0, 1.0, 0, 1]",6.499961220508981e-10
0.31121999999999994,0,-1.56232842719734e-05,1.372730960671376e-07,-5.125988191710235e-13,1,"[0, 0, 0.31121999999999994, 0, 1.0, 0, 1]",6.514283652544058e-10
0.31128333333333336,0,-1.5912858738877377e-05,1.3780692103030312e-07,-5.167796214065222e-13,1,"[0, 0, 0.31128333333333336, 0, 1.0, 0, 1]",6.51932670646808e-10
0.3114,0,-1.643850813297365e-05,1.3877498913466845e-07,-5.244215239087891e-13,1,"[0, 0, 0.3114, 0, 1.0, 0, 1]",6.528621279919967e-10
0.3115777777777778,0,-1.7221137439267e-05,1.402140961749728e-07,-5.359270356504175e-13,1,"[0, 0, 0.3115777777777778, 0, 1.0, 0, 1]",6.542795607117447e-10
0.31157999999999997,0,-1.72307861019136e-05,1.402318219112218e-07,-5.36069844882604e-13,1,"[0, 0, 0.31157999999999997, 0, 1.0, 0, 1]",6.542972867661157e-10
0.31176,0,-1.8001881779535364e-05,1.4164716052749667e-07,-5.475596175894992e-13,1,"[0, 0, 0.31176, 0, 1.0, 0, 1]",6.557337285793318e-10
0.3118722222222222,0,-1.8472604678684225e-05,1.4250997192567537e-07,-5.546490251391635e-13,1,"[0, 0, 0.3118722222222222, 0, 1.0, 0, 1]",6.566298909997187e-10
0.31194,0,-1.875335528033688e-05,1.4302415205257152e-07,-5.589048541801669e-13,1,"[0, 0, 0.31194, 0, 1.0, 0, 1]",6.57171349598083e-10
0.31211999999999995,0,-1.9486594016819775e-05,1.4436558862963755e-07,-5.701180185062272e-13,1,"[0, 0, 0.31211999999999995, 0, 1.0, 0, 1]",6.586100540329204e-10
0.3121666666666667,0,-1.967387180434585e-05,1.4470787683875908e-07,-5.730049727722503e-13,1,"[0, 0, 0.3121666666666667, 0, 1.0, 0, 1]",6.589832172808745e-10
0.3123,0,-2.0202837802977937e-05,1.4567395968016674e-07,-5.812102505796925e-13,1,"[0, 0, 0.3123, 0, 1.0, 0, 1]",6.600497531931408e-10
0.31246111111111113,0,-2.0830420042836527e-05,1.4681881941634347e-07,-5.910441273936381e-13,1,"[0, 0, 0.31246111111111113, 0, 1.0, 0, 1]",6.613391488784087e-10
0.31248,0,-2.090319950030976e-05,1.4695149476146943e-07,-5.92191551304086e-13,1,"[0, 0, 0.31248, 0, 1.0, 0, 1]",6.614903646830619e-10
0.31266,0,-2.158868213122177e-05,1.4820019902901744e-07,-6.030709356949702e-13,1,"[0, 0, 0.31266, 0, 1.0, 0, 1]",6.629318117145087e-10
0.31275555555555556,0,-2.1946848916558997e-05,1.488520039615964e-07,-6.088078261805202e-13,1,"[0, 0, 0.31275555555555556, 0, 1.0, 0, 1]",6.63697339060505e-10
0.31284,0,-2.2260193167055007e-05,1.494218827934496e-07,-6.138565608792869e-13,1,"[0, 0, 0.31284, 0, 1.0, 0, 1]",6.643740225152035e-10
0.31301999999999996,0,-2.291855653714449e-05,1.5061818632171846e-07,-6.245558337366132e-13,1,"[0, 0, 0.31301999999999996, 0, 1.0, 0, 1]",6.658169298168889e-10
0.31305,0,-2.3027059210087393e-05,1.508152094322279e-07,-6.263311332024228e-13,1,"[0, 0, 0.31305, 0, 1.0, 0, 1]",6.660574775886089e-10
0.3132,0,-2.356452278522211e-05,1.517906007778749e-07,-6.351755019796404e-13,1,"[0, 0, 0.3132, 0, 1.0, 0, 1]",6.672604704103302e-10
0.3133444444444445,0,-2.4074390290881008e-05,1.527150729952569e-07,-6.436440703147786e-13,1,"[0, 0, 0.3133444444444445, 0, 1.0, 0, 1]",6.68419284849861e-10
0.31338,0,-2.4198777708674774e-05,1.5294048600729492e-07,-6.457217316643716e-13,1,"[0, 0, 0.31338, 0, 1.0, 0, 1]",6.687045847565277e-10
0.31355999999999995,0,-2.482194974698039e-05,1.5406908572223388e-07,-6.562001735056997e-13,1,"[0, 0, 0.31355999999999995, 0, 1.0, 0, 1]",6.70149216645628e-10
0.3136388888888889,0,-2.5091724898630696e-05,1.5455730583243126e-07,-6.607725571927848e-13,1,"[0, 0, 0.3136388888888889, 0, 1.0, 0, 1]",6.707825071745415e-10
0.31374,0,-2.5434616332315683e-05,1.5517754053429024e-07,-6.666160198994089e-13,1,"[0, 0, 0.31374, 0, 1.0, 0, 1]",6.715943128964367e-10
0.31392,0,-2.6037309373949332e-05,1.5626689919231807e-07,-6.769740541833921e-13,1,"[0, 0, 0.31392, 0, 1.0, 0, 1]",6.730398230906686e-10
0.31393333333333334,0,-2.6081570300522708e-05,1.563468598441105e-07,-6.777391398459681e-13,1,"[0, 0, 0.31393333333333334, 0, 1.0, 0, 1]",6.731469130543863e-10
0.3141,0,-2.6630520015617993e-05,1.5733812831622905e-07,-6.872786933820567e-13,1,"[0, 0, 0.3141, 0, 1.0, 0, 1]",6.744856993371244e-10
0.3142277777777778,0,-2.704612198009919e-05,1.5808805814980244e-07,-6.945635626733238e-13,1,"[0, 0, 0.3142277777777778, 0, 1.0, 0, 1]",6.755122900555885e-10
0.31428,0,-2.721470277949832e-05,1.5839212086344606e-07,-6.975340254496967e-13,1,"[0, 0, 0.31428, 0, 1.0, 0, 1]",6.759318960616574e-10
0.31445999999999996,0,-2.779027919010762e-05,1.594297035222572e-07,-7.077438418480017e-13,1,"[0, 0, 0.31445999999999996, 0, 1.0, 0, 1]",6.773783698195472e-10
0.31452222222222226,0,-2.7987314218135413e-05,1.5978469848043774e-07,-7.11263223006133e-13,1,"[0, 0, 0.31452222222222226, 0, 1.0, 0, 1]",6.778784422744409e-10
0.31464,0,-2.835764095518616e-05,1.6045164319224505e-07,-7.179116661473068e-13,1,"[0, 0, 0.31464, 0, 1.0, 0, 1]",6.788250791273603e-10
0.3148166666666667,0,-2.8906860699236204e-05,1.614401359881453e-07,-7.278535361675622e-13,1,"[0, 0, 0.3148166666666667, 0, 1.0, 0, 1]",6.802451882218664e-10
0.31482,0,-2.8917152767537177e-05,1.6145865268463068e-07,-7.280407792244998e-13,1,"[0, 0, 0.31482, 0, 1.0, 0, 1]",6.80271984311879e-10
0.31499999999999995,0,-2.9469154781236854e-05,1.624513957532879e-07,-7.381342415362696e-13,1,"[0, 0, 0.31499999999999995, 0, 1.0, 0, 1]",6.817190473739498e-10
0.3151111111111111,0,-2.9806287432665e-05,1.6305735022968246e-07,-7.443482315354876e-13,1,"[0, 0, 0.3151111111111111, 0, 1.0, 0, 1]",6.826123590504349e-10
0.31518,0,-3.001396480695691e-05,1.6343049154911733e-07,-7.481949128685571e-13,1,"[0, 0, 0.31518, 0, 1.0, 0, 1]",6.831662318655142e-10
0.31536,0,-3.055188026411956e-05,1.6439651857582362e-07,-7.58225469900616e-13,1,"[0, 0, 0.31536, 0, 1.0, 0, 1]",6.846135027782388e-10
0.31540555555555555,0,-3.068695968267576e-05,1.646389998398339e-07,-7.607595947963936e-13,1,"[0, 0, 0.31540555555555555, 0, 1.0, 0, 1]",6.849797970575802e-10
0.31554,0,-3.108317992177563e-05,1.6535001821299786e-07,-7.682284218696811e-13,1,"[0, 0, 0.31554, 0, 1.0, 0, 1]",6.860608264424043e-10
0.31570000000000004,0,-3.155010418047782e-05,1.6618746752841119e-07,-7.77098667795233e-13,1,"[0, 0, 0.31570000000000004, 0, 1.0, 0, 1]",6.873473544135463e-10
0.31572,0,-3.160812545529163e-05,1.662914978624287e-07,-7.782061245793405e-13,1,"[0, 0, 0.31572, 0, 1.0, 0, 1]",6.875081704349752e-10
0.31589999999999996,0,-3.2126962841943054e-05,1.672214337652716e-07,-7.881607929589593e-13,1,"[0, 0, 0.31589999999999996, 0, 1.0, 0, 1]",6.889555034957446e-10
0.31599444444444447,0,-3.239682758389009e-05,1.6770489739712576e-07,-7.93375414648077e-13,1,"[0, 0, 0.31599444444444447, 0, 1.0, 0, 1]",6.897148920735885e-10
0.31607999999999997,0,-3.263992361518333e-05,1.6814027353079627e-07,-7.980945123516833e-13,1,"[0, 0, 0.31607999999999997, 0, 1.0, 0, 1]",6.904027954507826e-10
0.31626,0,-3.31472259945637e-05,1.6904843841164768e-07,-8.080092486835391e-13,1,"[0, 0, 0.31626, 0, 1.0, 0, 1]",6.918500171423151e-10
0.3162888888888889,0,-3.3228131926322596e-05,1.6919322610609098e-07,-8.095988607746833e-13,1,"[0, 0, 0.3162888888888889, 0, 1.0, 0, 1]",6.920822788424569e-10
0.31643999999999994,0,-3.364907590593415e-05,1.6994632535569155e-07,-8.179068576450662e-13,1,"[0, 0, 0.31643999999999994, 0, 1.0, 0, 1]",6.93297140364499e-10
0.3165833333333333,0,-3.404492763025971e-05,1.7065420907425687e-07,-8.257772100171314e-13,1,"[0, 0, 0.3165833333333333, 0, 1.0, 0, 1]",6.944493905656064e-10
0.31662,0,-3.414566790457546e-05,1.7083430886042153e-07,-8.277890929992175e-13,1,"[0, 0, 0.31662, 0, 1.0, 0, 1]",6.947441378043895e-10
0.31679999999999997,0,-3.4637186012223996e-05,1.717127426524171e-07,-8.376576141140028e-13,1,"[0, 0, 0.31679999999999997, 0, 1.0, 0, 1]",6.961909829876288e-10
0.3168777777777778,0,-3.4848044535441215e-05,1.7208944263915003e-07,-8.419179438897007e-13,1,"[0, 0, 0.3168777777777778, 0, 1.0, 0, 1]",6.968161094264536e-10
0.31698,0,-3.512380447754624e-05,1.7258196121143154e-07,-8.475139928059805e-13,1,"[0, 0, 0.31698, 0, 1.0, 0, 1]",6.976376502283976e-10
0.31716,0,-3.560568846836685e-05,1.7344228115611533e-07,-8.573597195690963e-13,1,"[0, 0, 0.31716, 0, 1.0, 0, 1]",6.990841145832332e-10
0.31717222222222224,0,-3.56382412972653e-05,1.7350038290544542e-07,-8.580279061564872e-13,1,"[0, 0, 0.31717222222222224, 0, 1.0, 0, 1]",6.991823233330627e-10
0.31733999999999996,0,-3.608299470294109e-05,1.7429400250628675e-07,-8.671962092546102e-13,1,"[0, 0, 0.31733999999999996, 0, 1.0, 0, 1]",7.005303518083206e-10
0.3174666666666667,0,-3.6416213438348143e-05,1.7488836186200958e-07,-8.741133752810817e-13,1,"[0, 0, 0.3174666666666667, 0, 1.0, 0, 1]",7.015479253805156e-10
0.31751999999999997,0,-3.6555872026657e-05,1.7513740983479056e-07,-8.77024806259548e-13,1,"[0, 0, 0.31751999999999997, 0, 1.0, 0, 1]",7.019763383199705e-10
0.3177,0,-3.702446193976889e-05,1.7597277332038704e-07,-8.868467892740145e-13,1,"[0, 0, 0.3177, 0, 1.0, 0, 1]",7.034220511579642e-10
0.3177611111111111,0,-3.718260028022031e-05,1.7625460123164093e-07,-8.901801267907687e-13,1,"[0, 0, 0.3177611111111111, 0, 1.0, 0, 1]",7.039128133777654e-10
0.31787999999999994,0,-3.7488899081119705e-05,1.7680034971177676e-07,-8.966633756321029e-13,1,"[0, 0, 0.31787999999999994, 0, 1.0, 0, 1]",7.048674679515463e-10
0.3180555555555556,0,-3.7937990938431876e-05,1.776002244277767e-07,-9.062334872044676e-13,1,"[0, 0, 0.3180555555555556, 0, 1.0, 0, 1]",7.062768894296583e-10
0.31806,0,-3.794931167221593e-05,1.776203832116541e-07,-9.064757253056359e-13,1,"[0, 0, 0.31806, 0, 1.0, 0, 1]",7.063125668878201e-10
0.31823999999999997,0,-3.8405821925526726e-05,1.7843310628866786e-07,-9.162849445756164e-13,1,"[0, 0, 0.31823999999999997, 0, 1.0, 0, 1]",7.077573266823084e-10
0.31835,0,-3.868292953012969e-05,1.7892626692206501e-07,-9.222783808665982e-13,1,"[0, 0, 0.31835, 0, 1.0, 0, 1]",7.086400595663824e-10
0.31842,0,-3.885854642043706e-05,1.792387404242674e-07,-9.260920894122719e-13,1,"[0, 0, 0.31842, 0, 1.0, 0, 1]",7.092017265515507e-10
0.3186,0,-3.9307596449909626e-05,1.800374968006395e-07,-9.358981685912322e-13,1,"[0, 0, 0.3186, 0, 1.0, 0, 1]",7.106457461875433e-10
0.31864444444444445,0,-3.941791971601402e-05,1.8023368527099463e-07,-9.38319370784573e-13,1,"[0, 0, 0.31864444444444445, 0, 1.0, 0, 1]",7.110022334138599e-10
0.31877999999999995,0,-3.975307834057123e-05,1.8082957693524874e-07,-9.457041465702483e-13,1,"[0, 0, 0.31877999999999995, 0, 1.0, 0, 1]",7.120893657338371e-10
0.3189388888888889,0,-4.0143428677016334e-05,1.8152336500553529e-07,-9.543606943736946e-13,1,"[0, 0, 0.3189388888888889, 0, 1.0, 0, 1]",7.133633238996673e-10
0.31896,0,-4.019509374865785e-05,1.8161517326691805e-07,-9.555109461484859e-13,1,"[0, 0, 0.31896, 0, 1.0, 0, 1]",7.135325657632427e-10
0.31914,0,-4.063373993398173e-05,1.8239446969783444e-07,-9.65319450927775e-13,1,"[0, 0, 0.31914, 0, 1.0, 0, 1]",7.149753272569132e-10
0.31923333333333337,0,-4.085989060872869e-05,1.8279612755231683e-07,-9.704062948576067e-13,1,"[0, 0, 0.31923333333333337, 0, 1.0, 0, 1]",7.157232469897809e-10
0.31932,0,-4.106911001386934e-05,1.8316764209542677e-07,-9.751305075934457e-13,1,"[0, 0, 0.31932, 0, 1.0, 0, 1]",7.164176315847882e-10
0.3195,0,-4.15012931988217e-05,1.8393485875765189e-07,-9.84944928030552e-13,1,"[0, 0, 0.3195, 0, 1.0, 0, 1]",7.178594604872494e-10
0.3195277777777778,0,-4.1567709802634275e-05,1.840527363262963e-07,-9.864598489463701e-13,1,"[0, 0, 0.3195277777777778, 0, 1.0, 0, 1]",7.180819214523876e-10
0.31967999999999996,0,-4.193037501145373e-05,1.8469628084484671e-07,-9.947634912894132e-13,1,"[0, 0, 0.31967999999999996, 0, 1.0, 0, 1]",7.193007960578731e-10
0.31982222222222223,0,-4.2267263371870727e-05,1.8529390211174816e-07,-1.002524791312487e-12,1,"[0, 0, 0.31982222222222223, 0, 1.0, 0, 1]",7.204392686452737e-10
0.31986,0,-4.2356437490140685e-05,1.8545206278102105e-07,-1.00458694541348e-12,1,"[0, 0, 0.31986, 0, 1.0, 0, 1]",7.207416207272695e-10
0.32004,0,-4.277955937864031e-05,1.8620235262715184e-07,-1.0144160091408522e-12,1,"[0, 0, 0.32004, 0, 1.0, 0, 1]",7.221819172478485e-10
0.32011666666666666,0,-4.295890366999973e-05,1.8652028782955033e-07,-1.0186043363017505e-12,1,"[0, 0, 0.32011666666666666, 0, 1.0, 0, 1]",7.227952123240289e-10
0.32021999999999995,0,-4.31998163028422e-05,1.869472924288066e-07,-1.0242513734898887e-12,1,"[0, 0, 0.32021999999999995, 0, 1.0, 0, 1]",7.23621668679511e-10
0.3204,0,-4.361728093569072e-05,1.8768701854019668e-07,-1.0340937032383127e-12,1,"[0, 0, 0.3204, 0, 1.0, 0, 1]",7.250608583761556e-10
0.32041111111111115,0,-4.3642960443683325e-05,1.877325127733036e-07,-1.0347014972476263e-12,1,"[0, 0, 0.32041111111111115, 0, 1.0, 0, 1]",7.251496784686111e-10
0.32058,0,-4.4032023151223954e-05,1.8842166192656149e-07,-1.0439436383043208e-12,1,"[0, 0, 0.32058, 0, 1.0, 0, 1]",7.264994699729552e-10
0.3207055555555556,0,-4.431974275390052e-05,1.8893115638409423e-07,-1.0508191037013154e-12,1,"[0, 0, 0.3207055555555556, 0, 1.0, 0, 1]",7.275025951260928e-10
0.32076,0,-4.444411016858897e-05,1.8915134844661045e-07,-1.053801795037461e-12,1,"[0, 0, 0.32076, 0, 1.0, 0, 1]",7.279374873743663e-10
0.32094,0,-4.485360668680795e-05,1.8987619911658533e-07,-1.063668767426244e-12,1,"[0, 0, 0.32094, 0, 1.0, 0, 1]",7.293748947427968e-10
0.321,0,-4.49895406951719e-05,1.9011676162320652e-07,-1.0669598168431964e-12,1,"[0, 0, 0.321, 0, 1.0, 0, 1]",7.298538922678365e-10
0.32111999999999996,0,-4.526057501100757e-05,1.9059633035736527e-07,-1.073545128228886e-12,1,"[0, 0, 0.32111999999999996, 0, 1.0, 0, 1]",7.308116764878965e-10
0.32129444444444444,0,-4.565262693794241e-05,1.9128983799334376e-07,-1.0831261433023677e-12,1,"[0, 0, 0.32129444444444444, 0, 1.0, 0, 1]",7.322035016594437e-10
0.3213,0,-4.5665075170760144e-05,1.913118542259222e-07,-1.083431430033138e-12,1,"[0, 0, 0.3213, 0, 1.0, 0, 1]",7.322478172564421e-10
0.32148,0,-4.606716503111686e-05,1.9202287863228734e-07,-1.0933282062502487e-12,1,"[0, 0, 0.32148, 0, 1.0, 0, 1]",7.336833019227587e-10
0.3215888888888889,0,-4.630925811567584e-05,1.9245086425162037e-07,-1.0993204475785492e-12,1,"[0, 0, 0.3215888888888889, 0, 1.0, 0, 1]",7.345513567421541e-10
0.32165999999999995,0,-4.6466900396884085e-05,1.9272950754313104e-07,-1.103235972048235e-12,1,"[0, 0, 0.32165999999999995, 0, 1.0, 0, 1]",7.351181155796404e-10
0.32184,0,-4.686433511062576e-05,1.9343184117292602e-07,-1.1131552252286794e-12,1,"[0, 0, 0.32184, 0, 1.0, 0, 1]",7.365522435297562e-10
0.32188333333333335,0,-4.695967607519334e-05,1.9360029085148753e-07,-1.1155449632334805e-12,1,"[0, 0, 0.32188333333333335, 0, 1.0, 0, 1]",7.368973925244067e-10
0.32202,0,-4.725952114484121e-05,1.9412997616359231e-07,-1.1230864470510779e-12,1,"[0, 0, 0.32202, 0, 1.0, 0, 1]",7.379856712775054e-10
0.3221777777777778,0,-4.76041090062479e-05,1.947385421456063e-07,-1.1318018029959778e-12,1,"[0, 0, 0.3221777777777778, 0, 1.0, 0, 1]",7.392415454825968e-10
0.3222,0,-4.765250868874357e-05,1.9482400575346997e-07,-1.1330301030087464e-12,1,"[0, 0, 0.3222, 0, 1.0, 0, 1]",7.394183845212833e-10
0.32238,0,-4.8043346230004045e-05,1.95514019936353e-07,-1.1429866435593666e-12,1,"[0, 0, 0.32238, 0, 1.0, 0, 1]",7.408503691461331e-10
0.3224722222222222,0,-4.824277246416254e-05,1.958660183773286e-07,-1.1480929679051926e-12,1,"[0, 0, 0.3224722222222222, 0, 1.0, 0, 1]",7.415837534699981e-10
0.32255999999999996,0,-4.8432080631819025e-05,1.9620010561129646e-07,-1.1529565048135425e-12,1,"[0, 0, 0.32255999999999996, 0, 1.0, 0, 1]",7.422816112167628e-10
0.32273999999999997,0,-4.8818757205616574e-05,1.9688234672382596e-07,-1.1629401091841285e-12,1,"[0, 0, 0.32273999999999997, 0, 1.0, 0, 1]",7.437120969709444e-10
0.3227666666666667,0,-4.887587029755448e-05,1.9698309748479292e-07,-1.1644203556005695e-12,1,"[0, 0, 0.3227666666666667, 0, 1.0, 0, 1]",7.439239556331116e-10
0.32292,0,-4.920341977969995e-05,1.9756082439914353e-07,-1.1729378659990738e-12,1,"[0, 0, 0.32292, 0, 1.0, 0, 1]",7.451418128131744e-10
0.32306111111111113,0,-4.9503595491595125e-05,1.980901367384869e-07,-1.1807857678525878e-12,1,"[0, 0, 0.32306111111111113, 0, 1.0, 0, 1]",7.462620923346754e-10
0.32309999999999994,0,-4.9586110764097875e-05,1.9823561706786755e-07,-1.1829501720801799e-12,1,"[0, 0, 0.32309999999999994, 0, 1.0, 0, 1]",7.465707453086775e-10
0.32328,0,-4.9966871211872266e-05,1.9890680058480585e-07,-1.1929774122900334e-12,1,"[0, 0, 0.32328, 0, 1.0, 0, 1]",7.479988811777123e-10
0.32335555555555556,0,-5.012613093594174e-05,1.991874742304742e-07,-1.1971909174166592e-12,1,"[0, 0, 0.32335555555555556, 0, 1.0, 0, 1]",7.485981050826902e-10
0.32345999999999997,0,-5.034574087711283e-05,1.9957444834121824e-07,-1.2030199600491475e-12,1,"[0, 0, 0.32345999999999997, 0, 1.0, 0, 1]",7.49426207290097e-10
0.32364,0,-5.072275826984358e-05,2.0023863137101023e-07,-1.2130781778254903e-12,1,"[0, 0, 0.32364, 0, 1.0, 0, 1]",7.508527106600356e-10
0.32365,0,-5.0743650125329566e-05,2.0027543023119059e-07,-1.2136374342821489e-12,1,"[0, 0, 0.32365, 0, 1.0, 0, 1]",7.509319364648972e-10
0.32382,0,-5.1097960708016573e-05,2.0089941845121928e-07,-1.2231524175976908e-12,1,"[0, 0, 0.32382, 0, 1.0, 0, 1]",7.522783784411625e-10
0.3239444444444445,0,-5.135631779984338e-05,2.0135430842775825e-07,-1.2301268713797897e-12,1,"[0, 0, 0.3239444444444445, 0, 1.0, 0, 1]",7.532635300882235e-10
0.32399999999999995,0,-5.147138436680413e-05,2.0155687619719441e-07,-1.2332430212941725e-12,1,"[0, 0, 0.32399999999999995, 0, 1.0, 0, 1]",7.53703197921821e-10
0.32417999999999997,0,-5.184306432533525e-05,2.022110691527758e-07,-1.2433503212092489e-12,1,"[0, 0, 0.32417999999999997, 0, 1.0, 0, 1]",7.551271565205444e-10
0.3242388888888889,0,-5.1964290531034634e-05,2.0242439705606146e-07,-1.2466607098029112e-12,1,"[0, 0, 0.3242388888888889, 0, 1.0, 0, 1]",7.555928305227106e-10
0.32436,0,-5.2213034611048114e-05,2.0286205987580137e-07,-1.2534746403978667e-12,1,"[0, 0, 0.32436, 0, 1.0, 0, 1]",7.565502417817587e-10
0.32453333333333334,0,-5.2567717259339426e-05,2.0348596993740307e-07,-1.2632403635918491e-12,1,"[0, 0, 0.32453333333333334, 0, 1.0, 0, 1]",7.579197832495204e-10
0.32453999999999994,0,-5.258132824179682e-05,2.0350990901922404e-07,-1.263616293050191e-12,1,"[0, 0, 0.32453999999999994, 0, 1.0, 0, 1]",7.57972441371655e-10
0.32472,0,-5.294797726585539e-05,2.0415467540811456e-07,-1.2737755848473854e-12,1,"[0, 0, 0.32472, 0, 1.0, 0, 1]",7.593937430742539e-10
0.32482777777777777,0,-5.316673978759609e-05,2.0453928742924762e-07,-1.279867184124462e-12,1,"[0, 0, 0.32482777777777777, 0, 1.0, 0, 1]",7.60244334612713e-10
0.32489999999999997,0,-5.331301279993631e-05,2.0479641611278747e-07,-1.2839528132995113e-12,1,"[0, 0, 0.32489999999999997, 0, 1.0, 0, 1]",7.608141347876539e-10
0.32508,0,-5.3676465065350446e-05,2.0543518651829822e-07,-1.2941482680668669e-12,1,"[0, 0, 0.32508, 0, 1.0, 0, 1]",7.622336045204106e-10
0.32512222222222226,0,-5.3761493234937366e-05,2.0558459729851116e-07,-1.296542464151489e-12,1,"[0, 0, 0.32512222222222226, 0, 1.0, 0, 1]",7.625664317743824e-10
0.32526,0,-5.40383634224109e-05,2.0607104039051248e-07,-1.304362231265527e-12,1,"[0, 0, 0.32526, 0, 1.0, 0, 1]",7.636521403880916e-10
0.3254166666666667,0,-5.4352106454834996e-05,2.0662213552486386e-07,-1.3132674415105745e-12,1,"[0, 0, 0.3254166666666667, 0, 1.0, 0, 1]",7.648860226729505e-10
0.32543999999999995,0,-5.439873640318168e-05,2.067040299389542e-07,-1.314594977758045e-12,1,"[0, 0, 0.32543999999999995, 0, 1.0, 0, 1]",7.650697306099766e-10
0.32562,0,-5.475761174267758e-05,2.073342058766288e-07,-1.3248467754303822e-12,1,"[0, 0, 0.32562, 0, 1.0, 0, 1]",7.664863635058965e-10
0.3257111111111111,0,-5.4938702420669774e-05,2.0765212704070504e-07,-1.3300433025494281e-12,1,"[0, 0, 0.3257111111111111, 0, 1.0, 0, 1]",7.672030559842772e-10
0.3258,0,-5.511501640858571e-05,2.0796161747697638e-07,-1.3351178854554784e-12,1,"[0, 0, 0.3258, 0, 1.0, 0, 1]",7.679020274931778e-10
0.32598,0,-5.547097662960859e-05,2.0858631262813688e-07,-1.3454085625445635e-12,1,"[0, 0, 0.32598, 0, 1.0, 0, 1]",7.693167110837543e-10
0.32600555555555555,0,-5.5521398581828213e-05,2.0867478641372787e-07,-1.346871185285065e-12,1,"[0, 0, 0.32600555555555555, 0, 1.0, 0, 1]",7.695174810854318e-10
0.32616,0,-5.582551792249654e-05,2.0920833788467097e-07,-1.3557190551867377e-12,1,"[0, 0, 0.32616, 0, 1.0, 0, 1]",7.7073040288136e-10
0.32630000000000003,0,-5.6100307193004786e-05,2.0969031847735792e-07,-1.3637521823232381e-12,1,"[0, 0, 0.32630000000000003, 0, 1.0, 0, 1]",7.718292480208124e-10
0.32633999999999996,0,-5.6178665117843414e-05,2.0982773851687858e-07,-1.3660496058774727e-12,1,"[0, 0, 0.32633999999999996, 0, 1.0, 0, 1]",7.721430915788563e-10
0.32652,0,-5.6530442384715085e-05,2.1044455855784773e-07,-1.3764004513366565e-12,1,"[0, 0, 0.32652, 0, 1.0, 0, 1]",7.735547659556621e-10
0.32659444444444446,0,-5.667553561911385e-05,2.1069891891378586e-07,-1.3806873435596448e-12,1,"[0, 0, 0.32659444444444446, 0, 1.0, 0, 1]",7.741383074705335e-10
0.3267,0,-5.688087325417259e-05,2.1105884084836497e-07,-1.386771822716817e-12,1,"[0, 0, 0.3267, 0, 1.0, 0, 1]",7.749654148752639e-10
0.32687999999999995,0,-5.72299806417486e-05,2.1167062707979197e-07,-1.3971639458019095e-12,1,"[0, 0, 0.32687999999999995, 0, 1.0, 0, 1]",7.763750272828698e-10
0.3268888888888889,0,-5.724718661796143e-05,2.1170077479383269e-07,-1.3976776786823407e-12,1,"[0, 0, 0.3268888888888889, 0, 1.0, 0, 1]",7.764446107208047e-10
0.32706,0,-5.7577786868938376e-05,2.1227995783503197e-07,-1.4075770411973936e-12,1,"[0, 0, 0.32706, 0, 1.0, 0, 1]",7.777835922031052e-10
0.3271833333333334,0,-5.781535860260639e-05,2.1269606507743015e-07,-1.4147241594925717e-12,1,"[0, 0, 0.3271833333333334, 0, 1.0, 0, 1]",7.787481096362077e-10
0.32724,0,-5.7924313683745154e-05,2.1288687262767262e-07,-1.4180113245117612e-12,1,"[0, 0, 0.32724, 0, 1.0, 0, 1]",7.791910987378167e-10
0.32742,0,-5.826958228034737e-05,2.1349140993942012e-07,-1.4284670065303556e-12,1,"[0, 0, 0.32742, 0, 1.0, 0, 1]",7.805975360639787e-10
0.3274777777777778,0,-5.838014588515023e-05,2.1368496107812972e-07,-1.4318277220596822e-12,1,"[0, 0, 0.3274777777777778, 0, 1.0, 0, 1]",7.810487566337113e-10
0.3276,0,-5.861361331791284e-05,2.1409360725589097e-07,-1.438944293381417e-12,1,"[0, 0, 0.3276, 0, 1.0, 0, 1]",7.820028934316562e-10
0.32777222222222224,0,-5.894163890352821e-05,2.146676268947204e-07,-1.448989268724372e-12,1,"[0, 0, 0.32777222222222224, 0, 1.0, 0, 1]",7.833465046582572e-10
0.32777999999999996,0,-5.895642693862084e-05,2.146935011008709e-07,-1.4494433866951968e-12,1,"[0, 0, 0.32777999999999996, 0, 1.0, 0, 1]",7.83407160162027e-10
0.32796,0,-5.929804278492243e-05,2.152911270691024e-07,-1.4599644837562067e-12,1,"[0, 0, 0.32796, 0, 1.0, 0, 1]",7.848103256455409e-10
0.3280666666666667,0,-5.9499924432700156e-05,2.1564421981270153e-07,-1.4662096699625954e-12,1,"[0, 0, 0.3280666666666667, 0, 1.0, 0, 1]",7.856413071598742e-10
0.32814,0,-5.963848001608094e-05,2.158865198576839e-07,-1.4705077776490628e-12,1,"[0, 0, 0.32814, 0, 1.0, 0, 1]",7.862123793400672e-10
0.32831999999999995,0,-5.9977757324028296e-05,2.1647971329614904e-07,-1.4810734573982334e-12,1,"[0, 0, 0.32831999999999995, 0, 1.0, 0, 1]",7.876133107691659e-10
0.32836111111111116,0,-6.005508578153509e-05,2.1661489067812831e-07,-1.4834897661219644e-12,1,"[0, 0, 0.32836111111111116, 0, 1.0, 0, 1]",7.879331180721179e-10
0.3285,0,-6.0315892948571856e-05,2.170707403752941e-07,-1.4916617081020211e-12,1,"[0, 0, 0.3285, 0, 1.0, 0, 1]",7.890131095204089e-10
0.3286555555555556,0,-6.060720297653343e-05,2.1757978424607533e-07,-1.5008303690407413e-12,1,"[0, 0, 0.3286555555555556, 0, 1.0, 0, 1]",7.902218917918131e-10
0.32867999999999997,0,-6.065290469197986e-05,2.1765963327480962e-07,-1.5022727110609468e-12,1,"[0, 0, 0.32867999999999997, 0, 1.0, 0, 1]",7.90411765243741e-10
0.32886,0,-6.0988809932982335e-05,2.1824642338978575e-07,-1.512906643901009e-12,1,"[0, 0, 0.32886, 0, 1.0, 0, 1]",7.918092676499338e-10
0.32895,0,-6.115635293344193e-05,2.1853903950577635e-07,-1.5182322635590325e-12,1,"[0, 0, 0.32895, 0, 1.0, 0, 1]",7.925075831599724e-10
0.32904,0,-6.132362564020962e-05,2.1883114135613619e-07,-1.523563680691879e-12,1,"[0, 0, 0.32904, 0, 1.0, 0, 1]",7.932056065090535e-10
0.32921999999999996,0,-6.165736838509795e-05,2.194138170749979e-07,-1.5342439920603572e-12,1,"[0, 0, 0.32921999999999996, 0, 1.0, 0, 1]",7.946007716490268e-10
0.32924444444444445,0,-6.170260961770958e-05,2.1949278998428285e-07,-1.535696208930537e-12,1,"[0, 0, 0.32924444444444445, 0, 1.0, 0, 1]",7.947901474437939e-10
0.32939999999999997,0,-6.199005435428848e-05,2.199944797361578e-07,-1.5449477452993569e-12,1,"[0, 0, 0.32939999999999997, 0, 1.0, 0, 1]",7.959947529542132e-10
0.32953888888888894,0,-6.22460441946528e-05,2.2044116403034005e-07,-1.5532229401427861e-12,1,"[0, 0, 0.32953888888888894, 0, 1.0, 0, 1]",7.970695403197037e-10
0.32958,0,-6.232169936154313e-05,2.2057315784054953e-07,-1.5556751044725741e-12,1,"[0, 0, 0.32958, 0, 1.0, 0, 1]",7.9738754036406e-10
0.32975999999999994,0,-6.265231885919618e-05,2.211498792218631e-07,-1.566426230515003e-12,1,"[0, 0, 0.32975999999999994, 0, 1.0, 0, 1]",7.987791238717837e-10
0.32983333333333337,0,-6.278672517011027e-05,2.2138428507999863e-07,-1.5708131691526975e-12,1,"[0, 0, 0.32983333333333337, 0, 1.0, 0, 1]",7.993457178573471e-10
0.32994,0,-6.298192794916967e-05,2.2172467106731546e-07,-1.5772012813296253e-12,1,"[0, 0, 0.32994, 0, 1.0, 0, 1]",8.001694935231117e-10
0.33011999999999997,0,-6.331054139356628e-05,2.222975599376118e-07,-1.5880004118802805e-12,1,"[0, 0, 0.33011999999999997, 0, 1.0, 0, 1]",8.015586394150526e-10
0.3301277777777778,0,-6.3324718522317e-05,2.2232227190537359e-07,-1.588467586044184e-12,1,"[0, 0, 0.3301277777777778, 0, 1.0, 0, 1]",8.016186365044333e-10
0.3303,0,-6.36381736248655e-05,2.228685717861473e-07,-1.5988237742811086e-12,1,"[0, 0, 0.3303, 0, 1.0, 0, 1]",8.029465516947034e-10
0.33042222222222223,0,-6.386008782563771e-05,2.2325523884780458e-07,-1.6061868601133091e-12,1,"[0, 0, 0.33042222222222223, 0, 1.0, 0, 1]",8.038882530724578e-10
0.33048,0,-6.396483875573273e-05,2.2343773197746895e-07,-1.6096715178824402e-12,1,"[0, 0, 0.33048, 0, 1.0, 0, 1]",8.043332205581249e-10
0.33065999999999995,0,-6.429055058846875e-05,2.2400506530504584e-07,-1.6205437893535995e-12,1,"[0, 0, 0.33065999999999995, 0, 1.0, 0, 1]",8.057186362492175e-10
0.3307166666666667,0,-6.439289436677206e-05,2.2418329603659752e-07,-1.6239716408867245e-12,1,"[0, 0, 0.3307166666666667, 0, 1.0, 0, 1]",8.06154524723143e-10
0.33083999999999997,0,-6.461532262410624e-05,2.2457059600836964e-07,-1.6314407327625193e-12,1,"[0, 0, 0.33083999999999997, 0, 1.0, 0, 1]",8.071027890586598e-10
0.33101111111111114,0,-6.492319725396692e-05,2.2510654959438876e-07,-1.6418225590779052e-12,1,"[0, 0, 0.33101111111111114, 0, 1.0, 0, 1]",8.084174089556462e-10
0.33102,0,-6.493916807117336e-05,2.2513434778941623e-07,-1.6423624896523848e-12,1,"[0, 0, 0.33102, 0, 1.0, 0, 1]",8.084856693228624e-10
0.33119999999999994,0,-6.526209985414309e-05,2.2569634382850493e-07,-1.6533091991155806e-12,1,"[0, 0, 0.33119999999999994, 0, 1.0, 0, 1]",8.098672674229927e-10
0.3313055555555556,0,-6.545105351974855e-05,2.260251018301261e-07,-1.6597402274860823e-12,1,"[0, 0, 0.3313055555555556, 0, 1.0, 0, 1]",8.106768635944029e-10
0.33138,0,-6.558413062157062e-05,2.262566067995687e-07,-1.6642809978647607e-12,1,"[0, 0, 0.33138, 0, 1.0, 0, 1]",8.112475737839611e-10
0.33155999999999997,0,-6.590527275394489e-05,2.268151588848727e-07,-1.6752780203014584e-12,1,"[0, 0, 0.33155999999999997, 0, 1.0, 0, 1]",8.126265788735177e-10
0.3316,0,-6.597651821762206e-05,2.26939051420531e-07,-1.6777252418415308e-12,1,"[0, 0, 0.3316, 0, 1.0, 0, 1]",8.129328467776221e-10
0.33174,0,-6.622553837125991e-05,2.2737202178920185e-07,-1.6863003985822294e-12,1,"[0, 0, 0.33174, 0, 1.0, 0, 1]",8.140042732013284e-10
0.3318944444444445,0,-6.649964451317246e-05,2.2784849358088112e-07,-1.6957781816014159e-12,1,"[0, 0, 0.3318944444444445, 0, 1.0, 0, 1]",8.151853169463732e-10
0.33192,0,-6.654493934031636e-05,2.2792721675353418e-07,-1.6973482626823275e-12,1,"[0, 0, 0.33192, 0, 1.0, 0, 1]",8.153806473180856e-10
0.33209999999999995,0,-6.68634872817696e-05,2.2848076456823249e-07,-1.7084217404572182e-12,1,"[0, 0, 0.33209999999999995, 0, 1.0, 0, 1]",8.167556918146693e-10
0.3321888888888889,0,-6.702048376994232e-05,2.2875352022584248e-07,-1.7138996106992621e-12,1,"[0, 0, 0.3321888888888889, 0, 1.0, 0, 1]",8.174342328342096e-10
0.33228,0,-6.718119357693246e-05,2.2903268558576503e-07,-1.7195209577018662e-12,1,"[0, 0, 0.33228, 0, 1.0, 0, 1]",8.181293973213143e-10
0.33246,0,-6.749806937434268e-05,2.2958299973298424e-07,-1.7306460382079976e-12,1,"[0, 0, 0.33246, 0, 1.0, 0, 1]",8.195017545067882e-10
0.33248333333333335,0,-6.753908563045713e-05,2.2965422012105716e-07,-1.7320900782516357e-12,1,"[0, 0, 0.33248333333333335, 0, 1.0, 0, 1]",8.196795534573412e-10
0.33264,0,-6.781412559610372e-05,2.3013172652297182e-07,-1.7417971038192872e-12,1,"[0, 0, 0.33264, 0, 1.0, 0, 1]",8.208727540776413e-10
0.3327777777777778,0,-6.80554980927096e-05,2.3055067902610162e-07,-1.7503501192245222e-12,1,"[0, 0, 0.3327777777777778, 0, 1.0, 0, 1]",8.219212381052412e-10
0.33282,0,-6.812937294401279e-05,2.3067888506647856e-07,-1.7529742744847378e-12,1,"[0, 0, 0.33282, 0, 1.0, 0, 1]",8.222423867774341e-10
0.33299999999999996,0,-6.84438219054794e-05,2.3122449408296817e-07,-1.7641776683101654e-12,1,"[0, 0, 0.33299999999999996, 0, 1.0, 0, 1]",8.236106433860094e-10
0.33307222222222227,0,-6.856976758242285e-05,2.3144297982941696e-07,-1.76868025506255e-12,1,"[0, 0, 0.33307222222222227, 0, 1.0, 0, 1]",8.241592463317877e-10
0.33318,0,-6.875748275924579e-05,2.3176857191128545e-07,-1.775407401607958e-12,1,"[0, 0, 0.33318, 0, 1.0, 0, 1]",8.249775147187788e-10
0.33336,0,-6.907036558091625e-05,2.3231113651996064e-07,-1.7866635889451157e-12,1,"[0, 0, 0.33336, 0, 1.0, 0, 1]",8.263429916260337e-10
0.3333666666666667,0,-6.908193902135724e-05,2.3233120267573163e-07,-1.787080994283152e-12,1,"[0, 0, 0.3333666666666667, 0, 1.0, 0, 1]",8.263935379467588e-10
0.33353999999999995,0,-6.938248024830501e-05,2.3285220551717055e-07,-1.7979463431897505e-12,1,"[0, 0, 0.33353999999999995, 0, 1.0, 0, 1]",8.277070649922777e-10
0.33366111111111113,0,-6.959205589192884e-05,2.3321542508648672e-07,-1.805552833038274e-12,1,"[0, 0, 0.33366111111111113, 0, 1.0, 0, 1]",8.286240730077814e-10
0.33372,0,-6.969383644660528e-05,2.333917961603615e-07,-1.8092557755559263e-12,1,"[0, 0, 0.33372, 0, 1.0, 0, 1]",8.290697257355764e-10
0.3339,0,-7.000444367339253e-05,2.3392992536555647e-07,-1.820591995647107e-12,1,"[0, 0, 0.3339, 0, 1.0, 0, 1]",8.304309648069162e-10
0.33395555555555556,0,-7.010016029837148e-05,2.3409572207371204e-07,-1.824096255645546e-12,1,"[0, 0, 0.33395555555555556, 0, 1.0, 0, 1]",8.308508118126538e-10
0.33408,0,-7.031431124346452e-05,2.344666097163557e-07,-1.8319551114981678e-12,1,"[0, 0, 0.33408, 0, 1.0, 0, 1]",8.317907731896093e-10
0.33425000000000005,0,-7.06062930246661e-05,2.3497216624778002e-07,-1.8427117350909687e-12,1,"[0, 0, 0.33425000000000005, 0, 1.0, 0, 1]",8.330737148920021e-10
0.33426,0,-7.06234482935232e-05,2.3500186547263725e-07,-1.8433452296159335e-12,1,"[0, 0, 0.33426, 0, 1.0, 0, 1]",8.331491418986765e-10
0.33443999999999996,0,-7.093186378671048e-05,2.3553570857898e-07,-1.8547624550185353e-12,1,"[0, 0, 0.33443999999999996, 0, 1.0, 0, 1]",8.345060619802849e-10
0.3345444444444445,0,-7.11104935894407e-05,2.3584482791942982e-07,-1.8613997335049313e-12,1,"[0, 0, 0.3345444444444445, 0, 1.0, 0, 1]",8.352927430023092e-10
0.33462,0,-7.123956651699639e-05,2.3606815467281018e-07,-1.866206891273385e-12,1,"[0, 0, 0.33462, 0, 1.0, 0, 1]",8.358615245111798e-10
0.3348,0,-7.154656511343048e-05,2.3659921909228838e-07,-1.8776786405340005e-12,1,"[0, 0, 0.3348, 0, 1.0, 0, 1]",8.372155205981223e-10
0.3348388888888889,0,-7.161280029802934e-05,2.3671377519642333e-07,-1.8801607026132206e-12,1,"[0, 0, 0.3348388888888889, 0, 1.0, 0, 1]",8.375078571192462e-10
0.33497999999999994,0,-7.185286804425956e-05,2.3712891688394367e-07,-1.8891778035756293e-12,1,"[0, 0, 0.33497999999999994, 0, 1.0, 0, 1]",8.385680413773834e-10
0.33513333333333334,0,-7.211325029186749e-05,2.3757907407516768e-07,-1.898995084164587e-12,1,"[0, 0, 0.33513333333333334, 0, 1.0, 0, 1]",8.397190184313002e-10
0.33516,0,-7.215848362091664e-05,2.3765726281006593e-07,-1.9007044798297516e-12,1,"[0, 0, 0.33516, 0, 1.0, 0, 1]",8.399190780142108e-10
0.33533999999999997,0,-7.246342000188567e-05,2.3818427135586407e-07,-1.912258767417469e-12,1,"[0, 0, 0.33533999999999997, 0, 1.0, 0, 1]",8.412686217023249e-10
0.3354277777777778,0,-7.261187959538438e-05,2.384407885276194e-07,-1.9179033103363286e-12,1,"[0, 0, 0.3354277777777778, 0, 1.0, 0, 1]",8.419261883336972e-10
0.33552,0,-7.276768519644928e-05,2.3870995673640234e-07,-1.9238407631819135e-12,1,"[0, 0, 0.33552, 0, 1.0, 0, 1]",8.426166636634367e-10
0.3357,0,-7.307128706831972e-05,2.392343329033186e-07,-1.935450562719584e-12,1,"[0, 0, 0.3357, 0, 1.0, 0, 1]",8.439631951467595e-10
0.33572222222222226,0,-7.310872316054408e-05,2.392989805837554e-07,-1.9368858041191824e-12,1,"[0, 0, 0.33572222222222226, 0, 1.0, 0, 1]",8.441293284225837e-10
0.33587999999999996,0,-7.337423333916027e-05,2.397574135513349e-07,-1.9470882604107317e-12,1,"[0, 0, 0.33587999999999996, 0, 1.0, 0, 1]",8.453082074285614e-10
0.3360166666666667,0,-7.360381490917976e-05,2.4015371040988406e-07,-1.9559429796828968e-12,1,"[0, 0, 0.3360166666666667, 0, 1.0, 0, 1]",8.463284004894798e-10
0.33605999999999997,0,-7.367653159200019e-05,2.4027921212456946e-07,-1.9587539494488337e-12,1,"[0, 0, 0.33605999999999997, 0, 1.0, 0, 1]",8.46651691811703e-10
0.33624,0,-7.39781892745481e-05,2.407997418226548e-07,-1.970447721869165e-12,1,"[0, 0, 0.33624, 0, 1.0, 0, 1]",8.479936396251885e-10
0.3363111111111111,0,-7.409718777324666e-05,2.410050363830438e-07,-1.9750752427235165e-12,1,"[0, 0, 0.3363111111111111, 0, 1.0, 0, 1]",8.485233665159543e-10
0.33641999999999994,0,-7.427921370240424e-05,2.413190156066692e-07,-1.9821696685764563e-12,1,"[0, 0, 0.33641999999999994, 0, 1.0, 0, 1]",8.493340422237669e-10
0.3366,0,-7.457961206218095e-05,2.418370462048928e-07,-1.9939198793718276e-12,1,"[0, 0, 0.3366, 0, 1.0, 0, 1]",8.506728909874859e-10
0.3366055555555556,0,-7.458887373311673e-05,2.418530151617204e-07,-1.9942829907934684e-12,1,"[0, 0, 0.3366055555555556, 0, 1.0, 0, 1]",8.507141886685421e-10
0.33677999999999997,0,-7.487939141452589e-05,2.4235384611838447e-07,-2.005698442978737e-12,1,"[0, 0, 0.33677999999999997, 0, 1.0, 0, 1]",8.520101773212962e-10
0.33690000000000003,0,-7.507890385403483e-05,2.426977017531037e-07,-2.013566613615609e-12,1,"[0, 0, 0.33690000000000003, 0, 1.0, 0, 1]",8.529008292938591e-10
0.33696,0,-7.517855869706274e-05,2.428694276263998e-07,-2.0175054470683513e-12,1,"[0, 0, 0.33696, 0, 1.0, 0, 1]",8.533458926546586e-10
0.33714,0,-7.547712072724187e-05,2.433838027916434e-07,-2.0293409782840315e-12,1,"[0, 0, 0.33714, 0, 1.0, 0, 1]",8.546800284411646e-10
0.33719444444444446,0,-7.556730832083194e-05,2.435391495770823e-07,-2.0329264933819463e-12,1,"[0, 0, 0.33719444444444446, 0, 1.0, 0, 1]",8.550832509139383e-10
0.33731999999999995,0,-7.57750842051104e-05,2.43896983465369e-07,-2.0412051222651587e-12,1,"[0, 0, 0.33731999999999995, 0, 1.0, 0, 1]",8.560125761581383e-10
0.3374888888888889,0,-7.605411647100553e-05,2.4437741052716646e-07,-2.0523630050381516e-12,1,"[0, 0, 0.3374888888888889, 0, 1.0, 0, 1]",8.572614162217621e-10
0.33749999999999997,0,-7.607245571600223e-05,2.44408981292329e-07,-2.0530979636702435e-12,1,"[0, 0, 0.33749999999999997, 0, 1.0, 0, 1]",8.573435273062996e-10
0.33768,0,-7.63692417331508e-05,2.4491980771558004e-07,-2.065019586199356e-12,1,"[0, 0, 0.33768, 0, 1.0, 0, 1]",8.586728734093842e-10
0.3377833333333334,0,-7.653935682624789e-05,2.452125350285102e-07,-2.0718765165543832e-12,1,"[0, 0, 0.3377833333333334, 0, 1.0, 0, 1]",8.59435288076954e-10
0.33785999999999994,0,-7.666544862022753e-05,2.4542947398115023e-07,-2.0769700726159183e-12,1,"[0, 0, 0.33785999999999994, 0, 1.0, 0, 1]",8.600006060138021e-10
0.33804,0,-7.696108263380962e-05,2.4593799114257185e-07,-2.0889495047678917e-12,1,"[0, 0, 0.33804, 0, 1.0, 0, 1]",8.613267166883074e-10
0.3380777777777778,0,-7.702305712252111e-05,2.460445720932067e-07,-2.0914673891835673e-12,1,"[0, 0, 0.3380777777777778, 0, 1.0, 0, 1]",8.616048295016801e-10
0.33821999999999997,0,-7.725614992577602e-05,2.464453700652832e-07,-2.10095796360829e-12,1,"[0, 0, 0.33821999999999997, 0, 1.0, 0, 1]",8.626511970236463e-10
0.33837222222222224,0,-7.750524433874783e-05,2.468735693729973e-07,-2.1111359777074554e-12,1,"[0, 0, 0.33837222222222224, 0, 1.0, 0, 1]",8.637700036766733e-10
0.3384,0,-7.755065654563976e-05,2.469516214309069e-07,-2.1129955292151983e-12,1,"[0, 0, 0.3384, 0, 1.0, 0, 1]",8.639740386322635e-10
0.33858,0,-7.784460844281282e-05,2.474567557414071e-07,-2.1250622808111715e-12,1,"[0, 0, 0.33858, 0, 1.0, 0, 1]",8.65295233147966e-10
0.33866666666666667,0,-7.798594472420142e-05,2.476995732095474e-07,-2.130882630671412e-12,1,"[0, 0, 0.33866666666666667, 0, 1.0, 0, 1]",8.659307739374703e-10
0.33875999999999995,0,-7.813801146880896e-05,2.4796078332312744e-07,-2.1371582967820723e-12,1,"[0, 0, 0.33875999999999995, 0, 1.0, 0, 1]",8.666147722256081e-10
0.33894,0,-7.843087137938734e-05,2.484637143307198e-07,-2.14928365469545e-12,1,"[0, 0, 0.33894, 0, 1.0, 0, 1]",8.679326475408155e-10
0.33896111111111116,0,-7.846518382466286e-05,2.4852262868241967e-07,-2.1507076906084273e-12,1,"[0, 0, 0.33896111111111116, 0, 1.0, 0, 1]",8.680871037707375e-10
0.33912,0,-7.87231938366357e-05,2.4896555875096e-07,-2.161438431318325e-12,1,"[0, 0, 0.33912, 0, 1.0, 0, 1]",8.692488507896826e-10
0.3392555555555556,0,-7.894298650741149e-05,2.4934277965487024e-07,-2.1706114942529905e-12,1,"[0, 0, 0.3392555555555556, 0, 1.0, 0, 1]",8.702389568107754e-10
0.3393,0,-7.901498441099865e-05,2.494663264064617e-07,-2.173622702634565e-12,1,"[0, 0, 0.3393, 0, 1.0, 0, 1]",8.70563373688476e-10
0.33948,0,-7.930624858324885e-05,2.499660269592839e-07,-2.1858365438616792e-12,1,"[0, 0, 0.33948, 0, 1.0, 0, 1]",8.718762079733611e-10
0.33955,0,-7.941937698511028e-05,2.5016006881758335e-07,-2.190594372745283e-12,1,"[0, 0, 0.33955, 0, 1.0, 0, 1]",8.723862968361704e-10
0.33965999999999996,0,-7.959699174640962e-05,2.5046466991444526e-07,-2.1980800294673116e-12,1,"[0, 0, 0.33965999999999996, 0, 1.0, 0, 1]",8.731873454001433e-10
0.33984,0,-7.988721920762041e-05,2.509622646233374e-07,-2.2103532331851057e-12,1,"[0, 0, 0.33984, 0, 1.0, 0, 1]",8.744967777439844e-10
0.33984444444444445,0,-7.989437883864724e-05,2.509745377304613e-07,-2.210656651826375e-12,1,"[0, 0, 0.33984444444444445, 0, 1.0, 0, 1]",8.745290877665277e-10
0.34002,0,-8.017693618995733e-05,2.5145882028704905e-07,-2.2226562280302643e-12,1,"[0, 0, 0.34002, 0, 1.0, 0, 1]",8.758044967991394e-10
0.34013888888888894,0,-8.036801503898328e-05,2.517862268625638e-07,-2.2307986520246956e-12,1,"[0, 0, 0.34013888888888894, 0, 1.0, 0, 1]",8.766672936593707e-10
0.34019999999999995,0,-8.0466147834203e-05,2.5195434595959956e-07,-2.2349890863146314e-12,1,"[0, 0, 0.34019999999999995, 0, 1.0, 0, 1]",8.77110494378724e-10
0.34038,0,-8.075485920057135e-05,2.5244885055108787e-07,-2.2473518796614253e-12,1,"[0, 0, 0.34038, 0, 1.0, 0, 1]",8.784147623144412e-10
0.34043333333333337,0,-8.084030796806211e-05,2.5259517563030177e-07,-2.2510206888344045e-12,1,"[0, 0, 0.34043333333333337, 0, 1.0, 0, 1]",8.788008787071449e-10
0.34056,0,-8.104307527038589e-05,2.529423428307532e-07,-2.2597446790194856e-12,1,"[0, 0, 0.34056, 0, 1.0, 0, 1]",8.797172924563526e-10
0.3407277777777778,0,-8.131127943882754e-05,2.5340142243397495e-07,-2.2713230728860343e-12,1,"[0, 0, 0.3407277777777778, 0, 1.0, 0, 1]",8.809298072343125e-10
0.34074,0,-8.133080094771654e-05,2.5343483142996103e-07,-2.272167554677278e-12,1,"[0, 0, 0.34074, 0, 1.0, 0, 1]",8.810180766726499e-10
0.34092,0,-8.161804106097128e-05,2.539263248451046e-07,-2.2846205762763917e-12,1,"[0, 0, 0.34092, 0, 1.0, 0, 1]",8.823171068493969e-10
0.3410222222222222,0,-8.178095071439631e-05,2.542050046927336e-07,-2.2917061101097565e-12,1,"[0, 0, 0.3410222222222222, 0, 1.0, 0, 1]",8.830540436945956e-10
0.34109999999999996,0,-8.190480036444877e-05,2.544168314404333e-07,-2.297103812824765e-12,1,"[0, 0, 0.34109999999999996, 0, 1.0, 0, 1]",8.836143748903177e-10
0.34128,0,-8.21910835398514e-05,2.5490635945080806e-07,-2.309617332709567e-12,1,"[0, 0, 0.34128, 0, 1.0, 0, 1]",8.849098727165832e-10
0.3413166666666667,0,-8.224934252642449e-05,2.5500595887805215e-07,-2.3121701018916715e-12,1,"[0, 0, 0.3413166666666667, 0, 1.0, 0, 1]",8.851735526682734e-10
0.34146,0,-8.247689519775825e-05,2.5539491698438294e-07,-2.3221612037097e-12,1,"[0, 0, 0.34146, 0, 1.0, 0, 1]",8.862035922665813e-10
0.34161111111111114,0,-8.271647509271379e-05,2.558043205457865e-07,-2.3327153452235368e-12,1,"[0, 0, 0.34161111111111114, 0, 1.0, 0, 1]",8.872882988596071e-10
0.34163999999999994,0,-8.276223987906181e-05,2.5588251202521897e-07,-2.3347354930080035e-12,1,"[0, 0, 0.34163999999999994, 0, 1.0, 0, 1]",8.874955254957044e-10
0.34182,0,-8.304712205636962e-05,2.5636915243583223e-07,-2.3473402672031944e-12,1,"[0, 0, 0.34182, 0, 1.0, 0, 1]",8.887856643761514e-10
0.3419055555555556,0,-8.318236813409109e-05,2.5660012436688653e-07,-2.353342132846176e-12,1,"[0, 0, 0.3419055555555556, 0, 1.0, 0, 1]",8.893982470943508e-10
0.34199999999999997,0,-8.333154613536754e-05,2.568548459596728e-07,-2.3599755923213786e-12,1,"[0, 0, 0.34199999999999997, 0, 1.0, 0, 1]",8.900740008967184e-10
0.34218,0,-8.361551645615205e-05,2.573396002235458e-07,-2.3726415338274e-12,1,"[0, 0, 0.34218, 0, 1.0, 0, 1]",8.913605270625966e-10
0.3422,0,-8.36470408905983e-05,2.5739340415683203e-07,-2.3740507533869266e-12,1,"[0, 0, 0.3422, 0, 1.0, 0, 1]",8.915033623173371e-10
0.34236,0,-8.389903729452908e-05,2.5782342273996823e-07,-2.385338156635855e-12,1,"[0, 0, 0.34236, 0, 1.0, 0, 1]",8.92645234895189e-10
0.3424944444444445,0,-8.411051213702885e-05,2.5818419290385664e-07,-2.3948414914915047e-12,1,"[0, 0, 0.3424944444444445, 0, 1.0, 0, 1]",8.936036095901701e-10
0.34253999999999996,0,-8.418211286327842e-05,2.583063209094659e-07,-2.3980655251217688e-12,1,"[0, 0, 0.34253999999999996, 0, 1.0, 0, 1]",8.939281164319067e-10
0.34271999999999997,0,-8.446474731339033e-05,2.587883020228166e-07,-2.4108237031311243e-12,1,"[0, 0, 0.34271999999999997, 0, 1.0, 0, 1]",8.95209163725996e-10
0.3427888888888889,0,-8.457280019783474e-05,2.5897252279601164e-07,-2.4157146279502728e-12,1,"[0, 0, 0.3427888888888889, 0, 1.0, 0, 1]",8.956989540889785e-10
0.3429,0,-8.474694473526924e-05,2.592693732632327e-07,-2.4236127539910123e-12,1,"[0, 0, 0.3429, 0, 1.0, 0, 1]",8.964883688463366e-10
0.34307999999999994,0,-8.502870915991028e-05,2.597495417084938e-07,-2.4364327405196215e-12,1,"[0, 0, 0.34307999999999994, 0, 1.0, 0, 1]",8.977657238772932e-10
0.34308333333333335,0,-8.50339229614455e-05,2.597584252471392e-07,-2.4366704398196214e-12,1,"[0, 0, 0.34308333333333335, 0, 1.0, 0, 1]",8.97789361102248e-10
0.34326,0,-8.531004456004616e-05,2.6022881433302485e-07,-2.4492837250359403e-12,1,"[0, 0, 0.34326, 0, 1.0, 0, 1]",8.990412209185124e-10
0.3433777777777778,0,-8.549389789401663e-05,2.605419309217958e-07,-2.4577092005382954e-12,1,"[0, 0, 0.3433777777777778, 0, 1.0, 0, 1]",8.998747960287472e-10
0.34343999999999997,0,-8.559095485126537e-05,2.6070719800992263e-07,-2.4621657693691774e-12,1,"[0, 0, 0.34343999999999997, 0, 1.0, 0, 1]",9.003148520847587e-10
0.34362,0,-8.587144389310687e-05,2.6118469951293447e-07,-2.475078934868057e-12,1,"[0, 0, 0.34362, 0, 1.0, 0, 1]",9.01586609505755e-10
0.34367222222222227,0,-8.595274205264262e-05,2.613230697591826e-07,-2.478831180039189e-12,1,"[0, 0, 0.34367222222222227, 0, 1.0, 0, 1]",9.019552243754888e-10
0.3438,0,-8.615151549012492e-05,2.6166132551838847e-07,-2.4880232824097927e-12,1,"[0, 0, 0.3438, 0, 1.0, 0, 1]",9.028564853260195e-10
0.3439666666666667,0,-8.641047209805152e-05,2.621018709961259e-07,-2.5000366448565716e-12,1,"[0, 0, 0.3439666666666667, 0, 1.0, 0, 1]",9.040306117558044e-10
0.34397999999999995,0,-8.643117339293136e-05,2.621370826070766e-07,-2.500998872408902e-12,1,"[0, 0, 0.34397999999999995, 0, 1.0, 0, 1]",9.041244717046863e-10
0.34415999999999997,0,-8.671042129921256e-05,2.626119772660923e-07,-2.5140057648257876e-12,1,"[0, 0, 0.34415999999999997, 0, 1.0, 0, 1]",9.053905608153713e-10
0.34426111111111113,0,-8.686710430681539e-05,2.6287836318915974e-07,-2.5213258582293034e-12,1,"[0, 0, 0.34426111111111113, 0, 1.0, 0, 1]",9.061009238874238e-10
0.34434,0,-8.698926285472112e-05,2.6308601589062566e-07,-2.527044019175105e-12,1,"[0, 0, 0.34434, 0, 1.0, 0, 1]",9.066547448459921e-10
0.34451999999999994,0,-8.726770165424632e-05,2.635592047857131e-07,-2.5401136945339343e-12,1,"[0, 0, 0.34451999999999994, 0, 1.0, 0, 1]",9.079170159986468e-10
0.34455555555555556,0,-8.732265458308701e-05,2.6365257423574105e-07,-2.542699080199794e-12,1,"[0, 0, 0.34455555555555556, 0, 1.0, 0, 1]",9.081661265906863e-10
0.3447,0,-8.754574124256031e-05,2.6403155016794887e-07,-2.5532148495497764e-12,1,"[0, 0, 0.3447, 0, 1.0, 0, 1]",9.091773664894352e-10
0.34485000000000005,0,-8.777713846989645e-05,2.6442453139465044e-07,-2.564156567709348e-12,1,"[0, 0, 0.34485000000000005, 0, 1.0, 0, 1]",9.102261857867384e-10
0.34487999999999996,0,-8.782338511534431e-05,2.64503058167153e-07,-2.5663475424483387e-12,1,"[0, 0, 0.34487999999999996, 0, 1.0, 0, 1]",9.104357885483436e-10
0.34506,0,-8.810063672009185e-05,2.6497373482800394e-07,-2.5795118310411836e-12,1,"[0, 0, 0.34506, 0, 1.0, 0, 1]",9.116922744190666e-10
0.3451444444444445,0,-8.823057116001666e-05,2.651942613056054e-07,-2.5856985746896653e-12,1,"[0, 0, 0.3451444444444445, 0, 1.0, 0, 1]",9.122810674958576e-10
0.34524,0,-8.83774994569914e-05,2.654435861116282e-07,-2.5927077727331064e-12,1,"[0, 0, 0.34524, 0, 1.0, 0, 1]",9.129468163589e-10
0.34541999999999995,0,-8.865397667978942e-05,2.659126178971562e-07,-2.605935424529418e-12,1,"[0, 0, 0.34541999999999995, 0, 1.0, 0, 1]",9.141994066385837e-10
0.3454388888888889,0,-8.868296750642733e-05,2.6596179000812947e-07,-2.607325352151017e-12,1,"[0, 0, 0.3454388888888889, 0, 1.0, 0, 1]",9.143307378357705e-10
0.3456,0,-8.893007169663377e-05,2.663808359832433e-07,-2.619194843043066e-12,1,"[0, 0, 0.3456, 0, 1.0, 0, 1]",9.154500375421804e-10
0.34573333333333334,0,-8.91343420323859e-05,2.6672714295970656e-07,-2.6290371482669555e-12,1,"[0, 0, 0.34573333333333334, 0, 1.0, 0, 1]",9.1637516302007e-10
0.34578,0,-8.920578777089814e-05,2.668482460895512e-07,-2.6324860845015353e-12,1,"[0, 0, 0.34578, 0, 1.0, 0, 1]",9.166987013669238e-10
0.34596,0,-8.948112812198618e-05,2.6731485385819986e-07,-2.6458092047536074e-12,1,"[0, 0, 0.34596, 0, 1.0, 0, 1]",9.17945390423112e-10
0.3460277777777778,0,-8.95847089411312e-05,2.6749034505325487e-07,-2.650834208455943e-12,1,"[0, 0, 0.3460277777777778, 0, 1.0, 0, 1]",9.184143093566457e-10
0.34614,0,-8.975609592612056e-05,2.677806648551835e-07,-2.6591642592760016e-12,1,"[0, 0, 0.34614, 0, 1.0, 0, 1]",9.19190097033974e-10
0.34631999999999996,0,-9.003069431711227e-05,2.682456845717564e-07,-2.67255130317984e-12,1,"[0, 0, 0.34631999999999996, 0, 1.0, 0, 1]",9.204328135355232e-10
0.34632222222222225,0,-9.003408212522888e-05,2.6825142063394836e-07,-2.6727167754598422e-12,1,"[0, 0, 0.34632222222222225, 0, 1.0, 0, 1]",9.204481432461872e-10
0.3465,0,-9.030492638711387e-05,2.6870991842578583e-07,-2.685970391216971e-12,1,"[0, 0, 0.3465, 0, 1.0, 0, 1]",9.216735322764755e-10
0.3466166666666667,0,-9.048247517558061e-05,2.6901039351542113e-07,-2.6946850894196383e-12,1,"[0, 0, 0.3466166666666667, 0, 1.0, 0, 1]",9.224766311807213e-10
0.34668,0,-9.057879518735479e-05,2.691733717630747e-07,-2.699421577786118e-12,1,"[0, 0, 0.34668, 0, 1.0, 0, 1]",9.229122456180859e-10
0.34685999999999995,0,-9.085230372886162e-05,2.6963604985865534e-07,-2.712904916938938e-12,1,"[0, 0, 0.34685999999999995, 0, 1.0, 0, 1]",9.241489459340628e-10
0.3469111111111111,0,-9.092990139010622e-05,2.6976728699537125e-07,-2.716739387948243e-12,1,"[0, 0, 0.3469111111111111, 0, 1.0, 0, 1]",9.244997397422099e-10
0.34704,0,-9.112545498316252e-05,2.7009795791805313e-07,-2.726420462385916e-12,1,"[0, 0, 0.34704, 0, 1.0, 0, 1]",9.253836256104476e-10
0.3472055555555556,0,-9.137637378211675e-05,2.7052212387060014e-07,-2.7388799062007354e-12,1,"[0, 0, 0.3472055555555556, 0, 1.0, 0, 1]",9.265174356011631e-10
0.34722,0,-9.139825188297592e-05,2.7055910107852395e-07,-2.739968267502154e-12,1,"[0, 0, 0.34722, 0, 1.0, 0, 1]",9.266162770454802e-10
0.3474,0,-9.167069732288418e-05,2.710194844102624e-07,-2.7535483853330013e-12,1,"[0, 0, 0.3474, 0, 1.0, 0, 1]",9.278468926495048e-10
0.34750000000000003,0,-9.182190508838893e-05,2.7127492645150747e-07,-2.7611068769420258e-12,1,"[0, 0, 0.34750000000000003, 0, 1.0, 0, 1]",9.285296855153112e-10
0.34758,0,-9.19427941599929e-05,2.7147911291758444e-07,-2.7671608685995783e-12,1,"[0, 0, 0.34758, 0, 1.0, 0, 1]",9.290754648448704e-10
0.34775999999999996,0,-9.221454521457597e-05,2.719379915400831e-07,-2.780805769704171e-12,1,"[0, 0, 0.34775999999999996, 0, 1.0, 0, 1]",9.3030198606579e-10
0.34779444444444446,0,-9.226650777695704e-05,2.720257165760653e-07,-2.783420530612138e-12,1,"[0, 0, 0.34779444444444446, 0, 1.0, 0, 1]",9.30536456328309e-10
0.34793999999999997,0,-9.248595327070702e-05,2.72396125153761e-07,-2.794483140735534e-12,1,"[0, 0, 0.34793999999999997, 0, 1.0, 0, 1]",9.315264487582709e-10
0.3480888888888889,0,-9.271019405462838e-05,2.7277451562329284e-07,-2.8058210953890506e-12,1,"[0, 0, 0.3480888888888889, 0, 1.0, 0, 1]",9.32537714968506e-10
0.34812,0,-9.275702107687655e-05,2.728535185721353e-07,-2.808193033474022e-12,1,"[0, 0, 0.34812, 0, 1.0, 0, 1]",9.327488453799892e-10
0.34829999999999994,0,-9.302775134659706e-05,2.733101765473211e-07,-2.821935499396667e-12,1,"[0, 0, 0.34829999999999994, 0, 1.0, 0, 1]",9.339691684001943e-10
0.3483833333333334,0,-9.315297587424237e-05,2.7352134452625843e-07,-2.8283087972495083e-12,1,"[0, 0, 0.3483833333333334, 0, 1.0, 0, 1]",9.34533428447678e-10
0.34848,0,-9.329814675899458e-05,2.7376610377109104e-07,-2.835710589682126e-12,1,"[0, 0, 0.34848, 0, 1.0, 0, 1]",9.3518741029961e-10
0.34865999999999997,0,-9.356820995938797e-05,2.742213048759108e-07,-2.8495183552155026e-12,1,"[0, 0, 0.34865999999999997, 0, 1.0, 0, 1]",9.364035635703282e-10
0.3486777777777778,0,-9.359486494167357e-05,2.74266223784618e-07,-2.850883860027446e-12,1,"[0, 0, 0.3486777777777778, 0, 1.0, 0, 1]",9.365235638599011e-10
0.34884,0,-9.38379435598567e-05,2.7467578443595423e-07,-2.863358846593113e-12,1,"[0, 0, 0.34884, 0, 1.0, 0, 1]",9.376176207157268e-10
0.34897222222222224,0,-9.403587272259992e-05,2.750091734767226e-07,-2.873546505470622e-12,1,"[0, 0, 0.34897222222222224, 0, 1.0, 0, 1]",9.385080883803682e-10
0.34902,0,-9.410735013979484e-05,2.751295469680959e-07,-2.877232114127081e-12,1,"[0, 0, 0.34902, 0, 1.0, 0, 1]",9.388295742503647e-10
0.34919999999999995,0,-9.437643224645652e-05,2.7558259693288305e-07,-2.8911382078499253e-12,1,"[0, 0, 0.34919999999999995, 0, 1.0, 0, 1]",9.400394166998925e-10
0.34926666666666667,0,-9.447601044903596e-05,2.757502132713023e-07,-2.8962969532951e-12,1,"[0, 0, 0.34926666666666667, 0, 1.0, 0, 1]",9.404869692642694e-10
0.34937999999999997,0,-9.464519239548657e-05,2.760349387354862e-07,-2.905077177518945e-12,1,"[0, 0, 0.34937999999999997, 0, 1.0, 0, 1]",9.412471406009441e-10
0.34956,0,-9.491363307144331e-05,2.764865767266305e-07,-2.9190490726206005e-12,1,"[0, 0, 0.34956, 0, 1.0, 0, 1]",9.424527385010813e-10
0.34956111111111116,0,-9.491528912565017e-05,2.764893624387498e-07,-2.9191354212380167e-12,1,"[0, 0, 0.34956111111111116, 0, 1.0, 0, 1]",9.42460173845732e-10
0.34973999999999994,0,-9.518175672830921e-05,2.7693751520350896e-07,-2.9330539423747908e-12,1,"[0, 0, 0.34973999999999994, 0, 1.0, 0, 1]",9.436562029586688e-10
0.3498555555555556,0,-9.535371953586418e-05,2.77226639862015e-07,-2.942062125108346e-12,1,"[0, 0, 0.3498555555555556, 0, 1.0, 0, 1]",9.444276695367333e-10
0.34992,0,-9.544956578999118e-05,2.7738775841067275e-07,-2.9470918357389886e-12,1,"[0, 0, 0.34992, 0, 1.0, 0, 1]",9.44857526542808e-10
0.35009999999999997,0,-9.571706265080934e-05,2.778373105409068e-07,-2.961162801412302e-12,1,"[0, 0, 0.35009999999999997, 0, 1.0, 0, 1]",9.460567018332524e-10
0.35015,0,-9.579131224775416e-05,2.7796206404713575e-07,-2.9650772788361686e-12,1,"[0, 0, 0.35015, 0, 1.0, 0, 1]",9.46389423826095e-10
0.35028,0,-9.598424967597934e-05,2.7828617573608654e-07,-2.9752668878395422e-12,1,"[0, 0, 0.35028, 0, 1.0, 0, 1]",9.472537214203097e-10
0.35044444444444445,0,-9.622807761975352e-05,2.7869565313340714e-07,-2.988181094520111e-12,1,"[0, 0, 0.35044444444444445, 0, 1.0, 0, 1]",9.483454042784827e-10
0.35046,0,-9.625112920208173e-05,2.7873435808801497e-07,-2.989404143215086e-12,1,"[0, 0, 0.35046, 0, 1.0, 0, 1]",9.484485779047542e-10
0.35063999999999995,0,-9.651770353752256e-05,2.791818616392446e-07,-3.0035746154867106e-12,1,"[0, 0, 0.35063999999999995, 0, 1.0, 0, 1]",9.496412638977853e-10
0.35073888888888893,0,-9.666402580616852e-05,2.7942742490321376e-07,-3.01137378247326e-12,1,"[0, 0, 0.35073888888888893, 0, 1.0, 0, 1]",9.502955785334188e-10
0.35081999999999997,0,-9.678397496298593e-05,2.7962869038388267e-07,-3.0177783523593824e-12,1,"[0, 0, 0.35081999999999997, 0, 1.0, 0, 1]",9.508317720208956e-10
0.351,0,-9.704994573187678e-05,2.800748482683786e-07,-3.0320154012989264e-12,1,"[0, 0, 0.351, 0, 1.0, 0, 1]",9.520200949058241e-10
0.35103333333333336,0,-9.709916676251475e-05,2.801573967915341e-07,-3.034655551267575e-12,1,"[0, 0, 0.35103333333333336, 0, 1.0, 0, 1]",9.522399143043466e-10
0.35118,0,-9.73156180707537e-05,2.8052033919229605e-07,-3.0462858095356043e-12,1,"[0, 0, 0.35118, 0, 1.0, 0, 1]",9.532062251944717e-10
0.3513277777777778,0,-9.753351025067879e-05,2.8088558589512964e-07,-3.058026607776776e-12,1,"[0, 0, 0.3513277777777778, 0, 1.0, 0, 1]",9.541783793777148e-10
0.35136,0,-9.758099417975574e-05,2.8096516700907066e-07,-3.0605896240676978e-12,1,"[0, 0, 0.35136, 0, 1.0, 0, 1]",9.543901555388126e-10
0.35153999999999996,0,-9.784607623301793e-05,2.814093355267496e-07,-3.0749268916649084e-12,1,"[0, 0, 0.35153999999999996, 0, 1.0, 0, 1]",9.555718786008368e-10
0.3516222222222222,0,-9.796706584391449e-05,2.816120089814336e-07,-3.0814871572178754e-12,1,"[0, 0, 0.3516222222222222, 0, 1.0, 0, 1]",9.56110941612065e-10
0.35172,0,-9.811086637908132e-05,2.8185284850872095e-07,-3.089297658871828e-12,1,"[0, 0, 0.35172, 0, 1.0, 0, 1]",9.567513870524765e-10
0.3519,0,-9.83753667412929e-05,2.8229570967442323e-07,-3.1037019720112027e-12,1,"[0, 0, 0.3519, 0, 1.0, 0, 1]",9.579286735755071e-10
0.3519166666666667,0,-9.8399842931678e-05,2.8233668249714863e-07,-3.1050374031913112e-12,1,"[0, 0, 0.3519166666666667, 0, 1.0, 0, 1]",9.58037568937163e-10
0.35207999999999995,0,-9.86395794181988e-05,2.8273792270004487e-07,-3.118139877187221e-12,1,"[0, 0, 0.35207999999999995, 0, 1.0, 0, 1]",9.591037308614983e-10
0.35221111111111114,0,-9.883185072431072e-05,2.830596225765663e-07,-3.1286775477198433e-12,1,"[0, 0, 0.35221111111111114, 0, 1.0, 0, 1]",9.599582293531562e-10
0.35226,0,-9.890350648392985e-05,2.8317949121920835e-07,-3.1326114202887176e-12,1,"[0, 0, 0.35226, 0, 1.0, 0, 1]",9.602765516117549e-10
0.35244,0,-9.916714998857875e-05,2.8362041882364e-07,-3.147116646992271e-12,1,"[0, 0, 0.35244, 0, 1.0, 0, 1]",9.61447128537206e-10
0.35250555555555557,0,-9.926309825757131e-05,2.8378084504961804e-07,-3.1524077912861085e-12,1,"[0, 0, 0.35250555555555557, 0, 1.0, 0, 1]",9.61872890929729e-10
0.35262,0,-9.943051195857096e-05,2.8406070906382843e-07,-3.1616556027653003e-12,1,"[0, 0, 0.35262, 0, 1.0, 0, 1]",9.626154543583778e-10
0.3528,0,-9.969359439702881e-05,2.845003654496695e-07,-3.1762283328690987e-12,1,"[0, 0, 0.3528, 0, 1.0, 0, 1]",9.637815218053088e-10
0.35297999999999996,0,-9.9956399284127e-05,2.849393914510971e-07,-3.190834882361734e-12,1,"[0, 0, 0.35297999999999996, 0, 1.0, 0, 1]",9.649453236174807e-10
0.3530944444444445,0,-0.0001001233478423146,2.852181990210654e-07,-3.20013936997934e-12,1,"[0, 0, 0.3530944444444445, 0, 1.0, 0, 1]",9.656840901862605e-10
0.35316,0,-0.00010021892857744312,2.853777904987053e-07,-3.205475296101005e-12,1,"[0, 0, 0.35316, 0, 1.0, 0, 1]",9.66106852543754e-10
0.35334,0,-0.00010048118421230013,2.8581556598435383e-07,-3.2201496187472282e-12,1,"[0, 0, 0.35334, 0, 1.0, 0, 1]",9.67266101342312e-10
0.3533888888888889,0,-0.00010055236713124543,2.85934360726438e-07,-3.224141098693091e-12,1,"[0, 0, 0.3533888888888889, 0, 1.0, 0, 1]",9.675805643461216e-10
0.35351999999999995,0,-0.00010074316810210303,2.862527212617657e-07,-3.2348578947660436e-12,1,"[0, 0, 0.35351999999999995, 0, 1.0, 0, 1]",9.684230627805919e-10
0.35368333333333335,0,-0.00010098066064381746,2.866488652537832e-07,-3.2482337136853558e-12,1,"[0, 0, 0.35368333333333335, 0, 1.0, 0, 1]",9.6947091262487e-10
0.3537,0,-0.00010100488213866987,2.8668925964711225e-07,-3.249600168431172e-12,1,"[0, 0, 0.3537, 0, 1.0, 0, 1]",9.695777296352207e-10
0.35388,0,-0.0001012663281925547,2.8712518441958577e-07,-3.264376483827052e-12,1,"[0, 0, 0.35388, 0, 1.0, 0, 1]",9.707300946919486e-10
0.3539777777777778,0,-0.00010140823660607963,2.873617270233187e-07,-3.2724174082619943e-12,1,"[0, 0, 0.3539777777777778, 0, 1.0, 0, 1]",9.713551034281627e-10
0.35406,0,-0.0001015275081133667,2.875604988219632e-07,-3.279186884851515e-12,1,"[0, 0, 0.35406, 0, 1.0, 0, 1]",9.718801507456014e-10
0.35424,0,-0.00010178842373008109,2.879952060611575e-07,-3.294031415218318e-12,1,"[0, 0, 0.35424, 0, 1.0, 0, 1]",9.730278906000155e-10
0.35427222222222227,0,-0.00010183510309388636,2.880729601941284e-07,-3.296692374390716e-12,1,"[0, 0, 0.35427222222222227, 0, 1.0, 0, 1]",9.732331052266326e-10
0.35441999999999996,0,-0.0001020490768513466,2.884293093087596e-07,-3.3089101184597175e-12,1,"[0, 0, 0.35441999999999996, 0, 1.0, 0, 1]",9.741733070679824e-10
0.3545666666666667,0,-0.0001022612680365394,2.8878257867060054e-07,-3.3210588027312014e-12,1,"[0, 0, 0.3545666666666667, 0, 1.0, 0, 1]",9.751048865551995e-10
0.35459999999999997,0,-0.00010230946926578558,2.8886281170157027e-07,-3.323823037928944e-12,1,"[0, 0, 0.35459999999999997, 0, 1.0, 0, 1]",9.753163929711709e-10
0.35478,0,-0.00010256960274228832,2.8929571634212026e-07,-3.33877021680259e-12,1,"[0, 0, 0.35478, 0, 1.0, 0, 1]",9.764571411400921e-10
0.3548611111111111,0,-0.0001026867392203177,2.894905961086698e-07,-3.345516882664247e-12,1,"[0, 0, 0.3548611111111111, 0, 1.0, 0, 1]",9.769704160123815e-10
0.35495999999999994,0,-0.00010282947903030461,2.8972802629918376e-07,-3.3537516980830942e-12,1,"[0, 0, 0.35495999999999994, 0, 1.0, 0, 1]",9.775955444140388e-10
0.35514,0,-0.00010308909986012645,2.901597446082792e-07,-3.3687675246010063e-12,1,"[0, 0, 0.35514, 0, 1.0, 0, 1]",9.78731595641028e-10
0.35515555555555556,0,-0.00010311152429190435,2.901970259218716e-07,-3.37006680232014e-12,1,"[0, 0, 0.35515555555555556, 0, 1.0, 0, 1]",9.78829662259633e-10
0.35531999999999997,0,-0.00010334846694316796,2.905908742721636e-07,-3.383817739017342e-12,1,"[0, 0, 0.35531999999999997, 0, 1.0, 0, 1]",9.798652876777344e-10
0.35545000000000004,0,-0.00010353563076170813,2.9090188128720715e-07,-3.3947087486059816e-12,1,"[0, 0, 0.35545000000000004, 0, 1.0, 0, 1]",9.80682594020677e-10
0.3555,0,-0.00010360758197223967,2.9102141826131446e-07,-3.398902383825815e-12,1,"[0, 0, 0.3555, 0, 1.0, 0, 1]",9.809966133894642e-10
0.35568,0,-0.00010386644662181723,2.914513795144069e-07,-3.4140215013550782e-12,1,"[0, 0, 0.35568, 0, 1.0, 0, 1]",9.821255656500637e-10
0.3557444444444445,0,-0.00010395906600709008,2.9160517515083806e-07,-3.4194429072323796e-12,1,"[0, 0, 0.3557444444444445, 0, 1.0, 0, 1]",9.8252918008089e-10
0.35585999999999995,0,-0.00010412506254830669,2.9188076093877804e-07,-3.4291751337709048e-12,1,"[0, 0, 0.35585999999999995, 0, 1.0, 0, 1]",9.83252137341905e-10
0.3560388888888889,0,-0.00010438183727549319,2.923069202336077e-07,-3.4442694627392425e-12,1,"[0, 0, 0.3560388888888889, 0, 1.0, 0, 1]",9.84369389286679e-10
0.35603999999999997,0,-0.00010438343139030279,2.9230956541088606e-07,-3.4443633230783088e-12,1,"[0, 0, 0.35603999999999997, 0, 1.0, 0, 1]",9.843763213558028e-10
0.35622,0,-0.00010464155476884487,2.9273779577675786e-07,-3.459586111123648e-12,1,"[0, 0, 0.35622, 0, 1.0, 0, 1]",9.854981105909929e-10
0.35633333333333334,0,-0.00010480395168748224,2.930071290363982e-07,-3.469188598520852e-12,1,"[0, 0, 0.35633333333333334, 0, 1.0, 0, 1]",9.862031905448694e-10
0.35639999999999994,0,-0.00010489943428766716,2.931654548524321e-07,-3.4748435395967124e-12,1,"[0, 0, 0.35639999999999994, 0, 1.0, 0, 1]",9.86617497955055e-10
0.35658,0,-0.00010515707153344523,2.935925454243927e-07,-3.490135650032772e-12,1,"[0, 0, 0.35658, 0, 1.0, 0, 1]",9.877344763638761e-10
0.3566277777777778,0,-0.0001052254162396935,2.9370581384533005e-07,-3.49420049685016e-12,1,"[0, 0, 0.3566277777777778, 0, 1.0, 0, 1]",9.880305528221166e-10
0.35675999999999997,0,-0.00010541446807603589,2.9401907024999087e-07,-3.5054624838144537e-12,1,"[0, 0, 0.35675999999999997, 0, 1.0, 0, 1]",9.888490387415971e-10
0.35692222222222225,0,-0.00010564623780770115,2.944029867368092e-07,-3.5193053389024306e-12,1,"[0, 0, 0.35692222222222225, 0, 1.0, 0, 1]",9.898514451443128e-10
0.35694,0,-0.00010567162546871661,2.9444503205786736e-07,-3.520824082173838e-12,1,"[0, 0, 0.35694, 0, 1.0, 0, 1]",9.89961178020575e-10
0.35712,0,-0.0001059285452484177,2.9487043354835984e-07,-3.536220486194294e-12,1,"[0, 0, 0.35712, 0, 1.0, 0, 1]",9.910708871413188e-10
0.3572166666666667,0,-0.00010606642314880007,2.9509865958242467e-07,-3.544503304778129e-12,1,"[0, 0, 0.3572166666666667, 0, 1.0, 0, 1]",9.916658365960457e-10
0.35729999999999995,0,-0.00010618522893595163,2.952952773939069e-07,-3.5516517368123887e-12,1,"[0, 0, 0.35729999999999995, 0, 1.0, 0, 1]",9.921781590524487e-10
0.35747999999999996,0,-0.00010644167803623788,2.957195662394445e-07,-3.5671178748197387e-12,1,"[0, 0, 0.35747999999999996, 0, 1.0, 0, 1]",9.932829867106642e-10
0.3575111111111111,0,-0.00010648597890470978,2.957928440537065e-07,-3.569794573525207e-12,1,"[0, 0, 0.3575111111111111, 0, 1.0, 0, 1]",9.93473696320011e-10
0.35766,0,-0.00010669789403852524,2.961433027027939e-07,-3.5826189408648574e-12,1,"[0, 0, 0.35766, 0, 1.0, 0, 1]",9.943853630806707e-10
0.3578055555555556,0,-0.00010690491160420157,2.964855516267448e-07,-3.595179323160718e-12,1,"[0, 0, 0.3578055555555556, 0, 1.0, 0, 1]",9.952749935164926e-10
0.35784,0,-0.00010695387841660725,2.9656648937504357e-07,-3.5981549754548666e-12,1,"[0, 0, 0.35784, 0, 1.0, 0, 1]",9.954852811351597e-10
0.35802,0,-0.00010720963262903777,2.969891288209256e-07,-3.6137260189573454e-12,1,"[0, 0, 0.35802, 0, 1.0, 0, 1]",9.965827338547434e-10
0.35810000000000003,0,-0.00010732322766565085,2.971767935866747e-07,-3.620657730691777e-12,1,"[0, 0, 0.35810000000000003, 0, 1.0, 0, 1]",9.97069697442829e-10
0.35819999999999996,0,-0.00010746515811933974,2.974112235791835e-07,-3.6293321116019927e-12,1,"[0, 0, 0.35819999999999996, 0, 1.0, 0, 1]",9.976777142279287e-10
0.35838,0,-0.00010772045631621217,2.9783277616293465e-07,-3.644973293482358e-12,1,"[0, 0, 0.35838, 0, 1.0, 0, 1]",9.98770215251066e-10
0.35839444444444446,0,-0.00010774093339952031,2.978665810320377e-07,-3.646229972136076e-12,1,"[0, 0, 0.35839444444444446, 0, 1.0, 0, 1]",9.98857777412879e-10
0.35856,0,-0.00010797552863373287,2.9825378906002705e-07,-3.660649604557506e-12,1,"[0, 0, 0.35856, 0, 1.0, 0, 1]",9.998602299282966e-10
0.3586888888888889,0,-0.00010815803501076933,2.985549248790141e-07,-3.671896222541586e-12,1,"[0, 0, 0.3586888888888889, 0, 1.0, 0, 1]",1.0006392027965286e-09
0.35873999999999995,0,-0.00010823037647155717,2.9867426473338783e-07,-3.6763610846536195e-12,1,"[0, 0, 0.35873999999999995, 0, 1.0, 0, 1]",1.0009477512715268e-09
0.35892,0,-0.0001084850012151151,2.990942056213683e-07,-3.692107773465666e-12,1,"[0, 0, 0.35892, 0, 1.0, 0, 1]",1.0020327723003738e-09
0.3589833333333334,0,-0.00010857453860120185,2.992418358655392e-07,-3.6976566560059455e-12,1,"[0, 0, 0.3589833333333334, 0, 1.0, 0, 1]",1.0024139430191917e-09
0.3591,0,-0.00010873940423580331,2.995136141380812e-07,-3.707889710558942e-12,1,"[0, 0, 0.3591, 0, 1.0, 0, 1]",1.0031152860421393e-09
0.3592777777777778,0,-0.00010899045017174424,2.999273245553021e-07,-3.723511445695094e-12,1,"[0, 0, 0.3592777777777778, 0, 1.0, 0, 1]",1.0041819675613e-09
0.35928,0,-0.00010899358689117404,2.9993249267373265e-07,-3.723706935370621e-12,1,"[0, 0, 0.35928, 0, 1.0, 0, 1]",1.0041952855317492e-09
0.35946,0,-0.0001092475505251231,3.003508435949496e-07,-3.7395594872113475e-12,1,"[0, 0, 0.35946, 0, 1.0, 0, 1]",1.0052727638117153e-09
0.35957222222222224,0,-0.00010940577562466543,3.0061140134163485e-07,-3.7494607638615975e-12,1,"[0, 0, 0.35957222222222224, 0, 1.0, 0, 1]",1.0059432459578452e-09
0.35963999999999996,0,-0.00010950129646807072,3.0076866924509883e-07,-3.755447405266636e-12,1,"[0, 0, 0.35963999999999996, 0, 1.0, 0, 1]",1.0063477139321191e-09
0.35982,0,-0.00010975482603714376,3.011859719446047e-07,-3.771370728598463e-12,1,"[0, 0, 0.35982, 0, 1.0, 0, 1]",1.0074201289505479e-09
0.35986666666666667,0,-0.00010982052076573281,3.0129407645129067e-07,-3.775504781862276e-12,1,"[0, 0, 0.35986666666666667, 0, 1.0, 0, 1]",1.0076977477979177e-09
0.36,0,-0.00011000814053635167,3.0160275399125707e-07,-3.787329496146645e-12,1,"[0, 0, 0.36, 0, 1.0, 0, 1]",1.0084900019320583e-09
0.36016111111111115,0,-0.0001102346913063118,3.0197535994812104e-07,-3.8016436701754994e-12,1,"[0, 0, 0.36016111111111115, 0, 1.0, 0, 1]",1.009445442724218e-09
0.3604555555555556,0,-0.00011064829286540695,3.0265526173664973e-07,-3.8278775984178966e-12,1,"[0, 0, 0.3604555555555556, 0, 1.0, 0, 1]",1.0111863004326347e-09
0.36075,0,-0.00011106133097165086,3.0333379156554875e-07,-3.854206735360716e-12,1,"[0, 0, 0.36075, 0, 1.0, 0, 1]",1.0129202906717713e-09
0.36104444444444445,0,-0.00011147381106523649,3.040109590310225e-07,-3.880631248945644e-12,1,"[0, 0, 0.36104444444444445, 0, 1.0, 0, 1]",1.0146473832425624e-09
0.36133888888888893,0,-0.00011188573849980214,3.046867735800978e-07,-3.907151306300319e-12,1,"[0, 0, 0.36133888888888893, 0, 1.0, 0, 1]",1.0163675479978018e-09
0.36163333333333336,0,-0.00011229711854426205,3.0536124451382553e-07,-3.933767073753258e-12,1,"[0, 0, 0.36163333333333336, 0, 1.0, 0, 1]",1.0180807548417339e-09
0.3619277777777778,0,-0.00011270795638459373,3.0603438099039984e-07,-3.960478716848619e-12,1,"[0, 0, 0.3619277777777778, 0, 1.0, 0, 1]",1.0197869737296798e-09
0.3622222222222222,0,-0.00011311825712557399,3.0670619202818976e-07,-3.987286400360332e-12,1,"[0, 0, 0.3622222222222222, 0, 1.0, 0, 1]",1.0214861746675892e-09
0.3625166666666667,0,-0.00011352802579247417,3.0737668650869446e-07,-4.014190288306086e-12,1,"[0, 0, 0.3625166666666667, 0, 1.0, 0, 1]",1.0231783277116908e-09
0.36281111111111114,0,-0.00011393726733270711,3.0804587317941833e-07,-4.041190543960745e-12,1,"[0, 0, 0.36281111111111114, 0, 1.0, 0, 1]",1.0248634029680597e-09
0.36310555555555557,0,-0.00011434598661743592,3.087137606566724e-07,-4.068287329869612e-12,1,"[0, 0, 0.36310555555555557, 0, 1.0, 0, 1]",1.0265413705922871e-09
0.3634,0,-0.00011475418844313776,3.09380357428301e-07,-4.095480807861161e-12,1,"[0, 0, 0.3634, 0, 1.0, 0, 1]",1.0282122007890596e-09
0.3636944444444445,0,-0.00011516187753313103,3.100456718563398e-07,-4.122771139059621e-12,1,"[0, 0, 0.3636944444444445, 0, 1.0, 0, 1]",1.0298758638118471e-09
0.3639888888888889,0,-0.00011556905853906104,3.107097121796032e-07,-4.150158483897083e-12,1,"[0, 0, 0.3639888888888889, 0, 1.0, 0, 1]",1.0315323299624935e-09
0.36428333333333335,0,-0.00011597573604235123,3.1137248651620764e-07,-4.177643002125464e-12,1,"[0, 0, 0.36428333333333335, 0, 1.0, 0, 1]",1.0331815695908898e-09
0.3645777777777778,0,-0.00011638191455561427,3.120340028660281e-07,-4.205224852827983e-12,1,"[0, 0, 0.3645777777777778, 0, 1.0, 0, 1]",1.0348235530946178e-09
0.36487222222222226,0,-0.00011678759852403146,3.126942691130942e-07,-4.232904194430521e-12,1,"[0, 0, 0.36487222222222226, 0, 1.0, 0, 1]",1.036458250918633e-09
0.3651666666666667,0,-0.00011719279232669575,3.1335329302792436e-07,-4.260681184712596e-12,1,"[0, 0, 0.3651666666666667, 0, 1.0, 0, 1]",1.0380856335548904e-09
0.3654611111111111,0,-0.00011759750027792172,3.140110822698024e-07,-4.288555980818086e-12,1,"[0, 0, 0.3654611111111111, 0, 1.0, 0, 1]",1.039705671542047e-09
0.36575555555555556,0,-0.00011800172662852446,3.1466764438899626e-07,-4.3165287392657245e-12,1,"[0, 0, 0.36575555555555556, 0, 1.0, 0, 1]",1.0413183354651282e-09
0.36605000000000004,0,-0.00011840547556706582,3.153229868289214e-07,-4.344599615959278e-12,1,"[0, 0, 0.36605000000000004, 0, 1.0, 0, 1]",1.0429235959552008e-09
0.3663444444444445,0,-0.00011880875122107121,3.159771169282525e-07,-4.3727687661975525e-12,1,"[0, 0, 0.3663444444444445, 0, 1.0, 0, 1]",1.0445214236890793e-09
0.3666388888888889,0,-0.00011921155765821605,3.166300419229798e-07,-4.40103634468406e-12,1,"[0, 0, 0.3666388888888889, 0, 1.0, 0, 1]",1.0461117893889904e-09
0.36693333333333333,0,-0.00011961389888748484,3.172817689484187e-07,-4.429402505536571e-12,1,"[0, 0, 0.36693333333333333, 0, 1.0, 0, 1]",1.047694663822305e-09
0.3672277777777778,0,-0.00012001577886030086,3.179323050411669e-07,-4.4578674022963204e-12,1,"[0, 0, 0.3672277777777778, 0, 1.0, 0, 1]",1.0492700178012143e-09
0.36752222222222225,0,-0.00012041720147163017,3.185816571410159e-07,-4.48643118793707e-12,1,"[0, 0, 0.36752222222222225, 0, 1.0, 0, 1]",1.0508378221824444e-09
0.3678166666666667,0,-0.00012081817056105852,3.192298320928171e-07,-4.515094014873946e-12,1,"[0, 0, 0.3678166666666667, 0, 1.0, 0, 1]",1.0523980478669626e-09
0.3681111111111111,0,-0.00012121868991384291,3.198768366483e-07,-4.5438560349720194e-12,1,"[0, 0, 0.3681111111111111, 0, 1.0, 0, 1]",1.0539506657997125e-09
0.3684055555555556,0,-0.00012161876326193938,3.205226774678497e-07,-4.572717399554779e-12,1,"[0, 0, 0.3684055555555556, 0, 1.0, 0, 1]",1.0554956469693076e-09
0.3687,0,-0.00012201839428500441,3.211673611222408e-07,-4.6016782594122814e-12,1,"[0, 0, 0.3687, 0, 1.0, 0, 1]",1.0570329624077788e-09
0.36899444444444446,0,-0.0001224175866113753,3.218108940943303e-07,-4.630738764809229e-12,1,"[0, 0, 0.36899444444444446, 0, 1.0, 0, 1]",1.0585625831902777e-09
0.3692888888888889,0,-0.00012281634381902716,3.224532827807106e-07,-4.659899065492821e-12,1,"[0, 0, 0.3692888888888889, 0, 1.0, 0, 1]",1.0600844804348485e-09
0.3695833333333334,0,-0.00012321466943650608,3.2309453349332363e-07,-4.689159310700366e-12,1,"[0, 0, 0.3695833333333334, 0, 1.0, 0, 1]",1.061598625302127e-09
0.3698777777777778,0,-0.0001236125669438435,3.2373465246103685e-07,-4.7185196491668185e-12,1,"[0, 0, 0.3698777777777778, 0, 1.0, 0, 1]",1.0631049889950925e-09
0.37017222222222224,0,-0.00012401003977344693,3.2437364583118287e-07,-4.747980229132044e-12,1,"[0, 0, 0.37017222222222224, 0, 1.0, 0, 1]",1.0646035427588259e-09
0.37046666666666667,0,-0.00012440709131097353,3.250115196710644e-07,-4.777541198348068e-12,1,"[0, 0, 0.37046666666666667, 0, 1.0, 0, 1]",1.066094257880247e-09
0.37076111111111115,0,-0.00012480372489618007,3.2564827996942255e-07,-4.80720270408597e-12,1,"[0, 0, 0.37076111111111115, 0, 1.0, 0, 1]",1.067577105687868e-09
0.3710555555555556,0,-0.000125199943823756,3.262839326378711e-07,-4.83696489314271e-12,1,"[0, 0, 0.3710555555555556, 0, 1.0, 0, 1]",1.0690520575515502e-09
0.37135,0,-0.00012559575134413894,3.269184835123028e-07,-4.866827911847959e-12,1,"[0, 0, 0.37135, 0, 1.0, 0, 1]",1.0705190848822638e-09
0.37164444444444444,0,-0.00012599115066430823,3.2755193835425573e-07,-4.896791906070454e-12,1,"[0, 0, 0.37164444444444444, 0, 1.0, 0, 1]",1.071978159131847e-09
0.37193888888888893,0,-0.00012638614494856387,3.281843028522563e-07,-4.926857021224502e-12,1,"[0, 0, 0.37193888888888893, 0, 1.0, 0, 1]",1.0734292517927674e-09
0.37223333333333336,0,-0.00012678073731928704,3.288155826231268e-07,-4.957023402276194e-12,1,"[0, 0, 0.37223333333333336, 0, 1.0, 0, 1]",1.0748723343979186e-09
0.3725277777777778,0,-0.0001271749308576836,3.294457832132662e-07,-4.98729119374952e-12,1,"[0, 0, 0.3725277777777778, 0, 1.0, 0, 1]",1.0763073785203504e-09
0.3728222222222222,0,-0.00012756872860451211,3.3007491009990114e-07,-5.017660539732371e-12,1,"[0, 0, 0.3728222222222222, 0, 1.0, 0, 1]",1.0777343557730688e-09
0.3731166666666667,0,-0.00012796213356079477,3.3070296869231035e-07,-5.048131583882396e-12,1,"[0, 0, 0.3731166666666667, 0, 1.0, 0, 1]",1.0791532378088224e-09
0.37341111111111114,0,-0.00012835514868851292,3.3132996433301923e-07,-5.07870446943266e-12,1,"[0, 0, 0.37341111111111114, 0, 1.0, 0, 1]",1.0805639963198696e-09
0.37370555555555557,0,-0.00012874777691128907,3.319559022989723e-07,-5.109379339197376e-12,1,"[0, 0, 0.37370555555555557, 0, 1.0, 0, 1]",1.0819666030377529e-09
0.374,0,-0.00012914002111505157,3.325807878026755e-07,-5.1401563355772636e-12,1,"[0, 0, 0.374, 0, 1.0, 0, 1]",1.083361029733114e-09
0.3742944444444445,0,-0.0001295318841486878,3.3320462599331637e-07,-5.171035600565034e-12,1,"[0, 0, 0.3742944444444445, 0, 1.0, 0, 1]",1.0847472482154657e-09
0.3745888888888889,0,-0.00012992336882468054,3.33827421957859e-07,-5.202017275750562e-12,1,"[0, 0, 0.3745888888888889, 0, 1.0, 0, 1]",1.086125230332988e-09
0.37488333333333335,0,-0.00013031447791973273,3.3444918072211456e-07,-5.23310150232608e-12,1,"[0, 0, 0.37488333333333335, 0, 1.0, 0, 1]",1.0874949479723084e-09
0.3751777777777778,0,-0.00013070521417537785,3.3506990725178973e-07,-5.264288421091181e-12,1,"[0, 0, 0.3751777777777778, 0, 1.0, 0, 1]",1.0888563730583312e-09
0.37547222222222226,0,-0.0001310955802985787,3.356896064535129e-07,-5.2955781724578346e-12,1,"[0, 0, 0.37547222222222226, 0, 1.0, 0, 1]",1.0902094775540276e-09
0.3757666666666667,0,-0.00013148557896231129,3.3630828317583614e-07,-5.326970896455116e-12,1,"[0, 0, 0.3757666666666667, 0, 1.0, 0, 1]",1.091554233460209e-09
0.3760611111111111,0,-0.00013187521280613919,3.369259422102181e-07,-5.358466732734034e-12,1,"[0, 0, 0.3760611111111111, 0, 1.0, 0, 1]",1.0928906128153766e-09
0.37635555555555555,0,-0.00013226448443677324,3.375425882919863e-07,-5.39006582057212e-12,1,"[0, 0, 0.37635555555555555, 0, 1.0, 0, 1]",1.0942185876954877e-09
0.37665000000000004,0,-0.0001326533964286219,3.381582261012763e-07,-5.421768298878006e-12,1,"[0, 0, 0.37665000000000004, 0, 1.0, 0, 1]",1.0955381302138157e-09
0.37694444444444447,0,-0.0001330419513243282,3.387728602639532e-07,-5.4535743061958266e-12,1,"[0, 0, 0.37694444444444447, 0, 1.0, 0, 1]",1.0968492125207063e-09
0.3772388888888889,0,-0.00013343015163529707,3.3938649535251543e-07,-5.485483980709661e-12,1,"[0, 0, 0.3772388888888889, 0, 1.0, 0, 1]",1.0981518068034209e-09
0.37753333333333333,0,-0.0001338179998422109,3.3999913588697475e-07,-5.517497460247739e-12,1,"[0, 0, 0.37753333333333333, 0, 1.0, 0, 1]",1.0994458852859772e-09
0.3778277777777778,0,-0.0001342054983955349,3.40610786335723e-07,-5.5496148822866625e-12,1,"[0, 0, 0.3778277777777778, 0, 1.0, 0, 1]",1.1007314202289163e-09
0.37812222222222225,0,-0.00013459264971601282,3.412214511163784e-07,-5.58183638395556e-12,1,"[0, 0, 0.37812222222222225, 0, 1.0, 0, 1]",1.1020083839291656e-09
0.3784166666666667,0,-0.00013497945619515055,3.4183113459661403e-07,-5.614162102040021e-12,1,"[0, 0, 0.3784166666666667, 0, 1.0, 0, 1]",1.1032767487198314e-09
0.3787111111111111,0,-0.00013536592019569173,3.424398410949705e-07,-5.646592172986084e-12,1,"[0, 0, 0.3787111111111111, 0, 1.0, 0, 1]",1.1045364869700571e-09
0.3790055555555556,0,-0.00013575204405208468,3.430475748816529e-07,-5.679126732904217e-12,1,"[0, 0, 0.3790055555555556, 0, 1.0, 0, 1]",1.1057875710848278e-09
0.3793,0,-0.00013613783007093615,3.4365434017930793e-07,-5.711765917572929e-12,1,"[0, 0, 0.3793, 0, 1.0, 0, 1]",1.1070299735047917e-09
0.37959444444444446,0,-0.00013652328053146012,3.442601411637884e-07,-5.74450986244262e-12,1,"[0, 0, 0.37959444444444446, 0, 1.0, 0, 1]",1.1082636667061342e-09
0.3798888888888889,0,-0.00013690839768591524,3.4486498196490277e-07,-5.77735870263922e-12,1,"[0, 0, 0.3798888888888889, 0, 1.0, 0, 1]",1.1094886232003466e-09
0.3801833333333334,0,-0.00013729318376003445,3.4546886666714607e-07,-5.810312572967746e-12,1,"[0, 0, 0.3801833333333334, 0, 1.0, 0, 1]",1.110704815534125e-09
0.3804777777777778,0,-0.00013767764095344551,3.460717993104193e-07,-5.8433716079158015e-12,1,"[0, 0, 0.3804777777777778, 0, 1.0, 0, 1]",1.1119122162891583e-09
0.38077222222222223,0,-0.00013806177144008418,3.466737838907338e-07,-5.876535941657086e-12,1,"[0, 0, 0.38077222222222223, 0, 1.0, 0, 1]",1.1131107980819914e-09
0.38106666666666666,0,-0.00013844557736859782,3.472748243609008e-07,-5.909805708054695e-12,1,"[0, 0, 0.38106666666666666, 0, 1.0, 0, 1]",1.1143005335638645e-09
0.38136111111111115,0,-0.00013882906086274394,3.478749246312083e-07,-5.943181040664577e-12,1,"[0, 0, 0.38136111111111115, 0, 1.0, 0, 1]",1.115481395420549e-09
0.3816555555555556,0,-0.0001392122240217768,3.484740885700833e-07,-5.97666207273864e-12,1,"[0, 0, 0.3816555555555556, 0, 1.0, 0, 1]",1.116653356372191e-09
0.38195,0,-0.0001395950689208295,3.4907232000474226e-07,-6.010248937228003e-12,1,"[0, 0, 0.38195, 0, 1.0, 0, 1]",1.117816389173168e-09
0.38224444444444444,0,-0.0001399775976112898,3.4966962272182966e-07,-6.043941766786267e-12,1,"[0, 0, 0.38224444444444444, 0, 1.0, 0, 1]",1.1189704666119101e-09
0.38253888888888893,0,-0.00014035981212116313,3.502660004680401e-07,-6.077740693772329e-12,1,"[0, 0, 0.38253888888888893, 0, 1.0, 0, 1]",1.1201155615107793e-09
0.38283333333333336,0,-0.00014074171445543576,3.508614569507328e-07,-6.1116458502536445e-12,1,"[0, 0, 0.38283333333333336, 0, 1.0, 0, 1]",1.1212516467258985e-09
0.3831277777777778,0,-0.00014112330659642603,3.5145599583853305e-07,-6.145657368009113e-12,1,"[0, 0, 0.3831277777777778, 0, 1.0, 0, 1]",1.1223786951470054e-09
0.3834222222222222,0,-0.0001415045905041308,3.5204962076191956e-07,-6.179775378531974e-12,1,"[0, 0, 0.3834222222222222, 0, 1.0, 0, 1]",1.123496679697332e-09
0.3837166666666667,0,-0.00014188556811656493,3.5264233531380396e-07,-6.214000013032713e-12,1,"[0, 0, 0.3837166666666667, 0, 1.0, 0, 1]",1.124605573333409e-09
0.38401111111111114,0,-0.00014226624135009456,3.532341430500974e-07,-6.248331402441852e-12,1,"[0, 0, 0.38401111111111114, 0, 1.0, 0, 1]",1.1257053490449691e-09
0.38430555555555557,0,-0.00014264661209976388,3.5382504749026576e-07,-6.282769677412715e-12,1,"[0, 0, 0.38430555555555557, 0, 1.0, 0, 1]",1.1267959798547754e-09
0.3846,0,-0.0001430266822396156,3.544150521178762e-07,-6.31731496832413e-12,1,"[0, 0, 0.3846, 0, 1.0, 0, 1]",1.127877438818503e-09
0.3848944444444445,0,-0.0001434064536230069,3.550041603811326e-07,-6.351967405283183e-12,1,"[0, 0, 0.3848944444444445, 0, 1.0, 0, 1]",1.128949699024567e-09
0.3851888888888889,0,-0.00014378592808291646,3.555923756933993e-07,-6.386727118127696e-12,1,"[0, 0, 0.3851888888888889, 0, 1.0, 0, 1]",1.130012733594031e-09
0.38548333333333334,0,-0.0001441651074322483,3.561797014337166e-07,-6.421594236428845e-12,1,"[0, 0, 0.38548333333333334, 0, 1.0, 0, 1]",1.131066515680424e-09
0.3857777777777778,0,-0.0001445439934641311,3.5676614094730927e-07,-6.456568889493859e-12,1,"[0, 0, 0.3857777777777778, 0, 1.0, 0, 1]",1.1321110184696196e-09
0.38607222222222226,0,-0.00014492258795220712,3.57351697546078e-07,-6.491651206368218e-12,1,"[0, 0, 0.38607222222222226, 0, 1.0, 0, 1]",1.1331462151797395e-09
0.3863666666666667,0,-0.00014530089265092115,3.579363745090902e-07,-6.52684131583831e-12,1,"[0, 0, 0.3863666666666667, 0, 1.0, 0, 1]",1.1341720790609405e-09
0.3866611111111111,0,-0.00014567890929580147,3.585201750830561e-07,-6.562139346433766e-12,1,"[0, 0, 0.3866611111111111, 0, 1.0, 0, 1]",1.1351885833953667e-09
0.38695555555555555,0,-0.0001460566396037356,3.5910310248279894e-07,-6.5975454264298036e-12,1,"[0, 0, 0.38695555555555555, 0, 1.0, 0, 1]",1.1361957014969588e-09
0.38725000000000004,0,-0.00014643408527324233,3.5968515989171455e-07,-6.633059683849569e-12,1,"[0, 0, 0.38725000000000004, 0, 1.0, 0, 1]",1.1371934067113602e-09
0.38754444444444447,0,-0.00014681124798473764,3.602663504622245e-07,-6.6686822464664184e-12,1,"[0, 0, 0.38754444444444447, 0, 1.0, 0, 1]",1.1381816724157645e-09
0.3878388888888889,0,-0.00014718812940079685,3.6084667731621934e-07,-6.704413241806172e-12,1,"[0, 0, 0.3878388888888889, 0, 1.0, 0, 1]",1.1391604720188164e-09
0.38813333333333333,0,-0.00014756473116641069,3.6142614354549463e-07,-6.740252797149277e-12,1,"[0, 0, 0.38813333333333333, 0, 1.0, 0, 1]",1.1401297789604529e-09
0.3884277777777778,0,-0.00014794105490923792,3.6200475221217907e-07,-6.776201039533001e-12,1,"[0, 0, 0.3884277777777778, 0, 1.0, 0, 1]",1.1410895667118022e-09
0.38872222222222225,0,-0.000148317102239854,3.6258250634915407e-07,-6.81225809575361e-12,1,"[0, 0, 0.38872222222222225, 0, 1.0, 0, 1]",1.1420398087750465e-09
0.3890166666666667,0,-0.0001486928747519931,3.631594089604675e-07,-6.8484240923683904e-12,1,"[0, 0, 0.3890166666666667, 0, 1.0, 0, 1]",1.142980478683318e-09
0.3893111111111111,0,-0.00014906837402278782,3.637354630217386e-07,-6.884699155697752e-12,1,"[0, 0, 0.3893111111111111, 0, 1.0, 0, 1]",1.143911550000558e-09
0.3896055555555556,0,-0.00014944360161300437,3.6431067148055494e-07,-6.921083411827266e-12,1,"[0, 0, 0.3896055555555556, 0, 1.0, 0, 1]",1.144832996321401e-09
0.3899,0,-0.0001498185590672727,3.648850372568655e-07,-6.957576986609647e-12,1,"[0, 0, 0.3899, 0, 1.0, 0, 1]",1.1457447912710576e-09
0.39019444444444445,0,-0.00015019324791431312,3.65458563243363e-07,-6.994180005666691e-12,1,"[0, 0, 0.39019444444444445, 0, 1.0, 0, 1]",1.1466469085051982e-09
0.3904888888888889,0,-0.00015056766966715953,3.660312523058614e-07,-7.030892594391246e-12,1,"[0, 0, 0.3904888888888889, 0, 1.0, 0, 1]",1.1475393217098413e-09
0.39078333333333337,0,-0.00015094182582337906,3.6660310728366885e-07,-7.067714877949211e-12,1,"[0, 0, 0.39078333333333337, 0, 1.0, 0, 1]",1.1484220046012119e-09
0.3910777777777778,0,-0.00015131571786528432,3.6717413098994776e-07,-7.104646981281144e-12,1,"[0, 0, 0.3910777777777778, 0, 1.0, 0, 1]",1.1492949309256677e-09
0.39137222222222223,0,-0.00015168934726014777,3.6774432621207614e-07,-7.141689029104374e-12,1,"[0, 0, 0.39137222222222223, 0, 1.0, 0, 1]",1.1501580744595403e-09
0.39166666666666666,0,-0.0001520627154604074,3.6831369571199774e-07,-7.178841145914656e-12,1,"[0, 0, 0.39166666666666666, 0, 1.0, 0, 1]",1.1510114090090505e-09
0.39196111111111115,0,-0.00015243582390387216,3.688822422265678e-07,-7.216103455988049e-12,1,"[0, 0, 0.39196111111111115, 0, 1.0, 0, 1]",1.1518549084101875e-09
0.3922555555555556,0,-0.00015280867401392154,3.69449968467892e-07,-7.253476083382595e-12,1,"[0, 0, 0.3922555555555556, 0, 1.0, 0, 1]",1.1526885465286034e-09
0.39255,0,-0.00015318126719970356,3.700168771236616e-07,-7.290959151940129e-12,1,"[0, 0, 0.39255, 0, 1.0, 0, 1]",1.153512297259484e-09
0.39284444444444444,0,-0.0001535536048563272,3.7058297085747914e-07,-7.328552785287837e-12,1,"[0, 0, 0.39284444444444444, 0, 1.0, 0, 1]",1.1543261345274676e-09
0.3931388888888889,0,-0.00015392568836505592,3.711482523091834e-07,-7.366257106840206e-12,1,"[0, 0, 0.3931388888888889, 0, 1.0, 0, 1]",1.1551300322865061e-09
0.39343333333333336,0,-0.0001542975190934911,3.7171272409516444e-07,-7.404072239800354e-12,1,"[0, 0, 0.39343333333333336, 0, 1.0, 0, 1]",1.1559239645197791e-09
0.3937277777777778,0,-0.00015466909839575917,3.722763888086751e-07,-7.44199830716187e-12,1,"[0, 0, 0.3937277777777778, 0, 1.0, 0, 1]",1.1567079052395779e-09
0.3940222222222222,0,-0.00015504042761269182,3.7283924902013834e-07,-7.480035431710377e-12,1,"[0, 0, 0.3940222222222222, 0, 1.0, 0, 1]",1.157481828487203e-09
0.3943166666666667,0,-0.0001554115080720033,3.734013072774475e-07,-7.518183736025039e-12,1,"[0, 0, 0.3943166666666667, 0, 1.0, 0, 1]",1.1582457083328468e-09
0.39461111111111113,0,-0.0001557823410884667,3.739625661062622e-07,-7.5564433424802e-12,1,"[0, 0, 0.39461111111111113, 0, 1.0, 0, 1]",1.1589995188755155e-09
0.39490555555555557,0,-0.00015615292796408527,3.745230280102997e-07,-7.594814373246869e-12,1,"[0, 0, 0.39490555555555557, 0, 1.0, 0, 1]",1.159743234242884e-09
0.3952,0,-0.0001565232699882622,3.750826954716209e-07,-7.633296950294236e-12,1,"[0, 0, 0.3952, 0, 1.0, 0, 1]",1.160476828591246e-09
0.3954944444444445,0,-0.00015689336843796692,3.7564157095091166e-07,-7.671891195391167e-12,1,"[0, 0, 0.3954944444444445, 0, 1.0, 0, 1]",1.1612002761053562e-09
0.3957888888888889,0,-0.0001572632245778989,3.7619965688776e-07,-7.710597230107656e-12,1,"[0, 0, 0.3957888888888889, 0, 1.0, 0, 1]",1.161913550998374e-09
0.39608333333333334,0,-0.00015763283966064882,3.7675695570092724e-07,-7.749415175816266e-12,1,"[0, 0, 0.39608333333333334, 0, 1.0, 0, 1]",1.1626166275117344e-09
0.3963777777777778,0,-0.00015800221492685704,3.773134697886169e-07,-7.788345153693574e-12,1,"[0, 0, 0.3963777777777778, 0, 1.0, 0, 1]",1.1633094799150613e-09
0.39667222222222226,0,-0.00015837135160537,3.7786920152873765e-07,-7.8273872847216e-12,1,"[0, 0, 0.39667222222222226, 0, 1.0, 0, 1]",1.1639920825060681e-09
0.3969666666666667,0,-0.00015874025091339197,3.784241532791613e-07,-7.86654168968905e-12,1,"[0, 0, 0.3969666666666667, 0, 1.0, 0, 1]",1.1646644096104533e-09
0.3972611111111111,0,-0.00015910891405663782,3.7897832737797833e-07,-7.905808489192839e-12,1,"[0, 0, 0.3972611111111111, 0, 1.0, 0, 1]",1.165326435581808e-09
0.39755555555555555,0,-0.00015947734222948034,3.7953172614374935e-07,-7.945187803639365e-12,1,"[0, 0, 0.39755555555555555, 0, 1.0, 0, 1]",1.1659781348015162e-09
0.39785000000000004,0,-0.00015984553661509655,3.800843518757505e-07,-7.984679753245827e-12,1,"[0, 0, 0.39785000000000004, 0, 1.0, 0, 1]",1.1666194816786597e-09
0.39814444444444447,0,-0.00016021349838561143,3.806362068542153e-07,-8.024284458041519e-12,1,"[0, 0, 0.39814444444444447, 0, 1.0, 0, 1]",1.1672504506499148e-09
0.3984388888888889,0,-0.00016058122870223917,3.8118729334057523e-07,-8.064002037869142e-12,1,"[0, 0, 0.3984388888888889, 0, 1.0, 0, 1]",1.1678710161794815e-09
0.39873333333333333,0,-0.00016094872871542256,3.817376135776938e-07,-8.103832612386079e-12,1,"[0, 0, 0.39873333333333333, 0, 1.0, 0, 1]",1.1684811527589625e-09
0.3990277777777778,0,-0.00016131599956496992,3.8228716979009695e-07,-8.143776301065631e-12,1,"[0, 0, 0.3990277777777778, 0, 1.0, 0, 1]",1.1690808349072776e-09
0.39932222222222225,0,-0.00016168304238018956,3.8283596418420106e-07,-8.18383322319823e-12,1,"[0, 0, 0.39932222222222225, 0, 1.0, 0, 1]",1.1696700371705802e-09
0.3996166666666667,0,-0.00016204985828002243,3.83383998948537e-07,-8.224003497892676e-12,1,"[0, 0, 0.3996166666666667, 0, 1.0, 0, 1]",1.1702487341221558e-09
0.3999111111111111,0,-0.00016241644837317336,3.8393127625396916e-07,-8.26428724407735e-12,1,"[0, 0, 0.3999111111111111, 0, 1.0, 0, 1]",1.170816900362335e-09
0.4002055555555556,0,-0.00016278281375823835,3.8447779825391456e-07,-8.304684580501365e-12,1,"[0, 0, 0.4002055555555556, 0, 1.0, 0, 1]",1.1713745105183965e-09
0.4005,0,-0.0001631489555238324,3.850235670845532e-07,-8.345195625735771e-12,1,"[0, 0, 0.4005, 0, 1.0, 0, 1]",1.1719215392444872e-09
0.40079444444444445,0,-0.00016351487474871248,3.8556858486504005e-07,-8.38582049817462e-12,1,"[0, 0, 0.40079444444444445, 0, 1.0, 0, 1]",1.1724579612215153e-09
0.4010888888888889,0,-0.000163880572501902,3.8611285369771187e-07,-8.426559316036263e-12,1,"[0, 0, 0.4010888888888889, 0, 1.0, 0, 1]",1.1729837511570852e-09
0.40138333333333337,0,-0.00016424604984280984,3.866563756682896e-07,-8.467412197364312e-12,1,"[0, 0, 0.40138333333333337, 0, 1.0, 0, 1]",1.1734988837853887e-09
0.4016777777777778,0,-0.0001646113078213498,3.8719915284607926e-07,-8.508379260028807e-12,1,"[0, 0, 0.4016777777777778, 0, 1.0, 0, 1]",1.1740033338671418e-09
0.40197222222222223,0,-0.00016497634747805734,3.877411872841694e-07,-8.549460621727297e-12,1,"[0, 0, 0.40197222222222223, 0, 1.0, 0, 1]",1.1744970761894476e-09
0.4022666666666667,0,-0.00016534116984420573,3.8828248101962483e-07,-8.59065639998598e-12,1,"[0, 0, 0.4022666666666667, 0, 1.0, 0, 1]",1.1749800855657749e-09
0.40256111111111115,0,-0.0001657057759419179,3.888230360736781e-07,-8.631966712160652e-12,1,"[0, 0, 0.40256111111111115, 0, 1.0, 0, 1]",1.1754523368358321e-09
0.4028555555555556,0,-0.0001660701667842795,3.893628544519182e-07,-8.673391675437858e-12,1,"[0, 0, 0.4028555555555556, 0, 1.0, 0, 1]",1.1759138048654783e-09
0.40315,0,-0.00016643434337544751,3.899019381444742e-07,-8.714931406835814e-12,1,"[0, 0, 0.40315, 0, 1.0, 0, 1]",1.1763644645466635e-09
0.4034444444444445,0,-0.00016679830671076037,3.9044028912620117e-07,-8.756586023205606e-12,1,"[0, 0, 0.4034444444444445, 0, 1.0, 0, 1]",1.1768042907973241e-09
0.4037388888888889,0,-0.00016716205777684282,3.909779093568557e-07,-8.798355641231984e-12,1,"[0, 0, 0.4037388888888889, 0, 1.0, 0, 1]",1.1772332585613093e-09
0.40403333333333336,0,-0.00016752559755171215,3.915148007812765e-07,-8.840240377434528e-12,1,"[0, 0, 0.40403333333333336, 0, 1.0, 0, 1]",1.1776513428082957e-09
0.4043277777777778,0,-0.00016788892700488086,3.9205096532955746e-07,-8.882240348168527e-12,1,"[0, 0, 0.4043277777777778, 0, 1.0, 0, 1]",1.178058518533697e-09
0.40462222222222227,0,-0.00016825204709745964,3.925864049172189e-07,-8.924355669626029e-12,1,"[0, 0, 0.40462222222222227, 0, 1.0, 0, 1]",1.1784547607585944e-09
0.4049166666666667,0,-0.00016861495878225653,3.931211214453774e-07,-8.966586457836709e-12,1,"[0, 0, 0.4049166666666667, 0, 1.0, 0, 1]",1.1788400445296487e-09
0.40521111111111113,0,-0.00016897766300387663,3.936551168009127e-07,-9.008932828668892e-12,1,"[0, 0, 0.40521111111111113, 0, 1.0, 0, 1]",1.1792143449190243e-09
0.40550555555555556,0,-0.0001693401606988197,3.941883928566313e-07,-9.05139489783048e-12,1,"[0, 0, 0.40550555555555556, 0, 1.0, 0, 1]",1.1795776370242934e-09
0.40580000000000005,0,-0.00016970245279557502,3.9472095147142803e-07,-9.093972780869783e-12,1,"[0, 0, 0.40580000000000005, 0, 1.0, 0, 1]",1.1799298959683747e-09
0.4060944444444445,0,-0.00017006454021471773,3.952527944904467e-07,-9.136666593176615e-12,1,"[0, 0, 0.4060944444444445, 0, 1.0, 0, 1]",1.1802710968994405e-09
0.4063888888888889,0,-0.00017042642386899958,3.9578392374523526e-07,-9.179476449982924e-12,1,"[0, 0, 0.4063888888888889, 0, 1.0, 0, 1]",1.1806012149908542e-09
0.40668333333333334,0,-0.00017078810466344344,3.963143410539014e-07,-9.22240246636397e-12,1,"[0, 0, 0.40668333333333334, 0, 1.0, 0, 1]",1.180920225441071e-09
0.4069777777777778,0,-0.0001711495834954318,3.9684404822126583e-07,-9.265444757239011e-12,1,"[0, 0, 0.4069777777777778, 0, 1.0, 0, 1]",1.1812281034735683e-09
0.40727222222222226,0,-0.00017151086125479655,3.973730470390105e-07,-9.308603437372225e-12,1,"[0, 0, 0.40727222222222226, 0, 1.0, 0, 1]",1.1815248243367808e-09
0.4075666666666667,0,-0.00017187193882390727,3.979013392858283e-07,-9.351878621373614e-12,1,"[0, 0, 0.4075666666666667, 0, 1.0, 0, 1]",1.181810363303994e-09
0.4078611111111111,0,-0.00017223281707775656,3.984289267275676e-07,-9.395270423699732e-12,1,"[0, 0, 0.4078611111111111, 0, 1.0, 0, 1]",1.1820846956732949e-09
0.4081555555555556,0,-0.0001725934968840469,3.9895581111737666e-07,-9.438778958654668e-12,1,"[0, 0, 0.4081555555555556, 0, 1.0, 0, 1]",1.182347796767507e-09
0.40845000000000004,0,-0.00017295397910327344,3.994819941958453e-07,-9.482404340390762e-12,1,"[0, 0, 0.40845000000000004, 0, 1.0, 0, 1]",1.1825996419340609e-09
0.40874444444444447,0,-0.0001733142645888074,4.0000747769114437e-07,-9.526146682909462e-12,1,"[0, 0, 0.40874444444444447, 0, 1.0, 0, 1]",1.1828402065449604e-09
0.4090388888888889,0,-0.00017367435418697778,4.005322633191624e-07,-9.570006100062128e-12,1,"[0, 0, 0.4090388888888889, 0, 1.0, 0, 1]",1.1830694659967292e-09
0.4093333333333334,0,-0.00017403424873715164,4.0105635278364325e-07,-9.61398270555084e-12,1,"[0, 0, 0.4093333333333334, 0, 1.0, 0, 1]",1.1832873957102645e-09
0.4096277777777778,0,-0.00017439394907181371,4.015797477763179e-07,-9.658076612929182e-12,1,"[0, 0, 0.4096277777777778, 0, 1.0, 0, 1]",1.183493971130837e-09
0.40992222222222224,0,-0.00017475345601664457,4.0210244997703633e-07,-9.702287935603009e-12,1,"[0, 0, 0.40992222222222224, 0, 1.0, 0, 1]",1.1836891677279742e-09
0.4102166666666667,0,-0.00017511277039059743,4.026244610538991e-07,-9.746616786831233e-12,1,"[0, 0, 0.4102166666666667, 0, 1.0, 0, 1]",1.183872960995398e-09
0.41051111111111116,0,-0.00017547189300597384,4.0314578266338345e-07,-9.791063279726516e-12,1,"[0, 0, 0.41051111111111116, 0, 1.0, 0, 1]",1.1840453264509613e-09
0.4108055555555556,0,-0.00017583082466850056,4.0366641645047e-07,-9.8356275272562e-12,1,"[0, 0, 0.4108055555555556, 0, 1.0, 0, 1]",1.1842062396365627e-09
0.4111,0,-0.00017618956617740034,4.041863640487681e-07,-9.880309642242796e-12,1,"[0, 0, 0.4111, 0, 1.0, 0, 1]",1.1843556761180811e-09
0.41139444444444445,0,-0.00017654811832546776,4.0470562708063806e-07,-9.925109737364982e-12,1,"[0, 0, 0.41139444444444445, 0, 1.0, 0, 1]",1.1844936114853158e-09
0.41168888888888894,0,-0.0001769064818991388,4.0522420715731105e-07,-9.970027925158093e-12,1,"[0, 0, 0.41168888888888894, 0, 1.0, 0, 1]",1.1846200213518787e-09
0.41198333333333337,0,-0.00017726465767856325,4.057421058790104e-07,-1.0015064318015046e-11,1,"[0, 0, 0.41198333333333337, 0, 1.0, 0, 1]",1.1847348813551652e-09
0.4122777777777778,0,-0.00017762264643767363,4.062593248350673e-07,-1.0060219028186907e-11,1,"[0, 0, 0.4122777777777778, 0, 1.0, 0, 1]",1.184838167156274e-09
0.41257222222222223,0,-0.00017798044894425403,4.06775865604038e-07,-1.0105492167783629e-11,1,"[0, 0, 0.41257222222222223, 0, 1.0, 0, 1]",1.1849298544399282e-09
0.4128666666666667,0,-0.0001783380659600086,4.072917297538184e-07,-1.0150883848774803e-11,1,"[0, 0, 0.4128666666666667, 0, 1.0, 0, 1]",1.185009918914391e-09
0.41316111111111115,0,-0.00017869549824062823,4.0780691884175565e-07,-1.0196394182990296e-11,1,"[0, 0, 0.41316111111111115, 0, 1.0, 0, 1]",1.1850783363114323e-09
0.4134555555555556,0,-0.00017905274653585626,4.0832143441475975e-07,-1.0242023282120905e-11,1,"[0, 0, 0.4134555555555556, 0, 1.0, 0, 1]",1.185135082386241e-09
0.41375,0,-0.00017940981158955395,4.0883527800941495e-07,-1.028777125771909e-11,1,"[0, 0, 0.41375, 0, 1.0, 0, 1]",1.1851801329173608e-09
0.4140444444444445,0,-0.00017976669413976532,4.0934845115208565e-07,-1.0333638221199668e-11,1,"[0, 0, 0.4140444444444445, 0, 1.0, 0, 1]",1.1852134637066104e-09
0.4143388888888889,0,-0.00018012339491877866,4.0986095535902446e-07,-1.0379624283840295e-11,1,"[0, 0, 0.4143388888888889, 0, 1.0, 0, 1]",1.1852350505790244e-09
0.41463333333333335,0,-0.0001804799146531914,4.1037279213647713e-07,-1.0425729556782353e-11,1,"[0, 0, 0.41463333333333335, 0, 1.0, 0, 1]",1.1852448693828181e-09
0.4149277777777778,0,-0.00018083625406396935,4.1088396298078645e-07,-1.0471954151031364e-11,1,"[0, 0, 0.4149277777777778, 0, 1.0, 0, 1]",1.185242895989254e-09
0.41522222222222227,0,-0.00018119241386651058,4.1139446937849523e-07,-1.0518298177457927e-11,1,"[0, 0, 0.41522222222222227, 0, 1.0, 0, 1]",1.1852291062926344e-09
0.4155166666666667,0,-0.0001815483947707013,4.119043128064462e-07,-1.0564761746797928e-11,1,"[0, 0, 0.4155166666666667, 0, 1.0, 0, 1]",1.1852034762101949e-09
0.41581111111111113,0,-0.00018190419748097942,4.1241349473188326e-07,-1.0611344969653624e-11,1,"[0, 0, 0.41581111111111113, 0, 1.0, 0, 1]",1.185165981682087e-09
0.41610555555555556,0,-0.00018225982269638976,4.1292201661254874e-07,-1.0658047956493931e-11,1,"[0, 0, 0.41610555555555556, 0, 1.0, 0, 1]",1.1851165986712591e-09
0.41640000000000005,0,-0.00018261527111064252,4.134298798967807e-07,-1.0704870817655113e-11,1,"[0, 0, 0.41640000000000005, 0, 1.0, 0, 1]",1.1850553031634226e-09
0.4166944444444445,0,-0.00018297054341217067,4.1393708602360874e-07,-1.0751813663341457e-11,1,"[0, 0, 0.4166944444444445, 0, 1.0, 0, 1]",1.184982071166986e-09
0.4169888888888889,0,-0.00018332564028418556,4.14443636422849e-07,-1.0798876603625824e-11,1,"[0, 0, 0.4169888888888889, 0, 1.0, 0, 1]",1.1848968787129902e-09
0.41728333333333334,0,-0.00018368056240473303,4.1494953251519693e-07,-1.0846059748450318e-11,1,"[0, 0, 0.41728333333333334, 0, 1.0, 0, 1]",1.1847997018550243e-09
0.4175777777777778,0,-0.000184035310446746,4.1545477571231896e-07,-1.0893363207626665e-11,1,"[0, 0, 0.4175777777777778, 0, 1.0, 0, 1]",1.1846905166691887e-09
0.41787222222222226,0,-0.00018438988507810046,4.1595936741694414e-07,-1.0940787090837018e-11,1,"[0, 0, 0.41787222222222226, 0, 1.0, 0, 1]",1.1845692992540204e-09
0.4181666666666667,0,-0.00018474428696166754,4.1646330902295337e-07,-1.0988331507634425e-11,1,"[0, 0, 0.4181666666666667, 0, 1.0, 0, 1]",1.1844360257304378e-09
0.4184611111111111,0,-0.00018509851675536617,4.1696660191546724e-07,-1.103599656744339e-11,1,"[0, 0, 0.4184611111111111, 0, 1.0, 0, 1]",1.184290672241672e-09
0.4187555555555556,0,-0.0001854525751122149,4.174692474709347e-07,-1.1083782379560493e-11,1,"[0, 0, 0.4187555555555556, 0, 1.0, 0, 1]",1.184133214953192e-09
0.41905000000000003,0,-0.00018580646268038348,4.1797124705721787e-07,-1.113168905315495e-11,1,"[0, 0, 0.41905000000000003, 0, 1.0, 0, 1]",1.1839636300526583e-09
0.41934444444444446,0,-0.00018616018010324175,4.184726020336769e-07,-1.1179716697269012e-11,1,"[0, 0, 0.41934444444444446, 0, 1.0, 0, 1]",1.1837818937498866e-09
0.4196388888888889,0,-0.00018651372801941138,4.189733137512563e-07,-1.1227865420818774e-11,1,"[0, 0, 0.4196388888888889, 0, 1.0, 0, 1]",1.1835879822767188e-09
0.4199333333333334,0,-0.0001868671070628132,4.1947338355256446e-07,-1.1276135332594455e-11,1,"[0, 0, 0.4199333333333334, 0, 1.0, 0, 1]",1.1833818718870264e-09
0.4202277777777778,0,-0.00018722031786271712,4.199728127719571e-07,-1.1324526541261112e-11,1,"[0, 0, 0.4202277777777778, 0, 1.0, 0, 1]",1.1831635388566324e-09
0.42052222222222224,0,-0.00018757336104378858,4.2047160273561894e-07,-1.1373039155359063e-11,1,"[0, 0, 0.42052222222222224, 0, 1.0, 0, 1]",1.182932959483224e-09
0.42081666666666667,0,-0.0001879262372261376,4.2096975476164096e-07,-1.1421673283304538e-11,1,"[0, 0, 0.42081666666666667, 0, 1.0, 0, 1]",1.1826901100863275e-09
0.42111111111111116,0,-0.00018827894702536265,4.2146727016010095e-07,-1.1470429033389955e-11,1,"[0, 0, 0.42111111111111116, 0, 1.0, 0, 1]",1.182434967007244e-09
0.4214055555555556,0,-0.0001886314910526006,4.2196415023314086e-07,-1.1519306513784845e-11,1,"[0, 0, 0.4214055555555556, 0, 1.0, 0, 1]",1.182167506608945e-09
0.4217,0,-0.00018898386991456802,4.224603962750428e-07,-1.1568305832535908e-11,1,"[0, 0, 0.4217, 0, 1.0, 0, 1]",1.1818877052761058e-09
0.42199444444444445,0,-0.00018933608421360806,4.229560095723048e-07,-1.1617427097567737e-11,1,"[0, 0, 0.42199444444444445, 0, 1.0, 0, 1]",1.181595539414936e-09
0.42228888888888894,0,-0.00018968813454773578,4.23450991403717e-07,-1.1666670416683465e-11,1,"[0, 0, 0.42228888888888894, 0, 1.0, 0, 1]",1.1812909854532105e-09
0.42258333333333337,0,-0.00019004002151067935,4.239453430404326e-07,-1.171603589756492e-11,1,"[0, 0, 0.42258333333333337, 0, 1.0, 0, 1]",1.1809740198401689e-09
0.4228777777777778,0,-0.00019039174569192492,4.244390657460439e-07,-1.1765523647773383e-11,1,"[0, 0, 0.4228777777777778, 0, 1.0, 0, 1]",1.1806446190464602e-09
0.4231722222222222,0,-0.00019074330767675937,4.2493216077665227e-07,-1.181513377475004e-11,1,"[0, 0, 0.4231722222222222, 0, 1.0, 0, 1]",1.1803027595640961e-09
0.4234666666666667,0,-0.00019109470804631065,4.2542462938093906e-07,-1.1864866385816266e-11,1,"[0, 0, 0.4234666666666667, 0, 1.0, 0, 1]",1.179948417906385e-09
0.42376111111111114,0,-0.00019144594737759157,4.259164728002373e-07,-1.1914721588174396e-11,1,"[0, 0, 0.42376111111111114, 0, 1.0, 0, 1]",1.1795815706078855e-09
0.4240555555555556,0,-0.00019179702624353917,4.2640769226859966e-07,-1.1964699488907973e-11,1,"[0, 0, 0.4240555555555556, 0, 1.0, 0, 1]",1.1792021942243434e-09
0.42435,0,-0.00019214794521305614,4.26898289012867e-07,-1.2014800194982333e-11,1,"[0, 0, 0.42435, 0, 1.0, 0, 1]",1.1788102653326129e-09
0.4246444444444445,0,-0.0001924987048510505,4.2738826425273686e-07,-1.2065023813245039e-11,1,"[0, 0, 0.4246444444444445, 0, 1.0, 0, 1]",1.1784057605306608e-09
0.4249388888888889,0,-0.00019284930571847455,4.2787761920082895e-07,-1.2115370450426268e-11,1,"[0, 0, 0.4249388888888889, 0, 1.0, 0, 1]",1.1779886564374446e-09
0.42523333333333335,0,-0.0001931997483723648,4.283663550627517e-07,-1.2165840213139374e-11,1,"[0, 0, 0.42523333333333335, 0, 1.0, 0, 1]",1.1775589296928891e-09
0.4255277777777778,0,-0.00019355003336588033,4.2885447303716786e-07,-1.2216433207881332e-11,1,"[0, 0, 0.4255277777777778, 0, 1.0, 0, 1]",1.1771165569578404e-09
0.42582222222222227,0,-0.0001939001612483404,4.2934197431585813e-07,-1.2267149541033124e-11,1,"[0, 0, 0.42582222222222227, 0, 1.0, 0, 1]",1.1766615149139825e-09
0.4261166666666667,0,-0.00019425013256526256,4.2982886008378413e-07,-1.2317989318860237e-11,1,"[0, 0, 0.4261166666666667, 0, 1.0, 0, 1]",1.1761937802638033e-09
0.42641111111111113,0,-0.00019459994785839838,4.303151315191527e-07,-1.2368952647512958e-11,1,"[0, 0, 0.42641111111111113, 0, 1.0, 0, 1]",1.1757133297305513e-09
0.42670555555555556,0,-0.000194949607665773,4.3080078979347704e-07,-1.2420039633027148e-11,1,"[0, 0, 0.42670555555555556, 0, 1.0, 0, 1]",1.1752201400581212e-09
0.42700000000000005,0,-0.0001952991125217179,4.3128583607163726e-07,-1.2471250381324237e-11,1,"[0, 0, 0.42700000000000005, 0, 1.0, 0, 1]",1.174714188011104e-09
0.4272944444444445,0,-0.00019564846295690917,4.3177027151194204e-07,-1.2522584998212004e-11,1,"[0, 0, 0.4272944444444445, 0, 1.0, 0, 1]",1.1741954503746162e-09
0.4275888888888889,0,-0.0001959976594984019,4.3225409726618837e-07,-1.2574043589384846e-11,1,"[0, 0, 0.4275888888888889, 0, 1.0, 0, 1]",1.1736639039543397e-09
0.42788333333333334,0,-0.00019634670266966526,4.3273731447971896e-07,-1.2625626260424209e-11,1,"[0, 0, 0.42788333333333334, 0, 1.0, 0, 1]",1.1731195255764126e-09
0.4281777777777778,0,-0.00019669559299061648,4.332199242914833e-07,-1.2677333116799017e-11,1,"[0, 0, 0.4281777777777778, 0, 1.0, 0, 1]",1.172562292087406e-09
0.42847222222222225,0,-0.00019704433097765566,4.3370192783409216e-07,-1.2729164263866083e-11,1,"[0, 0, 0.42847222222222225, 0, 1.0, 0, 1]",1.1719921803542728e-09
0.4287666666666667,0,-0.00019739291714369905,4.341833262338774e-07,-1.2781119806870543e-11,1,"[0, 0, 0.4287666666666667, 0, 1.0, 0, 1]",1.1714091672642515e-09
0.4290611111111111,0,-0.00019774135199821254,4.3466412061094646e-07,-1.2833199850946259e-11,1,"[0, 0, 0.4290611111111111, 0, 1.0, 0, 1]",1.1708132297248633e-09
0.4293555555555556,0,-0.00019808963604724372,4.3514431207923876e-07,-1.288540450111615e-11,1,"[0, 0, 0.4293555555555556, 0, 1.0, 0, 1]",1.1702043446638588e-09
0.42965000000000003,0,-0.00019843776979345574,4.356239017465796e-07,-1.293773386229272e-11,1,"[0, 0, 0.42965000000000003, 0, 1.0, 0, 1]",1.1695824890291287e-09
0.42994444444444446,0,-0.00019878575373615773,4.361028907147365e-07,-1.2990188039278323e-11,1,"[0, 0, 0.42994444444444446, 0, 1.0, 0, 1]",1.1689476397886843e-09
0.4302388888888889,0,-0.00019913358837133762,4.3658128007947005e-07,-1.3042767136765612e-11,1,"[0, 0, 0.4302388888888889, 0, 1.0, 0, 1]",1.1682997739305892e-09
0.4305333333333334,0,-0.00019948127419169368,4.370590709305905e-07,-1.3095471259338052e-11,1,"[0, 0, 0.4305333333333334, 0, 1.0, 0, 1]",1.1676388684629297e-09
0.4308277777777778,0,-0.00019982881168666383,4.3753626435200623e-07,-1.314830051147002e-11,1,"[0, 0, 0.4308277777777778, 0, 1.0, 0, 1]",1.166964900413729e-09
0.43112222222222224,0,-0.00020017620134245794,4.380128614217783e-07,-1.3201254997527448e-11,1,"[0, 0, 0.43112222222222224, 0, 1.0, 0, 1]",1.166277846830942e-09
0.43141666666666667,0,-0.00020052344364208756,4.384888632121711e-07,-1.3254334821768152e-11,1,"[0, 0, 0.43141666666666667, 0, 1.0, 0, 1]",1.165577684782346e-09
0.43171111111111116,0,-0.000200870539065395,4.389642707897021e-07,-1.3307540088342082e-11,1,"[0, 0, 0.43171111111111116, 0, 1.0, 0, 1]",1.1648643913555773e-09
0.4320055555555556,0,-0.00020121748808908386,4.394390852151923e-07,-1.336087090129185e-11,1,"[0, 0, 0.4320055555555556, 0, 1.0, 0, 1]",1.1641379436579842e-09
0.4323,0,-0.0002015642911867477,4.3991330754381633e-07,-1.3414327364553029e-11,1,"[0, 0, 0.4323, 0, 1.0, 0, 1]",1.1633983188166328e-09
0.43259444444444445,0,-0.00020191094882889834,4.4038693882515027e-07,-1.3467909581954468e-11,1,"[0, 0, 0.43259444444444445, 0, 1.0, 0, 1]",1.1626454939782667e-09
0.43288888888888893,0,-0.0002022574614829955,4.408599801032207e-07,-1.35216176572188e-11,1,"[0, 0, 0.43288888888888893, 0, 1.0, 0, 1]",1.1618794463092135e-09
0.43318333333333336,0,-0.00020260382961347374,4.4133243241655167e-07,-1.3575451693962636e-11,1,"[0, 0, 0.43318333333333336, 0, 1.0, 0, 1]",1.161100152995382e-09
0.4334777777777778,0,-0.00020295005368177173,4.418042967982131e-07,-1.3629411795697147e-11,1,"[0, 0, 0.4334777777777778, 0, 1.0, 0, 1]",1.1603075912421741e-09
0.4337722222222222,0,-0.00020329613414635746,4.422755742758656e-07,-1.3683498065828085e-11,1,"[0, 0, 0.4337722222222222, 0, 1.0, 0, 1]",1.1595017382744771e-09
0.4340666666666667,0,-0.00020364207146275813,4.427462658718094e-07,-1.3737710607656538e-11,1,"[0, 0, 0.4340666666666667, 0, 1.0, 0, 1]",1.1586825713365605e-09
0.43436111111111114,0,-0.00020398786608358501,4.432163726030266e-07,-1.3792049524378968e-11,1,"[0, 0, 0.43436111111111114, 0, 1.0, 0, 1]",1.1578500676921063e-09
0.4346555555555556,0,-0.00020433351845856054,4.4368589548122817e-07,-1.3846514919087655e-11,1,"[0, 0, 0.4346555555555556, 0, 1.0, 0, 1]",1.1570042046240696e-09
0.43495,0,-0.00020467902903454507,4.441548355128991e-07,-1.3901106894771134e-11,1,"[0, 0, 0.43495, 0, 1.0, 0, 1]",1.1561449594347055e-09
0.4352444444444445,0,-0.0002050243982555624,4.446231936993407e-07,-1.3955825554314439e-11,1,"[0, 0, 0.4352444444444445, 0, 1.0, 0, 1]",1.155272309445481e-09
0.4355388888888889,0,-0.00020536962656282471,4.4509097103671575e-07,-1.4010671000499392e-11,1,"[0, 0, 0.4355388888888889, 0, 1.0, 0, 1]",1.1543862319970602e-09
0.43583333333333335,0,-0.0002057147143947593,4.455581685160901e-07,-1.4065643336005077e-11,1,"[0, 0, 0.43583333333333335, 0, 1.0, 0, 1]",1.1534867044492057e-09
0.4361277777777778,0,-0.00020605966218703345,4.4602478712347694e-07,-1.41207426634082e-11,1,"[0, 0, 0.4361277777777778, 0, 1.0, 0, 1]",1.152573704180789e-09
0.43642222222222227,0,-0.00020640447037257765,4.4649082783987727e-07,-1.4175969085183172e-11,1,"[0, 0, 0.43642222222222227, 0, 1.0, 0, 1]",1.1516472085896972e-09
0.4367166666666667,0,-0.00020674913938161145,4.469562916413229e-07,-1.4231322703702657e-11,1,"[0, 0, 0.4367166666666667, 0, 1.0, 0, 1]",1.150707195092844e-09
0.43701111111111113,0,-0.0002070936696416685,4.474211794989169e-07,-1.4286803621237972e-11,1,"[0, 0, 0.43701111111111113, 0, 1.0, 0, 1]",1.1497536411260329e-09
0.43730555555555556,0,-0.00020743806157761776,4.478854923788744e-07,-1.4342411939959083e-11,1,"[0, 0, 0.43730555555555556, 0, 1.0, 0, 1]",1.148786524144006e-09
0.43760000000000004,0,-0.00020778231561168983,4.4834923124256364e-07,-1.4398147761935265e-11,1,"[0, 0, 0.43760000000000004, 0, 1.0, 0, 1]",1.1478058216203542e-09
0.4378944444444445,0,-0.0002081264321634992,4.488123970465432e-07,-1.4454011189135233e-11,1,"[0, 0, 0.4378944444444445, 0, 1.0, 0, 1]",1.1468115110474646e-09
0.4381888888888889,0,-0.00020847041165006702,4.4927499074260617e-07,-1.4510002323427501e-11,1,"[0, 0, 0.4381888888888889, 0, 1.0, 0, 1]",1.1458035699364852e-09
0.43848333333333334,0,-0.00020881425448584566,4.497370132778141e-07,-1.456612126658082e-11,1,"[0, 0, 0.43848333333333334, 0, 1.0, 0, 1]",1.144781975817293e-09
0.4387777777777778,0,-0.0002091579610827389,4.5019846559453887e-07,-1.4622368120264232e-11,1,"[0, 0, 0.4387777777777778, 0, 1.0, 0, 1]",1.143746706238421e-09
0.43907222222222225,0,-0.0002095015318501266,4.5065934863049893e-07,-1.4678742986047647e-11,1,"[0, 0, 0.43907222222222225, 0, 1.0, 0, 1]",1.1426977387670386e-09
0.4393666666666667,0,-0.00020984496719488475,4.511196633187985e-07,-1.4735245965401915e-11,1,"[0, 0, 0.4393666666666667, 0, 1.0, 0, 1]",1.1416350509889038e-09
0.4396611111111111,0,-0.00021018826752140972,4.5157941058796326e-07,-1.4791877159699395e-11,1,"[0, 0, 0.4396611111111111, 0, 1.0, 0, 1]",1.1405586205082869e-09
0.4399555555555556,0,-0.00021053143323163817,4.520385913619794e-07,-1.4848636670214096e-11,1,"[0, 0, 0.4399555555555556, 0, 1.0, 0, 1]",1.1394684249479769e-09
0.44025000000000003,0,-0.000210874464725068,4.5249720656032716e-07,-1.4905524598121843e-11,1,"[0, 0, 0.44025000000000003, 0, 1.0, 0, 1]",1.138364441949209e-09
0.44054444444444446,0,-0.00021121736239878113,4.5295525709801977e-07,-1.4962541044500846e-11,1,"[0, 0, 0.44054444444444446, 0, 1.0, 0, 1]",1.1372466491716168e-09
0.4408388888888889,0,-0.00021156012664746494,4.534127438856378e-07,-1.5019686110332054e-11,1,"[0, 0, 0.4408388888888889, 0, 1.0, 0, 1]",1.1361150242931788e-09
0.4411333333333334,0,-0.00021190275786342916,4.5386966782936435e-07,-1.5076959896498936e-11,1,"[0, 0, 0.4411333333333334, 0, 1.0, 0, 1]",1.134969545010237e-09
0.4414277777777778,0,-0.00021224525643663127,4.543260298310198e-07,-1.5134362503788405e-11,1,"[0, 0, 0.4414277777777778, 0, 1.0, 0, 1]",1.1338101890373678e-09
0.44172222222222224,0,-0.00021258762275469365,4.5478183078809864e-07,-1.5191894032890772e-11,1,"[0, 0, 0.44172222222222224, 0, 1.0, 0, 1]",1.1326369341073985e-09
0.44201666666666667,0,-0.00021292985720292322,4.5523707159379975e-07,-1.5249554584399878e-11,1,"[0, 0, 0.44201666666666667, 0, 1.0, 0, 1]",1.1314497579713346e-09
0.44231111111111115,0,-0.00021327196016433512,4.556917531370639e-07,-1.5307344258813997e-11,1,"[0, 0, 0.44231111111111115, 0, 1.0, 0, 1]",1.130248638398338e-09
0.4426055555555556,0,-0.00021361393201966606,4.561458763026048e-07,-1.5365263156535207e-11,1,"[0, 0, 0.4426055555555556, 0, 1.0, 0, 1]",1.1290335531756895e-09
0.4429,0,-0.00021395577314740075,4.565994419709443e-07,-1.5423311377870688e-11,1,"[0, 0, 0.4429, 0, 1.0, 0, 1]",1.127804480108679e-09
0.44319444444444445,0,-0.00021429748392378544,4.570524510184426e-07,-1.5481489023032167e-11,1,"[0, 0, 0.44319444444444445, 0, 1.0, 0, 1]",1.1265613970206753e-09
0.44348888888888893,0,-0.00021463906472285024,4.5750490431733355e-07,-1.553979619213673e-11,1,"[0, 0, 0.44348888888888893, 0, 1.0, 0, 1]",1.1253042817529805e-09
0.44378333333333336,0,-0.0002149805159164256,4.579568027357538e-07,-1.559823298520672e-11,1,"[0, 0, 0.44378333333333336, 0, 1.0, 0, 1]",1.1240331121648598e-09
0.4440777777777778,0,-0.00021532183787416272,4.5840814713777757e-07,-1.5656799502170323e-11,1,"[0, 0, 0.4440777777777778, 0, 1.0, 0, 1]",1.1227478661334736e-09
0.4443722222222222,0,-0.00021566303096355133,4.5885893838344544e-07,-1.5715495842861704e-11,1,"[0, 0, 0.4443722222222222, 0, 1.0, 0, 1]",1.1214485215538047e-09
0.4446666666666667,0,-0.00021600409554993743,4.5930917732879705e-07,-1.577432210702128e-11,1,"[0, 0, 0.4446666666666667, 0, 1.0, 0, 1]",1.120135056338675e-09
0.44496111111111114,0,-0.00021634503199654105,4.5975886482590137e-07,-1.5833278394295906e-11,1,"[0, 0, 0.44496111111111114, 0, 1.0, 0, 1]",1.1188074484186575e-09
0.44525555555555557,0,-0.00021668584066447566,4.602080017228869e-07,-1.58923648042394e-11,1,"[0, 0, 0.44525555555555557, 0, 1.0, 0, 1]",1.1174656757420684e-09
0.44555,0,-0.00021702652191276354,4.606565888639722e-07,-1.595158143631249e-11,1,"[0, 0, 0.44555, 0, 1.0, 0, 1]",1.116109716274909e-09
0.4458444444444445,0,-0.00021736707609835529,4.61104627089496e-07,-1.601092838988339e-11,1,"[0, 0, 0.4458444444444445, 0, 1.0, 0, 1]",1.1147395480008125e-09
0.4461388888888889,0,-0.0002177075035761448,4.615521172359455e-07,-1.607040576422771e-11,1,"[0, 0, 0.4461388888888889, 0, 1.0, 0, 1]",1.1133551489210497e-09
0.44643333333333335,0,-0.00021804780469898908,4.619990601359872e-07,-1.6130013658529143e-11,1,"[0, 0, 0.44643333333333335, 0, 1.0, 0, 1]",1.1119564970544157e-09
0.4467277777777778,0,-0.00021838797981772265,4.624454566184945e-07,-1.6189752171879365e-11,1,"[0, 0, 0.4467277777777778, 0, 1.0, 0, 1]",1.1105435704372586e-09
0.44702222222222227,0,-0.0002187280292811758,4.628913075085774e-07,-1.6249621403278514e-11,1,"[0, 0, 0.44702222222222227, 0, 1.0, 0, 1]",1.1091163471234162e-09
0.4473166666666667,0,-0.00021906795343618925,4.6333661362760844e-07,-1.630962145163515e-11,1,"[0, 0, 0.4473166666666667, 0, 1.0, 0, 1]",1.1076748051841635e-09
0.4476111111111111,0,-0.00021940775262763276,4.6378137579325535e-07,-1.6369752415766932e-11,1,"[0, 0, 0.4476111111111111, 0, 1.0, 0, 1]",1.1062189227081758e-09
0.44790555555555556,0,-0.00021974742719842093,4.6422559481950377e-07,-1.64300143944007e-11,1,"[0, 0, 0.44790555555555556, 0, 1.0, 0, 1]",1.104748677801501e-09
0.44820000000000004,0,-0.00022008697748952694,4.646692715166881e-07,-1.6490407486172473e-11,1,"[0, 0, 0.44820000000000004, 0, 1.0, 0, 1]",1.1032640485875165e-09
0.4484944444444445,0,-0.0002204264038400008,4.6511240669151665e-07,-1.6550931789628026e-11,1,"[0, 0, 0.4484944444444445, 0, 1.0, 0, 1]",1.101765013206891e-09
0.4487888888888889,0,-0.00022076570658698436,4.6555500114710047e-07,-1.661158740322306e-11,1,"[0, 0, 0.4487888888888889, 0, 1.0, 0, 1]",1.1002515498175317e-09
0.44908333333333333,0,-0.0002211048860657266,4.65997055682978e-07,-1.667237442532338e-11,1,"[0, 0, 0.44908333333333333, 0, 1.0, 0, 1]",1.098723636594546e-09
0.4493777777777778,0,-0.0002214439426095987,4.6643857109514323e-07,-1.673329295420514e-11,1,"[0, 0, 0.4493777777777778, 0, 1.0, 0, 1]",1.0971812517302601e-09
0.44967222222222225,0,-0.00022178287655011012,4.6687954817606994e-07,-1.6794343088055183e-11,1,"[0, 0, 0.44967222222222225, 0, 1.0, 0, 1]",1.0956243734340815e-09
0.4499666666666667,0,-0.00022212168821692253,4.673199877147401e-07,-1.6855524924971166e-11,1,"[0, 0, 0.4499666666666667, 0, 1.0, 0, 1]",1.0940529799325186e-09
0.45026111111111117,0,-0.0002224603779378651,4.6775989049666695e-07,-1.6916838562961814e-11,1,"[0, 0, 0.45026111111111117, 0, 1.0, 0, 1]",1.0924670494691812e-09
0.45055555555555554,0,-0.0002227989460389502,4.6819925730392154e-07,-1.6978284099947326e-11,1,"[0, 0, 0.45055555555555554, 0, 1.0, 0, 1]",1.0908665603046344e-09
0.45085000000000003,0,-0.0002231373928443873,4.686380889151575e-07,-1.70398616337595e-11,1,"[0, 0, 0.45085000000000003, 0, 1.0, 0, 1]",1.0892514907164488e-09
0.4511444444444445,0,-0.00022347571867659572,4.6907638610563653e-07,-1.710157126214175e-11,1,"[0, 0, 0.4511444444444445, 0, 1.0, 0, 1]",1.0876218189991667e-09
0.4514388888888889,0,-0.0002238139238562213,4.6951414964725185e-07,-1.7163413082749654e-11,1,"[0, 0, 0.4514388888888889, 0, 1.0, 0, 1]",1.0859775234642052e-09
0.4517333333333334,0,-0.0002241520087021506,4.699513803085543e-07,-1.722538719315125e-11,1,"[0, 0, 0.4517333333333334, 0, 1.0, 0, 1]",1.0843185824398293e-09
0.45202777777777775,0,-0.00022448997353152248,4.703880788547738e-07,-1.7287493690826835e-11,1,"[0, 0, 0.45202777777777775, 0, 1.0, 0, 1]",1.0826449742711685e-09
0.45232222222222224,0,-0.00022482781865974477,4.708242460478461e-07,-1.7349732673169693e-11,1,"[0, 0, 0.45232222222222224, 0, 1.0, 0, 1]",1.080956677320116e-09
0.4526166666666667,0,-0.00022516554440050538,4.712598826464348e-07,-1.7412104237485904e-11,1,"[0, 0, 0.4526166666666667, 0, 1.0, 0, 1]",1.0792536699653502e-09
0.4529111111111111,0,-0.00022550315106578794,4.716949894059541e-07,-1.747460848099484e-11,1,"[0, 0, 0.4529111111111111, 0, 1.0, 0, 1]",1.0775359306022535e-09
0.4532055555555556,0,-0.00022584063896588389,4.721295670785943e-07,-1.753724550082927e-11,1,"[0, 0, 0.4532055555555556, 0, 1.0, 0, 1]",1.0758034376428677e-09
0.45350000000000007,0,-0.00022617800840940777,4.7256361641334306e-07,-1.7600015394035842e-11,1,"[0, 0, 0.45350000000000007, 0, 1.0, 0, 1]",1.0740561695159008e-09
0.45379444444444444,0,-0.00022651525970330635,4.7299713815600765e-07,-1.766291825757466e-11,1,"[0, 0, 0.45379444444444444, 0, 1.0, 0, 1]",1.0722941046666754e-09
0.45408888888888893,0,-0.0002268523931528773,4.734301330492391e-07,-1.772595418832044e-11,1,"[0, 0, 0.45408888888888893, 0, 1.0, 0, 1]",1.0705172215570626e-09
0.4543833333333333,0,-0.00022718940906177627,4.7386260183255365e-07,-1.7789123283061792e-11,1,"[0, 0, 0.4543833333333333, 0, 1.0, 0, 1]",1.0687254986654873e-09
0.4546777777777778,0,-0.00022752630773203444,4.742945452423547e-07,-1.7852425638502178e-11,1,"[0, 0, 0.4546777777777778, 0, 1.0, 0, 1]",1.0669189144868632e-09
0.4549722222222223,0,-0.00022786308946406793,4.7472596401195453e-07,-1.7915861351259626e-11,1,"[0, 0, 0.4549722222222223, 0, 1.0, 0, 1]",1.0650974475325765e-09
0.45526666666666665,0,-0.0002281997545566922,4.7515685887159713e-07,-1.797943051786728e-11,1,"[0, 0, 0.45526666666666665, 0, 1.0, 0, 1]",1.063261076330423e-09
0.45556111111111114,0,-0.00022853630330713407,4.755872305484782e-07,-1.8043133234773493e-11,1,"[0, 0, 0.45556111111111114, 0, 1.0, 0, 1]",1.0614097794245985e-09
0.4558555555555556,0,-0.00022887273601104318,4.760170797667666e-07,-1.8106969598341953e-11,1,"[0, 0, 0.4558555555555556, 0, 1.0, 0, 1]",1.0595435353756665e-09
0.45615,0,-0.00022920905296250485,4.764464072476269e-07,-1.8170939704852012e-11,1,"[0, 0, 0.45615, 0, 1.0, 0, 1]",1.0576623227604748e-09
0.4564444444444445,0,-0.00022954525445405236,4.768752137092384e-07,-1.8235043650498916e-11,1,"[0, 0, 0.4564444444444445, 0, 1.0, 0, 1]",1.0557661201721996e-09
0.45673888888888886,0,-0.0002298813407766782,4.773034998668166e-07,-1.829928153139392e-11,1,"[0, 0, 0.45673888888888886, 0, 1.0, 0, 1]",1.0538549062202298e-09
0.45703333333333335,0,-0.00023021731221984615,4.777312664326336e-07,-1.836365344356454e-11,1,"[0, 0, 0.45703333333333335, 0, 1.0, 0, 1]",1.0519286595302068e-09
0.45732777777777783,0,-0.00023055316907150277,4.781585141160384e-07,-1.8428159482954734e-11,1,"[0, 0, 0.45732777777777783, 0, 1.0, 0, 1]",1.0499873587439236e-09
0.4576222222222222,0,-0.00023088891161808994,4.785852436234766e-07,-1.8492799745425253e-11,1,"[0, 0, 0.4576222222222222, 0, 1.0, 0, 1]",1.0480309825193014e-09
0.4579166666666667,0,-0.0002312245401445555,4.790114556585114e-07,-1.8557574326753755e-11,1,"[0, 0, 0.4579166666666667, 0, 1.0, 0, 1]",1.046059509530403e-09
0.4582111111111112,0,-0.0002315600549343632,4.79437150921841e-07,-1.8622483322634704e-11,1,"[0, 0, 0.4582111111111112, 0, 1.0, 0, 1]",1.044072918467372e-09
0.45850555555555556,0,-0.00023189545626950723,4.79862330111321e-07,-1.868752682868021e-11,1,"[0, 0, 0.45850555555555556, 0, 1.0, 0, 1]",1.0420711880363605e-09
0.45880000000000004,0,-0.00023223074443052055,4.802869939219813e-07,-1.875270494041968e-11,1,"[0, 0, 0.45880000000000004, 0, 1.0, 0, 1]",1.0400542969595588e-09
0.4590944444444444,0,-0.00023256591969648746,4.807111430460471e-07,-1.8818017753300357e-11,1,"[0, 0, 0.4590944444444444, 0, 1.0, 0, 1]",1.038022223975083e-09
0.4593888888888889,0,-0.00023290098234505355,4.811347781729563e-07,-1.8883465362687292e-11,1,"[0, 0, 0.4593888888888889, 0, 1.0, 0, 1]",1.0359749478370592e-09
0.4596833333333334,0,-0.00023323593265243695,4.815578999893793e-07,-1.8949047863863664e-11,1,"[0, 0, 0.4596833333333334, 0, 1.0, 0, 1]",1.03391244731545e-09
0.45997777777777776,0,-0.00023357077089343896,4.819805091792369e-07,-1.901476535203094e-11,1,"[0, 0, 0.45997777777777776, 0, 1.0, 0, 1]",1.0318347011961201e-09
0.46027222222222225,0,-0.00023390549734145515,4.824026064237205e-07,-1.9080617922309182e-11,1,"[0, 0, 0.46027222222222225, 0, 1.0, 0, 1]",1.029741688280773e-09
0.46056666666666674,0,-0.00023424011226848445,4.828241924013075e-07,-1.914660566973697e-11,1,"[0, 0, 0.46056666666666674, 0, 1.0, 0, 1]",1.027633387386903e-09
0.4608611111111111,0,-0.00023457461594514182,4.832452677877811e-07,-1.9212728689271984e-11,1,"[0, 0, 0.4608611111111111, 0, 1.0, 0, 1]",1.0255097773477806e-09
0.4611555555555556,0,-0.00023490900864066639,4.836658332562491e-07,-1.9278987075790883e-11,1,"[0, 0, 0.4611555555555556, 0, 1.0, 0, 1]",1.0233708370124155e-09
0.46144999999999997,0,-0.00023524329062293237,4.840858894771603e-07,-1.9345380924089576e-11,1,"[0, 0, 0.46144999999999997, 0, 1.0, 0, 1]",1.021216545245506e-09
0.46174444444444446,0,-0.0002355774621584597,4.845054371183218e-07,-1.9411910328883485e-11,1,"[0, 0, 0.46174444444444446, 0, 1.0, 0, 1]",1.0190468809274488e-09
0.46203888888888894,0,-0.00023591152351242397,4.849244768449187e-07,-1.9478575384807793e-11,1,"[0, 0, 0.46203888888888894, 0, 1.0, 0, 1]",1.0168618229542507e-09
0.4623333333333333,0,-0.00023624547494866487,4.853430093195277e-07,-1.954537618641728e-11,1,"[0, 0, 0.4623333333333333, 0, 1.0, 0, 1]",1.0146613502375426e-09
0.4626277777777778,0,-0.00023657931672969873,4.857610352021374e-07,-1.9612312828187066e-11,1,"[0, 0, 0.4626277777777778, 0, 1.0, 0, 1]",1.0124454417045245e-09
0.4629222222222223,0,-0.00023691304911672542,4.861785551501656e-07,-1.967938540451232e-11,1,"[0, 0, 0.4629222222222223, 0, 1.0, 0, 1]",1.010214076297906e-09
0.46321666666666667,0,-0.00023724667236964044,4.865955698184722e-07,-1.9746594009708756e-11,1,"[0, 0, 0.46321666666666667, 0, 1.0, 0, 1]",1.0079672329759345e-09
0.46351111111111115,0,-0.0002375801867470423,4.870120798593805e-07,-1.9813938738012577e-11,1,"[0, 0, 0.46351111111111115, 0, 1.0, 0, 1]",1.0057048907123307e-09
0.4638055555555555,0,-0.000237913592506243,4.874280859226914e-07,-1.988141968358078e-11,1,"[0, 0, 0.4638055555555555, 0, 1.0, 0, 1]",1.0034270284962522e-09
0.4641,0,-0.00023824688990327833,4.878435886556991e-07,-1.994903694049147e-11,1,"[0, 0, 0.4641, 0, 1.0, 0, 1]",1.0011336253322666e-09
0.4643944444444445,0,-0.00023858007919291515,4.882585887032092e-07,-2.0016790602743746e-11,1,"[0, 0, 0.4643944444444445, 0, 1.0, 0, 1]",9.98824660240301e-10
0.4646888888888889,0,-0.0002389131606286626,4.886730867075541e-07,-2.008468076425823e-11,1,"[0, 0, 0.4646888888888889, 0, 1.0, 0, 1]",9.96500112255668e-10
0.46498333333333336,0,-0.00023924613446277897,4.890870833086074e-07,-2.0152707518876803e-11,1,"[0, 0, 0.46498333333333336, 0, 1.0, 0, 1]",9.941599604289647e-10
0.46527777777777785,0,-0.000239579000946284,4.895005791438032e-07,-2.022087096036345e-11,1,"[0, 0, 0.46527777777777785, 0, 1.0, 0, 1]",9.918041838260696e-10
0.4655722222222222,0,-0.00023991176032896373,4.899135748481476e-07,-2.028917118240362e-11,1,"[0, 0, 0.4655722222222222, 0, 1.0, 0, 1]",9.894327615281341e-10
0.4658666666666667,0,-0.00024024441285938296,4.903260710542375e-07,-2.0357608278605122e-11,1,"[0, 0, 0.4658666666666667, 0, 1.0, 0, 1]",9.870456726315103e-10
0.4661611111111111,0,-0.00024057695878489135,4.907380683922744e-07,-2.0426182342497788e-11,1,"[0, 0, 0.4661611111111111, 0, 1.0, 0, 1]",9.846428962477534e-10
0.46645555555555557,0,-0.00024090939835163454,4.9114956749008e-07,-2.0494893467534068e-11,1,"[0, 0, 0.46645555555555557, 0, 1.0, 0, 1]",9.822244115035562e-10
0.46675000000000005,0,-0.00024124173180456118,4.915605689731109e-07,-2.0563741747088962e-11,1,"[0, 0, 0.46675000000000005, 0, 1.0, 0, 1]",9.797901975407458e-10
0.46704444444444443,0,-0.00024157395938743123,4.91971073464475e-07,-2.0632727274460135e-11,1,"[0, 0, 0.46704444444444443, 0, 1.0, 0, 1]",9.773402335162665e-10
0.4673388888888889,0,-0.00024190608134282517,4.923810815849439e-07,-2.070185014286819e-11,1,"[0, 0, 0.4673388888888889, 0, 1.0, 0, 1]",9.748744986020943e-10
0.4676333333333334,0,-0.0002422380979121534,4.927905939529707e-07,-2.0771110445457107e-11,1,"[0, 0, 0.4676333333333334, 0, 1.0, 0, 1]",9.723929719852467e-10
0.4679277777777778,0,-0.00024257000933566164,4.931996111847011e-07,-2.0840508275293784e-11,1,"[0, 0, 0.4679277777777778, 0, 1.0, 0, 1]",9.69895632867756e-10
0.46822222222222226,0,-0.00024290181585244147,4.936081338939928e-07,-2.0910043725368768e-11,1,"[0, 0, 0.46822222222222226, 0, 1.0, 0, 1]",9.673824604666434e-10
0.46851666666666664,0,-0.00024323351770043963,4.940161626924227e-07,-2.0979716888596436e-11,1,"[0, 0, 0.46851666666666664, 0, 1.0, 0, 1]",9.648534340137957e-10
0.4688111111111111,0,-0.00024356511511646172,4.944236981893087e-07,-2.1049527857814587e-11,1,"[0, 0, 0.4688111111111111, 0, 1.0, 0, 1]",9.623085327561183e-10
0.4691055555555556,0,-0.0002438966083361846,4.948307409917184e-07,-2.111947672578523e-11,1,"[0, 0, 0.4691055555555556, 0, 1.0, 0, 1]",9.597477359553163e-10
0.4694,0,-0.00024422799759416246,4.952372917044855e-07,-2.1189563585194527e-11,1,"[0, 0, 0.4694, 0, 1.0, 0, 1]",9.571710228879645e-10
0.46969444444444447,0,-0.00024455928312383426,4.956433509302234e-07,-2.125978852865284e-11,1,"[0, 0, 0.46969444444444447, 0, 1.0, 0, 1]",9.54578372845487e-10
0.46998888888888896,0,-0.0002448904651575324,4.960489192693383e-07,-2.1330151648695036e-11,1,"[0, 0, 0.46998888888888896, 0, 1.0, 0, 1]",9.519697651340749e-10
0.47028333333333333,0,-0.0002452215439264896,4.964539973200434e-07,-2.1400653037780564e-11,1,"[0, 0, 0.47028333333333333, 0, 1.0, 0, 1]",9.493451790746859e-10
0.4705777777777778,0,-0.00024555251966084936,4.968585856783719e-07,-2.1471292788294038e-11,1,"[0, 0, 0.4705777777777778, 0, 1.0, 0, 1]",9.467045940029884e-10
0.4708722222222222,0,-0.0002458833925896679,4.97262684938191e-07,-2.1542070992544473e-11,1,"[0, 0, 0.4708722222222222, 0, 1.0, 0, 1]",9.440479892693979e-10
0.4711666666666667,0,-0.0002462141629409279,4.976662956912145e-07,-2.161298774276651e-11,1,"[0, 0, 0.4711666666666667, 0, 1.0, 0, 1]",9.413753442389741e-10
0.47146111111111116,0,-0.0002465448309415413,4.980694185270172e-07,-2.1684043131119763e-11,1,"[0, 0, 0.47146111111111116, 0, 1.0, 0, 1]",9.386866382914114e-10
0.47175555555555554,0,-0.00024687539681736025,4.98472054033045e-07,-2.1755237249689594e-11,1,"[0, 0, 0.47175555555555554, 0, 1.0, 0, 1]",9.359818508210285e-10
0.47205,0,-0.0002472058607931808,4.988742027946322e-07,-2.1826570190486694e-11,1,"[0, 0, 0.47205, 0, 1.0, 0, 1]",9.332609612367358e-10
0.4723444444444445,0,-0.00024753622309275333,4.992758653950112e-07,-2.1898042045447743e-11,1,"[0, 0, 0.4723444444444445, 0, 1.0, 0, 1]",9.305239489619887e-10
0.4726388888888889,0,-0.00024786648393878793,4.996770424153251e-07,-2.1969652906435248e-11,1,"[0, 0, 0.4726388888888889, 0, 1.0, 0, 1]",9.277707934347943e-10
0.47293333333333337,0,-0.0002481966435529625,5.000777344346428e-07,-2.2041402865237933e-11,1,"[0, 0, 0.47293333333333337, 0, 1.0, 0, 1]",9.250014741075992e-10
0.47322777777777775,0,-0.0002485267021559295,5.004779420299683e-07,-2.2113292013570763e-11,1,"[0, 0, 0.47322777777777775, 0, 1.0, 0, 1]",9.222159704473717e-10
0.47352222222222223,0,-0.0002488566599673215,5.008776657762562e-07,-2.2185320443074932e-11,1,"[0, 0, 0.47352222222222223, 0, 1.0, 0, 1]",9.194142619355131e-10
0.4738166666666667,0,-0.0002491865172057613,5.012769062464222e-07,-2.2257488245318505e-11,1,"[0, 0, 0.4738166666666667, 0, 1.0, 0, 1]",9.165963280678139e-10
0.4741111111111111,0,-0.00024951627408886616,5.016756640113544e-07,-2.2329795511796142e-11,1,"[0, 0, 0.4741111111111111, 0, 1.0, 0, 1]",9.137621483544646e-10
0.4744055555555556,0,-0.0002498459308332543,5.020739396399285e-07,-2.2402242333929178e-11,1,"[0, 0, 0.4744055555555556, 0, 1.0, 0, 1]",9.109117023200053e-10
0.47470000000000007,0,-0.00025017548765455513,5.024717336990167e-07,-2.2474828803066446e-11,1,"[0, 0, 0.47470000000000007, 0, 1.0, 0, 1]",9.080449695033096e-10
0.47499444444444444,0,-0.0002505049447674115,5.028690467535012e-07,-2.2547555010483557e-11,1,"[0, 0, 0.47499444444444444, 0, 1.0, 0, 1]",9.051619294575216e-10
0.4752888888888889,0,-0.0002508343023854897,5.032658793662852e-07,-2.2620421047383706e-11,1,"[0, 0, 0.4752888888888889, 0, 1.0, 0, 1]",9.022625617500925e-10
0.4755833333333333,0,-0.0002511635607214841,5.036622320983061e-07,-2.2693427004897486e-11,1,"[0, 0, 0.4755833333333333, 0, 1.0, 0, 1]",8.993468459627105e-10
0.4758777777777778,0,-0.0002514927199871254,5.040581055085446e-07,-2.276657297408331e-11,1,"[0, 0, 0.4758777777777778, 0, 1.0, 0, 1]",8.964147616912158e-10
0.4761722222222223,0,-0.0002518217803931843,5.044535001540391e-07,-2.283985904592709e-11,1,"[0, 0, 0.4761722222222223, 0, 1.0, 0, 1]",8.934662885457417e-10
0.47646666666666665,0,-0.00025215074214948155,5.048484165898941e-07,-2.2913285311342997e-11,1,"[0, 0, 0.47646666666666665, 0, 1.0, 0, 1]",8.905014061504839e-10
0.47676111111111114,0,-0.00025247960546489096,5.052428553692944e-07,-2.298685186117308e-11,1,"[0, 0, 0.47676111111111114, 0, 1.0, 0, 1]",8.875200941438291e-10
0.4770555555555556,0,-0.00025280837054734865,5.056368170435136e-07,-2.3060558786187882e-11,1,"[0, 0, 0.4770555555555556, 0, 1.0, 0, 1]",8.845223321782263e-10
0.47735,0,-0.00025313703760385673,5.060303021619282e-07,-2.3134406177086156e-11,1,"[0, 0, 0.47735, 0, 1.0, 0, 1]",8.815080999202193e-10
0.4776444444444445,0,-0.00025346560684049086,5.064233112720259e-07,-2.320839412449525e-11,1,"[0, 0, 0.4776444444444445, 0, 1.0, 0, 1]",8.784773770504174e-10
0.47793888888888897,0,-0.00025379407846240644,5.06815844919418e-07,-2.3282522718971253e-11,1,"[0, 0, 0.47793888888888897, 0, 1.0, 0, 1]",8.754301432634094e-10
0.47823333333333334,0,-0.00025412245267384423,5.0720790364785e-07,-2.3356792050999084e-11,1,"[0, 0, 0.47823333333333334, 0, 1.0, 0, 1]",8.723663782678197e-10
0.47852777777777783,0,-0.0002544507296781368,5.075994879992122e-07,-2.343120221099268e-11,1,"[0, 0, 0.47852777777777783, 0, 1.0, 0, 1]",8.692860617861954e-10
0.4788222222222222,0,-0.0002547789096777133,5.079905985135513e-07,-2.350575328929495e-11,1,"[0, 0, 0.4788222222222222, 0, 1.0, 0, 1]",8.661891735550735e-10
0.4791166666666667,0,-0.0002551069928741085,5.083812357290791e-07,-2.3580445376178468e-11,1,"[0, 0, 0.4791166666666667, 0, 1.0, 0, 1]",8.630756933248573e-10
0.4794111111111112,0,-0.0002554349794679648,5.087714001821847e-07,-2.3655278561844883e-11,1,"[0, 0, 0.4794111111111112, 0, 1.0, 0, 1]",8.599456008598571e-10
0.47970555555555555,0,-0.00025576286965903937,5.09161092407445e-07,-2.3730252936425366e-11,1,"[0, 0, 0.47970555555555555, 0, 1.0, 0, 1]",8.56798875938253e-10
0.48,0,-0.0002560906636462125,5.095503129376333e-07,-2.3805368589981177e-11,1,"[0, 0, 0.48, 0, 1.0, 0, 1]",8.53635498352036e-10
