parameter,branch,g2,g3,discriminant,character,operator_ascending,constant
-4.6,0,-0.1731111111111111,-0.02228444444444444,-0.01859580427544581,1,"[-1.0, 0, -4.6, 0, 1]",0.0
-4.6,1,0.23296296296296293,0.021300839506172835,0.00039271022865701444,2,"[-1.0, 0, -4.6, 0, 1]",0.0
-4.594888888888889,0,-0.17285002167352537,-0.02221969471875832,-0.018494563068413,1,"[-1.0, 0, -4.594888888888889, 0, 1]",0.0
-4.594888888888889,1,0.23252781390032004,0.021242514572443767,0.0003889897253310289,2,"[-1.0, 0, -4.594888888888889, 0, 1]",0.0
-4.589777777777777,0,-0.1725892224965706,-0.022155078364607013,-0.018393804454320095,1,"[-1.0, 0, -4.589777777777777, 0, 1]",0.0
-4.589777777777777,1,0.23209314860539546,0.021184305227378204,0.0003852956562743308,2,"[-1.0, 0, -4.589777777777777, 0, 1]",0.0
-4.584666666666666,0,-0.17232871358024687,-0.02209059523363511,-0.018293526518303398,1,"[-1.0, 0, -4.584666666666666, 0, 1]",0.0
-4.584666666666666,1,0.23165896707818923,0.021126211342401457,0.00038162788612695724,2,"[-1.0, 0, -4.584666666666666, 0, 1]",0.0
-4.579555555555555,0,-0.17206849492455417,-0.022026245177487167,-0.01819372735141457,1,"[-1.0, 0, -4.579555555555555, 0, 1]",0.0
-4.579555555555555,1,0.23122526931870138,0.02106823278893881,0.00037798628001881225,2,"[-1.0, 0, -4.579555555555555, 0, 1]",0.0
-4.574444444444444,0,-0.1718085665294924,-0.02196202804780774,-0.018094405050608015,1,"[-1.0, 0, -4.574444444444444, 0, 1]",0.0
-4.574444444444444,1,0.23079205532693178,0.02101036943841554,0.0003743707035684628,2,"[-1.0, 0, -4.574444444444444, 0, 1]",0.0
-4.569333333333333,0,-0.1715489283950617,-0.02189794369624142,-0.017995557718728343,1,"[-1.0, 0, -4.569333333333333, 0, 1]",0.0
-4.569333333333333,1,0.23035932510288062,0.02095262116225697,0.0003707810228820614,2,"[-1.0, 0, -4.569333333333333, 0, 1]",0.0
-4.564222222222222,0,-0.171289580521262,-0.021833991974432757,-0.01789718346449759,1,"[-1.0, 0, -4.564222222222222, 0, 1]",0.0
-4.564222222222222,1,0.22992707864654777,0.02089498783188836,0.00036721710455219284,2,"[-1.0, 0, -4.564222222222222, 0, 1]",0.0
-4.559111111111111,0,-0.17103052290809329,-0.021770172734026316,-0.017799280402502744,1,"[-1.0, 0, -4.559111111111111, 0, 1]",0.0
-4.559111111111111,1,0.22949531595793324,0.020837469318735015,0.0003636788156567358,2,"[-1.0, 0, -4.559111111111111, 0, 1]",0.0
-4.553999999999999,0,-0.17077175555555552,-0.021706485826666663,-0.017701846653183115,1,"[-1.0, 0, -4.553999999999999, 0, 1]",0.0
-4.553999999999999,1,0.22906403703703698,0.020780065494222216,0.0003601660237577513,2,"[-1.0, 0, -4.553999999999999, 0, 1]",0.0
-4.5488888888888885,0,-0.1705132784636488,-0.02164293110399837,-0.017604880342817795,1,"[-1.0, 0, -4.5488888888888885, 0, 1]",0.0
-4.5488888888888885,1,0.2286332418838591,0.020722776229775267,0.00035667859690035296,2,"[-1.0, 0, -4.5488888888888885, 0, 1]",0.0
-4.543777777777778,0,-0.17025509163237312,-0.021579508417666003,-0.01750837960351305,1,"[-1.0, 0, -4.543777777777778, 0, 1]",0.0
-4.543777777777778,1,0.2282029304983996,0.02066560139681945,0.00035321640361157987,2,"[-1.0, 0, -4.543777777777778, 0, 1]",0.0
-4.538666666666666,0,-0.16999719506172833,-0.021516217619314118,-0.01741234257318979,1,"[-1.0, 0, -4.538666666666666, 0, 1]",0.0
-4.538666666666666,1,0.22777310288065836,0.020608540866780056,0.00034977931289926004,2,"[-1.0, 0, -4.538666666666666, 0, 1]",0.0
-4.533555555555555,0,-0.16973958875171466,-0.021453058560587303,-0.017316767395571107,1,"[-1.0, 0, -4.533555555555555, 0, 1]",0.0
-4.533555555555555,1,0.22734375903063553,0.020551594511082384,0.00034636719425090896,2,"[-1.0, 0, -4.533555555555555, 0, 1]",0.0
-4.528444444444444,0,-0.16948227270233196,-0.021390031093130108,-0.01722165222016964,1,"[-1.0, 0, -4.528444444444444, 0, 1]",0.0
-4.528444444444444,1,0.226914898948331,0.020494762201151717,0.0003429799176325899,2,"[-1.0, 0, -4.528444444444444, 0, 1]",0.0
-4.523333333333333,0,-0.16922524691358026,-0.021327135068587105,-0.017126995202275168,1,"[-1.0, 0, -4.523333333333333, 0, 1]",0.0
-4.523333333333333,1,0.22648652263374483,0.020438043808413353,0.0003396173534878002,2,"[-1.0, 0, -4.523333333333333, 0, 1]",0.0
-4.518222222222222,0,-0.1689685113854595,-0.02126437033860285,-0.017032794502942077,1,"[-1.0, 0, -4.518222222222222, 0, 1]",0.0
-4.518222222222222,1,0.22605863008687693,0.020381439204292563,0.00033627937273636964,2,"[-1.0, 0, -4.518222222222222, 0, 1]",0.0
-4.513111111111111,0,-0.1687120661179698,-0.021201736754821923,-0.01693904828897694,1,"[-1.0, 0, -4.513111111111111, 0, 1]",0.0
-4.513111111111111,1,0.22563122130772745,0.020324948260214665,0.0003329658467733001,2,"[-1.0, 0, -4.513111111111111, 0, 1]",0.0
-4.508,0,-0.16845591111111113,-0.02113923416888889,-0.016845754732925988,1,"[-1.0, 0, -4.508, 0, 1]",0.0
-4.508,1,0.2252042962962963,0.02026857084760494,0.00032967664746768634,2,"[-1.0, 0, -4.508, 0, 1]",0.0
-4.502888888888888,0,-0.16820004636488337,-0.021076862432448294,-0.01675291201306267,1,"[-1.0, 0, -4.502888888888888, 0, 1]",0.0
-4.502888888888888,1,0.22477785505258338,0.02021230683788866,0.0003264116471615921,2,"[-1.0, 0, -4.502888888888888, 0, 1]",0.0
-4.497777777777777,0,-0.16794447187928668,-0.021014621397144738,-0.016660518313375335,1,"[-1.0, 0, -4.497777777777777, 0, 1]",0.0
-4.497777777777777,1,0.22435189757658888,0.020156156102491142,0.00032317071866892755,2,"[-1.0, 0, -4.497777777777777, 0, 1]",0.0
-4.492666666666667,0,-0.167689187654321,-0.02095251091462277,-0.016568571823554656,1,"[-1.0, 0, -4.492666666666667, 0, 1]",0.0
-4.492666666666667,1,0.22392642386831274,0.020100118512837675,0.0003199537352743323,2,"[-1.0, 0, -4.492666666666667, 0, 1]",0.0
-4.487555555555555,0,-0.16743419368998624,-0.020890530836526942,-0.016477070738981296,1,"[-1.0, 0, -4.487555555555555, 0, 1]",0.0
-4.487555555555555,1,0.22350143392775484,0.02004419394035353,0.0003167605707320876,2,"[-1.0, 0, -4.487555555555555, 0, 1]",0.0
-4.482444444444444,0,-0.16717948998628257,-0.020828681014501853,-0.0163860132607136,1,"[-1.0, 0, -4.482444444444444, 0, 1]",0.0
-4.482444444444444,1,0.2230769277549154,0.019988382256464016,0.0003135910992649923,2,"[-1.0, 0, -4.482444444444444, 0, 1]",0.0
-4.477333333333333,0,-0.16692507654320987,-0.02076696130019204,-0.01629539759547506,1,"[-1.0, 0, -4.477333333333333, 0, 1]",0.0
-4.477333333333333,1,0.2226529053497942,0.019932683332594417,0.00031044519556322654,2,"[-1.0, 0, -4.477333333333333, 0, 1]",0.0
-4.472222222222221,0,-0.16667095336076815,-0.02070537154524208,-0.01620522195564209,1,"[-1.0, 0, -4.472222222222221, 0, 1]",0.0
-4.472222222222221,1,0.22222936671239132,0.019877097040170023,0.00030732273478329547,2,"[-1.0, 0, -4.472222222222221, 0, 1]",0.0
-4.467111111111111,0,-0.16641712043895746,-0.02064391160129654,-0.016115484559231612,1,"[-1.0, 0, -4.467111111111111, 0, 1]",0.0
-4.467111111111111,1,0.22180631184270685,0.019821623250616125,0.0003042235925469032,2,"[-1.0, 0, -4.467111111111111, 0, 1]",0.0
-4.462,0,-0.16616357777777777,-0.020582581319999998,-0.016026183629888755,1,"[-1.0, 0, -4.462, 0, 1]",0.0
-4.462,1,0.22138374074074071,0.019766261835358023,0.0003011476449398011,2,"[-1.0, 0, -4.462, 0, 1]",0.0
-4.456888888888889,0,-0.1659103253772291,-0.020521380552997005,-0.0159373173968745,1,"[-1.0, 0, -4.456888888888889, 0, 1]",0.0
-4.456888888888889,1,0.2209616534064929,0.019711012665820996,0.0002980947685107659,2,"[-1.0, 0, -4.456888888888889, 0, 1]",0.0
-4.451777777777777,0,-0.16565736323731134,-0.020460309151932116,-0.015848884095053386,1,"[-1.0, 0, -4.451777777777777, 0, 1]",0.0
-4.451777777777777,1,0.22054004983996336,0.019655875613430334,0.00029506484027042555,2,"[-1.0, 0, -4.451777777777777, 0, 1]",0.0
-4.446666666666666,0,-0.16540469135802466,-0.020399366968449927,-0.015760881964881304,1,"[-1.0, 0, -4.446666666666666, 0, 1]",0.0
-4.446666666666666,1,0.2201189300411522,0.019600850549611335,0.0002920577376902111,2,"[-1.0, 0, -4.446666666666666, 0, 1]",0.0
-4.4415555555555555,0,-0.165152309739369,-0.020338553854194988,-0.01567330925239308,1,"[-1.0, 0, -4.4415555555555555, 0, 1]",0.0
-4.4415555555555555,1,0.21969829401005941,0.019545937345789292,0.00028907333870121024,2,"[-1.0, 0, -4.4415555555555555, 0, 1]",0.0
-4.436444444444444,0,-0.16490021838134428,-0.02027786966081186,-0.015586164209190286,1,"[-1.0, 0, -4.436444444444444, 0, 1]",0.0
-4.436444444444444,1,0.2192781417466849,0.019491135873389485,0.00028611152169310226,2,"[-1.0, 0, -4.436444444444444, 0, 1]",0.0
-4.431333333333333,0,-0.1646484172839506,-0.020217314239945126,-0.01549944509242904,1,"[-1.0, 0, -4.431333333333333, 0, 1]",0.0
-4.431333333333333,1,0.21885847325102878,0.019436446003837215,0.0002831721655130511,2,"[-1.0, 0, -4.431333333333333, 0, 1]",0.0
-4.426222222222222,0,-0.1643969064471879,-0.02015688744323934,-0.015413150164807668,1,"[-1.0, 0, -4.426222222222222, 0, 1]",0.0
-4.426222222222222,1,0.21843928852309094,0.019381867608557774,0.0002802551494645797,2,"[-1.0, 0, -4.426222222222222, 0, 1]",0.0
-4.421111111111111,0,-0.16414568587105624,-0.020096589122339074,-0.01532727769455457,1,"[-1.0, 0, -4.421111111111111, 0, 1]",0.0
-4.421111111111111,1,0.2180205875628715,0.019327400558976443,0.0002773603533065463,2,"[-1.0, 0, -4.421111111111111, 0, 1]",0.0
-4.4159999999999995,0,-0.16389475555555552,-0.020036419128888882,-0.015241825955415952,1,"[-1.0, 0, -4.4159999999999995, 0, 1]",0.0
-4.4159999999999995,1,0.2176023703703703,0.01927304472651851,0.00027448765725196674,2,"[-1.0, 0, -4.4159999999999995, 0, 1]",0.0
-4.410888888888889,0,-0.16364411550068586,-0.01997637731453335,-0.015156793226643709,1,"[-1.0, 0, -4.410888888888889, 0, 1]",0.0
-4.410888888888889,1,0.2171846369455875,0.019218799982609287,0.0002716369419669684,2,"[-1.0, 0, -4.410888888888889, 0, 1]",0.0
-4.405777777777778,0,-0.1633937657064472,-0.019916463530917035,-0.015072177792983166,1,"[-1.0, 0, -4.405777777777778, 0, 1]",0.0
-4.405777777777778,1,0.21676738728852307,0.01916466619867405,0.0002688080885697077,2,"[-1.0, 0, -4.405777777777778, 0, 1]",0.0
-4.400666666666666,0,-0.16314370617283946,-0.01985667762968449,-0.014987977944660946,1,"[-1.0, 0, -4.400666666666666, 0, 1]",0.0
-4.400666666666666,1,0.21635062139917688,0.019110643246138082,0.000266000978629239,2,"[-1.0, 0, -4.400666666666666, 0, 1]",0.0
-4.395555555555555,0,-0.1628939368998628,-0.019797019462480307,-0.014904191977372885,1,"[-1.0, 0, -4.395555555555555, 0, 1]",0.0
-4.395555555555555,1,0.2159343392775491,0.019056730996426692,0.00026321549416446696,2,"[-1.0, 0, -4.395555555555555, 0, 1]",0.0
-4.390444444444444,0,-0.16264445788751714,-0.01973748888094904,-0.014820818192271773,1,"[-1.0, 0, -4.390444444444444, 0, 1]",0.0
-4.390444444444444,1,0.21551854092363967,0.019002929320965162,0.0002604515176430344,2,"[-1.0, 0, -4.390444444444444, 0, 1]",0.0
-4.385333333333333,0,-0.16239526913580243,-0.019678085736735244,-0.014737854895955319,1,"[-1.0, 0, -4.385333333333333, 0, 1]",0.0
-4.385333333333333,1,0.2151032263374485,0.018949238091178777,0.00025770893198023836,2,"[-1.0, 0, -4.385333333333333, 0, 1]",0.0
-4.380222222222222,0,-0.16214637064471876,-0.01961880988148351,-0.014655300400454058,1,"[-1.0, 0, -4.380222222222222, 0, 1]",0.0
-4.380222222222222,1,0.2146883955189757,0.01889565717849284,0.0002549876205379543,2,"[-1.0, 0, -4.380222222222222, 0, 1]",0.0
-4.375111111111111,0,-0.16189776241426612,-0.01955966116683839,-0.014573153023219185,1,"[-1.0, 0, -4.375111111111111, 0, 1]",0.0
-4.375111111111111,1,0.2142740484682213,0.018842186454332634,0.00025228746712355546,2,"[-1.0, 0, -4.375111111111111, 0, 1]",0.0
-4.369999999999999,0,-0.1616494444444444,-0.019500639444444436,-0.014491411087110505,1,"[-1.0, 0, -4.369999999999999, 0, 1]",0.0
-4.369999999999999,1,0.21386018518518513,0.01878882579012345,0.00024960835598879585,2,"[-1.0, 0, -4.369999999999999, 0, 1]",0.0
-4.364888888888888,0,-0.16140141673525377,-0.019441744565946245,-0.014410072920384442,1,"[-1.0, 0, -4.364888888888888, 0, 1]",0.0
-4.364888888888888,1,0.21344680566986735,0.018735575057290583,0.00024695017182879003,2,"[-1.0, 0, -4.364888888888888, 0, 1]",0.0
-4.3597777777777775,0,-0.1611536792866941,-0.01938297638298836,-0.014329136856681855,1,"[-1.0, 0, -4.3597777777777775, 0, 1]",0.0
-4.3597777777777775,1,0.21303390992226792,0.018682434127259322,0.00024431279978087694,2,"[-1.0, 0, -4.3597777777777775, 0, 1]",0.0
-4.354666666666667,0,-0.16090623209876542,-0.019324334747215365,-0.01424860123501612,1,"[-1.0, 0, -4.354666666666667, 0, 1]",0.0
-4.354666666666667,1,0.21262149794238683,0.01862940287145496,0.00024169612542356,2,"[-1.0, 0, -4.354666666666667, 0, 1]",0.0
-4.349555555555555,0,-0.1606590751714677,-0.0192658195102718,-0.014168464399761015,1,"[-1.0, 0, -4.349555555555555, 0, 1]",0.0
-4.349555555555555,1,0.21220956973022398,0.018576481161302776,0.00023910003477543677,2,"[-1.0, 0, -4.349555555555555, 0, 1]",0.0
-4.344444444444444,0,-0.1604122085048011,-0.01920743052380226,-0.014088724700638818,1,"[-1.0, 0, -4.344444444444444, 0, 1]",0.0
-4.344444444444444,1,0.21179812528577957,0.01852366886822808,0.00023652441429412516,2,"[-1.0, 0, -4.344444444444444, 0, 1]",0.0
-4.339333333333333,0,-0.16016563209876544,-0.019149167639451303,-0.014009380492708206,1,"[-1.0, 0, -4.339333333333333, 0, 1]",0.0
-4.339333333333333,1,0.21138716460905346,0.018470965863656146,0.00023396915087517574,2,"[-1.0, 0, -4.339333333333333, 0, 1]",0.0
-4.3342222222222215,0,-0.15991934595336071,-0.019091030708863477,-0.013930430136352302,1,"[-1.0, 0, -4.3342222222222215, 0, 1]",0.0
-4.3342222222222215,1,0.21097668770004563,0.01841837201901227,0.00023143413185099104,2,"[-1.0, 0, -4.3342222222222215, 0, 1]",0.0
-4.329111111111111,0,-0.15967335006858707,-0.019033019583683378,-0.013851871997266799,1,"[-1.0, 0, -4.329111111111111, 0, 1]",0.0
-4.329111111111111,1,0.21056669455875623,0.01836588720572175,0.00022891924498979338,2,"[-1.0, 0, -4.329111111111111, 0, 1]",0.0
-4.324,0,-0.15942764444444446,-0.018975134115555552,-0.013773704446447866,1,"[-1.0, 0, -4.324, 0, 1]",0.0
-4.324,1,0.21015718518518517,0.018313511295209875,0.0002264243784944886,2,"[-1.0, 0, -4.324, 0, 1]",0.0
-4.318888888888889,0,-0.1591822290809328,-0.018917374156124576,-0.013695925860180314,1,"[-1.0, 0, -4.318888888888889, 0, 1]",0.0
-4.318888888888889,1,0.20974815957933243,0.018261244158901933,0.00022394942100165995,2,"[-1.0, 0, -4.318888888888889, 0, 1]",0.0
-4.313777777777777,0,-0.1589371039780521,-0.018859739557035,-0.013618534620025612,1,"[-1.0, 0, -4.313777777777777, 0, 1]",0.0
-4.313777777777777,1,0.20933961774119794,0.0182090856682232,0.00022149426158046825,2,"[-1.0, 0, -4.313777777777777, 0, 1]",0.0
-4.308666666666666,0,-0.15869226913580245,-0.01880223016993141,-0.01354152911281005,1,"[-1.0, 0, -4.308666666666666, 0, 1]",0.0
-4.308666666666666,1,0.20893155967078186,0.01815703569459899,0.00021905878973157988,2,"[-1.0, 0, -4.308666666666666, 0, 1]",0.0
-4.303555555555556,0,-0.15844772455418382,-0.018744845846458368,-0.013464907730612765,1,"[-1.0, 0, -4.303555555555556, 0, 1]",0.0
-4.303555555555556,1,0.20852398536808414,0.01810509410945459,0.00021664289538611547,2,"[-1.0, 0, -4.303555555555556, 0, 1]",0.0
-4.298444444444444,0,-0.15820347023319614,-0.01868758643826042,-0.013388668870753868,1,"[-1.0, 0, -4.298444444444444, 0, 1]",0.0
-4.298444444444444,1,0.20811689483310464,0.01805326078421527,0.0002142464689045727,2,"[-1.0, 0, -4.298444444444444, 0, 1]",0.0
-4.293333333333333,0,-0.1579595061728395,-0.018630451796982164,-0.013312810935782664,1,"[-1.0, 0, -4.293333333333333, 0, 1]",0.0
-4.293333333333333,1,0.20771028806584357,0.01800153559030635,0.00021186940107577844,2,"[-1.0, 0, -4.293333333333333, 0, 1]",0.0
-4.288222222222222,0,-0.15771583237311385,-0.018573441774268146,-0.013237332333465678,1,"[-1.0, 0, -4.288222222222222, 0, 1]",0.0
-4.288222222222222,1,0.20730416506630084,0.01794991839915311,0.0002095115831158064,2,"[-1.0, 0, -4.288222222222222, 0, 1]",0.0
-4.28311111111111,0,-0.15747244883401917,-0.018516556221762934,-0.013162231476774896,1,"[-1.0, 0, -4.28311111111111, 0, 1]",0.0
-4.28311111111111,1,0.2068985258344764,0.017898409082180825,0.0002071729066669397,2,"[-1.0, 0, -4.28311111111111, 0, 1]",0.0
-4.278,0,-0.15722935555555553,-0.018459794991111105,-0.013087506783875921,1,"[-1.0, 0, -4.278, 0, 1]",0.0
-4.278,1,0.20649337037037033,0.01784700751081481,0.00020485326379657276,2,"[-1.0, 0, -4.278, 0, 1]",0.0
-4.272888888888889,0,-0.1569865525377229,-0.01840315793395722,-0.013013156678116151,1,"[-1.0, 0, -4.272888888888889, 0, 1]",0.0
-4.272888888888889,1,0.2060886986739826,0.017795713556480346,0.0002025525469962,2,"[-1.0, 0, -4.272888888888889, 0, 1]",0.0
-4.267777777777777,0,-0.15674403978052123,-0.018346644901945833,-0.012939179588012967,1,"[-1.0, 0, -4.267777777777777, 0, 1]",0.0
-4.267777777777777,1,0.20568451074531313,0.01774452709060271,0.00020027064918033168,2,"[-1.0, 0, -4.267777777777777, 0, 1]",0.0
-4.262666666666666,0,-0.15650181728395057,-0.01829025574672153,-0.012865573947242014,1,"[-1.0, 0, -4.262666666666666, 0, 1]",0.0
-4.262666666666666,1,0.2052808065843621,0.01769344798460722,0.00019800746368543384,2,"[-1.0, 0, -4.262666666666666, 0, 1]",0.0
-4.257555555555555,0,-0.15625988504801097,-0.01823399031992887,-0.012792338194625365,1,"[-1.0, 0, -4.257555555555555, 0, 1]",0.0
-4.257555555555555,1,0.20487758619112936,0.017642476109919147,0.0001957628842688859,2,"[-1.0, 0, -4.257555555555555, 0, 1]",0.0
-4.2524444444444445,0,-0.15601824307270235,-0.018177848473212414,-0.012719470774119779,1,"[-1.0, 0, -4.2524444444444445, 0, 1]",0.0
-4.2524444444444445,1,0.20447484956561499,0.017591611337963792,0.0001935368051079224,2,"[-1.0, 0, -4.2524444444444445, 0, 1]",0.0
-4.247333333333333,0,-0.15577689135802467,-0.018121830058216732,-0.01264697013480499,1,"[-1.0, 0, -4.247333333333333, 0, 1]",0.0
-4.247333333333333,1,0.20407259670781888,0.017540853540166434,0.00019132912079857997,2,"[-1.0, 0, -4.247333333333333, 0, 1]",0.0
-4.242222222222222,0,-0.15553582990397805,-0.01806593492658639,-0.012574834730871964,1,"[-1.0, 0, -4.242222222222222, 0, 1]",0.0
-4.242222222222222,1,0.20367082761774116,0.017490202587952374,0.0001891397263546566,2,"[-1.0, 0, -4.242222222222222, 0, 1]",0.0
-4.237111111111111,0,-0.15529505871056243,-0.018010162929965958,-0.01250306302161118,1,"[-1.0, 0, -4.237111111111111, 0, 1]",0.0
-4.237111111111111,1,0.2032695422953818,0.0174396583527469,0.0001869685172066378,2,"[-1.0, 0, -4.237111111111111, 0, 1]",0.0
-4.231999999999999,0,-0.15505457777777776,-0.01795451391999999,-0.012431653471400917,1,"[-1.0, 0, -4.231999999999999, 0, 1]",0.0
-4.231999999999999,1,0.20286874074074066,0.0173892207059753,0.00018481538920066092,2,"[-1.0, 0, -4.231999999999999, 0, 1]",0.0
-4.2268888888888885,0,-0.15481438710562412,-0.017898987748333074,-0.012360604549695637,1,"[-1.0, 0, -4.2268888888888885, 0, 1]",0.0
-4.2268888888888885,1,0.20246842295381798,0.017338889519062876,0.00018268023859749176,2,"[-1.0, 0, -4.2268888888888885, 0, 1]",0.0
-4.221777777777778,0,-0.1545744866941015,-0.017843584266609765,-0.012289914731014229,1,"[-1.0, 0, -4.221777777777778, 0, 1]",0.0
-4.221777777777778,1,0.2020685889346136,0.01728866466343491,0.00018056296207143684,2,"[-1.0, 0, -4.221777777777778, 0, 1]",0.0
-4.216666666666667,0,-0.15433487654320988,-0.017788303326474623,-0.01221958249492839,1,"[-1.0, 0, -4.216666666666667, 0, 1]",0.0
-4.216666666666667,1,0.20166923868312758,0.017238546010516692,0.00017846345670932684,2,"[-1.0, 0, -4.216666666666667, 0, 1]",0.0
-4.211555555555555,0,-0.15409555665294922,-0.017733144779572215,-0.01214960632605099,1,"[-1.0, 0, -4.211555555555555, 0, 1]",0.0
-4.211555555555555,1,0.2012703721993598,0.017188533431733502,0.00017638162000946193,2,"[-1.0, 0, -4.211555555555555, 0, 1]",0.0
-4.206444444444444,0,-0.1538565270233196,-0.017678108477547118,-0.01207998471402446,1,"[-1.0, 0, -4.206444444444444, 0, 1]",0.0
-4.206444444444444,1,0.20087198948331042,0.017138626798510654,0.00017431734988056745,2,"[-1.0, 0, -4.206444444444444, 0, 1]",0.0
-4.201333333333333,0,-0.153617787654321,-0.017623194272043896,-0.012010716153509134,1,"[-1.0, 0, -4.201333333333333, 0, 1]",0.0
-4.201333333333333,1,0.20047409053497942,0.017088825982273435,0.0001722705446407652,2,"[-1.0, 0, -4.201333333333333, 0, 1]",0.0
-4.196222222222222,0,-0.15337933854595334,-0.0175684020147071,-0.011941799144171655,1,"[-1.0, 0, -4.196222222222222, 0, 1]",0.0
-4.196222222222222,1,0.20007667535436666,0.017039130854447117,0.00017024110301652566,2,"[-1.0, 0, -4.196222222222222, 0, 1]",0.0
-4.191111111111111,0,-0.15314117969821672,-0.017513731557181323,-0.011873232190673459,1,"[-1.0, 0, -4.191111111111111, 0, 1]",0.0
-4.191111111111111,1,0.1996797439414723,0.016989541286457008,0.0001682289241416307,2,"[-1.0, 0, -4.191111111111111, 0, 1]",0.0
-4.186,0,-0.1529033111111111,-0.01745918275111111,-0.011805013802659092,1,"[-1.0, 0, -4.186, 0, 1]",0.0
-4.186,1,0.1992832962962963,0.016940057149728394,0.00016623390755613095,2,"[-1.0, 0, -4.186, 0, 1]",0.0
-4.180888888888888,0,-0.15266573278463647,-0.01740475544814103,-0.011737142494744732,1,"[-1.0, 0, -4.180888888888888, 0, 1]",0.0
-4.180888888888888,1,0.19888733241883852,0.01689067831568656,0.0001642559532053162,2,"[-1.0, 0, -4.180888888888888, 0, 1]",0.0
-4.175777777777777,0,-0.15242844471879285,-0.017350449499915658,-0.011669616786506647,1,"[-1.0, 0, -4.175777777777777, 0, 1]",0.0
-4.175777777777777,1,0.1984918523090992,0.016841404655756807,0.00016229496143868594,2,"[-1.0, 0, -4.175777777777777, 0, 1]",0.0
-4.1706666666666665,0,-0.15219144691358025,-0.01729626475807956,-0.011602435202469613,1,"[-1.0, 0, -4.1706666666666665, 0, 1]",0.0
-4.1706666666666665,1,0.19809685596707818,0.016792236041364424,0.00016035083300890238,2,"[-1.0, 0, -4.1706666666666665, 0, 1]",0.0
-4.165555555555555,0,-0.15195473936899861,-0.017242201074277288,-0.011535596272095426,1,"[-1.0, 0, -4.165555555555555, 0, 1]",0.0
-4.165555555555555,1,0.19770234339277543,0.016743172343934694,0.00015842346907076095,2,"[-1.0, 0, -4.165555555555555, 0, 1]",0.0
-4.160444444444444,0,-0.15171832208504799,-0.017188258300153424,-0.011469098529771429,1,"[-1.0, 0, -4.160444444444444, 0, 1]",0.0
-4.160444444444444,1,0.19730831458619108,0.016694213434892916,0.00015651277118018236,2,"[-1.0, 0, -4.160444444444444, 0, 1]",0.0
-4.155333333333333,0,-0.1514821950617284,-0.017134436287352534,-0.011402940514798982,1,"[-1.0, 0, -4.155333333333333, 0, 1]",0.0
-4.155333333333333,1,0.19691476954732506,0.016645359185664378,0.00015461864129314926,2,"[-1.0, 0, -4.155333333333333, 0, 1]",0.0
-4.150222222222222,0,-0.15124635829903976,-0.01708073488751918,-0.01133712077138201,1,"[-1.0, 0, -4.150222222222222, 0, 1]",0.0
-4.150222222222222,1,0.1965217082761774,0.016596609467674373,0.00015274098176469488,2,"[-1.0, 0, -4.150222222222222, 0, 1]",0.0
-4.1451111111111105,0,-0.15101081179698214,-0.017027153952297917,-0.011271637848615521,1,"[-1.0, 0, -4.1451111111111105, 0, 1]",0.0
-4.1451111111111105,1,0.19612913077274802,0.016547964152348178,0.0001508796953478839,2,"[-1.0, 0, -4.1451111111111105, 0, 1]",0.0
-4.14,0,-0.15077555555555555,-0.01697369333333333,-0.01120649030047422,1,"[-1.0, 0, -4.14, 0, 1]",0.0
-4.14,1,0.19573703703703701,0.01649942311111111,0.00014903468519275598,2,"[-1.0, 0, -4.14, 0, 1]",0.0
-4.134888888888889,0,-0.15054058957475994,-0.016920352882269975,-0.011141676685801002,1,"[-1.0, 0, -4.134888888888889, 0, 1]",0.0
-4.134888888888889,1,0.19534542706904434,0.016450986215388437,0.00014720585484534997,2,"[-1.0, 0, -4.134888888888889, 0, 1]",0.0
-4.129777777777777,0,-0.1503059138545953,-0.016867132450752418,-0.011077195568295584,1,"[-1.0, 0, -4.129777777777777, 0, 1]",0.0
-4.129777777777777,1,0.19495430086876991,0.016402653336605455,0.0001453931082466284,2,"[-1.0, 0, -4.129777777777777, 0, 1]",0.0
-4.124666666666666,0,-0.15007152839506172,-0.016814031890425234,-0.011013045516503105,1,"[-1.0, 0, -4.124666666666666, 0, 1]",0.0
-4.124666666666666,1,0.19456365843621395,0.016354424346187467,0.00014359634973150435,2,"[-1.0, 0, -4.124666666666666, 0, 1]",0.0
-4.119555555555555,0,-0.1498374331961591,-0.016761051052932987,-0.0109492251038027,1,"[-1.0, 0, -4.119555555555555, 0, 1]",0.0
-4.119555555555555,1,0.1941734997713763,0.016306299115559753,0.00014181548402777445,2,"[-1.0, 0, -4.119555555555555, 0, 1]",0.0
-4.114444444444445,0,-0.14960362825788753,-0.01670818978992024,-0.01088573290839616,1,"[-1.0, 0, -4.114444444444445, 0, 1]",0.0
-4.114444444444445,1,0.19378382487425697,0.016258277516147605,0.00014005041625513113,2,"[-1.0, 0, -4.114444444444445, 0, 1]",0.0
-4.109333333333333,0,-0.14937011358024688,-0.016655447953031543,-0.010822567513296535,1,"[-1.0, 0, -4.109333333333333, 0, 1]",0.0
-4.109333333333333,1,0.1933946337448559,0.01621035941937631,0.0001383010519241364,2,"[-1.0, 0, -4.109333333333333, 0, 1]",0.0
-4.104222222222222,0,-0.1491368891632373,-0.016602825393911495,-0.010759727506316874,1,"[-1.0, 0, -4.104222222222222, 0, 1]",0.0
-4.104222222222222,1,0.19300592638317327,0.016162544696671166,0.00013656729693520102,2,"[-1.0, 0, -4.104222222222222, 0, 1]",0.0
-4.099111111111111,0,-0.1489039550068587,-0.016550321964204643,-0.010697211480058762,1,"[-1.0, 0, -4.099111111111111, 0, 1]",0.0
-4.099111111111111,1,0.19261770278920895,0.016114833219457468,0.00013484905757756536,2,"[-1.0, 0, -4.099111111111111, 0, 1]",0.0
-4.093999999999999,0,-0.1486713111111111,-0.01649793751555555,-0.010635018031901103,1,"[-1.0, 0, -4.093999999999999, 0, 1]",0.0
-4.093999999999999,1,0.1922299629629629,0.016067224859160487,0.00013314624052830626,2,"[-1.0, 0, -4.093999999999999, 0, 1]",0.0
-4.088888888888889,0,-0.1484389574759945,-0.016445671899608796,-0.010573145763988795,1,"[-1.0, 0, -4.088888888888889, 0, 1]",0.0
-4.088888888888889,1,0.19184270690443525,0.016019719487205538,0.00013145875285128488,2,"[-1.0, 0, -4.088888888888889, 0, 1]",0.0
-4.083777777777778,0,-0.14820689410150892,-0.016393524968008943,-0.010511593283221415,1,"[-1.0, 0, -4.083777777777778, 0, 1]",0.0
-4.083777777777778,1,0.19145593461362598,0.0159723169750179,0.0001297865019961866,2,"[-1.0, 0, -4.083777777777778, 0, 1]",0.0
-4.078666666666666,0,-0.1479751209876543,-0.01634149657240054,-0.010450359201241936,1,"[-1.0, 0, -4.078666666666666, 0, 1]",0.0
-4.078666666666666,1,0.19106964609053492,0.015925017194022853,0.00012812939579745497,2,"[-1.0, 0, -4.078666666666666, 0, 1]",0.0
-4.073555555555555,0,-0.1477436381344307,-0.016289586564428183,-0.010389442134425542,1,"[-1.0, 0, -4.073555555555555, 0, 1]",0.0
-4.073555555555555,1,0.19068384133516228,0.015877820015645715,0.00012648734247331858,2,"[-1.0, 0, -4.073555555555555, 0, 1]",0.0
-4.068444444444444,0,-0.14751244554183812,-0.01623779479573642,-0.010328840703868277,1,"[-1.0, 0, -4.068444444444444, 0, 1]",0.0
-4.068444444444444,1,0.190298520347508,0.015830725311311755,0.0001248602506247875,2,"[-1.0, 0, -4.068444444444444, 0, 1]",0.0
-4.063333333333333,0,-0.14728154320987652,-0.016186121117969812,-0.010268553535375868,1,"[-1.0, 0, -4.063333333333333, 0, 1]",0.0
-4.063333333333333,1,0.18991368312757195,0.015783732952446266,0.00012324802923460634,2,"[-1.0, 0, -4.063333333333333, 0, 1]",0.0
-4.058222222222222,0,-0.14705093113854595,-0.016134565382772945,-0.010208579259452524,1,"[-1.0, 0, -4.058222222222222, 0, 1]",0.0
-4.058222222222222,1,0.18952932967535432,0.01573684281047455,0.00012165058766629936,2,"[-1.0, 0, -4.058222222222222, 0, 1]",0.0
-4.053111111111111,0,-0.14682060932784635,-0.016083127441790378,-0.010148916511289676,1,"[-1.0, 0, -4.053111111111111, 0, 1]",0.0
-4.053111111111111,1,0.18914545999085502,0.015690054756821892,0.00012006783566312611,2,"[-1.0, 0, -4.053111111111111, 0, 1]",0.0
-4.048,0,-0.1465905777777778,-0.016031807146666664,-0.010089563930754815,1,"[-1.0, 0, -4.048, 0, 1]",0.0
-4.048,1,0.18876207407407405,0.01564336866291358,0.00011849968334710307,2,"[-1.0, 0, -4.048, 0, 1]",0.0
-4.042888888888888,0,-0.14636083648834017,-0.015980604349046378,-0.010030520162380317,1,"[-1.0, 0, -4.042888888888888, 0, 1]",0.0
-4.042888888888888,1,0.18837917192501136,0.015596784400174897,0.00011694604121798534,2,"[-1.0, 0, -4.042888888888888, 0, 1]",0.0
-4.0377777777777775,0,-0.14613138545953358,-0.015929518900574095,-0.009971783855352297,1,"[-1.0, 0, -4.0377777777777775, 0, 1]",0.0
-4.0377777777777775,1,0.18799675354366707,0.015550301840031156,0.00011540682015227701,2,"[-1.0, 0, -4.0377777777777775, 0, 1]",0.0
-4.032666666666667,0,-0.14590222469135802,-0.01587855065289438,-0.009913353663499417,1,"[-1.0, 0, -4.032666666666667, 0, 1]",0.0
-4.032666666666667,1,0.18761481893004114,0.015503920853907636,0.00011388193140222849,2,"[-1.0, 0, -4.032666666666667, 0, 1]",0.0
-4.027555555555555,0,-0.1456733541838134,-0.015827699457651775,-0.009855228245281754,1,"[-1.0, 0, -4.027555555555555, 0, 1]",0.0
-4.027555555555555,1,0.18723336808413346,0.015457641313229615,0.000112371286594839,2,"[-1.0, 0, -4.027555555555555, 0, 1]",0.0
-4.022444444444444,0,-0.14544477393689986,-0.015776965166490877,-0.009797406263779751,1,"[-1.0, 0, -4.022444444444444, 0, 1]",0.0
-4.022444444444444,1,0.1868524010059442,0.015411463089422407,0.00011087479773085399,2,"[-1.0, 0, -4.022444444444444, 0, 1]",0.0
-4.017333333333333,0,-0.1452164839506173,-0.01572634763105624,-0.009739886386683015,1,"[-1.0, 0, -4.017333333333333, 0, 1]",0.0
-4.017333333333333,1,0.18647191769547325,0.015365386053911292,0.00010939237718377882,2,"[-1.0, 0, -4.017333333333333, 0, 1]",0.0
-4.012222222222222,0,-0.1449884842249657,-0.015675846702992432,-0.009682667286279279,1,"[-1.0, 0, -4.012222222222222, 0, 1]",0.0
-4.012222222222222,1,0.1860919181527206,0.01531941007812156,0.00010792393769887623,2,"[-1.0, 0, -4.012222222222222, 0, 1]",0.0
-4.007111111111111,0,-0.1447607747599451,-0.015625462233944006,-0.009625747639443297,1,"[-1.0, 0, -4.007111111111111, 0, 1]",0.0
-4.007111111111111,1,0.18571240237768627,0.015273535033478496,0.00010646939239218785,2,"[-1.0, 0, -4.007111111111111, 0, 1]",0.0
-4.002,0,-0.14453335555555555,-0.015575194075555554,-0.009569126127625841,1,"[-1.0, 0, -4.002, 0, 1]",0.0
-4.002,1,0.18533337037037034,0.015227760791407405,0.00010502865474952463,2,"[-1.0, 0, -4.002, 0, 1]",0.0
-3.9968888888888885,0,-0.14430622661179698,-0.01552504207947162,-0.009512801436842546,1,"[-1.0, 0, -3.9968888888888885, 0, 1]",0.0
-3.9968888888888885,1,0.18495482213077272,0.015182087223333566,0.00010360163862548153,2,"[-1.0, 0, -3.9968888888888885, 0, 1]",0.0
-3.9917777777777776,0,-0.14407938792866942,-0.015475006097336787,-0.009456772257662966,1,"[-1.0, 0, -3.9917777777777776, 0, 1]",0.0
-3.9917777777777776,1,0.18457675765889345,0.01513651420068228,0.00010218825824245131,2,"[-1.0, 0, -3.9917777777777776, 0, 1]",0.0
-3.9866666666666664,0,-0.14385283950617284,-0.015425085980795608,-0.009401037285199493,1,"[-1.0, 0, -3.9866666666666664, 0, 1]",0.0
-3.9866666666666664,1,0.18419917695473248,0.015091041594878825,0.00010078842818964442,2,"[-1.0, 0, -3.9866666666666664, 0, 1]",0.0
-3.9815555555555555,0,-0.14362658134430728,-0.015375281581492657,-0.009345595219096397,1,"[-1.0, 0, -3.9815555555555555, 0, 1]",0.0
-3.9815555555555555,1,0.18382208001828987,0.015045669277348506,9.940206342208026e-05,2,"[-1.0, 0, -3.9815555555555555, 0, 1]",0.0
-3.9764444444444442,0,-0.1434006134430727,-0.015325592751072495,-0.009290444763518781,1,"[-1.0, 0, -3.9764444444444442, 0, 1]",0.0
-3.9764444444444442,1,0.18344546684956559,0.0150003971195166,9.802907925963392e-05,2,"[-1.0, 0, -3.9764444444444442, 0, 1]",0.0
-3.971333333333333,0,-0.14317493580246912,-0.015276019341179694,-0.009235584627141656,1,"[-1.0, 0, -3.971333333333333, 0, 1]",0.0
-3.971333333333333,1,0.18306933744855963,0.01495522499280841,9.666939138601102e-05,2,"[-1.0, 0, -3.971333333333333, 0, 1]",0.0
-3.966222222222222,0,-0.14294954842249658,-0.01522656120345882,-0.009181013523138926,1,"[-1.0, 0, -3.966222222222222, 0, 1]",0.0
-3.966222222222222,1,0.18269369181527204,0.014910152768649224,9.53229158478057e-05,2,"[-1.0, 0, -3.966222222222222, 0, 1]",0.0
-3.961111111111111,0,-0.14272445130315498,-0.015177218189554434,-0.009126730169172452,1,"[-1.0, 0, -3.961111111111111, 0, 1]",0.0
-3.961111111111111,1,0.18231852994970277,0.014865180318464323,9.398956905349622e-05,2,"[-1.0, 0, -3.961111111111111, 0, 1]",0.0
-3.9559999999999995,0,-0.1424996444444444,-0.015127990151111107,-0.009072733287381137,1,"[-1.0, 0, -3.9559999999999995, 0, 1]",0.0
-3.9559999999999995,1,0.1819438518518518,0.014820307513679007,9.266926777246141e-05,2,"[-1.0, 0, -3.9559999999999995, 0, 1]",0.0
-3.9508888888888887,0,-0.14227512784636487,-0.015078876939773408,-0.009019021604369981,1,"[-1.0, 0, -3.9508888888888887, 0, 1]",0.0
-3.9508888888888887,1,0.18156965752171922,0.014775534225718572,9.136192913401613e-05,2,"[-1.0, 0, -3.9508888888888887, 0, 1]",0.0
-3.9457777777777774,0,-0.1420509015089163,-0.015029878407185893,-0.00896559385119915,1,"[-1.0, 0, -3.9457777777777774, 0, 1]",0.0
-3.9457777777777774,1,0.18119594695930494,0.014730860326008292,9.006747062643115e-05,2,"[-1.0, 0, -3.9457777777777774, 0, 1]",0.0
-3.9406666666666665,0,-0.14182696543209877,-0.014980994404993137,-0.008912448763373139,1,"[-1.0, 0, -3.9406666666666665, 0, 1]",0.0
-3.9406666666666665,1,0.18082272016460904,0.014686285685973476,8.878581009594006e-05,2,"[-1.0, 0, -3.9406666666666665, 0, 1]",0.0
-3.9355555555555553,0,-0.14160331961591222,-0.014932224784839706,-0.008859585080829836,1,"[-1.0, 0, -3.9355555555555553, 0, 1]",0.0
-3.9355555555555553,1,0.18044997713763142,0.014641810177039406,8.751686574577991e-05,2,"[-1.0, 0, -3.9355555555555553, 0, 1]",0.0
-3.9304444444444444,0,-0.14137996406035663,-0.014883569398370166,-0.008807001547929676,1,"[-1.0, 0, -3.9304444444444444, 0, 1]",0.0
-3.9304444444444444,1,0.18007771787837218,0.01459743367063137,8.626055613522587e-05,2,"[-1.0, 0, -3.9304444444444444, 0, 1]",0.0
-3.925333333333333,0,-0.14115689876543208,-0.014835028097229079,-0.008754696913444793,1,"[-1.0, 0, -3.925333333333333, 0, 1]",0.0
-3.925333333333333,1,0.17970594238683127,0.014553156038174668,8.501680017858424e-05,2,"[-1.0, 0, -3.925333333333333, 0, 1]",0.0
-3.920222222222222,0,-0.14093412373113853,-0.014786600733061013,-0.008702669930548171,1,"[-1.0, 0, -3.920222222222222, 0, 1]",0.0
-3.920222222222222,1,0.17933465066300863,0.014508977151094577,8.378551714425912e-05,2,"[-1.0, 0, -3.920222222222222, 0, 1]",0.0
-3.915111111111111,0,-0.140711638957476,-0.014738287157510542,-0.00865091935680283,1,"[-1.0, 0, -3.915111111111111, 0, 1]",0.0
-3.915111111111111,1,0.1789638427069044,0.014464896880816404,8.25666266537602e-05,2,"[-1.0, 0, -3.915111111111111, 0, 1]",0.0
-3.9099999999999997,0,-0.14048944444444444,-0.014690087222222219,-0.00859944395415099,1,"[-1.0, 0, -3.9099999999999997, 0, 1]",0.0
-3.9099999999999997,1,0.17859351851851848,0.01442091509876543,8.136004868073907e-05,2,"[-1.0, 0, -3.9099999999999997, 0, 1]",0.0
-3.9048888888888884,0,-0.14026754019204388,-0.014642000778840621,-0.00854824248890331,1,"[-1.0, 0, -3.9048888888888884, 0, 1]",0.0
-3.9048888888888884,1,0.1782236780978509,0.014377031676366944,8.016570355002129e-05,2,"[-1.0, 0, -3.9048888888888884, 0, 1]",0.0
-3.8997777777777776,0,-0.14004592620027434,-0.01459402767901031,-0.00849731373172808,1,"[-1.0, 0, -3.8997777777777776, 0, 1]",0.0
-3.8997777777777776,1,0.17785432144490168,0.014333246485046249,7.898351193663753e-05,2,"[-1.0, 0, -3.8997777777777776, 0, 1]",0.0
-3.8946666666666663,0,-0.13982460246913578,-0.014546167774375852,-0.008446656457640457,1,"[-1.0, 0, -3.8946666666666663, 0, 1]",0.0
-3.8946666666666663,1,0.17748544855967074,0.01428955939622862,7.781339486486686e-05,2,"[-1.0, 0, -3.8946666666666663, 0, 1]",0.0
-3.8895555555555554,0,-0.13960356899862825,-0.01449842091658182,-0.008396269445991722,1,"[-1.0, 0, -3.8895555555555554, 0, 1]",0.0
-3.8895555555555554,1,0.1771170594421582,0.014245970281339362,7.665527370726444e-05,2,"[-1.0, 0, -3.8895555555555554, 0, 1]",0.0
-3.884444444444444,0,-0.13938282578875172,-0.014450786957272772,-0.008346151480458515,1,"[-1.0, 0, -3.884444444444444, 0, 1]",0.0
-3.884444444444444,1,0.17674915409236394,0.014202479011803753,7.550907018369964e-05,2,"[-1.0, 0, -3.884444444444444, 0, 1]",0.0
-3.8793333333333333,0,-0.13916237283950617,-0.014403265748093278,-0.008296301349032132,1,"[-1.0, 0, -3.8793333333333333, 0, 1]",0.0
-3.8793333333333333,1,0.17638173251028805,0.014159085459047097,7.437470636039584e-05,2,"[-1.0, 0, -3.8793333333333333, 0, 1]",0.0
-3.874222222222222,0,-0.13894221015089164,-0.014355857140687904,-0.008246717844007807,1,"[-1.0, 0, -3.874222222222222, 0, 1]",0.0
-3.874222222222222,1,0.17601479469593048,0.014115789494494674,7.32521046489772e-05,2,"[-1.0, 0, -3.874222222222222, 0, 1]",0.0
-3.8691111111111107,0,-0.1387223377229081,-0.014308560986701212,-0.008197399761974002,1,"[-1.0, 0, -3.8691111111111107, 0, 1]",0.0
-3.8691111111111107,1,0.17564834064929125,0.014072590989571776,7.214118780549811e-05,2,"[-1.0, 0, -3.8691111111111107, 0, 1]",0.0
-3.864,0,-0.13850275555555555,-0.014261377137777777,-0.008148345903801743,1,"[-1.0, 0, -3.864, 0, 1]",0.0
-3.864,1,0.17528237037037037,0.014029489815703703,7.10418789294882e-05,2,"[-1.0, 0, -3.864, 0, 1]",0.0
-3.8588888888888886,0,-0.138283463648834,-0.014214305445562157,-0.008099555074633925,1,"[-1.0, 0, -3.8588888888888886, 0, 1]",0.0
-3.8588888888888886,1,0.1749168838591678,0.013986485844315734,6.995410146300608e-05,2,"[-1.0, 0, -3.8588888888888886, 0, 1]",0.0
-3.8537777777777773,0,-0.13806446200274347,-0.014167345761698922,-0.008051026083874686,1,"[-1.0, 0, -3.8537777777777773, 0, 1]",0.0
-3.8537777777777773,1,0.17455188111568354,0.013943578946833166,6.887777918966956e-05,2,"[-1.0, 0, -3.8537777777777773, 0, 1]",0.0
-3.8486666666666665,0,-0.13784575061728394,-0.014120497937832646,-0.008002757745178737,1,"[-1.0, 0, -3.8486666666666665, 0, 1]",0.0
-3.8486666666666665,1,0.17418736213991767,0.013900768994681297,6.781283623371204e-05,2,"[-1.0, 0, -3.8486666666666665, 0, 1]",0.0
-3.843555555555555,0,-0.1376273294924554,-0.014073761825607881,-0.007954748876440744,1,"[-1.0, 0, -3.843555555555555, 0, 1]",0.0
-3.843555555555555,1,0.1738233269318701,0.013858055859285404,6.675919705903099e-05,2,"[-1.0, 0, -3.843555555555555, 0, 1]",0.0
-3.8384444444444443,0,-0.1374091986282579,-0.014027137276669207,-0.00790699829978473,1,"[-1.0, 0, -3.8384444444444443, 0, 1]",0.0
-3.8384444444444443,1,0.1734597754915409,0.013815439412070786,6.571678646822773e-05,2,"[-1.0, 0, -3.8384444444444443, 0, 1]",0.0
-3.833333333333333,0,-0.13719135802469135,-0.013980624142661179,-0.007859504841553434,1,"[-1.0, 0, -3.833333333333333, 0, 1]",0.0
-3.833333333333333,1,0.17309670781893002,0.013772919524462735,6.468552960166036e-05,2,"[-1.0, 0, -3.833333333333333, 0, 1]",0.0
-3.828222222222222,0,-0.13697380768175582,-0.01393422227522837,-0.007812267332297786,1,"[-1.0, 0, -3.828222222222222, 0, 1]",0.0
-3.828222222222222,1,0.17273412391403747,0.013730496067886535,6.366535193650432e-05,2,"[-1.0, 0, -3.828222222222222, 0, 1]",0.0
-3.823111111111111,0,-0.1367565475994513,-0.01388793152601534,-0.007765284606766275,1,"[-1.0, 0, -3.823111111111111, 0, 1]",0.0
-3.823111111111111,1,0.17237202377686325,0.013688168913767479,6.265617928579229e-05,2,"[-1.0, 0, -3.823111111111111, 0, 1]",0.0
-3.8179999999999996,0,-0.13653957777777775,-0.013841751746666662,-0.007718555503894435,1,"[-1.0, 0, -3.8179999999999996, 0, 1]",0.0
-3.8179999999999996,1,0.1720104074074074,0.01364593793353086,6.165793779747304e-05,2,"[-1.0, 0, -3.8179999999999996, 0, 1]",0.0
-3.8128888888888888,0,-0.13632289821673527,-0.013795682788826907,-0.007672078866794285,1,"[-1.0, 0, -3.8128888888888888, 0, 1]",0.0
-3.8128888888888888,1,0.17164927480566985,0.013603802998601974,6.067055395346348e-05,2,"[-1.0, 0, -3.8128888888888888, 0, 1]",0.0
-3.8077777777777775,0,-0.1361065089163237,-0.013749724504140625,-0.007625853542743779,1,"[-1.0, 0, -3.8077777777777775, 0, 1]",0.0
-3.8077777777777775,1,0.17128862597165062,0.0135617639804061,5.969395456871789e-05,2,"[-1.0, 0, -3.8077777777777775, 0, 1]",0.0
-3.802666666666666,0,-0.1358904098765432,-0.013703876744252396,-0.007579878383176341,1,"[-1.0, 0, -3.802666666666666, 0, 1]",0.0
-3.802666666666666,1,0.17092846090534974,0.013519820750368537,5.872806679026524e-05,2,"[-1.0, 0, -3.802666666666666, 0, 1]",0.0
-3.7975555555555554,0,-0.13567460109739368,-0.013658139360806789,-0.007534152243670322,1,"[-1.0, 0, -3.7975555555555554, 0, 1]",0.0
-3.7975555555555554,1,0.17056877960676725,0.013477973179914579,5.7772818096285365e-05,2,"[-1.0, 0, -3.7975555555555554, 0, 1]",0.0
-3.792444444444444,0,-0.13545908257887515,-0.013612512205448353,-0.0074886739839385135,1,"[-1.0, 0, -3.792444444444444, 0, 1]",0.0
-3.792444444444444,1,0.17020958207590303,0.013436221140469506,5.6828136295155804e-05,2,"[-1.0, 0, -3.792444444444444, 0, 1]",0.0
-3.787333333333333,0,-0.13524385432098765,-0.013566995129821673,-0.00744344246781771,1,"[-1.0, 0, -3.787333333333333, 0, 1]",0.0
-3.787333333333333,1,0.1698508683127572,0.01339456450345862,5.589394952452455e-05,2,"[-1.0, 0, -3.787333333333333, 0, 1]",0.0
-3.782222222222222,0,-0.13502891632373112,-0.013521587985571301,-0.007398456563258203,1,"[-1.0, 0, -3.782222222222222, 0, 1]",0.0
-3.782222222222222,1,0.16949263831732964,0.013353003140307199,5.4970186250362894e-05,2,"[-1.0, 0, -3.782222222222222, 0, 1]",0.0
-3.777111111111111,0,-0.13481426858710563,-0.013476290624341818,-0.007353715142313389,1,"[-1.0, 0, -3.777111111111111, 0, 1]",0.0
-3.777111111111111,1,0.16913489208962046,0.01331153692244055,5.405677526603477e-05,2,"[-1.0, 0, -3.777111111111111, 0, 1]",0.0
-3.772,0,-0.1345999111111111,-0.013431102897777778,-0.0073092170811292784,1,"[-1.0, 0, -3.772, 0, 1]",0.0
-3.772,1,0.1687776296296296,0.01327016572128395,5.315364569136692e-05,2,"[-1.0, 0, -3.772, 0, 1]",0.0
-3.7668888888888885,0,-0.1343858438957476,-0.013386024657523749,-0.007264961259934128,1,"[-1.0, 0, -3.7668888888888885, 0, 1]",0.0
-3.7668888888888885,1,0.16842085093735706,0.013228889408262692,5.226072697169914e-05,2,"[-1.0, 0, -3.7668888888888885, 0, 1]",0.0
-3.7617777777777777,0,-0.13417206694101508,-0.013341055755224306,-0.007220946563028029,1,"[-1.0, 0, -3.7617777777777777, 0, 1]",0.0
-3.7617777777777777,1,0.16806455601280293,0.01318770785480208,5.13779488769666e-05,2,"[-1.0, 0, -3.7617777777777777, 0, 1]",0.0
-3.7566666666666664,0,-0.13395858024691357,-0.013296196042524005,-0.007177171878772487,1,"[-1.0, 0, -3.7566666666666664, 0, 1]",0.0
-3.7566666666666664,1,0.16770874485596704,0.013146620932327385,5.050524150076313e-05,2,"[-1.0, 0, -3.7566666666666664, 0, 1]",0.0
-3.751555555555555,0,-0.13374538381344303,-0.013251445371067415,-0.00713363609958009,1,"[-1.0, 0, -3.751555555555555, 0, 1]",0.0
-3.751555555555555,1,0.1673534174668495,0.013105628512263913,4.964253525941223e-05,2,"[-1.0, 0, -3.751555555555555, 0, 1]",0.0
-3.7464444444444442,0,-0.13353247764060355,-0.013206803592499108,-0.007090338121904129,1,"[-1.0, 0, -3.7464444444444442, 0, 1]",0.0
-3.7464444444444442,1,0.16699857384545036,0.01306473046603695,4.8789760891045086e-05,2,"[-1.0, 0, -3.7464444444444442, 0, 1]",0.0
-3.741333333333333,0,-0.13331986172839505,-0.013162270558463644,-0.007047276846228242,1,"[-1.0, 0, -3.741333333333333, 0, 1]",0.0
-3.741333333333333,1,0.1666442139917695,0.013023926665071786,4.7946849454654286e-05,2,"[-1.0, 0, -3.741333333333333, 0, 1]",0.0
-3.736222222222222,0,-0.13310753607681755,-0.013117846120605596,-0.007004451177056101,1,"[-1.0, 0, -3.736222222222222, 0, 1]",0.0
-3.736222222222222,1,0.16629033790580702,0.012983216980793714,4.7113732329186545e-05,2,"[-1.0, 0, -3.736222222222222, 0, 1]",0.0
-3.731111111111111,0,-0.13289550068587103,-0.013073530130569524,-0.006961860022901077,1,"[-1.0, 0, -3.731111111111111, 0, 1]",0.0
-3.731111111111111,1,0.16593694558756283,0.012942601284628019,4.6290341212613766e-05,2,"[-1.0, 0, -3.731111111111111, 0, 1]",0.0
-3.726,0,-0.13268375555555556,-0.01302932244,-0.006919502296275959,1,"[-1.0, 0, -3.726, 0, 1]",0.0
-3.726,1,0.16558403703703703,0.012902079447999999,4.54766081210067e-05,2,"[-1.0, 0, -3.726, 0, 1]",0.0
-3.7208888888888887,0,-0.13247230068587104,-0.012985222900541582,-0.006877376913682626,1,"[-1.0, 0, -3.7208888888888887, 0, 1]",0.0
-3.7208888888888887,1,0.16523161225422953,0.012861651342334942,4.467246538760513e-05,2,"[-1.0, 0, -3.7208888888888887, 0, 1]",0.0
-3.7157777777777774,0,-0.13226113607681755,-0.012941231363838842,-0.006835482795601821,1,"[-1.0, 0, -3.7157777777777774, 0, 1]",0.0
-3.7157777777777774,1,0.16487967123914035,0.012821316839058133,4.387784566191582e-05,2,"[-1.0, 0, -3.7157777777777774, 0, 1]",0.0
-3.7106666666666666,0,-0.13205026172839507,-0.012897347681536348,-0.006793818866482848,1,"[-1.0, 0, -3.7106666666666666, 0, 1]",0.0
-3.7106666666666666,1,0.16452821399176953,0.012781075809594877,4.3092681908773155e-05,2,"[-1.0, 0, -3.7106666666666666, 0, 1]",0.0
-3.7055555555555553,0,-0.13183967764060356,-0.012853571705278663,-0.006752384054733342,1,"[-1.0, 0, -3.7055555555555553, 0, 1]",0.0
-3.7055555555555553,1,0.16417724051211702,0.012740928125370452,4.231690740743449e-05,2,"[-1.0, 0, -3.7055555555555553, 0, 1]",0.0
-3.700444444444444,0,-0.13162938381344305,-0.012809903286710354,-0.006711177292709034,1,"[-1.0, 0, -3.700444444444444, 0, 1]",0.0
-3.700444444444444,1,0.16382675080018286,0.012700873657810155,4.155045575065727e-05,2,"[-1.0, 0, -3.700444444444444, 0, 1]",0.0
-3.695333333333333,0,-0.13141938024691358,-0.012766342277475992,-0.006670197516703536,1,"[-1.0, 0, -3.695333333333333, 0, 1]",0.0
-3.695333333333333,1,0.16347674485596705,0.012660912278339277,4.079326084378398e-05,2,"[-1.0, 0, -3.695333333333333, 0, 1]",0.0
-3.690222222222222,0,-0.13120966694101507,-0.012722888529220136,-0.006629443666938121,1,"[-1.0, 0, -3.690222222222222, 0, 1]",0.0
-3.690222222222222,1,0.16312722267946955,0.012621043858383101,4.004525690382531e-05,2,"[-1.0, 0, -3.690222222222222, 0, 1]",0.0
-3.685111111111111,0,-0.1310002438957476,-0.012679541893587358,-0.006588914687551547,1,"[-1.0, 0, -3.685111111111111, 0, 1]",0.0
-3.685111111111111,1,0.16277818427069043,0.012581268269366931,3.9306378458547724e-05,2,"[-1.0, 0, -3.685111111111111, 0, 1]",0.0
-3.6799999999999997,0,-0.13079111111111108,-0.01263630222222222,-0.006548609526589873,1,"[-1.0, 0, -3.6799999999999997, 0, 1]",0.0
-3.6799999999999997,1,0.1624296296296296,0.012541585382716047,3.857656034556185e-05,2,"[-1.0, 0, -3.6799999999999997, 0, 1]",0.0
-3.674888888888889,0,-0.13058226858710562,-0.01259316936676929,-0.006508527135996299,1,"[-1.0, 0, -3.674888888888889, 0, 1]",0.0
-3.674888888888889,1,0.16208155875628713,0.012501995069855746,3.785573771141696e-05,2,"[-1.0, 0, -3.674888888888889, 0, 1]",0.0
-3.6697777777777776,0,-0.13037371632373113,-0.012550143178873135,-0.006468666471601017,1,"[-1.0, 0, -3.6697777777777776, 0, 1]",0.0
-3.6697777777777776,1,0.161733971650663,0.012462497202211315,3.7143846010682414e-05,2,"[-1.0, 0, -3.6697777777777776, 0, 1]",0.0
-3.6646666666666663,0,-0.13016545432098764,-0.012507223510178321,-0.006429026493111065,1,"[-1.0, 0, -3.6646666666666663, 0, 1]",0.0
-3.6646666666666663,1,0.16138686831275717,0.012423091651208043,3.644082100503956e-05,2,"[-1.0, 0, -3.6646666666666663, 0, 1]",0.0
-3.6595555555555555,0,-0.12995748257887518,-0.012464410212329418,-0.006389606164100232,1,"[-1.0, 0, -3.6595555555555555, 0, 1]",0.0
-3.6595555555555555,1,0.16104024874256972,0.012383778288271231,3.574659876238312e-05,2,"[-1.0, 0, -3.6595555555555555, 0, 1]",0.0
-3.654444444444444,0,-0.12974980109739367,-0.012421703136970986,-0.006350404451998914,1,"[-1.0, 0, -3.654444444444444, 0, 1]",0.0
-3.654444444444444,1,0.16069411294010055,0.01234455698482616,3.506111565590702e-05,2,"[-1.0, 0, -3.654444444444444, 0, 1]",0.0
-3.649333333333333,0,-0.1295424098765432,-0.012379102135747595,-0.006311420328084061,1,"[-1.0, 0, -3.649333333333333, 0, 1]",0.0
-3.649333333333333,1,0.16034846090534977,0.01230542761229812,3.4384308363213587e-05,2,"[-1.0, 0, -3.649333333333333, 0, 1]",0.0
-3.644222222222222,0,-0.12933530891632372,-0.012336607060303813,-0.006272652767469073,1,"[-1.0, 0, -3.644222222222222, 0, 1]",0.0
-3.644222222222222,1,0.1600032926383173,0.012266390042112413,3.3716113865375937e-05,2,"[-1.0, 0, -3.644222222222222, 0, 1]",0.0
-3.6391111111111107,0,-0.12912849821673522,-0.012294217762284202,-0.006234100749093736,1,"[-1.0, 0, -3.6391111111111107, 0, 1]",0.0
-3.6391111111111107,1,0.15965860813900318,0.01222744414569432,3.3056469446084494e-05,2,"[-1.0, 0, -3.6391111111111107, 0, 1]",0.0
-3.634,0,-0.12892197777777775,-0.01225193409333333,-0.006195763255714189,1,"[-1.0, 0, -3.634, 0, 1]",0.0
-3.634,1,0.15931440740740738,0.012188589794469133,3.240531269070937e-05,2,"[-1.0, 0, -3.634, 0, 1]",0.0
-3.6288888888888886,0,-0.12871574759945129,-0.012209755905095763,-0.006157639273892871,1,"[-1.0, 0, -3.6288888888888886, 0, 1]",0.0
-3.6288888888888886,1,0.1589706904435299,0.012149826859862146,3.176258148541132e-05,2,"[-1.0, 0, -3.6288888888888886, 0, 1]",0.0
-3.6237777777777778,0,-0.12850980768175582,-0.012167683049216074,-0.0061197277939885105,1,"[-1.0, 0, -3.6237777777777778, 0, 1]",0.0
-3.6237777777777778,1,0.15862745724737082,0.01211115521329865,3.112821401625356e-05,2,"[-1.0, 0, -3.6237777777777778, 0, 1]",0.0
-3.6186666666666665,0,-0.12830415802469136,-0.012125715377338819,-0.006082027810146098,1,"[-1.0, 0, -3.6186666666666665, 0, 1]",0.0
-3.6186666666666665,1,0.15828470781893,0.01207257472620393,3.050214876828758e-05,2,"[-1.0, 0, -3.6186666666666665, 0, 1]",0.0
-3.613555555555555,0,-0.12809879862825788,-0.012083852741108568,-0.006044538320286916,1,"[-1.0, 0, -3.613555555555555, 0, 1]",0.0
-3.613555555555555,1,0.15794244215820757,0.01203408527000328,2.988432452467188e-05,2,"[-1.0, 0, -3.613555555555555, 0, 1]",0.0
-3.6084444444444443,0,-0.12789372949245542,-0.012042094992169891,-0.006007258326098554,1,"[-1.0, 0, -3.6084444444444443, 0, 1]",0.0
-3.6084444444444443,1,0.15760066026520345,0.011995686716121997,2.9274680365761266e-05,2,"[-1.0, 0, -3.6084444444444443, 0, 1]",0.0
-3.603333333333333,0,-0.12768895061728394,-0.01200044198216735,-0.005970186833024922,1,"[-1.0, 0, -3.603333333333333, 0, 1]",0.0
-3.603333333333333,1,0.15725936213991765,0.011957378935985365,2.8673155668235573e-05,2,"[-1.0, 0, -3.603333333333333, 0, 1]",0.0
-3.5982222222222218,0,-0.12748446200274346,-0.011958893562745513,-0.005933322850256328,1,"[-1.0, 0, -3.5982222222222218, 0, 1]",0.0
-3.5982222222222218,1,0.1569185477823502,0.011919161801018678,2.8079690104193273e-05,2,"[-1.0, 0, -3.5982222222222218, 0, 1]",0.0
-3.593111111111111,0,-0.127280263648834,-0.011917449585548948,-0.005896665390719519,1,"[-1.0, 0, -3.593111111111111, 0, 1]",0.0
-3.593111111111111,1,0.15657821719250112,0.011881035182647224,2.749422364026373e-05,2,"[-1.0, 0, -3.593111111111111, 0, 1]",0.0
-3.588,0,-0.12707635555555558,-0.011876109902222222,-0.005860213471067771,1,"[-1.0, 0, -3.588, 0, 1]",0.0
-3.588,1,0.15623837037037036,0.011842998952296296,2.6916696536709913e-05,2,"[-1.0, 0, -3.588, 0, 1]",0.0
-3.5828888888888883,0,-0.12687273772290808,-0.011834874364409892,-0.005823966111670959,1,"[-1.0, 0, -3.5828888888888883, 0, 1]",0.0
-3.5828888888888883,1,0.1558990073159579,0.011805052981391177,2.634704934655844e-05,2,"[-1.0, 0, -3.5828888888888883, 0, 1]",0.0
-3.5777777777777775,0,-0.12666941015089161,-0.01179374282375654,-0.005787922336605699,1,"[-1.0, 0, -3.5777777777777775, 0, 1]",0.0
-3.5777777777777775,1,0.1555601280292638,0.011767197141357176,2.5785222914687968e-05,2,"[-1.0, 0, -3.5777777777777775, 0, 1]",0.0
-3.5726666666666667,0,-0.12646637283950618,-0.011752715131906722,-0.005752081173645425,1,"[-1.0, 0, -3.5726666666666667, 0, 1]",0.0
-3.5726666666666667,1,0.15522173251028806,0.01172943130361957,2.5231158376975288e-05,2,"[-1.0, 0, -3.5726666666666667, 0, 1]",0.0
-3.5675555555555554,0,-0.12626362578875172,-0.011711791140505004,-0.005716441654250544,1,"[-1.0, 0, -3.5675555555555554, 0, 1]",0.0
-3.5675555555555554,1,0.15488382075903062,0.01169175533960365,2.468479715938155e-05,2,"[-1.0, 0, -3.5675555555555554, 0, 1]",0.0
-3.562444444444444,0,-0.12606116899862824,-0.011670970701195953,-0.005681002813558583,1,"[-1.0, 0, -3.562444444444444, 0, 1]",0.0
-3.562444444444444,1,0.1545463927754915,0.011654169120734708,2.4146080977084476e-05,2,"[-1.0, 0, -3.562444444444444, 0, 1]",0.0
-3.5573333333333332,0,-0.12585900246913578,-0.011630253665624141,-0.0056457636903743495,1,"[-1.0, 0, -3.5573333333333332, 0, 1]",0.0
-3.5573333333333332,1,0.15420944855967078,0.01161667251843804,2.3614951833591472e-05,2,"[-1.0, 0, -3.5573333333333332, 0, 1]",0.0
-3.552222222222222,0,-0.12565712620027433,-0.011589639885434126,-0.005610723327160094,1,"[-1.0, 0, -3.552222222222222, 0, 1]",0.0
-3.552222222222222,1,0.15387298811156833,0.011579265404138932,2.309135201985753e-05,2,"[-1.0, 0, -3.552222222222222, 0, 1]",0.0
-3.5471111111111107,0,-0.12545554019204389,-0.011549129212270482,-0.005575880770025717,1,"[-1.0, 0, -3.5471111111111107, 0, 1]",0.0
-3.5471111111111107,1,0.15353701143118426,0.011541947649262677,2.25752241134183e-05,2,"[-1.0, 0, -3.5471111111111107, 0, 1]",0.0
-3.542,0,-0.12525424444444444,-0.011508721497777775,-0.005541235068718961,1,"[-1.0, 0, -3.542, 0, 1]",0.0
-3.542,1,0.1532015185185185,0.011504719125234566,2.206651097748846e-05,2,"[-1.0, 0, -3.542, 0, 1]",0.0
-3.536888888888889,0,-0.125053238957476,-0.011468416593600568,-0.005506785276615627,1,"[-1.0, 0, -3.536888888888889, 0, 1]",0.0
-3.536888888888889,1,0.1528665093735711,0.011467579703479891,2.156515576011344e-05,2,"[-1.0, 0, -3.536888888888889, 0, 1]",0.0
-3.5317777777777772,0,-0.12485252373113852,-0.011428214351383421,-0.005472530450709805,1,"[-1.0, 0, -3.5317777777777772, 0, 1]",0.0
-3.5317777777777772,1,0.152531983996342,0.011430529255423932,2.107110189326954e-05,2,"[-1.0, 0, -3.5317777777777772, 0, 1]",0.0
-3.5266666666666664,0,-0.1246520987654321,-0.011388114622770916,-0.005438469651604147,1,"[-1.0, 0, -3.5266666666666664, 0, 1]",0.0
-3.5266666666666664,1,0.15219794238683126,0.011393567652491995,2.0584293092001764e-05,2,"[-1.0, 0, -3.5266666666666664, 0, 1]",0.0
-3.5215555555555556,0,-0.12445196406035665,-0.01134811725940761,-0.005404601943500075,1,"[-1.0, 0, -3.5215555555555556, 0, 1]",0.0
-3.5215555555555556,1,0.15186438454503887,0.011356694766109367,2.010467335354692e-05,2,"[-1.0, 0, -3.5215555555555556, 0, 1]",0.0
-3.5164444444444443,0,-0.1242521196159122,-0.011308222112938065,-0.005370926394188094,1,"[-1.0, 0, -3.5164444444444443, 0, 1]",0.0
-3.5164444444444443,1,0.15153131047096477,0.011319910467701332,1.9632186956467564e-05,2,"[-1.0, 0, -3.5164444444444443, 0, 1]",0.0
-3.511333333333333,0,-0.12405256543209875,-0.011268429035006855,-0.005337442075038075,1,"[-1.0, 0, -3.511333333333333, 0, 1]",0.0
-3.511333333333333,1,0.151198720164609,0.011283214628693184,1.9166778459773354e-05,2,"[-1.0, 0, -3.511333333333333, 0, 1]",0.0
-3.506222222222222,0,-0.12385330150891632,-0.011228737877258546,-0.005304148060989547,1,"[-1.0, 0, -3.506222222222222, 0, 1]",0.0
-3.506222222222222,1,0.15086661362597165,0.01124660712051022,1.8708392702059765e-05,2,"[-1.0, 0, -3.506222222222222, 0, 1]",0.0
-3.501111111111111,0,-0.12365432784636488,-0.011189148491337701,-0.005271043430542006,1,"[-1.0, 0, -3.501111111111111, 0, 1]",0.0
-3.501111111111111,1,0.15053499085505256,0.01121008781457772,1.825697480063119e-05,2,"[-1.0, 0, -3.501111111111111, 0, 1]",0.0
-3.4959999999999996,0,-0.12345564444444443,-0.011149660728888884,-0.005238127265745267,1,"[-1.0, 0, -3.4959999999999996, 0, 1]",0.0
-3.4959999999999996,1,0.1502038518518518,0.011173656582320984,1.7812470150639203e-05,2,"[-1.0, 0, -3.4959999999999996, 0, 1]",0.0
-3.4908888888888887,0,-0.123257251303155,-0.011110274441556671,-0.0052053986521898,1,"[-1.0, 0, -3.4908888888888887, 0, 1]",0.0
-3.4908888888888887,1,0.14987319661636944,0.011137313295165303,1.7374824424220853e-05,2,"[-1.0, 0, -3.4908888888888887, 0, 1]",0.0
-3.485777777777778,0,-0.12305914842249657,-0.011070989480985621,-0.005172856678997071,1,"[-1.0, 0, -3.485777777777778, 0, 1]",0.0
-3.485777777777778,1,0.1495430251486054,0.011101057824535961,1.6943983569631723e-05,2,"[-1.0, 0, -3.485777777777778, 0, 1]",0.0
-3.480666666666666,0,-0.12286133580246912,-0.011031805698820299,-0.005140500438809934,1,"[-1.0, 0, -3.480666666666666, 0, 1]",0.0
-3.480666666666666,1,0.14921333744855964,0.011064890041858249,1.6519893810373366e-05,2,"[-1.0, 0, -3.480666666666666, 0, 1]",0.0
-3.4755555555555553,0,-0.1226638134430727,-0.010992722946705275,-0.005108329027783015,1,"[-1.0, 0, -3.4755555555555553, 0, 1]",0.0
-3.4755555555555553,1,0.14888413351623225,0.011028809818557469,1.6102501644345464e-05,2,"[-1.0, 0, -3.4755555555555553, 0, 1]",0.0
-3.4704444444444444,0,-0.12246658134430727,-0.010953741076285118,-0.005076341545573106,1,"[-1.0, 0, -3.4704444444444444, 0, 1]",0.0
-3.4704444444444444,1,0.1485554133516232,0.0109928170260589,1.5691753842984966e-05,2,"[-1.0, 0, -3.4704444444444444, 0, 1]",0.0
-3.465333333333333,0,-0.12226963950617283,-0.010914859939204387,-0.005044537095329575,1,"[-1.0, 0, -3.465333333333333, 0, 1]",0.0
-3.465333333333333,1,0.14822717695473248,0.010956911535787836,1.528759745039526e-05,2,"[-1.0, 0, -3.465333333333333, 0, 1]",0.0
-3.460222222222222,0,-0.12207298792866939,-0.010876079387107654,-0.005012914783684815,1,"[-1.0, 0, -3.460222222222222, 0, 1]",0.0
-3.460222222222222,1,0.14789942432556008,0.010921093219169568,1.4889979782495722e-05,2,"[-1.0, 0, -3.460222222222222, 0, 1]",0.0
-3.455111111111111,0,-0.12187662661179698,-0.010837399271639485,-0.0049814737207446655,1,"[-1.0, 0, -3.455111111111111, 0, 1]",0.0
-3.455111111111111,1,0.14757215546410607,0.010885361947629393,1.4498848426166503e-05,2,"[-1.0, 0, -3.455111111111111, 0, 1]",0.0
-3.4499999999999997,0,-0.12168055555555554,-0.010798819444444442,-0.004950213020078873,1,"[-1.0, 0, -3.4499999999999997, 0, 1]",0.0
-3.4499999999999997,1,0.14724537037037033,0.01084971759259259,1.4114151238390268e-05,2,"[-1.0, 0, -3.4499999999999997, 0, 1]",0.0
-3.4448888888888884,0,-0.12148477475994511,-0.010760339757167095,-0.0049191317987115745,1,"[-1.0, 0, -3.4448888888888884, 0, 1]",0.0
-3.4448888888888884,1,0.14691906904435298,0.010814160025484458,1.3735836345400449e-05,2,"[-1.0, 0, -3.4448888888888884, 0, 1]",0.0
-3.4397777777777776,0,-0.1212892842249657,-0.010721960061452011,-0.004888229177111769,1,"[-1.0, 0, -3.4397777777777776, 0, 1]",0.0
-3.4397777777777776,1,0.14659325148605393,0.01077868911773029,1.3363852141819958e-05,2,"[-1.0, 0, -3.4397777777777776, 0, 1]",0.0
-3.4346666666666668,0,-0.12109408395061728,-0.010683680208943757,-0.004857504279183825,1,"[-1.0, 0, -3.4346666666666668, 0, 1]",0.0
-3.4346666666666668,1,0.14626791769547326,0.010743304740755372,1.299814728982938e-05,2,"[-1.0, 0, -3.4346666666666668, 0, 1]",0.0
-3.429555555555555,0,-0.12089917393689985,-0.010645500051286894,-0.00482695623225798,1,"[-1.0, 0, -3.429555555555555, 0, 1]",0.0
-3.429555555555555,1,0.14594306767261084,0.010708006765984993,1.2638670718290081e-05,2,"[-1.0, 0, -3.429555555555555, 0, 1]",0.0
-3.424444444444444,0,-0.12070455418381343,-0.010607419440125995,-0.004796584167080892,1,"[-1.0, 0, -3.424444444444444, 0, 1]",0.0
-3.424444444444444,1,0.1456187014174668,0.01067279506484445,1.2285371621919769e-05,2,"[-1.0, 0, -3.424444444444444, 0, 1]",0.0
-3.4193333333333333,0,-0.12051022469135803,-0.010569438227105625,-0.004766387217806158,1,"[-1.0, 0, -3.4193333333333333, 0, 1]",0.0
-3.4193333333333333,1,0.14529481893004115,0.010637669508759029,1.1938199460431644e-05,2,"[-1.0, 0, -3.4193333333333333, 0, 1]",0.0
-3.414222222222222,0,-0.1203161854595336,-0.010531556263870345,-0.004736364521984874,1,"[-1.0, 0, -3.414222222222222, 0, 1]",0.0
-3.414222222222222,1,0.14497142021033377,0.010602629969154023,1.1597103957680047e-05,2,"[-1.0, 0, -3.414222222222222, 0, 1]",0.0
-3.4091111111111108,0,-0.12012243648834017,-0.010493773402064723,-0.004706515220556215,1,"[-1.0, 0, -3.4091111111111108, 0, 1]",0.0
-3.4091111111111108,1,0.14464850525834472,0.01056767631745472,1.12620351008395e-05,2,"[-1.0, 0, -3.4091111111111108, 0, 1]",0.0
-3.404,0,-0.11992897777777778,-0.010456089493333333,-0.004676838457838015,1,"[-1.0, 0, -3.404, 0, 1]",0.0
-3.404,1,0.14432607407407405,0.01053280842508642,1.0932943139537344e-05,2,"[-1.0, 0, -3.404, 0, 1]",0.0
-3.3988888888888886,0,-0.11973580932784636,-0.010418504389320729,-0.004647333381517347,1,"[-1.0, 0, -3.3988888888888886, 0, 1]",0.0
-3.3988888888888886,1,0.1440041266575217,0.010498026163474401,1.0609778585027145e-05,2,"[-1.0, 0, -3.3988888888888886, 0, 1]",0.0
-3.3937777777777773,0,-0.11954293113854594,-0.01038101794167149,-0.004617999142641166,1,"[-1.0, 0, -3.3937777777777773, 0, 1]",0.0
-3.3937777777777773,1,0.14368266300868765,0.01046332940404396,1.0292492209329138e-05,2,"[-1.0, 0, -3.3937777777777773, 0, 1]",0.0
-3.3886666666666665,0,-0.11935034320987654,-0.010343630002030178,-0.004588834895606906,1,"[-1.0, 0, -3.3886666666666665, 0, 1]",0.0
-3.3886666666666665,1,0.14336168312757203,0.01042871801822039,9.981035044417073e-06,2,"[-1.0, 0, -3.3886666666666665, 0, 1]",0.0
-3.3835555555555556,0,-0.11915804554183813,-0.010306340422041357,-0.004559839798153138,1,"[-1.0, 0, -3.3835555555555556, 0, 1]",0.0
-3.3835555555555556,1,0.14304118701417468,0.010394191877428984,9.675358381343053e-06,2,"[-1.0, 0, -3.3835555555555556, 0, 1]",0.0
-3.378444444444444,0,-0.11896603813443071,-0.010269149053349587,-0.004531013011350205,1,"[-1.0, 0, -3.378444444444444, 0, 1]",0.0
-3.378444444444444,1,0.1427211746684956,0.01035975085309502,9.375413769438252e-06,2,"[-1.0, 0, -3.378444444444444, 0, 1]",0.0
-3.373333333333333,0,-0.11877432098765431,-0.01023205574759945,-0.004502353699590927,1,"[-1.0, 0, -3.373333333333333, 0, 1]",0.0
-3.373333333333333,1,0.14240164609053496,0.010325394816643803,9.081153015453366e-06,2,"[-1.0, 0, -3.373333333333333, 0, 1]",0.0
-3.3682222222222222,0,-0.1185828941015089,-0.010195060356435501,-0.004473861030581236,1,"[-1.0, 0, -3.3682222222222222, 0, 1]",0.0
-3.3682222222222222,1,0.14208260128029263,0.010291123639500618,8.792528182720739e-06,2,"[-1.0, 0, -3.3682222222222222, 0, 1]",0.0
-3.363111111111111,0,-0.11839175747599451,-0.01015816273150231,-0.0044455341753309036,1,"[-1.0, 0, -3.363111111111111, 0, 1]",0.0
-3.363111111111111,1,0.14176404023776862,0.010256937193090754,8.509491590338609e-06,2,"[-1.0, 0, -3.363111111111111, 0, 1]",0.0
-3.3579999999999997,0,-0.1182009111111111,-0.010121362724444442,-0.004417372308144244,1,"[-1.0, 0, -3.3579999999999997, 0, 1]",0.0
-3.3579999999999997,1,0.14144596296296294,0.010222835348839505,8.231995812319794e-06,2,"[-1.0, 0, -3.3579999999999997, 0, 1]",0.0
-3.352888888888889,0,-0.11801035500685869,-0.010084660186906466,-0.004389374606610837,1,"[-1.0, 0, -3.352888888888889, 0, 1]",0.0
-3.352888888888889,1,0.1411283694558756,0.01018881797817216,7.959993676773768e-06,2,"[-1.0, 0, -3.352888888888889, 0, 1]",0.0
-3.3477777777777775,0,-0.1178200891632373,-0.010048054970532945,-0.004361540251596262,1,"[-1.0, 0, -3.3477777777777775, 0, 1]",0.0
-3.3477777777777775,1,0.1408112597165066,0.010154884952514012,7.693438265070959e-06,2,"[-1.0, 0, -3.3477777777777775, 0, 1]",0.0
-3.3426666666666662,0,-0.1176301135802469,-0.010011546926968446,-0.004333868427232858,1,"[-1.0, 0, -3.3426666666666662, 0, 1]",0.0
-3.3426666666666662,1,0.14049463374485593,0.010121036143290348,7.432282911010949e-06,2,"[-1.0, 0, -3.3426666666666662, 0, 1]",0.0
-3.3375555555555554,0,-0.1174404282578875,-0.00997513590785754,-0.0043063583209104915,1,"[-1.0, 0, -3.3375555555555554, 0, 1]",0.0
-3.3375555555555554,1,0.1401784915409236,0.010087271421926466,7.1764811999984815e-06,2,"[-1.0, 0, -3.3375555555555554, 0, 1]",0.0
-3.3324444444444445,0,-0.11725103319615912,-0.00993882176484479,-0.004279009123267327,1,"[-1.0, 0, -3.3324444444444445, 0, 1]",0.0
-3.3324444444444445,1,0.13986283310470965,0.010053590659847653,6.925986968222934e-06,2,"[-1.0, 0, -3.3324444444444445, 0, 1]",0.0
-3.327333333333333,0,-0.11706192839506172,-0.009902604349574757,-0.004251820028180625,1,"[-1.0, 0, -3.327333333333333, 0, 1]",0.0
-3.327333333333333,1,0.13954765843621397,0.010019993728479192,6.680754301821752e-06,2,"[-1.0, 0, -3.327333333333333, 0, 1]",0.0
-3.322222222222222,0,-0.11687311385459533,-0.009866483513692015,-0.004224790232757566,1,"[-1.0, 0, -3.322222222222222, 0, 1]",0.0
-3.322222222222222,1,0.13923296753543665,0.009986480499246386,6.440737536059921e-06,2,"[-1.0, 0, -3.322222222222222, 0, 1]",0.0
-3.317111111111111,0,-0.11668458957475994,-0.00983045910884113,-0.004197918937326052,1,"[-1.0, 0, -3.317111111111111, 0, 1]",0.0
-3.317111111111111,1,0.13891876040237766,0.009953050843574522,6.205891254515081e-06,2,"[-1.0, 0, -3.317111111111111, 0, 1]",0.0
-3.312,0,-0.11649635555555554,-0.009794530986666666,-0.004171205345425552,1,"[-1.0, 0, -3.312, 0, 1]",0.0
-3.312,1,0.13860503703703703,0.009919704632888887,5.9761702882518e-06,2,"[-1.0, 0, -3.312, 0, 1]",0.0
-3.3068888888888885,0,-0.11630841179698215,-0.009758698998813186,-0.004144648663797958,1,"[-1.0, 0, -3.3068888888888885, 0, 1]",0.0
-3.3068888888888885,1,0.1382917974394147,0.009886441738614775,5.75152971499281e-06,2,"[-1.0, 0, -3.3068888888888885, 0, 1]",0.0
-3.3017777777777777,0,-0.11612075829903978,-0.009722962996925264,-0.004118248102378449,1,"[-1.0, 0, -3.3017777777777777, 0, 1]",0.0
-3.3017777777777777,1,0.13797904160951074,0.009853262032177481,5.5319248583140905e-06,2,"[-1.0, 0, -3.3017777777777777, 0, 1]",0.0
-3.2966666666666664,0,-0.11593339506172838,-0.009687322832647461,-0.004092002874286359,1,"[-1.0, 0, -3.2966666666666664, 0, 1]",0.0
-3.2966666666666664,1,0.13766676954732507,0.009820165385002282,5.317311286822182e-06,2,"[-1.0, 0, -3.2966666666666664, 0, 1]",0.0
-3.291555555555555,0,-0.115746322085048,-0.009651778357624343,-0.004065912195816084,1,"[-1.0, 0, -3.291555555555555, 0, 1]",0.0
-3.291555555555555,1,0.13735498125285778,0.009787151668514484,5.107644813333225e-06,2,"[-1.0, 0, -3.291555555555555, 0, 1]",0.0
-3.2864444444444443,0,-0.11555953936899863,-0.00961632942350048,-0.004039975286427988,1,"[-1.0, 0, -3.2864444444444443, 0, 1]",0.0
-3.2864444444444443,1,0.1370436767261088,0.009754220754139375,4.902881494059808e-06,2,"[-1.0, 0, -3.2864444444444443, 0, 1]",0.0
-3.2813333333333334,0,-0.11537304691358025,-0.009580975881920438,-0.0040141913687393145,1,"[-1.0, 0, -3.2813333333333334, 0, 1]",0.0
-3.2813333333333334,1,0.13673285596707818,0.00972137251330224,4.702977627810828e-06,2,"[-1.0, 0, -3.2813333333333334, 0, 1]",0.0
-3.2762222222222217,0,-0.11518684471879284,-0.009545717584528777,-0.003988559668515128,1,"[-1.0, 0, -3.2762222222222217, 0, 1]",0.0
-3.2762222222222217,1,0.13642251897576585,0.00968860681742837,4.507889755153618e-06,2,"[-1.0, 0, -3.2762222222222217, 0, 1]",0.0
-3.271111111111111,0,-0.11500093278463648,-0.009510554382970073,-0.003963079414659278,1,"[-1.0, 0, -3.271111111111111, 0, 1]",0.0
-3.271111111111111,1,0.1361126657521719,0.009655923537943062,4.317574657626815e-06,2,"[-1.0, 0, -3.271111111111111, 0, 1]",0.0
-3.266,0,-0.11481531111111111,-0.009475486128888889,-0.003937749839205332,1,"[-1.0, 0, -3.266, 0, 1]",0.0
-3.266,1,0.13580329629629628,0.009623322546271604,4.131989356913335e-06,2,"[-1.0, 0, -3.266, 0, 1]",0.0
-3.2608888888888887,0,-0.11462997969821673,-0.009440512673929785,-0.003912570177307578,1,"[-1.0, 0, -3.2608888888888887, 0, 1]",0.0
-3.2608888888888887,1,0.135494410608139,0.009590803713839285,3.951091114043695e-06,2,"[-1.0, 0, -3.2608888888888887, 0, 1]",0.0
-3.2557777777777774,0,-0.11444493854595333,-0.009405633869737334,-0.0038875396672320116,1,"[-1.0, 0, -3.2557777777777774, 0, 1]",0.0
-3.2557777777777774,1,0.13518600868770003,0.009558366912071396,3.7748374285819994e-06,2,"[-1.0, 0, -3.2557777777777774, 0, 1]",0.0
-3.2506666666666666,0,-0.11426018765432099,-0.009370849567956103,-0.0038626575503473413,1,"[-1.0, 0, -3.2506666666666666, 0, 1]",0.0
-3.2506666666666666,1,0.1348780905349794,0.009526012012393233,3.603186037818857e-06,2,"[-1.0, 0, -3.2506666666666666, 0, 1]",0.0
-3.2455555555555553,0,-0.11407572702331961,-0.009336159620230653,-0.0038379230711159985,1,"[-1.0, 0, -3.2455555555555553, 0, 1]",0.0
-3.2455555555555553,1,0.13457065614997712,0.009493738886230079,3.4360949159768783e-06,2,"[-1.0, 0, -3.2455555555555553, 0, 1]",0.0
-3.240444444444444,0,-0.11389155665294923,-0.009301563878205554,-0.0038133354770851858,1,"[-1.0, 0, -3.240444444444444, 0, 1]",0.0
-3.240444444444444,1,0.13426370553269315,0.009461547405007228,3.2735222733892844e-06,2,"[-1.0, 0, -3.240444444444444, 0, 1]",0.0
-3.235333333333333,0,-0.11370767654320987,-0.009267062193525374,-0.0037888940188779262,1,"[-1.0, 0, -3.235333333333333, 0, 1]",0.0
-3.235333333333333,1,0.13395723868312753,0.009429437440149976,3.11542655571451e-06,2,"[-1.0, 0, -3.235333333333333, 0, 1]",0.0
-3.2302222222222223,0,-0.11352408669410152,-0.00923265441783468,-0.00376459795018411,1,"[-1.0, 0, -3.2302222222222223, 0, 1]",0.0
-3.2302222222222223,1,0.1336512556012803,0.009397408863083608,2.9617664431308595e-06,2,"[-1.0, 0, -3.2302222222222223, 0, 1]",0.0
-3.2251111111111106,0,-0.11334078710562412,-0.009198340402778029,-0.0037404465277515787,1,"[-1.0, 0, -3.2251111111111106, 0, 1]",0.0
-3.2251111111111106,1,0.1333457562871513,0.009365461545233413,2.8125008495220524e-06,2,"[-1.0, 0, -3.2251111111111106, 0, 1]",0.0
-3.2199999999999998,0,-0.11315777777777777,-0.009164119999999998,-0.003716439011377232,1,"[-1.0, 0, -3.2199999999999998, 0, 1]",0.0
-3.2199999999999998,1,0.1330407407407407,0.00933359535802469,2.6675889217022374e-06,2,"[-1.0, 0, -3.2199999999999998, 0, 1]",0.0
-3.214888888888889,0,-0.1129750587105624,-0.00912999306114515,-0.0036925746638981046,1,"[-1.0, 0, -3.214888888888889, 0, 1]",0.0
-3.214888888888889,1,0.13273620896204846,0.009301810172882724,2.5269900386058752e-06,2,"[-1.0, 0, -3.214888888888889, 0, 1]",0.0
-3.2097777777777776,0,-0.11279262990397804,-0.009095959437858047,-0.003668852751182503,1,"[-1.0, 0, -3.2097777777777776, 0, 1]",0.0
-3.2097777777777776,1,0.13243216095107452,0.009270105861232805,2.390663810488032e-06,2,"[-1.0, 0, -3.2097777777777776, 0, 1]",0.0
-3.2046666666666663,0,-0.11261049135802467,-0.009062018981783262,-0.003645272542121136,1,"[-1.0, 0, -3.2046666666666663, 0, 1]",0.0
-3.2046666666666663,1,0.1321285967078189,0.009238482294500227,2.2585700781363807e-06,2,"[-1.0, 0, -3.2046666666666663, 0, 1]",0.0
-3.1995555555555555,0,-0.11242864307270234,-0.00902817154456536,-0.003621833308618259,1,"[-1.0, 0, -3.1995555555555555, 0, 1]",0.0
-3.1995555555555555,1,0.13182551623228167,0.009206939344110281,2.130668912081468e-06,2,"[-1.0, 0, -3.1995555555555555, 0, 1]",0.0
-3.194444444444444,0,-0.11224708504801097,-0.008994416977848904,-0.003598534325582831,1,"[-1.0, 0, -3.194444444444444, 0, 1]",0.0
-3.194444444444444,1,0.1315229195244627,0.009175476881488254,2.006920611790069e-06,2,"[-1.0, 0, -3.194444444444444, 0, 1]",0.0
-3.189333333333333,0,-0.1120658172839506,-0.00896075513327846,-0.0035753748709196984,1,"[-1.0, 0, -3.189333333333333, 0, 1]",0.0
-3.189333333333333,1,0.1312208065843621,0.009144094778059438,1.887285704890631e-06,2,"[-1.0, 0, -3.189333333333333, 0, 1]",0.0
-3.184222222222222,0,-0.11188483978052126,-0.008927185862498601,-0.003552354225520784,1,"[-1.0, 0, -3.184222222222222, 0, 1]",0.0
-3.184222222222222,1,0.1309191774119799,0.00911279290524913,1.7717249463727013e-06,2,"[-1.0, 0, -3.184222222222222, 0, 1]",0.0
-3.179111111111111,0,-0.11170415253772291,-0.008893709017153889,-0.003529471673256279,1,"[-1.0, 0, -3.179111111111111, 0, 1]",0.0
-3.179111111111111,1,0.13061803200731598,0.009081571134482618,1.6601993177993608e-06,2,"[-1.0, 0, -3.179111111111111, 0, 1]",0.0
-3.1739999999999995,0,-0.11152375555555555,-0.008860324448888887,-0.0035067265009658703,1,"[-1.0, 0, -3.1739999999999995, 0, 1]",0.0
-3.1739999999999995,1,0.13031737037037033,0.009050429337185181,1.5526700265300689e-06,2,"[-1.0, 0, -3.1739999999999995, 0, 1]",0.0
-3.1688888888888886,0,-0.1113436488340192,-0.008827032009348165,-0.003484117998449972,1,"[-1.0, 0, -3.1688888888888886, 0, 1]",0.0
-3.1688888888888886,1,0.1300171925011431,0.009019367384782128,1.449098504920955e-06,2,"[-1.0, 0, -3.1688888888888886, 0, 1]",0.0
-3.163777777777778,0,-0.11116383237311385,-0.008793831550176294,-0.003461645458460969,1,"[-1.0, 0, -3.163777777777778, 0, 1]",0.0
-3.163777777777778,1,0.1297174983996342,0.00898838514869874,1.3494464095489649e-06,2,"[-1.0, 0, -3.163777777777778, 0, 1]",0.0
-3.1586666666666665,0,-0.1109843061728395,-0.008760722923017831,-0.0034393081766944714,1,"[-1.0, 0, -3.1586666666666665, 0, 1]",0.0
-3.1586666666666665,1,0.1294182880658436,0.00895748250036031,1.2536756204229935e-06,2,"[-1.0, 0, -3.1586666666666665, 0, 1]",0.0
-3.1535555555555552,0,-0.11080507023319615,-0.008727705979517348,-0.0034171054517805983,1,"[-1.0, 0, -3.1535555555555552, 0, 1]",0.0
-3.1535555555555552,1,0.12911956149977136,0.008926659311192128,1.1617482402093322e-06,2,"[-1.0, 0, -3.1535555555555552, 0, 1]",0.0
-3.1484444444444444,0,-0.11062612455418382,-0.008694780571319413,-0.003395036585275259,1,"[-1.0, 0, -3.1484444444444444, 0, 1]",0.0
-3.1484444444444444,1,0.12882131870141747,0.008895915452619486,1.073626593444104e-06,2,"[-1.0, 0, -3.1484444444444444, 0, 1]",0.0
-3.143333333333333,0,-0.11044746913580246,-0.008661946550068586,-0.003373100881651451,1,"[-1.0, 0, -3.143333333333333, 0, 1]",0.0
-3.143333333333333,1,0.12852355967078188,0.008865250796067672,9.89273225754806e-07,2,"[-1.0, 0, -3.143333333333333, 0, 1]",0.0
-3.138222222222222,0,-0.1102691039780521,-0.008629203767409437,-0.0033512976482905892,1,"[-1.0, 0, -3.138222222222222, 0, 1]",0.0
-3.138222222222222,1,0.1282262844078646,0.008834665212961978,9.086509030822865e-07,2,"[-1.0, 0, -3.138222222222222, 0, 1]",0.0
-3.133111111111111,0,-0.11009102908093277,-0.008596552074986533,-0.003329626195473825,1,"[-1.0, 0, -3.133111111111111, 0, 1]",0.0
-3.133111111111111,1,0.12792949291266573,0.008804158574727699,8.31722610909226e-07,2,"[-1.0, 0, -3.133111111111111, 0, 1]",0.0
-3.128,0,-0.10991324444444445,-0.008563991324444443,-0.0033080858363733956,1,"[-1.0, 0, -3.128, 0, 1]",0.0
-3.128,1,0.12763318518518518,0.008773730752790124,7.584515534725736e-07,2,"[-1.0, 0, -3.128, 0, 1]",0.0
-3.1228888888888884,0,-0.1097357500685871,-0.008531521367427726,-0.0032866758870439714,1,"[-1.0, 0, -3.1228888888888884, 0, 1]",0.0
-3.1228888888888884,1,0.12733736122542294,0.008743381618574537,6.888011530011354e-07,2,"[-1.0, 0, -3.1228888888888884, 0, 1]",0.0
-3.1177777777777775,0,-0.10955854595336076,-0.008499142055580956,-0.00326539566641405,1,"[-1.0, 0, -3.1177777777777775, 0, 1]",0.0
-3.1177777777777775,1,0.12704202103337903,0.00871311104350624,6.227350489306123e-07,2,"[-1.0, 0, -3.1177777777777775, 0, 1]",0.0
-3.1126666666666667,0,-0.10938163209876542,-0.008466853240548697,-0.0032442444962773216,1,"[-1.0, 0, -3.1126666666666667, 0, 1]",0.0
-3.1126666666666667,1,0.1267471646090535,0.008682918899010517,5.602170971476944e-07,2,"[-1.0, 0, -3.1126666666666667, 0, 1]",0.0
-3.1075555555555554,0,-0.10920500850480108,-0.00843465477397551,-0.003223221701284077,1,"[-1.0, 0, -3.1075555555555554, 0, 1]",0.0
-3.1075555555555554,1,0.12645279195244624,0.008652805056512657,5.01211369200328e-07,2,"[-1.0, 0, -3.1075555555555554, 0, 1]",0.0
-3.102444444444444,0,-0.10902867517146775,-0.008402546507505966,-0.0032023266089326275,1,"[-1.0, 0, -3.102444444444444, 0, 1]",0.0
-3.102444444444444,1,0.12615890306355737,0.008622769387437956,4.456821515431107e-07,2,"[-1.0, 0, -3.102444444444444, 0, 1]",0.0
-3.0973333333333333,0,-0.10885263209876543,-0.008370528292784635,-0.0031815585495607304,1,"[-1.0, 0, -3.0973333333333333, 0, 1]",0.0
-3.0973333333333333,1,0.12586549794238683,0.008592811763211704,3.935939447584011e-07,2,"[-1.0, 0, -3.0973333333333333, 0, 1]",0.0
-3.092222222222222,0,-0.10867687928669409,-0.008338599981456076,-0.00316091685633702,1,"[-1.0, 0, -3.092222222222222, 0, 1]",0.0
-3.092222222222222,1,0.12557257658893461,0.00856293205525919,3.4491146279911136e-07,2,"[-1.0, 0, -3.092222222222222, 0, 1]",0.0
-3.0871111111111107,0,-0.10850141673525376,-0.00830676142516486,-0.0031404008652524866,1,"[-1.0, 0, -3.0871111111111107, 0, 1]",0.0
-3.0871111111111107,1,0.1252801390032007,0.008533130135005704,2.9959963221371996e-07,2,"[-1.0, 0, -3.0871111111111107, 0, 1]",0.0
-3.082,0,-0.10832624444444444,-0.008275012475555553,-0.0031200099151119315,1,"[-1.0, 0, -3.082, 0, 1]",0.0
-3.082,1,0.12498818518518517,0.008503405873876541,2.576235913918836e-07,2,"[-1.0, 0, -3.082, 0, 1]",0.0
-3.076888888888889,0,-0.10815136241426612,-0.008243352984272723,-0.003099743347525454,1,"[-1.0, 0, -3.076888888888889, 0, 1]",0.0
-3.076888888888889,1,0.12469671513488796,0.00847375914329699,2.1894868978836537e-07,2,"[-1.0, 0, -3.076888888888889, 0, 1]",0.0
-3.0717777777777773,0,-0.10797677064471878,-0.008211782802960926,-0.003079600506899949,1,"[-1.0, 0, -3.0717777777777773, 0, 1]",0.0
-3.0717777777777773,1,0.12440572885230906,0.008444189814692337,1.8354048717428469e-07,2,"[-1.0, 0, -3.0717777777777773, 0, 1]",0.0
-3.0666666666666664,0,-0.10780246913580246,-0.008180301783264744,-0.0030595807404306397,1,"[-1.0, 0, -3.0666666666666664, 0, 1]",0.0
-3.0666666666666664,1,0.12411522633744855,0.008414697759487881,1.5136475286841797e-07,2,"[-1.0, 0, -3.0666666666666664, 0, 1]",0.0
-3.0615555555555556,0,-0.10762845788751715,-0.008148909776828734,-0.0030396833980925715,1,"[-1.0, 0, -3.0615555555555556, 0, 1]",0.0
-3.0615555555555556,1,0.12382520759030635,0.008385282849108909,1.2238746497847397e-07,2,"[-1.0, 0, -3.0615555555555556, 0, 1]",0.0
-3.0564444444444443,0,-0.10745473689986282,-0.008117606635297463,-0.003019907832632178,1,"[-1.0, 0, -3.0564444444444443, 0, 1]",0.0
-3.0564444444444443,1,0.12353567261088247,0.00835594495498071,9.657480964605537e-08,2,"[-1.0, 0, -3.0564444444444443, 0, 1]",0.0
-3.051333333333333,0,-0.10728130617283949,-0.008086392210315497,-0.0030002533995588296,1,"[-1.0, 0, -3.051333333333333, 0, 1]",0.0
-3.051333333333333,1,0.12324662139917693,0.008326683948528575,7.389318028836779e-08,2,"[-1.0, 0, -3.051333333333333, 0, 1]",0.0
-3.046222222222222,0,-0.10710816570644718,-0.008055266353527409,-0.002980719457136408,1,"[-1.0, 0, -3.046222222222222, 0, 1]",0.0
-3.046222222222222,1,0.12295805395518974,0.008297499701177801,5.4309176839278245e-08,2,"[-1.0, 0, -3.046222222222222, 0, 1]",0.0
-3.041111111111111,0,-0.10693531550068586,-0.008024228916577756,-0.0029613053663748714,1,"[-1.0, 0, -3.041111111111111, 0, 1]",0.0
-3.041111111111111,1,0.12266997027892088,0.008268392084353671,3.7789605002733553e-08,2,"[-1.0, 0, -3.041111111111111, 0, 1]",0.0
-3.0359999999999996,0,-0.10676275555555553,-0.007993279751111108,-0.0029420104910218778,1,"[-1.0, 0, -3.0359999999999996, 0, 1]",0.0
-3.0359999999999996,1,0.12238237037037034,0.008239360969481479,2.4301475490566202e-08,2,"[-1.0, 0, -3.0359999999999996, 0, 1]",0.0
-3.0308888888888887,0,-0.10659048587105624,-0.007962418708772035,-0.002922834197554381,1,"[-1.0, 0, -3.0308888888888887, 0, 1]",0.0
-3.0308888888888887,1,0.12209525422953817,0.008210406227986519,1.381200327764745e-08,2,"[-1.0, 0, -3.0308888888888887, 0, 1]",0.0
-3.025777777777778,0,-0.10641850644718794,-0.0079316456412051,-0.0029037758551702583,1,"[-1.0, 0, -3.025777777777778, 0, 1]",0.0
-3.025777777777778,1,0.12180862185642433,0.008181527731294078,6.288606847065781e-09,2,"[-1.0, 0, -3.025777777777778, 0, 1]",0.0
-3.020666666666666,0,-0.1062468172839506,-0.007900960400054868,-0.0028848348357799498,1,"[-1.0, 0, -3.020666666666666, 0, 1]",0.0
-3.020666666666666,1,0.12152247325102877,0.008152725350829443,1.6989074435452833e-09,2,"[-1.0, 0, -3.020666666666666, 0, 1]",0.0
-3.0155555555555553,0,-0.1060754183813443,-0.007870362836965907,-0.0028660105139981205,1,"[-1.0, 0, -3.0155555555555553, 0, 1]",0.0
-3.0155555555555553,1,0.1212368084133516,0.008123998958017915,1.0728323611430834e-11,2,"[-1.0, 0, -3.0155555555555553, 0, 1]",0.0
-3.0151134457776,0,-0.10606060606060486,-0.007867720270968362,-0.0028643876784371324,1,"[-1.0, 0, -3.0151134457776, 0, 1]",0.0
-3.0151134457776,1,0.12121212121211919,0.008121517699064138,-6.505213034913027e-19,2,"[-1.0, 0, -3.0151134457776, 0, 1]",0.0
-3.0104444444444445,0,-0.105904309739369,-0.007839852803582787,-0.0028473022671353233,1,"[-1.0, 0, -3.0104444444444445, 0, 1]",0.0
-3.0104444444444445,1,0.12095162734339278,0.008095348424284781,1.1920940090094645e-09,2,"[-1.0, 0, -3.0104444444444445, 0, 1]",0.0
-3.005333333333333,0,-0.10573349135802469,-0.007809430151550067,-0.0028287094751896728,1,"[-1.0, 0, -3.005333333333333, 0, 1]",0.0
-3.005333333333333,1,0.12066693004115225,0.008066773621055326,5.2112295435922246e-09,2,"[-1.0, 0, -3.005333333333333, 0, 1]",0.0
-3.000222222222222,0,-0.10556296323731137,-0.0077790947325123184,-0.002810231520838557,1,"[-1.0, 0, -3.000222222222222, 0, 1]",0.0
-3.000222222222222,1,0.12038271650663007,0.008038274419754845,1.2036559745871173e-08,2,"[-1.0, 0, -3.000222222222222, 0, 1]",0.0
-2.995111111111111,0,-0.10539272537722907,-0.007748846398114108,-0.002791867789430338,1,"[-1.0, 0, -2.995111111111111, 0, 1]",0.0
-2.995111111111111,1,0.12009898673982625,0.008009850691808634,2.163670846547054e-08,2,"[-1.0, 0, -2.995111111111111, 0, 1]",0.0
-2.9899999999999998,0,-0.10522277777777778,-0.0077186849999999994,-0.0027736176689760776,1,"[-1.0, 0, -2.9899999999999998, 0, 1]",0.0
-2.9899999999999998,1,0.11981574074074072,0.007981502308641975,3.398049784630354e-08,2,"[-1.0, 0, -2.9899999999999998, 0, 1]",0.0
-2.9848888888888885,0,-0.10505312043895745,-0.007688610389814559,-0.0027554805501412765,1,"[-1.0, 0, -2.9848888888888885, 0, 1]",0.0
-2.9848888888888885,1,0.11953297850937354,0.007953229141680162,4.903694758237598e-08,2,"[-1.0, 0, -2.9848888888888885, 0, 1]",0.0
-2.9797777777777776,0,-0.10488375336076816,-0.0076586224192023555,-0.0027374558262376314,1,"[-1.0, 0, -2.9797777777777776, 0, 1]",0.0
-2.9797777777777776,1,0.11925070004572472,0.00792503106234849,6.677527417640883e-08,2,"[-1.0, 0, -2.9797777777777776, 0, 1]",0.0
-2.974666666666667,0,-0.10471467654320987,-0.0076287209398079574,-0.002719542893214796,1,"[-1.0, 0, -2.974666666666667, 0, 1]",0.0
-2.974666666666667,1,0.11896890534979424,0.007896907942072245,8.716489020995331e-08,2,"[-1.0, 0, -2.974666666666667, 0, 1]",0.0
-2.969555555555555,0,-0.10454588998628256,-0.007598905803275921,-0.0027017411496521567,1,"[-1.0, 0, -2.969555555555555, 0, 1]",0.0
-2.969555555555555,1,0.11868759442158204,0.007868859652276716,1.1017540359550826e-07,2,"[-1.0, 0, -2.969555555555555, 0, 1]",0.0
-2.964444444444444,0,-0.10437739368998628,-0.007569176861250824,-0.002684049996750648,1,"[-1.0, 0, -2.964444444444444, 0, 1]",0.0
-2.964444444444444,1,0.11840676726108823,0.007840886064387202,1.3577661685032147e-07,2,"[-1.0, 0, -2.964444444444444, 0, 1]",0.0
-2.9593333333333334,0,-0.104209187654321,-0.007539533965377229,-0.0026664688383245382,1,"[-1.0, 0, -2.9593333333333334, 0, 1]",0.0
-2.9593333333333334,1,0.11812642386831275,0.007812987049828989,1.6393852635978277e-07,2,"[-1.0, 0, -2.9593333333333334, 0, 1]",0.0
-2.954222222222222,0,-0.10404127187928669,-0.0075099769672997,-0.002648997080793262,1,"[-1.0, 0, -2.954222222222222, 0, 1]",0.0
-2.954222222222222,1,0.11784656424325558,0.007785162480027365,1.9463132164103392e-07,2,"[-1.0, 0, -2.954222222222222, 0, 1]",0.0
-2.949111111111111,0,-0.10387364636488339,-0.007480505718662803,-0.002631634133173262,1,"[-1.0, 0, -2.949111111111111, 0, 1]",0.0
-2.949111111111111,1,0.11756718838591676,0.007757412226407625,2.2782538461590257e-07,2,"[-1.0, 0, -2.949111111111111, 0, 1]",0.0
-2.944,0,-0.10370631111111112,-0.00745112007111111,-0.002614379407069837,1,"[-1.0, 0, -2.944, 0, 1]",0.0
-2.944,1,0.11728829629629628,0.007729736160395061,2.6349128887776484e-07,2,"[-1.0, 0, -2.944, 0, 1]",0.0
-2.9388888888888887,0,-0.10353926611796982,-0.007421819876289182,-0.0025972323166690006,1,"[-1.0, 0, -2.9388888888888887, 0, 1]",0.0
-2.9388888888888887,1,0.11700988797439413,0.007702134153414958,3.015997989642624e-07,2,"[-1.0, 0, -2.9388888888888887, 0, 1]",0.0
-2.9337777777777774,0,-0.10337251138545953,-0.007392604985841587,-0.0025801922787293697,1,"[-1.0, 0, -2.9337777777777774, 0, 1]",0.0
-2.9337777777777774,1,0.1167319634202103,0.007674606076892613,3.421218696267672e-07,2,"[-1.0, 0, -2.9337777777777774, 0, 1]",0.0
-2.9286666666666665,0,-0.10320604691358023,-0.0073634752514128935,-0.0025632587125740567,1,"[-1.0, 0, -2.9286666666666665, 0, 1]",0.0
-2.9286666666666665,1,0.11645452263374484,0.007647151802253313,3.8502864510895317e-07,2,"[-1.0, 0, -2.9286666666666665, 0, 1]",0.0
-2.9235555555555557,0,-0.10303987270233197,-0.007334430524647667,-0.0025464310400825727,1,"[-1.0, 0, -2.9235555555555557, 0, 1]",0.0
-2.9235555555555557,1,0.11617756561499772,0.007619771200922354,4.3029145841257457e-07,2,"[-1.0, 0, -2.9235555555555557, 0, 1]",0.0
-2.918444444444444,0,-0.10287398875171466,-0.007305470657190465,-0.0025297086856827453,1,"[-1.0, 0, -2.918444444444444, 0, 1]",0.0
-2.918444444444444,1,0.11590109236396888,0.007592464144325015,4.778818305855789e-07,2,"[-1.0, 0, -2.918444444444444, 0, 1]",0.0
-2.913333333333333,0,-0.10270839506172838,-0.007276595500685869,-0.002513091076342675,1,"[-1.0, 0, -2.913333333333333, 0, 1]",0.0
-2.913333333333333,1,0.11562510288065841,0.007565230503886601,5.277714699857168e-07,2,"[-1.0, 0, -2.913333333333333, 0, 1]",0.0
-2.9082222222222223,0,-0.10254309163237312,-0.007247804906778438,-0.0024965776415626596,1,"[-1.0, 0, -2.9082222222222223, 0, 1]",0.0
-2.9082222222222223,1,0.11534959716506629,0.0075380701510323975,5.799322715714737e-07,2,"[-1.0, 0, -2.9082222222222223, 0, 1]",0.0
-2.903111111111111,0,-0.10237807846364883,-0.0072190987271127365,-0.00248016781336717,1,"[-1.0, 0, -2.903111111111111, 0, 1]",0.0
-2.903111111111111,1,0.11507457521719248,0.00751098295718769,6.34336316174787e-07,2,"[-1.0, 0, -2.903111111111111, 0, 1]",0.0
-2.8979999999999997,0,-0.10221335555555554,-0.007190476813333331,-0.00246386102629683,1,"[-1.0, 0, -2.8979999999999997, 0, 1]",0.0
-2.8979999999999997,1,0.114800037037037,0.007483968793777776,6.909558697802687e-07,2,"[-1.0, 0, -2.8979999999999997, 0, 1]",0.0
-2.892888888888889,0,-0.10204892290809327,-0.007161939017084793,-0.0024476567174004085,1,"[-1.0, 0, -2.892888888888889, 0, 1]",0.0
-2.892888888888889,1,0.1145259826245999,0.0074570275322279455,7.497633828163538e-07,2,"[-1.0, 0, -2.892888888888889, 0, 1]",0.0
-2.8877777777777776,0,-0.101884780521262,-0.007133485190011684,-0.0024315543262268167,1,"[-1.0, 0, -2.8877777777777776, 0, 1]",0.0
-2.8877777777777776,1,0.1142524119798811,0.007430159043963486,8.10731489428668e-07,2,"[-1.0, 0, -2.8877777777777776, 0, 1]",0.0
-2.8826666666666663,0,-0.10172092839506172,-0.00710511518375857,-0.0024155532948171386,1,"[-1.0, 0, -2.8826666666666663, 0, 1]",0.0
-2.8826666666666663,1,0.11397932510288063,0.007403363200409691,8.738330067696587e-07,2,"[-1.0, 0, -2.8826666666666663, 0, 1]",0.0
-2.8775555555555554,0,-0.10155736652949245,-0.0070768288499700235,-0.0023996530676966624,1,"[-1.0, 0, -2.8775555555555554, 0, 1]",0.0
-2.8775555555555554,1,0.11370672199359852,0.007376639872991852,9.390409342877916e-07,2,"[-1.0, 0, -2.8775555555555554, 0, 1]",0.0
-2.8724444444444446,0,-0.10139409492455419,-0.007048626040290606,-0.0023838530918669264,1,"[-1.0, 0, -2.8724444444444446, 0, 1]",0.0
-2.8724444444444446,1,0.11343460265203476,0.007349988933135261,1.0063284530076409e-06,2,"[-1.0, 0, -2.8724444444444446, 0, 1]",0.0
-2.867333333333333,0,-0.10123111358024689,-0.00702050660636488,-0.00236815281679778,1,"[-1.0, 0, -2.867333333333333, 0, 1]",0.0
-2.867333333333333,1,0.11316296707818926,0.007323410252265201,1.0756689248236397e-06,2,"[-1.0, 0, -2.867333333333333, 0, 1]",0.0
-2.862222222222222,0,-0.10106842249657064,-0.006992470399837421,-0.002352551694419473,1,"[-1.0, 0, -2.862222222222222, 0, 1]",0.0
-2.862222222222222,1,0.11289181527206217,0.007296903701806972,1.1470358917890604e-06,2,"[-1.0, 0, -2.862222222222222, 0, 1]",0.0
-2.857111111111111,0,-0.10090602167352539,-0.006964517272352791,-0.002337049179114729,1,"[-1.0, 0, -2.857111111111111, 0, 1]",0.0
-2.857111111111111,1,0.11262114723365341,0.007270469153185863,1.2204030754052117e-06,2,"[-1.0, 0, -2.857111111111111, 0, 1]",0.0
-2.852,0,-0.10074391111111111,-0.006936647075555555,-0.002321644727710858,1,"[-1.0, 0, -2.852, 0, 1]",0.0
-2.852,1,0.11235096296296294,0.00724410647782716,1.2957443759154062e-06,2,"[-1.0, 0, -2.852, 0, 1]",0.0
-2.8468888888888886,0,-0.10058209080932784,-0.006908859661090278,-0.002306337799471879,1,"[-1.0, 0, -2.8468888888888886, 0, 1]",0.0
-2.8468888888888886,1,0.11208126245999082,0.007217815547156156,1.373033871599795e-06,2,"[-1.0, 0, -2.8468888888888886, 0, 1]",0.0
-2.8417777777777777,0,-0.10042056076817557,-0.006881154880601533,-0.0022911278560906506,1,"[-1.0, 0, -2.8417777777777777, 0, 1]",0.0
-2.8417777777777777,1,0.11181204572473706,0.007191596232598147,1.4522458180658664e-06,2,"[-1.0, 0, -2.8417777777777777, 0, 1]",0.0
-2.8366666666666664,0,-0.10025932098765432,-0.006853532585733881,-0.002276014361681012,1,"[-1.0, 0, -2.8366666666666664, 0, 1]",0.0
-2.8366666666666664,1,0.11154331275720164,0.007165448405578416,1.5333546475519537e-06,2,"[-1.0, 0, -2.8366666666666664, 0, 1]",0.0
-2.831555555555555,0,-0.10009837146776404,-0.006825992628131889,-0.0022609967827699516,1,"[-1.0, 0, -2.831555555555555, 0, 1]",0.0
-2.831555555555555,1,0.11127506355738452,0.007139371937522258,1.6163349682133971e-06,2,"[-1.0, 0, -2.831555555555555, 0, 1]",0.0
-2.8264444444444443,0,-0.0999377122085048,-0.006798534859440125,-0.0022460745882897813,1,"[-1.0, 0, -2.8264444444444443, 0, 1]",0.0
-2.8264444444444443,1,0.11100729812528576,0.007113366699854967,1.7011615634332077e-06,2,"[-1.0, 0, -2.8264444444444443, 0, 1]",0.0
-2.8213333333333335,0,-0.09977734320987655,-0.006771159131303155,-0.0022312472495703223,1,"[-1.0, 0, -2.8213333333333335, 0, 1]",0.0
-2.8213333333333335,1,0.11074001646090535,0.007087432564001829,1.7878093911169023e-06,2,"[-1.0, 0, -2.8213333333333335, 0, 1]",0.0
-2.8162222222222217,0,-0.09961726447187927,-0.006743865295365541,-0.002216514240331107,1,"[-1.0, 0, -2.8162222222222217, 0, 1]",0.0
-2.8162222222222217,1,0.11047321856424323,0.007061569401388133,1.8762535829901575e-06,2,"[-1.0, 0, -2.8162222222222217, 0, 1]",0.0
-2.811111111111111,0,-0.09945747599451302,-0.006716653203271856,-0.0022018750366736093,1,"[-1.0, 0, -2.811111111111111, 0, 1]",0.0
-2.811111111111111,1,0.11020690443529949,0.007035777083439176,1.9664694439070884e-06,2,"[-1.0, 0, -2.811111111111111, 0, 1]",0.0
-2.806,0,-0.09929797777777777,-0.006689522706666667,-0.0021873291170734594,1,"[-1.0, 0, -2.806, 0, 1]",0.0
-2.806,1,0.10994107407407407,0.007010055481580247,2.058432451150071e-06,2,"[-1.0, 0, -2.806, 0, 1]",0.0
-2.8008888888888888,0,-0.09913876982167352,-0.006662473657194533,-0.0021728759623726975,1,"[-1.0, 0, -2.8008888888888888, 0, 1]",0.0
-2.8008888888888888,1,0.10967572748056698,0.0069844044672366335,2.1521182537384553e-06,2,"[-1.0, 0, -2.8008888888888888, 0, 1]",0.0
-2.7957777777777775,0,-0.09897985212620027,-0.006635505906500024,-0.002158515055772034,1,"[-1.0, 0, -2.7957777777777775, 0, 1]",0.0
-2.7957777777777775,1,0.10941086465477821,0.006958823911833628,2.247502671730338e-06,2,"[-1.0, 0, -2.7957777777777775, 0, 1]",0.0
-2.7906666666666666,0,-0.09882122469135801,-0.0066086193062277095,-0.002144245882823124,1,"[-1.0, 0, -2.7906666666666666, 0, 1]",0.0
-2.7906666666666666,1,0.10914648559670781,0.006933313686796525,2.3445616955321442e-06,2,"[-1.0, 0, -2.7906666666666666, 0, 1]",0.0
-2.7855555555555553,0,-0.09866288751714677,-0.006581813708022149,-0.002130067931420851,1,"[-1.0, 0, -2.7855555555555553, 0, 1]",0.0
-2.7855555555555553,1,0.10888259030635572,0.00690787366355061,2.4432714852092897e-06,2,"[-1.0, 0, -2.7855555555555553, 0, 1]",0.0
-2.780444444444444,0,-0.09850484060356651,-0.006555088963527914,-0.002115980691795632,1,"[-1.0, 0, -2.780444444444444, 0, 1]",0.0
-2.780444444444444,1,0.10861917878372196,0.006882503713521174,2.543608369794245e-06,2,"[-1.0, 0, -2.780444444444444, 0, 1]",0.0
-2.775333333333333,0,-0.09834708395061728,-0.006528444924389574,-0.0021019836565057365,1,"[-1.0, 0, -2.775333333333333, 0, 1]",0.0
-2.775333333333333,1,0.10835625102880657,0.006857203708133515,2.645548846595463e-06,2,"[-1.0, 0, -2.775333333333333, 0, 1]",0.0
-2.7702222222222224,0,-0.09818961755829905,-0.00650188144225169,-0.002088076320429608,1,"[-1.0, 0, -2.7702222222222224, 0, 1]",0.0
-2.7702222222222224,1,0.10809380704160951,0.006831973518812919,2.7490695805152017e-06,2,"[-1.0, 0, -2.7702222222222224, 0, 1]",0.0
-2.7651111111111106,0,-0.09803244142661177,-0.006475398368758825,-0.0020742581807582125,1,"[-1.0, 0, -2.7651111111111106, 0, 1]",0.0
-2.7651111111111106,1,0.10783184682213075,0.006806813016984672,2.854147403360185e-06,2,"[-1.0, 0, -2.7651111111111106, 0, 1]",0.0
-2.76,0,-0.09787555555555555,-0.006448995555555554,-0.0020605287369874076,1,"[-1.0, 0, -2.76, 0, 1]",0.0
-2.76,1,0.10757037037037036,0.006781722074074073,2.9607593131559563e-06,2,"[-1.0, 0, -2.76, 0, 1]",0.0
-2.754888888888889,0,-0.09771895994513032,-0.00642267285428644,-0.0020468874909102958,1,"[-1.0, 0, -2.754888888888889, 0, 1]",0.0
-2.754888888888889,1,0.1073093776863283,0.006756700561506409,3.068882473465347e-06,2,"[-1.0, 0, -2.754888888888889, 0, 1]",0.0
-2.7497777777777777,0,-0.09756265459533607,-0.006396430116596046,-0.0020333339466096214,1,"[-1.0, 0, -2.7497777777777777, 0, 1]",0.0
-2.7497777777777777,1,0.10704886877000457,0.006731748350706971,3.1784942127049964e-06,2,"[-1.0, 0, -2.7497777777777777, 0, 1]",0.0
-2.7446666666666664,0,-0.09740663950617283,-0.006370267194128943,-0.0020198676104501746,1,"[-1.0, 0, -2.7446666666666664, 0, 1]",0.0
-2.7446666666666664,1,0.10678884362139916,0.00670686531310105,3.2895720234649064e-06,2,"[-1.0, 0, -2.7446666666666664, 0, 1]",0.0
-2.7395555555555555,0,-0.0972509146776406,-0.006344183938529695,-0.0020064879910711994,1,"[-1.0, 0, -2.7395555555555555, 0, 1]",0.0
-2.7395555555555555,1,0.1065293022405121,0.0066820513201139384,3.402093561826261e-06,2,"[-1.0, 0, -2.7395555555555555, 0, 1]",0.0
-2.7344444444444442,0,-0.09709548010973937,-0.006318180201442868,-0.001993194599378823,1,"[-1.0, 0, -2.7344444444444442, 0, 1]",0.0
-2.7344444444444442,1,0.10627024462734337,0.006657306243170924,3.516036646686836e-06,2,"[-1.0, 0, -2.7344444444444442, 0, 1]",0.0
-2.729333333333333,0,-0.09694033580246912,-0.006292255834513029,-0.0019799869485385025,1,"[-1.0, 0, -2.729333333333333, 0, 1]",0.0
-2.729333333333333,1,0.10601167078189297,0.006632629953697299,3.6313792590801208e-06,2,"[-1.0, 0, -2.729333333333333, 0, 1]",0.0
-2.724222222222222,0,-0.0967854817558299,-0.006266410689384748,-0.001966864553967481,1,"[-1.0, 0, -2.724222222222222, 0, 1]",0.0
-2.724222222222222,1,0.10575358070416094,0.006608022323118359,3.7480995415007257e-06,2,"[-1.0, 0, -2.724222222222222, 0, 1]",0.0
-2.7191111111111113,0,-0.09663091796982168,-0.006240644617702586,-0.0019538269333272545,1,"[-1.0, 0, -2.7191111111111113, 0, 1]",0.0
-2.7191111111111113,1,0.10549597439414723,0.006583483222859389,3.866175797229794e-06,2,"[-1.0, 0, -2.7191111111111113, 0, 1]",0.0
-2.7139999999999995,0,-0.09647664444444443,-0.006214957471111109,-0.0019408736065160588,1,"[-1.0, 0, -2.7139999999999995, 0, 1]",0.0
-2.7139999999999995,1,0.10523885185185182,0.006559012524345677,3.985586489660409e-06,2,"[-1.0, 0, -2.7139999999999995, 0, 1]",0.0
-2.7088888888888887,0,-0.0963226611796982,-0.006189349101254889,-0.0019280040956613773,1,"[-1.0, 0, -2.7088888888888887, 0, 1]",0.0
-2.7088888888888887,1,0.10498221307727479,0.006534610099002523,4.1063102416260405e-06,2,"[-1.0, 0, -2.7088888888888887, 0, 1]",0.0
-2.703777777777778,0,-0.09616896817558299,-0.006163819359778489,-0.0019152179251124397,1,"[-1.0, 0, -2.703777777777778, 0, 1]",0.0
-2.703777777777778,1,0.10472605807041609,0.00651027581825521,4.2283258347305085e-06,2,"[-1.0, 0, -2.703777777777778, 0, 1]",0.0
-2.6986666666666665,0,-0.09601556543209877,-0.006138368098326474,-0.0019025146214327574,1,"[-1.0, 0, -2.6986666666666665, 0, 1]",0.0
-2.6986666666666665,1,0.10447038683127571,0.006486009553529034,4.3516122086749084e-06,2,"[-1.0, 0, -2.6986666666666665, 0, 1]",0.0
-2.6935555555555553,0,-0.09586245294924553,-0.006112995168543411,-0.0018898937133926662,1,"[-1.0, 0, -2.6935555555555553, 0, 1]",0.0
-2.6935555555555553,1,0.10421519935985366,0.006461811176249283,4.47614846059278e-06,2,"[-1.0, 0, -2.6935555555555553, 0, 1]",0.0
-2.6884444444444444,0,-0.09570963072702332,-0.00608770042207387,-0.0018773547319618812,1,"[-1.0, 0, -2.6884444444444444, 0, 1]",0.0
-2.6884444444444444,1,0.10396049565614997,0.006437680557841249,4.601913844382022e-06,2,"[-1.0, 0, -2.6884444444444444, 0, 1]",0.0
-2.683333333333333,0,-0.09555709876543209,-0.006062483710562414,-0.0018648972103020604,1,"[-1.0, 0, -2.683333333333333, 0, 1]",0.0
-2.683333333333333,1,0.1037062757201646,0.006413617569730222,4.728887770037021e-06,2,"[-1.0, 0, -2.683333333333333, 0, 1]",0.0
-2.678222222222222,0,-0.09540485706447187,-0.006037344885653608,-0.0018525206837593966,1,"[-1.0, 0, -2.678222222222222, 0, 1]",0.0
-2.678222222222222,1,0.10345253955189755,0.0063896220833414945,4.857049802984908e-06,2,"[-1.0, 0, -2.678222222222222, 0, 1]",0.0
-2.673111111111111,0,-0.09525290562414265,-0.006012283798992023,-0.001840224689857212,1,"[-1.0, 0, -2.673111111111111, 0, 1]",0.0
-2.673111111111111,1,0.10319928715134886,0.006365693970100356,4.986379663423973e-06,2,"[-1.0, 0, -2.673111111111111, 0, 1]",0.0
-2.668,0,-0.09510124444444445,-0.005987300302222222,-0.001828008768288568,1,"[-1.0, 0, -2.668, 0, 1]",0.0
-2.668,1,0.10294651851851852,0.0063418331014320995,5.116857225658834e-06,2,"[-1.0, 0, -2.668, 0, 1]",0.0
-2.6628888888888884,0,-0.09494987352537722,-0.00596239424698877,-0.0018158724609088918,1,"[-1.0, 0, -2.6628888888888884, 0, 1]",0.0
-2.6628888888888884,1,0.10269423365340646,0.006318039348762009,5.248462517440811e-06,2,"[-1.0, 0, -2.6628888888888884, 0, 1]",0.0
-2.6577777777777776,0,-0.09479879286694101,-0.0059375654849362376,-0.0018038153117286228,1,"[-1.0, 0, -2.6577777777777776, 0, 1]",0.0
-2.6577777777777776,1,0.10244243255601279,0.006294312583515384,5.38117571930786e-06,2,"[-1.0, 0, -2.6577777777777776, 0, 1]",0.0
-2.6526666666666667,0,-0.0946480024691358,-0.00591281386770919,-0.0017918368669058568,1,"[-1.0, 0, -2.6526666666666667, 0, 1]",0.0
-2.6526666666666667,1,0.10219111522633745,0.006270652677117513,5.514977163925596e-06,2,"[-1.0, 0, -2.6526666666666667, 0, 1]",0.0
-2.6475555555555554,0,-0.09449750233196158,-0.005888139246952192,-0.001779936674739021,1,"[-1.0, 0, -2.6475555555555554, 0, 1]",0.0
-2.6475555555555554,1,0.10194028166438042,0.0062470595009936816,5.649847335433087e-06,2,"[-1.0, 0, -2.6475555555555554, 0, 1]",0.0
-2.642444444444444,0,-0.09434729245541837,-0.005863541474309809,-0.0017681142856595532,1,"[-1.0, 0, -2.642444444444444, 0, 1]",0.0
-2.642444444444444,1,0.10168993187014173,0.006223532926569187,5.7857668687821395e-06,2,"[-1.0, 0, -2.642444444444444, 0, 1]",0.0
-2.6373333333333333,0,-0.09419737283950616,-0.005839020401426611,-0.0017563692522246026,1,"[-1.0, 0, -2.6373333333333333, 0, 1]",0.0
-2.6373333333333333,1,0.10144006584362139,0.006200072825269319,5.922716549086994e-06,2,"[-1.0, 0, -2.6373333333333333, 0, 1]",0.0
-2.632222222222222,0,-0.09404774348422495,-0.005814575879947162,-0.0017447011291097335,1,"[-1.0, 0, -2.632222222222222, 0, 1]",0.0
-2.632222222222222,1,0.10119068358481936,0.006176679068519364,6.060677310968819e-06,2,"[-1.0, 0, -2.632222222222222, 0, 1]",0.0
-2.6271111111111107,0,-0.09389840438957475,-0.005790207761516027,-0.0017331094731016555,1,"[-1.0, 0, -2.6271111111111107, 0, 1]",0.0
-2.6271111111111107,1,0.10094178509373568,0.006153351527744617,6.1996302379041e-06,2,"[-1.0, 0, -2.6271111111111107, 0, 1]",0.0
-2.622,0,-0.09374935555555555,-0.0057659158977777765,-0.0017215938430909608,1,"[-1.0, 0, -2.622, 0, 1]",0.0
-2.622,1,0.10069337037037036,0.006130090074370369,6.339556561574342e-06,2,"[-1.0, 0, -2.622, 0, 1]",0.0
-2.616888888888889,0,-0.09360059698216736,-0.005741700140376976,-0.0017101538000648753,1,"[-1.0, 0, -2.616888888888889, 0, 1]",0.0
-2.616888888888889,1,0.10044543941472336,0.006106894579821912,6.480437661213374e-06,2,"[-1.0, 0, -2.616888888888889, 0, 1]",0.0
-2.6117777777777778,0,-0.09345212866941015,-0.005717560340958187,-0.001698788907100025,1,"[-1.0, 0, -2.6117777777777778, 0, 1]",0.0
-2.6117777777777778,1,0.1001979922267947,0.0060837649155245305,6.622255062965722e-06,2,"[-1.0, 0, -2.6117777777777778, 0, 1]",0.0
-2.6066666666666665,0,-0.09330395061728394,-0.00569349635116598,-0.0016874987293552218,1,"[-1.0, 0, -2.6066666666666665, 0, 1]",0.0
-2.6066666666666665,1,0.09995102880658435,0.00606070095290352,6.76499043923218e-06,2,"[-1.0, 0, -2.6066666666666665, 0, 1]",0.0
-2.6015555555555556,0,-0.09315606282578875,-0.005669508022644922,-0.0016762828340642546,1,"[-1.0, 0, -2.6015555555555556, 0, 1]",0.0
-2.6015555555555556,1,0.09970454915409237,0.006037702563384173,6.90862560802862e-06,2,"[-1.0, 0, -2.6015555555555556, 0, 1]",0.0
-2.5964444444444443,0,-0.09300846529492454,-0.005645595207039576,-0.0016651407905286962,1,"[-1.0, 0, -2.5964444444444443, 0, 1]",0.0
-2.5964444444444443,1,0.09945855326931868,0.006014769618391776,7.0531425323402345e-06,2,"[-1.0, 0, -2.5964444444444443, 0, 1]",0.0
-2.591333333333333,0,-0.09286115802469136,-0.005621757755994512,-0.001654072170110733,1,"[-1.0, 0, -2.591333333333333, 0, 1]",0.0
-2.591333333333333,1,0.09921304115226336,0.0059919019893516215,7.198523319478498e-06,2,"[-1.0, 0, -2.591333333333333, 0, 1]",0.0
-2.586222222222222,0,-0.09271414101508915,-0.005597995521154296,-0.0016430765462259966,1,"[-1.0, 0, -2.586222222222222, 0, 1]",0.0
-2.586222222222222,1,0.09896801280292639,0.005969099547689004,7.344750220437588e-06,2,"[-1.0, 0, -2.586222222222222, 0, 1]",0.0
-2.581111111111111,0,-0.09256741426611796,-0.00557430835416349,-0.0016321534943364168,1,"[-1.0, 0, -2.581111111111111, 0, 1]",0.0
-2.581111111111111,1,0.0987234682213077,0.005946362164829209,7.491805629255568e-06,2,"[-1.0, 0, -2.581111111111111, 0, 1]",0.0
-2.576,0,-0.09242097777777777,-0.005550696106666668,-0.0016213025919430898,1,"[-1.0, 0, -2.576, 0, 1]",0.0
-2.576,1,0.0984794074074074,0.00592368971219753,7.639672082375795e-06,2,"[-1.0, 0, -2.576, 0, 1]",0.0
-2.570888888888889,0,-0.09227483155006858,-0.005527158630308387,-0.0016105234185791516,1,"[-1.0, 0, -2.570888888888889, 0, 1]",0.0
-2.570888888888889,1,0.0982358303612254,0.005901082061219258,7.788332258004639e-06,2,"[-1.0, 0, -2.570888888888889, 0, 1]",0.0
-2.5657777777777775,0,-0.09212897558299038,-0.0055036957767332206,-0.0015998155558026794,1,"[-1.0, 0, -2.5657777777777775, 0, 1]",0.0
-2.5657777777777775,1,0.09799273708276175,0.005878539083319683,7.937768975479283e-06,2,"[-1.0, 0, -2.5657777777777775, 0, 1]",0.0
-2.5606666666666666,0,-0.09198340987654322,-0.0054803073975857345,-0.0015891785871895944,1,"[-1.0, 0, -2.5606666666666666, 0, 1]",0.0
-2.5606666666666666,1,0.09775012757201645,0.005856060649924097,8.087965194629129e-06,2,"[-1.0, 0, -2.5606666666666666, 0, 1]",0.0
-2.5555555555555554,0,-0.09183813443072703,-0.005456993344510491,-0.0015786120983265805,1,"[-1.0, 0, -2.5555555555555554, 0, 1]",0.0
-2.5555555555555554,1,0.09750800182898947,0.005833646632457789,8.238904015141755e-06,2,"[-1.0, 0, -2.5555555555555554, 0, 1]",0.0
-2.5504444444444445,0,-0.09169314924554184,-0.00543375346915206,-0.00156811567680403,1,"[-1.0, 0, -2.5504444444444445, 0, 1]",0.0
-2.5504444444444445,1,0.09726635985368084,0.005811296902346052,8.390568675930936e-06,2,"[-1.0, 0, -2.5504444444444445, 0, 1]",0.0
-2.5453333333333332,0,-0.09154845432098765,-0.0054105876231550065,-0.0015576889122089841,1,"[-1.0, 0, -2.5453333333333332, 0, 1]",0.0
-2.5453333333333332,1,0.09702520164609052,0.005789011331014174,8.542942554502818e-06,2,"[-1.0, 0, -2.5453333333333332, 0, 1]",0.0
-2.540222222222222,0,-0.09140404965706446,-0.005387495658163896,-0.0015473313961181013,1,"[-1.0, 0, -2.540222222222222, 0, 1]",0.0
-2.540222222222222,1,0.09678452720621855,0.005766789789887448,8.696009166328273e-06,2,"[-1.0, 0, -2.540222222222222, 0, 1]",0.0
-2.535111111111111,0,-0.0912599352537723,-0.0053644774258233,-0.001537042722090638,1,"[-1.0, 0, -2.535111111111111, 0, 1]",0.0
-2.535111111111111,1,0.09654433653406493,0.005744632150391167,8.849752164209398e-06,2,"[-1.0, 0, -2.535111111111111, 0, 1]",0.0
-2.53,0,-0.0911161111111111,-0.005341532777777777,-0.0015268224856614305,1,"[-1.0, 0, -2.53, 0, 1]",0.0
-2.53,1,0.09630462962962962,0.005722538283950617,9.004155337655672e-06,2,"[-1.0, 0, -2.53, 0, 1]",0.0
-2.524888888888889,0,-0.09097257722908093,-0.0053186615656719,-0.0015166702843339166,1,"[-1.0, 0, -2.524888888888889, 0, 1]",0.0
-2.524888888888889,1,0.09606540649291267,0.005700508061991092,9.159202612255219e-06,2,"[-1.0, 0, -2.524888888888889, 0, 1]",0.0
-2.5197777777777777,0,-0.09082933360768175,-0.005295863641150231,-0.0015065857175731415,1,"[-1.0, 0, -2.5197777777777777, 0, 1]",0.0
-2.5197777777777777,1,0.09582666712391402,0.005678541355937881,9.314878049046624e-06,2,"[-1.0, 0, -2.5197777777777777, 0, 1]",0.0
-2.5146666666666664,0,-0.09068638024691357,-0.005273138855857337,-0.0014965683867988024,1,"[-1.0, 0, -2.5146666666666664, 0, 1]",0.0
-2.5146666666666664,1,0.09558841152263373,0.005656638037216276,9.471165843900073e-06,2,"[-1.0, 0, -2.5146666666666664, 0, 1]",0.0
-2.5095555555555555,0,-0.09054371714677639,-0.005250487061437789,-0.0014866178953782919,1,"[-1.0, 0, -2.5095555555555555, 0, 1]",0.0
-2.5095555555555555,1,0.09535063968907179,0.00563479797725157,9.628050326890248e-06,2,"[-1.0, 0, -2.5095555555555555, 0, 1]",0.0
-2.5044444444444443,0,-0.09040134430727023,-0.0052279081095361465,-0.001476733848619762,1,"[-1.0, 0, -2.5044444444444443, 0, 1]",0.0
-2.5044444444444443,1,0.09511335162322815,0.0056130210474690505,9.785515961674971e-06,2,"[-1.0, 0, -2.5044444444444443, 0, 1]",0.0
-2.4993333333333334,0,-0.09025926172839507,-0.005205401851796982,-0.0014669158537652014,1,"[-1.0, 0, -2.4993333333333334, 0, 1]",0.0
-2.4993333333333334,1,0.09487654732510288,0.00559130711929401,9.943547344877209e-06,2,"[-1.0, 0, -2.4993333333333334, 0, 1]",0.0
-2.494222222222222,0,-0.09011746941015089,-0.005182968139864858,-0.0014571635199835242,1,"[-1.0, 0, -2.494222222222222, 0, 1]",0.0
-2.494222222222222,1,0.09464022679469591,0.005569656064151738,1.0102129205461657e-05,2,"[-1.0, 0, -2.494222222222222, 0, 1]",0.0
-2.489111111111111,0,-0.08997596735253771,-0.0051606068253843415,-0.0014474764583636778,1,"[-1.0, 0, -2.489111111111111, 0, 1]",0.0
-2.489111111111111,1,0.0944043900320073,0.005548067753467526,1.0261246404121515e-05,2,"[-1.0, 0, -2.489111111111111, 0, 1]",0.0
-2.484,0,-0.08983475555555556,-0.0051383177599999994,-0.001437854281907762,1,"[-1.0, 0, -2.484, 0, 1]",0.0
-2.484,1,0.09416903703703702,0.005526542058666666,1.0420883932656805e-05,2,"[-1.0, 0, -2.484, 0, 1]",0.0
-2.4788888888888887,0,-0.08969383401920439,-0.005116100795356398,-0.0014282966055241572,1,"[-1.0, 0, -2.4788888888888887, 0, 1]",0.0
-2.4788888888888887,1,0.09393416780978509,0.005505078851174447,1.058102691336364e-05,2,"[-1.0, 0, -2.4788888888888887, 0, 1]",0.0
-2.473777777777778,0,-0.08955320274348422,-0.005093955783098105,-0.0014188030460206775,1,"[-1.0, 0, -2.473777777777778, 0, 1]",0.0
-2.473777777777778,1,0.09369978235025148,0.005483678002416163,1.0741660598415363e-05,2,"[-1.0, 0, -2.473777777777778, 0, 1]",0.0
-2.4686666666666666,0,-0.08941286172839505,-0.005071882574869684,-0.001409373222097728,1,"[-1.0, 0, -2.4686666666666666, 0, 1]",0.0
-2.4686666666666666,1,0.0934658806584362,0.005462339383817101,1.090277036925485e-05,2,"[-1.0, 0, -2.4686666666666666, 0, 1]",0.0
-2.4635555555555553,0,-0.08927281097393688,-0.005049881022315702,-0.0014000067543414828,1,"[-1.0, 0, -2.4635555555555553, 0, 1]",0.0
-2.4635555555555553,1,0.09323246273433926,0.0054410628668025525,1.1064341735978031e-05,2,"[-1.0, 0, -2.4635555555555553, 0, 1]",0.0
-2.4584444444444444,0,-0.08913305048010974,-0.0050279509770807295,-0.0013907032652170739,1,"[-1.0, 0, -2.4584444444444444, 0, 1]",0.0
-2.4584444444444444,1,0.09299952857796068,0.005419848322797812,1.122636033672555e-05,2,"[-1.0, 0, -2.4584444444444444, 0, 1]",0.0
-2.453333333333333,0,-0.08899358024691358,-0.005006092290809327,-0.0013814623790617906,1,"[-1.0, 0, -2.453333333333333, 0, 1]",0.0
-2.453333333333333,1,0.0927670781893004,0.0053986956232281655,1.1388811937073002e-05,2,"[-1.0, 0, -2.453333333333333, 0, 1]",0.0
-2.4482222222222223,0,-0.08885440027434843,-0.004984304815146065,-0.0013722837220783045,1,"[-1.0, 0, -2.4482222222222223, 0, 1]",0.0
-2.4482222222222223,1,0.09253511156835847,0.0053776046395189086,1.1551682429424654e-05,2,"[-1.0, 0, -2.4482222222222223, 0, 1]",0.0
-2.443111111111111,0,-0.08871551056241425,-0.004962588401735507,-0.0013631669223278936,1,"[-1.0, 0, -2.443111111111111, 0, 1]",0.0
-2.443111111111111,1,0.09230362871513488,0.0053565752430953266,1.1714957832405855e-05,2,"[-1.0, 0, -2.443111111111111, 0, 1]",0.0
-2.4379999999999997,0,-0.0885769111111111,-0.004940942902222221,-0.001354111609723695,1,"[-1.0, 0, -2.4379999999999997, 0, 1]",0.0
-2.4379999999999997,1,0.09207262962962962,0.005335607305382715,1.1878624290255014e-05,2,"[-1.0, 0, -2.4379999999999997, 0, 1]",0.0
-2.432888888888889,0,-0.08843860192043895,-0.004919368168250775,-0.0013451174160239608,1,"[-1.0, 0, -2.432888888888889, 0, 1]",0.0
-2.432888888888889,1,0.09184211431184269,0.005314700697806364,1.2042668072224146e-05,2,"[-1.0, 0, -2.432888888888889, 0, 1]",0.0
-2.4277777777777776,0,-0.08830058299039781,-0.004897864051465731,-0.0013361839748253302,1,"[-1.0, 0, -2.4277777777777776, 0, 1]",0.0
-2.4277777777777776,1,0.0916120827617741,0.0052938552917915615,1.2207075571973674e-05,2,"[-1.0, 0, -2.4277777777777776, 0, 1]",0.0
-2.4226666666666667,0,-0.08816285432098765,-0.004876430403511661,-0.0013273109215561235,1,"[-1.0, 0, -2.4226666666666667, 0, 1]",0.0
-2.4226666666666667,1,0.09138253497942386,0.005273070958763604,1.2371833306969063e-05,2,"[-1.0, 0, -2.4226666666666667, 0, 1]",0.0
-2.4175555555555555,0,-0.0880254159122085,-0.0048550670760331245,-0.0013184978934696369,1,"[-1.0, 0, -2.4175555555555555, 0, 1]",0.0
-2.4175555555555555,1,0.09115347096479194,0.0052523475701477754,1.2536927917884298e-05,2,"[-1.0, 0, -2.4175555555555555, 0, 1]",0.0
-2.412444444444444,0,-0.08788826776406035,-0.004833773920674692,-0.0013097445296374665,1,"[-1.0, 0, -2.412444444444444, 0, 1]",0.0
-2.412444444444444,1,0.09092489071787835,0.00523168499736937,1.2702346168000258e-05,2,"[-1.0, 0, -2.412444444444444, 0, 1]",0.0
-2.4073333333333333,0,-0.0877514098765432,-0.004812550789080933,-0.0013010504709428331,1,"[-1.0, 0, -2.4073333333333333, 0, 1]",0.0
-2.4073333333333333,1,0.09069679423868313,0.005211083111853682,1.2868074942606563e-05,2,"[-1.0, 0, -2.4073333333333333, 0, 1]",0.0
-2.402222222222222,0,-0.08761484224965706,-0.004791397532896408,-0.001292415360073927,1,"[-1.0, 0, -2.402222222222222, 0, 1]",0.0
-2.402222222222222,1,0.0904691815272062,0.005190541785025994,1.3034101248407754e-05,2,"[-1.0, 0, -2.402222222222222, 0, 1]",0.0
-2.397111111111111,0,-0.08747856488340192,-0.004770314003765686,-0.0012838388415172689,1,"[-1.0, 0, -2.397111111111111, 0, 1]",0.0
-2.397111111111111,1,0.09024205258344764,0.005170060888311606,1.3200412212923947e-05,2,"[-1.0, 0, -2.397111111111111, 0, 1]",0.0
-2.392,0,-0.08734257777777778,-0.004749300053333333,-0.0012753205615510812,1,"[-1.0, 0, -2.392, 0, 1]",0.0
-2.392,1,0.0900154074074074,0.005149640293135803,1.336699508390157e-05,2,"[-1.0, 0, -2.392, 0, 1]",0.0
-2.3868888888888886,0,-0.08720688093278463,-0.004728355533243915,-0.0012668601682386733,1,"[-1.0, 0, -2.3868888888888886, 0, 1]",0.0
-2.3868888888888886,1,0.08978924599908548,0.005129279870923875,1.3533837228716945e-05,2,"[-1.0, 0, -2.3868888888888886, 0, 1]",0.0
-2.3817777777777778,0,-0.0870714743484225,-0.004707480295142001,-0.0012584573114218461,1,"[-1.0, 0, -2.3817777777777778, 0, 1]",0.0
-2.3817777777777778,1,0.08956356835848193,0.0051089794931011194,1.3700926133785284e-05,2,"[-1.0, 0, -2.3817777777777778, 0, 1]",0.0
-2.3766666666666665,0,-0.08693635802469135,-0.0046866741906721535,-0.001250111642714301,1,"[-1.0, 0, -2.3766666666666665, 0, 1]",0.0
-2.3766666666666665,1,0.0893383744855967,0.005088739031092819,1.3868249403972948e-05,2,"[-1.0, 0, -2.3766666666666665, 0, 1]",0.0
-2.3715555555555556,0,-0.08680153196159121,-0.004665937071478942,-0.001241822815495075,1,"[-1.0, 0, -2.3715555555555556, 0, 1]",0.0
-2.3715555555555556,1,0.08911366438042981,0.005068558356324273,1.4035794762004279e-05,2,"[-1.0, 0, -2.3715555555555556, 0, 1]",0.0
-2.3664444444444444,0,-0.08666699615912207,-0.004645268789206929,-0.0012335904849019787,1,"[-1.0, 0, -2.3664444444444444, 0, 1]",0.0
-2.3664444444444444,1,0.08888943804298124,0.005048437340220766,1.4203550047878948e-05,2,"[-1.0, 0, -2.3664444444444444, 0, 1]",0.0
-2.361333333333333,0,-0.08653275061728394,-0.004624669195500685,-0.0012254143078250573,1,"[-1.0, 0, -2.361333333333333, 0, 1]",0.0
-2.361333333333333,1,0.08866569547325101,0.005028375854207589,1.4371503218281608e-05,2,"[-1.0, 0, -2.361333333333333, 0, 1]",0.0
-2.356222222222222,0,-0.08639879533607682,-0.004604138142004775,-0.0012172939429000592,1,"[-1.0, 0, -2.356222222222222, 0, 1]",0.0
-2.356222222222222,1,0.08844243667123913,0.005008373769710037,1.4539642345997835e-05,2,"[-1.0, 0, -2.356222222222222, 0, 1]",0.0
-2.351111111111111,0,-0.08626513031550068,-0.004583675480363765,-0.0012092290505019204,1,"[-1.0, 0, -2.351111111111111, 0, 1]",0.0
-2.351111111111111,1,0.08821966163694558,0.004988430958153397,1.4707955619330825e-05,2,"[-1.0, 0, -2.351111111111111, 0, 1]",0.0
-2.346,0,-0.08613175555555555,-0.004563281062222223,-0.0012012192927382684,1,"[-1.0, 0, -2.346, 0, 1]",0.0
-2.346,1,0.08799737037037036,0.004968547290962964,1.4876431341517447e-05,2,"[-1.0, 0, -2.346, 0, 1]",0.0
-2.340888888888889,0,-0.08599867105624143,-0.004542954739224711,-0.001193264333442929,1,"[-1.0, 0, -2.340888888888889, 0, 1]",0.0
-2.340888888888889,1,0.08777556287151347,0.004948722639564022,1.5045057930149599e-05,2,"[-1.0, 0, -2.340888888888889, 0, 1]",0.0
-2.3357777777777775,0,-0.08586587681755829,-0.004522696363015799,-0.0011853638381694605,1,"[-1.0, 0, -2.3357777777777775, 0, 1]",0.0
-2.3357777777777775,1,0.08755423914037494,0.004928956875381867,1.521382391659091e-05,2,"[-1.0, 0, -2.3357777777777775, 0, 1]",0.0
-2.3306666666666667,0,-0.08573337283950618,-0.004502505785240055,-0.001177517474184691,1,"[-1.0, 0, -2.3306666666666667, 0, 1]",0.0
-2.3306666666666667,1,0.08733339917695473,0.0049092498698417916,1.538271794539756e-05,2,"[-1.0, 0, -2.3306666666666667, 0, 1]",0.0
-2.3255555555555554,0,-0.08560115912208505,-0.004482382857542041,-0.0011697249104622742,1,"[-1.0, 0, -2.3255555555555554, 0, 1]",0.0
-2.3255555555555554,1,0.08711304298125284,0.0048896014943690825,1.5551728773744952e-05,2,"[-1.0, 0, -2.3255555555555554, 0, 1]",0.0
-2.3204444444444445,0,-0.08546923566529492,-0.004462327431566326,-0.0011619858176762621,1,"[-1.0, 0, -2.3204444444444445, 0, 1]",0.0
-2.3204444444444445,1,0.08689317055326931,0.004870011620389033,1.5720845270847774e-05,2,"[-1.0, 0, -2.3204444444444445, 0, 1]",0.0
-2.3153333333333332,0,-0.0853376024691358,-0.004442339358957476,-0.0011542998681946849,1,"[-1.0, 0, -2.3153333333333332, 0, 1]",0.0
-2.3153333333333332,1,0.0866737818930041,0.004850480119326932,1.589005641738602e-05,2,"[-1.0, 0, -2.3153333333333332, 0, 1]",0.0
-2.310222222222222,0,-0.08520625953360766,-0.004422418491360055,-0.0011466667360731518,1,"[-1.0, 0, -2.310222222222222, 0, 1]",0.0
-2.310222222222222,1,0.08645487700045723,0.004831006862608071,1.6059351304929933e-05,2,"[-1.0, 0, -2.310222222222222, 0, 1]",0.0
-2.305111111111111,0,-0.08507520685871056,-0.004402564680418636,-0.0011390860970484644,1,"[-1.0, 0, -2.305111111111111, 0, 1]",0.0
-2.305111111111111,1,0.08623645587562871,0.004811591721657741,1.6228719135370035e-05,2,"[-1.0, 0, -2.305111111111111, 0, 1]",0.0
-2.3,0,-0.08494444444444443,-0.004382777777777777,-0.0011315576285322354,1,"[-1.0, 0, -2.3, 0, 1]",0.0
-2.3,1,0.08601851851851851,0.004792234567901234,1.6398149220342396e-05,2,"[-1.0, 0, -2.3, 0, 1]",0.0
-2.294888888888889,0,-0.08481397229080932,-0.00436305763508205,-0.0011240810096045393,1,"[-1.0, 0, -2.294888888888889, 0, 1]",0.0
-2.294888888888889,1,0.08580106492912665,0.00477293527276384,1.6567630980662243e-05,2,"[-1.0, 0, -2.294888888888889, 0, 1]",0.0
-2.2897777777777777,0,-0.08468379039780521,-0.004343404103976019,-0.0011166559210075574,1,"[-1.0, 0, -2.2897777777777777, 0, 1]",0.0
-2.2897777777777777,1,0.08558409510745313,0.004753693707670849,1.6737153945753347e-05,2,"[-1.0, 0, -2.2897777777777777, 0, 1]",0.0
-2.2846666666666664,0,-0.0845538987654321,-0.004323817036104251,-0.0011092820451392522,1,"[-1.0, 0, -2.2846666666666664, 0, 1]",0.0
-2.2846666666666664,1,0.08536760905349794,0.004734509744047553,1.690670775307925e-05,2,"[-1.0, 0, -2.2846666666666664, 0, 1]",0.0
-2.2795555555555556,0,-0.08442429739368998,-0.004304296283111314,-0.001101959066047047,1,"[-1.0, 0, -2.2795555555555556, 0, 1]",0.0
-2.2795555555555556,1,0.08515160676726108,0.004715383253319242,1.707628214757959e-05,2,"[-1.0, 0, -2.2795555555555556, 0, 1]",0.0
-2.2744444444444443,0,-0.08429498628257887,-0.0042848416966417705,-0.0010946866694215227,1,"[-1.0, 0, -2.2744444444444443, 0, 1]",0.0
-2.2744444444444443,1,0.08493608824874255,0.004696314106911209,1.724586698110338e-05,2,"[-1.0, 0, -2.2744444444444443, 0, 1]",0.0
-2.2693333333333334,0,-0.08416596543209877,-0.004265453128340192,-0.0010874645425901306,1,"[-1.0, 0, -2.2693333333333334, 0, 1]",0.0
-2.2693333333333334,1,0.08472105349794239,0.0046773021762487425,1.7415452211847404e-05,2,"[-1.0, 0, -2.2693333333333334, 0, 1]",0.0
-2.264222222222222,0,-0.08403723484224965,-0.00424613042985114,-0.0010802923745109117,1,"[-1.0, 0, -2.264222222222222, 0, 1]",0.0
-2.264222222222222,1,0.08450650251486053,0.004658347332757134,1.758502790378939e-05,2,"[-1.0, 0, -2.264222222222222, 0, 1]",0.0
-2.259111111111111,0,-0.08390879451303154,-0.004226873452819183,-0.0010731698557662434,1,"[-1.0, 0, -2.259111111111111, 0, 1]",0.0
-2.259111111111111,1,0.08429243529949701,0.0046394494478616734,1.7754584226132132e-05,2,"[-1.0, 0, -2.259111111111111, 0, 1]",0.0
-2.254,0,-0.08378064444444444,-0.004207682048888889,-0.0010660966785565858,1,"[-1.0, 0, -2.254, 0, 1]",0.0
-2.254,1,0.08407885185185185,0.004620608392987654,1.792411145274005e-05,2,"[-1.0, 0, -2.254, 0, 1]",0.0
-2.2488888888888887,0,-0.08365278463648834,-0.0041885560697048204,-0.0010590725366942503,1,"[-1.0, 0, -2.2488888888888887, 0, 1]",0.0
-2.2488888888888887,1,0.08386575217192499,0.004601824039560364,1.8093599961581017e-05,2,"[-1.0, 0, -2.2488888888888887, 0, 1]",0.0
-2.243777777777778,0,-0.08352521508916323,-0.004169495366911548,-0.0010520971255971827,1,"[-1.0, 0, -2.243777777777778, 0, 1]",0.0
-2.243777777777778,1,0.0836531362597165,0.004583096259005097,1.8263040234170946e-05,2,"[-1.0, 0, -2.243777777777778, 0, 1]",0.0
-2.2386666666666666,0,-0.08339793580246913,-0.0041504997921536346,-0.0010451701422827565,1,"[-1.0, 0, -2.2386666666666666, 0, 1]",0.0
-2.2386666666666666,1,0.08344100411522633,0.004564424922747141,1.8432422855014976e-05,2,"[-1.0, 0, -2.2386666666666666, 0, 1]",0.0
-2.2335555555555553,0,-0.08327094677640604,-0.004131569197075647,-0.0010382912853615825,1,"[-1.0, 0, -2.2335555555555553, 0, 1]",0.0
-2.2335555555555553,1,0.0832293557384545,0.004545809902211789,1.860173851105421e-05,2,"[-1.0, 0, -2.2335555555555553, 0, 1]",0.0
-2.2284444444444444,0,-0.08314424801097393,-0.0041127034333221565,-0.001031460255031332,1,"[-1.0, 0, -2.2284444444444444, 0, 1]",0.0
-2.2284444444444444,1,0.08301819112940101,0.004527251068824332,1.8770977991111907e-05,2,"[-1.0, 0, -2.2284444444444444, 0, 1]",0.0
-2.223333333333333,0,-0.08301783950617284,-0.004093902352537723,-0.001024676753070574,1,"[-1.0, 0, -2.223333333333333, 0, 1]",0.0
-2.223333333333333,1,0.08280751028806582,0.004508748294010058,1.8940132185340207e-05,2,"[-1.0, 0, -2.223333333333333, 0, 1]",0.0
-2.2182222222222223,0,-0.08289172126200274,-0.0040751658063669155,-0.0010179404828326273,1,"[-1.0, 0, -2.2182222222222223, 0, 1]",0.0
-2.2182222222222223,1,0.08259731321444902,0.004490301449194262,1.910919208467153e-05,2,"[-1.0, 0, -2.2182222222222223, 0, 1]",0.0
-2.213111111111111,0,-0.08276589327846365,-0.0040564936464543,-0.001011251149239426,1,"[-1.0, 0, -2.213111111111111, 0, 1]",0.0
-2.213111111111111,1,0.08238759990855052,0.004471910405802232,1.927814878026422e-05,2,"[-1.0, 0, -2.213111111111111, 0, 1]",0.0
-2.2079999999999997,0,-0.08264035555555554,-0.004037885724444443,-0.0010046084587753987,1,"[-1.0, 0, -2.2079999999999997, 0, 1]",0.0
-2.2079999999999997,1,0.08217837037037035,0.004453575035259259,1.9446993462959145e-05,2,"[-1.0, 0, -2.2079999999999997, 0, 1]",0.0
-2.202888888888889,0,-0.08251510809327846,-0.004019341891981913,-0.0009980121194813625,1,"[-1.0, 0, -2.202888888888889, 0, 1]",0.0
-2.202888888888889,1,0.08196962459990854,0.004435295208990634,1.9615717422729467e-05,2,"[-1.0, 0, -2.202888888888889, 0, 1]",0.0
-2.1977777777777776,0,-0.08239015089163236,-0.004000862000711272,-0.0009914618409484297,1,"[-1.0, 0, -2.1977777777777776, 0, 1]",0.0
-2.1977777777777776,1,0.08176136259716504,0.004417070798421649,1.9784312048133548e-05,2,"[-1.0, 0, -2.1977777777777776, 0, 1]",0.0
-2.1926666666666668,0,-0.08226548395061728,-0.003982445902277092,-0.0009849573343119332,1,"[-1.0, 0, -2.1926666666666668, 0, 1]",0.0
-2.1926666666666668,1,0.08155358436213991,0.004398901674977595,1.9952768825774042e-05,2,"[-1.0, 0, -2.1926666666666668, 0, 1]",0.0
-2.1875555555555555,0,-0.08214110727023319,-0.0039640934483239345,-0.000978498312245357,1,"[-1.0, 0, -2.1875555555555555, 0, 1]",0.0
-2.1875555555555555,1,0.0813462898948331,0.0043807877100837615,2.012107933975027e-05,2,"[-1.0, 0, -2.1875555555555555, 0, 1]",0.0
-2.182444444444444,0,-0.0820170208504801,-0.003945804490496366,-0.0009720844889542909,1,"[-1.0, 0, -2.182444444444444, 0, 1]",0.0
-2.182444444444444,1,0.08113947919524461,0.004362728775165437,2.0289235271119476e-05,2,"[-1.0, 0, -2.182444444444444, 0, 1]",0.0
-2.1773333333333333,0,-0.08189322469135803,-0.003927578880438958,-0.000965715580170394,1,"[-1.0, 0, -2.1773333333333333, 0, 1]",0.0
-2.1773333333333333,1,0.08093315226337448,0.004344724741647919,2.0457228397352122e-05,2,"[-1.0, 0, -2.1773333333333333, 0, 1]",0.0
-2.172222222222222,0,-0.08176971879286693,-0.003909416469796269,-0.0009593913031453686,1,"[-1.0, 0, -2.172222222222222, 0, 1]",0.0
-2.172222222222222,1,0.08072730909922267,0.004326775480956493,2.062505059179532e-05,2,"[-1.0, 0, -2.172222222222222, 0, 1]",0.0
-2.167111111111111,0,-0.08164650315500686,-0.0038913171102128745,-0.0009531113766449611,1,"[-1.0, 0, -2.167111111111111, 0, 1]",0.0
-2.167111111111111,1,0.08052194970278921,0.004308880864516453,2.0792693823133658e-05,2,"[-1.0, 0, -2.167111111111111, 0, 1]",0.0
-2.162,0,-0.08152357777777777,-0.003873280653333333,-0.0009468755209429576,1,"[-1.0, 0, -2.162, 0, 1]",0.0
-2.162,1,0.08031707407407407,0.004291040763753087,2.096015015485089e-05,2,"[-1.0, 0, -2.162, 0, 1]",0.0
-2.1568888888888886,0,-0.0814009426611797,-0.003855306950802214,-0.0009406834578152146,1,"[-1.0, 0, -2.1568888888888886, 0, 1]",0.0
-2.1568888888888886,1,0.08011268221307727,0.004273255050091686,2.1127411744695213e-05,2,"[-1.0, 0, -2.1568888888888886, 0, 1]",0.0
-2.151777777777778,0,-0.08127859780521263,-0.0038373958542640865,-0.000934534910533687,1,"[-1.0, 0, -2.151777777777778, 0, 1]",0.0
-2.151777777777778,1,0.07990877411979881,0.004255523594957545,2.129447084414269e-05,2,"[-1.0, 0, -2.151777777777778, 0, 1]",0.0
-2.1466666666666665,0,-0.08115654320987653,-0.0038195472153635113,-0.0009284296038604775,1,"[-1.0, 0, -2.1466666666666665, 0, 1]",0.0
-2.1466666666666665,1,0.07970534979423867,0.004237846269775947,2.1461319797867404e-05,2,"[-1.0, 0, -2.1466666666666665, 0, 1]",0.0
-2.1415555555555557,0,-0.08103477887517146,-0.0038017608857450597,-0.0009223672640419046,1,"[-1.0, 0, -2.1415555555555557, 0, 1]",0.0
-2.1415555555555557,1,0.0795024092363969,0.004220222945972193,2.1627951043204884e-05,2,"[-1.0, 0, -2.1415555555555557, 0, 1]",0.0
-2.1364444444444444,0,-0.08091330480109739,-0.0037840367170532936,-0.000916347618802571,1,"[-1.0, 0, -2.1364444444444444, 0, 1]",0.0
-2.1364444444444444,1,0.07929995244627343,0.004202653494971565,2.179435710962475e-05,2,"[-1.0, 0, -2.1364444444444444, 0, 1]",0.0
-2.131333333333333,0,-0.08079212098765431,-0.0037663745609327836,-0.0009103703973394627,1,"[-1.0, 0, -2.131333333333333, 0, 1]",0.0
-2.131333333333333,1,0.0790979794238683,0.004185137788199359,2.1960530618199295e-05,2,"[-1.0, 0, -2.131333333333333, 0, 1]",0.0
-2.1262222222222222,0,-0.08067122743484224,-0.003748774269028095,-0.0009044353303160485,1,"[-1.0, 0, -2.1262222222222222, 0, 1]",0.0
-2.1262222222222222,1,0.07889649016918152,0.004167675697080865,2.212646428107585e-05,2,"[-1.0, 0, -2.1262222222222222, 0, 1]",0.0
-2.121111111111111,0,-0.08055062414266118,-0.003731235692983792,-0.000898542149856401,1,"[-1.0, 0, -2.121111111111111, 0, 1]",0.0
-2.121111111111111,1,0.07869548468221307,0.0041502670930413715,2.229215090094992e-05,2,"[-1.0, 0, -2.121111111111111, 0, 1]",0.0
-2.116,0,-0.08043031111111111,-0.0037137586844444444,-0.0008926905895393308,1,"[-1.0, 0, -2.116, 0, 1]",0.0
-2.116,1,0.07849496296296296,0.004132911847506172,2.245758337053713e-05,2,"[-1.0, 0, -2.116, 0, 1]",0.0
-2.110888888888889,0,-0.08031028834019205,-0.0036963430950546156,-0.0008868803843925315,1,"[-1.0, 0, -2.110888888888889, 0, 1]",0.0
-2.110888888888889,1,0.07829492501143118,0.004115609831900557,2.262275467205182e-05,2,"[-1.0, 0, -2.110888888888889, 0, 1]",0.0
-2.1057777777777775,0,-0.08019055582990398,-0.0036789887764588722,-0.0008811112708867429,1,"[-1.0, 0, -2.1057777777777775, 0, 1]",0.0
-2.1057777777777775,1,0.07809537082761772,0.004098360917649816,2.278765787668203e-05,2,"[-1.0, 0, -2.1057777777777775, 0, 1]",0.0
-2.1006666666666667,0,-0.0800711135802469,-0.003661695580301783,-0.0008753829869299265,1,"[-1.0, 0, -2.1006666666666667, 0, 1]",0.0
-2.1006666666666667,1,0.07789630041152262,0.004081164976179241,2.2952286144067987e-05,2,"[-1.0, 0, -2.1006666666666667, 0, 1]",0.0
-2.0955555555555554,0,-0.07995196159122084,-0.003644463358227912,-0.0008696952718614532,1,"[-1.0, 0, -2.0955555555555554, 0, 1]",0.0
-2.0955555555555554,1,0.07769771376314585,0.004064021878914121,2.3116632721780026e-05,2,"[-1.0, 0, -2.0955555555555554, 0, 1]",0.0
-2.0904444444444445,0,-0.07983309986282579,-0.0036272919618818267,-0.0008640478664463094,1,"[-1.0, 0, -2.0904444444444445, 0, 1]",0.0
-2.0904444444444445,1,0.07749961088248741,0.0040469314972797505,2.3280690944800487e-05,2,"[-1.0, 0, -2.0904444444444445, 0, 1]",0.0
-2.0853333333333333,0,-0.07971452839506173,-0.0036101812429080926,-0.0008584405128693122,1,"[-1.0, 0, -2.0853333333333333, 0, 1]",0.0
-2.0853333333333333,1,0.07730199176954733,0.0040298937027014176,2.3444454235005798e-05,2,"[-1.0, 0, -2.0853333333333333, 0, 1]",0.0
-2.080222222222222,0,-0.07959624718792865,-0.003593131052951277,-0.0008528729547293429,1,"[-1.0, 0, -2.080222222222222, 0, 1]",0.0
-2.080222222222222,1,0.07710485642432555,0.0040129083666044126,2.3607916100647306e-05,2,"[-1.0, 0, -2.080222222222222, 0, 1]",0.0
-2.075111111111111,0,-0.07947825624142661,-0.0035761412436559467,-0.0008473449370335934,1,"[-1.0, 0, -2.075111111111111, 0, 1]",0.0
-2.075111111111111,1,0.07690820484682212,0.003995975360414029,2.377107013583807e-05,2,"[-1.0, 0, -2.075111111111111, 0, 1]",0.0
-2.07,0,-0.07936055555555555,-0.003559211666666666,-0.000841856206191823,1,"[-1.0, 0, -2.07, 0, 1]",0.0
-2.07,1,0.07671203703703702,0.003979094555555555,2.3933910020036936e-05,2,"[-1.0, 0, -2.07, 0, 1]",0.0
-2.064888888888889,0,-0.0792431451303155,-0.0035423421736280043,-0.0008364065100106372,1,"[-1.0, 0, -2.064888888888889, 0, 1]",0.0
-2.064888888888889,1,0.07651635299497028,0.003962265823454284,2.409642951753545e-05,2,"[-1.0, 0, -2.064888888888889, 0, 1]",0.0
-2.0597777777777777,0,-0.07912602496570645,-0.0035255326161845245,-0.0008309955976877709,1,"[-1.0, 0, -2.0597777777777777, 0, 1]",0.0
-2.0597777777777777,1,0.07632115272062184,0.003945489035535504,2.4258622476945894e-05,2,"[-1.0, 0, -2.0597777777777777, 0, 1]",0.0
-2.0546666666666664,0,-0.07900919506172839,-0.0035087828459807943,-0.0008256232198063943,1,"[-1.0, 0, -2.0546666666666664, 0, 1]",0.0
-2.0546666666666664,1,0.07612643621399176,0.003928764063224508,2.442048283069154e-05,2,"[-1.0, 0, -2.0546666666666664, 0, 1]",0.0
-2.0495555555555556,0,-0.07889265541838134,-0.003492092714661382,-0.0008202891283294281,1,"[-1.0, 0, -2.0495555555555556, 0, 1]",0.0
-2.0495555555555556,1,0.07593220347508,0.0039120907779465865,2.4582004594495238e-05,2,"[-1.0, 0, -2.0495555555555556, 0, 1]",0.0
-2.0444444444444443,0,-0.07877640603566528,-0.0034754620738708525,-0.0008149930765938728,1,"[-1.0, 0, -2.0444444444444443, 0, 1]",0.0
-2.0444444444444443,1,0.07573845450388658,0.003895469051127029,2.474318186687386e-05,2,"[-1.0, 0, -2.0444444444444443, 0, 1]",0.0
-2.0393333333333334,0,-0.07866044691358025,-0.0034588907752537727,-0.0008097348193051553,1,"[-1.0, 0, -2.0393333333333334, 0, 1]",0.0
-2.0393333333333334,1,0.07554518930041151,0.0038788987541911297,2.490400882862909e-05,2,"[-1.0, 0, -2.0393333333333334, 0, 1]",0.0
-2.034222222222222,0,-0.0785447780521262,-0.0034423786704547072,-0.0008045141125314841,1,"[-1.0, 0, -2.034222222222222, 0, 1]",0.0
-2.034222222222222,1,0.07535240786465477,0.0038623797585641754,2.5064479742343117e-05,2,"[-1.0, 0, -2.034222222222222, 0, 1]",0.0
-2.029111111111111,0,-0.07842939945130314,-0.003425925611118223,-0.0007993307136982258,1,"[-1.0, 0, -2.029111111111111, 0, 1]",0.0
-2.029111111111111,1,0.07516011019661636,0.0038459119356714583,2.5224588951873776e-05,2,"[-1.0, 0, -2.029111111111111, 0, 1]",0.0
-2.024,0,-0.0783143111111111,-0.0034095314488888887,-0.0007941843815822908,1,"[-1.0, 0, -2.024, 0, 1]",0.0
-2.024,1,0.07496829629629628,0.0038294951569382714,2.5384330881850767e-05,2,"[-1.0, 0, -2.024, 0, 1]",0.0
-2.0188888888888887,0,-0.07819951303155007,-0.0033931960354112675,-0.0007890748763065313,1,"[-1.0, 0, -2.0188888888888887, 0, 1]",0.0
-2.0188888888888887,1,0.07477696616369454,0.0038131292937899027,2.5543700037176226e-05,2,"[-1.0, 0, -2.0188888888888887, 0, 1]",0.0
-2.013777777777778,0,-0.07808500521262003,-0.003376919222329929,-0.0007840019593341602,1,"[-1.0, 0, -2.013777777777778, 0, 1]",0.0
-2.013777777777778,1,0.07458611979881116,0.0037968142176516458,2.5702691002520942e-05,2,"[-1.0, 0, -2.013777777777778, 0, 1]",0.0
-2.0086666666666666,0,-0.07797078765432099,-0.0033607008612894372,-0.000778965393463177,1,"[-1.0, 0, -2.0086666666666666, 0, 1]",0.0
-2.0086666666666666,1,0.0743957572016461,0.0037805497999487876,2.5861298441827365e-05,2,"[-1.0, 0, -2.0086666666666666, 0, 1]",0.0
-2.0035555555555553,0,-0.07785686035665294,-0.0033445408039343588,-0.0007739649428208128,1,"[-1.0, 0, -2.0035555555555553, 0, 1]",0.0
-2.0035555555555553,1,0.07420587837219934,0.0037643359121066226,2.6019517097809568e-05,2,"[-1.0, 0, -2.0035555555555553, 0, 1]",0.0
-1.9984444444444445,0,-0.07774322331961592,-0.003328438901909262,-0.0007690003728579875,1,"[-1.0, 0, -1.9984444444444445, 0, 1]",0.0
-1.9984444444444445,1,0.07401648331047096,0.0037481724255504414,2.6177341791459505e-05,2,"[-1.0, 0, -1.9984444444444445, 0, 1]",0.0
-1.9933333333333332,0,-0.07762987654320987,-0.00331239500685871,-0.000764071450343778,1,"[-1.0, 0, -1.9933333333333332, 0, 1]",0.0
-1.9933333333333332,1,0.0738275720164609,0.003732059211705532,2.6334767421548112e-05,2,"[-1.0, 0, -1.9933333333333332, 0, 1]",0.0
-1.9882222222222223,0,-0.07751682002743485,-0.0032964089704272726,-0.0007591779433599094,1,"[-1.0, 0, -1.9882222222222223, 0, 1]",0.0
-1.9882222222222223,1,0.07363914449016917,0.003715996141997189,2.6491788964132647e-05,2,"[-1.0, 0, -1.9882222222222223, 0, 1]",0.0
-1.983111111111111,0,-0.07740405377229082,-0.003280480644259513,-0.0007543196212952476,1,"[-1.0, 0, -1.983111111111111, 0, 1]",0.0
-1.983111111111111,1,0.07345120073159578,0.0036999830878507,2.6648401472064082e-05,2,"[-1.0, 0, -1.983111111111111, 0, 1]",0.0
-1.9779999999999998,0,-0.07729157777777777,-0.0032646098799999994,-0.0007494962548403178,1,"[-1.0, 0, -1.9779999999999998, 0, 1]",0.0
-1.9779999999999998,1,0.07326374074074073,0.003684019920691357,2.680460007449439e-05,2,"[-1.0, 0, -1.9779999999999998, 0, 1]",0.0
-1.972888888888889,0,-0.07717939204389575,-0.003248796529293298,-0.0007447076159818309,1,"[-1.0, 0, -1.972888888888889, 0, 1]",0.0
-1.972888888888889,1,0.07307676451760402,0.003668106511944453,2.6960379976386265e-05,2,"[-1.0, 0, -1.972888888888889, 0, 1]",0.0
-1.9677777777777776,0,-0.07706749657064471,-0.0032330404437839757,-0.0007399534779972236,1,"[-1.0, 0, -1.9677777777777776, 0, 1]",0.0
-1.9677777777777776,1,0.07289027206218562,0.003652242733035275,2.711573645802453e-05,2,"[-1.0, 0, -1.9677777777777776, 0, 1]",0.0
-1.9626666666666668,0,-0.07695589135802469,-0.0032173414751165987,-0.0007352336154492164,1,"[-1.0, 0, -1.9626666666666668, 0, 1]",0.0
-1.9626666666666668,1,0.0727042633744856,0.003636428455389118,2.727066487452748e-05,2,"[-1.0, 0, -1.9626666666666668, 0, 1]",0.0
-1.9575555555555555,0,-0.07684457640603566,-0.0032016994749357315,-0.0007305478041803807,1,"[-1.0, 0, -1.9575555555555555, 0, 1]",0.0
-1.9575555555555555,1,0.07251873845450388,0.003620663550431269,2.74251606553603e-05,2,"[-1.0, 0, -1.9575555555555555, 0, 1]",0.0
-1.9524444444444442,0,-0.07673355171467763,-0.0031861142948859415,-0.0007258958213077261,1,"[-1.0, 0, -1.9524444444444442, 0, 1]",0.0
-1.9524444444444442,1,0.0723336973022405,0.0036049478895870198,2.7579219303850106e-05,2,"[-1.0, 0, -1.9524444444444442, 0, 1]",0.0
-1.9473333333333334,0,-0.07662281728395062,-0.0031705857866117975,-0.0007212774452172966,1,"[-1.0, 0, -1.9473333333333334, 0, 1]",0.0
-1.9473333333333334,1,0.07214913991769548,0.003589281344281664,2.773283639670107e-05,2,"[-1.0, 0, -1.9473333333333334, 0, 1]",0.0
-1.942222222222222,0,-0.07651237311385459,-0.0031551138017578617,-0.0007166924555587811,1,"[-1.0, 0, -1.942222222222222, 0, 1]",0.0
-1.942222222222222,1,0.07196506630086877,0.0035736637859404893,2.7886007583511805e-05,2,"[-1.0, 0, -1.942222222222222, 0, 1]",0.0
-1.9371111111111112,0,-0.07640221920438958,-0.003139698191968704,-0.000712140633240144,1,"[-1.0, 0, -1.9371111111111112, 0, 1]",0.0
-1.9371111111111112,1,0.0717814764517604,0.0035580950859887897,2.8038728586293814e-05,2,"[-1.0, 0, -1.9371111111111112, 0, 1]",0.0
-1.932,0,-0.07629235555555555,-0.0031243388088888885,-0.0007076217604222602,1,"[-1.0, 0, -1.932, 0, 1]",0.0
-1.932,1,0.07159837037037037,0.0035425751158518516,2.819099519899167e-05,2,"[-1.0, 0, -1.932, 0, 1]",0.0
-1.9268888888888887,0,-0.07618278216735253,-0.003109035504162982,-0.0007031356205135738,1,"[-1.0, 0, -1.9268888888888887, 0, 1]",0.0
-1.9268888888888887,1,0.07141574805669866,0.0035271037469549685,2.8342803287002285e-05,2,"[-1.0, 0, -1.9268888888888887, 0, 1]",0.0
-1.9217777777777778,0,-0.07607349903978051,-0.003093788129435554,-0.0006986819981647654,1,"[-1.0, 0, -1.9217777777777778, 0, 1]",0.0
-1.9217777777777778,1,0.07123360951074531,0.003511680850723433,2.8494148786698513e-05,2,"[-1.0, 0, -1.9217777777777778, 0, 1]",0.0
-1.9166666666666665,0,-0.07596450617283951,-0.0030785965363511656,-0.0006942606792634319,1,"[-1.0, 0, -1.9166666666666665, 0, 1]",0.0
-1.9166666666666665,1,0.07105195473251028,0.0034963062985825326,2.8645027704952042e-05,2,"[-1.0, 0, -1.9166666666666665, 0, 1]",0.0
-1.9115555555555557,0,-0.07585580356652949,-0.003063460576554387,-0.000689871450928787,1,"[-1.0, 0, -1.9115555555555557, 0, 1]",0.0
-1.9115555555555557,1,0.0708707837219936,0.0034809799619575613,2.8795436118657922e-05,2,"[-1.0, 0, -1.9115555555555557, 0, 1]",0.0
-1.9064444444444444,0,-0.07574739122085047,-0.003048380101689783,-0.0006855141015063698,1,"[-1.0, 0, -1.9064444444444444, 0, 1]",0.0
-1.9064444444444444,1,0.07069009647919525,0.003465701712273806,2.8945370174261146e-05,2,"[-1.0, 0, -1.9064444444444444, 0, 1]",0.0
-1.901333333333333,0,-0.07563926913580246,-0.0030333549634019193,-0.00068118842056277,1,"[-1.0, 0, -1.901333333333333, 0, 1]",0.0
-1.901333333333333,1,0.07050989300411521,0.0034504714209565605,2.9094826087282255e-05,2,"[-1.0, 0, -1.901333333333333, 0, 1]",0.0
-1.8962222222222223,0,-0.07553143731138545,-0.003018385013335365,-0.0006768941988803676,1,"[-1.0, 0, -1.8962222222222223, 0, 1]",0.0
-1.8962222222222223,1,0.07033017329675353,0.003435288959431116,2.9243800141847776e-05,2,"[-1.0, 0, -1.8962222222222223, 0, 1]",0.0
-1.891111111111111,0,-0.07542389574759945,-0.003003470103134684,-0.000672631228452084,1,"[-1.0, 0, -1.891111111111111, 0, 1]",0.0
-1.891111111111111,1,0.07015093735711019,0.0034201541991227616,2.9392288690218967e-05,2,"[-1.0, 0, -1.891111111111111, 0, 1]",0.0
-1.8860000000000001,0,-0.07531664444444444,-0.002988610084444445,-0.0006683993024761512,1,"[-1.0, 0, -1.8860000000000001, 0, 1]",0.0
-1.8860000000000001,1,0.06997218518518519,0.0034050670114567903,2.9540288152322416e-05,2,"[-1.0, 0, -1.8860000000000001, 0, 1]",0.0
-1.8808888888888888,0,-0.07520968340192044,-0.0029738048089092105,-0.0006641982153508905,1,"[-1.0, 0, -1.8808888888888888, 0, 1]",0.0
-1.8808888888888888,1,0.06979391678097852,0.00339002726785849,2.9687795015282856e-05,2,"[-1.0, 0, -1.8808888888888888, 0, 1]",0.0
-1.8757777777777775,0,-0.07510301262002743,-0.0029590541281735504,-0.0006600277626695108,1,"[-1.0, 0, -1.8757777777777775, 0, 1]",0.0
-1.8757777777777775,1,0.06961613214449015,0.003375034839753153,2.983480583295631e-05,2,"[-1.0, 0, -1.8757777777777775, 0, 1]",0.0
-1.8706666666666667,0,-0.07499663209876543,-0.00294435789388203,-0.0006558877412149156,1,"[-1.0, 0, -1.8706666666666667, 0, 1]",0.0
-1.8706666666666667,1,0.06943883127572016,0.0033600895985660723,2.998131722546578e-05,2,"[-1.0, 0, -1.8706666666666667, 0, 1]",0.0
-1.8655555555555554,0,-0.07489054183813443,-0.0029297159576792153,-0.0006517779489545268,1,"[-1.0, 0, -1.8655555555555554, 0, 1]",0.0
-1.8655555555555554,1,0.06926201417466848,0.003345191415722535,3.0127325878735744e-05,2,"[-1.0, 0, -1.8655555555555554, 0, 1]",0.0
-1.8604444444444446,0,-0.07478474183813444,-0.0029151281712096735,-0.0006476981850351231,1,"[-1.0, 0, -1.8604444444444446, 0, 1]",0.0
-1.8604444444444446,1,0.06908568084133516,0.003330340162647835,3.0272828544030664e-05,2,"[-1.0, 0, -1.8604444444444446, 0, 1]",0.0
-1.8553333333333333,0,-0.07467923209876542,-0.0029005943861179695,-0.00064364824977769,1,"[-1.0, 0, -1.8553333333333333, 0, 1]",0.0
-1.8553333333333333,1,0.06890983127572016,0.0033155357107672607,3.0417822037492794e-05,2,"[-1.0, 0, -1.8553333333333333, 0, 1]",0.0
-1.850222222222222,0,-0.07457401262002743,-0.0028861144540486706,-0.0006396279446722877,1,"[-1.0, 0, -1.850222222222222, 0, 1]",0.0
-1.850222222222222,1,0.0687344654778235,0.0033007779315061044,3.0562303239682696e-05,2,"[-1.0, 0, -1.850222222222222, 0, 1]",0.0
-1.8451111111111111,0,-0.07446908340192043,-0.0028716882266463448,-0.0006356370723729288,1,"[-1.0, 0, -1.8451111111111111, 0, 1]",0.0
-1.8451111111111111,1,0.06855958344764518,0.0032860666962896577,3.0706269095119425e-05,2,"[-1.0, 0, -1.8451111111111111, 0, 1]",0.0
-1.8399999999999999,0,-0.07436444444444444,-0.0028573155555555556,-0.0006316754366924729,1,"[-1.0, 0, -1.8399999999999999, 0, 1]",0.0
-1.8399999999999999,1,0.06838518518518517,0.0032714018765432093,3.08497166118237e-05,2,"[-1.0, 0, -1.8399999999999999, 0, 1]",0.0
-1.834888888888889,0,-0.07426009574759945,-0.002842996292420871,-0.0006277428425975347,1,"[-1.0, 0, -1.834888888888889, 0, 1]",0.0
-1.834888888888889,1,0.06821127069044353,0.0032567833436920528,3.09926428608612e-05,2,"[-1.0, 0, -1.834888888888889, 0, 1]",0.0
-1.8297777777777777,0,-0.07415603731138545,-0.002828730288886856,-0.0006238390962034055,1,"[-1.0, 0, -1.8297777777777777, 0, 1]",0.0
-1.8297777777777777,1,0.06803783996342021,0.003242210969161476,3.113504497588744e-05,2,"[-1.0, 0, -1.8297777777777777, 0, 1]",0.0
-1.8246666666666664,0,-0.07405226913580246,-0.002814517396598079,-0.0006199640047689903,1,"[-1.0, 0, -1.8246666666666664, 0, 1]",0.0
-1.8246666666666664,1,0.06786489300411522,0.0032276846243767714,3.1276920152693464e-05,2,"[-1.0, 0, -1.8246666666666664, 0, 1]",0.0
-1.8195555555555556,0,-0.07394879122085048,-0.0028003574671991056,-0.0006161173766917569,1,"[-1.0, 0, -1.8195555555555556, 0, 1]",0.0
-1.8195555555555556,1,0.06769242981252857,0.0032132041807632307,3.1418265648753825e-05,2,"[-1.0, 0, -1.8195555555555556, 0, 1]",0.0
-1.8144444444444443,0,-0.07384560356652949,-0.002786250352334501,-0.0006122990215027002,1,"[-1.0, 0, -1.8144444444444443, 0, 1]",0.0
-1.8144444444444443,1,0.06752045038866025,0.0031987695097461426,3.155907878277524e-05,2,"[-1.0, 0, -1.8144444444444443, 0, 1]",0.0
-1.8093333333333335,0,-0.07374270617283951,-0.0027721959036488344,-0.0006085087498613219,1,"[-1.0, 0, -1.8093333333333335, 0, 1]",0.0
-1.8093333333333335,1,0.06734895473251029,0.0031843804827508004,3.169935693424599e-05,2,"[-1.0, 0, -1.8093333333333335, 0, 1]",0.0
-1.8042222222222222,0,-0.07364009903978051,-0.0027581939727866684,-0.0006047463735506204,1,"[-1.0, 0, -1.8042222222222222, 0, 1]",0.0
-1.8042222222222222,1,0.06717794284407863,0.0031700369712024923,3.183909754298723e-05,2,"[-1.0, 0, -1.8042222222222222, 0, 1]",0.0
-1.7991111111111109,0,-0.07353778216735253,-0.0027442444113925718,-0.0006010117054721006,1,"[-1.0, 0, -1.7991111111111109, 0, 1]",0.0
-1.7991111111111109,1,0.06700741472336533,0.0031557388465265116,3.197829810870623e-05,2,"[-1.0, 0, -1.7991111111111109, 0, 1]",0.0
-1.794,0,-0.07343575555555555,-0.002730347071111111,-0.0005973045596407919,1,"[-1.0, 0, -1.794, 0, 1]",0.0
-1.794,1,0.06683737037037037,0.0031414859801481487,3.2116956190548834e-05,2,"[-1.0, 0, -1.794, 0, 1]",0.0
-1.7888888888888888,0,-0.07333401920438957,-0.0027165018035868508,-0.0005936247511802834,1,"[-1.0, 0, -1.7888888888888888, 0, 1]",0.0
-1.7888888888888888,1,0.06666780978509373,0.003127278243492692,3.225506940665536e-05,2,"[-1.0, 0, -1.7888888888888888, 0, 1]",0.0
-1.783777777777778,0,-0.07323257311385459,-0.00270270846046436,-0.0005899720963177741,1,"[-1.0, 0, -1.783777777777778, 0, 1]",0.0
-1.783777777777778,1,0.06649873296753543,0.003113115507985436,3.239263543371591e-05,2,"[-1.0, 0, -1.783777777777778, 0, 1]",0.0
-1.7786666666666666,0,-0.07313141728395062,-0.0026889668933882025,-0.0005863464123791337,1,"[-1.0, 0, -1.7786666666666666, 0, 1]",0.0
-1.7786666666666666,1,0.06633013991769547,0.0030989976450516684,3.252965200652939e-05,2,"[-1.0, 0, -1.7786666666666666, 0, 1]",0.0
-1.7735555555555553,0,-0.07303055171467764,-0.002675276954002946,-0.0005827475177839812,1,"[-1.0, 0, -1.7735555555555553, 0, 1]",0.0
-1.7735555555555553,1,0.06616203063557384,0.003084924526116682,3.26661169175602e-05,2,"[-1.0, 0, -1.7735555555555553, 0, 1]",0.0
-1.7684444444444445,0,-0.07292997640603566,-0.002661638493953158,-0.0005791752320407753,1,"[-1.0, 0, -1.7684444444444445, 0, 1]",0.0
-1.7684444444444445,1,0.06599440512117055,0.003070896022605768,3.2802028016500106e-05,2,"[-1.0, 0, -1.7684444444444445, 0, 1]",0.0
-1.7633333333333332,0,-0.0728296913580247,-0.0026480513648834015,-0.0005756293757419192,1,"[-1.0, 0, -1.7633333333333332, 0, 1]",0.0
-1.7633333333333332,1,0.06582726337448559,0.0030569120059442153,3.293738320982864e-05,2,"[-1.0, 0, -1.7633333333333332, 0, 1]",0.0
-1.7582222222222224,0,-0.07272969657064472,-0.0026345154184382463,-0.0005721097705588803,1,"[-1.0, 0, -1.7582222222222224, 0, 1]",0.0
-1.7582222222222224,1,0.06566060539551898,0.0030429723475573173,3.307218046037536e-05,2,"[-1.0, 0, -1.7582222222222224, 0, 1]",0.0
-1.753111111111111,0,-0.07262999204389575,-0.002621030506262257,-0.0005686162392373232,1,"[-1.0, 0, -1.753111111111111, 0, 1]",0.0
-1.753111111111111,1,0.06549443118427069,0.0030290769188703616,3.32064177868846e-05,2,"[-1.0, 0, -1.753111111111111, 0, 1]",0.0
-1.7479999999999998,0,-0.07253057777777777,-0.0026075964799999996,-0.0005651486055922573,1,"[-1.0, 0, -1.7479999999999998, 0, 1]",0.0
-1.7479999999999998,1,0.06532874074074073,0.0030152255913086412,3.3340093263579344e-05,2,"[-1.0, 0, -1.7479999999999998, 0, 1]",0.0
-1.742888888888889,0,-0.07243145377229081,-0.002594213191296042,-0.000561706694503199,1,"[-1.0, 0, -1.742888888888889, 0, 1]",0.0
-1.742888888888889,1,0.06516353406492913,0.003001418236297448,3.347320501972866e-05,2,"[-1.0, 0, -1.742888888888889, 0, 1]",0.0
-1.7377777777777776,0,-0.07233262002743485,-0.0025808804917949496,-0.0005582903319093452,1,"[-1.0, 0, -1.7377777777777776, 0, 1]",0.0
-1.7377777777777776,1,0.06499881115683584,0.00298765472526207,3.36057512392145e-05,2,"[-1.0, 0, -1.7377777777777776, 0, 1]",0.0
-1.7326666666666668,0,-0.07223407654320987,-0.00256759823314129,-0.0005548993448047646,1,"[-1.0, 0, -1.7326666666666668, 0, 1]",0.0
-1.7326666666666668,1,0.06483457201646091,0.002973934929627801,3.37377301601011e-05,2,"[-1.0, 0, -1.7326666666666668, 0, 1]",0.0
-1.7275555555555555,0,-0.0721358233196159,-0.002554366266979627,-0.0005515335612336011,1,"[-1.0, 0, -1.7275555555555555, 0, 1]",0.0
-1.7275555555555555,1,0.0646708166438043,0.002960258720819929,3.3869140074204606e-05,2,"[-1.0, 0, -1.7275555555555555, 0, 1]",0.0
-1.7224444444444442,0,-0.07203786035665294,-0.002541184444954529,-0.0005481928102852919,1,"[-1.0, 0, -1.7224444444444442, 0, 1]",0.0
-1.7224444444444442,1,0.06450754503886602,0.0029466259702637465,3.3999979326664764e-05,2,"[-1.0, 0, -1.7224444444444442, 0, 1]",0.0
-1.7173333333333334,0,-0.07194018765432099,-0.0025280526187105626,-0.0005448769220897986,1,"[-1.0, 0, -1.7173333333333334, 0, 1]",0.0
-1.7173333333333334,1,0.06434475720164609,0.0029330365493845448,3.4130246315517516e-05,2,"[-1.0, 0, -1.7173333333333334, 0, 1]",0.0
-1.712222222222222,0,-0.07184280521262001,-0.0025149706398922924,-0.0005415857278128531,1,"[-1.0, 0, -1.712222222222222, 0, 1]",0.0
-1.712222222222222,1,0.06418245313214448,0.002919490329607614,3.42599394912685e-05,2,"[-1.0, 0, -1.712222222222222, 0, 1]",0.0
-1.7071111111111112,0,-0.07174571303155007,-0.0025019383601442868,-0.0005383190596512196,1,"[-1.0, 0, -1.7071111111111112, 0, 1]",0.0
-1.7071111111111112,1,0.06402063283036123,0.0029059871823582453,3.4389057356469575e-05,2,"[-1.0, 0, -1.7071111111111112, 0, 1]",0.0
-1.702,0,-0.0716489111111111,-0.0024889556311111106,-0.0005350767508279657,1,"[-1.0, 0, -1.702, 0, 1]",0.0
-1.702,1,0.06385929629629629,0.0028925269790617283,3.4517598465292834e-05,2,"[-1.0, 0, -1.702, 0, 1]",0.0
-1.6968888888888887,0,-0.07155239945130315,-0.002476022304437331,-0.0005318586355877535,1,"[-1.0, 0, -1.6968888888888887, 0, 1]",0.0
-1.6968888888888887,1,0.06369844352994969,0.002879109591143355,3.464556142311083e-05,2,"[-1.0, 0, -1.6968888888888887, 0, 1]",0.0
-1.6917777777777778,0,-0.0714561780521262,-0.002463138231767515,-0.0005286645491921404,1,"[-1.0, 0, -1.6917777777777778, 0, 1]",0.0
-1.6917777777777778,1,0.06353807453132145,0.0028657348900284173,3.477294488607392e-05,2,"[-1.0, 0, -1.6917777777777778, 0, 1]",0.0
-1.6866666666666665,0,-0.07136024691358024,-0.0024503032647462276,-0.0005254943279148949,1,"[-1.0, 0, -1.6866666666666665, 0, 1]",0.0
-1.6866666666666665,1,0.06337818930041152,0.0028524027471422035,3.4899747560690806e-05,2,"[-1.0, 0, -1.6866666666666665, 0, 1]",0.0
-1.6815555555555557,0,-0.0712646060356653,-0.002437517255018036,-0.0005223478090373296,1,"[-1.0, 0, -1.6815555555555557, 0, 1]",0.0
-1.6815555555555557,1,0.06321878783721993,0.002839113033910007,3.5025968203410374e-05,2,"[-1.0, 0, -1.6815555555555557, 0, 1]",0.0
-1.6764444444444444,0,-0.07116925541838134,-0.002424780054227506,-0.0005192248308436427,1,"[-1.0, 0, -1.6764444444444444, 0, 1]",0.0
-1.6764444444444444,1,0.06305987014174667,0.0028258656217571166,3.51516056202043e-05,2,"[-1.0, 0, -1.6764444444444444, 0, 1]",0.0
-1.6713333333333331,0,-0.07107419506172839,-0.002412091514019204,-0.0005161252326162791,1,"[-1.0, 0, -1.6713333333333331, 0, 1]",0.0
-1.6713333333333331,1,0.06290143621399176,0.0028126603821088244,3.52766586661508e-05,2,"[-1.0, 0, -1.6713333333333331, 0, 1]",0.0
-1.6662222222222223,0,-0.07097942496570644,-0.002399451486037697,-0.000513048854631302,1,"[-1.0, 0, -1.6662222222222223, 0, 1]",0.0
-1.6662222222222223,1,0.06274348605395519,0.0027994971863904215,3.540112624502001e-05,2,"[-1.0, 0, -1.6662222222222223, 0, 1]",0.0
-1.661111111111111,0,-0.0708849451303155,-0.002386859821927551,-0.0005099955381537801,1,"[-1.0, 0, -1.661111111111111, 0, 1]",0.0
-1.661111111111111,1,0.06258601966163693,0.002786375906027197,3.552500730886056e-05,2,"[-1.0, 0, -1.661111111111111, 0, 1]",0.0
-1.6560000000000001,0,-0.07079075555555556,-0.0023743163733333334,-0.0005069651254331879,1,"[-1.0, 0, -1.6560000000000001, 0, 1]",0.0
-1.6560000000000001,1,0.06242903703703703,0.0027732964124444447,3.564830085758751e-05,2,"[-1.0, 0, -1.6560000000000001, 0, 1]",0.0
-1.6508888888888889,0,-0.0706968562414266,-0.002361820991899609,-0.0005039574596988215,1,"[-1.0, 0, -1.6508888888888889, 0, 1]",0.0
-1.6508888888888889,1,0.06227253818015546,0.0027602585770674522,3.5771005938571175e-05,2,"[-1.0, 0, -1.6508888888888889, 0, 1]",0.0
-1.6457777777777776,0,-0.07060324718792867,-0.002349373529270944,-0.0005009723851552277,1,"[-1.0, 0, -1.6457777777777776, 0, 1]",0.0
-1.6457777777777776,1,0.06211652309099222,0.002747262271321512,3.58931216462273e-05,2,"[-1.0, 0, -1.6457777777777776, 0, 1]",0.0
-1.6406666666666667,0,-0.07050992839506173,-0.0023369738370919066,-0.0004980097469776468,1,"[-1.0, 0, -1.6406666666666667, 0, 1]",0.0
-1.6406666666666667,1,0.06196099176954732,0.002734307366631916,3.601464712160897e-05,2,"[-1.0, 0, -1.6406666666666667, 0, 1]",0.0
-1.6355555555555554,0,-0.07041689986282579,-0.0023246217670070614,-0.0004950693913074694,1,"[-1.0, 0, -1.6355555555555554, 0, 1]",0.0
-1.6355555555555554,1,0.06180594421582075,0.0027213937344239525,3.613558155199953e-05,2,"[-1.0, 0, -1.6355555555555554, 0, 1]",0.0
-1.6304444444444446,0,-0.07032416159122085,-0.0023123171706609766,-0.000492151165247709,1,"[-1.0, 0, -1.6304444444444446, 0, 1]",0.0
-1.6304444444444446,1,0.061651380429812525,0.002708521246122915,3.625592417050606e-05,2,"[-1.0, 0, -1.6304444444444446, 0, 1]",0.0
-1.6253333333333333,0,-0.07023171358024691,-0.0023000598996982162,-0.0004892549168584864,1,"[-1.0, 0, -1.6253333333333333, 0, 1]",0.0
-1.6253333333333333,1,0.061497300411522626,0.002695689773154092,3.637567425565554e-05,2,"[-1.0, 0, -1.6253333333333333, 0, 1]",0.0
-1.620222222222222,0,-0.07013955582990397,-0.002287849805763348,-0.0004863804951525301,1,"[-1.0, 0, -1.620222222222222, 0, 1]",0.0
-1.620222222222222,1,0.061343704160951064,0.0026828991869427754,3.649483113099094e-05,2,"[-1.0, 0, -1.620222222222222, 0, 1]",0.0
-1.6151111111111112,0,-0.07004768834019204,-0.00227568674050094,-0.0004835277500906891,1,"[-1.0, 0, -1.6151111111111112, 0, 1]",0.0
-1.6151111111111112,1,0.06119059167809785,0.002670149358914258,3.661339416466893e-05,2,"[-1.0, 0, -1.6151111111111112, 0, 1]",0.0
-1.6099999999999999,0,-0.06995611111111111,-0.002263570555555555,-0.0004806965325774605,1,"[-1.0, 0, -1.6099999999999999, 0, 1]",0.0
-1.6099999999999999,1,0.061037962962962954,0.002657440160493827,3.6731362769059744e-05,2,"[-1.0, 0, -1.6099999999999999, 0, 1]",0.0
-1.604888888888889,0,-0.06986482414266118,-0.0022515011025717622,-0.0004778866944565326,1,"[-1.0, 0, -1.604888888888889, 0, 1]",0.0
-1.604888888888889,1,0.06088581801554641,0.002644771463106776,3.684873640034719e-05,2,"[-1.0, 0, -1.604888888888889, 0, 1]",0.0
-1.5997777777777777,0,-0.06977382743484224,-0.002239478233194127,-0.00047509808850633905,1,"[-1.0, 0, -1.5997777777777777, 0, 1]",0.0
-1.5997777777777777,1,0.060734156835848194,0.0026321431381783945,3.696551455813012e-05,2,"[-1.0, 0, -1.5997777777777777, 0, 1]",0.0
-1.5946666666666665,0,-0.06968312098765432,-0.002227501799067215,-0.00047233056843563046,1,"[-1.0, 0, -1.5946666666666665, 0, 1]",0.0
-1.5946666666666665,1,0.060582979423868304,0.002619555057133973,3.708169678502568e-05,2,"[-1.0, 0, -1.5946666666666665, 0, 1]",0.0
-1.5895555555555556,0,-0.06959270480109739,-0.002215571651835594,-0.00046958398887905685,1,"[-1.0, 0, -1.5895555555555556, 0, 1]",0.0
-1.5895555555555556,1,0.06043228577960677,0.002607007091398805,3.71972826662733e-05,2,"[-1.0, 0, -1.5895555555555556, 0, 1]",0.0
-1.5844444444444443,0,-0.06950257887517146,-0.002203687643143829,-0.00046685820539276715,1,"[-1.0, 0, -1.5844444444444443, 0, 1]",0.0
-1.5844444444444443,1,0.06028207590306355,0.0025944991123981777,3.7312271829340434e-05,2,"[-1.0, 0, -1.5844444444444443, 0, 1]",0.0
-1.5793333333333335,0,-0.06941274320987655,-0.002191849624636489,-0.0004641530744500212,1,"[-1.0, 0, -1.5793333333333335, 0, 1]",0.0
-1.5793333333333335,1,0.06013234979423868,0.0025820309915573847,3.7426663943529134e-05,2,"[-1.0, 0, -1.5793333333333335, 0, 1]",0.0
-1.5742222222222222,0,-0.06932319780521262,-0.0021800574479581367,-0.0004614684534368143,1,"[-1.0, 0, -1.5742222222222222, 0, 1]",0.0
-1.5742222222222222,1,0.059983107453132144,0.0025696026003017153,3.754045871958377e-05,2,"[-1.0, 0, -1.5742222222222222, 0, 1]",0.0
-1.569111111111111,0,-0.06923394266117969,-0.00216831096475334,-0.0004588042006475199,1,"[-1.0, 0, -1.569111111111111, 0, 1]",0.0
-1.569111111111111,1,0.059834348879743926,0.002557213810056461,3.7653655909300574e-05,2,"[-1.0, 0, -1.569111111111111, 0, 1]",0.0
-1.564,0,-0.06914497777777778,-0.0021566100266666665,-0.00045616017528054425,1,"[-1.0, 0, -1.564, 0, 1]",0.0
-1.564,1,0.05968607407407407,0.0025448644922469142,3.7766255305138444e-05,2,"[-1.0, 0, -1.564, 0, 1]",0.0
-1.5588888888888888,0,-0.06905630315500685,-0.002144954485342681,-0.00045353623743399156,1,"[-1.0, 0, -1.5588888888888888, 0, 1]",0.0
-1.5588888888888888,1,0.05953828303612253,0.002532554518298362,3.787825673983014e-05,2,"[-1.0, 0, -1.5588888888888888, 0, 1]",0.0
-1.553777777777778,0,-0.06896791879286694,-0.002133344192425951,-0.000450932248101351,1,"[-1.0, 0, -1.553777777777778, 0, 1]",0.0
-1.553777777777778,1,0.05939097576588935,0.002520283759636099,3.798966008599543e-05,2,"[-1.0, 0, -1.553777777777778, 0, 1]",0.0
-1.5486666666666666,0,-0.06887982469135802,-0.0021217789995610424,-0.0004483480691671902,1,"[-1.0, 0, -1.5486666666666666, 0, 1]",0.0
-1.5486666666666666,1,0.05924415226337448,0.0025080520876854134,3.8100465255755666e-05,2,"[-1.0, 0, -1.5486666666666666, 0, 1]",0.0
-1.5435555555555553,0,-0.0687920208504801,-0.002110258758392521,-0.0004457835634028679,1,"[-1.0, 0, -1.5435555555555553, 0, 1]",0.0
-1.5435555555555553,1,0.05909781252857795,0.0024958593738715978,3.8210672200349096e-05,2,"[-1.0, 0, -1.5435555555555553, 0, 1]",0.0
-1.5384444444444445,0,-0.0687045072702332,-0.0020987833205649547,-0.0004432385944622585,1,"[-1.0, 0, -1.5384444444444445, 0, 1]",0.0
-1.5384444444444445,1,0.05895195656149976,0.002483705489619943,3.832028090974799e-05,2,"[-1.0, 0, -1.5384444444444445, 0, 1]",0.0
-1.5333333333333332,0,-0.06861728395061728,-0.002087352537722908,-0.0004407130268774896,1,"[-1.0, 0, -1.5333333333333332, 0, 1]",0.0
-1.5333333333333332,1,0.05880658436213991,0.0024715903063557377,3.842929141227664e-05,2,"[-1.0, 0, -1.5333333333333332, 0, 1]",0.0
-1.5282222222222224,0,-0.06853035089163237,-0.0020759662615109486,-0.00043820672605469755,1,"[-1.0, 0, -1.5282222222222224, 0, 1]",0.0
-1.5282222222222224,1,0.0586616959304984,0.0024595136955042765,3.8537703774229974e-05,2,"[-1.0, 0, -1.5282222222222224, 0, 1]",0.0
-1.523111111111111,0,-0.06844370809327846,-0.002064624343573642,-0.0004357195582697927,1,"[-1.0, 0, -1.523111111111111, 0, 1]",0.0
-1.523111111111111,1,0.05851729126657521,0.0024474755284908467,3.864551809949551e-05,2,"[-1.0, 0, -1.523111111111111, 0, 1]",0.0
-1.5179999999999998,0,-0.06835735555555555,-0.0020533266355555546,-0.00043325139066424146,1,"[-1.0, 0, -1.5179999999999998, 0, 1]",0.0
-1.5179999999999998,1,0.05837337037037036,0.00243547567674074,3.875273452917419e-05,2,"[-1.0, 0, -1.5179999999999998, 0, 1]",0.0
-1.512888888888889,0,-0.06827129327846365,-0.0020420729891012547,-0.00043080209124086153,1,"[-1.0, 0, -1.512888888888889, 0, 1]",0.0
-1.512888888888889,1,0.05822993324188386,0.0024235140116792495,3.8859353241203786e-05,2,"[-1.0, 0, -1.512888888888889, 0, 1]",0.0
-1.5077777777777777,0,-0.06818552126200274,-0.002030863255855306,-0.00042837152885963093,1,"[-1.0, 0, -1.5077777777777777, 0, 1]",0.0
-1.5077777777777777,1,0.05808697988111568,0.0024115904047316635,3.896537444998341e-05,2,"[-1.0, 0, -1.5077777777777777, 0, 1]",0.0
-1.5026666666666668,0,-0.06810003950617284,-0.0020196972874622775,-0.00042595957323351253,1,"[-1.0, 0, -1.5026666666666668, 0, 1]",0.0
-1.5026666666666668,1,0.05794451028806584,0.0023997047273232744,3.9070798405999236e-05,2,"[-1.0, 0, -1.5026666666666668, 0, 1]",0.0
-1.4975555555555555,0,-0.06801484801097393,-0.0020085749355667325,-0.0004235660949242899,1,"[-1.0, 0, -1.4975555555555555, 0, 1]",0.0
-1.4975555555555555,1,0.05780252446273434,0.0023878568508793716,3.917562539545137e-05,2,"[-1.0, 0, -1.4975555555555555, 0, 1]",0.0
-1.4924444444444442,0,-0.06792994677640603,-0.001997496051813239,-0.00042119096533842107,1,"[-1.0, 0, -1.4924444444444442, 0, 1]",0.0
-1.4924444444444442,1,0.057661022405121165,0.0023760466468252463,3.9279855739881734e-05,2,"[-1.0, 0, -1.4924444444444442, 0, 1]",0.0
-1.4873333333333334,0,-0.06784533580246914,-0.001986460487846365,-0.00041883405672290316,1,"[-1.0, 0, -1.4873333333333334, 0, 1]",0.0
-1.4873333333333334,1,0.057520004115226335,0.0023642739865861913,3.9383489795803754e-05,2,"[-1.0, 0, -1.4873333333333334, 0, 1]",0.0
-1.482222222222222,0,-0.06776101508916323,-0.0019754680953106736,-0.00041649524216115107,1,"[-1.0, 0, -1.482222222222222, 0, 1]",0.0
-1.482222222222222,1,0.057379469593049834,0.002352538741587495,3.948652795433347e-05,2,"[-1.0, 0, -1.482222222222222, 0, 1]",0.0
-1.4771111111111113,0,-0.06767698463648834,-0.0019645187258507343,-0.00041417439556889487,1,"[-1.0, 0, -1.4771111111111113, 0, 1]",0.0
-1.4771111111111113,1,0.057239418838591676,0.0023408407832544503,3.9588970640820636e-05,2,"[-1.0, 0, -1.4771111111111113, 0, 1]",0.0
-1.472,0,-0.06759324444444444,-0.001953612231111111,-0.0004118713916900834,1,"[-1.0, 0, -1.472, 0, 1]",0.0
-1.472,1,0.057099851851851846,0.0023291799830123454,3.9690818314482956e-05,2,"[-1.0, 0, -1.472, 0, 1]",0.0
-1.4668888888888887,0,-0.06750979451303155,-0.001942748462736371,-0.00040958610609281024,1,"[-1.0, 0, -1.4668888888888887, 0, 1]",0.0
-1.4668888888888887,1,0.05696076863283035,0.0023175562122864737,3.979207146803958e-05,2,"[-1.0, 0, -1.4668888888888887, 0, 1]",0.0
-1.4617777777777778,0,-0.06742663484224966,-0.001931927272371082,-0.0004073184151652478,1,"[-1.0, 0, -1.4617777777777778, 0, 1]",0.0
-1.4617777777777778,1,0.0568221691815272,0.0023059693425021258,3.9892730627347635e-05,2,"[-1.0, 0, -1.4617777777777778, 0, 1]",0.0
-1.4566666666666666,0,-0.06734376543209876,-0.0019211485116598075,-0.0004050681961115975,1,"[-1.0, 0, -1.4566666666666666, 0, 1]",0.0
-1.4566666666666666,1,0.05668405349794238,0.0022944192450845904,3.99927963510391e-05,2,"[-1.0, 0, -1.4566666666666666, 0, 1]",0.0
-1.4515555555555557,0,-0.06726118628257888,-0.0019104120322471169,-0.00040283532694805596,1,"[-1.0, 0, -1.4515555555555557, 0, 1]",0.0
-1.4515555555555557,1,0.0565464215820759,0.0022829057914591612,4.009226923015852e-05,2,"[-1.0, 0, -1.4515555555555557, 0, 1]",0.0
-1.4464444444444444,0,-0.06717889739368998,-0.0018997176857775745,-0.0004006196864987909,1,"[-1.0, 0, -1.4464444444444444, 0, 1]",0.0
-1.4464444444444444,1,0.05640927343392775,0.002271428853051127,4.019114988780347e-05,2,"[-1.0, 0, -1.4464444444444444, 0, 1]",0.0
-1.4413333333333331,0,-0.0670968987654321,-0.001889065323895747,-0.0003984211543919359,1,"[-1.0, 0, -1.4413333333333331, 0, 1]",0.0
-1.4413333333333331,1,0.05627260905349793,0.002259988301285779,4.028943897876463e-05,2,"[-1.0, 0, -1.4413333333333331, 0, 1]",0.0
-1.4362222222222223,0,-0.06701519039780521,-0.0018784547982462025,-0.0003962396110555961,1,"[-1.0, 0, -1.4362222222222223, 0, 1]",0.0
-1.4362222222222223,1,0.056136428440786465,0.0022485840075884096,4.0387137189168355e-05,2,"[-1.0, 0, -1.4362222222222223, 0, 1]",0.0
-1.431111111111111,0,-0.06693377229080932,-0.0018678859604735049,-0.0003940749377138683,1,"[-1.0, 0, -1.431111111111111, 0, 1]",0.0
-1.431111111111111,1,0.056000731595793315,0.0022372158433843076,4.048424523611947e-05,2,"[-1.0, 0, -1.431111111111111, 0, 1]",0.0
-1.4260000000000002,0,-0.06685264444444444,-0.0018573586622222227,-0.0003919270163828773,1,"[-1.0, 0, -1.4260000000000002, 0, 1]",0.0
-1.4260000000000002,1,0.05586551851851852,0.0022258836800987656,4.058076386734657e-05,2,"[-1.0, 0, -1.4260000000000002, 0, 1]",0.0
-1.4208888888888889,0,-0.06677180685871056,-0.00184687275513692,-0.0003897957298668229,1,"[-1.0, 0, -1.4208888888888889, 0, 1]",0.0
-1.4208888888888889,1,0.055730789208962045,0.002214587389157073,4.0676693860847184e-05,2,"[-1.0, 0, -1.4208888888888889, 0, 1]",0.0
-1.4157777777777776,0,-0.06669125953360767,-0.001836428090862165,-0.0003876809617540447,1,"[-1.0, 0, -1.4157777777777776, 0, 1]",0.0
-1.4157777777777776,1,0.05559654366712391,0.002203326841984521,4.077203602453552e-05,2,"[-1.0, 0, -1.4157777777777776, 0, 1]",0.0
-1.4106666666666667,0,-0.0666110024691358,-0.001826024521042524,-0.0003855825964130981,1,"[-1.0, 0, -1.4106666666666667, 0, 1]",0.0
-1.4106666666666667,1,0.05546278189300412,0.0021921019100064015,4.0866791195890296e-05,2,"[-1.0, 0, -1.4106666666666667, 0, 1]",0.0
-1.4055555555555554,0,-0.06653103566529492,-0.0018156618973225623,-0.0003835005189888452,1,"[-1.0, 0, -1.4055555555555554, 0, 1]",0.0
-1.4055555555555554,1,0.05532950388660265,0.0021809124646480034,4.096096024160478e-05,2,"[-1.0, 0, -1.4055555555555554, 0, 1]",0.0
-1.4004444444444446,0,-0.06645135912208505,-0.0018053400713468478,-0.00038143461539856137,1,"[-1.0, 0, -1.4004444444444446, 0, 1]",0.0
-1.4004444444444446,1,0.05519670964791953,0.002169758377334621,4.1054544057237443e-05,2,"[-1.0, 0, -1.4004444444444446, 0, 1]",0.0
-1.3953333333333333,0,-0.06637197283950617,-0.0017950588947599452,-0.0003793847723280526,1,"[-1.0, 0, -1.3953333333333333, 0, 1]",0.0
-1.3953333333333333,1,0.05506439917695473,0.002158639519491541,4.1147543566864565e-05,2,"[-1.0, 0, -1.3953333333333333, 0, 1]",0.0
-1.390222222222222,0,-0.0662928768175583,-0.0017848182192064213,-0.0003773508772277909,1,"[-1.0, 0, -1.390222222222222, 0, 1]",0.0
-1.390222222222222,1,0.054932572473708266,0.002147555762544056,4.1239959722733105e-05,2,"[-1.0, 0, -1.390222222222222, 0, 1]",0.0
-1.3851111111111112,0,-0.06621407105624143,-0.001774617896330844,-0.0003753328183090605,1,"[-1.0, 0, -1.3851111111111112, 0, 1]",0.0
-1.3851111111111112,1,0.05480122953818015,0.002136506977917458,4.133179350491572e-05,2,"[-1.0, 0, -1.3851111111111112, 0, 1]",0.0
-1.38,0,-0.06613555555555556,-0.0017644577777777774,-0.0003733304845401196,1,"[-1.0, 0, -1.38, 0, 1]",0.0
-1.38,1,0.05467037037037037,0.002125493037037037,4.142304592096671e-05,2,"[-1.0, 0, -1.38, 0, 1]",0.0
-1.374888888888889,0,-0.06605733031550068,-0.00175433771519179,-0.00037134376564237654,1,"[-1.0, 0, -1.374888888888889, 0, 1]",0.0
-1.374888888888889,1,0.05453999497027892,0.002114513811328084,4.1513718005579194e-05,2,"[-1.0, 0, -1.374888888888889, 0, 1]",0.0
-1.3697777777777778,0,-0.06597939533607682,-0.0017442575602174464,-0.0003693725520865792,1,"[-1.0, 0, -1.3697777777777778, 0, 1]",0.0
-1.3697777777777778,1,0.0544101033379058,0.0021035691722158883,4.160381082024374e-05,2,"[-1.0, 0, -1.3697777777777778, 0, 1]",0.0
-1.3646666666666665,0,-0.06590175061728394,-0.0017342171644993136,-0.0003674167350890185,1,"[-1.0, 0, -1.3646666666666665, 0, 1]",0.0
-1.3646666666666665,1,0.05428069547325102,0.0020926589911257425,4.1693325452907756e-05,2,"[-1.0, 0, -1.3646666666666665, 0, 1]",0.0
-1.3595555555555556,0,-0.06582439615912208,-0.001724216379681959,-0.0003654762066077474,1,"[-1.0, 0, -1.3595555555555556, 0, 1]",0.0
-1.3595555555555556,1,0.054151771376314585,0.002081783139482938,4.1782263017636913e-05,2,"[-1.0, 0, -1.3595555555555556, 0, 1]",0.0
-1.3544444444444443,0,-0.06574733196159122,-0.0017142550574099475,-0.0003635508593388111,1,"[-1.0, 0, -1.3544444444444443, 0, 1]",0.0
-1.3544444444444443,1,0.05402333104709647,0.0020709414887127636,4.18706246542772e-05,2,"[-1.0, 0, -1.3544444444444443, 0, 1]",0.0
-1.3493333333333335,0,-0.06567055802469135,-0.0017043330493278466,-0.0003616405867124952,1,"[-1.0, 0, -1.3493333333333335, 0, 1]",0.0
-1.3493333333333335,1,0.05389537448559671,0.0020601339102405123,4.19584115281185e-05,2,"[-1.0, 0, -1.3493333333333335, 0, 1]",0.0
-1.3442222222222222,0,-0.06559407434842249,-0.0016944502070802216,-0.00035974528288958434,1,"[-1.0, 0, -1.3442222222222222, 0, 1]",0.0
-1.3442222222222222,1,0.053767901691815265,0.0020493602754914726,4.204562482955937e-05,2,"[-1.0, 0, -1.3442222222222222, 0, 1]",0.0
-1.339111111111111,0,-0.06551788093278463,-0.0016846063823116393,-0.000357864842757637,1,"[-1.0, 0, -1.339111111111111, 0, 1]",0.0
-1.339111111111111,1,0.05364091266575216,0.0020386204558909375,4.2132265773773224e-05,2,"[-1.0, 0, -1.339111111111111, 0, 1]",0.0
-1.334,0,-0.06544197777777777,-0.0016748014266666667,-0.00035599916192727423,1,"[-1.0, 0, -1.334, 0, 1]",0.0
-1.334,1,0.053514407407407406,0.0020279143228641976,4.2218335600375514e-05,2,"[-1.0, 0, -1.334, 0, 1]",0.0
-1.3288888888888888,0,-0.06536636488340192,-0.001665035191789869,-0.00035414813672848117,1,"[-1.0, 0, -1.3288888888888888, 0, 1]",0.0
-1.3288888888888888,1,0.053388385916780974,0.002017241747836542,4.230383557309236e-05,2,"[-1.0, 0, -1.3288888888888888, 0, 1]",0.0
-1.323777777777778,0,-0.06529104224965707,-0.0016553075293258145,-0.00035231166420692455,1,"[-1.0, 0, -1.323777777777778, 0, 1]",0.0
-1.323777777777778,1,0.05326284819387289,0.002006602602233264,4.238876697943046e-05,2,"[-1.0, 0, -1.323777777777778, 0, 1]",0.0
-1.3186666666666667,0,-0.0652160098765432,-0.001645618290919067,-0.00035048964212028213,1,"[-1.0, 0, -1.3186666666666667, 0, 1]",0.0
-1.3186666666666667,1,0.053137794238683124,0.0019959967574796522,4.247313113034802e-05,2,"[-1.0, 0, -1.3186666666666667, 0, 1]",0.0
-1.3135555555555554,0,-0.06514126776406035,-0.0016359673282141946,-0.000348681968934589,1,"[-1.0, 0, -1.3135555555555554, 0, 1]",0.0
-1.3135555555555554,1,0.0530132240512117,0.001985424085000999,4.255692935992744e-05,2,"[-1.0, 0, -1.3135555555555554, 0, 1]",0.0
-1.3084444444444445,0,-0.0650668159122085,-0.001626354492855764,-0.0003468885438205952,1,"[-1.0, 0, -1.3084444444444445, 0, 1]",0.0
-1.3084444444444445,1,0.05288913763145862,0.001974884456222595,4.2640163025048754e-05,2,"[-1.0, 0, -1.3084444444444445, 0, 1]",0.0
-1.3033333333333332,0,-0.06499265432098765,-0.00161677963648834,-0.0003451092666501381,1,"[-1.0, 0, -1.3033333333333332, 0, 1]",0.0
-1.3033333333333332,1,0.052765534979423864,0.00196437774256973,4.2722833505064544e-05,2,"[-1.0, 0, -1.3033333333333332, 0, 1]",0.0
-1.2982222222222224,0,-0.0649187829903978,-0.0016072426107564906,-0.0003433440379925309,1,"[-1.0, 0, -1.2982222222222224, 0, 1]",0.0
-1.2982222222222224,1,0.052642416095107454,0.0019539038154676967,4.2804942201475944e-05,2,"[-1.0, 0, -1.2982222222222224, 0, 1]",0.0
-1.293111111111111,0,-0.06484520192043895,-0.0015977432673047807,-0.0003415927591109626,1,"[-1.0, 0, -1.293111111111111, 0, 1]",0.0
-1.293111111111111,1,0.05251978097850937,0.001943462546341784,4.28864905376105e-05,2,"[-1.0, 0, -1.293111111111111, 0, 1]",0.0
-1.2879999999999998,0,-0.06477191111111111,-0.0015882814577777773,-0.0003398553319589132,1,"[-1.0, 0, -1.2879999999999998, 0, 1]",0.0
-1.2879999999999998,1,0.05239762962962962,0.0019330538066172835,4.2967479958300436e-05,2,"[-1.0, 0, -1.2879999999999998, 0, 1]",0.0
-1.282888888888889,0,-0.06469891056241427,-0.001578857033820048,-0.0003381316591765833,1,"[-1.0, 0, -1.282888888888889, 0, 1]",0.0
-1.282888888888889,1,0.052275962048468225,0.001922677467719487,4.3047911929562906e-05,2,"[-1.0, 0, -1.282888888888889, 0, 1]",0.0
-1.2777777777777777,0,-0.06462620027434841,-0.0015694698470761568,-0.0003364216440873367,1,"[-1.0, 0, -1.2777777777777777, 0, 1]",0.0
-1.2777777777777777,1,0.052154778235025144,0.0019123334010736845,4.312778793828074e-05,2,"[-1.0, 0, -1.2777777777777777, 0, 1]",0.0
-1.2726666666666668,0,-0.06455378024691358,-0.0015601197491906724,-0.00033472519069415916,1,"[-1.0, 0, -1.2726666666666668, 0, 1]",0.0
-1.2726666666666668,1,0.05203407818930041,0.0019020214781051675,4.320710949188567e-05,2,"[-1.0, 0, -1.2726666666666668, 0, 1]",0.0
-1.2675555555555555,0,-0.06448165048010973,-0.0015508065918081594,-0.00033304220367612775,1,"[-1.0, 0, -1.2675555555555555, 0, 1]",0.0
-1.2675555555555555,1,0.051913861911294004,0.001891741570239225,4.328587811804142e-05,2,"[-1.0, 0, -1.2675555555555555, 0, 1]",0.0
-1.2624444444444443,0,-0.06440981097393689,-0.0015415302265731846,-0.0003313725883848984,1,"[-1.0, 0, -1.2624444444444443, 0, 1]",0.0
-1.2624444444444443,1,0.05179412940100594,0.0018814935489011493,4.336409536432898e-05,2,"[-1.0, 0, -1.2624444444444443, 0, 1]",0.0
-1.2573333333333334,0,-0.06433826172839506,-0.0015322905051303156,-0.0003297162508412049,1,"[-1.0, 0, -1.2573333333333334, 0, 1]",0.0
-1.2573333333333334,1,0.051674880658436215,0.0018712772855162324,4.344176279793275e-05,2,"[-1.0, 0, -1.2573333333333334, 0, 1]",0.0
-1.2522222222222221,0,-0.06426700274348422,-0.001523087279124117,-0.00032807309773137135,1,"[-1.0, 0, -1.2522222222222221, 0, 1]",0.0
-1.2522222222222221,1,0.05155611568358481,0.001861092651509763,4.3518882005328174e-05,2,"[-1.0, 0, -1.2522222222222221, 0, 1]",0.0
-1.2471111111111113,0,-0.06419603401920439,-0.001513920400199157,-0.0003264430364038422,1,"[-1.0, 0, -1.2471111111111113, 0, 1]",0.0
-1.2471111111111113,1,0.05143783447645176,0.0018509395183070334,4.35954545919706e-05,2,"[-1.0, 0, -1.2471111111111113, 0, 1]",0.0
-1.242,0,-0.06412535555555555,-0.0015047897199999998,-0.0003248259748657223,1,"[-1.0, 0, -1.242, 0, 1]",0.0
-1.242,1,0.05132003703703703,0.0018408177573333334,4.3671482181985064e-05,2,"[-1.0, 0, -1.242, 0, 1]",0.0
-1.2368888888888887,0,-0.06405496735253771,-0.0014956950901712134,-0.00032322182177933393,1,"[-1.0, 0, -1.2368888888888887, 0, 1]",0.0
-1.2368888888888887,1,0.051202723365340645,0.0018307272400139543,4.374696641785794e-05,2,"[-1.0, 0, -1.2368888888888887, 0, 1]",0.0
-1.2317777777777779,0,-0.06398486941015089,-0.0014866363623573643,-0.0003216304864587867,1,"[-1.0, 0, -1.2317777777777779, 0, 1]",0.0
-1.2317777777777779,1,0.051085893461362594,0.0018206678377741877,4.382190896012917e-05,2,"[-1.0, 0, -1.2317777777777779, 0, 1]",0.0
-1.2266666666666666,0,-0.06391506172839506,-0.0014776133882030177,-0.000320051878866561,1,"[-1.0, 0, -1.2266666666666666, 0, 1]",0.0
-1.2266666666666666,1,0.05096954732510288,0.001810639422039323,4.389631148708638e-05,2,"[-1.0, 0, -1.2266666666666666, 0, 1]",0.0
-1.2215555555555557,0,-0.06384554430727023,-0.0014686260193527412,-0.0003184859096101068,1,"[-1.0, 0, -1.2215555555555557, 0, 1]",0.0
-1.2215555555555557,1,0.0508536849565615,0.001800641864234653,4.39701756944597e-05,2,"[-1.0, 0, -1.2215555555555557, 0, 1]",0.0
-1.2164444444444444,0,-0.0637763171467764,-0.0014596741074510999,-0.00031693248993845636,1,"[-1.0, 0, -1.2164444444444444, 0, 1]",0.0
-1.2164444444444444,1,0.05073830635573845,0.0017906750357854664,4.404350329511862e-05,2,"[-1.0, 0, -1.2164444444444444, 0, 1]",0.0
-1.2113333333333332,0,-0.06370738024691358,-0.0014507575041426608,-0.0003153915317388501,1,"[-1.0, 0, -1.2113333333333332, 0, 1]",0.0
-1.2113333333333332,1,0.050623411522633735,0.001780738808117055,4.411629601876902e-05,2,"[-1.0, 0, -1.2113333333333332, 0, 1]",0.0
-1.2062222222222223,0,-0.06363873360768176,-0.0014418760610719914,-0.00031386294753337694,1,"[-1.0, 0, -1.2062222222222223, 0, 1]",0.0
-1.2062222222222223,1,0.05050900045724737,0.0017708330526547105,4.418855561165254e-05,2,"[-1.0, 0, -1.2062222222222223, 0, 1]",0.0
-1.201111111111111,0,-0.06357037722908093,-0.0014330296298836558,-0.0003123466504756292,1,"[-1.0, 0, -1.201111111111111, 0, 1]",0.0
-1.201111111111111,1,0.05039507315957933,0.0017609576408237225,4.4260283836246295e-05,2,"[-1.0, 0, -1.201111111111111, 0, 1]",0.0
-1.1960000000000002,0,-0.06350231111111111,-0.0014242180622222227,-0.00031084255434737153,1,"[-1.0, 0, -1.1960000000000002, 0, 1]",0.0
-1.1960000000000002,1,0.050281629629629634,0.0017511124440493827,4.43314824709648e-05,2,"[-1.0, 0, -1.1960000000000002, 0, 1]",0.0
-1.1908888888888889,0,-0.0634345352537723,-0.0014154412097322562,-0.0003093505735552228,1,"[-1.0, 0, -1.1908888888888889, 0, 1]",0.0
-1.1908888888888889,1,0.05016866986739826,0.0017412973337569816,4.4402153309862e-05,2,"[-1.0, 0, -1.1908888888888889, 0, 1]",0.0
-1.1857777777777776,0,-0.06336704965706447,-0.001406698924058324,-0.00030787062312735393,1,"[-1.0, 0, -1.1857777777777776, 0, 1]",0.0
-1.1857777777777776,1,0.05005619387288522,0.0017315121813718094,4.447229816233593e-05,2,"[-1.0, 0, -1.1857777777777776, 0, 1]",0.0
-1.1806666666666668,0,-0.06329985432098766,-0.0013979910568449932,-0.0003064026187101985,1,"[-1.0, 0, -1.1806666666666668, 0, 1]",0.0
-1.1806666666666668,1,0.049944201646090536,0.0017217568583191589,4.454191885283351e-05,2,"[-1.0, 0, -1.1806666666666668, 0, 1]",0.0
-1.1755555555555555,0,-0.06323294924554183,-0.0013893174597368284,-0.0003049464765651769,1,"[-1.0, 0, -1.1755555555555555, 0, 1]",0.0
-1.1755555555555555,1,0.04983269318701417,0.001712031236024319,4.461101722055686e-05,2,"[-1.0, 0, -1.1755555555555555, 0, 1]",0.0
-1.1704444444444446,0,-0.06316633443072703,-0.0013806779843783979,-0.0003035021135654372,1,"[-1.0, 0, -1.1704444444444446, 0, 1]",0.0
-1.1704444444444446,1,0.04972166849565615,0.0017023351859125815,4.4679595119171415e-05,2,"[-1.0, 0, -1.1704444444444446, 0, 1]",0.0
-1.1653333333333333,0,-0.06310000987654321,-0.001372072482414266,-0.00030206944719260616,1,"[-1.0, 0, -1.1653333333333333, 0, 1]",0.0
-1.1653333333333333,1,0.04961112757201646,0.0016926685794092363,4.4747654416514695e-05,2,"[-1.0, 0, -1.1653333333333333, 0, 1]",0.0
-1.160222222222222,0,-0.0630339755829904,-0.0013635008054890003,-0.0003006483955335585,1,"[-1.0, 0, -1.160222222222222, 0, 1]",0.0
-1.160222222222222,1,0.0495010704160951,0.001683031287939575,4.481519699430647e-05,2,"[-1.0, 0, -1.160222222222222, 0, 1]",0.0
-1.1551111111111112,0,-0.06296823155006859,-0.0013549628052471677,-0.00029923887727719697,1,"[-1.0, 0, -1.1551111111111112, 0, 1]",0.0
-1.1551111111111112,1,0.04939149702789209,0.0016734231829288895,4.488222474786059e-05,2,"[-1.0, 0, -1.1551111111111112, 0, 1]",0.0
-1.15,0,-0.06290277777777778,-0.0013464583333333332,-0.0002978408117112483,1,"[-1.0, 0, -1.15, 0, 1]",0.0
-1.15,1,0.0492824074074074,0.0016638441358024691,4.4948739585797326e-05,2,"[-1.0, 0, -1.15, 0, 1]",0.0
-1.144888888888889,0,-0.06283761426611797,-0.0013379872413920644,-0.00029645411871907274,1,"[-1.0, 0, -1.144888888888889, 0, 1]",0.0
-1.144888888888889,1,0.04917380155464106,0.0016542940179856056,4.501474342975797e-05,2,"[-1.0, 0, -1.144888888888889, 0, 1]",0.0
-1.1397777777777778,0,-0.06277274101508916,-0.0013295493810679265,-0.00029507871877648716,1,"[-1.0, 0, -1.1397777777777778, 0, 1]",0.0
-1.1397777777777778,1,0.049065679469593046,0.0016447727009035885,4.508023821411954e-05,2,"[-1.0, 0, -1.1397777777777778, 0, 1]",0.0
-1.1346666666666665,0,-0.06270815802469135,-0.0013211446040054865,-0.00029371453294860375,1,"[-1.0, 0, -1.1346666666666665, 0, 1]",0.0
-1.1346666666666665,1,0.04895804115226337,0.00163528005598171,4.514522588571171e-05,2,"[-1.0, 0, -1.1346666666666665, 0, 1]",0.0
-1.1295555555555556,0,-0.06264386529492455,-0.0013127727618493117,-0.00029236148288668104,1,"[-1.0, 0, -1.1295555555555556, 0, 1]",0.0
-1.1295555555555556,1,0.048850886602652036,0.001625815954645261,4.520970840353456e-05,2,"[-1.0, 0, -1.1295555555555556, 0, 1]",0.0
-1.1244444444444444,0,-0.06257986282578874,-0.0013044337062439668,-0.00029101949082498943,1,"[-1.0, 0, -1.1244444444444444, 0, 1]",0.0
-1.1244444444444444,1,0.048744215820759024,0.001616380268319531,4.52736877384776e-05,2,"[-1.0, 0, -1.1244444444444444, 0, 1]",0.0
-1.1193333333333335,0,-0.06251615061728395,-0.0012961272888340196,-0.0002896884795776924,1,"[-1.0, 0, -1.1193333333333335, 0, 1]",0.0
-1.1193333333333335,1,0.04863802880658436,0.0016069728684298128,4.533716587304028e-05,2,"[-1.0, 0, -1.1193333333333335, 0, 1]",0.0
-1.1142222222222222,0,-0.06245272866941015,-0.001287853361264035,-0.00028836837253573913,1,"[-1.0, 0, -1.1142222222222222, 0, 1]",0.0
-1.1142222222222222,1,0.04853232556012803,0.0015975936264013954,4.540014480105341e-05,2,"[-1.0, 0, -1.1142222222222222, 0, 1]",0.0
-1.109111111111111,0,-0.062389596982167346,-0.0012796117751785803,-0.00028705909366377367,1,"[-1.0, 0, -1.109111111111111, 0, 1]",0.0
-1.109111111111111,1,0.048427106081390024,0.0015882424136595705,4.5462626527402095e-05,2,"[-1.0, 0, -1.109111111111111, 0, 1]",0.0
-1.104,0,-0.06232675555555555,-0.0012714023822222222,-0.0002857605674970569,1,"[-1.0, 0, -1.104, 0, 1]",0.0
-1.104,1,0.04832237037037037,0.0015789191016296297,4.5524613067750015e-05,2,"[-1.0, 0, -1.104, 0, 1]",0.0
-1.0988888888888888,0,-0.06226420438957476,-0.0012632250340395264,-0.0002844727191384025,1,"[-1.0, 0, -1.0988888888888888, 0, 1]",0.0
-1.0988888888888888,1,0.04821811842706904,0.0015696235617368623,4.558610644826457e-05,2,"[-1.0, 0, -1.0988888888888888, 0, 1]",0.0
-1.093777777777778,0,-0.06220194348422496,-0.00125507958227506,-0.00028319547425512766,1,"[-1.0, 0, -1.093777777777778, 0, 1]",0.0
-1.093777777777778,1,0.048114350251486054,0.0015603556654065608,4.5647108705343885e-05,2,"[-1.0, 0, -1.093777777777778, 0, 1]",0.0
-1.0886666666666667,0,-0.06213997283950617,-0.0012469658785733881,-0.00028192875907601724,1,"[-1.0, 0, -1.0886666666666667, 0, 1]",0.0
-1.0886666666666667,1,0.0480110658436214,0.0015511152840640145,4.570762188534437e-05,2,"[-1.0, 0, -1.0886666666666667, 0, 1]",0.0
-1.0835555555555554,0,-0.06207829245541838,-0.001238883774579078,-0.0002806725003883029,1,"[-1.0, 0, -1.0835555555555554, 0, 1]",0.0
-1.0835555555555554,1,0.047908265203475076,0.001541902289134515,4.5767648044310065e-05,2,"[-1.0, 0, -1.0835555555555554, 0, 1]",0.0
-1.0784444444444445,0,-0.06201690233196159,-0.0012308331219366968,-0.0002794266255346552,1,"[-1.0, 0, -1.0784444444444445, 0, 1]",0.0
-1.0784444444444445,1,0.04780594833104709,0.001532716552043354,4.5827189247703276e-05,2,"[-1.0, 0, -1.0784444444444445, 0, 1]",0.0
-1.0733333333333333,0,-0.0619558024691358,-0.0012228137722908093,-0.00027819106241019036,1,"[-1.0, 0, -1.0733333333333333, 0, 1]",0.0
-1.0733333333333333,1,0.04770411522633744,0.0015235579442158206,4.5886247570135996e-05,2,"[-1.0, 0, -1.0733333333333333, 0, 1]",0.0
-1.0682222222222224,0,-0.061894992866941015,-0.001214825577285983,-0.0002769657394594916,1,"[-1.0, 0, -1.0682222222222224, 0, 1]",0.0
-1.0682222222222224,1,0.04760276588934614,0.0015144263370772072,4.594482509510306e-05,2,"[-1.0, 0, -1.0682222222222224, 0, 1]",0.0
-1.0631111111111111,0,-0.06183447352537723,-0.0012068683885667834,-0.0002757505856736432,1,"[-1.0, 0, -1.0631111111111111, 0, 1]",0.0
-1.0631111111111111,1,0.047501900320073155,0.0015053216020528034,4.6002923914716256e-05,2,"[-1.0, 0, -1.0631111111111111, 0, 1]",0.0
-1.0579999999999998,0,-0.06177424444444444,-0.0011989420577777773,-0.00027454553058728034,1,"[-1.0, 0, -1.0579999999999998, 0, 1]",0.0
-1.0579999999999998,1,0.04740151851851851,0.0014962436105679009,4.606054612943996e-05,2,"[-1.0, 0, -1.0579999999999998, 0, 1]",0.0
-1.052888888888889,0,-0.06171430562414266,-0.0011910464365635321,-0.00027335050427565184,1,"[-1.0, 0, -1.052888888888889, 0, 1]",0.0
-1.052888888888889,1,0.047301620484682214,0.001487192234047791,4.611769384782789e-05,2,"[-1.0, 0, -1.052888888888889, 0, 1]",0.0
-1.0477777777777777,0,-0.061654657064471874,-0.0011831813765686124,-0.00027216543735169684,1,"[-1.0, 0, -1.0477777777777777, 0, 1]",0.0
-1.0477777777777777,1,0.04720220621856424,0.001478167343917763,4.6174369186260944e-05,2,"[-1.0, 0, -1.0477777777777777, 0, 1]",0.0
-1.0426666666666669,0,-0.0615952987654321,-0.0011753467294375861,-0.0002709902609631371,1,"[-1.0, 0, -1.0426666666666669, 0, 1]",0.0
-1.0426666666666669,1,0.04710327572016461,0.0014691688116031095,4.623057426868676e-05,2,"[-1.0, 0, -1.0426666666666669, 0, 1]",0.0
-1.0375555555555556,0,-0.061536230727023314,-0.001167542346815018,-0.00026982490678958087,1,"[-1.0, 0, -1.0375555555555556, 0, 1]",0.0
-1.0375555555555556,1,0.047004828989483306,0.00146019650852912,4.628631122636007e-05,2,"[-1.0, 0, -1.0375555555555556, 0, 1]",0.0
-1.0324444444444443,0,-0.06147745294924554,-0.0011597680803454755,-0.0002686693070396441,1,"[-1.0, 0, -1.0324444444444443, 0, 1]",0.0
-1.0324444444444443,1,0.04690686602652034,0.0014512503061210856,4.634158219758464e-05,2,"[-1.0, 0, -1.0324444444444443, 0, 1]",0.0
-1.0273333333333334,0,-0.061418965432098765,-0.0011520237816735255,-0.00026752339444808247,1,"[-1.0, 0, -1.0273333333333334, 0, 1]",0.0
-1.0273333333333334,1,0.046809386831275716,0.0014423300758042983,4.639638932745623e-05,2,"[-1.0, 0, -1.0273333333333334, 0, 1]",0.0
-1.0222222222222221,0,-0.06136076817558299,-0.0011443093024437329,-0.0002663871022729394,1,"[-1.0, 0, -1.0222222222222221, 0, 1]",0.0
-1.0222222222222221,1,0.04671239140374942,0.0014334356890040474,4.645073476760701e-05,2,"[-1.0, 0, -1.0222222222222221, 0, 1]",0.0
-1.0171111111111113,0,-0.061302861179698215,-0.0011366244943006659,-0.0002652603642927082,1,"[-1.0, 0, -1.0171111111111113, 0, 1]",0.0
-1.0171111111111113,1,0.04661587974394148,0.001424567017145625,4.650462067595125e-05,2,"[-1.0, 0, -1.0171111111111113, 0, 1]",0.0
-1.012,0,-0.061245244444444444,-0.0011289692088888889,-0.00026414311480350724,1,"[-1.0, 0, -1.012, 0, 1]",0.0
-1.012,1,0.04651985185185185,0.0014157239316543212,4.655804921643179e-05,2,"[-1.0, 0, -1.012, 0, 1]",0.0
-1.0068888888888887,0,-0.06118791796982167,-0.0011213432978529694,-0.00026303528861627,1,"[-1.0, 0, -1.0068888888888887, 0, 1]",0.0
-1.0068888888888887,1,0.04642430772748056,0.0014069063039554265,4.6611022558768884e-05,2,"[-1.0, 0, -1.0068888888888887, 0, 1]",0.0
-1.0017777777777779,0,-0.061130881755829904,-0.001113746612837474,-0.0002619368210539494,1,"[-1.0, 0, -1.0017777777777779, 0, 1]",0.0
-1.0017777777777779,1,0.046329247370827616,0.0013981140054742335,4.666354287820875e-05,2,"[-1.0, 0, -1.0017777777777779, 0, 1]",0.0
-0.9966666666666666,0,-0.061074135802469134,-0.0011061790054869684,-0.00026084764794873474,1,"[-1.0, 0, -0.9966666666666666, 0, 1]",0.0
-0.9966666666666666,1,0.046234670781893,0.0013893469076360309,4.6715612355274936e-05,2,"[-1.0, 0, -0.9966666666666666, 0, 1]",0.0
-0.9915555555555557,0,-0.06101768010973937,-0.0010986403274460196,-0.0002597677056392852,1,"[-1.0, 0, -0.9915555555555557, 0, 1]",0.0
-0.9915555555555557,1,0.04614057796067673,0.0013806048818661115,4.676723317551975e-05,2,"[-1.0, 0, -0.9915555555555557, 0, 1]",0.0
-0.9864444444444445,0,-0.0609615146776406,-0.0010911304303591932,-0.00025869693096797506,1,"[-1.0, 0, -0.9864444444444445, 0, 1]",0.0
-0.9864444444444445,1,0.046046968907178784,0.0013718877995897644,4.681840752927771e-05,2,"[-1.0, 0, -0.9864444444444445, 0, 1]",0.0
-0.9813333333333332,0,-0.06090563950617284,-0.001083649165871056,-0.0002576352612781542,1,"[-1.0, 0, -0.9813333333333332, 0, 1]",0.0
-0.9813333333333332,1,0.04595384362139917,0.0013631955322322815,4.686913761141983e-05,2,"[-1.0, 0, -0.9813333333333332, 0, 1]",0.0
-0.9762222222222223,0,-0.06085005459533607,-0.001076196385626175,-0.0002565826344114227,1,"[-1.0, 0, -0.9762222222222223, 0, 1]",0.0
-0.9762222222222223,1,0.045861202103337904,0.001354527951218954,4.691942562110951e-05,2,"[-1.0, 0, -0.9762222222222223, 0, 1]",0.0
-0.971111111111111,0,-0.06079475994513031,-0.0010687719412691154,-0.0002555389887049189,1,"[-1.0, 0, -0.971111111111111, 0, 1]",0.0
-0.971111111111111,1,0.04576904435299497,0.0013458849279750717,4.6969273761559256e-05,2,"[-1.0, 0, -0.971111111111111, 0, 1]",0.0
-0.9660000000000002,0,-0.06073975555555555,-0.0010613756844444447,-0.0002545042629886225,1,"[-1.0, 0, -0.9660000000000002, 0, 1]",0.0
-0.9660000000000002,1,0.04567737037037037,0.0013372663339259261,4.701868423978907e-05,2,"[-1.0, 0, -0.9660000000000002, 0, 1]",0.0
-0.9608888888888889,0,-0.0606850414266118,-0.0010540074667967283,-0.0002534783965826704,1,"[-1.0, 0, -0.9608888888888889, 0, 1]",0.0
-0.9608888888888889,1,0.045586180155464104,0.0013286720404968079,4.70676592663859e-05,2,"[-1.0, 0, -0.9608888888888889, 0, 1]",0.0
-0.9557777777777776,0,-0.06063061755829904,-0.0010466671399705328,-0.0002524613292946882,1,"[-1.0, 0, -0.9557777777777776, 0, 1]",0.0
-0.9557777777777776,1,0.04549547370827617,0.0013201019191130074,4.71162010552644e-05,2,"[-1.0, 0, -0.9557777777777776, 0, 1]",0.0
-0.9506666666666668,0,-0.06057648395061728,-0.0010393545556104252,-0.00025145300141713443,1,"[-1.0, 0, -0.9506666666666668, 0, 1]",0.0
-0.9506666666666668,1,0.04540525102880658,0.0013115558411998173,4.7164311823428926e-05,2,"[-1.0, 0, -0.9506666666666668, 0, 1]",0.0
-0.9455555555555555,0,-0.060522640603566526,-0.0010320695653609712,-0.0002504533537246598,1,"[-1.0, 0, -0.9455555555555555, 0, 1]",0.0
-0.9455555555555555,1,0.045315512117055326,0.001303033678182526,4.721199379073686e-05,2,"[-1.0, 0, -0.9455555555555555, 0, 1]",0.0
-0.9404444444444446,0,-0.060469087517146775,-0.001024812020866738,-0.0002494623274714799,1,"[-1.0, 0, -0.9404444444444446, 0, 1]",0.0
-0.9404444444444446,1,0.045226256973022405,0.0012945353014864268,4.7259249179662976e-05,2,"[-1.0, 0, -0.9404444444444446, 0, 1]",0.0
-0.9353333333333333,0,-0.06041582469135802,-0.0010175817737722909,-0.0002484798643887622,1,"[-1.0, 0, -0.9353333333333333, 0, 1]",0.0
-0.9353333333333333,1,0.04513748559670781,0.0012860605825368084,4.730608021506558e-05,2,"[-1.0, 0, -0.9353333333333333, 0, 1]",0.0
-0.9302222222222221,0,-0.06036285212620027,-0.0010103786757221967,-0.00024750590668202777,1,"[-1.0, 0, -0.9302222222222221, 0, 1]",0.0
-0.9302222222222221,1,0.045049197988111564,0.0012776093927589626,4.735248912395328e-05,2,"[-1.0, 0, -0.9302222222222221, 0, 1]",0.0
-0.9251111111111112,0,-0.060310169821673525,-0.0010032025783610224,-0.0002465403970285658,1,"[-1.0, 0, -0.9251111111111112, 0, 1]",0.0
-0.9251111111111112,1,0.04496139414723365,0.001269181603578181,4.7398478135253316e-05,2,"[-1.0, 0, -0.9251111111111112, 0, 1]",0.0
-0.9199999999999999,0,-0.06025777777777777,-0.0009960533333333332,-0.000245583278574863,1,"[-1.0, 0, -0.9199999999999999, 0, 1]",0.0
-0.9199999999999999,1,0.044874074074074066,0.001260777086419753,4.744404947958143e-05,2,"[-1.0, 0, -0.9199999999999999, 0, 1]",0.0
-0.9148888888888891,0,-0.06020567599451303,-0.0009889307922836966,-0.00024463449493404766,1,"[-1.0, 0, -0.9148888888888891, 0, 1]",0.0
-0.9148888888888891,1,0.04478723776863283,0.0012523957127089707,4.748920538901243e-05,2,"[-1.0, 0, -0.9148888888888891, 0, 1]",0.0
-0.9097777777777778,0,-0.06015386447187929,-0.0009818348068566783,-0.00024369399018334627,1,"[-1.0, 0, -0.9097777777777778, 0, 1]",0.0
-0.9097777777777778,1,0.04470088523090992,0.001244037353871124,4.753394809685234e-05,2,"[-1.0, 0, -0.9097777777777778, 0, 1]",0.0
-0.9046666666666665,0,-0.060102343209876535,-0.0009747652286968446,-0.00024276170886155548,1,"[-1.0, 0, -0.9046666666666665, 0, 1]",0.0
-0.9046666666666665,1,0.04461501646090534,0.001235701881331504,4.757827983741197e-05,2,"[-1.0, 0, -0.9046666666666665, 0, 1]",0.0
-0.8995555555555557,0,-0.0600511122085048,-0.000967721909448763,-0.00024183759596652814,1,"[-1.0, 0, -0.8995555555555557, 0, 1]",0.0
-0.8995555555555557,1,0.044529631458619115,0.0012273891665154025,4.7622202845781376e-05,2,"[-1.0, 0, -0.8995555555555557, 0, 1]",0.0
-0.8944444444444444,0,-0.060000171467764055,-0.0009607047007569984,-0.00024092159695267206,1,"[-1.0, 0, -0.8944444444444444, 0, 1]",0.0
-0.8944444444444444,1,0.04444473022405121,0.001219099080848109,4.766571935760578e-05,2,"[-1.0, 0, -0.8944444444444444, 0, 1]",0.0
-0.8893333333333335,0,-0.05994952098765432,-0.0009537134542661182,-0.00024001365772846495,1,"[-1.0, 0, -0.8893333333333335, 0, 1]",0.0
-0.8893333333333335,1,0.04436031275720165,0.0012108314957549157,4.7708831608862805e-05,2,"[-1.0, 0, -0.8893333333333335, 0, 1]",0.0
-0.8842222222222222,0,-0.05989916076817558,-0.000946748021620688,-0.00023911372465398143,1,"[-1.0, 0, -0.8842222222222222, 0, 1]",0.0
-0.8842222222222222,1,0.044276379058070414,0.001202586282661112,4.7751541835640893e-05,2,"[-1.0, 0, -0.8842222222222222, 0, 1]",0.0
-0.879111111111111,0,-0.05984909080932784,-0.0009398082544652745,-0.00023822174453843565,1,"[-1.0, 0, -0.879111111111111, 0, 1]",0.0
-0.879111111111111,1,0.04419292912665752,0.0011943633129919897,4.7793852273918934e-05,2,"[-1.0, 0, -0.879111111111111, 0, 1]",0.0
-0.8740000000000001,0,-0.05979931111111111,-0.0009328940044444446,-0.00023733766463773703,1,"[-1.0, 0, -0.8740000000000001, 0, 1]",0.0
-0.8740000000000001,1,0.04410996296296296,0.0011861624581728397,4.78357651593473e-05,2,"[-1.0, 0, -0.8740000000000001, 0, 1]",0.0
-0.8688888888888888,0,-0.059749821673525376,-0.0009260051232027637,-0.00023646143265206043,1,"[-1.0, 0, -0.8688888888888888, 0, 1]",0.0
-0.8688888888888888,1,0.044027480566986736,0.0011779835896289523,4.7877282727029935e-05,2,"[-1.0, 0, -0.8688888888888888, 0, 1]",0.0
-0.863777777777778,0,-0.05970062249657064,-0.0009191414623847993,-0.00023559299672343064,1,"[-1.0, 0, -0.863777777777778, 0, 1]",0.0
-0.863777777777778,1,0.04394548193872885,0.0011698265787856192,4.7918407211308e-05,2,"[-1.0, 0, -0.863777777777778, 0, 1]",0.0
-0.8586666666666667,0,-0.05965171358024691,-0.0009123028736351165,-0.00023473230543332048,1,"[-1.0, 0, -0.8586666666666667, 0, 1]",0.0
-0.8586666666666667,1,0.0438639670781893,0.0011616912970681297,4.7959140845544496e-05,2,"[-1.0, 0, -0.8586666666666667, 0, 1]",0.0
-0.8535555555555554,0,-0.05960309492455418,-0.0009054892085982825,-0.0002338793078002634,1,"[-1.0, 0, -0.8535555555555554, 0, 1]",0.0
-0.8535555555555554,1,0.04378293598536808,0.0011535776159017764,4.799948586191023e-05,2,"[-1.0, 0, -0.8535555555555554, 0, 1]",0.0
-0.8484444444444446,0,-0.05955476652949245,-0.0008987003189188642,-0.00023303395327748,1,"[-1.0, 0, -0.8484444444444446, 0, 1]",0.0
-0.8484444444444446,1,0.043702388660265205,0.0011454854067118497,4.8039444491171285e-05,2,"[-1.0, 0, -0.8484444444444446, 0, 1]",0.0
-0.8433333333333333,0,-0.05950672839506173,-0.0008919360562414266,-0.00023219619175051827,1,"[-1.0, 0, -0.8433333333333333, 0, 1]",0.0
-0.8433333333333333,1,0.04362232510288065,0.0011374145409236397,4.807901896247726e-05,2,"[-1.0, 0, -0.8433333333333333, 0, 1]",0.0
-0.8382222222222224,0,-0.059458980521262,-0.0008851962722105372,-0.00023136597353490878,1,"[-1.0, 0, -0.8382222222222224, 0, 1]",0.0
-0.8382222222222224,1,0.04354274531321445,0.0011293648899624383,4.811821150315135e-05,2,"[-1.0, 0, -0.8382222222222224, 0, 1]",0.0
-0.8331111111111111,0,-0.059411522908093276,-0.0008784808184707616,-0.00023054324937383318,1,"[-1.0, 0, -0.8331111111111111, 0, 1]",0.0
-0.8331111111111111,1,0.04346364929126657,0.0011213363252535352,4.81570243384812e-05,2,"[-1.0, 0, -0.8331111111111111, 0, 1]",0.0
-0.8279999999999998,0,-0.059364355555555554,-0.0008717895466666663,-0.00022972797043580712,1,"[-1.0, 0, -0.8279999999999998, 0, 1]",0.0
-0.8279999999999998,1,0.043385037037037034,0.0011133287182222222,4.8195459691511224e-05,2,"[-1.0, 0, -0.8279999999999998, 0, 1]",0.0
-0.822888888888889,0,-0.059317478463648834,-0.0008651223084428188,-0.00022892008831237716,1,"[-1.0, 0, -0.822888888888889, 0, 1]",0.0
-0.822888888888889,1,0.04330690855052583,0.0011053419402937902,4.823351978283629e-05,2,"[-1.0, 0, -0.822888888888889, 0, 1]",0.0
-0.8177777777777777,0,-0.05927089163237311,-0.0008584789554437839,-0.0002281195550158317,1,"[-1.0, 0, -0.8177777777777777, 0, 1]",0.0
-0.8177777777777777,1,0.043229263831732964,0.001097375862893529,4.827120683039659e-05,2,"[-1.0, 0, -0.8177777777777777, 0, 1]",0.0
-0.8126666666666669,0,-0.05922459506172839,-0.0008518593393141293,-0.00022732632297692648,1,"[-1.0, 0, -0.8126666666666669, 0, 1]",0.0
-0.8126666666666669,1,0.04315210288065843,0.001089430357446731,4.830852304927349e-05,2,"[-1.0, 0, -0.8126666666666669, 0, 1]",0.0
-0.8075555555555556,0,-0.059178588751714674,-0.0008452633116984201,-0.00022654034504262325,1,"[-1.0, 0, -0.8075555555555556, 0, 1]",0.0
-0.8075555555555556,1,0.04307542569730224,0.0010815052953786855,4.834547065148723e-05,2,"[-1.0, 0, -0.8075555555555556, 0, 1]",0.0
-0.8024444444444443,0,-0.05913287270233196,-0.0008386907242412232,-0.00022576157447384346,1,"[-1.0, 0, -0.8024444444444443, 0, 1]",0.0
-0.8024444444444443,1,0.04299923228166438,0.0010736005481146841,4.838205184579529e-05,2,"[-1.0, 0, -0.8024444444444443, 0, 1]",0.0
-0.7973333333333334,0,-0.05908744691358025,-0.0008321414285871057,-0.0002249899649432355,1,"[-1.0, 0, -0.7973333333333334, 0, 1]",0.0
-0.7973333333333334,1,0.042923522633744854,0.0010657159870800185,4.841826883749238e-05,2,"[-1.0, 0, -0.7973333333333334, 0, 1]",0.0
-0.7922222222222222,0,-0.05904231138545953,-0.0008256152763806329,-0.00022422547053295596,1,"[-1.0, 0, -0.7922222222222222, 0, 1]",0.0
-0.7922222222222222,1,0.042848296753543666,0.001057851483699978,4.8454123828211676e-05,2,"[-1.0, 0, -0.7922222222222222, 0, 1]",0.0
-0.7871111111111113,0,-0.05899746611796982,-0.0008191121192663722,-0.00022346804573246563,1,"[-1.0, 0, -0.7871111111111113, 0, 1]",0.0
-0.7871111111111113,1,0.042773554641060814,0.0010500069093998547,4.8489619015727046e-05,2,"[-1.0, 0, -0.7871111111111113, 0, 1]",0.0
-0.782,0,-0.05895291111111111,-0.0008126318088888889,-0.00022271764543633872,1,"[-1.0, 0, -0.782, 0, 1]",0.0
-0.782,1,0.04269929629629629,0.0010421821356049383,4.8524756593756936e-05,2,"[-1.0, 0, -0.782, 0, 1]",0.0
-0.7768888888888887,0,-0.058908646364883396,-0.0008061741968927499,-0.00022197422494208674,1,"[-1.0, 0, -0.7768888888888887, 0, 1]",0.0
-0.7768888888888887,1,0.04262552171925011,0.0010343770337405203,4.855953875176918e-05,2,"[-1.0, 0, -0.7768888888888887, 0, 1]",0.0
-0.7717777777777779,0,-0.05886467187928669,-0.0007997391349225222,-0.00022123773994799643,1,"[-1.0, 0, -0.7717777777777779, 0, 1]",0.0
-0.7717777777777779,1,0.042552230909922266,0.0010265914752318923,4.859396767478713e-05,2,"[-1.0, 0, -0.7717777777777779, 0, 1]",0.0
-0.7666666666666666,0,-0.058820987654320984,-0.0007933264746227709,-0.00022050814655098116,1,"[-1.0, 0, -0.7666666666666666, 0, 1]",0.0
-0.7666666666666666,1,0.04247942386831276,0.0010188253315043438,4.86280455431974e-05,2,"[-1.0, 0, -0.7666666666666666, 0, 1]",0.0
-0.7615555555555558,0,-0.05877759368998628,-0.0007869360676380635,-0.00021978540124444764,1,"[-1.0, 0, -0.7615555555555558, 0, 1]",0.0
-0.7615555555555558,1,0.042407100594421585,0.0010110784739831668,4.866177453255826e-05,2,"[-1.0, 0, -0.7615555555555558, 0, 1]",0.0
-0.7564444444444445,0,-0.05873448998628258,-0.0007805677656129654,-0.00021906946091617536,1,"[-1.0, 0, -0.7564444444444445, 0, 1]",0.0
-0.7564444444444445,1,0.04233526108824874,0.001003350774093651,4.869515681340988e-05,2,"[-1.0, 0, -0.7564444444444445, 0, 1]",0.0
-0.7513333333333332,0,-0.05869167654320987,-0.0007742214201920437,-0.00021836028284621101,1,"[-1.0, 0, -0.7513333333333332, 0, 1]",0.0
-0.7513333333333332,1,0.04226390534979423,0.000995642103261088,4.8728194551085445e-05,2,"[-1.0, 0, -0.7513333333333332, 0, 1]",0.0
-0.7462222222222223,0,-0.058649153360768175,-0.000767896883019865,-0.0002176578247047768,1,"[-1.0, 0, -0.7462222222222223, 0, 1]",0.0
-0.7462222222222223,1,0.04219303337905807,0.000987952332910769,4.8760889905523756e-05,2,"[-1.0, 0, -0.7462222222222223, 0, 1]",0.0
-0.741111111111111,0,-0.058606920438957474,-0.0007615940057409946,-0.00021696204455019243,1,"[-1.0, 0, -0.741111111111111, 0, 1]",0.0
-0.741111111111111,1,0.04212264517604024,0.0009802813344679843,4.879324503108294e-05,2,"[-1.0, 0, -0.741111111111111, 0, 1]",0.0
-0.7360000000000002,0,-0.05856497777777778,-0.0007553126400000002,-0.00021627290082681187,1,"[-1.0, 0, -0.7360000000000002, 0, 1]",0.0
-0.7360000000000002,1,0.04205274074074074,0.000972628979358025,4.8825262076355444e-05,2,"[-1.0, 0, -0.7360000000000002, 0, 1]",0.0
-0.7308888888888889,0,-0.058523325377229075,-0.000749052637441447,-0.0002155903523629736,1,"[-1.0, 0, -0.7308888888888889, 0, 1]",0.0
-0.7308888888888889,1,0.04198332007315958,0.0009649951390061815,4.885694318398458e-05,2,"[-1.0, 0, -0.7308888888888889, 0, 1]",0.0
-0.7257777777777776,0,-0.058481963237311384,-0.0007428138497099018,-0.0002149143583689655,1,"[-1.0, 0, -0.7257777777777776, 0, 1]",0.0
-0.7257777777777776,1,0.04191438317329675,0.0009573796848377446,4.888829049048178e-05,2,"[-1.0, 0, -0.7257777777777776, 0, 1]",0.0
-0.7206666666666668,0,-0.05844089135802469,-0.0007365961284499315,-0.000214244878435003,1,"[-1.0, 0, -0.7206666666666668, 0, 1]",0.0
-0.7206666666666668,1,0.041845930041152266,0.0009497824882780066,4.891930612604557e-05,2,"[-1.0, 0, -0.7206666666666668, 0, 1]",0.0
-0.7155555555555555,0,-0.058400109739368995,-0.0007303993253061017,-0.00021358187252922228,1,"[-1.0, 0, -0.7155555555555555, 0, 1]",0.0
-0.7155555555555555,1,0.04177796067672611,0.0009422034207522565,4.894999221438174e-05,2,"[-1.0, 0, -0.7155555555555555, 0, 1]",0.0
-0.7104444444444447,0,-0.058359618381344305,-0.0007242232919229795,-0.00021292530099568696,1,"[-1.0, 0, -0.7104444444444447, 0, 1]",0.0
-0.7104444444444447,1,0.04171047508001829,0.0009346423536857867,4.898035087252451e-05,2,"[-1.0, 0, -0.7104444444444447, 0, 1]",0.0
-0.7053333333333334,0,-0.05831941728395061,-0.0007180678799451303,-0.00021227512455240894,1,"[-1.0, 0, -0.7053333333333334, 0, 1]",0.0
-0.7053333333333334,1,0.0416434732510288,0.0009270991585038867,4.90103842106594e-05,2,"[-1.0, 0, -0.7053333333333334, 0, 1]",0.0
-0.7002222222222221,0,-0.05827950644718793,-0.0007119329410171212,-0.00021163130428938364,1,"[-1.0, 0, -0.7002222222222221, 0, 1]",0.0
-0.7002222222222221,1,0.04157695518975765,0.000919573706631848,4.904009433194682e-05,2,"[-1.0, 0, -0.7002222222222221, 0, 1]",0.0
-0.6951111111111112,0,-0.05823988587105624,-0.000705818326783519,-0.00021099380166663865,1,"[-1.0, 0, -0.6951111111111112, 0, 1]",0.0
-0.6951111111111112,1,0.041510920896204846,0.0009120658694949619,4.90694833323474e-05,2,"[-1.0, 0, -0.6951111111111112, 0, 1]",0.0
-0.69,0,-0.058200555555555554,-0.0006997238888888889,-0.00021036257851229738,1,"[-1.0, 0, -0.69, 0, 1]",0.0
-0.69,1,0.04144537037037037,0.0009045755185185185,4.9098553300448335e-05,2,"[-1.0, 0, -0.69, 0, 1]",0.0
-0.6848888888888891,0,-0.05816151550068587,-0.0006936494789777984,-0.00020973759702065615,1,"[-1.0, 0, -0.6848888888888891, 0, 1]",0.0
-0.6848888888888891,1,0.04138030361225423,0.0008971025251278094,4.912730631729104e-05,2,"[-1.0, 0, -0.6848888888888891, 0, 1]",0.0
-0.6797777777777778,0,-0.058122765706447185,-0.0006875949486948127,-0.0002091188197502754,1,"[-1.0, 0, -0.6797777777777778, 0, 1]",0.0
-0.6797777777777778,1,0.04131572062185642,0.0008896467607481246,4.915574445620016e-05,2,"[-1.0, 0, -0.6797777777777778, 0, 1]",0.0
-0.674666666666667,0,-0.05808430617283951,-0.0006815601496844997,-0.0002085062096220854,1,"[-1.0, 0, -0.674666666666667, 0, 1]",0.0
-0.674666666666667,1,0.04125162139917696,0.0008822080968047559,4.9183869782613656e-05,2,"[-1.0, 0, -0.674666666666667, 0, 1]",0.0
-0.6695555555555557,0,-0.05804613689986282,-0.0006755449335914243,-0.0002078997299175054,1,"[-1.0, 0, -0.6695555555555557, 0, 1]",0.0
-0.6695555555555557,1,0.041188005944215816,0.0008747864047229929,4.921168435391425e-05,2,"[-1.0, 0, -0.6695555555555557, 0, 1]",0.0
-0.6644444444444444,0,-0.058008257887517144,-0.0006695491520601534,-0.00020729934427657771,1,"[-1.0, 0, -0.6644444444444444, 0, 1]",0.0
-0.6644444444444444,1,0.04112487425697302,0.0008673815559281274,4.923919021926229e-05,2,"[-1.0, 0, -0.6644444444444444, 0, 1]",0.0
-0.6593333333333335,0,-0.05797066913580247,-0.0006635726567352541,-0.0002067050166961151,1,"[-1.0, 0, -0.6593333333333335, 0, 1]",0.0
-0.6593333333333335,1,0.04106222633744856,0.0008599934218454506,4.926638941942958e-05,2,"[-1.0, 0, -0.6593333333333335, 0, 1]",0.0
-0.6542222222222223,0,-0.05793337064471879,-0.0006576152992612916,-0.00020611671152786235,1,"[-1.0, 0, -0.6542222222222223, 0, 1]",0.0
-0.6542222222222223,1,0.04100006218564243,0.0008526218739002523,4.9293283986634614e-05,2,"[-1.0, 0, -0.6542222222222223, 0, 1]",0.0
-0.6491111111111114,0,-0.057896362414266114,-0.0006516769312828332,-0.00020553439347667274,1,"[-1.0, 0, -0.6491111111111114, 0, 1]",0.0
-0.6491111111111114,1,0.040938381801554645,0.0008452667835178245,4.931987594437929e-05,2,"[-1.0, 0, -0.6491111111111114, 0, 1]",0.0
-0.6440000000000001,0,-0.05785964444444444,-0.0006457574044444446,-0.0002049580275986975,1,"[-1.0, 0, -0.6440000000000001, 0, 1]",0.0
-0.6440000000000001,1,0.04087718518518518,0.000837928022123457,4.934616730728633e-05,2,"[-1.0, 0, -0.6440000000000001, 0, 1]",0.0
-0.6388888888888888,0,-0.05782321673525377,-0.0006398565703906924,-0.00020438757929958998,1,"[-1.0, 0, -0.6388888888888888, 0, 1]",0.0
-0.6388888888888888,1,0.040816472336534064,0.0008306054611424411,4.9372160080938686e-05,2,"[-1.0, 0, -0.6388888888888888, 0, 1]",0.0
-0.633777777777778,0,-0.0577870792866941,-0.0006339742807661436,-0.0002038230143327238,1,"[-1.0, 0, -0.633777777777778, 0, 1]",0.0
-0.633777777777778,1,0.04075624325560128,0.0008232989720000681,4.939785626171949e-05,2,"[-1.0, 0, -0.633777777777778, 0, 1]",0.0
-0.6286666666666667,0,-0.057751232098765426,-0.0006281103872153635,-0.00020326429879742518,1,"[-1.0, 0, -0.6286666666666667, 0, 1]",0.0
-0.6286666666666667,1,0.040696497942386826,0.0008160084261216277,4.942325783665388e-05,2,"[-1.0, 0, -0.6286666666666667, 0, 1]",0.0
-0.6235555555555559,0,-0.057715675171467765,-0.0006222647413829197,-0.00020271139913721902,1,"[-1.0, 0, -0.6235555555555559, 0, 1]",0.0
-0.6235555555555559,1,0.04063723639689072,0.0008087336949324126,4.944836678325166e-05,2,"[-1.0, 0, -0.6235555555555559, 0, 1]",0.0
-0.6184444444444446,0,-0.05768040850480109,-0.0006164371949133772,-0.00020216428213808913,1,"[-1.0, 0, -0.6184444444444446, 0, 1]",0.0
-0.6184444444444446,1,0.04057845861911294,0.0008014746498577115,4.9473185069351356e-05,2,"[-1.0, 0, -0.6184444444444446, 0, 1]",0.0
-0.6133333333333333,0,-0.05764543209876543,-0.0006106275994513031,-0.0002016229149267535,1,"[-1.0, 0, -0.6133333333333333, 0, 1]",0.0
-0.6133333333333333,1,0.04052016460905349,0.0007942311623228166,4.949771465296571e-05,2,"[-1.0, 0, -0.6133333333333333, 0, 1]",0.0
-0.6082222222222224,0,-0.05761074595336077,-0.0006048358066412643,-0.00020108726496895183,1,"[-1.0, 0, -0.6082222222222224, 0, 1]",0.0
-0.6082222222222224,1,0.04046235436671239,0.0007870031037530189,4.952195748212817e-05,2,"[-1.0, 0, -0.6082222222222224, 0, 1]",0.0
-0.6031111111111112,0,-0.05757635006858711,-0.0005990616681278261,-0.00020055730006774875,1,"[-1.0, 0, -0.6031111111111112, 0, 1]",0.0
-0.6031111111111112,1,0.04040502789208962,0.0007797903455736085,4.9545915494740774e-05,2,"[-1.0, 0, -0.6031111111111112, 0, 1]",0.0
-0.5979999999999999,0,-0.05754224444444444,-0.0005933050355555554,-0.00020003298836185045,1,"[-1.0, 0, -0.5979999999999999, 0, 1]",0.0
-0.5979999999999999,1,0.04034818518518518,0.0007725927592098764,4.956959061842326e-05,2,"[-1.0, 0, -0.5979999999999999, 0, 1]",0.0
-0.592888888888889,0,-0.05750842908093278,-0.0005875657605690191,-0.00019951429832393568,1,"[-1.0, 0, -0.592888888888889, 0, 1]",0.0
-0.592888888888889,1,0.040291826245999085,0.0007654102160871142,4.959298477036352e-05,2,"[-1.0, 0, -0.592888888888889, 0, 1]",0.0
-0.5877777777777782,0,-0.057474903978052126,-0.000581843694812783,-0.00019900119875900014,1,"[-1.0, 0, -0.5877777777777782, 0, 1]",0.0
-0.5877777777777782,1,0.040235951074531325,0.0007582425876306125,4.9616099857169185e-05,2,"[-1.0, 0, -0.5877777777777782, 0, 1]",0.0
-0.5826666666666664,0,-0.05744166913580247,-0.0005761386899314126,-0.0001984936588027158,1,"[-1.0, 0, -0.5826666666666664, 0, 1]",0.0
-0.5826666666666664,1,0.040180559670781886,0.0007510897452656604,4.963893777472058e-05,2,"[-1.0, 0, -0.5826666666666664, 0, 1]",0.0
-0.5775555555555556,0,-0.05740872455418381,-0.0005704505975694762,-0.00019799164791980416,1,"[-1.0, 0, -0.5775555555555556, 0, 1]",0.0
-0.5775555555555556,1,0.0401256520347508,0.0007439515604175515,4.966150040802494e-05,2,"[-1.0, 0, -0.5775555555555556, 0, 1]",0.0
-0.5724444444444448,0,-0.05737607023319616,-0.0005647792693715392,-0.000197495135902423,1,"[-1.0, 0, -0.5724444444444448, 0, 1]",0.0
-0.5724444444444448,1,0.040071228166438044,0.0007368279045115757,4.968378963107174e-05,2,"[-1.0, 0, -0.5724444444444448, 0, 1]",0.0
-0.567333333333333,0,-0.0573437061728395,-0.000559124556982167,-0.00019700409286856773,1,"[-1.0, 0, -0.567333333333333, 0, 1]",0.0
-0.567333333333333,1,0.04001728806584361,0.000729718648973022,4.9705807306689495e-05,2,"[-1.0, 0, -0.567333333333333, 0, 1]",0.0
-0.5622222222222222,0,-0.057311632373113854,-0.0005534863120459279,-0.00019651848926048715,1,"[-1.0, 0, -0.5622222222222222, 0, 1]",0.0
-0.5622222222222222,1,0.03996383173296753,0.0007226236652271841,4.972755528640371e-05,2,"[-1.0, 0, -0.5622222222222222, 0, 1]",0.0
-0.5571111111111113,0,-0.0572798488340192,-0.0005478643862073873,-0.00019603829584311205,1,"[-1.0, 0, -0.5571111111111113, 0, 1]",0.0
-0.5571111111111113,1,0.03991085916780979,0.0007155428246993517,4.974903541029608e-05,2,"[-1.0, 0, -0.5571111111111113, 0, 1]",0.0
-0.5520000000000005,0,-0.057248355555555554,-0.0005422586311111117,-0.00019556348370249955,1,"[-1.0, 0, -0.5520000000000005, 0, 1]",0.0
-0.5520000000000005,1,0.03985837037037037,0.0007084759988148154,4.9770249506864964e-05,2,"[-1.0, 0, -0.5520000000000005, 0, 1]",0.0
-0.5468888888888888,0,-0.0572171525377229,-0.0005366688984016662,-0.00019509402424428994,1,"[-1.0, 0, -0.5468888888888888, 0, 1]",0.0
-0.5468888888888888,1,0.03980636534064929,0.0007014230589988652,4.979119939288727e-05,2,"[-1.0, 0, -0.5468888888888888, 0, 1]",0.0
-0.5417777777777779,0,-0.05718623978052126,-0.0005310950397236196,-0.00019462988919217913,1,"[-1.0, 0, -0.5417777777777779, 0, 1]",0.0
-0.5417777777777779,1,0.039754844078646545,0.000694383876676794,4.981188687328125e-05,2,"[-1.0, 0, -0.5417777777777779, 0, 1]",0.0
-0.5366666666666671,0,-0.05715561728395062,-0.0005255369067215368,-0.00019417105058640373,1,"[-1.0, 0, -0.5366666666666671, 0, 1]",0.0
-0.5366666666666671,1,0.03970380658436214,0.0006873583232738917,4.983231374097102e-05,2,"[-1.0, 0, -0.5366666666666671, 0, 1]",0.0
-0.5315555555555553,0,-0.05712528504801097,-0.0005199943510399835,-0.000193717480782241,1,"[-1.0, 0, -0.5315555555555553, 0, 1]",0.0
-0.5315555555555553,1,0.03965325285779606,0.0006803462702154479,4.985248177675189e-05,2,"[-1.0, 0, -0.5315555555555553, 0, 1]",0.0
-0.5264444444444445,0,-0.05709524307270233,-0.000514467224323528,-0.00019326915244852335,1,"[-1.0, 0, -0.5264444444444445, 0, 1]",0.0
-0.5264444444444445,1,0.039603182898948326,0.0006733475889267558,4.9872392749157306e-05,2,"[-1.0, 0, -0.5264444444444445, 0, 1]",0.0
-0.5213333333333336,0,-0.05706549135802469,-0.0005089553782167356,-0.00019282603856616567,1,"[-1.0, 0, -0.5213333333333336, 0, 1]",0.0
-0.5213333333333336,1,0.03955359670781893,0.0006663621508331051,4.98920484143269e-05,2,"[-1.0, 0, -0.5213333333333336, 0, 1]",0.0
-0.5162222222222219,0,-0.05703602990397805,-0.0005034586643641718,-0.0001923881124267077,1,"[-1.0, 0, -0.5162222222222219, 0, 1]",0.0
-0.5162222222222219,1,0.03950449428440786,0.0006593898273597854,4.9911450515875735e-05,2,"[-1.0, 0, -0.5162222222222219, 0, 1]",0.0
-0.5111111111111111,0,-0.05700685871056241,-0.0004979769344104049,-0.00019195534763087033,1,"[-1.0, 0, -0.5111111111111111, 0, 1]",0.0
-0.5111111111111111,1,0.03945587562871513,0.0006524304899320903,4.993060078476495e-05,2,"[-1.0, 0, -0.5111111111111111, 0, 1]",0.0
-0.5060000000000002,0,-0.05697797777777778,-0.0004925100400000002,-0.0001915277180871258,1,"[-1.0, 0, -0.5060000000000002, 0, 1]",0.0
-0.5060000000000002,1,0.03940774074074074,0.0006454840099753089,4.9949500939173733e-05,2,"[-1.0, 0, -0.5060000000000002, 0, 1]",0.0
-0.5008888888888894,0,-0.056949387105624145,-0.00048705783277752424,-0.00019110519801028182,1,"[-1.0, 0, -0.5008888888888894, 0, 1]",0.0
-0.5008888888888894,1,0.039360089620484685,0.0006385502589147324,4.996815268437215e-05,2,"[-1.0, 0, -0.5008888888888894, 0, 1]",0.0
-0.49577777777777765,0,-0.05692108669410151,-0.0004816201643875424,-0.00019068776192008024,1,"[-1.0, 0, -0.49577777777777765, 0, 1]",0.0
-0.49577777777777765,1,0.039312922267946956,0.0006316291081756506,4.998655771259583e-05,2,"[-1.0, 0, -0.49577777777777765, 0, 1]",0.0
-0.4906666666666668,0,-0.056893076543209874,-0.0004761968864746229,-0.0001902753846398098,1,"[-1.0, 0, -0.4906666666666668, 0, 1]",0.0
-0.4906666666666668,1,0.03926623868312757,0.0006247204291833563,5.000471770292142e-05,2,"[-1.0, 0, -0.4906666666666668, 0, 1]",0.0
-0.48555555555555596,0,-0.05686535665294924,-0.0004707878506833312,-0.00018986804129493236,1,"[-1.0, 0, -0.48555555555555596, 0, 1]",0.0
-0.48555555555555596,1,0.03922003886602652,0.0006178240933631396,5.002263432114353e-05,2,"[-1.0, 0, -0.48555555555555596, 0, 1]",0.0
-0.48044444444444423,0,-0.056837927023319613,-0.00046539290865823277,-0.00018946570731172375,1,"[-1.0, 0, -0.48044444444444423, 0, 1]",0.0
-0.48044444444444423,1,0.0391743228166438,0.0006109399721402899,5.004030921965297e-05,2,"[-1.0, 0, -0.48044444444444423, 0, 1]",0.0
-0.4753333333333334,0,-0.05681078765432099,-0.0004600119120438958,-0.00018906835841592858,1,"[-1.0, 0, -0.4753333333333334, 0, 1]",0.0
-0.4753333333333334,1,0.03912909053497942,0.0006040679369401006,5.0057744037316064e-05,2,"[-1.0, 0, -0.4753333333333334, 0, 1]",0.0
-0.47022222222222254,0,-0.05678393854595336,-0.00045464471248488574,-0.000188675970631429,1,"[-1.0, 0, -0.47022222222222254, 0, 1]",0.0
-0.47022222222222254,1,0.03908434202103338,0.0005972078591878614,5.0074940399355414e-05,2,"[-1.0, 0, -0.47022222222222254, 0, 1]",0.0
-0.4651111111111108,0,-0.05675737969821673,-0.0004492911616257681,-0.0001882885202789279,1,"[-1.0, 0, -0.4651111111111108, 0, 1]",0.0
-0.4651111111111108,1,0.039040077274805664,0.0005903596103088618,5.009189991723188e-05,2,"[-1.0, 0, -0.4651111111111108, 0, 1]",0.0
-0.45999999999999996,0,-0.05673111111111111,-0.0004439511111111111,-0.00018790598397464578,1,"[-1.0, 0, -0.45999999999999996, 0, 1]",0.0
-0.45999999999999996,1,0.03899629629629629,0.000583523061728395,5.0108624188527676e-05,2,"[-1.0, 0, -0.45999999999999996, 0, 1]",0.0
-0.4548888888888891,0,-0.056705132784636486,-0.0004386244125854801,-0.00018752833862903186,1,"[-1.0, 0, -0.4548888888888891, 0, 1]",0.0
-0.4548888888888891,1,0.03895299908550526,0.0005766980848717508,5.012511479683102e-05,2,"[-1.0, 0, -0.4548888888888891, 0, 1]",0.0
-0.4497777777777783,0,-0.05667944471879287,-0.00043331091769344154,-0.00018715556144548946,1,"[-1.0, 0, -0.4497777777777783, 0, 1]",0.0
-0.4497777777777783,1,0.03891018564243256,0.0005698845511642202,5.014137331162172e-05,2,"[-1.0, 0, -0.4497777777777783, 0, 1]",0.0
-0.44466666666666654,0,-0.056654046913580246,-0.0004280104780795609,-0.000186787629919115,1,"[-1.0, 0, -0.44466666666666654, 0, 1]",0.0
-0.44466666666666654,1,0.03886785596707819,0.0005630823320310927,5.015740128815828e-05,2,"[-1.0, 0, -0.44466666666666654, 0, 1]",0.0
-0.4395555555555557,0,-0.056628939368998626,-0.0004227229453884064,-0.00018642452183545186,1,"[-1.0, 0, -0.4395555555555557, 0, 1]",0.0
-0.4395555555555557,1,0.038826010059442154,0.0005562912988976614,5.0173200267366095e-05,2,"[-1.0, 0, -0.4395555555555557, 0, 1]",0.0
-0.43444444444444485,0,-0.05660412208504801,-0.00041744817126454346,-0.00018606621526925742,1,"[-1.0, 0, -0.43444444444444485, 0, 1]",0.0
-0.43444444444444485,1,0.03878464791952446,0.0005495113231892162,5.0188771775727075e-05,2,"[-1.0, 0, -0.43444444444444485, 0, 1]",0.0
-0.4293333333333331,0,-0.05657959506172839,-0.00041218600735253746,-0.00018571268858328475,1,"[-1.0, 0, -0.4293333333333331, 0, 1]",0.0
-0.4293333333333331,1,0.0387437695473251,0.0005427422763310468,5.020411732517034e-05,2,"[-1.0, 0, -0.4293333333333331, 0, 1]",0.0
-0.4242222222222223,0,-0.05655535829903978,-0.0004069363052969568,-0.00018536392042707862,1,"[-1.0, 0, -0.4242222222222223, 0, 1]",0.0
-0.4242222222222223,1,0.03870337494284408,0.0005359840297484463,5.0219238412964306e-05,2,"[-1.0, 0, -0.4242222222222223, 0, 1]",0.0
-0.41911111111111143,0,-0.056531411796982164,-0.00040169891674236684,-0.0001850198897357845,1,"[-1.0, 0, -0.41911111111111143, 0, 1]",0.0
-0.41911111111111143,1,0.03866346410608139,0.0005292364548667043,5.023413652161001e-05,2,"[-1.0, 0, -0.41911111111111143, 0, 1]",0.0
-0.4139999999999997,0,-0.05650775555555555,-0.00039647369333333307,-0.00018468057572897304,1,"[-1.0, 0, -0.4139999999999997, 0, 1]",0.0
-0.4139999999999997,1,0.03862403703703703,0.0005224994231111108,5.0248813118735725e-05,2,"[-1.0, 0, -0.4139999999999997, 0, 1]",0.0
-0.40888888888888886,0,-0.056484389574759944,-0.0003912604867144236,-0.00018434595790947772,1,"[-1.0, 0, -0.40888888888888886, 0, 1]",0.0
-0.40888888888888886,1,0.03858509373571102,0.0005157728059069585,5.0263269656992756e-05,2,"[-1.0, 0, -0.40888888888888886, 0, 1]",0.0
-0.403777777777778,0,-0.05646131385459533,-0.00038605914853020394,-0.00018401601606224678,1,"[-1.0, 0, -0.403777777777778, 0, 1]",0.0
-0.403777777777778,1,0.03854663420210334,0.0005090564746795376,5.027750757395248e-05,2,"[-1.0, 0, -0.403777777777778, 0, 1]",0.0
-0.39866666666666717,0,-0.05643852839506173,-0.0003808695304252406,-0.00018369073025320957,1,"[-1.0, 0, -0.39866666666666717, 0, 1]",0.0
-0.39866666666666717,1,0.038508658436214,0.0005023503008541387,5.029152829200491e-05,2,"[-1.0, 0, -0.39866666666666717, 0, 1]",0.0
-0.39355555555555544,0,-0.05641603319615912,-0.00037569148404409885,-0.00018337008082815618,1,"[-1.0, 0, -0.39355555555555544, 0, 1]",0.0
-0.39355555555555544,1,0.03847116643804298,0.0004956541558560517,5.030533321825808e-05,2,"[-1.0, 0, -0.39355555555555544, 0, 1]",0.0
-0.3884444444444446,0,-0.05639382825788752,-0.00037052486103134703,-0.0001830540484116324,1,"[-1.0, 0, -0.3884444444444446, 0, 1]",0.0
-0.3884444444444446,1,0.0384341582075903,0.0004889679111105694,5.031892374443917e-05,2,"[-1.0, 0, -0.3884444444444446, 0, 1]",0.0
-0.38333333333333375,0,-0.056371913580246916,-0.00036536951303155045,-0.00018274261390584752,1,"[-1.0, 0, -0.38333333333333375, 0, 1]",0.0
-0.38333333333333375,1,0.03839763374485597,0.00048229143804298175,5.033230124679651e-05,2,"[-1.0, 0, -0.38333333333333375, 0, 1]",0.0
-0.378222222222222,0,-0.05635028916323731,-0.00036022529168927477,-0.00018243575848959684,1,"[-1.0, 0, -0.378222222222222, 0, 1]",0.0
-0.378222222222222,1,0.03836159304983996,0.0004756246080785786,5.0345467086002966e-05,2,"[-1.0, 0, -0.378222222222222, 0, 1]",0.0
-0.37311111111111117,0,-0.05632895500685871,-0.0003550920486490881,-0.00018213346361719846,1,"[-1.0, 0, -0.37311111111111117, 0, 1]",0.0
-0.37311111111111117,1,0.0383260361225423,0.00046896729264265277,5.035842260706081e-05,2,"[-1.0, 0, -0.37311111111111117, 0, 1]",0.0
-0.3680000000000003,0,-0.05630791111111111,-0.0003499696355555559,-0.0001818357110174436,1,"[-1.0, 0, -0.3680000000000003, 0, 1]",0.0
-0.3680000000000003,1,0.038290962962962964,0.0004623193631604943,5.0371169139207424e-05,2,"[-1.0, 0, -0.3680000000000003, 0, 1]",0.0
-0.3628888888888886,0,-0.05628715747599451,-0.0003448579040532436,-0.00018154248269256133,1,"[-1.0, 0, -0.3628888888888886, 0, 1]",0.0
-0.3628888888888886,1,0.03825637357110196,0.00045568069105739265,5.038370799582273e-05,2,"[-1.0, 0, -0.3628888888888886, 0, 1]",0.0
-0.35777777777777775,0,-0.05626669410150891,-0.00033975670578671946,-0.00018125376091719731,1,"[-1.0, 0, -0.35777777777777775, 0, 1]",0.0
-0.35777777777777775,1,0.0382222679469593,0.000449051147758641,5.039604047433748e-05,2,"[-1.0, 0, -0.35777777777777775, 0, 1]",0.0
-0.3526666666666669,0,-0.05624652098765432,-0.00033466589240054896,-0.00018096952823740695,1,"[-1.0, 0, -0.3526666666666669, 0, 1]",0.0
-0.3526666666666669,1,0.03818864609053498,0.0004424306046895294,5.040816785614312e-05,2,"[-1.0, 0, -0.3526666666666669, 0, 1]",0.0
-0.34755555555555606,0,-0.056226638134430726,-0.0003295853155392984,-0.0001806897674696618,1,"[-1.0, 0, -0.34755555555555606, 0, 1]",0.0
-0.34755555555555606,1,0.03815550800182899,0.0004358189332753482,5.042009140650262e-05,2,"[-1.0, 0, -0.34755555555555606, 0, 1]",0.0
-0.34244444444444433,0,-0.056207045541838134,-0.0003245148268475333,-0.000180414461699871,1,"[-1.0, 0, -0.34244444444444433, 0, 1]",0.0
-0.34244444444444433,1,0.03812285368084133,0.0004292160049413874,5.043181237446292e-05,2,"[-1.0, 0, -0.34244444444444433, 0, 1]",0.0
-0.3373333333333335,0,-0.05618774320987654,-0.0003194542779698218,-0.0001801435942824162,1,"[-1.0, 0, -0.3373333333333335, 0, 1]",0.0
-0.3373333333333335,1,0.038090683127572016,0.00042262169111294035,5.0443331992768324e-05,2,"[-1.0, 0, -0.3373333333333335, 0, 1]",0.0
-0.33222222222222264,0,-0.05616873113854595,-0.00031440352055072947,-0.00017987714883920114,1,"[-1.0, 0, -0.33222222222222264, 0, 1]",0.0
-0.33222222222222264,1,0.038058996342021034,0.00041603586321529626,5.0454651477775306e-05,2,"[-1.0, 0, -0.33222222222222264, 0, 1]",0.0
-0.3271111111111109,0,-0.05615000932784636,-0.0003093624062348217,-0.0001796151092587141,1,"[-1.0, 0, -0.3271111111111109, 0, 1]",0.0
-0.3271111111111109,1,0.03802779332418838,0.0004094583926737452,5.0465772029368554e-05,2,"[-1.0, 0, -0.3271111111111109, 0, 1]",0.0
-0.32200000000000006,0,-0.056131577777777775,-0.0003043307866666667,-0.00017935745969510617,1,"[-1.0, 0, -0.32200000000000006, 0, 1]",0.0
-0.32200000000000006,1,0.03799707407407407,0.0004028891509135803,5.047669483087831e-05,2,"[-1.0, 0, -0.32200000000000006, 0, 1]",0.0
-0.3168888888888892,0,-0.05611343648834019,-0.00029930851349082996,-0.0001791041845672822,1,"[-1.0, 0, -0.3168888888888892, 0, 1]",0.0
-0.3168888888888892,1,0.0379668385916781,0.0003963280093600912,5.0487421048998855e-05,2,"[-1.0, 0, -0.3168888888888892, 0, 1]",0.0
-0.3117777777777775,0,-0.0560955854595336,-0.00029429543835187696,-0.00017885526855800635,1,"[-1.0, 0, -0.3117777777777775, 0, 1]",0.0
-0.3117777777777775,1,0.03793708687700045,0.00038977483943856766,5.0497951833708424e-05,2,"[-1.0, 0, -0.3117777777777775, 0, 1]",0.0
-0.30666666666666664,0,-0.056078024691358024,-0.0002892914128943758,-0.00017861069661302207,1,"[-1.0, 0, -0.30666666666666664, 0, 1]",0.0
-0.30666666666666664,1,0.03790781893004115,0.0003832295125743026,5.050828831819027e-05,2,"[-1.0, 0, -0.30666666666666664, 0, 1]",0.0
-0.3015555555555558,0,-0.05606075418381344,-0.00028429628876289203,-0.00017837045394018534,1,"[-1.0, 0, -0.3015555555555558, 0, 1]",0.0
-0.3015555555555558,1,0.037879034750800185,0.0003766919001925862,5.051843161875498e-05,2,"[-1.0, 0, -0.3015555555555558, 0, 1]",0.0
-0.29644444444444495,0,-0.05604377393689986,-0.00027930991760199205,-0.0001781345260086128,1,"[-1.0, 0, -0.29644444444444495, 0, 1]",0.0
-0.29644444444444495,1,0.03785073433927755,0.00037016187371870886,5.052838283476413e-05,2,"[-1.0, 0, -0.29644444444444495, 0, 1]",0.0
-0.2913333333333332,0,-0.05602708395061728,-0.0002743321510562413,-0.0001779028985478434,1,"[-1.0, 0, -0.2913333333333332, 0, 1]",0.0
-0.2913333333333332,1,0.037822917695473246,0.00036363930457796053,5.0538143048555216e-05,2,"[-1.0, 0, -0.2913333333333332, 0, 1]",0.0
-0.2862222222222224,0,-0.056010684224965704,-0.00026936284077020794,-0.0001776755575470149,1,"[-1.0, 0, -0.2862222222222224, 0, 1]",0.0
-0.2862222222222224,1,0.03779558481938729,0.0003571240641956344,5.054771332536769e-05,2,"[-1.0, 0, -0.2862222222222224, 0, 1]",0.0
-0.28111111111111153,0,-0.055994574759945126,-0.00026440183838845745,-0.00017745248925405294,1,"[-1.0, 0, -0.28111111111111153, 0, 1]",0.0
-0.28111111111111153,1,0.037768735711019664,0.0003506160239970199,5.055709471327043e-05,2,"[-1.0, 0, -0.28111111111111153, 0, 1]",0.0
-0.2759999999999998,0,-0.05597875555555555,-0.0002594489955555553,-0.00017723368017487622,1,"[-1.0, 0, -0.2759999999999998, 0, 1]",0.0
-0.2759999999999998,1,0.03774237037037037,0.0003441150554074072,5.056628824309036e-05,2,"[-1.0, 0, -0.2759999999999998, 0, 1]",0.0
-0.27088888888888896,0,-0.05596322661179698,-0.0002545041639160698,-0.0001770191170726141,1,"[-1.0, 0, -0.27088888888888896, 0, 1]",0.0
-0.27088888888888896,1,0.03771648879743941,0.00033762102985208903,5.0575294928342446e-05,2,"[-1.0, 0, -0.27088888888888896, 0, 1]",0.0
-0.2657777777777781,0,-0.05594798792866941,-0.0002495671951145662,-0.00017680878696683914,1,"[-1.0, 0, -0.2657777777777781, 0, 1]",0.0
-0.2657777777777781,1,0.0376910909922268,0.0003311338187563553,5.05841157651609e-05,2,"[-1.0, 0, -0.2657777777777781, 0, 1]",0.0
-0.2606666666666664,0,-0.05593303950617284,-0.00024463794079561017,-0.00017660267713281335,1,"[-1.0, 0, -0.2606666666666664, 0, 1]",0.0
-0.2606666666666664,1,0.037666176954732504,0.0003246532935454957,5.0592751732231496e-05,2,"[-1.0, 0, -0.2606666666666664, 0, 1]",0.0
-0.25555555555555554,0,-0.055918381344307266,-0.00023971625260376972,-0.00017640077510074897,1,"[-1.0, 0, -0.25555555555555554, 0, 1]",0.0
-0.25555555555555554,1,0.03764174668495656,0.0003181793256448034,5.0601203790725484e-05,2,"[-1.0, 0, -0.25555555555555554, 0, 1]",0.0
-0.2504444444444447,0,-0.0559040134430727,-0.00023480198218361046,-0.0001762030686550827,1,"[-1.0, 0, -0.2504444444444447, 0, 1]",0.0
-0.2504444444444447,1,0.037617800182898946,0.0003117117864795681,5.0609472884234364e-05,2,"[-1.0, 0, -0.2504444444444447, 0, 1]",0.0
-0.24533333333333385,0,-0.055889935802469135,-0.0002298949811796987,-0.0001760095458337646,1,"[-1.0, 0, -0.24533333333333385, 0, 1]",0.0
-0.24533333333333385,1,0.037594337448559674,0.0003052505474750807,5.061755993870636e-05,2,"[-1.0, 0, -0.24533333333333385, 0, 1]",0.0
-0.24022222222222211,0,-0.055876148422496566,-0.0002249951012366,-0.0001758201949275606,1,"[-1.0, 0, -0.24022222222222211, 0, 1]",0.0
-0.24022222222222211,1,0.037571358481938724,0.0002987954800566308,5.062546586238365e-05,2,"[-1.0, 0, -0.24022222222222211, 0, 1]",0.0
-0.23511111111111127,0,-0.05586265130315501,-0.00022010219399888246,-0.00017563500447936972,1,"[-1.0, 0, -0.23511111111111127, 0, 1]",0.0
-0.23511111111111127,1,0.037548863283036124,0.0002923464556495116,5.063319154574143e-05,2,"[-1.0, 0, -0.23511111111111127, 0, 1]",0.0
-0.23000000000000043,0,-0.055849444444444445,-0.0002152161111111115,-0.0001754539632835545,1,"[-1.0, 0, -0.23000000000000043, 0, 1]",0.0
-0.23000000000000043,1,0.03752685185185185,0.00028590334567901287,5.064073786142768e-05,2,"[-1.0, 0, -0.23000000000000043, 0, 1]",0.0
-0.2248888888888887,0,-0.05583652784636488,-0.00021033670421785277,-0.00017527706038528623,1,"[-1.0, 0, -0.2248888888888887, 0, 1]",0.0
-0.2248888888888887,1,0.03750532418838591,0.0002794660215704243,5.0648105664204634e-05,2,"[-1.0, 0, -0.2248888888888887, 0, 1]",0.0
-0.21977777777777785,0,-0.05582390150891632,-0.00020546382496367427,-0.00017510428507990444,1,"[-1.0, 0, -0.21977777777777785, 0, 1]",0.0
-0.21977777777777785,1,0.03748428029263832,0.000273034354749039,5.0655295790891314e-05,2,"[-1.0, 0, -0.21977777777777785, 0, 1]",0.0
-0.214666666666667,0,-0.05581156543209876,-0.0002005973249931416,-0.0001749356269122892,1,"[-1.0, 0, -0.214666666666667, 0, 1]",0.0
-0.214666666666667,1,0.037463720164609055,0.00026660821664014673,5.066230906030721e-05,2,"[-1.0, 0, -0.214666666666667, 0, 1]",0.0
-0.20955555555555527,0,-0.0557995196159122,-0.0001957370559508202,-0.00017477107567624915,1,"[-1.0, 0, -0.20955555555555527, 0, 1]",0.0
-0.20955555555555527,1,0.03744364380429812,0.00026018747866903724,5.06691462732175e-05,2,"[-1.0, 0, -0.20955555555555527, 0, 1]",0.0
-0.20444444444444443,0,-0.05578776406035665,-0.00019088286948127823,-0.0001746106214139225,1,"[-1.0, 0, -0.20444444444444443, 0, 1]",0.0
-0.20444444444444443,1,0.03742405121170553,0.00025377201226100356,5.067580821227941e-05,2,"[-1.0, 0, -0.20444444444444443, 0, 1]",0.0
-0.19933333333333358,0,-0.055776298765432095,-0.00018603461722908117,-0.0001744542544151925,1,"[-1.0, 0, -0.19933333333333358, 0, 1]",0.0
-0.19933333333333358,1,0.03740494238683127,0.00024736168884133546,5.068229564198969e-05,2,"[-1.0, 0, -0.19933333333333358, 0, 1]",0.0
-0.19422222222222274,0,-0.055765123731138545,-0.00018119215083879536,-0.00017430196521711698,1,"[-1.0, 0, -0.19422222222222274, 0, 1]",0.0
-0.19422222222222274,1,0.03738631732967535,0.00024095637983532383,5.0688609308633584e-05,2,"[-1.0, 0, -0.19422222222222274, 0, 1]",0.0
-0.189111111111111,0,-0.05575423895747599,-0.00017635532195498646,-0.00017415374460337188,1,"[-1.0, 0, -0.189111111111111, 0, 1]",0.0
-0.189111111111111,1,0.03736817604023777,0.00023455595666825843,5.0694749940234945e-05,2,"[-1.0, 0, -0.189111111111111, 0, 1]",0.0
-0.18400000000000016,0,-0.05574364444444444,-0.0001715239822222224,-0.00017400958360370926,1,"[-1.0, 0, -0.18400000000000016, 0, 1]",0.0
-0.18400000000000016,1,0.03735051851851852,0.00022816029076543233,5.070071824650757e-05,2,"[-1.0, 0, -0.18400000000000016, 0, 1]",0.0
-0.17888888888888932,0,-0.055733340192043894,-0.00016669798328506873,-0.00017386947349342857,1,"[-1.0, 0, -0.17888888888888932, 0, 1]",0.0
-0.17888888888888932,1,0.037333344764517606,0.00022176925355213518,5.070651491880792e-05,2,"[-1.0, 0, -0.17888888888888932, 0, 1]",0.0
-0.1737777777777776,0,-0.05572332620027434,-0.00016187717678809105,-0.00017373340579286288,1,"[-1.0, 0, -0.1737777777777776, 0, 1]",0.0
-0.1737777777777776,1,0.03731665477823502,0.0002153827164536569,5.071214063008902e-05,2,"[-1.0, 0, -0.1737777777777776, 0, 1]",0.0
-0.16866666666666674,0,-0.0557136024691358,-0.0001570614143758574,-0.00017360137226687887,1,"[-1.0, 0, -0.16866666666666674, 0, 1]",0.0
-0.16866666666666674,1,0.03730044855967078,0.00020900055089529047,5.0717596034855656e-05,2,"[-1.0, 0, -0.16866666666666674, 0, 1]",0.0
-0.1635555555555559,0,-0.055704168998628255,-0.0001522505476929333,-0.00017347336492439037,1,"[-1.0, 0, -0.1635555555555559, 0, 1]",0.0
-0.1635555555555559,1,0.03728472610882487,0.00020262262830232563,5.072288176912075e-05,2,"[-1.0, 0, -0.1635555555555559, 0, 1]",0.0
-0.15844444444444417,0,-0.05569502578875171,-0.00014744442838388432,-0.00017334937601788713,1,"[-1.0, 0, -0.15844444444444417, 0, 1]",0.0
-0.15844444444444417,1,0.0372694874256973,0.00019624882010005213,5.07279984503632e-05,2,"[-1.0, 0, -0.15844444444444417, 0, 1]",0.0
-0.15333333333333332,0,-0.05568617283950617,-0.00014264290809327845,-0.00017322939804297657,1,"[-1.0, 0, -0.15333333333333332, 0, 1]",0.0
-0.15333333333333332,1,0.03725473251028806,0.00018987899771376313,5.073294667748662e-05,2,"[-1.0, 0, -0.15333333333333332, 0, 1]",0.0
-0.14822222222222248,0,-0.05567761015089163,-0.0001378458384656813,-0.00017311342373794027,1,"[-1.0, 0, -0.14822222222222248, 0, 1]",0.0
-0.14822222222222248,1,0.03724046136259716,0.00018351303256874832,5.073772703077987e-05,2,"[-1.0, 0, -0.14822222222222248, 0, 1]",0.0
-0.14311111111111163,0,-0.055669337722908094,-0.00013305307114565916,-0.00017300144608330438,1,"[-1.0, 0, -0.14311111111111163, 0, 1]",0.0
-0.14311111111111163,1,0.0372266739826246,0.00017715079609029855,5.07423400718783e-05,2,"[-1.0, 0, -0.14311111111111163, 0, 1]",0.0
-0.1379999999999999,0,-0.055661355555555556,-0.00012826445777777768,-0.0001728934583014238,1,"[-1.0, 0, -0.1379999999999999, 0, 1]",0.0
-0.1379999999999999,1,0.03721337037037037,0.00017079215970370356,5.074678634372659e-05,2,"[-1.0, 0, -0.1379999999999999, 0, 1]",0.0
-0.13288888888888906,0,-0.05565366364883401,-0.00012347985000660483,-0.00017278945385608107,1,"[-1.0, 0, -0.13288888888888906, 0, 1]",0.0
-0.13288888888888906,1,0.03720055052583447,0.00016443699483425651,5.0751066370542806e-05,2,"[-1.0, 0, -0.13288888888888906, 0, 1]",0.0
-0.1277777777777782,0,-0.05564626200274348,-0.0001186990994767062,-0.000172689426452099,1,"[-1.0, 0, -0.1277777777777782, 0, 1]",0.0
-0.1277777777777782,1,0.03718821444901692,0.00015808517290724706,5.0755180657783686e-05,2,"[-1.0, 0, -0.1277777777777782, 0, 1]",0.0
-0.12266666666666648,0,-0.055639150617283945,-0.00011392205783264728,-0.00017259337003496696,1,"[-1.0, 0, -0.12266666666666648, 0, 1]",0.0
-0.12266666666666648,1,0.03717636213991769,0.000151736565347965,5.075912969211106e-05,2,"[-1.0, 0, -0.12266666666666648, 0, 1]",0.0
-0.11755555555555564,0,-0.05563232949245542,-0.00010914857671899616,-0.00017250127879048227,1,"[-1.0, 0, -0.11755555555555564, 0, 1]",0.0
-0.11755555555555564,1,0.037164993598536804,0.00014539104358170344,5.0762913941359814e-05,2,"[-1.0, 0, -0.11755555555555564, 0, 1]",0.0
-0.11244444444444479,0,-0.05562579862825789,-0.00010437850778031836,-0.00017241314714440463,1,"[-1.0, 0, -0.11244444444444479, 0, 1]",0.0
-0.11244444444444479,1,0.03715410882487426,0.00013904847903375205,5.076653385450689e-05,2,"[-1.0, 0, -0.11244444444444479, 0, 1]",0.0
-0.10733333333333306,0,-0.05561955802469135,-9.961170266117944e-05,-0.00017232896976212525,1,"[-1.0, 0, -0.10733333333333306, 0, 1]",0.0
-0.10733333333333306,1,0.03714370781893004,0.00013270874312940067,5.076998986164153e-05,2,"[-1.0, 0, -0.10733333333333306, 0, 1]",0.0
-0.10222222222222221,0,-0.05561360768175583,-9.484801300614743e-05,-0.00017224874154835024,1,"[-1.0, 0, -0.10222222222222221, 0, 1]",0.0
-0.10222222222222221,1,0.03713379058070416,0.00012637170729394231,5.0773282373937034e-05,2,"[-1.0, 0, -0.10222222222222221, 0, 1]",0.0
-0.09711111111111137,0,-0.0556079475994513,-9.008729045978787e-05,-0.00017217245764679714,1,"[-1.0, 0, -0.09711111111111137, 0, 1]",0.0
-0.09711111111111137,1,0.03712435711019661,0.00012003724295266674,5.0776411783623526e-05,2,"[-1.0, 0, -0.09711111111111137, 0, 1]",0.0
-0.09200000000000053,0,-0.05560257777777777,-8.532938666666716e-05,-0.00017210011343990667,1,"[-1.0, 0, -0.09200000000000053, 0, 1]",0.0
-0.09200000000000053,1,0.03711540740740741,0.00011370522153086484,5.0779378463962084e-05,2,"[-1.0, 0, -0.09200000000000053, 0, 1]",0.0
-0.0868888888888888,0,-0.05559749821673525,-8.057415327135083e-05,-0.00017203170454856782,1,"[-1.0, 0, -0.0868888888888888, 0, 1]",0.0
-0.0868888888888888,1,0.03710694147233653,0.00010737551445382636,5.0782182769220036e-05,2,"[-1.0, 0, -0.0868888888888888, 0, 1]",0.0
-0.08177777777777795,0,-0.05559270891632373,-7.58214419184069e-05,-0.00017196722683185734,1,"[-1.0, 0, -0.08177777777777795, 0, 1]",0.0
-0.08177777777777795,1,0.037098959304984,0.00010104799314684437,5.078482503464785e-05,2,"[-1.0, 0, -0.08177777777777795, 0, 1]",0.0
-0.0766666666666671,0,-0.055588209876543206,-7.107110425240095e-05,-0.00017190667638679308,1,"[-1.0, 0, -0.0766666666666671, 0, 1]",0.0
-0.0766666666666671,1,0.037091460905349795,9.472252903520859e-05,5.078730557645669e-05,2,"[-1.0, 0, -0.0766666666666671, 0, 1]",0.0
-0.07155555555555537,0,-0.055584001097393684,-6.632299191789853e-05,-0.00017185004954810184,1,"[-1.0, 0, -0.07155555555555537, 0, 1]",0.0
-0.07155555555555537,1,0.03708444627343393,8.839899354420881e-05,5.07896246917979e-05,2,"[-1.0, 0, -0.07155555555555537, 0, 1]",0.0
-0.06644444444444453,0,-0.055580082578875166,-6.157695655946764e-05,-0.0001717973428880009,1,"[-1.0, 0, -0.06644444444444453, 0, 1]",0.0
-0.06644444444444453,1,0.0370779154092364,8.207725809913811e-05,5.079178265874326e-05,2,"[-1.0, 0, -0.06644444444444453, 0, 1]",0.0
-0.061333333333333684,0,-0.05557645432098765,-5.683284982167385e-05,-0.0001717485532159937,1,"[-1.0, 0, -0.061333333333333684, 0, 1]",0.0
-0.061333333333333684,1,0.0370718683127572,7.575719412528621e-05,5.079377973626672e-05,2,"[-1.0, 0, -0.061333333333333684, 0, 1]",0.0
-0.05622222222222195,0,-0.05557311632373114,-5.209052334908271e-05,-0.00017170367757867976,1,"[-1.0, 0, -0.05622222222222195, 0, 1]",0.0
-0.05622222222222195,1,0.03706630498399634,6.94386730479429e-05,5.0795616164227345e-05,2,"[-1.0, 0, -0.05622222222222195, 0, 1]",0.0
-0.05111111111111111,0,-0.05557006858710562,-4.734982878626225e-05,-0.00017166271325957854,1,"[-1.0, 0, -0.05111111111111111, 0, 1]",0.0
-0.05111111111111111,1,0.037061225422953814,6.312156629240122e-05,5.0797292163353625e-05,2,"[-1.0, 0, -0.05111111111111111, 0, 1]",0.0
-0.04600000000000026,0,-0.05556731111111111,-4.2610617777778024e-05,-0.00017162565777896764,1,"[-1.0, 0, -0.04600000000000026, 0, 1]",0.0
-0.04600000000000026,1,0.03705662962962963,5.680574528395094e-05,5.0798807935228794e-05,2,"[-1.0, 0, -0.04600000000000026, 0, 1]",0.0
-0.04088888888888942,0,-0.0555648438957476,-3.7872741968196395e-05,-0.00017159250889373467,1,"[-1.0, 0, -0.04088888888888942, 0, 1]",0.0
-0.04088888888888942,1,0.037052517604023776,5.0491081447882925e-05,5.080016366227771e-05,2,"[-1.0, 0, -0.04088888888888942, 0, 1]",0.0
-0.035777777777777686,0,-0.05556266694101509,-3.313605300208293e-05,-0.00017156326459724354,1,"[-1.0, 0, -0.035777777777777686, 0, 1]",0.0
-0.035777777777777686,1,0.03704888934613626,4.4177446209486915e-05,5.080135950775477e-05,2,"[-1.0, 0, -0.035777777777777686, 0, 1]",0.0
-0.030666666666666842,0,-0.05556078024691358,-2.840040252400565e-05,-0.00017153792311921465,1,"[-1.0, 0, -0.030666666666666842, 0, 1]",0.0
-0.030666666666666842,1,0.037045744855967074,3.7864710994056004e-05,5.080239561573324e-05,2,"[-1.0, 0, -0.030666666666666842, 0, 1]",0.0
-0.025555555555555998,0,-0.05555918381344307,-2.3665642178530104e-05,-0.0001715164829256194,1,"[-1.0, 0, -0.025555555555555998, 0, 1]",0.0
-0.025555555555555998,1,0.03704308413351623,3.155274722687992e-05,5.08032721110958e-05,2,"[-1.0, 0, -0.025555555555555998, 0, 1]",0.0
-0.020444444444444265,0,-0.05555787764060356,-1.8931623610221854e-05,-0.00017149894271858854,1,"[-1.0, 0, -0.020444444444444265, 0, 1]",0.0
-0.020444444444444265,1,0.03704090717878372,2.524142633324844e-05,5.0803989099526256e-05,2,"[-1.0, 0, -0.020444444444444265, 0, 1]",0.0
-0.015333333333333421,0,-0.05555686172839506,-1.4198198463648915e-05,-0.00017148530143633472,1,"[-1.0, 0, -0.015333333333333421, 0, 1]",0.0
-0.015333333333333421,1,0.03703921399176954,1.8930619738454613e-05,5.080454666750262e-05,2,"[-1.0, 0, -0.015333333333333421, 0, 1]",0.0
-0.010222222222222577,0,-0.05555613607681756,-9.465218383376847e-06,-0.00017147555825308895,1,"[-1.0, 0, -0.010222222222222577, 0, 1]",0.0
-0.010222222222222577,1,0.03703800457247371,1.2620198867788205e-05,5.0804944882291547e-05,2,"[-1.0, 0, -0.010222222222222577, 0, 1]",0.0
-0.005111111111110844,0,-0.055555700685871054,-4.7325350139712e-06,-0.00017146971257905148,1,"[-1.0, 0, -0.005111111111110844, 0, 1]",0.0
-0.005111111111110844,1,0.0370372789208962,6.310035146538985e-06,5.0805183791943706e-05,2,"[-1.0, 0, -0.005111111111110844, 0, 1]",0.0
0.0,0,-0.05555555555555555,0.0,-0.0001714677640603566,1,"[-1.0, 0, 0.0, 0, 1]",0.0
0.0,1,0.037037037037037035,-0.0,5.080526342529085e-05,2,"[-1.0, 0, 0.0, 0, 1]",0.0
0.005111111111110844,0,-0.055555700685871054,4.7325350139712e-06,-0.00017146971257905148,1,"[-1.0, 0, 0.005111111111110844, 0, 1]",0.0
0.005111111111110844,1,0.0370372789208962,-6.310035146538985e-06,5.0805183791943706e-05,2,"[-1.0, 0, 0.005111111111110844, 0, 1]",0.0
0.010222222222221689,0,-0.05555613607681756,9.465218383376024e-06,-0.00017147555825308895,1,"[-1.0, 0, 0.010222222222221689, 0, 1]",0.0
0.010222222222221689,1,0.03703800457247371,-1.2620198867787109e-05,5.0804944882291547e-05,2,"[-1.0, 0, 0.010222222222221689, 0, 1]",0.0
0.015333333333333421,0,-0.05555686172839506,1.4198198463648915e-05,-0.00017148530143633472,1,"[-1.0, 0, 0.015333333333333421, 0, 1]",0.0
0.015333333333333421,1,0.03703921399176954,-1.8930619738454613e-05,5.080454666750262e-05,2,"[-1.0, 0, 0.015333333333333421, 0, 1]",0.0
0.020444444444444265,0,-0.05555787764060356,1.8931623610221854e-05,-0.00017149894271858854,1,"[-1.0, 0, 0.020444444444444265, 0, 1]",0.0
0.020444444444444265,1,0.03704090717878372,-2.524142633324844e-05,5.0803989099526256e-05,2,"[-1.0, 0, 0.020444444444444265, 0, 1]",0.0
0.02555555555555511,0,-0.05555918381344307,2.3665642178529284e-05,-0.0001715164829256194,1,"[-1.0, 0, 0.02555555555555511, 0, 1]",0.0
0.02555555555555511,1,0.03704308413351623,-3.155274722687882e-05,5.08032721110958e-05,2,"[-1.0, 0, 0.02555555555555511, 0, 1]",0.0
0.030666666666666842,0,-0.05556078024691358,2.840040252400565e-05,-0.00017153792311921465,1,"[-1.0, 0, 0.030666666666666842, 0, 1]",0.0
0.030666666666666842,1,0.037045744855967074,-3.7864710994056004e-05,5.080239561573324e-05,2,"[-1.0, 0, 0.030666666666666842, 0, 1]",0.0
0.035777777777777686,0,-0.05556266694101509,3.313605300208293e-05,-0.00017156326459724354,1,"[-1.0, 0, 0.035777777777777686, 0, 1]",0.0
0.035777777777777686,1,0.03704888934613626,-4.4177446209486915e-05,5.080135950775477e-05,2,"[-1.0, 0, 0.035777777777777686, 0, 1]",0.0
0.04088888888888853,0,-0.0555648438957476,3.787274196819557e-05,-0.00017159250889373467,1,"[-1.0, 0, 0.04088888888888853, 0, 1]",0.0
0.04088888888888853,1,0.037052517604023776,-5.049108144788183e-05,5.080016366227771e-05,2,"[-1.0, 0, 0.04088888888888853, 0, 1]",0.0
0.04600000000000026,0,-0.05556731111111111,4.2610617777778024e-05,-0.00017162565777896764,1,"[-1.0, 0, 0.04600000000000026, 0, 1]",0.0
0.04600000000000026,1,0.03705662962962963,-5.680574528395094e-05,5.0798807935228794e-05,2,"[-1.0, 0, 0.04600000000000026, 0, 1]",0.0
0.05111111111111111,0,-0.05557006858710562,4.734982878626225e-05,-0.00017166271325957854,1,"[-1.0, 0, 0.05111111111111111, 0, 1]",0.0
0.05111111111111111,1,0.037061225422953814,-6.312156629240122e-05,5.0797292163353625e-05,2,"[-1.0, 0, 0.05111111111111111, 0, 1]",0.0
0.05622222222222195,0,-0.05557311632373114,5.209052334908271e-05,-0.00017170367757867976,1,"[-1.0, 0, 0.05622222222222195, 0, 1]",0.0
0.05622222222222195,1,0.03706630498399634,-6.94386730479429e-05,5.0795616164227345e-05,2,"[-1.0, 0, 0.05622222222222195, 0, 1]",0.0
0.061333333333332796,0,-0.05557645432098765,5.683284982167303e-05,-0.00017174855321599368,1,"[-1.0, 0, 0.061333333333332796, 0, 1]",0.0
0.061333333333332796,1,0.037071868312757196,-7.57571941252851e-05,5.079377973626669e-05,2,"[-1.0, 0, 0.061333333333332796, 0, 1]",0.0
0.06644444444444453,0,-0.055580082578875166,6.157695655946764e-05,-0.0001717973428880009,1,"[-1.0, 0, 0.06644444444444453, 0, 1]",0.0
0.06644444444444453,1,0.0370779154092364,-8.207725809913811e-05,5.079178265874326e-05,2,"[-1.0, 0, 0.06644444444444453, 0, 1]",0.0
0.07155555555555537,0,-0.055584001097393684,6.632299191789853e-05,-0.00017185004954810184,1,"[-1.0, 0, 0.07155555555555537, 0, 1]",0.0
0.07155555555555537,1,0.03708444627343393,-8.839899354420881e-05,5.07896246917979e-05,2,"[-1.0, 0, 0.07155555555555537, 0, 1]",0.0
0.07666666666666622,0,-0.055588209876543206,7.107110425240013e-05,-0.00017190667638679305,1,"[-1.0, 0, 0.07666666666666622, 0, 1]",0.0
0.07666666666666622,1,0.037091460905349795,-9.472252903520749e-05,5.0787305576456696e-05,2,"[-1.0, 0, 0.07666666666666622, 0, 1]",0.0
0.08177777777777795,0,-0.05559270891632373,7.58214419184069e-05,-0.00017196722683185734,1,"[-1.0, 0, 0.08177777777777795, 0, 1]",0.0
0.08177777777777795,1,0.037098959304984,-0.00010104799314684437,5.078482503464785e-05,2,"[-1.0, 0, 0.08177777777777795, 0, 1]",0.0
0.0868888888888888,0,-0.05559749821673525,8.057415327135083e-05,-0.00017203170454856782,1,"[-1.0, 0, 0.0868888888888888, 0, 1]",0.0
0.0868888888888888,1,0.03710694147233653,-0.00010737551445382636,5.0782182769220036e-05,2,"[-1.0, 0, 0.0868888888888888, 0, 1]",0.0
0.09199999999999964,0,-0.05560257777777777,8.532938666666632e-05,-0.00017210011343990667,1,"[-1.0, 0, 0.09199999999999964, 0, 1]",0.0
0.09199999999999964,1,0.0371154074074074,-0.00011370522153086375,5.077937846396206e-05,2,"[-1.0, 0, 0.09199999999999964, 0, 1]",0.0
0.09711111111111137,0,-0.0556079475994513,9.008729045978787e-05,-0.00017217245764679714,1,"[-1.0, 0, 0.09711111111111137, 0, 1]",0.0
0.09711111111111137,1,0.03712435711019661,-0.00012003724295266674,5.0776411783623526e-05,2,"[-1.0, 0, 0.09711111111111137, 0, 1]",0.0
0.10222222222222221,0,-0.05561360768175583,9.484801300614743e-05,-0.00017224874154835024,1,"[-1.0, 0, 0.10222222222222221, 0, 1]",0.0
0.10222222222222221,1,0.03713379058070416,-0.00012637170729394231,5.0773282373937034e-05,2,"[-1.0, 0, 0.10222222222222221, 0, 1]",0.0
0.10733333333333306,0,-0.05561955802469135,9.961170266117944e-05,-0.00017232896976212525,1,"[-1.0, 0, 0.10733333333333306, 0, 1]",0.0
0.10733333333333306,1,0.03714370781893004,-0.00013270874312940067,5.076998986164153e-05,2,"[-1.0, 0, 0.10733333333333306, 0, 1]",0.0
0.1124444444444439,0,-0.05562579862825788,0.00010437850778031753,-0.00017241314714440455,1,"[-1.0, 0, 0.1124444444444439, 0, 1]",0.0
0.1124444444444439,1,0.03715410882487425,-0.00013904847903375097,5.076653385450686e-05,2,"[-1.0, 0, 0.1124444444444439, 0, 1]",0.0
0.11755555555555564,0,-0.05563232949245542,0.00010914857671899616,-0.00017250127879048227,1,"[-1.0, 0, 0.11755555555555564, 0, 1]",0.0
0.11755555555555564,1,0.037164993598536804,-0.00014539104358170344,5.0762913941359814e-05,2,"[-1.0, 0, 0.11755555555555564, 0, 1]",0.0
0.12266666666666648,0,-0.055639150617283945,0.00011392205783264728,-0.00017259337003496696,1,"[-1.0, 0, 0.12266666666666648, 0, 1]",0.0
0.12266666666666648,1,0.03717636213991769,-0.000151736565347965,5.075912969211106e-05,2,"[-1.0, 0, 0.12266666666666648, 0, 1]",0.0
0.12777777777777732,0,-0.05564626200274348,0.00011869909947670535,-0.000172689426452099,1,"[-1.0, 0, 0.12777777777777732, 0, 1]",0.0
0.12777777777777732,1,0.03718821444901692,-0.00015808517290724595,5.075518065778369e-05,2,"[-1.0, 0, 0.12777777777777732, 0, 1]",0.0
0.13288888888888906,0,-0.05565366364883401,0.00012347985000660483,-0.00017278945385608107,1,"[-1.0, 0, 0.13288888888888906, 0, 1]",0.0
0.13288888888888906,1,0.03720055052583447,-0.00016443699483425651,5.0751066370542806e-05,2,"[-1.0, 0, 0.13288888888888906, 0, 1]",0.0
0.1379999999999999,0,-0.055661355555555556,0.00012826445777777768,-0.0001728934583014238,1,"[-1.0, 0, 0.1379999999999999, 0, 1]",0.0
0.1379999999999999,1,0.03721337037037037,-0.00017079215970370356,5.074678634372659e-05,2,"[-1.0, 0, 0.1379999999999999, 0, 1]",0.0
0.14311111111111074,0,-0.05566933772290809,0.00013305307114565835,-0.0001730014460833043,1,"[-1.0, 0, 0.14311111111111074, 0, 1]",0.0
0.14311111111111074,1,0.037226673982624595,-0.0001771507960902974,5.074234007187828e-05,2,"[-1.0, 0, 0.14311111111111074, 0, 1]",0.0
0.14822222222222248,0,-0.05567761015089163,0.0001378458384656813,-0.00017311342373794027,1,"[-1.0, 0, 0.14822222222222248, 0, 1]",0.0
0.14822222222222248,1,0.03724046136259716,-0.00018351303256874832,5.073772703077987e-05,2,"[-1.0, 0, 0.14822222222222248, 0, 1]",0.0
0.15333333333333332,0,-0.05568617283950617,0.00014264290809327845,-0.00017322939804297657,1,"[-1.0, 0, 0.15333333333333332, 0, 1]",0.0
0.15333333333333332,1,0.03725473251028806,-0.00018987899771376313,5.073294667748662e-05,2,"[-1.0, 0, 0.15333333333333332, 0, 1]",0.0
0.15844444444444417,0,-0.05569502578875171,0.00014744442838388432,-0.00017334937601788713,1,"[-1.0, 0, 0.15844444444444417, 0, 1]",0.0
0.15844444444444417,1,0.0372694874256973,-0.00019624882010005213,5.07279984503632e-05,2,"[-1.0, 0, 0.15844444444444417, 0, 1]",0.0
0.163555555555555,0,-0.055704168998628255,0.00015225054769293247,-0.00017347336492439037,1,"[-1.0, 0, 0.163555555555555, 0, 1]",0.0
0.163555555555555,1,0.03728472610882487,-0.00020262262830232446,5.0722881769120766e-05,2,"[-1.0, 0, 0.163555555555555, 0, 1]",0.0
0.16866666666666674,0,-0.0557136024691358,0.0001570614143758574,-0.00017360137226687887,1,"[-1.0, 0, 0.16866666666666674, 0, 1]",0.0
0.16866666666666674,1,0.03730044855967078,-0.00020900055089529047,5.0717596034855656e-05,2,"[-1.0, 0, 0.16866666666666674, 0, 1]",0.0
0.1737777777777776,0,-0.05572332620027434,0.00016187717678809105,-0.00017373340579286288,1,"[-1.0, 0, 0.1737777777777776, 0, 1]",0.0
0.1737777777777776,1,0.03731665477823502,-0.0002153827164536569,5.071214063008902e-05,2,"[-1.0, 0, 0.1737777777777776, 0, 1]",0.0
0.17888888888888843,0,-0.055733340192043894,0.0001666979832850679,-0.00017386947349342857,1,"[-1.0, 0, 0.17888888888888843, 0, 1]",0.0
0.17888888888888843,1,0.0373333447645176,-0.0002217692535521341,5.070651491880791e-05,2,"[-1.0, 0, 0.17888888888888843, 0, 1]",0.0
0.18400000000000016,0,-0.05574364444444444,0.0001715239822222224,-0.00017400958360370926,1,"[-1.0, 0, 0.18400000000000016, 0, 1]",0.0
0.18400000000000016,1,0.03735051851851852,-0.00022816029076543233,5.070071824650757e-05,2,"[-1.0, 0, 0.18400000000000016, 0, 1]",0.0
0.189111111111111,0,-0.05575423895747599,0.00017635532195498646,-0.00017415374460337188,1,"[-1.0, 0, 0.189111111111111, 0, 1]",0.0
0.189111111111111,1,0.03736817604023777,-0.00023455595666825843,5.0694749940234945e-05,2,"[-1.0, 0, 0.189111111111111, 0, 1]",0.0
0.19422222222222185,0,-0.055765123731138545,0.00018119215083879452,-0.00017430196521711695,1,"[-1.0, 0, 0.19422222222222185, 0, 1]",0.0
0.19422222222222185,1,0.03738631732967535,-0.00024095637983532274,5.0688609308633604e-05,2,"[-1.0, 0, 0.19422222222222185, 0, 1]",0.0
0.19933333333333358,0,-0.055776298765432095,0.00018603461722908117,-0.0001744542544151925,1,"[-1.0, 0, 0.19933333333333358, 0, 1]",0.0
0.19933333333333358,1,0.03740494238683127,-0.00024736168884133546,5.068229564198969e-05,2,"[-1.0, 0, 0.19933333333333358, 0, 1]",0.0
0.20444444444444443,0,-0.05578776406035665,0.00019088286948127823,-0.0001746106214139225,1,"[-1.0, 0, 0.20444444444444443, 0, 1]",0.0
0.20444444444444443,1,0.03742405121170553,-0.00025377201226100356,5.067580821227941e-05,2,"[-1.0, 0, 0.20444444444444443, 0, 1]",0.0
0.20955555555555527,0,-0.0557995196159122,0.0001957370559508202,-0.00017477107567624915,1,"[-1.0, 0, 0.20955555555555527, 0, 1]",0.0
0.20955555555555527,1,0.03744364380429812,-0.00026018747866903724,5.06691462732175e-05,2,"[-1.0, 0, 0.20955555555555527, 0, 1]",0.0
0.21466666666666612,0,-0.05581156543209876,0.00020059732499314077,-0.0001749356269122892,1,"[-1.0, 0, 0.21466666666666612, 0, 1]",0.0
0.21466666666666612,1,0.03746372016460905,-0.00026660821664014565,5.066230906030719e-05,2,"[-1.0, 0, 0.21466666666666612, 0, 1]",0.0
0.21977777777777785,0,-0.05582390150891632,0.00020546382496367427,-0.00017510428507990444,1,"[-1.0, 0, 0.21977777777777785, 0, 1]",0.0
0.21977777777777785,1,0.03748428029263832,-0.000273034354749039,5.0655295790891314e-05,2,"[-1.0, 0, 0.21977777777777785, 0, 1]",0.0
0.2248888888888887,0,-0.05583652784636488,0.00021033670421785277,-0.00017527706038528623,1,"[-1.0, 0, 0.2248888888888887, 0, 1]",0.0
0.2248888888888887,1,0.03750532418838591,-0.0002794660215704243,5.0648105664204634e-05,2,"[-1.0, 0, 0.2248888888888887, 0, 1]",0.0
0.22999999999999954,0,-0.05584944444444444,0.00021521611111111066,-0.00017545396328355438,1,"[-1.0, 0, 0.22999999999999954, 0, 1]",0.0
0.22999999999999954,1,0.037526851851851846,-0.00028590334567901173,5.064073786142767e-05,2,"[-1.0, 0, 0.22999999999999954, 0, 1]",0.0
0.23511111111111127,0,-0.05586265130315501,0.00022010219399888246,-0.00017563500447936972,1,"[-1.0, 0, 0.23511111111111127, 0, 1]",0.0
0.23511111111111127,1,0.037548863283036124,-0.0002923464556495116,5.063319154574143e-05,2,"[-1.0, 0, 0.23511111111111127, 0, 1]",0.0
0.24022222222222211,0,-0.055876148422496566,0.0002249951012366,-0.0001758201949275606,1,"[-1.0, 0, 0.24022222222222211, 0, 1]",0.0
0.24022222222222211,1,0.037571358481938724,-0.0002987954800566308,5.062546586238365e-05,2,"[-1.0, 0, 0.24022222222222211, 0, 1]",0.0
0.24533333333333296,0,-0.055889935802469135,0.00022989498117969787,-0.00017600954583376458,1,"[-1.0, 0, 0.24533333333333296, 0, 1]",0.0
0.24533333333333296,1,0.03759433744855967,-0.00030525054747507956,5.061755993870635e-05,2,"[-1.0, 0, 0.24533333333333296, 0, 1]",0.0
0.2504444444444447,0,-0.0559040134430727,0.00023480198218361046,-0.0001762030686550827,1,"[-1.0, 0, 0.2504444444444447, 0, 1]",0.0
0.2504444444444447,1,0.037617800182898946,-0.0003117117864795681,5.0609472884234364e-05,2,"[-1.0, 0, 0.2504444444444447, 0, 1]",0.0
0.25555555555555554,0,-0.055918381344307266,0.00023971625260376972,-0.00017640077510074897,1,"[-1.0, 0, 0.25555555555555554, 0, 1]",0.0
0.25555555555555554,1,0.03764174668495656,-0.0003181793256448034,5.0601203790725484e-05,2,"[-1.0, 0, 0.25555555555555554, 0, 1]",0.0
0.2606666666666664,0,-0.05593303950617284,0.00024463794079561017,-0.00017660267713281335,1,"[-1.0, 0, 0.2606666666666664, 0, 1]",0.0
0.2606666666666664,1,0.037666176954732504,-0.0003246532935454957,5.0592751732231496e-05,2,"[-1.0, 0, 0.2606666666666664, 0, 1]",0.0
0.2657777777777772,0,-0.0559479879286694,0.00024956719511456536,-0.00017680878696683906,1,"[-1.0, 0, 0.2657777777777772, 0, 1]",0.0
0.2657777777777772,1,0.03769109099222679,-0.0003311338187563542,5.0584115765160894e-05,2,"[-1.0, 0, 0.2657777777777772, 0, 1]",0.0
0.27088888888888896,0,-0.05596322661179698,0.0002545041639160698,-0.0001770191170726141,1,"[-1.0, 0, 0.27088888888888896, 0, 1]",0.0
0.27088888888888896,1,0.03771648879743941,-0.00033762102985208903,5.0575294928342446e-05,2,"[-1.0, 0, 0.27088888888888896, 0, 1]",0.0
0.2759999999999998,0,-0.05597875555555555,0.0002594489955555553,-0.00017723368017487622,1,"[-1.0, 0, 0.2759999999999998, 0, 1]",0.0
0.2759999999999998,1,0.03774237037037037,-0.0003441150554074072,5.056628824309036e-05,2,"[-1.0, 0, 0.2759999999999998, 0, 1]",0.0
0.28111111111111065,0,-0.055994574759945126,0.0002644018383884566,-0.00017745248925405291,1,"[-1.0, 0, 0.28111111111111065, 0, 1]",0.0
0.28111111111111065,1,0.03776873571101966,-0.00035061602399701883,5.055709471327042e-05,2,"[-1.0, 0, 0.28111111111111065, 0, 1]",0.0
0.2862222222222224,0,-0.056010684224965704,0.00026936284077020794,-0.0001776755575470149,1,"[-1.0, 0, 0.2862222222222224, 0, 1]",0.0
0.2862222222222224,1,0.03779558481938729,-0.0003571240641956344,5.054771332536769e-05,2,"[-1.0, 0, 0.2862222222222224, 0, 1]",0.0
0.2913333333333332,0,-0.05602708395061728,0.0002743321510562413,-0.0001779028985478434,1,"[-1.0, 0, 0.2913333333333332, 0, 1]",0.0
0.2913333333333332,1,0.037822917695473246,-0.00036363930457796053,5.0538143048555216e-05,2,"[-1.0, 0, 0.2913333333333332, 0, 1]",0.0
0.29644444444444407,0,-0.05604377393689986,0.0002793099176019912,-0.00017813452600861276,1,"[-1.0, 0, 0.29644444444444407, 0, 1]",0.0
0.29644444444444407,1,0.03785073433927755,-0.0003701618737187077,5.052838283476415e-05,2,"[-1.0, 0, 0.29644444444444407, 0, 1]",0.0
0.3015555555555558,0,-0.05606075418381344,0.00028429628876289203,-0.00017837045394018534,1,"[-1.0, 0, 0.3015555555555558, 0, 1]",0.0
0.3015555555555558,1,0.037879034750800185,-0.0003766919001925862,5.051843161875498e-05,2,"[-1.0, 0, 0.3015555555555558, 0, 1]",0.0
0.30666666666666664,0,-0.056078024691358024,0.0002892914128943758,-0.00017861069661302207,1,"[-1.0, 0, 0.30666666666666664, 0, 1]",0.0
0.30666666666666664,1,0.03790781893004115,-0.0003832295125743026,5.050828831819027e-05,2,"[-1.0, 0, 0.30666666666666664, 0, 1]",0.0
0.3117777777777775,0,-0.0560955854595336,0.00029429543835187696,-0.00017885526855800635,1,"[-1.0, 0, 0.3117777777777775, 0, 1]",0.0
0.3117777777777775,1,0.03793708687700045,-0.00038977483943856766,5.0497951833708424e-05,2,"[-1.0, 0, 0.3117777777777775, 0, 1]",0.0
0.31688888888888833,0,-0.05611343648834019,0.00029930851349082904,-0.00017910418456728216,1,"[-1.0, 0, 0.31688888888888833, 0, 1]",0.0
0.31688888888888833,1,0.03796683859167809,-0.00039632800936009,5.048742104899885e-05,2,"[-1.0, 0, 0.31688888888888833, 0, 1]",0.0
0.32200000000000006,0,-0.056131577777777775,0.0003043307866666667,-0.00017935745969510617,1,"[-1.0, 0, 0.32200000000000006, 0, 1]",0.0
0.32200000000000006,1,0.03799707407407407,-0.0004028891509135803,5.047669483087831e-05,2,"[-1.0, 0, 0.32200000000000006, 0, 1]",0.0
0.3271111111111109,0,-0.05615000932784636,0.0003093624062348217,-0.0001796151092587141,1,"[-1.0, 0, 0.3271111111111109, 0, 1]",0.0
0.3271111111111109,1,0.03802779332418838,-0.0004094583926737452,5.0465772029368554e-05,2,"[-1.0, 0, 0.3271111111111109, 0, 1]",0.0
0.33222222222222175,0,-0.05616873113854595,0.0003144035205507286,-0.0001798771488392011,1,"[-1.0, 0, 0.33222222222222175, 0, 1]",0.0
0.33222222222222175,1,0.03805899634202103,-0.0004160358632152952,5.04546514777753e-05,2,"[-1.0, 0, 0.33222222222222175, 0, 1]",0.0
0.3373333333333335,0,-0.05618774320987654,0.0003194542779698218,-0.0001801435942824162,1,"[-1.0, 0, 0.3373333333333335, 0, 1]",0.0
0.3373333333333335,1,0.038090683127572016,-0.00042262169111294035,5.0443331992768324e-05,2,"[-1.0, 0, 0.3373333333333335, 0, 1]",0.0
0.34244444444444433,0,-0.056207045541838134,0.0003245148268475333,-0.000180414461699871,1,"[-1.0, 0, 0.34244444444444433, 0, 1]",0.0
0.34244444444444433,1,0.03812285368084133,-0.0004292160049413874,5.043181237446292e-05,2,"[-1.0, 0, 0.34244444444444433, 0, 1]",0.0
0.3475555555555552,0,-0.056226638134430726,0.0003295853155392975,-0.00018068976746966176,1,"[-1.0, 0, 0.3475555555555552, 0, 1]",0.0
0.3475555555555552,1,0.038155508001828986,-0.00043581893327534707,5.042009140650262e-05,2,"[-1.0, 0, 0.3475555555555552, 0, 1]",0.0
0.3526666666666669,0,-0.05624652098765432,0.00033466589240054896,-0.00018096952823740695,1,"[-1.0, 0, 0.3526666666666669, 0, 1]",0.0
0.3526666666666669,1,0.03818864609053498,-0.0004424306046895294,5.040816785614312e-05,2,"[-1.0, 0, 0.3526666666666669, 0, 1]",0.0
0.35777777777777775,0,-0.05626669410150891,0.00033975670578671946,-0.00018125376091719731,1,"[-1.0, 0, 0.35777777777777775, 0, 1]",0.0
0.35777777777777775,1,0.0382222679469593,-0.000449051147758641,5.039604047433748e-05,2,"[-1.0, 0, 0.35777777777777775, 0, 1]",0.0
0.3628888888888886,0,-0.05628715747599451,0.0003448579040532436,-0.00018154248269256133,1,"[-1.0, 0, 0.3628888888888886, 0, 1]",0.0
0.3628888888888886,1,0.03825637357110196,-0.00045568069105739265,5.038370799582273e-05,2,"[-1.0, 0, 0.3628888888888886, 0, 1]",0.0
0.36799999999999944,0,-0.05630791111111111,0.000349969635555555,-0.00018183571101744358,1,"[-1.0, 0, 0.36799999999999944, 0, 1]",0.0
0.36799999999999944,1,0.03829096296296296,-0.0004623193631604931,5.037116913920743e-05,2,"[-1.0, 0, 0.36799999999999944, 0, 1]",0.0
0.37311111111111117,0,-0.05632895500685871,0.0003550920486490881,-0.00018213346361719846,1,"[-1.0, 0, 0.37311111111111117, 0, 1]",0.0
0.37311111111111117,1,0.0383260361225423,-0.00046896729264265277,5.035842260706081e-05,2,"[-1.0, 0, 0.37311111111111117, 0, 1]",0.0
0.378222222222222,0,-0.05635028916323731,0.00036022529168927477,-0.00018243575848959684,1,"[-1.0, 0, 0.378222222222222, 0, 1]",0.0
0.378222222222222,1,0.03836159304983996,-0.0004756246080785786,5.0345467086002966e-05,2,"[-1.0, 0, 0.378222222222222, 0, 1]",0.0
0.38333333333333286,0,-0.05637191358024691,0.0003653695130315495,-0.00018274261390584744,1,"[-1.0, 0, 0.38333333333333286, 0, 1]",0.0
0.38333333333333286,1,0.03839763374485596,-0.0004822914380429806,5.033230124679651e-05,2,"[-1.0, 0, 0.38333333333333286, 0, 1]",0.0
0.3884444444444446,0,-0.05639382825788752,0.00037052486103134703,-0.0001830540484116324,1,"[-1.0, 0, 0.3884444444444446, 0, 1]",0.0
0.3884444444444446,1,0.0384341582075903,-0.0004889679111105694,5.031892374443917e-05,2,"[-1.0, 0, 0.3884444444444446, 0, 1]",0.0
0.39355555555555544,0,-0.05641603319615912,0.00037569148404409885,-0.00018337008082815618,1,"[-1.0, 0, 0.39355555555555544, 0, 1]",0.0
0.39355555555555544,1,0.03847116643804298,-0.0004956541558560517,5.030533321825808e-05,2,"[-1.0, 0, 0.39355555555555544, 0, 1]",0.0
0.3986666666666663,0,-0.05643852839506172,0.00038086953042523964,-0.00018369073025320946,1,"[-1.0, 0, 0.3986666666666663, 0, 1]",0.0
0.3986666666666663,1,0.03850865843621399,-0.0005023503008541375,5.029152829200491e-05,2,"[-1.0, 0, 0.3986666666666663, 0, 1]",0.0
0.403777777777778,0,-0.05646131385459533,0.00038605914853020394,-0.00018401601606224678,1,"[-1.0, 0, 0.403777777777778, 0, 1]",0.0
0.403777777777778,1,0.03854663420210334,-0.0005090564746795376,5.027750757395248e-05,2,"[-1.0, 0, 0.403777777777778, 0, 1]",0.0
0.40888888888888886,0,-0.056484389574759944,0.0003912604867144236,-0.00018434595790947772,1,"[-1.0, 0, 0.40888888888888886, 0, 1]",0.0
0.40888888888888886,1,0.03858509373571102,-0.0005157728059069585,5.0263269656992756e-05,2,"[-1.0, 0, 0.40888888888888886, 0, 1]",0.0
0.4139999999999997,0,-0.05650775555555555,0.00039647369333333307,-0.00018468057572897304,1,"[-1.0, 0, 0.4139999999999997, 0, 1]",0.0
0.4139999999999997,1,0.03862403703703703,-0.0005224994231111108,5.0248813118735725e-05,2,"[-1.0, 0, 0.4139999999999997, 0, 1]",0.0
0.41911111111111055,0,-0.056531411796982164,0.0004016989167423659,-0.00018501988973578448,1,"[-1.0, 0, 0.41911111111111055, 0, 1]",0.0
0.41911111111111055,1,0.03866346410608138,-0.0005292364548667032,5.023413652161e-05,2,"[-1.0, 0, 0.41911111111111055, 0, 1]",0.0
0.4242222222222223,0,-0.05655535829903978,0.0004069363052969568,-0.00018536392042707862,1,"[-1.0, 0, 0.4242222222222223, 0, 1]",0.0
0.4242222222222223,1,0.03870337494284408,-0.0005359840297484463,5.0219238412964306e-05,2,"[-1.0, 0, 0.4242222222222223, 0, 1]",0.0
0.4293333333333331,0,-0.05657959506172839,0.00041218600735253746,-0.00018571268858328475,1,"[-1.0, 0, 0.4293333333333331, 0, 1]",0.0
0.4293333333333331,1,0.0387437695473251,-0.0005427422763310468,5.020411732517034e-05,2,"[-1.0, 0, 0.4293333333333331, 0, 1]",0.0
0.43444444444444397,0,-0.056604122085048,0.00041744817126454254,-0.00018606621526925734,1,"[-1.0, 0, 0.43444444444444397, 0, 1]",0.0
0.43444444444444397,1,0.038784647919524455,-0.0005495113231892151,5.018877177572708e-05,2,"[-1.0, 0, 0.43444444444444397, 0, 1]",0.0
0.4395555555555557,0,-0.056628939368998626,0.0004227229453884064,-0.00018642452183545186,1,"[-1.0, 0, 0.4395555555555557, 0, 1]",0.0
0.4395555555555557,1,0.038826010059442154,-0.0005562912988976614,5.0173200267366095e-05,2,"[-1.0, 0, 0.4395555555555557, 0, 1]",0.0
0.44466666666666654,0,-0.056654046913580246,0.0004280104780795609,-0.000186787629919115,1,"[-1.0, 0, 0.44466666666666654, 0, 1]",0.0
0.44466666666666654,1,0.03886785596707819,-0.0005630823320310927,5.015740128815828e-05,2,"[-1.0, 0, 0.44466666666666654, 0, 1]",0.0
0.4497777777777774,0,-0.05667944471879286,0.00043331091769344067,-0.00018715556144548938,1,"[-1.0, 0, 0.4497777777777774, 0, 1]",0.0
0.4497777777777774,1,0.03891018564243255,-0.000569884551164219,5.0141373311621734e-05,2,"[-1.0, 0, 0.4497777777777774, 0, 1]",0.0
0.4548888888888891,0,-0.056705132784636486,0.0004386244125854801,-0.00018752833862903186,1,"[-1.0, 0, 0.4548888888888891, 0, 1]",0.0
0.4548888888888891,1,0.03895299908550526,-0.0005766980848717508,5.012511479683102e-05,2,"[-1.0, 0, 0.4548888888888891, 0, 1]",0.0
0.45999999999999996,0,-0.05673111111111111,0.0004439511111111111,-0.00018790598397464578,1,"[-1.0, 0, 0.45999999999999996, 0, 1]",0.0
0.45999999999999996,1,0.03899629629629629,-0.000583523061728395,5.0108624188527676e-05,2,"[-1.0, 0, 0.45999999999999996, 0, 1]",0.0
0.4651111111111108,0,-0.05675737969821673,0.0004492911616257681,-0.0001882885202789279,1,"[-1.0, 0, 0.4651111111111108, 0, 1]",0.0
0.4651111111111108,1,0.039040077274805664,-0.0005903596103088618,5.009189991723188e-05,2,"[-1.0, 0, 0.4651111111111108, 0, 1]",0.0
0.47022222222222165,0,-0.05678393854595336,0.0004546447124848848,-0.00018867597063142898,1,"[-1.0, 0, 0.47022222222222165, 0, 1]",0.0
0.47022222222222165,1,0.03908434202103337,-0.0005972078591878602,5.007494039935542e-05,2,"[-1.0, 0, 0.47022222222222165, 0, 1]",0.0
0.4753333333333334,0,-0.05681078765432099,0.0004600119120438958,-0.00018906835841592858,1,"[-1.0, 0, 0.4753333333333334, 0, 1]",0.0
0.4753333333333334,1,0.03912909053497942,-0.0006040679369401006,5.0057744037316064e-05,2,"[-1.0, 0, 0.4753333333333334, 0, 1]",0.0
0.48044444444444423,0,-0.056837927023319613,0.00046539290865823277,-0.00018946570731172375,1,"[-1.0, 0, 0.48044444444444423, 0, 1]",0.0
0.48044444444444423,1,0.0391743228166438,-0.0006109399721402899,5.004030921965297e-05,2,"[-1.0, 0, 0.48044444444444423, 0, 1]",0.0
0.4855555555555551,0,-0.05686535665294924,0.00047078785068333033,-0.00018986804129493234,1,"[-1.0, 0, 0.4855555555555551, 0, 1]",0.0
0.4855555555555551,1,0.03922003886602651,-0.0006178240933631385,5.0022634321143534e-05,2,"[-1.0, 0, 0.4855555555555551, 0, 1]",0.0
0.4906666666666668,0,-0.056893076543209874,0.0004761968864746229,-0.0001902753846398098,1,"[-1.0, 0, 0.4906666666666668, 0, 1]",0.0
0.4906666666666668,1,0.03926623868312757,-0.0006247204291833563,5.000471770292142e-05,2,"[-1.0, 0, 0.4906666666666668, 0, 1]",0.0
0.49577777777777765,0,-0.05692108669410151,0.0004816201643875424,-0.00019068776192008024,1,"[-1.0, 0, 0.49577777777777765, 0, 1]",0.0
0.49577777777777765,1,0.039312922267946956,-0.0006316291081756506,4.998655771259583e-05,2,"[-1.0, 0, 0.49577777777777765, 0, 1]",0.0
0.5008888888888885,0,-0.05694938710562414,0.00048705783277752326,-0.0001911051980102817,1,"[-1.0, 0, 0.5008888888888885, 0, 1]",0.0
0.5008888888888885,1,0.03936008962048468,-0.0006385502589147312,4.9968152684372165e-05,2,"[-1.0, 0, 0.5008888888888885, 0, 1]",0.0
0.5060000000000002,0,-0.05697797777777778,0.0004925100400000002,-0.0001915277180871258,1,"[-1.0, 0, 0.5060000000000002, 0, 1]",0.0
0.5060000000000002,1,0.03940774074074074,-0.0006454840099753089,4.9949500939173733e-05,2,"[-1.0, 0, 0.5060000000000002, 0, 1]",0.0
0.5111111111111111,0,-0.05700685871056241,0.0004979769344104049,-0.00019195534763087033,1,"[-1.0, 0, 0.5111111111111111, 0, 1]",0.0
0.5111111111111111,1,0.03945587562871513,-0.0006524304899320903,4.993060078476495e-05,2,"[-1.0, 0, 0.5111111111111111, 0, 1]",0.0
0.5162222222222219,0,-0.05703602990397805,0.0005034586643641718,-0.0001923881124267077,1,"[-1.0, 0, 0.5162222222222219, 0, 1]",0.0
0.5162222222222219,1,0.03950449428440786,-0.0006593898273597854,4.9911450515875735e-05,2,"[-1.0, 0, 0.5162222222222219, 0, 1]",0.0
0.5213333333333328,0,-0.05706549135802468,0.0005089553782167347,-0.0001928260385661656,1,"[-1.0, 0, 0.5213333333333328, 0, 1]",0.0
0.5213333333333328,1,0.039553596707818925,-0.0006663621508331039,4.989204841432692e-05,2,"[-1.0, 0, 0.5213333333333328, 0, 1]",0.0
0.5264444444444445,0,-0.05709524307270233,0.000514467224323528,-0.00019326915244852335,1,"[-1.0, 0, 0.5264444444444445, 0, 1]",0.0
0.5264444444444445,1,0.039603182898948326,-0.0006733475889267558,4.9872392749157306e-05,2,"[-1.0, 0, 0.5264444444444445, 0, 1]",0.0
0.5315555555555553,0,-0.05712528504801097,0.0005199943510399835,-0.000193717480782241,1,"[-1.0, 0, 0.5315555555555553, 0, 1]",0.0
0.5315555555555553,1,0.03965325285779606,-0.0006803462702154479,4.985248177675189e-05,2,"[-1.0, 0, 0.5315555555555553, 0, 1]",0.0
0.5366666666666662,0,-0.05715561728395061,0.0005255369067215358,-0.00019417105058640365,1,"[-1.0, 0, 0.5366666666666662, 0, 1]",0.0
0.5366666666666662,1,0.039703806584362136,-0.0006873583232738905,4.9832313740971035e-05,2,"[-1.0, 0, 0.5366666666666662, 0, 1]",0.0
0.5417777777777779,0,-0.05718623978052126,0.0005310950397236196,-0.00019462988919217913,1,"[-1.0, 0, 0.5417777777777779, 0, 1]",0.0
0.5417777777777779,1,0.039754844078646545,-0.000694383876676794,4.981188687328125e-05,2,"[-1.0, 0, 0.5417777777777779, 0, 1]",0.0
0.5468888888888888,0,-0.0572171525377229,0.0005366688984016662,-0.00019509402424428994,1,"[-1.0, 0, 0.5468888888888888, 0, 1]",0.0
0.5468888888888888,1,0.03980636534064929,-0.0007014230589988652,4.979119939288727e-05,2,"[-1.0, 0, 0.5468888888888888, 0, 1]",0.0
0.5519999999999996,0,-0.05724835555555555,0.0005422586311111107,-0.00019556348370249947,1,"[-1.0, 0, 0.5519999999999996, 0, 1]",0.0
0.5519999999999996,1,0.03985837037037036,-0.0007084759988148144,4.9770249506864964e-05,2,"[-1.0, 0, 0.5519999999999996, 0, 1]",0.0
0.5571111111111113,0,-0.0572798488340192,0.0005478643862073873,-0.00019603829584311205,1,"[-1.0, 0, 0.5571111111111113, 0, 1]",0.0
0.5571111111111113,1,0.03991085916780979,-0.0007155428246993517,4.974903541029608e-05,2,"[-1.0, 0, 0.5571111111111113, 0, 1]",0.0
0.5622222222222222,0,-0.057311632373113854,0.0005534863120459279,-0.00019651848926048715,1,"[-1.0, 0, 0.5622222222222222, 0, 1]",0.0
0.5622222222222222,1,0.03996383173296753,-0.0007226236652271841,4.972755528640371e-05,2,"[-1.0, 0, 0.5622222222222222, 0, 1]",0.0
0.567333333333333,0,-0.0573437061728395,0.000559124556982167,-0.00019700409286856773,1,"[-1.0, 0, 0.567333333333333, 0, 1]",0.0
0.567333333333333,1,0.04001728806584361,-0.000729718648973022,4.9705807306689495e-05,2,"[-1.0, 0, 0.567333333333333, 0, 1]",0.0
0.5724444444444439,0,-0.05737607023319615,0.0005647792693715383,-0.00019749513590242287,1,"[-1.0, 0, 0.5724444444444439, 0, 1]",0.0
0.5724444444444439,1,0.04007122816643804,-0.0007368279045115744,4.968378963107176e-05,2,"[-1.0, 0, 0.5724444444444439, 0, 1]",0.0
0.5775555555555556,0,-0.05740872455418381,0.0005704505975694762,-0.00019799164791980416,1,"[-1.0, 0, 0.5775555555555556, 0, 1]",0.0
0.5775555555555556,1,0.0401256520347508,-0.0007439515604175515,4.966150040802494e-05,2,"[-1.0, 0, 0.5775555555555556, 0, 1]",0.0
0.5826666666666664,0,-0.05744166913580247,0.0005761386899314126,-0.0001984936588027158,1,"[-1.0, 0, 0.5826666666666664, 0, 1]",0.0
0.5826666666666664,1,0.040180559670781886,-0.0007510897452656604,4.963893777472058e-05,2,"[-1.0, 0, 0.5826666666666664, 0, 1]",0.0
0.5877777777777773,0,-0.05747490397805212,0.000581843694812782,-0.00019900119875900004,1,"[-1.0, 0, 0.5877777777777773, 0, 1]",0.0
0.5877777777777773,1,0.04023595107453131,-0.0007582425876306112,4.9616099857169165e-05,2,"[-1.0, 0, 0.5877777777777773, 0, 1]",0.0
0.592888888888889,0,-0.05750842908093278,0.0005875657605690191,-0.00019951429832393568,1,"[-1.0, 0, 0.592888888888889, 0, 1]",0.0
0.592888888888889,1,0.040291826245999085,-0.0007654102160871142,4.959298477036352e-05,2,"[-1.0, 0, 0.592888888888889, 0, 1]",0.0
0.5979999999999999,0,-0.05754224444444444,0.0005933050355555554,-0.00020003298836185045,1,"[-1.0, 0, 0.5979999999999999, 0, 1]",0.0
0.5979999999999999,1,0.04034818518518518,-0.0007725927592098764,4.956959061842326e-05,2,"[-1.0, 0, 0.5979999999999999, 0, 1]",0.0
0.6031111111111107,0,-0.0575763500685871,0.0005990616681278255,-0.00020055730006774867,1,"[-1.0, 0, 0.6031111111111107, 0, 1]",0.0
0.6031111111111107,1,0.040405027892089614,-0.0007797903455736077,4.954591549474078e-05,2,"[-1.0, 0, 0.6031111111111107, 0, 1]",0.0
0.6082222222222224,0,-0.05761074595336077,0.0006048358066412643,-0.00020108726496895183,1,"[-1.0, 0, 0.6082222222222224, 0, 1]",0.0
0.6082222222222224,1,0.04046235436671239,-0.0007870031037530189,4.952195748212817e-05,2,"[-1.0, 0, 0.6082222222222224, 0, 1]",0.0
0.6133333333333333,0,-0.05764543209876543,0.0006106275994513031,-0.0002016229149267535,1,"[-1.0, 0, 0.6133333333333333, 0, 1]",0.0
0.6133333333333333,1,0.04052016460905349,-0.0007942311623228166,4.949771465296571e-05,2,"[-1.0, 0, 0.6133333333333333, 0, 1]",0.0
0.6184444444444441,0,-0.05768040850480109,0.0006164371949133766,-0.0002021642821380891,1,"[-1.0, 0, 0.6184444444444441, 0, 1]",0.0
0.6184444444444441,1,0.04057845861911293,-0.000801474649857711,4.947318506935134e-05,2,"[-1.0, 0, 0.6184444444444441, 0, 1]",0.0
0.623555555555555,0,-0.05771567517146776,0.0006222647413829187,-0.00020271139913721889,1,"[-1.0, 0, 0.623555555555555, 0, 1]",0.0
0.623555555555555,1,0.04063723639689071,-0.0008087336949324112,4.944836678325165e-05,2,"[-1.0, 0, 0.623555555555555, 0, 1]",0.0
0.6286666666666667,0,-0.057751232098765426,0.0006281103872153635,-0.00020326429879742518,1,"[-1.0, 0, 0.6286666666666667, 0, 1]",0.0
0.6286666666666667,1,0.040696497942386826,-0.0008160084261216277,4.942325783665388e-05,2,"[-1.0, 0, 0.6286666666666667, 0, 1]",0.0
0.6337777777777776,0,-0.0577870792866941,0.0006339742807661431,-0.0002038230143327238,1,"[-1.0, 0, 0.6337777777777776, 0, 1]",0.0
0.6337777777777776,1,0.040756243255601274,-0.0008232989720000674,4.9397856261719496e-05,2,"[-1.0, 0, 0.6337777777777776, 0, 1]",0.0
0.6388888888888884,0,-0.057823216735253764,0.0006398565703906919,-0.00020438757929958993,1,"[-1.0, 0, 0.6388888888888884, 0, 1]",0.0
0.6388888888888884,1,0.04081647233653406,-0.0008306054611424402,4.9372160080938686e-05,2,"[-1.0, 0, 0.6388888888888884, 0, 1]",0.0
0.6440000000000001,0,-0.05785964444444444,0.0006457574044444446,-0.0002049580275986975,1,"[-1.0, 0, 0.6440000000000001, 0, 1]",0.0
0.6440000000000001,1,0.04087718518518518,-0.000837928022123457,4.934616730728633e-05,2,"[-1.0, 0, 0.6440000000000001, 0, 1]",0.0
0.649111111111111,0,-0.057896362414266114,0.0006516769312828328,-0.00020553439347667274,1,"[-1.0, 0, 0.649111111111111, 0, 1]",0.0
0.649111111111111,1,0.04093838180155464,-0.0008452667835178241,4.931987594437927e-05,2,"[-1.0, 0, 0.649111111111111, 0, 1]",0.0
0.6542222222222218,0,-0.05793337064471879,0.0006576152992612909,-0.00020611671152786232,1,"[-1.0, 0, 0.6542222222222218, 0, 1]",0.0
0.6542222222222218,1,0.04100006218564242,-0.0008526218739002517,4.929328398663461e-05,2,"[-1.0, 0, 0.6542222222222218, 0, 1]",0.0
0.6593333333333327,0,-0.05797066913580246,0.000663572656735253,-0.00020670501669611498,1,"[-1.0, 0, 0.6593333333333327, 0, 1]",0.0
0.6593333333333327,1,0.04106222633744855,-0.0008599934218454493,4.926638941942956e-05,2,"[-1.0, 0, 0.6593333333333327, 0, 1]",0.0
0.6644444444444444,0,-0.058008257887517144,0.0006695491520601534,-0.00020729934427657771,1,"[-1.0, 0, 0.6644444444444444, 0, 1]",0.0
0.6644444444444444,1,0.04112487425697302,-0.0008673815559281274,4.923919021926229e-05,2,"[-1.0, 0, 0.6644444444444444, 0, 1]",0.0
0.6695555555555552,0,-0.05804613689986282,0.0006755449335914237,-0.00020789972991750537,1,"[-1.0, 0, 0.6695555555555552, 0, 1]",0.0
0.6695555555555552,1,0.041188005944215816,-0.0008747864047229923,4.921168435391427e-05,2,"[-1.0, 0, 0.6695555555555552, 0, 1]",0.0
0.6746666666666661,0,-0.0580843061728395,0.0006815601496844986,-0.0002085062096220853,1,"[-1.0, 0, 0.6746666666666661, 0, 1]",0.0
0.6746666666666661,1,0.041251621399176944,-0.0008822080968047545,4.918386978261365e-05,2,"[-1.0, 0, 0.6746666666666661, 0, 1]",0.0
0.6797777777777778,0,-0.058122765706447185,0.0006875949486948127,-0.0002091188197502754,1,"[-1.0, 0, 0.6797777777777778, 0, 1]",0.0
0.6797777777777778,1,0.04131572062185642,-0.0008896467607481246,4.915574445620016e-05,2,"[-1.0, 0, 0.6797777777777778, 0, 1]",0.0
0.6848888888888887,0,-0.058161515500685865,0.0006936494789777978,-0.00020973759702065607,1,"[-1.0, 0, 0.6848888888888887, 0, 1]",0.0
0.6848888888888887,1,0.04138030361225423,-0.0008971025251278087,4.912730631729107e-05,2,"[-1.0, 0, 0.6848888888888887, 0, 1]",0.0
0.6899999999999995,0,-0.05820055555555555,0.0006997238888888882,-0.0002103625785122973,1,"[-1.0, 0, 0.6899999999999995, 0, 1]",0.0
0.6899999999999995,1,0.04144537037037036,-0.0009045755185185179,4.909855330044834e-05,2,"[-1.0, 0, 0.6899999999999995, 0, 1]",0.0
0.6951111111111112,0,-0.05823988587105624,0.000705818326783519,-0.00021099380166663865,1,"[-1.0, 0, 0.6951111111111112, 0, 1]",0.0
0.6951111111111112,1,0.041510920896204846,-0.0009120658694949619,4.90694833323474e-05,2,"[-1.0, 0, 0.6951111111111112, 0, 1]",0.0
0.7002222222222221,0,-0.05827950644718793,0.0007119329410171212,-0.00021163130428938364,1,"[-1.0, 0, 0.7002222222222221, 0, 1]",0.0
0.7002222222222221,1,0.04157695518975765,-0.000919573706631848,4.904009433194682e-05,2,"[-1.0, 0, 0.7002222222222221, 0, 1]",0.0
0.7053333333333329,0,-0.05831941728395061,0.0007180678799451297,-0.0002122751245524089,1,"[-1.0, 0, 0.7053333333333329, 0, 1]",0.0
0.7053333333333329,1,0.041643473251028795,-0.000927099158503886,4.901038421065939e-05,2,"[-1.0, 0, 0.7053333333333329, 0, 1]",0.0
0.7104444444444438,0,-0.0583596183813443,0.0007242232919229785,-0.00021292530099568688,1,"[-1.0, 0, 0.7104444444444438, 0, 1]",0.0
0.7104444444444438,1,0.04171047508001828,-0.0009346423536857853,4.898035087252454e-05,2,"[-1.0, 0, 0.7104444444444438, 0, 1]",0.0
0.7155555555555555,0,-0.058400109739368995,0.0007303993253061017,-0.00021358187252922228,1,"[-1.0, 0, 0.7155555555555555, 0, 1]",0.0
0.7155555555555555,1,0.04177796067672611,-0.0009422034207522565,4.894999221438174e-05,2,"[-1.0, 0, 0.7155555555555555, 0, 1]",0.0
0.7206666666666663,0,-0.05844089135802469,0.000736596128449931,-0.00021424487843500298,1,"[-1.0, 0, 0.7206666666666663, 0, 1]",0.0
0.7206666666666663,1,0.04184593004115226,-0.000949782488278006,4.891930612604556e-05,2,"[-1.0, 0, 0.7206666666666663, 0, 1]",0.0
0.7257777777777772,0,-0.05848196323731138,0.0007428138497099012,-0.0002149143583689654,1,"[-1.0, 0, 0.7257777777777772, 0, 1]",0.0
0.7257777777777772,1,0.041914383173296745,-0.0009573796848377441,4.8888290490481764e-05,2,"[-1.0, 0, 0.7257777777777772, 0, 1]",0.0
0.7308888888888889,0,-0.058523325377229075,0.000749052637441447,-0.0002155903523629736,1,"[-1.0, 0, 0.7308888888888889, 0, 1]",0.0
0.7308888888888889,1,0.04198332007315958,-0.0009649951390061815,4.885694318398458e-05,2,"[-1.0, 0, 0.7308888888888889, 0, 1]",0.0
0.7359999999999998,0,-0.05856497777777777,0.0007553126399999997,-0.00021627290082681176,1,"[-1.0, 0, 0.7359999999999998, 0, 1]",0.0
0.7359999999999998,1,0.04205274074074074,-0.0009726289793580242,4.8825262076355484e-05,2,"[-1.0, 0, 0.7359999999999998, 0, 1]",0.0
0.7411111111111106,0,-0.05860692043895747,0.0007615940057409941,-0.00021696204455019233,1,"[-1.0, 0, 0.7411111111111106, 0, 1]",0.0
0.7411111111111106,1,0.042122645176040224,-0.0009802813344679834,4.879324503108291e-05,2,"[-1.0, 0, 0.7411111111111106, 0, 1]",0.0
0.7462222222222223,0,-0.058649153360768175,0.000767896883019865,-0.0002176578247047768,1,"[-1.0, 0, 0.7462222222222223, 0, 1]",0.0
0.7462222222222223,1,0.04219303337905807,-0.000987952332910769,4.8760889905523756e-05,2,"[-1.0, 0, 0.7462222222222223, 0, 1]",0.0
0.7513333333333332,0,-0.05869167654320987,0.0007742214201920437,-0.00021836028284621101,1,"[-1.0, 0, 0.7513333333333332, 0, 1]",0.0
0.7513333333333332,1,0.04226390534979423,-0.000995642103261088,4.8728194551085445e-05,2,"[-1.0, 0, 0.7513333333333332, 0, 1]",0.0
0.756444444444444,0,-0.05873448998628257,0.000780567765612965,-0.00021906946091617528,1,"[-1.0, 0, 0.756444444444444, 0, 1]",0.0
0.756444444444444,1,0.042335261088248734,-0.0010033507740936506,4.869515681340987e-05,2,"[-1.0, 0, 0.756444444444444, 0, 1]",0.0
0.7615555555555549,0,-0.05877759368998627,0.0007869360676380624,-0.0002197854012444475,1,"[-1.0, 0, 0.7615555555555549, 0, 1]",0.0
0.7615555555555549,1,0.04240710059442157,-0.0010110784739831655,4.866177453255826e-05,2,"[-1.0, 0, 0.7615555555555549, 0, 1]",0.0
0.7666666666666666,0,-0.058820987654320984,0.0007933264746227709,-0.00022050814655098116,1,"[-1.0, 0, 0.7666666666666666, 0, 1]",0.0
0.7666666666666666,1,0.04247942386831276,-0.0010188253315043438,4.86280455431974e-05,2,"[-1.0, 0, 0.7666666666666666, 0, 1]",0.0
0.7717777777777775,0,-0.058864671879286685,0.0007997391349225216,-0.00022123773994799632,1,"[-1.0, 0, 0.7717777777777775, 0, 1]",0.0
0.7717777777777775,1,0.04255223090992226,-0.0010265914752318917,4.859396767478713e-05,2,"[-1.0, 0, 0.7717777777777775, 0, 1]",0.0
0.7768888888888883,0,-0.058908646364883396,0.0008061741968927493,-0.0002219742249420867,1,"[-1.0, 0, 0.7768888888888883, 0, 1]",0.0
0.7768888888888883,1,0.042625521719250103,-0.0010343770337405197,4.855953875176917e-05,2,"[-1.0, 0, 0.7768888888888883, 0, 1]",0.0
0.782,0,-0.05895291111111111,0.0008126318088888889,-0.00022271764543633872,1,"[-1.0, 0, 0.782, 0, 1]",0.0
0.782,1,0.04269929629629629,-0.0010421821356049383,4.8524756593756936e-05,2,"[-1.0, 0, 0.782, 0, 1]",0.0
0.7871111111111109,0,-0.05899746611796981,0.0008191121192663715,-0.00022346804573246553,1,"[-1.0, 0, 0.7871111111111109, 0, 1]",0.0
0.7871111111111109,1,0.04277355464106081,-0.001050006909399854,4.848961901572704e-05,2,"[-1.0, 0, 0.7871111111111109, 0, 1]",0.0
0.7922222222222217,0,-0.059042311385459526,0.0008256152763806324,-0.00022422547053295585,1,"[-1.0, 0, 0.7922222222222217, 0, 1]",0.0
0.7922222222222217,1,0.04284829675354366,-0.001057851483699977,4.845412382821169e-05,2,"[-1.0, 0, 0.7922222222222217, 0, 1]",0.0
0.7973333333333334,0,-0.05908744691358025,0.0008321414285871057,-0.0002249899649432355,1,"[-1.0, 0, 0.7973333333333334, 0, 1]",0.0
0.7973333333333334,1,0.042923522633744854,-0.0010657159870800185,4.841826883749238e-05,2,"[-1.0, 0, 0.7973333333333334, 0, 1]",0.0
0.8024444444444443,0,-0.05913287270233196,0.0008386907242412232,-0.00022576157447384346,1,"[-1.0, 0, 0.8024444444444443, 0, 1]",0.0
0.8024444444444443,1,0.04299923228166438,-0.0010736005481146841,4.838205184579529e-05,2,"[-1.0, 0, 0.8024444444444443, 0, 1]",0.0
0.8075555555555551,0,-0.059178588751714674,0.0008452633116984194,-0.00022654034504262323,1,"[-1.0, 0, 0.8075555555555551, 0, 1]",0.0
0.8075555555555551,1,0.04307542569730223,-0.0010815052953786848,4.8345470651487224e-05,2,"[-1.0, 0, 0.8075555555555551, 0, 1]",0.0
0.812666666666666,0,-0.059224595061728384,0.000851859339314128,-0.00022732632297692634,1,"[-1.0, 0, 0.812666666666666, 0, 1]",0.0
0.812666666666666,1,0.043152102880658426,-0.0010894303574467297,4.830852304927353e-05,2,"[-1.0, 0, 0.812666666666666, 0, 1]",0.0
0.8177777777777777,0,-0.05927089163237311,0.0008584789554437839,-0.0002281195550158317,1,"[-1.0, 0, 0.8177777777777777, 0, 1]",0.0
0.8177777777777777,1,0.043229263831732964,-0.001097375862893529,4.827120683039659e-05,2,"[-1.0, 0, 0.8177777777777777, 0, 1]",0.0
0.8228888888888886,0,-0.05931747846364883,0.0008651223084428181,-0.00022892008831237705,1,"[-1.0, 0, 0.8228888888888886, 0, 1]",0.0
0.8228888888888886,1,0.043306908550525824,-0.0011053419402937891,4.8233519782836324e-05,2,"[-1.0, 0, 0.8228888888888886, 0, 1]",0.0
0.8279999999999994,0,-0.05936435555555555,0.0008717895466666658,-0.000229727970435807,1,"[-1.0, 0, 0.8279999999999994, 0, 1]",0.0
0.8279999999999994,1,0.04338503703703703,-0.0011133287182222213,4.819545969151124e-05,2,"[-1.0, 0, 0.8279999999999994, 0, 1]",0.0
0.8331111111111111,0,-0.059411522908093276,0.0008784808184707616,-0.00023054324937383318,1,"[-1.0, 0, 0.8331111111111111, 0, 1]",0.0
0.8331111111111111,1,0.04346364929126657,-0.0011213363252535352,4.81570243384812e-05,2,"[-1.0, 0, 0.8331111111111111, 0, 1]",0.0
0.838222222222222,0,-0.059458980521262,0.0008851962722105368,-0.00023136597353490875,1,"[-1.0, 0, 0.838222222222222, 0, 1]",0.0
0.838222222222222,1,0.04354274531321444,-0.0011293648899624376,4.811821150315135e-05,2,"[-1.0, 0, 0.838222222222222, 0, 1]",0.0
0.8433333333333328,0,-0.05950672839506172,0.000891936056241426,-0.00023219619175051816,1,"[-1.0, 0, 0.8433333333333328, 0, 1]",0.0
0.8433333333333328,1,0.043622325102880645,-0.0011374145409236388,4.807901896247727e-05,2,"[-1.0, 0, 0.8433333333333328, 0, 1]",0.0
0.8484444444444446,0,-0.05955476652949245,0.0008987003189188642,-0.00023303395327748,1,"[-1.0, 0, 0.8484444444444446, 0, 1]",0.0
0.8484444444444446,1,0.043702388660265205,-0.0011454854067118497,4.8039444491171285e-05,2,"[-1.0, 0, 0.8484444444444446, 0, 1]",0.0
0.8535555555555554,0,-0.05960309492455418,0.0009054892085982825,-0.0002338793078002634,1,"[-1.0, 0, 0.8535555555555554, 0, 1]",0.0
0.8535555555555554,1,0.04378293598536808,-0.0011535776159017764,4.799948586191023e-05,2,"[-1.0, 0, 0.8535555555555554, 0, 1]",0.0
0.8586666666666662,0,-0.05965171358024691,0.0009123028736351159,-0.00023473230543332046,1,"[-1.0, 0, 0.8586666666666662, 0, 1]",0.0
0.8586666666666662,1,0.04386396707818929,-0.0011616912970681293,4.795914084554448e-05,2,"[-1.0, 0, 0.8586666666666662, 0, 1]",0.0
0.8637777777777771,0,-0.059700622496570634,0.0009191414623847981,-0.0002355929967234305,1,"[-1.0, 0, 0.8637777777777771, 0, 1]",0.0
0.8637777777777771,1,0.04394548193872884,-0.0011698265787856179,4.7918407211308e-05,2,"[-1.0, 0, 0.8637777777777771, 0, 1]",0.0
0.8688888888888888,0,-0.059749821673525376,0.0009260051232027637,-0.00023646143265206043,1,"[-1.0, 0, 0.8688888888888888, 0, 1]",0.0
0.8688888888888888,1,0.044027480566986736,-0.0011779835896289523,4.7877282727029935e-05,2,"[-1.0, 0, 0.8688888888888888, 0, 1]",0.0
0.8739999999999997,0,-0.05979931111111111,0.000932894004444444,-0.000237337664637737,1,"[-1.0, 0, 0.8739999999999997, 0, 1]",0.0
0.8739999999999997,1,0.044109962962962955,-0.0011861624581728388,4.783576515934731e-05,2,"[-1.0, 0, 0.8739999999999997, 0, 1]",0.0
0.8791111111111105,0,-0.059849090809327835,0.0009398082544652738,-0.00023822174453843554,1,"[-1.0, 0, 0.8791111111111105, 0, 1]",0.0
0.8791111111111105,1,0.04419292912665751,-0.0011943633129919886,4.779385227391897e-05,2,"[-1.0, 0, 0.8791111111111105, 0, 1]",0.0
0.8842222222222222,0,-0.05989916076817558,0.000946748021620688,-0.00023911372465398143,1,"[-1.0, 0, 0.8842222222222222, 0, 1]",0.0
0.8842222222222222,1,0.044276379058070414,-0.001202586282661112,4.7751541835640893e-05,2,"[-1.0, 0, 0.8842222222222222, 0, 1]",0.0
0.8893333333333331,0,-0.05994952098765432,0.0009537134542661176,-0.00024001365772846492,1,"[-1.0, 0, 0.8893333333333331, 0, 1]",0.0
0.8893333333333331,1,0.04436031275720164,-0.0012108314957549149,4.770883160886282e-05,2,"[-1.0, 0, 0.8893333333333331, 0, 1]",0.0
0.8944444444444439,0,-0.060000171467764055,0.0009607047007569976,-0.000240921596952672,1,"[-1.0, 0, 0.8944444444444439, 0, 1]",0.0
0.8944444444444439,1,0.0444447302240512,-0.0012190990808481083,4.766571935760579e-05,2,"[-1.0, 0, 0.8944444444444439, 0, 1]",0.0
0.8995555555555557,0,-0.0600511122085048,0.000967721909448763,-0.00024183759596652814,1,"[-1.0, 0, 0.8995555555555557, 0, 1]",0.0
0.8995555555555557,1,0.044529631458619115,-0.0012273891665154025,4.7622202845781376e-05,2,"[-1.0, 0, 0.8995555555555557, 0, 1]",0.0
0.9046666666666665,0,-0.060102343209876535,0.0009747652286968446,-0.00024276170886155548,1,"[-1.0, 0, 0.9046666666666665, 0, 1]",0.0
0.9046666666666665,1,0.04461501646090534,-0.001235701881331504,4.757827983741197e-05,2,"[-1.0, 0, 0.9046666666666665, 0, 1]",0.0
0.9097777777777774,0,-0.06015386447187928,0.0009818348068566778,-0.00024369399018334616,1,"[-1.0, 0, 0.9097777777777774, 0, 1]",0.0
0.9097777777777774,1,0.04470088523090991,-0.0012440373538711233,4.753394809685234e-05,2,"[-1.0, 0, 0.9097777777777774, 0, 1]",0.0
0.9148888888888882,0,-0.06020567599451302,0.0009889307922836955,-0.00024463449493404755,1,"[-1.0, 0, 0.9148888888888882, 0, 1]",0.0
0.9148888888888882,1,0.04478723776863282,-0.0012523957127089694,4.748920538901244e-05,2,"[-1.0, 0, 0.9148888888888882, 0, 1]",0.0
0.9199999999999999,0,-0.06025777777777777,0.0009960533333333332,-0.000245583278574863,1,"[-1.0, 0, 0.9199999999999999, 0, 1]",0.0
0.9199999999999999,1,0.044874074074074066,-0.001260777086419753,4.744404947958143e-05,2,"[-1.0, 0, 0.9199999999999999, 0, 1]",0.0
0.9251111111111108,0,-0.06031016982167352,0.0010032025783610217,-0.00024654039702856574,1,"[-1.0, 0, 0.9251111111111108, 0, 1]",0.0
0.9251111111111108,1,0.044961394147233644,-0.0012691816035781801,4.739847813525334e-05,2,"[-1.0, 0, 0.9251111111111108, 0, 1]",0.0
0.9302222222222216,0,-0.06036285212620027,0.001010378675722196,-0.00024750590668202777,1,"[-1.0, 0, 0.9302222222222216, 0, 1]",0.0
0.9302222222222216,1,0.04504919798811156,-0.001277609392758962,4.735248912395328e-05,2,"[-1.0, 0, 0.9302222222222216, 0, 1]",0.0
0.9353333333333333,0,-0.06041582469135802,0.0010175817737722909,-0.0002484798643887622,1,"[-1.0, 0, 0.9353333333333333, 0, 1]",0.0
0.9353333333333333,1,0.04513748559670781,-0.0012860605825368084,4.730608021506558e-05,2,"[-1.0, 0, 0.9353333333333333, 0, 1]",0.0
0.9404444444444442,0,-0.060469087517146775,0.0010248120208667373,-0.00024946232747147983,1,"[-1.0, 0, 0.9404444444444442, 0, 1]",0.0
0.9404444444444442,1,0.0452262569730224,-0.0012945353014864262,4.725924917966298e-05,2,"[-1.0, 0, 0.9404444444444442, 0, 1]",0.0
0.945555555555555,0,-0.06052264060356652,0.0010320695653609708,-0.0002504533537246597,1,"[-1.0, 0, 0.945555555555555, 0, 1]",0.0
0.945555555555555,1,0.04531551211705531,-0.0013030336781825256,4.721199379073681e-05,2,"[-1.0, 0, 0.945555555555555, 0, 1]",0.0
0.9506666666666668,0,-0.06057648395061728,0.0010393545556104252,-0.00025145300141713443,1,"[-1.0, 0, 0.9506666666666668, 0, 1]",0.0
0.9506666666666668,1,0.04540525102880658,-0.0013115558411998173,4.7164311823428926e-05,2,"[-1.0, 0, 0.9506666666666668, 0, 1]",0.0
0.9557777777777776,0,-0.06063061755829904,0.0010466671399705328,-0.0002524613292946882,1,"[-1.0, 0, 0.9557777777777776, 0, 1]",0.0
0.9557777777777776,1,0.04549547370827617,-0.0013201019191130074,4.71162010552644e-05,2,"[-1.0, 0, 0.9557777777777776, 0, 1]",0.0
0.9608888888888885,0,-0.06068504142661179,0.0010540074667967276,-0.0002534783965826703,1,"[-1.0, 0, 0.9608888888888885, 0, 1]",0.0
0.9608888888888885,1,0.0455861801554641,-0.001328672040496807,4.7067659266385924e-05,2,"[-1.0, 0, 0.9608888888888885, 0, 1]",0.0
0.9659999999999993,0,-0.060739755555555545,0.0010613756844444432,-0.0002545042629886223,1,"[-1.0, 0, 0.9659999999999993, 0, 1]",0.0
0.9659999999999993,1,0.045677370370370354,-0.0013372663339259248,4.7018684239789065e-05,2,"[-1.0, 0, 0.9659999999999993, 0, 1]",0.0
0.971111111111111,0,-0.06079475994513031,0.0010687719412691154,-0.0002555389887049189,1,"[-1.0, 0, 0.971111111111111, 0, 1]",0.0
0.971111111111111,1,0.04576904435299497,-0.0013458849279750717,4.6969273761559256e-05,2,"[-1.0, 0, 0.971111111111111, 0, 1]",0.0
0.9762222222222219,0,-0.06085005459533607,0.0010761963856261742,-0.00025658263441142264,1,"[-1.0, 0, 0.9762222222222219, 0, 1]",0.0
0.9762222222222219,1,0.0458612021033379,-0.0013545279512189531,4.691942562110953e-05,2,"[-1.0, 0, 0.9762222222222219, 0, 1]",0.0
0.9813333333333327,0,-0.06090563950617283,0.0010836491658710553,-0.0002576352612781541,1,"[-1.0, 0, 0.9813333333333327, 0, 1]",0.0
0.9813333333333327,1,0.04595384362139916,-0.0013631955322322804,4.686913761141986e-05,2,"[-1.0, 0, 0.9813333333333327, 0, 1]",0.0
0.9864444444444445,0,-0.0609615146776406,0.0010911304303591932,-0.00025869693096797506,1,"[-1.0, 0, 0.9864444444444445, 0, 1]",0.0
0.9864444444444445,1,0.046046968907178784,-0.0013718877995897644,4.681840752927771e-05,2,"[-1.0, 0, 0.9864444444444445, 0, 1]",0.0
0.9915555555555553,0,-0.06101768010973936,0.0010986403274460192,-0.0002597677056392851,1,"[-1.0, 0, 0.9915555555555553, 0, 1]",0.0
0.9915555555555553,1,0.04614057796067672,-0.0013806048818661106,4.676723317551977e-05,2,"[-1.0, 0, 0.9915555555555553, 0, 1]",0.0
0.9966666666666661,0,-0.06107413580246913,0.0011061790054869678,-0.00026084764794873463,1,"[-1.0, 0, 0.9966666666666661, 0, 1]",0.0
0.9966666666666661,1,0.04623467078189299,-0.0013893469076360302,4.671561235527494e-05,2,"[-1.0, 0, 0.9966666666666661, 0, 1]",0.0
1.0017777777777779,0,-0.061130881755829904,0.001113746612837474,-0.0002619368210539494,1,"[-1.0, 0, 1.0017777777777779, 0, 1]",0.0
1.0017777777777779,1,0.046329247370827616,-0.0013981140054742335,4.666354287820875e-05,2,"[-1.0, 0, 1.0017777777777779, 0, 1]",0.0
1.0068888888888887,0,-0.06118791796982167,0.0011213432978529694,-0.00026303528861627,1,"[-1.0, 0, 1.0068888888888887, 0, 1]",0.0
1.0068888888888887,1,0.04642430772748056,-0.0014069063039554265,4.6611022558768884e-05,2,"[-1.0, 0, 1.0068888888888887, 0, 1]",0.0
1.0119999999999996,0,-0.06124524444444444,0.001128969208888888,-0.00026414311480350714,1,"[-1.0, 0, 1.0119999999999996, 0, 1]",0.0
1.0119999999999996,1,0.04651985185185184,-0.0014157239316543201,4.6558049216431844e-05,2,"[-1.0, 0, 1.0119999999999996, 0, 1]",0.0
1.0171111111111104,0,-0.06130286117969821,0.0011366244943006646,-0.00026526036429270805,1,"[-1.0, 0, 1.0171111111111104, 0, 1]",0.0
1.0171111111111104,1,0.046615879743941456,-0.0014245670171456235,4.650462067595124e-05,2,"[-1.0, 0, 1.0171111111111104, 0, 1]",0.0
1.0222222222222221,0,-0.06136076817558299,0.0011443093024437329,-0.0002663871022729394,1,"[-1.0, 0, 1.0222222222222221, 0, 1]",0.0
1.0222222222222221,1,0.04671239140374942,-0.0014334356890040474,4.645073476760701e-05,2,"[-1.0, 0, 1.0222222222222221, 0, 1]",0.0
1.027333333333333,0,-0.06141896543209876,0.0011520237816735248,-0.0002675233944480823,1,"[-1.0, 0, 1.027333333333333, 0, 1]",0.0
1.027333333333333,1,0.04680938683127571,-0.0014423300758042976,4.6396389327456234e-05,2,"[-1.0, 0, 1.027333333333333, 0, 1]",0.0
1.0324444444444438,0,-0.06147745294924553,0.0011597680803454749,-0.00026866930703964395,1,"[-1.0, 0, 1.0324444444444438, 0, 1]",0.0
1.0324444444444438,1,0.04690686602652033,-0.0014512503061210847,4.6341582197584666e-05,2,"[-1.0, 0, 1.0324444444444438, 0, 1]",0.0
1.0375555555555556,0,-0.061536230727023314,0.001167542346815018,-0.00026982490678958087,1,"[-1.0, 0, 1.0375555555555556, 0, 1]",0.0
1.0375555555555556,1,0.047004828989483306,-0.00146019650852912,4.628631122636007e-05,2,"[-1.0, 0, 1.0375555555555556, 0, 1]",0.0
1.0426666666666664,0,-0.06159529876543209,0.0011753467294375853,-0.00027099026096313693,1,"[-1.0, 0, 1.0426666666666664, 0, 1]",0.0
1.0426666666666664,1,0.0471032757201646,-0.0014691688116031088,4.6230574268686765e-05,2,"[-1.0, 0, 1.0426666666666664, 0, 1]",0.0
1.0477777777777773,0,-0.06165465706447187,0.0011831813765686115,-0.00027216543735169674,1,"[-1.0, 0, 1.0477777777777773, 0, 1]",0.0
1.0477777777777773,1,0.04720220621856423,-0.0014781673439177622,4.617436918626097e-05,2,"[-1.0, 0, 1.0477777777777773, 0, 1]",0.0
1.052888888888889,0,-0.06171430562414266,0.0011910464365635321,-0.00027335050427565184,1,"[-1.0, 0, 1.052888888888889, 0, 1]",0.0
1.052888888888889,1,0.047301620484682214,-0.001487192234047791,4.611769384782789e-05,2,"[-1.0, 0, 1.052888888888889, 0, 1]",0.0
1.0579999999999998,0,-0.06177424444444444,0.0011989420577777773,-0.00027454553058728034,1,"[-1.0, 0, 1.0579999999999998, 0, 1]",0.0
1.0579999999999998,1,0.04740151851851851,-0.0014962436105679009,4.606054612943996e-05,2,"[-1.0, 0, 1.0579999999999998, 0, 1]",0.0
1.0631111111111107,0,-0.06183447352537722,0.0012068683885667827,-0.0002757505856736431,1,"[-1.0, 0, 1.0631111111111107, 0, 1]",0.0
1.0631111111111107,1,0.04750190032007315,-0.0015053216020528028,4.600292391471627e-05,2,"[-1.0, 0, 1.0631111111111107, 0, 1]",0.0
1.0682222222222215,0,-0.061894992866941,0.0012148255772859817,-0.00027696573945949136,1,"[-1.0, 0, 1.0682222222222215, 0, 1]",0.0
1.0682222222222215,1,0.04760276588934612,-0.001514426337077206,4.594482509510309e-05,2,"[-1.0, 0, 1.0682222222222215, 0, 1]",0.0
1.0733333333333333,0,-0.0619558024691358,0.0012228137722908093,-0.00027819106241019036,1,"[-1.0, 0, 1.0733333333333333, 0, 1]",0.0
1.0733333333333333,1,0.04770411522633744,-0.0015235579442158206,4.5886247570135996e-05,2,"[-1.0, 0, 1.0733333333333333, 0, 1]",0.0
1.078444444444444,0,-0.06201690233196158,0.0012308331219366962,-0.00027942662553465504,1,"[-1.0, 0, 1.078444444444444, 0, 1]",0.0
1.078444444444444,1,0.047805948331047086,-0.0015327165520433532,4.5827189247703276e-05,2,"[-1.0, 0, 1.078444444444444, 0, 1]",0.0
1.083555555555555,0,-0.06207829245541837,0.0012388837745790774,-0.00028067250038830277,1,"[-1.0, 0, 1.083555555555555, 0, 1]",0.0
1.083555555555555,1,0.04790826520347506,-0.0015419022891345142,4.576764804431005e-05,2,"[-1.0, 0, 1.083555555555555, 0, 1]",0.0
1.0886666666666667,0,-0.06213997283950617,0.0012469658785733881,-0.00028192875907601724,1,"[-1.0, 0, 1.0886666666666667, 0, 1]",0.0
1.0886666666666667,1,0.0480110658436214,-0.0015511152840640145,4.570762188534437e-05,2,"[-1.0, 0, 1.0886666666666667, 0, 1]",0.0
1.0937777777777775,0,-0.06220194348422496,0.0012550795822750592,-0.00028319547425512755,1,"[-1.0, 0, 1.0937777777777775, 0, 1]",0.0
1.0937777777777775,1,0.04811435025148605,-0.0015603556654065602,4.5647108705343885e-05,2,"[-1.0, 0, 1.0937777777777775, 0, 1]",0.0
1.0988888888888884,0,-0.06226420438957475,0.0012632250340395257,-0.0002844727191384024,1,"[-1.0, 0, 1.0988888888888884, 0, 1]",0.0
1.0988888888888884,1,0.04821811842706903,-0.0015696235617368617,4.5586106448264584e-05,2,"[-1.0, 0, 1.0988888888888884, 0, 1]",0.0
1.104,0,-0.06232675555555555,0.0012714023822222222,-0.0002857605674970569,1,"[-1.0, 0, 1.104, 0, 1]",0.0
1.104,1,0.04832237037037037,-0.0015789191016296297,4.5524613067750015e-05,2,"[-1.0, 0, 1.104, 0, 1]",0.0
1.109111111111111,0,-0.062389596982167346,0.0012796117751785803,-0.00028705909366377367,1,"[-1.0, 0, 1.109111111111111, 0, 1]",0.0
1.109111111111111,1,0.048427106081390024,-0.0015882424136595705,4.5462626527402095e-05,2,"[-1.0, 0, 1.109111111111111, 0, 1]",0.0
1.1142222222222218,0,-0.062452728669410144,0.0012878533612640341,-0.000288368372535739,1,"[-1.0, 0, 1.1142222222222218, 0, 1]",0.0
1.1142222222222218,1,0.048532325560128015,-0.0015975936264013947,4.540014480105337e-05,2,"[-1.0, 0, 1.1142222222222218, 0, 1]",0.0
1.1193333333333326,0,-0.06251615061728394,0.001296127288834018,-0.00028968847957769214,1,"[-1.0, 0, 1.1193333333333326, 0, 1]",0.0
1.1193333333333326,1,0.04863802880658434,-0.0016069728684298113,4.5337165873040255e-05,2,"[-1.0, 0, 1.1193333333333326, 0, 1]",0.0
1.1244444444444444,0,-0.06257986282578874,0.0013044337062439668,-0.00029101949082498943,1,"[-1.0, 0, 1.1244444444444444, 0, 1]",0.0
1.1244444444444444,1,0.048744215820759024,-0.001616380268319531,4.52736877384776e-05,2,"[-1.0, 0, 1.1244444444444444, 0, 1]",0.0
1.1295555555555552,0,-0.06264386529492455,0.0013127727618493109,-0.000292361482886681,1,"[-1.0, 0, 1.1295555555555552, 0, 1]",0.0
1.1295555555555552,1,0.04885088660265202,-0.00162581595464526,4.520970840353453e-05,2,"[-1.0, 0, 1.1295555555555552, 0, 1]",0.0
1.134666666666666,0,-0.06270815802469135,0.001321144604005486,-0.00029371453294860375,1,"[-1.0, 0, 1.134666666666666, 0, 1]",0.0
1.134666666666666,1,0.04895804115226336,-0.0016352800559817089,4.514522588571175e-05,2,"[-1.0, 0, 1.134666666666666, 0, 1]",0.0
1.1397777777777778,0,-0.06277274101508916,0.0013295493810679265,-0.00029507871877648716,1,"[-1.0, 0, 1.1397777777777778, 0, 1]",0.0
1.1397777777777778,1,0.049065679469593046,-0.0016447727009035885,4.508023821411954e-05,2,"[-1.0, 0, 1.1397777777777778, 0, 1]",0.0
1.1448888888888886,0,-0.06283761426611796,0.0013379872413920638,-0.00029645411871907253,1,"[-1.0, 0, 1.1448888888888886, 0, 1]",0.0
1.1448888888888886,1,0.04917380155464105,-0.0016542940179856047,4.501474342975798e-05,2,"[-1.0, 0, 1.1448888888888886, 0, 1]",0.0
1.1499999999999995,0,-0.06290277777777777,0.0013464583333333323,-0.0002978408117112481,1,"[-1.0, 0, 1.1499999999999995, 0, 1]",0.0
1.1499999999999995,1,0.04928240740740739,-0.001663844135802468,4.494873958579738e-05,2,"[-1.0, 0, 1.1499999999999995, 0, 1]",0.0
1.1551111111111112,0,-0.06296823155006859,0.0013549628052471677,-0.00029923887727719697,1,"[-1.0, 0, 1.1551111111111112, 0, 1]",0.0
1.1551111111111112,1,0.04939149702789209,-0.0016734231829288895,4.488222474786059e-05,2,"[-1.0, 0, 1.1551111111111112, 0, 1]",0.0
1.160222222222222,0,-0.0630339755829904,0.0013635008054890003,-0.0003006483955335585,1,"[-1.0, 0, 1.160222222222222, 0, 1]",0.0
1.160222222222222,1,0.0495010704160951,-0.001683031287939575,4.481519699430647e-05,2,"[-1.0, 0, 1.160222222222222, 0, 1]",0.0
1.1653333333333329,0,-0.0631000098765432,0.0013720724824142652,-0.00030206944719260594,1,"[-1.0, 0, 1.1653333333333329, 0, 1]",0.0
1.1653333333333329,1,0.049611127572016446,-0.0016926685794092355,4.4747654416514655e-05,2,"[-1.0, 0, 1.1653333333333329, 0, 1]",0.0
1.1704444444444437,0,-0.06316633443072701,0.0013806779843783964,-0.00030350211356543693,1,"[-1.0, 0, 1.1704444444444437, 0, 1]",0.0
1.1704444444444437,1,0.04972166849565613,-0.0017023351859125797,4.467959511917143e-05,2,"[-1.0, 0, 1.1704444444444437, 0, 1]",0.0
1.1755555555555555,0,-0.06323294924554183,0.0013893174597368284,-0.0003049464765651769,1,"[-1.0, 0, 1.1755555555555555, 0, 1]",0.0
1.1755555555555555,1,0.04983269318701417,-0.001712031236024319,4.461101722055686e-05,2,"[-1.0, 0, 1.1755555555555555, 0, 1]",0.0
1.1806666666666663,0,-0.06329985432098764,0.0013979910568449926,-0.0003064026187101983,1,"[-1.0, 0, 1.1806666666666663, 0, 1]",0.0
1.1806666666666663,1,0.04994420164609052,-0.0017217568583191578,4.454191885283351e-05,2,"[-1.0, 0, 1.1806666666666663, 0, 1]",0.0
1.1857777777777772,0,-0.06336704965706447,0.0014066989240583234,-0.0003078706231273539,1,"[-1.0, 0, 1.1857777777777772, 0, 1]",0.0
1.1857777777777772,1,0.050056193872885214,-0.0017315121813718086,4.447229816233596e-05,2,"[-1.0, 0, 1.1857777777777772, 0, 1]",0.0
1.1908888888888889,0,-0.0634345352537723,0.0014154412097322562,-0.0003093505735552228,1,"[-1.0, 0, 1.1908888888888889, 0, 1]",0.0
1.1908888888888889,1,0.05016866986739826,-0.0017412973337569816,4.4402153309862e-05,2,"[-1.0, 0, 1.1908888888888889, 0, 1]",0.0
1.1959999999999997,0,-0.0635023111111111,0.0014242180622222216,-0.0003108425543473712,1,"[-1.0, 0, 1.1959999999999997, 0, 1]",0.0
1.1959999999999997,1,0.05028162962962962,-0.0017511124440493823,4.433148247096473e-05,2,"[-1.0, 0, 1.1959999999999997, 0, 1]",0.0
1.2011111111111106,0,-0.06357037722908092,0.001433029629883655,-0.000312346650475629,1,"[-1.0, 0, 1.2011111111111106, 0, 1]",0.0
1.2011111111111106,1,0.05039507315957932,-0.0017609576408237218,4.426028383624631e-05,2,"[-1.0, 0, 1.2011111111111106, 0, 1]",0.0
1.2062222222222223,0,-0.06363873360768176,0.0014418760610719914,-0.00031386294753337694,1,"[-1.0, 0, 1.2062222222222223, 0, 1]",0.0
1.2062222222222223,1,0.05050900045724737,-0.0017708330526547105,4.418855561165254e-05,2,"[-1.0, 0, 1.2062222222222223, 0, 1]",0.0
1.2113333333333332,0,-0.06370738024691358,0.0014507575041426608,-0.0003153915317388501,1,"[-1.0, 0, 1.2113333333333332, 0, 1]",0.0
1.2113333333333332,1,0.050623411522633735,-0.001780738808117055,4.411629601876902e-05,2,"[-1.0, 0, 1.2113333333333332, 0, 1]",0.0
1.216444444444444,0,-0.0637763171467764,0.0014596741074510992,-0.0003169324899384563,1,"[-1.0, 0, 1.216444444444444, 0, 1]",0.0
1.216444444444444,1,0.05073830635573844,-0.0017906750357854653,4.4043503295118674e-05,2,"[-1.0, 0, 1.216444444444444, 0, 1]",0.0
1.2215555555555548,0,-0.06384554430727021,0.0014686260193527397,-0.0003184859096101065,1,"[-1.0, 0, 1.2215555555555548, 0, 1]",0.0
1.2215555555555548,1,0.05085368495656148,-0.0018006418642346513,4.39701756944597e-05,2,"[-1.0, 0, 1.2215555555555548, 0, 1]",0.0
1.2266666666666666,0,-0.06391506172839506,0.0014776133882030177,-0.000320051878866561,1,"[-1.0, 0, 1.2266666666666666, 0, 1]",0.0
1.2266666666666666,1,0.05096954732510288,-0.001810639422039323,4.389631148708638e-05,2,"[-1.0, 0, 1.2266666666666666, 0, 1]",0.0
1.2317777777777774,0,-0.06398486941015089,0.0014866363623573635,-0.0003216304864587866,1,"[-1.0, 0, 1.2317777777777774, 0, 1]",0.0
1.2317777777777774,1,0.05108589346136259,-0.0018206678377741868,4.382190896012917e-05,2,"[-1.0, 0, 1.2317777777777774, 0, 1]",0.0
1.2368888888888883,0,-0.06405496735253771,0.0014956950901712125,-0.0003232218217793339,1,"[-1.0, 0, 1.2368888888888883, 0, 1]",0.0
1.2368888888888883,1,0.05120272336534063,-0.0018307272400139532,4.3746966417857955e-05,2,"[-1.0, 0, 1.2368888888888883, 0, 1]",0.0
1.242,0,-0.06412535555555555,0.0015047897199999998,-0.0003248259748657223,1,"[-1.0, 0, 1.242, 0, 1]",0.0
1.242,1,0.05132003703703703,-0.0018408177573333334,4.3671482181985064e-05,2,"[-1.0, 0, 1.242, 0, 1]",0.0
1.2471111111111108,0,-0.06419603401920439,0.001513920400199156,-0.0003264430364038421,1,"[-1.0, 0, 1.2471111111111108, 0, 1]",0.0
1.2471111111111108,1,0.051437834476451755,-0.0018509395183070325,4.359545459197064e-05,2,"[-1.0, 0, 1.2471111111111108, 0, 1]",0.0
1.2522222222222217,0,-0.06426700274348421,0.0015230872791241164,-0.00032807309773137113,1,"[-1.0, 0, 1.2522222222222217, 0, 1]",0.0
1.2522222222222217,1,0.051556115683584806,-0.001861092651509762,4.3518882005328215e-05,2,"[-1.0, 0, 1.2522222222222217, 0, 1]",0.0
1.2573333333333334,0,-0.06433826172839506,0.0015322905051303156,-0.0003297162508412049,1,"[-1.0, 0, 1.2573333333333334, 0, 1]",0.0
1.2573333333333334,1,0.051674880658436215,-0.0018712772855162324,4.344176279793275e-05,2,"[-1.0, 0, 1.2573333333333334, 0, 1]",0.0
1.2624444444444443,0,-0.06440981097393689,0.0015415302265731846,-0.0003313725883848984,1,"[-1.0, 0, 1.2624444444444443, 0, 1]",0.0
1.2624444444444443,1,0.05179412940100594,-0.0018814935489011493,4.336409536432898e-05,2,"[-1.0, 0, 1.2624444444444443, 0, 1]",0.0
1.267555555555555,0,-0.06448165048010973,0.0015508065918081583,-0.00033304220367612764,1,"[-1.0, 0, 1.267555555555555, 0, 1]",0.0
1.267555555555555,1,0.051913861911294,-0.001891741570239224,4.3285878118041446e-05,2,"[-1.0, 0, 1.267555555555555, 0, 1]",0.0
1.272666666666666,0,-0.06455378024691356,0.0015601197491906709,-0.00033472519069415883,1,"[-1.0, 0, 1.272666666666666, 0, 1]",0.0
1.272666666666666,1,0.05203407818930039,-0.0019020214781051653,4.32071094918857e-05,2,"[-1.0, 0, 1.272666666666666, 0, 1]",0.0
1.2777777777777777,0,-0.06462620027434841,0.0015694698470761568,-0.0003364216440873367,1,"[-1.0, 0, 1.2777777777777777, 0, 1]",0.0
1.2777777777777777,1,0.052154778235025144,-0.0019123334010736845,4.312778793828074e-05,2,"[-1.0, 0, 1.2777777777777777, 0, 1]",0.0
1.2828888888888885,0,-0.06469891056241425,0.001578857033820047,-0.00033813165917658303,1,"[-1.0, 0, 1.2828888888888885, 0, 1]",0.0
1.2828888888888885,1,0.05227596204846821,-0.0019226774677194864,4.3047911929562866e-05,2,"[-1.0, 0, 1.2828888888888885, 0, 1]",0.0
1.2879999999999994,0,-0.0647719111111111,0.0015882814577777766,-0.00033985533195891296,1,"[-1.0, 0, 1.2879999999999994, 0, 1]",0.0
1.2879999999999994,1,0.05239762962962961,-0.0019330538066172824,4.2967479958300504e-05,2,"[-1.0, 0, 1.2879999999999994, 0, 1]",0.0
1.293111111111111,0,-0.06484520192043895,0.0015977432673047807,-0.0003415927591109626,1,"[-1.0, 0, 1.293111111111111, 0, 1]",0.0
1.293111111111111,1,0.05251978097850937,-0.001943462546341784,4.28864905376105e-05,2,"[-1.0, 0, 1.293111111111111, 0, 1]",0.0
1.298222222222222,0,-0.0649187829903978,0.00160724261075649,-0.00034334403799253087,1,"[-1.0, 0, 1.298222222222222, 0, 1]",0.0
1.298222222222222,1,0.05264241609510745,-0.001953903815467696,4.280494220147597e-05,2,"[-1.0, 0, 1.298222222222222, 0, 1]",0.0
1.3033333333333328,0,-0.06499265432098764,0.001616779636488339,-0.0003451092666501378,1,"[-1.0, 0, 1.3033333333333328, 0, 1]",0.0
1.3033333333333328,1,0.05276553497942385,-0.0019643777425697295,4.2722833505064476e-05,2,"[-1.0, 0, 1.3033333333333328, 0, 1]",0.0
1.3084444444444445,0,-0.0650668159122085,0.001626354492855764,-0.0003468885438205952,1,"[-1.0, 0, 1.3084444444444445, 0, 1]",0.0
1.3084444444444445,1,0.05288913763145862,-0.001974884456222595,4.2640163025048754e-05,2,"[-1.0, 0, 1.3084444444444445, 0, 1]",0.0
1.3135555555555554,0,-0.06514126776406035,0.0016359673282141946,-0.000348681968934589,1,"[-1.0, 0, 1.3135555555555554, 0, 1]",0.0
1.3135555555555554,1,0.0530132240512117,-0.001985424085000999,4.255692935992744e-05,2,"[-1.0, 0, 1.3135555555555554, 0, 1]",0.0
1.3186666666666662,0,-0.0652160098765432,0.0016456182909190663,-0.0003504896421202821,1,"[-1.0, 0, 1.3186666666666662, 0, 1]",0.0
1.3186666666666662,1,0.05313779423868312,-0.0019959967574796514,4.247313113034805e-05,2,"[-1.0, 0, 1.3186666666666662, 0, 1]",0.0
1.323777777777777,0,-0.06529104224965705,0.0016553075293258127,-0.00035231166420692417,1,"[-1.0, 0, 1.323777777777777, 0, 1]",0.0
1.323777777777777,1,0.053262848193872864,-0.0020066026022332625,4.238876697943035e-05,2,"[-1.0, 0, 1.323777777777777, 0, 1]",0.0
1.3288888888888888,0,-0.06536636488340192,0.001665035191789869,-0.00035414813672848117,1,"[-1.0, 0, 1.3288888888888888, 0, 1]",0.0
1.3288888888888888,1,0.053388385916780974,-0.002017241747836542,4.230383557309236e-05,2,"[-1.0, 0, 1.3288888888888888, 0, 1]",0.0
1.3339999999999996,0,-0.06544197777777777,0.001674801426666666,-0.0003559991619272742,1,"[-1.0, 0, 1.3339999999999996, 0, 1]",0.0
1.3339999999999996,1,0.0535144074074074,-0.0020279143228641968,4.221833560037553e-05,2,"[-1.0, 0, 1.3339999999999996, 0, 1]",0.0
1.3391111111111105,0,-0.06551788093278463,0.0016846063823116382,-0.00035786484275763695,1,"[-1.0, 0, 1.3391111111111105, 0, 1]",0.0
1.3391111111111105,1,0.053640912665752154,-0.0020386204558909366,4.213226577377324e-05,2,"[-1.0, 0, 1.3391111111111105, 0, 1]",0.0
1.3442222222222222,0,-0.06559407434842249,0.0016944502070802216,-0.00035974528288958434,1,"[-1.0, 0, 1.3442222222222222, 0, 1]",0.0
1.3442222222222222,1,0.053767901691815265,-0.0020493602754914726,4.204562482955937e-05,2,"[-1.0, 0, 1.3442222222222222, 0, 1]",0.0
1.349333333333333,0,-0.06567055802469135,0.0017043330493278458,-0.0003616405867124951,1,"[-1.0, 0, 1.349333333333333, 0, 1]",0.0
1.349333333333333,1,0.0538953744855967,-0.0020601339102405115,4.1958411528118474e-05,2,"[-1.0, 0, 1.349333333333333, 0, 1]",0.0
1.354444444444444,0,-0.06574733196159122,0.0017142550574099466,-0.000363550859338811,1,"[-1.0, 0, 1.354444444444444, 0, 1]",0.0
1.354444444444444,1,0.05402333104709646,-0.0020709414887127627,4.187062465427716e-05,2,"[-1.0, 0, 1.354444444444444, 0, 1]",0.0
1.3595555555555556,0,-0.06582439615912208,0.001724216379681959,-0.0003654762066077474,1,"[-1.0, 0, 1.3595555555555556, 0, 1]",0.0
1.3595555555555556,1,0.054151771376314585,-0.002081783139482938,4.1782263017636913e-05,2,"[-1.0, 0, 1.3595555555555556, 0, 1]",0.0
1.3646666666666665,0,-0.06590175061728394,0.0017342171644993136,-0.0003674167350890185,1,"[-1.0, 0, 1.3646666666666665, 0, 1]",0.0
1.3646666666666665,1,0.05428069547325102,-0.0020926589911257425,4.1693325452907756e-05,2,"[-1.0, 0, 1.3646666666666665, 0, 1]",0.0
1.3697777777777773,0,-0.0659793953360768,0.0017442575602174457,-0.00036937255208657895,1,"[-1.0, 0, 1.3697777777777773, 0, 1]",0.0
1.3697777777777773,1,0.05441010333790579,-0.0021035691722158874,4.1603810820243725e-05,2,"[-1.0, 0, 1.3697777777777773, 0, 1]",0.0
1.3748888888888882,0,-0.06605733031550068,0.0017543377151917883,-0.0003713437656423764,1,"[-1.0, 0, 1.3748888888888882, 0, 1]",0.0
1.3748888888888882,1,0.05453999497027889,-0.0021145138113280813,4.151371800557925e-05,2,"[-1.0, 0, 1.3748888888888882, 0, 1]",0.0
1.38,0,-0.06613555555555556,0.0017644577777777774,-0.0003733304845401196,1,"[-1.0, 0, 1.38, 0, 1]",0.0
1.38,1,0.05467037037037037,-0.002125493037037037,4.142304592096671e-05,2,"[-1.0, 0, 1.38, 0, 1]",0.0
1.3851111111111107,0,-0.06621407105624141,0.001774617896330843,-0.0003753328183090602,1,"[-1.0, 0, 1.3851111111111107, 0, 1]",0.0
1.3851111111111107,1,0.054801229538180146,-0.0021365069779174578,4.133179350491569e-05,2,"[-1.0, 0, 1.3851111111111107, 0, 1]",0.0
1.3902222222222216,0,-0.06629287681755829,0.0017848182192064205,-0.00037735087722779066,1,"[-1.0, 0, 1.3902222222222216, 0, 1]",0.0
1.3902222222222216,1,0.05493257247370825,-0.002147555762544055,4.123995972273308e-05,2,"[-1.0, 0, 1.3902222222222216, 0, 1]",0.0
1.3953333333333333,0,-0.06637197283950617,0.0017950588947599452,-0.0003793847723280526,1,"[-1.0, 0, 1.3953333333333333, 0, 1]",0.0
1.3953333333333333,1,0.05506439917695473,-0.002158639519491541,4.1147543566864565e-05,2,"[-1.0, 0, 1.3953333333333333, 0, 1]",0.0
1.4004444444444442,0,-0.06645135912208504,0.0018053400713468467,-0.0003814346153985611,1,"[-1.0, 0, 1.4004444444444442, 0, 1]",0.0
1.4004444444444442,1,0.05519670964791951,-0.0021697583773346196,4.1054544057237443e-05,2,"[-1.0, 0, 1.4004444444444442, 0, 1]",0.0
1.405555555555555,0,-0.06653103566529492,0.0018156618973225616,-0.00038350051898884517,1,"[-1.0, 0, 1.405555555555555, 0, 1]",0.0
1.405555555555555,1,0.055329503886602634,-0.002180912464648003,4.0960960241604724e-05,2,"[-1.0, 0, 1.405555555555555, 0, 1]",0.0
1.4106666666666667,0,-0.0666110024691358,0.001826024521042524,-0.0003855825964130981,1,"[-1.0, 0, 1.4106666666666667, 0, 1]",0.0
1.4106666666666667,1,0.05546278189300412,-0.0021921019100064015,4.0866791195890296e-05,2,"[-1.0, 0, 1.4106666666666667, 0, 1]",0.0
1.4157777777777776,0,-0.06669125953360767,0.001836428090862165,-0.0003876809617540447,1,"[-1.0, 0, 1.4157777777777776, 0, 1]",0.0
1.4157777777777776,1,0.05559654366712391,-0.002203326841984521,4.077203602453552e-05,2,"[-1.0, 0, 1.4157777777777776, 0, 1]",0.0
1.4208888888888884,0,-0.06677180685871055,0.0018468727551369192,-0.00038979572986682265,1,"[-1.0, 0, 1.4208888888888884, 0, 1]",0.0
1.4208888888888884,1,0.05573078920896203,-0.002214587389157072,4.067669386084716e-05,2,"[-1.0, 0, 1.4208888888888884, 0, 1]",0.0
1.4259999999999993,0,-0.06685264444444443,0.0018573586622222206,-0.00039192701638287686,1,"[-1.0, 0, 1.4259999999999993, 0, 1]",0.0
1.4259999999999993,1,0.055865518518518495,-0.002225883680098764,4.058076386734654e-05,2,"[-1.0, 0, 1.4259999999999993, 0, 1]",0.0
1.431111111111111,0,-0.06693377229080932,0.0018678859604735049,-0.0003940749377138683,1,"[-1.0, 0, 1.431111111111111, 0, 1]",0.0
1.431111111111111,1,0.056000731595793315,-0.0022372158433843076,4.048424523611947e-05,2,"[-1.0, 0, 1.431111111111111, 0, 1]",0.0
1.4362222222222218,0,-0.06701519039780521,0.0018784547982462014,-0.00039623961105559593,1,"[-1.0, 0, 1.4362222222222218, 0, 1]",0.0
1.4362222222222218,1,0.05613642844078645,-0.0022485840075884087,4.03871371891683e-05,2,"[-1.0, 0, 1.4362222222222218, 0, 1]",0.0
1.4413333333333327,0,-0.06709689876543208,0.001889065323895746,-0.0003984211543919357,1,"[-1.0, 0, 1.4413333333333327, 0, 1]",0.0
1.4413333333333327,1,0.05627260905349792,-0.002259988301285778,4.028943897876468e-05,2,"[-1.0, 0, 1.4413333333333327, 0, 1]",0.0
1.4464444444444444,0,-0.06717889739368998,0.0018997176857775745,-0.0004006196864987909,1,"[-1.0, 0, 1.4464444444444444, 0, 1]",0.0
1.4464444444444444,1,0.05640927343392775,-0.002271428853051127,4.019114988780347e-05,2,"[-1.0, 0, 1.4464444444444444, 0, 1]",0.0
1.4515555555555553,0,-0.06726118628257886,0.0019104120322471164,-0.0004028353269480557,1,"[-1.0, 0, 1.4515555555555553, 0, 1]",0.0
1.4515555555555553,1,0.056546421582075894,-0.0022829057914591604,4.0092269230158575e-05,2,"[-1.0, 0, 1.4515555555555553, 0, 1]",0.0
1.456666666666666,0,-0.06734376543209875,0.0019211485116598069,-0.00040506819611159725,1,"[-1.0, 0, 1.456666666666666, 0, 1]",0.0
1.456666666666666,1,0.056684053497942366,-0.0022944192450845896,3.999279635103907e-05,2,"[-1.0, 0, 1.456666666666666, 0, 1]",0.0
1.4617777777777778,0,-0.06742663484224966,0.001931927272371082,-0.0004073184151652478,1,"[-1.0, 0, 1.4617777777777778, 0, 1]",0.0
1.4617777777777778,1,0.0568221691815272,-0.0023059693425021258,3.9892730627347635e-05,2,"[-1.0, 0, 1.4617777777777778, 0, 1]",0.0
1.4668888888888887,0,-0.06750979451303155,0.001942748462736371,-0.00040958610609281024,1,"[-1.0, 0, 1.4668888888888887, 0, 1]",0.0
1.4668888888888887,1,0.05696076863283035,-0.0023175562122864737,3.979207146803958e-05,2,"[-1.0, 0, 1.4668888888888887, 0, 1]",0.0
1.4719999999999995,0,-0.06759324444444444,0.0019536122311111103,-0.00041187139169008327,1,"[-1.0, 0, 1.4719999999999995, 0, 1]",0.0
1.4719999999999995,1,0.05709985185185183,-0.002329179983012344,3.969081831448301e-05,2,"[-1.0, 0, 1.4719999999999995, 0, 1]",0.0
1.4771111111111104,0,-0.06767698463648833,0.0019645187258507326,-0.0004141743955688945,1,"[-1.0, 0, 1.4771111111111104, 0, 1]",0.0
1.4771111111111104,1,0.057239418838591655,-0.0023408407832544477,3.9588970640820745e-05,2,"[-1.0, 0, 1.4771111111111104, 0, 1]",0.0
1.482222222222222,0,-0.06776101508916323,0.0019754680953106736,-0.00041649524216115107,1,"[-1.0, 0, 1.482222222222222, 0, 1]",0.0
1.482222222222222,1,0.057379469593049834,-0.002352538741587495,3.948652795433347e-05,2,"[-1.0, 0, 1.482222222222222, 0, 1]",0.0
1.487333333333333,0,-0.06784533580246913,0.0019864604878463642,-0.00041883405672290283,1,"[-1.0, 0, 1.487333333333333, 0, 1]",0.0
1.487333333333333,1,0.05752000411522633,-0.0023642739865861904,3.938348979580381e-05,2,"[-1.0, 0, 1.487333333333333, 0, 1]",0.0
1.4924444444444438,0,-0.06792994677640603,0.0019974960518132387,-0.000421190965338421,1,"[-1.0, 0, 1.4924444444444438, 0, 1]",0.0
1.4924444444444438,1,0.05766102240512115,-0.0023760466468252454,3.927985573988171e-05,2,"[-1.0, 0, 1.4924444444444438, 0, 1]",0.0
1.4975555555555555,0,-0.06801484801097393,0.0020085749355667325,-0.0004235660949242899,1,"[-1.0, 0, 1.4975555555555555, 0, 1]",0.0
1.4975555555555555,1,0.05780252446273434,-0.0023878568508793716,3.917562539545137e-05,2,"[-1.0, 0, 1.4975555555555555, 0, 1]",0.0
1.5026666666666664,0,-0.06810003950617283,0.002019697287462276,-0.00042595957323351226,1,"[-1.0, 0, 1.5026666666666664, 0, 1]",0.0
1.5026666666666664,1,0.05794451028806583,-0.0023997047273232736,3.907079840599926e-05,2,"[-1.0, 0, 1.5026666666666664, 0, 1]",0.0
1.5077777777777772,0,-0.06818552126200272,0.0020308632558553056,-0.0004283715288596307,1,"[-1.0, 0, 1.5077777777777772, 0, 1]",0.0
1.5077777777777772,1,0.05808697988111566,-0.0024115904047316626,3.896537444998335e-05,2,"[-1.0, 0, 1.5077777777777772, 0, 1]",0.0
1.512888888888889,0,-0.06827129327846365,0.0020420729891012547,-0.00043080209124086153,1,"[-1.0, 0, 1.512888888888889, 0, 1]",0.0
1.512888888888889,1,0.05822993324188386,-0.0024235140116792495,3.8859353241203786e-05,2,"[-1.0, 0, 1.512888888888889, 0, 1]",0.0
1.5179999999999998,0,-0.06835735555555555,0.0020533266355555546,-0.00043325139066424146,1,"[-1.0, 0, 1.5179999999999998, 0, 1]",0.0
1.5179999999999998,1,0.05837337037037036,-0.00243547567674074,3.875273452917419e-05,2,"[-1.0, 0, 1.5179999999999998, 0, 1]",0.0
1.5231111111111106,0,-0.06844370809327846,0.0020646243435736415,-0.0004357195582697927,1,"[-1.0, 0, 1.5231111111111106, 0, 1]",0.0
1.5231111111111106,1,0.058517291266575205,-0.0024474755284908454,3.864551809949562e-05,2,"[-1.0, 0, 1.5231111111111106, 0, 1]",0.0
1.5282222222222215,0,-0.06853035089163236,0.0020759662615109464,-0.00043820672605469717,1,"[-1.0, 0, 1.5282222222222215, 0, 1]",0.0
1.5282222222222215,1,0.05866169593049837,-0.0024595136955042744,3.853770377423e-05,2,"[-1.0, 0, 1.5282222222222215, 0, 1]",0.0
1.5333333333333332,0,-0.06861728395061728,0.002087352537722908,-0.0004407130268774896,1,"[-1.0, 0, 1.5333333333333332, 0, 1]",0.0
1.5333333333333332,1,0.05880658436213991,-0.0024715903063557377,3.842929141227664e-05,2,"[-1.0, 0, 1.5333333333333332, 0, 1]",0.0
1.538444444444444,0,-0.06870450727023318,0.0020987833205649534,-0.00044323859446225816,1,"[-1.0, 0, 1.538444444444444, 0, 1]",0.0
1.538444444444444,1,0.058951956561499756,-0.0024837054896199415,3.8320280909748126e-05,2,"[-1.0, 0, 1.538444444444444, 0, 1]",0.0
1.543555555555555,0,-0.0687920208504801,0.0021102587583925196,-0.0004457835634028678,1,"[-1.0, 0, 1.543555555555555, 0, 1]",0.0
1.543555555555555,1,0.059097812528577945,-0.002495859373871597,3.821067220034912e-05,2,"[-1.0, 0, 1.543555555555555, 0, 1]",0.0
1.5486666666666666,0,-0.06887982469135802,0.0021217789995610424,-0.0004483480691671902,1,"[-1.0, 0, 1.5486666666666666, 0, 1]",0.0
1.5486666666666666,1,0.05924415226337448,-0.0025080520876854134,3.8100465255755666e-05,2,"[-1.0, 0, 1.5486666666666666, 0, 1]",0.0
1.5537777777777775,0,-0.06896791879286693,0.0021333441924259503,-0.00045093224810135074,1,"[-1.0, 0, 1.5537777777777775, 0, 1]",0.0
1.5537777777777775,1,0.05939097576588934,-0.002520283759636098,3.798966008599546e-05,2,"[-1.0, 0, 1.5537777777777775, 0, 1]",0.0
1.5588888888888883,0,-0.06905630315500685,0.0021449544853426802,-0.00045353623743399146,1,"[-1.0, 0, 1.5588888888888883, 0, 1]",0.0
1.5588888888888883,1,0.05953828303612252,-0.0025325545182983606,3.7878256739830166e-05,2,"[-1.0, 0, 1.5588888888888883, 0, 1]",0.0
1.564,0,-0.06914497777777778,0.0021566100266666665,-0.00045616017528054425,1,"[-1.0, 0, 1.564, 0, 1]",0.0
1.564,1,0.05968607407407407,-0.0025448644922469142,3.7766255305138444e-05,2,"[-1.0, 0, 1.564, 0, 1]",0.0
1.569111111111111,0,-0.06923394266117969,0.00216831096475334,-0.0004588042006475199,1,"[-1.0, 0, 1.569111111111111, 0, 1]",0.0
1.569111111111111,1,0.059834348879743926,-0.002557213810056461,3.7653655909300574e-05,2,"[-1.0, 0, 1.569111111111111, 0, 1]",0.0
1.5742222222222217,0,-0.06932319780521261,0.002180057447958135,-0.00046146845343681385,1,"[-1.0, 0, 1.5742222222222217, 0, 1]",0.0
1.5742222222222217,1,0.05998310745313212,-0.0025696026003017144,3.754045871958369e-05,2,"[-1.0, 0, 1.5742222222222217, 0, 1]",0.0
1.5793333333333326,0,-0.06941274320987653,0.0021918496246364867,-0.0004641530744500207,1,"[-1.0, 0, 1.5793333333333326, 0, 1]",0.0
1.5793333333333326,1,0.06013234979423866,-0.0025820309915573826,3.742666394352919e-05,2,"[-1.0, 0, 1.5793333333333326, 0, 1]",0.0
1.5844444444444443,0,-0.06950257887517146,0.002203687643143829,-0.00046685820539276715,1,"[-1.0, 0, 1.5844444444444443, 0, 1]",0.0
1.5844444444444443,1,0.06028207590306355,-0.0025944991123981777,3.7312271829340434e-05,2,"[-1.0, 0, 1.5844444444444443, 0, 1]",0.0
1.5895555555555552,0,-0.06959270480109739,0.0022155716518355933,-0.00046958398887905674,1,"[-1.0, 0, 1.5895555555555552, 0, 1]",0.0
1.5895555555555552,1,0.060432285779606756,-0.0026070070913988036,3.7197282666273326e-05,2,"[-1.0, 0, 1.5895555555555552, 0, 1]",0.0
1.594666666666666,0,-0.0696831209876543,0.0022275017990672137,-0.00047233056843563,1,"[-1.0, 0, 1.594666666666666, 0, 1]",0.0
1.594666666666666,1,0.06058297942386829,-0.0026195550571339716,3.708169678502571e-05,2,"[-1.0, 0, 1.594666666666666, 0, 1]",0.0
1.5997777777777777,0,-0.06977382743484224,0.002239478233194127,-0.00047509808850633905,1,"[-1.0, 0, 1.5997777777777777, 0, 1]",0.0
1.5997777777777777,1,0.060734156835848194,-0.0026321431381783945,3.696551455813012e-05,2,"[-1.0, 0, 1.5997777777777777, 0, 1]",0.0
1.6048888888888886,0,-0.06986482414266117,0.002251501102571762,-0.0004778866944565324,1,"[-1.0, 0, 1.6048888888888886, 0, 1]",0.0
1.6048888888888886,1,0.0608858180155464,-0.002644771463106775,3.6848736400347246e-05,2,"[-1.0, 0, 1.6048888888888886, 0, 1]",0.0
1.6099999999999994,0,-0.0699561111111111,0.0022635705555555537,-0.0004806965325774602,1,"[-1.0, 0, 1.6099999999999994, 0, 1]",0.0
1.6099999999999994,1,0.06103796296296295,-0.002657440160493826,3.67313627690598e-05,2,"[-1.0, 0, 1.6099999999999994, 0, 1]",0.0
1.6151111111111112,0,-0.07004768834019204,0.00227568674050094,-0.0004835277500906891,1,"[-1.0, 0, 1.6151111111111112, 0, 1]",0.0
1.6151111111111112,1,0.06119059167809785,-0.002670149358914258,3.661339416466893e-05,2,"[-1.0, 0, 1.6151111111111112, 0, 1]",0.0
1.620222222222222,0,-0.07013955582990397,0.002287849805763348,-0.0004863804951525301,1,"[-1.0, 0, 1.620222222222222, 0, 1]",0.0
1.620222222222222,1,0.061343704160951064,-0.0026828991869427754,3.649483113099094e-05,2,"[-1.0, 0, 1.620222222222222, 0, 1]",0.0
1.6253333333333329,0,-0.07023171358024691,0.002300059899698216,-0.0004892549168584864,1,"[-1.0, 0, 1.6253333333333329, 0, 1]",0.0
1.6253333333333329,1,0.06149730041152261,-0.002695689773154091,3.63756742556556e-05,2,"[-1.0, 0, 1.6253333333333329, 0, 1]",0.0
1.6304444444444437,0,-0.07032416159122083,0.0023123171706609744,-0.0004921511652477086,1,"[-1.0, 0, 1.6304444444444437, 0, 1]",0.0
1.6304444444444437,1,0.061651380429812504,-0.002708521246122913,3.625592417050614e-05,2,"[-1.0, 0, 1.6304444444444437, 0, 1]",0.0
1.6355555555555554,0,-0.07041689986282579,0.0023246217670070614,-0.0004950693913074694,1,"[-1.0, 0, 1.6355555555555554, 0, 1]",0.0
1.6355555555555554,1,0.06180594421582075,-0.0027213937344239525,3.613558155199953e-05,2,"[-1.0, 0, 1.6355555555555554, 0, 1]",0.0
1.6406666666666663,0,-0.07050992839506172,0.0023369738370919058,-0.0004980097469776465,1,"[-1.0, 0, 1.6406666666666663, 0, 1]",0.0
1.6406666666666663,1,0.06196099176954731,-0.0027343073666319146,3.6014647121608996e-05,2,"[-1.0, 0, 1.6406666666666663, 0, 1]",0.0
1.6457777777777771,0,-0.07060324718792865,0.0023493735292709423,-0.0005009723851552273,1,"[-1.0, 0, 1.6457777777777771, 0, 1]",0.0
1.6457777777777771,1,0.06211652309099221,-0.002747262271321511,3.589312164622725e-05,2,"[-1.0, 0, 1.6457777777777771, 0, 1]",0.0
1.6508888888888889,0,-0.0706968562414266,0.002361820991899609,-0.0005039574596988215,1,"[-1.0, 0, 1.6508888888888889, 0, 1]",0.0
1.6508888888888889,1,0.06227253818015546,-0.0027602585770674522,3.5771005938571175e-05,2,"[-1.0, 0, 1.6508888888888889, 0, 1]",0.0
1.6559999999999997,0,-0.07079075555555554,0.002374316373333332,-0.0005069651254331876,1,"[-1.0, 0, 1.6559999999999997, 0, 1]",0.0
1.6559999999999997,1,0.062429037037037026,-0.002773296412444444,3.564830085758756e-05,2,"[-1.0, 0, 1.6559999999999997, 0, 1]",0.0
1.6611111111111105,0,-0.07088494513031549,0.0023868598219275506,-0.0005099955381537797,1,"[-1.0, 0, 1.6611111111111105, 0, 1]",0.0
1.6611111111111105,1,0.06258601966163693,-0.002786375906027196,3.552500730886069e-05,2,"[-1.0, 0, 1.6611111111111105, 0, 1]",0.0
1.6662222222222223,0,-0.07097942496570644,0.002399451486037697,-0.000513048854631302,1,"[-1.0, 0, 1.6662222222222223, 0, 1]",0.0
1.6662222222222223,1,0.06274348605395519,-0.0027994971863904215,3.540112624502001e-05,2,"[-1.0, 0, 1.6662222222222223, 0, 1]",0.0
1.6713333333333331,0,-0.07107419506172839,0.002412091514019204,-0.0005161252326162791,1,"[-1.0, 0, 1.6713333333333331, 0, 1]",0.0
1.6713333333333331,1,0.06290143621399176,-0.0028126603821088244,3.52766586661508e-05,2,"[-1.0, 0, 1.6713333333333331, 0, 1]",0.0
1.676444444444444,0,-0.07116925541838133,0.0024247800542275045,-0.0005192248308436424,1,"[-1.0, 0, 1.676444444444444, 0, 1]",0.0
1.676444444444444,1,0.06305987014174666,-0.002825865621757116,3.515160562020419e-05,2,"[-1.0, 0, 1.676444444444444, 0, 1]",0.0
1.6815555555555548,0,-0.07126460603566528,0.0024375172550180338,-0.0005223478090373291,1,"[-1.0, 0, 1.6815555555555548, 0, 1]",0.0
1.6815555555555548,1,0.0632187878372199,-0.002839113033910005,3.5025968203410346e-05,2,"[-1.0, 0, 1.6815555555555548, 0, 1]",0.0
1.6866666666666665,0,-0.07136024691358024,0.0024503032647462276,-0.0005254943279148949,1,"[-1.0, 0, 1.6866666666666665, 0, 1]",0.0
1.6866666666666665,1,0.06337818930041152,-0.0028524027471422035,3.4899747560690806e-05,2,"[-1.0, 0, 1.6866666666666665, 0, 1]",0.0
1.6917777777777774,0,-0.07145617805212619,0.0024631382317675137,-0.00052866454919214,1,"[-1.0, 0, 1.6917777777777774, 0, 1]",0.0
1.6917777777777774,1,0.06353807453132143,-0.002865734890028416,3.4772944886073896e-05,2,"[-1.0, 0, 1.6917777777777774, 0, 1]",0.0
1.6968888888888882,0,-0.07155239945130314,0.00247602230443733,-0.0005318586355877532,1,"[-1.0, 0, 1.6968888888888882, 0, 1]",0.0
1.6968888888888882,1,0.06369844352994967,-0.002879109591143354,3.464556142311083e-05,2,"[-1.0, 0, 1.6968888888888882, 0, 1]",0.0
1.702,0,-0.0716489111111111,0.0024889556311111106,-0.0005350767508279657,1,"[-1.0, 0, 1.702, 0, 1]",0.0
1.702,1,0.06385929629629629,-0.0028925269790617283,3.4517598465292834e-05,2,"[-1.0, 0, 1.702, 0, 1]",0.0
1.7071111111111108,0,-0.07174571303155006,0.0025019383601442863,-0.0005383190596512194,1,"[-1.0, 0, 1.7071111111111108, 0, 1]",0.0
1.7071111111111108,1,0.06402063283036122,-0.002905987182358244,3.43890573564696e-05,2,"[-1.0, 0, 1.7071111111111108, 0, 1]",0.0
1.7122222222222216,0,-0.07184280521262001,0.002514970639892291,-0.0005415857278128529,1,"[-1.0, 0, 1.7122222222222216, 0, 1]",0.0
1.7122222222222216,1,0.06418245313214446,-0.0029194903296076123,3.425993949126861e-05,2,"[-1.0, 0, 1.7122222222222216, 0, 1]",0.0
1.7173333333333334,0,-0.07194018765432099,0.0025280526187105626,-0.0005448769220897986,1,"[-1.0, 0, 1.7173333333333334, 0, 1]",0.0
1.7173333333333334,1,0.06434475720164609,-0.0029330365493845448,3.4130246315517516e-05,2,"[-1.0, 0, 1.7173333333333334, 0, 1]",0.0
1.7224444444444442,0,-0.07203786035665294,0.002541184444954529,-0.0005481928102852919,1,"[-1.0, 0, 1.7224444444444442, 0, 1]",0.0
1.7224444444444442,1,0.06450754503886602,-0.0029466259702637465,3.3999979326664764e-05,2,"[-1.0, 0, 1.7224444444444442, 0, 1]",0.0
1.727555555555555,0,-0.0721358233196159,0.0025543662669796252,-0.0005515335612336008,1,"[-1.0, 0, 1.727555555555555, 0, 1]",0.0
1.727555555555555,1,0.06467081664380428,-0.002960258720819928,3.386914007420458e-05,2,"[-1.0, 0, 1.727555555555555, 0, 1]",0.0
1.732666666666666,0,-0.07223407654320986,0.002567598233141288,-0.0005548993448047641,1,"[-1.0, 0, 1.732666666666666, 0, 1]",0.0
1.732666666666666,1,0.06483457201646088,-0.0029739349296277985,3.373773016010118e-05,2,"[-1.0, 0, 1.732666666666666, 0, 1]",0.0
1.7377777777777776,0,-0.07233262002743485,0.0025808804917949496,-0.0005582903319093452,1,"[-1.0, 0, 1.7377777777777776, 0, 1]",0.0
1.7377777777777776,1,0.06499881115683584,-0.00298765472526207,3.36057512392145e-05,2,"[-1.0, 0, 1.7377777777777776, 0, 1]",0.0
1.7428888888888885,0,-0.0724314537722908,0.0025942131912960412,-0.0005617066945031987,1,"[-1.0, 0, 1.7428888888888885, 0, 1]",0.0
1.7428888888888885,1,0.06516353406492911,-0.0030014182362974465,3.347320501972874e-05,2,"[-1.0, 0, 1.7428888888888885, 0, 1]",0.0
1.7479999999999993,0,-0.07253057777777777,0.0026075964799999983,-0.0005651486055922572,1,"[-1.0, 0, 1.7479999999999993, 0, 1]",0.0
1.7479999999999993,1,0.06532874074074072,-0.00301522559130864,3.33400932635794e-05,2,"[-1.0, 0, 1.7479999999999993, 0, 1]",0.0
1.753111111111111,0,-0.07262999204389575,0.002621030506262257,-0.0005686162392373232,1,"[-1.0, 0, 1.753111111111111, 0, 1]",0.0
1.753111111111111,1,0.06549443118427069,-0.0030290769188703616,3.32064177868846e-05,2,"[-1.0, 0, 1.753111111111111, 0, 1]",0.0
1.758222222222222,0,-0.07272969657064471,0.0026345154184382455,-0.0005721097705588798,1,"[-1.0, 0, 1.758222222222222, 0, 1]",0.0
1.758222222222222,1,0.06566060539551896,-0.003042972347557316,3.3072180460375414e-05,2,"[-1.0, 0, 1.758222222222222, 0, 1]",0.0
1.7633333333333328,0,-0.07282969135802468,0.0026480513648834,-0.0005756293757419187,1,"[-1.0, 0, 1.7633333333333328, 0, 1]",0.0
1.7633333333333328,1,0.06582726337448558,-0.003056912005944214,3.29373832098287e-05,2,"[-1.0, 0, 1.7633333333333328, 0, 1]",0.0
1.7684444444444445,0,-0.07292997640603566,0.002661638493953158,-0.0005791752320407753,1,"[-1.0, 0, 1.7684444444444445, 0, 1]",0.0
1.7684444444444445,1,0.06599440512117055,-0.003070896022605768,3.2802028016500106e-05,2,"[-1.0, 0, 1.7684444444444445, 0, 1]",0.0
1.7735555555555553,0,-0.07303055171467764,0.002675276954002946,-0.0005827475177839812,1,"[-1.0, 0, 1.7735555555555553, 0, 1]",0.0
1.7735555555555553,1,0.06616203063557384,-0.003084924526116682,3.26661169175602e-05,2,"[-1.0, 0, 1.7735555555555553, 0, 1]",0.0
1.7786666666666662,0,-0.0731314172839506,0.0026889668933882016,-0.0005863464123791334,1,"[-1.0, 0, 1.7786666666666662, 0, 1]",0.0
1.7786666666666662,1,0.06633013991769546,-0.0030989976450516675,3.252965200652933e-05,2,"[-1.0, 0, 1.7786666666666662, 0, 1]",0.0
1.783777777777777,0,-0.07323257311385457,0.0027027084604643583,-0.0005899720963177735,1,"[-1.0, 0, 1.783777777777777, 0, 1]",0.0
1.783777777777777,1,0.0664987329675354,-0.0031131155079854333,3.239263543371602e-05,2,"[-1.0, 0, 1.783777777777777, 0, 1]",0.0
1.7888888888888888,0,-0.07333401920438957,0.0027165018035868508,-0.0005936247511802834,1,"[-1.0, 0, 1.7888888888888888, 0, 1]",0.0
1.7888888888888888,1,0.06666780978509373,-0.003127278243492692,3.225506940665536e-05,2,"[-1.0, 0, 1.7888888888888888, 0, 1]",0.0
1.7939999999999996,0,-0.07343575555555555,0.00273034707111111,-0.0005973045596407917,1,"[-1.0, 0, 1.7939999999999996, 0, 1]",0.0
1.7939999999999996,1,0.06683737037037035,-0.003141485980148147,3.211695619054894e-05,2,"[-1.0, 0, 1.7939999999999996, 0, 1]",0.0
1.7991111111111104,0,-0.07353778216735252,0.00274424441139257,-0.0006010117054721002,1,"[-1.0, 0, 1.7991111111111104, 0, 1]",0.0
1.7991111111111104,1,0.06700741472336531,-0.0031557388465265103,3.1978298108706284e-05,2,"[-1.0, 0, 1.7991111111111104, 0, 1]",0.0
1.8042222222222222,0,-0.07364009903978051,0.0027581939727866684,-0.0006047463735506204,1,"[-1.0, 0, 1.8042222222222222, 0, 1]",0.0
1.8042222222222222,1,0.06717794284407863,-0.0031700369712024923,3.183909754298723e-05,2,"[-1.0, 0, 1.8042222222222222, 0, 1]",0.0
1.809333333333333,0,-0.0737427061728395,0.0027721959036488327,-0.0006085087498613215,1,"[-1.0, 0, 1.809333333333333, 0, 1]",0.0
1.809333333333333,1,0.06734895473251028,-0.003184380482750799,3.1699356934246044e-05,2,"[-1.0, 0, 1.809333333333333, 0, 1]",0.0
1.8144444444444439,0,-0.07384560356652947,0.0027862503523345,-0.0006122990215026999,1,"[-1.0, 0, 1.8144444444444439, 0, 1]",0.0
1.8144444444444439,1,0.06752045038866024,-0.0031987695097461413,3.1559078782775294e-05,2,"[-1.0, 0, 1.8144444444444439, 0, 1]",0.0
1.8195555555555556,0,-0.07394879122085048,0.0028003574671991056,-0.0006161173766917569,1,"[-1.0, 0, 1.8195555555555556, 0, 1]",0.0
1.8195555555555556,1,0.06769242981252857,-0.0032132041807632307,3.1418265648753825e-05,2,"[-1.0, 0, 1.8195555555555556, 0, 1]",0.0
1.8246666666666664,0,-0.07405226913580246,0.002814517396598079,-0.0006199640047689903,1,"[-1.0, 0, 1.8246666666666664, 0, 1]",0.0
1.8246666666666664,1,0.06786489300411522,-0.0032276846243767714,3.1276920152693464e-05,2,"[-1.0, 0, 1.8246666666666664, 0, 1]",0.0
1.8297777777777773,0,-0.07415603731138545,0.002828730288886855,-0.0006238390962034054,1,"[-1.0, 0, 1.8297777777777773, 0, 1]",0.0
1.8297777777777773,1,0.0680378399634202,-0.0032422109691614747,3.113504497588755e-05,2,"[-1.0, 0, 1.8297777777777773, 0, 1]",0.0
1.8348888888888881,0,-0.07426009574759944,0.0028429962924208683,-0.0006277428425975341,1,"[-1.0, 0, 1.8348888888888881, 0, 1]",0.0
1.8348888888888881,1,0.0682112706904435,-0.0032567833436920497,3.0992642860861363e-05,2,"[-1.0, 0, 1.8348888888888881, 0, 1]",0.0
1.8399999999999999,0,-0.07436444444444444,0.0028573155555555556,-0.0006316754366924729,1,"[-1.0, 0, 1.8399999999999999, 0, 1]",0.0
1.8399999999999999,1,0.06838518518518517,-0.0032714018765432093,3.08497166118237e-05,2,"[-1.0, 0, 1.8399999999999999, 0, 1]",0.0
1.8451111111111107,0,-0.07446908340192043,0.002871688226646343,-0.0006356370723729286,1,"[-1.0, 0, 1.8451111111111107, 0, 1]",0.0
1.8451111111111107,1,0.06855958344764515,-0.0032860666962896564,3.070626909511926e-05,2,"[-1.0, 0, 1.8451111111111107, 0, 1]",0.0
1.8502222222222215,0,-0.07457401262002741,0.0028861144540486697,-0.0006396279446722873,1,"[-1.0, 0, 1.8502222222222215, 0, 1]",0.0
1.8502222222222215,1,0.06873446547782347,-0.0033007779315061027,3.056230323968253e-05,2,"[-1.0, 0, 1.8502222222222215, 0, 1]",0.0
1.8553333333333333,0,-0.07467923209876542,0.0029005943861179695,-0.00064364824977769,1,"[-1.0, 0, 1.8553333333333333, 0, 1]",0.0
1.8553333333333333,1,0.06890983127572016,-0.0033155357107672607,3.0417822037492794e-05,2,"[-1.0, 0, 1.8553333333333333, 0, 1]",0.0
1.8604444444444441,0,-0.07478474183813442,0.0029151281712096726,-0.0006476981850351228,1,"[-1.0, 0, 1.8604444444444441, 0, 1]",0.0
1.8604444444444441,1,0.06908568084133515,-0.0033303401626478338,3.0272828544030664e-05,2,"[-1.0, 0, 1.8604444444444441, 0, 1]",0.0
1.865555555555555,0,-0.07489054183813441,0.0029297159576792135,-0.0006517779489545263,1,"[-1.0, 0, 1.865555555555555, 0, 1]",0.0
1.865555555555555,1,0.06926201417466847,-0.003345191415722534,3.0127325878735744e-05,2,"[-1.0, 0, 1.865555555555555, 0, 1]",0.0
1.8706666666666667,0,-0.07499663209876543,0.00294435789388203,-0.0006558877412149156,1,"[-1.0, 0, 1.8706666666666667, 0, 1]",0.0
1.8706666666666667,1,0.06943883127572016,-0.0033600895985660723,2.998131722546578e-05,2,"[-1.0, 0, 1.8706666666666667, 0, 1]",0.0
1.8757777777777775,0,-0.07510301262002743,0.0029590541281735504,-0.0006600277626695108,1,"[-1.0, 0, 1.8757777777777775, 0, 1]",0.0
1.8757777777777775,1,0.06961613214449015,-0.003375034839753153,2.983480583295631e-05,2,"[-1.0, 0, 1.8757777777777775, 0, 1]",0.0
1.8808888888888884,0,-0.07520968340192043,0.0029738048089092096,-0.0006641982153508902,1,"[-1.0, 0, 1.8808888888888884, 0, 1]",0.0
1.8808888888888884,1,0.06979391678097849,-0.003390027267858489,2.9687795015282585e-05,2,"[-1.0, 0, 1.8808888888888884, 0, 1]",0.0
1.8859999999999992,0,-0.07531664444444443,0.002988610084444442,-0.0006683993024761504,1,"[-1.0, 0, 1.8859999999999992, 0, 1]",0.0
1.8859999999999992,1,0.06997218518518517,-0.003405067011456788,2.9540288152322416e-05,2,"[-1.0, 0, 1.8859999999999992, 0, 1]",0.0
1.891111111111111,0,-0.07542389574759945,0.003003470103134684,-0.000672631228452084,1,"[-1.0, 0, 1.891111111111111, 0, 1]",0.0
1.891111111111111,1,0.07015093735711019,-0.0034201541991227616,2.9392288690218967e-05,2,"[-1.0, 0, 1.891111111111111, 0, 1]",0.0
1.8962222222222218,0,-0.07553143731138545,0.0030183850133353642,-0.0006768941988803675,1,"[-1.0, 0, 1.8962222222222218, 0, 1]",0.0
1.8962222222222218,1,0.07033017329675353,-0.003435288959431115,2.9243800141847938e-05,2,"[-1.0, 0, 1.8962222222222218, 0, 1]",0.0
1.9013333333333327,0,-0.07563926913580245,0.003033354963401919,-0.0006811884205627698,1,"[-1.0, 0, 1.9013333333333327, 0, 1]",0.0
1.9013333333333327,1,0.0705098930041152,-0.0034504714209565596,2.9094826087282147e-05,2,"[-1.0, 0, 1.9013333333333327, 0, 1]",0.0
1.9064444444444444,0,-0.07574739122085047,0.003048380101689783,-0.0006855141015063698,1,"[-1.0, 0, 1.9064444444444444, 0, 1]",0.0
1.9064444444444444,1,0.07069009647919525,-0.003465701712273806,2.8945370174261146e-05,2,"[-1.0, 0, 1.9064444444444444, 0, 1]",0.0
1.9115555555555552,0,-0.07585580356652949,0.003063460576554386,-0.0006898714509287868,1,"[-1.0, 0, 1.9115555555555552, 0, 1]",0.0
1.9115555555555552,1,0.07087078372199358,-0.003480979961957559,2.8795436118658085e-05,2,"[-1.0, 0, 1.9115555555555552, 0, 1]",0.0
1.916666666666666,0,-0.0759645061728395,0.003078596536351164,-0.0006942606792634312,1,"[-1.0, 0, 1.916666666666666, 0, 1]",0.0
1.916666666666666,1,0.07105195473251026,-0.003496306298582531,2.864502770495215e-05,2,"[-1.0, 0, 1.916666666666666, 0, 1]",0.0
1.9217777777777778,0,-0.07607349903978051,0.003093788129435554,-0.0006986819981647654,1,"[-1.0, 0, 1.9217777777777778, 0, 1]",0.0
1.9217777777777778,1,0.07123360951074531,-0.003511680850723433,2.8494148786698513e-05,2,"[-1.0, 0, 1.9217777777777778, 0, 1]",0.0
1.9268888888888887,0,-0.07618278216735253,0.003109035504162982,-0.0007031356205135738,1,"[-1.0, 0, 1.9268888888888887, 0, 1]",0.0
1.9268888888888887,1,0.07141574805669866,-0.0035271037469549685,2.8342803287002285e-05,2,"[-1.0, 0, 1.9268888888888887, 0, 1]",0.0
1.9319999999999995,0,-0.07629235555555554,0.0031243388088888872,-0.0007076217604222597,1,"[-1.0, 0, 1.9319999999999995, 0, 1]",0.0
1.9319999999999995,1,0.07159837037037034,-0.00354257511585185,2.8190995198991615e-05,2,"[-1.0, 0, 1.9319999999999995, 0, 1]",0.0
1.9371111111111103,0,-0.07640221920438955,0.003139698191968702,-0.0007121406332401432,1,"[-1.0, 0, 1.9371111111111103, 0, 1]",0.0
1.9371111111111103,1,0.07178147645176036,-0.0035580950859887862,2.8038728586293868e-05,2,"[-1.0, 0, 1.9371111111111103, 0, 1]",0.0
1.942222222222222,0,-0.07651237311385459,0.0031551138017578617,-0.0007166924555587811,1,"[-1.0, 0, 1.942222222222222, 0, 1]",0.0
1.942222222222222,1,0.07196506630086877,-0.0035736637859404893,2.7886007583511805e-05,2,"[-1.0, 0, 1.942222222222222, 0, 1]",0.0
1.947333333333333,0,-0.07662281728395061,0.0031705857866117957,-0.0007212774452172961,1,"[-1.0, 0, 1.947333333333333, 0, 1]",0.0
1.947333333333333,1,0.07214913991769545,-0.0035892813442816632,2.7732836396700798e-05,2,"[-1.0, 0, 1.947333333333333, 0, 1]",0.0
1.9524444444444438,0,-0.07673355171467762,0.0031861142948859398,-0.0007258958213077256,1,"[-1.0, 0, 1.9524444444444438, 0, 1]",0.0
1.9524444444444438,1,0.07233369730224048,-0.003604947889587019,2.757921930385005e-05,2,"[-1.0, 0, 1.9524444444444438, 0, 1]",0.0
1.9575555555555555,0,-0.07684457640603566,0.0032016994749357315,-0.0007305478041803807,1,"[-1.0, 0, 1.9575555555555555, 0, 1]",0.0
1.9575555555555555,1,0.07251873845450388,-0.003620663550431269,2.74251606553603e-05,2,"[-1.0, 0, 1.9575555555555555, 0, 1]",0.0
1.9626666666666663,0,-0.07695589135802468,0.003217341475116597,-0.0007352336154492159,1,"[-1.0, 0, 1.9626666666666663, 0, 1]",0.0
1.9626666666666663,1,0.07270426337448557,-0.0036364284553891167,2.7270664874527316e-05,2,"[-1.0, 0, 1.9626666666666663, 0, 1]",0.0
1.9677777777777772,0,-0.07706749657064471,0.003233040443783974,-0.0007399534779972234,1,"[-1.0, 0, 1.9677777777777772, 0, 1]",0.0
1.9677777777777772,1,0.07289027206218562,-0.003652242733035274,2.711573645802469e-05,2,"[-1.0, 0, 1.9677777777777772, 0, 1]",0.0
1.972888888888889,0,-0.07717939204389575,0.003248796529293298,-0.0007447076159818309,1,"[-1.0, 0, 1.972888888888889, 0, 1]",0.0
1.972888888888889,1,0.07307676451760402,-0.003668106511944453,2.6960379976386265e-05,2,"[-1.0, 0, 1.972888888888889, 0, 1]",0.0
1.9779999999999998,0,-0.07729157777777777,0.0032646098799999994,-0.0007494962548403178,1,"[-1.0, 0, 1.9779999999999998, 0, 1]",0.0
1.9779999999999998,1,0.07326374074074073,-0.003684019920691357,2.680460007449439e-05,2,"[-1.0, 0, 1.9779999999999998, 0, 1]",0.0
1.9831111111111106,0,-0.0774040537722908,0.0032804806442595117,-0.0007543196212952471,1,"[-1.0, 0, 1.9831111111111106, 0, 1]",0.0
1.9831111111111106,1,0.07345120073159578,-0.003699983087850699,2.6648401472064245e-05,2,"[-1.0, 0, 1.9831111111111106, 0, 1]",0.0
1.9882222222222214,0,-0.07751682002743482,0.00329640897042727,-0.0007591779433599084,1,"[-1.0, 0, 1.9882222222222214, 0, 1]",0.0
1.9882222222222214,1,0.07363914449016914,-0.003715996141997186,2.64917889641327e-05,2,"[-1.0, 0, 1.9882222222222214, 0, 1]",0.0
1.9933333333333332,0,-0.07762987654320987,0.00331239500685871,-0.000764071450343778,1,"[-1.0, 0, 1.9933333333333332, 0, 1]",0.0
1.9933333333333332,1,0.0738275720164609,-0.003732059211705532,2.6334767421548112e-05,2,"[-1.0, 0, 1.9933333333333332, 0, 1]",0.0
1.998444444444444,0,-0.0777432233196159,0.00332843890190926,-0.0007690003728579868,1,"[-1.0, 0, 1.998444444444444, 0, 1]",0.0
1.998444444444444,1,0.07401648331047095,-0.0037481724255504396,2.6177341791459613e-05,2,"[-1.0, 0, 1.998444444444444, 0, 1]",0.0
2.003555555555555,0,-0.07785686035665293,0.003344540803934357,-0.0007739649428208123,1,"[-1.0, 0, 2.003555555555555, 0, 1]",0.0
2.003555555555555,1,0.07420587837219933,-0.003764335912106621,2.6019517097809676e-05,2,"[-1.0, 0, 2.003555555555555, 0, 1]",0.0
2.0086666666666666,0,-0.07797078765432099,0.0033607008612894372,-0.000778965393463177,1,"[-1.0, 0, 2.0086666666666666, 0, 1]",0.0
2.0086666666666666,1,0.0743957572016461,-0.0037805497999487876,2.5861298441827365e-05,2,"[-1.0, 0, 2.0086666666666666, 0, 1]",0.0
2.0137777777777774,0,-0.07808500521262002,0.0033769192223299283,-0.00078400195933416,1,"[-1.0, 0, 2.0137777777777774, 0, 1]",0.0
2.0137777777777774,1,0.07458611979881113,-0.0037968142176516436,2.5702691002520996e-05,2,"[-1.0, 0, 2.0137777777777774, 0, 1]",0.0
2.0188888888888883,0,-0.07819951303155005,0.0033931960354112666,-0.0007890748763065309,1,"[-1.0, 0, 2.0188888888888883, 0, 1]",0.0
2.0188888888888883,1,0.07477696616369453,-0.0038131292937899006,2.5543700037176334e-05,2,"[-1.0, 0, 2.0188888888888883, 0, 1]",0.0
2.024,0,-0.0783143111111111,0.0034095314488888887,-0.0007941843815822908,1,"[-1.0, 0, 2.024, 0, 1]",0.0
2.024,1,0.07496829629629628,-0.0038294951569382714,2.5384330881850767e-05,2,"[-1.0, 0, 2.024, 0, 1]",0.0
2.029111111111111,0,-0.07842939945130314,0.003425925611118223,-0.0007993307136982258,1,"[-1.0, 0, 2.029111111111111, 0, 1]",0.0
2.029111111111111,1,0.07516011019661636,-0.0038459119356714583,2.5224588951873776e-05,2,"[-1.0, 0, 2.029111111111111, 0, 1]",0.0
2.0342222222222217,0,-0.07854477805212619,0.003442378670454705,-0.0008045141125314834,1,"[-1.0, 0, 2.0342222222222217, 0, 1]",0.0
2.0342222222222217,1,0.07535240786465475,-0.0038623797585641733,2.5064479742343117e-05,2,"[-1.0, 0, 2.0342222222222217, 0, 1]",0.0
2.0393333333333326,0,-0.07866044691358023,0.0034588907752537697,-0.0008097348193051544,1,"[-1.0, 0, 2.0393333333333326, 0, 1]",0.0
2.0393333333333326,1,0.07554518930041149,-0.003878898754191126,2.4904008828629306e-05,2,"[-1.0, 0, 2.0393333333333326, 0, 1]",0.0
2.0444444444444443,0,-0.07877640603566528,0.0034754620738708525,-0.0008149930765938728,1,"[-1.0, 0, 2.0444444444444443, 0, 1]",0.0
2.0444444444444443,1,0.07573845450388658,-0.003895469051127029,2.474318186687386e-05,2,"[-1.0, 0, 2.0444444444444443, 0, 1]",0.0
2.049555555555555,0,-0.07889265541838134,0.0034920927146613813,-0.0008202891283294279,1,"[-1.0, 0, 2.049555555555555, 0, 1]",0.0
2.049555555555555,1,0.07593220347507999,-0.003912090777946585,2.45820045944954e-05,2,"[-1.0, 0, 2.049555555555555, 0, 1]",0.0
2.054666666666666,0,-0.07900919506172838,0.003508782845980794,-0.0008256232198063939,1,"[-1.0, 0, 2.054666666666666, 0, 1]",0.0
2.054666666666666,1,0.07612643621399173,-0.003928764063224507,2.4420482830691268e-05,2,"[-1.0, 0, 2.054666666666666, 0, 1]",0.0
2.0597777777777777,0,-0.07912602496570645,0.0035255326161845245,-0.0008309955976877709,1,"[-1.0, 0, 2.0597777777777777, 0, 1]",0.0
2.0597777777777777,1,0.07632115272062184,-0.003945489035535504,2.4258622476945894e-05,2,"[-1.0, 0, 2.0597777777777777, 0, 1]",0.0
2.0648888888888886,0,-0.0792431451303155,0.0035423421736280026,-0.0008364065100106368,1,"[-1.0, 0, 2.0648888888888886, 0, 1]",0.0
2.0648888888888886,1,0.07651635299497025,-0.003962265823454283,2.4096429517535343e-05,2,"[-1.0, 0, 2.0648888888888886, 0, 1]",0.0
2.0699999999999994,0,-0.07936055555555555,0.003559211666666665,-0.0008418562061918228,1,"[-1.0, 0, 2.0699999999999994, 0, 1]",0.0
2.0699999999999994,1,0.07671203703703701,-0.003979094555555553,2.393391002003726e-05,2,"[-1.0, 0, 2.0699999999999994, 0, 1]",0.0
2.075111111111111,0,-0.07947825624142661,0.0035761412436559467,-0.0008473449370335934,1,"[-1.0, 0, 2.075111111111111, 0, 1]",0.0
2.075111111111111,1,0.07690820484682212,-0.003995975360414029,2.377107013583807e-05,2,"[-1.0, 0, 2.075111111111111, 0, 1]",0.0
2.080222222222222,0,-0.07959624718792865,0.003593131052951277,-0.0008528729547293429,1,"[-1.0, 0, 2.080222222222222, 0, 1]",0.0
2.080222222222222,1,0.07710485642432555,-0.0040129083666044126,2.3607916100647306e-05,2,"[-1.0, 0, 2.080222222222222, 0, 1]",0.0
2.085333333333333,0,-0.07971452839506171,0.0036101812429080917,-0.0008584405128693117,1,"[-1.0, 0, 2.085333333333333, 0, 1]",0.0
2.085333333333333,1,0.0773019917695473,-0.004029893702701416,2.344445423500569e-05,2,"[-1.0, 0, 2.085333333333333, 0, 1]",0.0
2.0904444444444437,0,-0.07983309986282577,0.003627291961881824,-0.0008640478664463087,1,"[-1.0, 0, 2.0904444444444437, 0, 1]",0.0
2.0904444444444437,1,0.07749961088248739,-0.004046931497279748,2.3280690944800595e-05,2,"[-1.0, 0, 2.0904444444444437, 0, 1]",0.0
2.0955555555555554,0,-0.07995196159122084,0.003644463358227912,-0.0008696952718614532,1,"[-1.0, 0, 2.0955555555555554, 0, 1]",0.0
2.0955555555555554,1,0.07769771376314585,-0.004064021878914121,2.3116632721780026e-05,2,"[-1.0, 0, 2.0955555555555554, 0, 1]",0.0
2.1006666666666662,0,-0.0800711135802469,0.0036616955803017814,-0.0008753829869299261,1,"[-1.0, 0, 2.1006666666666662, 0, 1]",0.0
2.1006666666666662,1,0.07789630041152262,-0.004081164976179239,2.2952286144068313e-05,2,"[-1.0, 0, 2.1006666666666662, 0, 1]",0.0
2.105777777777777,0,-0.08019055582990396,0.0036789887764588705,-0.0008811112708867423,1,"[-1.0, 0, 2.105777777777777, 0, 1]",0.0
2.105777777777777,1,0.07809537082761772,-0.0040983609176498135,2.278765787668268e-05,2,"[-1.0, 0, 2.105777777777777, 0, 1]",0.0
2.110888888888889,0,-0.08031028834019205,0.0036963430950546156,-0.0008868803843925315,1,"[-1.0, 0, 2.110888888888889, 0, 1]",0.0
2.110888888888889,1,0.07829492501143118,-0.004115609831900557,2.262275467205182e-05,2,"[-1.0, 0, 2.110888888888889, 0, 1]",0.0
2.1159999999999997,0,-0.0804303111111111,0.0037137586844444427,-0.0008926905895393302,1,"[-1.0, 0, 2.1159999999999997, 0, 1]",0.0
2.1159999999999997,1,0.07849496296296293,-0.0041329118475061715,2.245758337053675e-05,2,"[-1.0, 0, 2.1159999999999997, 0, 1]",0.0
2.1211111111111105,0,-0.08055062414266116,0.0037312356929837913,-0.0008985421498564006,1,"[-1.0, 0, 2.1211111111111105, 0, 1]",0.0
2.1211111111111105,1,0.07869548468221305,-0.00415026709304137,2.2292150900949813e-05,2,"[-1.0, 0, 2.1211111111111105, 0, 1]",0.0
2.1262222222222222,0,-0.08067122743484224,0.003748774269028095,-0.0009044353303160485,1,"[-1.0, 0, 2.1262222222222222, 0, 1]",0.0
2.1262222222222222,1,0.07889649016918152,-0.004167675697080865,2.212646428107585e-05,2,"[-1.0, 0, 2.1262222222222222, 0, 1]",0.0
2.131333333333333,0,-0.08079212098765431,0.0037663745609327836,-0.0009103703973394627,1,"[-1.0, 0, 2.131333333333333, 0, 1]",0.0
2.131333333333333,1,0.0790979794238683,-0.004185137788199359,2.1960530618199295e-05,2,"[-1.0, 0, 2.131333333333333, 0, 1]",0.0
2.136444444444444,0,-0.08091330480109737,0.003784036717053293,-0.0009163476188025707,1,"[-1.0, 0, 2.136444444444444, 0, 1]",0.0
2.136444444444444,1,0.07929995244627341,-0.004202653494971564,2.1794357109624588e-05,2,"[-1.0, 0, 2.136444444444444, 0, 1]",0.0
2.1415555555555548,0,-0.08103477887517145,0.0038017608857450567,-0.0009223672640419037,1,"[-1.0, 0, 2.1415555555555548, 0, 1]",0.0
2.1415555555555548,1,0.07950240923639686,-0.0042202229459721895,2.162795104320483e-05,2,"[-1.0, 0, 2.1415555555555548, 0, 1]",0.0
2.1466666666666665,0,-0.08115654320987653,0.0038195472153635113,-0.0009284296038604775,1,"[-1.0, 0, 2.1466666666666665, 0, 1]",0.0
2.1466666666666665,1,0.07970534979423867,-0.004237846269775947,2.1461319797867404e-05,2,"[-1.0, 0, 2.1466666666666665, 0, 1]",0.0
2.1517777777777773,0,-0.08127859780521261,0.003837395854264084,-0.0009345349105336861,1,"[-1.0, 0, 2.1517777777777773, 0, 1]",0.0
2.1517777777777773,1,0.0799087741197988,-0.004255523594957542,2.1294470844143124e-05,2,"[-1.0, 0, 2.1517777777777773, 0, 1]",0.0
2.156888888888888,0,-0.08140094266117968,0.0038553069508022123,-0.0009406834578152138,1,"[-1.0, 0, 2.156888888888888, 0, 1]",0.0
2.156888888888888,1,0.08011268221307724,-0.004273255050091684,2.1127411744694996e-05,2,"[-1.0, 0, 2.156888888888888, 0, 1]",0.0
2.162,0,-0.08152357777777777,0.003873280653333333,-0.0009468755209429576,1,"[-1.0, 0, 2.162, 0, 1]",0.0
2.162,1,0.08031707407407407,-0.004291040763753087,2.096015015485089e-05,2,"[-1.0, 0, 2.162, 0, 1]",0.0
2.1671111111111108,0,-0.08164650315500685,0.0038913171102128723,-0.0009531113766449603,1,"[-1.0, 0, 2.1671111111111108, 0, 1]",0.0
2.1671111111111108,1,0.08052194970278918,-0.004308880864516452,2.0792693823133658e-05,2,"[-1.0, 0, 2.1671111111111108, 0, 1]",0.0
2.1722222222222216,0,-0.08176971879286693,0.003909416469796269,-0.0009593913031453686,1,"[-1.0, 0, 2.1722222222222216, 0, 1]",0.0
2.1722222222222216,1,0.08072730909922265,-0.004326775480956492,2.062505059179521e-05,2,"[-1.0, 0, 2.1722222222222216, 0, 1]",0.0
2.1773333333333333,0,-0.08189322469135803,0.003927578880438958,-0.000965715580170394,1,"[-1.0, 0, 2.1773333333333333, 0, 1]",0.0
2.1773333333333333,1,0.08093315226337448,-0.004344724741647919,2.0457228397352122e-05,2,"[-1.0, 0, 2.1773333333333333, 0, 1]",0.0
2.182444444444444,0,-0.0820170208504801,0.003945804490496366,-0.0009720844889542909,1,"[-1.0, 0, 2.182444444444444, 0, 1]",0.0
2.182444444444444,1,0.08113947919524461,-0.004362728775165437,2.0289235271119476e-05,2,"[-1.0, 0, 2.182444444444444, 0, 1]",0.0
2.187555555555555,0,-0.08214110727023319,0.003964093448323933,-0.0009784983122453567,1,"[-1.0, 0, 2.187555555555555, 0, 1]",0.0
2.187555555555555,1,0.08134628989483308,-0.004380787710083759,2.0121079339750704e-05,2,"[-1.0, 0, 2.187555555555555, 0, 1]",0.0
2.192666666666666,0,-0.08226548395061725,0.003982445902277088,-0.000984957334311932,1,"[-1.0, 0, 2.192666666666666, 0, 1]",0.0
2.192666666666666,1,0.08155358436213989,-0.004398901674977592,1.995276882577415e-05,2,"[-1.0, 0, 2.192666666666666, 0, 1]",0.0
2.1977777777777776,0,-0.08239015089163236,0.004000862000711272,-0.0009914618409484297,1,"[-1.0, 0, 2.1977777777777776, 0, 1]",0.0
2.1977777777777776,1,0.08176136259716504,-0.004417070798421649,1.9784312048133548e-05,2,"[-1.0, 0, 2.1977777777777776, 0, 1]",0.0
2.2028888888888885,0,-0.08251510809327844,0.004019341891981912,-0.000998012119481362,1,"[-1.0, 0, 2.2028888888888885, 0, 1]",0.0
2.2028888888888885,1,0.08196962459990853,-0.0044352952089906335,1.961571742272925e-05,2,"[-1.0, 0, 2.2028888888888885, 0, 1]",0.0
2.2079999999999993,0,-0.08264035555555554,0.004037885724444442,-0.0010046084587753982,1,"[-1.0, 0, 2.2079999999999993, 0, 1]",0.0
2.2079999999999993,1,0.08217837037037035,-0.004453575035259256,1.9446993462959687e-05,2,"[-1.0, 0, 2.2079999999999993, 0, 1]",0.0
2.213111111111111,0,-0.08276589327846365,0.0040564936464543,-0.001011251149239426,1,"[-1.0, 0, 2.213111111111111, 0, 1]",0.0
2.213111111111111,1,0.08238759990855052,-0.004471910405802232,1.927814878026422e-05,2,"[-1.0, 0, 2.213111111111111, 0, 1]",0.0
2.218222222222222,0,-0.08289172126200273,0.004075165806366915,-0.001017940482832627,1,"[-1.0, 0, 2.218222222222222, 0, 1]",0.0
2.218222222222222,1,0.08259731321444899,-0.004490301449194261,1.9109192084671095e-05,2,"[-1.0, 0, 2.218222222222222, 0, 1]",0.0
2.2233333333333327,0,-0.08301783950617282,0.00409390235253772,-0.001024676753070573,1,"[-1.0, 0, 2.2233333333333327, 0, 1]",0.0
2.2233333333333327,1,0.08280751028806582,-0.0045087482940100575,1.8940132185340532e-05,2,"[-1.0, 0, 2.2233333333333327, 0, 1]",0.0
2.2284444444444444,0,-0.08314424801097393,0.0041127034333221565,-0.001031460255031332,1,"[-1.0, 0, 2.2284444444444444, 0, 1]",0.0
2.2284444444444444,1,0.08301819112940101,-0.004527251068824332,1.8770977991111907e-05,2,"[-1.0, 0, 2.2284444444444444, 0, 1]",0.0
2.2335555555555553,0,-0.08327094677640604,0.004131569197075647,-0.0010382912853615825,1,"[-1.0, 0, 2.2335555555555553, 0, 1]",0.0
2.2335555555555553,1,0.0832293557384545,-0.004545809902211789,1.860173851105421e-05,2,"[-1.0, 0, 2.2335555555555553, 0, 1]",0.0
2.238666666666666,0,-0.08339793580246913,0.004150499792153633,-0.001045170142282756,1,"[-1.0, 0, 2.238666666666666, 0, 1]",0.0
2.238666666666666,1,0.08344100411522631,-0.004564424922747141,1.843242285501465e-05,2,"[-1.0, 0, 2.238666666666666, 0, 1]",0.0
2.243777777777777,0,-0.08352521508916322,0.004169495366911545,-0.0010520971255971818,1,"[-1.0, 0, 2.243777777777777, 0, 1]",0.0
2.243777777777777,1,0.08365313625971647,-0.004583096259005095,1.826304023417073e-05,2,"[-1.0, 0, 2.243777777777777, 0, 1]",0.0
2.2488888888888887,0,-0.08365278463648834,0.0041885560697048204,-0.0010590725366942503,1,"[-1.0, 0, 2.2488888888888887, 0, 1]",0.0
2.2488888888888887,1,0.08386575217192499,-0.004601824039560364,1.8093599961581017e-05,2,"[-1.0, 0, 2.2488888888888887, 0, 1]",0.0
2.2539999999999996,0,-0.08378064444444443,0.004207682048888888,-0.0010660966785565852,1,"[-1.0, 0, 2.2539999999999996, 0, 1]",0.0
2.2539999999999996,1,0.08407885185185182,-0.004620608392987652,1.7924111452739724e-05,2,"[-1.0, 0, 2.2539999999999996, 0, 1]",0.0
2.2591111111111104,0,-0.08390879451303153,0.004226873452819181,-0.0010731698557662427,1,"[-1.0, 0, 2.2591111111111104, 0, 1]",0.0
2.2591111111111104,1,0.084292435299497,-0.004639449447861672,1.7754584226132132e-05,2,"[-1.0, 0, 2.2591111111111104, 0, 1]",0.0
2.264222222222222,0,-0.08403723484224965,0.00424613042985114,-0.0010802923745109117,1,"[-1.0, 0, 2.264222222222222, 0, 1]",0.0
2.264222222222222,1,0.08450650251486053,-0.004658347332757134,1.758502790378939e-05,2,"[-1.0, 0, 2.264222222222222, 0, 1]",0.0
2.269333333333333,0,-0.08416596543209875,0.004265453128340191,-0.00108746454259013,1,"[-1.0, 0, 2.269333333333333, 0, 1]",0.0
2.269333333333333,1,0.08472105349794237,-0.004677302176248741,1.7415452211847512e-05,2,"[-1.0, 0, 2.269333333333333, 0, 1]",0.0
2.274444444444444,0,-0.08429498628257887,0.00428484169664177,-0.0010946866694215222,1,"[-1.0, 0, 2.274444444444444, 0, 1]",0.0
2.274444444444444,1,0.08493608824874255,-0.0046963141069112065,1.724586698110414e-05,2,"[-1.0, 0, 2.274444444444444, 0, 1]",0.0
2.2795555555555556,0,-0.08442429739368998,0.004304296283111314,-0.001101959066047047,1,"[-1.0, 0, 2.2795555555555556, 0, 1]",0.0
2.2795555555555556,1,0.08515160676726108,-0.004715383253319242,1.707628214757959e-05,2,"[-1.0, 0, 2.2795555555555556, 0, 1]",0.0
2.2846666666666664,0,-0.0845538987654321,0.004323817036104251,-0.0011092820451392522,1,"[-1.0, 0, 2.2846666666666664, 0, 1]",0.0
2.2846666666666664,1,0.08536760905349794,-0.004734509744047553,1.690670775307925e-05,2,"[-1.0, 0, 2.2846666666666664, 0, 1]",0.0
2.2897777777777772,0,-0.0846837903978052,0.004343404103976018,-0.001116655921007557,1,"[-1.0, 0, 2.2897777777777772, 0, 1]",0.0
2.2897777777777772,1,0.0855840951074531,-0.004753693707670848,1.6737153945753022e-05,2,"[-1.0, 0, 2.2897777777777772, 0, 1]",0.0
2.294888888888888,0,-0.08481397229080931,0.004363057635082047,-0.0011240810096045382,1,"[-1.0, 0, 2.294888888888888, 0, 1]",0.0
2.294888888888888,1,0.08580106492912662,-0.004772935272763837,1.6567630980662243e-05,2,"[-1.0, 0, 2.294888888888888, 0, 1]",0.0
2.3,0,-0.08494444444444443,0.004382777777777777,-0.0011315576285322354,1,"[-1.0, 0, 2.3, 0, 1]",0.0
2.3,1,0.08601851851851851,-0.004792234567901234,1.6398149220342396e-05,2,"[-1.0, 0, 2.3, 0, 1]",0.0
2.3051111111111107,0,-0.08507520685871055,0.004402564680418633,-0.0011390860970484635,1,"[-1.0, 0, 2.3051111111111107, 0, 1]",0.0
2.3051111111111107,1,0.0862364558756287,-0.00481159172165774,1.622871913536982e-05,2,"[-1.0, 0, 2.3051111111111107, 0, 1]",0.0
2.3102222222222215,0,-0.08520625953360766,0.004422418491360054,-0.0011466667360731516,1,"[-1.0, 0, 2.3102222222222215, 0, 1]",0.0
2.3102222222222215,1,0.0864548770004572,-0.004831006862608069,1.6059351304929716e-05,2,"[-1.0, 0, 2.3102222222222215, 0, 1]",0.0
2.3153333333333332,0,-0.0853376024691358,0.004442339358957476,-0.0011542998681946849,1,"[-1.0, 0, 2.3153333333333332, 0, 1]",0.0
2.3153333333333332,1,0.0866737818930041,-0.004850480119326932,1.589005641738602e-05,2,"[-1.0, 0, 2.3153333333333332, 0, 1]",0.0
2.320444444444444,0,-0.08546923566529491,0.004462327431566325,-0.0011619858176762613,1,"[-1.0, 0, 2.320444444444444, 0, 1]",0.0
2.320444444444444,1,0.0868931705532693,-0.004870011620389031,1.572084527084799e-05,2,"[-1.0, 0, 2.320444444444444, 0, 1]",0.0
2.325555555555555,0,-0.08560115912208503,0.004482382857542039,-0.0011697249104622737,1,"[-1.0, 0, 2.325555555555555, 0, 1]",0.0
2.325555555555555,1,0.08711304298125283,-0.004889601494369081,1.555172877374506e-05,2,"[-1.0, 0, 2.325555555555555, 0, 1]",0.0
2.3306666666666667,0,-0.08573337283950618,0.004502505785240055,-0.001177517474184691,1,"[-1.0, 0, 2.3306666666666667, 0, 1]",0.0
2.3306666666666667,1,0.08733339917695473,-0.0049092498698417916,1.538271794539756e-05,2,"[-1.0, 0, 2.3306666666666667, 0, 1]",0.0
2.3357777777777775,0,-0.08586587681755829,0.004522696363015799,-0.0011853638381694605,1,"[-1.0, 0, 2.3357777777777775, 0, 1]",0.0
2.3357777777777775,1,0.08755423914037494,-0.004928956875381867,1.521382391659091e-05,2,"[-1.0, 0, 2.3357777777777775, 0, 1]",0.0
2.3408888888888884,0,-0.08599867105624141,0.004542954739224709,-0.0011932643334429285,1,"[-1.0, 0, 2.3408888888888884, 0, 1]",0.0
2.3408888888888884,1,0.08777556287151346,-0.0049487226395640216,1.5045057930149599e-05,2,"[-1.0, 0, 2.3408888888888884, 0, 1]",0.0
2.345999999999999,0,-0.08613175555555554,0.0045632810622222185,-0.001201219292738267,1,"[-1.0, 0, 2.345999999999999, 0, 1]",0.0
2.345999999999999,1,0.08799737037037034,-0.00496854729096296,1.487643134151788e-05,2,"[-1.0, 0, 2.345999999999999, 0, 1]",0.0
2.351111111111111,0,-0.08626513031550068,0.004583675480363765,-0.0012092290505019204,1,"[-1.0, 0, 2.351111111111111, 0, 1]",0.0
2.351111111111111,1,0.08821966163694558,-0.004988430958153397,1.4707955619330825e-05,2,"[-1.0, 0, 2.351111111111111, 0, 1]",0.0
2.3562222222222218,0,-0.0863987953360768,0.004604138142004774,-0.0012172939429000587,1,"[-1.0, 0, 2.3562222222222218, 0, 1]",0.0
2.3562222222222218,1,0.0884424366712391,-0.005008373769710035,1.4539642345997726e-05,2,"[-1.0, 0, 2.3562222222222218, 0, 1]",0.0
2.3613333333333326,0,-0.08653275061728394,0.004624669195500683,-0.0012254143078250569,1,"[-1.0, 0, 2.3613333333333326, 0, 1]",0.0
2.3613333333333326,1,0.088665695473251,-0.005028375854207587,1.4371503218281825e-05,2,"[-1.0, 0, 2.3613333333333326, 0, 1]",0.0
2.3664444444444444,0,-0.08666699615912207,0.004645268789206929,-0.0012335904849019787,1,"[-1.0, 0, 2.3664444444444444, 0, 1]",0.0
2.3664444444444444,1,0.08888943804298124,-0.005048437340220766,1.4203550047878948e-05,2,"[-1.0, 0, 2.3664444444444444, 0, 1]",0.0
2.371555555555555,0,-0.08680153196159121,0.004665937071478939,-0.0012418228154950743,1,"[-1.0, 0, 2.371555555555555, 0, 1]",0.0
2.371555555555555,1,0.0891136643804298,-0.005068558356324271,1.4035794762004496e-05,2,"[-1.0, 0, 2.371555555555555, 0, 1]",0.0
2.376666666666666,0,-0.08693635802469134,0.004686674190672151,-0.0012501116427143001,1,"[-1.0, 0, 2.376666666666666, 0, 1]",0.0
2.376666666666666,1,0.08933837448559667,-0.005088739031092819,1.3868249403972297e-05,2,"[-1.0, 0, 2.376666666666666, 0, 1]",0.0
2.3817777777777778,0,-0.0870714743484225,0.004707480295142001,-0.0012584573114218461,1,"[-1.0, 0, 2.3817777777777778, 0, 1]",0.0
2.3817777777777778,1,0.08956356835848193,-0.0051089794931011194,1.3700926133785284e-05,2,"[-1.0, 0, 2.3817777777777778, 0, 1]",0.0
2.3868888888888886,0,-0.08720688093278463,0.004728355533243915,-0.0012668601682386733,1,"[-1.0, 0, 2.3868888888888886, 0, 1]",0.0
2.3868888888888886,1,0.08978924599908548,-0.005129279870923875,1.3533837228716945e-05,2,"[-1.0, 0, 2.3868888888888886, 0, 1]",0.0
2.3919999999999995,0,-0.08734257777777776,0.0047493000533333305,-0.00127532056155108,1,"[-1.0, 0, 2.3919999999999995, 0, 1]",0.0
2.3919999999999995,1,0.09001540740740738,-0.0051496402931358,1.3366995083901895e-05,2,"[-1.0, 0, 2.3919999999999995, 0, 1]",0.0
2.3971111111111103,0,-0.0874785648834019,0.004770314003765683,-0.001283838841517268,1,"[-1.0, 0, 2.3971111111111103, 0, 1]",0.0
2.3971111111111103,1,0.09024205258344761,-0.005170060888311602,1.3200412212924489e-05,2,"[-1.0, 0, 2.3971111111111103, 0, 1]",0.0
2.402222222222222,0,-0.08761484224965706,0.004791397532896408,-0.001292415360073927,1,"[-1.0, 0, 2.402222222222222, 0, 1]",0.0
2.402222222222222,1,0.0904691815272062,-0.005190541785025994,1.3034101248407754e-05,2,"[-1.0, 0, 2.402222222222222, 0, 1]",0.0
2.407333333333333,0,-0.0877514098765432,0.0048125507890809304,-0.0013010504709428325,1,"[-1.0, 0, 2.407333333333333, 0, 1]",0.0
2.407333333333333,1,0.0906967942386831,-0.005211083111853679,1.2868074942606672e-05,2,"[-1.0, 0, 2.407333333333333, 0, 1]",0.0
2.4124444444444437,0,-0.08788826776406033,0.0048337739206746905,-0.0013097445296374657,1,"[-1.0, 0, 2.4124444444444437, 0, 1]",0.0
2.4124444444444437,1,0.09092489071787833,-0.005231684997369368,1.2702346168000367e-05,2,"[-1.0, 0, 2.4124444444444437, 0, 1]",0.0
2.4175555555555555,0,-0.0880254159122085,0.0048550670760331245,-0.0013184978934696369,1,"[-1.0, 0, 2.4175555555555555, 0, 1]",0.0
2.4175555555555555,1,0.09115347096479194,-0.0052523475701477754,1.2536927917884298e-05,2,"[-1.0, 0, 2.4175555555555555, 0, 1]",0.0
2.4226666666666663,0,-0.08816285432098764,0.004876430403511657,-0.0013273109215561222,1,"[-1.0, 0, 2.4226666666666663, 0, 1]",0.0
2.4226666666666663,1,0.09138253497942385,-0.005273070958763602,1.2371833306969171e-05,2,"[-1.0, 0, 2.4226666666666663, 0, 1]",0.0
2.427777777777777,0,-0.08830058299039778,0.004897864051465728,-0.0013361839748253289,1,"[-1.0, 0, 2.427777777777777, 0, 1]",0.0
2.427777777777777,1,0.0916120827617741,-0.00529385529179156,1.2207075571974107e-05,2,"[-1.0, 0, 2.427777777777777, 0, 1]",0.0
2.432888888888889,0,-0.08843860192043895,0.004919368168250775,-0.0013451174160239608,1,"[-1.0, 0, 2.432888888888889, 0, 1]",0.0
2.432888888888889,1,0.09184211431184269,-0.005314700697806364,1.2042668072224146e-05,2,"[-1.0, 0, 2.432888888888889, 0, 1]",0.0
2.4379999999999997,0,-0.0885769111111111,0.004940942902222221,-0.001354111609723695,1,"[-1.0, 0, 2.4379999999999997, 0, 1]",0.0
2.4379999999999997,1,0.09207262962962962,-0.005335607305382715,1.1878624290255014e-05,2,"[-1.0, 0, 2.4379999999999997, 0, 1]",0.0
2.4431111111111106,0,-0.08871551056241425,0.004962588401735506,-0.0013631669223278932,1,"[-1.0, 0, 2.4431111111111106, 0, 1]",0.0
2.4431111111111106,1,0.09230362871513487,-0.005356575243095326,1.1714957832405638e-05,2,"[-1.0, 0, 2.4431111111111106, 0, 1]",0.0
2.4482222222222214,0,-0.0888544002743484,0.004984304815146061,-0.0013722837220783027,1,"[-1.0, 0, 2.4482222222222214, 0, 1]",0.0
2.4482222222222214,1,0.09253511156835845,-0.005377604639518904,1.1551682429425197e-05,2,"[-1.0, 0, 2.4482222222222214, 0, 1]",0.0
2.453333333333333,0,-0.08899358024691358,0.005006092290809327,-0.0013814623790617906,1,"[-1.0, 0, 2.453333333333333, 0, 1]",0.0
2.453333333333333,1,0.0927670781893004,-0.0053986956232281655,1.1388811937073002e-05,2,"[-1.0, 0, 2.453333333333333, 0, 1]",0.0
2.458444444444444,0,-0.08913305048010972,0.005027950977080728,-0.001390703265217073,1,"[-1.0, 0, 2.458444444444444, 0, 1]",0.0
2.458444444444444,1,0.09299952857796065,-0.005419848322797811,1.12263603367249e-05,2,"[-1.0, 0, 2.458444444444444, 0, 1]",0.0
2.463555555555555,0,-0.08927281097393688,0.005049881022315701,-0.0014000067543414826,1,"[-1.0, 0, 2.463555555555555, 0, 1]",0.0
2.463555555555555,1,0.09323246273433924,-0.005441062866802551,1.1064341735978031e-05,2,"[-1.0, 0, 2.463555555555555, 0, 1]",0.0
2.4686666666666666,0,-0.08941286172839505,0.005071882574869684,-0.001409373222097728,1,"[-1.0, 0, 2.4686666666666666, 0, 1]",0.0
2.4686666666666666,1,0.0934658806584362,-0.005462339383817101,1.090277036925485e-05,2,"[-1.0, 0, 2.4686666666666666, 0, 1]",0.0
2.4737777777777774,0,-0.08955320274348422,0.005093955783098103,-0.0014188030460206768,1,"[-1.0, 0, 2.4737777777777774, 0, 1]",0.0
2.4737777777777774,1,0.09369978235025148,-0.0054836780024161615,1.0741660598415797e-05,2,"[-1.0, 0, 2.4737777777777774, 0, 1]",0.0
2.4788888888888883,0,-0.08969383401920437,0.005116100795356396,-0.0014282966055241563,1,"[-1.0, 0, 2.4788888888888883, 0, 1]",0.0
2.4788888888888883,1,0.09393416780978506,-0.005505078851174445,1.0581026913363315e-05,2,"[-1.0, 0, 2.4788888888888883, 0, 1]",0.0
2.484,0,-0.08983475555555556,0.0051383177599999994,-0.001437854281907762,1,"[-1.0, 0, 2.484, 0, 1]",0.0
2.484,1,0.09416903703703702,-0.005526542058666666,1.0420883932656805e-05,2,"[-1.0, 0, 2.484, 0, 1]",0.0
2.489111111111111,0,-0.08997596735253771,0.0051606068253843415,-0.0014474764583636778,1,"[-1.0, 0, 2.489111111111111, 0, 1]",0.0
2.489111111111111,1,0.0944043900320073,-0.005548067753467526,1.0261246404121515e-05,2,"[-1.0, 0, 2.489111111111111, 0, 1]",0.0
2.4942222222222217,0,-0.09011746941015088,0.005182968139864855,-0.001457163519983523,1,"[-1.0, 0, 2.4942222222222217, 0, 1]",0.0
2.4942222222222217,1,0.0946402267946959,-0.005569656064151736,1.0102129205461657e-05,2,"[-1.0, 0, 2.4942222222222217, 0, 1]",0.0
2.4993333333333325,0,-0.09025926172839505,0.0052054018517969786,-0.0014669158537651997,1,"[-1.0, 0, 2.4993333333333325, 0, 1]",0.0
2.4993333333333325,1,0.09487654732510284,-0.005591307119294007,9.943547344876884e-06,2,"[-1.0, 0, 2.4993333333333325, 0, 1]",0.0
2.5044444444444443,0,-0.09040134430727023,0.0052279081095361465,-0.001476733848619762,1,"[-1.0, 0, 2.5044444444444443, 0, 1]",0.0
2.5044444444444443,1,0.09511335162322815,-0.0056130210474690505,9.785515961674971e-06,2,"[-1.0, 0, 2.5044444444444443, 0, 1]",0.0
2.509555555555555,0,-0.09054371714677639,0.005250487061437787,-0.0014866178953782914,1,"[-1.0, 0, 2.509555555555555, 0, 1]",0.0
2.509555555555555,1,0.09535063968907176,-0.005634797977251567,9.628050326890465e-06,2,"[-1.0, 0, 2.509555555555555, 0, 1]",0.0
2.514666666666666,0,-0.09068638024691356,0.005273138855857336,-0.0014965683867988015,1,"[-1.0, 0, 2.514666666666666, 0, 1]",0.0
2.514666666666666,1,0.0955884115226337,-0.0056566380372162755,9.47116584389964e-06,2,"[-1.0, 0, 2.514666666666666, 0, 1]",0.0
2.5197777777777777,0,-0.09082933360768175,0.005295863641150231,-0.0015065857175731415,1,"[-1.0, 0, 2.5197777777777777, 0, 1]",0.0
2.5197777777777777,1,0.09582666712391402,-0.005678541355937881,9.314878049046624e-06,2,"[-1.0, 0, 2.5197777777777777, 0, 1]",0.0
2.5248888888888885,0,-0.09097257722908092,0.005318661565671898,-0.0015166702843339157,1,"[-1.0, 0, 2.5248888888888885, 0, 1]",0.0
2.5248888888888885,1,0.09606540649291265,-0.005700508061991089,9.159202612255219e-06,2,"[-1.0, 0, 2.5248888888888885, 0, 1]",0.0
2.5299999999999994,0,-0.09111611111111109,0.005341532777777775,-0.0015268224856614296,1,"[-1.0, 0, 2.5299999999999994, 0, 1]",0.0
2.5299999999999994,1,0.0963046296296296,-0.005722538283950613,9.00415533765654e-06,2,"[-1.0, 0, 2.5299999999999994, 0, 1]",0.0
2.535111111111111,0,-0.0912599352537723,0.0053644774258233,-0.001537042722090638,1,"[-1.0, 0, 2.535111111111111, 0, 1]",0.0
2.535111111111111,1,0.09654433653406493,-0.005744632150391167,8.849752164209398e-06,2,"[-1.0, 0, 2.535111111111111, 0, 1]",0.0
2.540222222222222,0,-0.09140404965706446,0.005387495658163896,-0.0015473313961181013,1,"[-1.0, 0, 2.540222222222222, 0, 1]",0.0
2.540222222222222,1,0.09678452720621855,-0.005766789789887448,8.696009166328273e-06,2,"[-1.0, 0, 2.540222222222222, 0, 1]",0.0
2.545333333333333,0,-0.09154845432098763,0.005410587623155005,-0.001557688912208983,1,"[-1.0, 0, 2.545333333333333, 0, 1]",0.0
2.545333333333333,1,0.09702520164609049,-0.005789011331014173,8.542942554502385e-06,2,"[-1.0, 0, 2.545333333333333, 0, 1]",0.0
2.5504444444444436,0,-0.09169314924554181,0.005433753469152057,-0.0015681156768040283,1,"[-1.0, 0, 2.5504444444444436, 0, 1]",0.0
2.5504444444444436,1,0.09726635985368079,-0.005811296902346047,8.390568675930828e-06,2,"[-1.0, 0, 2.5504444444444436, 0, 1]",0.0
2.5555555555555554,0,-0.09183813443072703,0.005456993344510491,-0.0015786120983265805,1,"[-1.0, 0, 2.5555555555555554, 0, 1]",0.0
2.5555555555555554,1,0.09750800182898947,-0.005833646632457789,8.238904015141755e-06,2,"[-1.0, 0, 2.5555555555555554, 0, 1]",0.0
2.560666666666666,0,-0.09198340987654319,0.005480307397585732,-0.001589178587189593,1,"[-1.0, 0, 2.560666666666666, 0, 1]",0.0
2.560666666666666,1,0.09775012757201643,-0.005856060649924094,8.087965194629237e-06,2,"[-1.0, 0, 2.560666666666666, 0, 1]",0.0
2.565777777777777,0,-0.09212897558299038,0.005503695776733218,-0.0015998155558026787,1,"[-1.0, 0, 2.565777777777777, 0, 1]",0.0
2.565777777777777,1,0.09799273708276174,-0.00587853908331968,7.937768975479933e-06,2,"[-1.0, 0, 2.565777777777777, 0, 1]",0.0
2.570888888888889,0,-0.09227483155006858,0.005527158630308387,-0.0016105234185791516,1,"[-1.0, 0, 2.570888888888889, 0, 1]",0.0
2.570888888888889,1,0.0982358303612254,-0.005901082061219258,7.788332258004639e-06,2,"[-1.0, 0, 2.570888888888889, 0, 1]",0.0
2.5759999999999996,0,-0.09242097777777777,0.005550696106666665,-0.0016213025919430892,1,"[-1.0, 0, 2.5759999999999996, 0, 1]",0.0
2.5759999999999996,1,0.09847940740740738,-0.0059236897121975295,7.639672082375253e-06,2,"[-1.0, 0, 2.5759999999999996, 0, 1]",0.0
2.5811111111111105,0,-0.09256741426611795,0.005574308354163488,-0.0016321534943364157,1,"[-1.0, 0, 2.5811111111111105, 0, 1]",0.0
2.5811111111111105,1,0.09872346822130769,-0.005946362164829206,7.4918056292557845e-06,2,"[-1.0, 0, 2.5811111111111105, 0, 1]",0.0
2.586222222222222,0,-0.09271414101508915,0.005597995521154296,-0.0016430765462259966,1,"[-1.0, 0, 2.586222222222222, 0, 1]",0.0
2.586222222222222,1,0.09896801280292639,-0.005969099547689004,7.344750220437588e-06,2,"[-1.0, 0, 2.586222222222222, 0, 1]",0.0
2.591333333333333,0,-0.09286115802469136,0.005621757755994512,-0.001654072170110733,1,"[-1.0, 0, 2.591333333333333, 0, 1]",0.0
2.591333333333333,1,0.09921304115226336,-0.0059919019893516215,7.198523319478498e-06,2,"[-1.0, 0, 2.591333333333333, 0, 1]",0.0
2.596444444444444,0,-0.09300846529492454,0.005645595207039575,-0.0016651407905286957,1,"[-1.0, 0, 2.596444444444444, 0, 1]",0.0
2.596444444444444,1,0.09945855326931867,-0.006014769618391775,7.0531425323402345e-06,2,"[-1.0, 0, 2.596444444444444, 0, 1]",0.0
2.6015555555555547,0,-0.09315606282578873,0.005669508022644917,-0.0016762828340642524,1,"[-1.0, 0, 2.6015555555555547, 0, 1]",0.0
2.6015555555555547,1,0.09970454915409231,-0.006037702563384168,6.908625608028837e-06,2,"[-1.0, 0, 2.6015555555555547, 0, 1]",0.0
2.6066666666666665,0,-0.09330395061728394,0.00569349635116598,-0.0016874987293552218,1,"[-1.0, 0, 2.6066666666666665, 0, 1]",0.0
2.6066666666666665,1,0.09995102880658435,-0.00606070095290352,6.76499043923218e-06,2,"[-1.0, 0, 2.6066666666666665, 0, 1]",0.0
2.6117777777777773,0,-0.09345212866941013,0.005717560340958184,-0.0016987889071000237,1,"[-1.0, 0, 2.6117777777777773, 0, 1]",0.0
2.6117777777777773,1,0.10019799222679467,-0.006083764915524529,6.622255062965288e-06,2,"[-1.0, 0, 2.6117777777777773, 0, 1]",0.0
2.616888888888888,0,-0.09360059698216733,0.005741700140376971,-0.0017101538000648731,1,"[-1.0, 0, 2.616888888888888, 0, 1]",0.0
2.616888888888888,1,0.10044543941472332,-0.0061068945798219065,6.480437661213591e-06,2,"[-1.0, 0, 2.616888888888888, 0, 1]",0.0
2.622,0,-0.09374935555555555,0.0057659158977777765,-0.0017215938430909608,1,"[-1.0, 0, 2.622, 0, 1]",0.0
2.622,1,0.10069337037037036,-0.006130090074370369,6.339556561574342e-06,2,"[-1.0, 0, 2.622, 0, 1]",0.0
2.6271111111111107,0,-0.09389840438957475,0.005790207761516027,-0.0017331094731016555,1,"[-1.0, 0, 2.6271111111111107, 0, 1]",0.0
2.6271111111111107,1,0.10094178509373568,-0.006153351527744617,6.1996302379041e-06,2,"[-1.0, 0, 2.6271111111111107, 0, 1]",0.0
2.6322222222222216,0,-0.09404774348422495,0.005814575879947159,-0.0017447011291097329,1,"[-1.0, 0, 2.6322222222222216, 0, 1]",0.0
2.6322222222222216,1,0.10119068358481935,-0.006176679068519362,6.060677310969036e-06,2,"[-1.0, 0, 2.6322222222222216, 0, 1]",0.0
2.6373333333333333,0,-0.09419737283950616,0.005839020401426611,-0.0017563692522246026,1,"[-1.0, 0, 2.6373333333333333, 0, 1]",0.0
2.6373333333333333,1,0.10144006584362139,-0.006200072825269319,5.922716549086994e-06,2,"[-1.0, 0, 2.6373333333333333, 0, 1]",0.0
2.642444444444444,0,-0.09434729245541837,0.005863541474309809,-0.0017681142856595532,1,"[-1.0, 0, 2.642444444444444, 0, 1]",0.0
2.642444444444444,1,0.10168993187014173,-0.006223532926569187,5.7857668687821395e-06,2,"[-1.0, 0, 2.642444444444444, 0, 1]",0.0
2.647555555555555,0,-0.09449750233196158,0.005888139246952189,-0.0017799366747390198,1,"[-1.0, 0, 2.647555555555555, 0, 1]",0.0
2.647555555555555,1,0.1019402816643804,-0.00624705950099368,5.649847335433521e-06,2,"[-1.0, 0, 2.647555555555555, 0, 1]",0.0
2.652666666666666,0,-0.09464800246913577,0.005912813867709187,-0.001791836866905855,1,"[-1.0, 0, 2.652666666666666, 0, 1]",0.0
2.652666666666666,1,0.10219111522633739,-0.0062706526771175095,5.514977163925162e-06,2,"[-1.0, 0, 2.652666666666666, 0, 1]",0.0
2.6577777777777776,0,-0.09479879286694101,0.0059375654849362376,-0.0018038153117286228,1,"[-1.0, 0, 2.6577777777777776, 0, 1]",0.0
2.6577777777777776,1,0.10244243255601279,-0.006294312583515384,5.38117571930786e-06,2,"[-1.0, 0, 2.6577777777777776, 0, 1]",0.0
2.6628888888888884,0,-0.09494987352537722,0.00596239424698877,-0.0018158724609088918,1,"[-1.0, 0, 2.6628888888888884, 0, 1]",0.0
2.6628888888888884,1,0.10269423365340646,-0.006318039348762009,5.248462517440811e-06,2,"[-1.0, 0, 2.6628888888888884, 0, 1]",0.0
2.6679999999999993,0,-0.09510124444444443,0.005987300302222219,-0.0018280087682885663,1,"[-1.0, 0, 2.6679999999999993, 0, 1]",0.0
2.6679999999999993,1,0.10294651851851848,-0.006341833101432094,5.116857225659485e-06,2,"[-1.0, 0, 2.6679999999999993, 0, 1]",0.0
2.673111111111111,0,-0.09525290562414265,0.006012283798992023,-0.001840224689857212,1,"[-1.0, 0, 2.673111111111111, 0, 1]",0.0
2.673111111111111,1,0.10319928715134886,-0.006365693970100356,4.986379663423973e-06,2,"[-1.0, 0, 2.673111111111111, 0, 1]",0.0
2.678222222222222,0,-0.09540485706447187,0.006037344885653608,-0.0018525206837593966,1,"[-1.0, 0, 2.678222222222222, 0, 1]",0.0
2.678222222222222,1,0.10345253955189755,-0.0063896220833414945,4.857049802984908e-06,2,"[-1.0, 0, 2.678222222222222, 0, 1]",0.0
2.6833333333333327,0,-0.09555709876543209,0.006062483710562411,-0.0018648972103020593,1,"[-1.0, 0, 2.6833333333333327, 0, 1]",0.0
2.6833333333333327,1,0.10370627572016457,-0.006413617569730221,4.728887770036371e-06,2,"[-1.0, 0, 2.6833333333333327, 0, 1]",0.0
2.6884444444444444,0,-0.09570963072702332,0.00608770042207387,-0.0018773547319618812,1,"[-1.0, 0, 2.6884444444444444, 0, 1]",0.0
2.6884444444444444,1,0.10396049565614997,-0.006437680557841249,4.601913844382022e-06,2,"[-1.0, 0, 2.6884444444444444, 0, 1]",0.0
2.6935555555555553,0,-0.09586245294924553,0.006112995168543411,-0.0018898937133926662,1,"[-1.0, 0, 2.6935555555555553, 0, 1]",0.0
2.6935555555555553,1,0.10421519935985366,-0.006461811176249283,4.47614846059278e-06,2,"[-1.0, 0, 2.6935555555555553, 0, 1]",0.0
2.698666666666666,0,-0.09601556543209874,0.006138368098326472,-0.001902514621432756,1,"[-1.0, 0, 2.698666666666666, 0, 1]",0.0
2.698666666666666,1,0.10447038683127569,-0.0064860095535290326,4.351612208674475e-06,2,"[-1.0, 0, 2.698666666666666, 0, 1]",0.0
2.703777777777777,0,-0.09616896817558296,0.006163819359778485,-0.0019152179251124375,1,"[-1.0, 0, 2.703777777777777, 0, 1]",0.0
2.703777777777777,1,0.10472605807041604,-0.006510275818255209,4.228325834729858e-06,2,"[-1.0, 0, 2.703777777777777, 0, 1]",0.0
2.7088888888888887,0,-0.0963226611796982,0.006189349101254889,-0.0019280040956613773,1,"[-1.0, 0, 2.7088888888888887, 0, 1]",0.0
2.7088888888888887,1,0.10498221307727479,-0.006534610099002523,4.1063102416260405e-06,2,"[-1.0, 0, 2.7088888888888887, 0, 1]",0.0
2.7139999999999995,0,-0.09647664444444443,0.006214957471111109,-0.0019408736065160588,1,"[-1.0, 0, 2.7139999999999995, 0, 1]",0.0
2.7139999999999995,1,0.10523885185185182,-0.006559012524345677,3.985586489660409e-06,2,"[-1.0, 0, 2.7139999999999995, 0, 1]",0.0
2.7191111111111104,0,-0.09663091796982165,0.006240644617702583,-0.0019538269333272524,1,"[-1.0, 0, 2.7191111111111104, 0, 1]",0.0
2.7191111111111104,1,0.1054959743941472,-0.006583483222859385,3.866175797229794e-06,2,"[-1.0, 0, 2.7191111111111104, 0, 1]",0.0
2.724222222222222,0,-0.0967854817558299,0.006266410689384748,-0.001966864553967481,1,"[-1.0, 0, 2.724222222222222, 0, 1]",0.0
2.724222222222222,1,0.10575358070416094,-0.006608022323118359,3.7480995415007257e-06,2,"[-1.0, 0, 2.724222222222222, 0, 1]",0.0
2.729333333333333,0,-0.09694033580246912,0.006292255834513029,-0.0019799869485385025,1,"[-1.0, 0, 2.729333333333333, 0, 1]",0.0
2.729333333333333,1,0.10601167078189297,-0.006632629953697299,3.6313792590801208e-06,2,"[-1.0, 0, 2.729333333333333, 0, 1]",0.0
2.734444444444444,0,-0.09709548010973934,0.0063181802014428655,-0.001993194599378821,1,"[-1.0, 0, 2.734444444444444, 0, 1]",0.0
2.734444444444444,1,0.10627024462734336,-0.006657306243170923,3.516036646687053e-06,2,"[-1.0, 0, 2.734444444444444, 0, 1]",0.0
2.7395555555555555,0,-0.0972509146776406,0.006344183938529695,-0.0020064879910711994,1,"[-1.0, 0, 2.7395555555555555, 0, 1]",0.0
2.7395555555555555,1,0.1065293022405121,-0.0066820513201139384,3.402093561826261e-06,2,"[-1.0, 0, 2.7395555555555555, 0, 1]",0.0
2.7446666666666664,0,-0.09740663950617283,0.006370267194128943,-0.0020198676104501746,1,"[-1.0, 0, 2.7446666666666664, 0, 1]",0.0
2.7446666666666664,1,0.10678884362139916,-0.00670686531310105,3.2895720234649064e-06,2,"[-1.0, 0, 2.7446666666666664, 0, 1]",0.0
2.749777777777777,0,-0.09756265459533606,0.006396430116596045,-0.0020333339466096206,1,"[-1.0, 0, 2.749777777777777, 0, 1]",0.0
2.749777777777777,1,0.10704886877000454,-0.00673174835070697,3.1784942127049964e-06,2,"[-1.0, 0, 2.749777777777777, 0, 1]",0.0
2.754888888888888,0,-0.09771895994513029,0.006422672854286436,-0.002046887490910293,1,"[-1.0, 0, 2.754888888888888, 0, 1]",0.0
2.754888888888888,1,0.10730937768632826,-0.006756700561506406,3.06888247346513e-06,2,"[-1.0, 0, 2.754888888888888, 0, 1]",0.0
2.76,0,-0.09787555555555555,0.006448995555555554,-0.0020605287369874076,1,"[-1.0, 0, 2.76, 0, 1]",0.0
2.76,1,0.10757037037037036,-0.006781722074074073,2.9607593131559563e-06,2,"[-1.0, 0, 2.76, 0, 1]",0.0
2.7651111111111106,0,-0.09803244142661177,0.006475398368758825,-0.0020742581807582125,1,"[-1.0, 0, 2.7651111111111106, 0, 1]",0.0
2.7651111111111106,1,0.10783184682213075,-0.006806813016984672,2.854147403360185e-06,2,"[-1.0, 0, 2.7651111111111106, 0, 1]",0.0
2.7702222222222215,0,-0.09818961755829901,0.006501881442251684,-0.002088076320429605,1,"[-1.0, 0, 2.7702222222222215, 0, 1]",0.0
2.7702222222222215,1,0.10809380704160947,-0.006831973518812914,2.7490695805152017e-06,2,"[-1.0, 0, 2.7702222222222215, 0, 1]",0.0
2.775333333333333,0,-0.09834708395061728,0.006528444924389574,-0.0021019836565057365,1,"[-1.0, 0, 2.775333333333333, 0, 1]",0.0
2.775333333333333,1,0.10835625102880657,-0.006857203708133515,2.645548846595463e-06,2,"[-1.0, 0, 2.775333333333333, 0, 1]",0.0
2.780444444444444,0,-0.09850484060356651,0.006555088963527914,-0.002115980691795632,1,"[-1.0, 0, 2.780444444444444, 0, 1]",0.0
2.780444444444444,1,0.10861917878372196,-0.006882503713521174,2.543608369794245e-06,2,"[-1.0, 0, 2.780444444444444, 0, 1]",0.0
2.785555555555555,0,-0.09866288751714675,0.006581813708022148,-0.0021300679314208495,1,"[-1.0, 0, 2.785555555555555, 0, 1]",0.0
2.785555555555555,1,0.10888259030635569,-0.006907873663550607,2.4432714852097234e-06,2,"[-1.0, 0, 2.785555555555555, 0, 1]",0.0
2.7906666666666666,0,-0.09882122469135801,0.0066086193062277095,-0.002144245882823124,1,"[-1.0, 0, 2.7906666666666666, 0, 1]",0.0
2.7906666666666666,1,0.10914648559670781,-0.006933313686796525,2.3445616955321442e-06,2,"[-1.0, 0, 2.7906666666666666, 0, 1]",0.0
2.7957777777777775,0,-0.09897985212620027,0.006635505906500024,-0.002158515055772034,1,"[-1.0, 0, 2.7957777777777775, 0, 1]",0.0
2.7957777777777775,1,0.10941086465477821,-0.006958823911833628,2.247502671730338e-06,2,"[-1.0, 0, 2.7957777777777775, 0, 1]",0.0
2.8008888888888883,0,-0.0991387698216735,0.00666247365719453,-0.0021728759623726958,1,"[-1.0, 0, 2.8008888888888883, 0, 1]",0.0
2.8008888888888883,1,0.10967572748056695,-0.006984404467236632,2.1521182537380217e-06,2,"[-1.0, 0, 2.8008888888888883, 0, 1]",0.0
2.805999999999999,0,-0.09929797777777774,0.006689522706666662,-0.002187329117073457,1,"[-1.0, 0, 2.805999999999999, 0, 1]",0.0
2.805999999999999,1,0.10994107407407402,-0.007010055481580242,2.0584324511507216e-06,2,"[-1.0, 0, 2.805999999999999, 0, 1]",0.0
2.811111111111111,0,-0.09945747599451302,0.006716653203271856,-0.0022018750366736093,1,"[-1.0, 0, 2.811111111111111, 0, 1]",0.0
2.811111111111111,1,0.11020690443529949,-0.007035777083439176,1.9664694439070884e-06,2,"[-1.0, 0, 2.811111111111111, 0, 1]",0.0
2.8162222222222217,0,-0.09961726447187927,0.006743865295365541,-0.002216514240331107,1,"[-1.0, 0, 2.8162222222222217, 0, 1]",0.0
2.8162222222222217,1,0.11047321856424323,-0.007061569401388133,1.8762535829901575e-06,2,"[-1.0, 0, 2.8162222222222217, 0, 1]",0.0
2.8213333333333326,0,-0.09977734320987652,0.00677115913130315,-0.0022312472495703197,1,"[-1.0, 0, 2.8213333333333326, 0, 1]",0.0
2.8213333333333326,1,0.1107400164609053,-0.007087432564001824,1.7878093911166855e-06,2,"[-1.0, 0, 2.8213333333333326, 0, 1]",0.0
2.8264444444444443,0,-0.0999377122085048,0.006798534859440125,-0.0022460745882897813,1,"[-1.0, 0, 2.8264444444444443, 0, 1]",0.0
2.8264444444444443,1,0.11100729812528576,-0.007113366699854967,1.7011615634332077e-06,2,"[-1.0, 0, 2.8264444444444443, 0, 1]",0.0
2.831555555555555,0,-0.10009837146776404,0.006825992628131889,-0.0022609967827699516,1,"[-1.0, 0, 2.831555555555555, 0, 1]",0.0
2.831555555555555,1,0.11127506355738452,-0.007139371937522258,1.6163349682133971e-06,2,"[-1.0, 0, 2.831555555555555, 0, 1]",0.0
2.836666666666666,0,-0.1002593209876543,0.006853532585733879,-0.002276014361681011,1,"[-1.0, 0, 2.836666666666666, 0, 1]",0.0
2.836666666666666,1,0.1115433127572016,-0.007165448405578414,1.5333546475510863e-06,2,"[-1.0, 0, 2.836666666666666, 0, 1]",0.0
2.8417777777777777,0,-0.10042056076817557,0.006881154880601533,-0.0022911278560906506,1,"[-1.0, 0, 2.8417777777777777, 0, 1]",0.0
2.8417777777777777,1,0.11181204572473706,-0.007191596232598147,1.4522458180658664e-06,2,"[-1.0, 0, 2.8417777777777777, 0, 1]",0.0
2.8468888888888886,0,-0.10058209080932784,0.006908859661090278,-0.002306337799471879,1,"[-1.0, 0, 2.8468888888888886, 0, 1]",0.0
2.8468888888888886,1,0.11208126245999082,-0.007217815547156156,1.373033871599795e-06,2,"[-1.0, 0, 2.8468888888888886, 0, 1]",0.0
2.8519999999999994,0,-0.1007439111111111,0.006936647075555552,-0.002321644727710857,1,"[-1.0, 0, 2.8519999999999994, 0, 1]",0.0
2.8519999999999994,1,0.11235096296296293,-0.007244106477827158,1.295744375915623e-06,2,"[-1.0, 0, 2.8519999999999994, 0, 1]",0.0
2.8571111111111103,0,-0.10090602167352535,0.006964517272352787,-0.0023370491791147264,1,"[-1.0, 0, 2.8571111111111103, 0, 1]",0.0
2.8571111111111103,1,0.11262114723365335,-0.007270469153185858,1.2204030754049949e-06,2,"[-1.0, 0, 2.8571111111111103, 0, 1]",0.0
2.862222222222222,0,-0.10106842249657064,0.006992470399837421,-0.002352551694419473,1,"[-1.0, 0, 2.862222222222222, 0, 1]",0.0
2.862222222222222,1,0.11289181527206217,-0.007296903701806972,1.1470358917890604e-06,2,"[-1.0, 0, 2.862222222222222, 0, 1]",0.0
2.867333333333333,0,-0.10123111358024689,0.00702050660636488,-0.00236815281679778,1,"[-1.0, 0, 2.867333333333333, 0, 1]",0.0
2.867333333333333,1,0.11316296707818926,-0.007323410252265201,1.0756689248236397e-06,2,"[-1.0, 0, 2.867333333333333, 0, 1]",0.0
2.8724444444444437,0,-0.10139409492455415,0.007048626040290602,-0.002383853091866924,1,"[-1.0, 0, 2.8724444444444437, 0, 1]",0.0
2.8724444444444437,1,0.1134346026520347,-0.007349988933135256,1.006328453007424e-06,2,"[-1.0, 0, 2.8724444444444437, 0, 1]",0.0
2.8775555555555554,0,-0.10155736652949245,0.0070768288499700235,-0.0023996530676966624,1,"[-1.0, 0, 2.8775555555555554, 0, 1]",0.0
2.8775555555555554,1,0.11370672199359852,-0.007376639872991852,9.390409342877916e-07,2,"[-1.0, 0, 2.8775555555555554, 0, 1]",0.0
2.8826666666666663,0,-0.10172092839506172,0.00710511518375857,-0.0024155532948171386,1,"[-1.0, 0, 2.8826666666666663, 0, 1]",0.0
2.8826666666666663,1,0.11397932510288063,-0.007403363200409691,8.738330067696587e-07,2,"[-1.0, 0, 2.8826666666666663, 0, 1]",0.0
2.887777777777777,0,-0.10188478052126199,0.007133485190011681,-0.0024315543262268154,1,"[-1.0, 0, 2.887777777777777, 0, 1]",0.0
2.887777777777777,1,0.11425241197988108,-0.007430159043963484,8.107314894282344e-07,2,"[-1.0, 0, 2.887777777777777, 0, 1]",0.0
2.892888888888889,0,-0.10204892290809327,0.007161939017084793,-0.0024476567174004085,1,"[-1.0, 0, 2.892888888888889, 0, 1]",0.0
2.892888888888889,1,0.1145259826245999,-0.0074570275322279455,7.497633828163538e-07,2,"[-1.0, 0, 2.892888888888889, 0, 1]",0.0
2.8979999999999997,0,-0.10221335555555554,0.007190476813333331,-0.00246386102629683,1,"[-1.0, 0, 2.8979999999999997, 0, 1]",0.0
2.8979999999999997,1,0.114800037037037,-0.007483968793777776,6.909558697802687e-07,2,"[-1.0, 0, 2.8979999999999997, 0, 1]",0.0
2.9031111111111105,0,-0.10237807846364883,0.007219098727112734,-0.002480167813367169,1,"[-1.0, 0, 2.9031111111111105, 0, 1]",0.0
2.9031111111111105,1,0.11507457521719247,-0.007510982957187689,6.343363161743533e-07,2,"[-1.0, 0, 2.9031111111111105, 0, 1]",0.0
2.9082222222222214,0,-0.10254309163237307,0.007247804906778433,-0.0024965776415626566,1,"[-1.0, 0, 2.9082222222222214, 0, 1]",0.0
2.9082222222222214,1,0.11534959716506625,-0.007538070151032392,5.799322715716905e-07,2,"[-1.0, 0, 2.9082222222222214, 0, 1]",0.0
2.913333333333333,0,-0.10270839506172838,0.007276595500685869,-0.002513091076342675,1,"[-1.0, 0, 2.913333333333333, 0, 1]",0.0
2.913333333333333,1,0.11562510288065841,-0.007565230503886601,5.277714699857168e-07,2,"[-1.0, 0, 2.913333333333333, 0, 1]",0.0
2.918444444444444,0,-0.10287398875171466,0.007305470657190465,-0.0025297086856827453,1,"[-1.0, 0, 2.918444444444444, 0, 1]",0.0
2.918444444444444,1,0.11590109236396888,-0.007592464144325015,4.778818305855789e-07,2,"[-1.0, 0, 2.918444444444444, 0, 1]",0.0
2.923555555555555,0,-0.10303987270233195,0.007334430524647661,-0.0025464310400825692,1,"[-1.0, 0, 2.923555555555555, 0, 1]",0.0
2.923555555555555,1,0.11617756561499767,-0.007619771200922348,4.3029145841344194e-07,2,"[-1.0, 0, 2.923555555555555, 0, 1]",0.0
2.9286666666666665,0,-0.10320604691358023,0.0073634752514128935,-0.0025632587125740567,1,"[-1.0, 0, 2.9286666666666665, 0, 1]",0.0
2.9286666666666665,1,0.11645452263374484,-0.007647151802253313,3.8502864510895317e-07,2,"[-1.0, 0, 2.9286666666666665, 0, 1]",0.0
2.9337777777777774,0,-0.10337251138545953,0.007392604985841587,-0.0025801922787293697,1,"[-1.0, 0, 2.9337777777777774, 0, 1]",0.0
2.9337777777777774,1,0.1167319634202103,-0.007674606076892613,3.421218696267672e-07,2,"[-1.0, 0, 2.9337777777777774, 0, 1]",0.0
2.938888888888888,0,-0.10353926611796979,0.00742181987628918,-0.0025972323166689984,1,"[-1.0, 0, 2.938888888888888, 0, 1]",0.0
2.938888888888888,1,0.11700988797439411,-0.007702134153414957,3.015997989642624e-07,2,"[-1.0, 0, 2.938888888888888, 0, 1]",0.0
2.944,0,-0.10370631111111112,0.00745112007111111,-0.002614379407069837,1,"[-1.0, 0, 2.944, 0, 1]",0.0
2.944,1,0.11728829629629628,-0.007729736160395061,2.6349128887776484e-07,2,"[-1.0, 0, 2.944, 0, 1]",0.0
2.949111111111111,0,-0.10387364636488339,0.007480505718662803,-0.002631634133173262,1,"[-1.0, 0, 2.949111111111111, 0, 1]",0.0
2.949111111111111,1,0.11756718838591676,-0.007757412226407625,2.2782538461590257e-07,2,"[-1.0, 0, 2.949111111111111, 0, 1]",0.0
2.9542222222222216,0,-0.10404127187928668,0.007509976967299697,-0.0026489970807932603,1,"[-1.0, 0, 2.9542222222222216, 0, 1]",0.0
2.9542222222222216,1,0.11784656424325557,-0.007785162480027364,1.9463132164081708e-07,2,"[-1.0, 0, 2.9542222222222216, 0, 1]",0.0
2.9593333333333325,0,-0.10420918765432095,0.007539533965377223,-0.0026664688383245343,1,"[-1.0, 0, 2.9593333333333325, 0, 1]",0.0
2.9593333333333325,1,0.1181264238683127,-0.007812987049828985,1.6393852635869857e-07,2,"[-1.0, 0, 2.9593333333333325, 0, 1]",0.0
2.964444444444444,0,-0.10437739368998628,0.007569176861250824,-0.002684049996750648,1,"[-1.0, 0, 2.964444444444444, 0, 1]",0.0
2.964444444444444,1,0.11840676726108823,-0.007840886064387202,1.3577661685032147e-07,2,"[-1.0, 0, 2.964444444444444, 0, 1]",0.0
2.969555555555555,0,-0.10454588998628256,0.007598905803275921,-0.0027017411496521567,1,"[-1.0, 0, 2.969555555555555, 0, 1]",0.0
2.969555555555555,1,0.11868759442158204,-0.007868859652276716,1.1017540359550826e-07,2,"[-1.0, 0, 2.969555555555555, 0, 1]",0.0
2.974666666666666,0,-0.10471467654320984,0.007628720939807952,-0.002719542893214793,1,"[-1.0, 0, 2.974666666666666, 0, 1]",0.0
2.974666666666666,1,0.1189689053497942,-0.007896907942072241,8.716489020973647e-08,2,"[-1.0, 0, 2.974666666666666, 0, 1]",0.0
2.9797777777777776,0,-0.10488375336076816,0.0076586224192023555,-0.0027374558262376314,1,"[-1.0, 0, 2.9797777777777776, 0, 1]",0.0
2.9797777777777776,1,0.11925070004572472,-0.00792503106234849,6.677527417640883e-08,2,"[-1.0, 0, 2.9797777777777776, 0, 1]",0.0
2.9848888888888885,0,-0.10505312043895745,0.007688610389814559,-0.0027554805501412765,1,"[-1.0, 0, 2.9848888888888885, 0, 1]",0.0
2.9848888888888885,1,0.11953297850937354,-0.007953229141680162,4.903694758237598e-08,2,"[-1.0, 0, 2.9848888888888885, 0, 1]",0.0
2.9899999999999993,0,-0.10522277777777775,0.007718684999999996,-0.002773617668976075,1,"[-1.0, 0, 2.9899999999999993, 0, 1]",0.0
2.9899999999999993,1,0.1198157407407407,-0.007981502308641971,3.398049784673722e-08,2,"[-1.0, 0, 2.9899999999999993, 0, 1]",0.0
2.995111111111111,0,-0.10539272537722907,0.007748846398114108,-0.002791867789430338,1,"[-1.0, 0, 2.995111111111111, 0, 1]",0.0
2.995111111111111,1,0.12009898673982625,-0.008009850691808634,2.163670846547054e-08,2,"[-1.0, 0, 2.995111111111111, 0, 1]",0.0
3.000222222222222,0,-0.10556296323731137,0.0077790947325123184,-0.002810231520838557,1,"[-1.0, 0, 3.000222222222222, 0, 1]",0.0
3.000222222222222,1,0.12038271650663007,-0.008038274419754845,1.2036559745871173e-08,2,"[-1.0, 0, 3.000222222222222, 0, 1]",0.0
3.0053333333333327,0,-0.10573349135802468,0.007809430151550063,-0.002828709475189671,1,"[-1.0, 0, 3.0053333333333327, 0, 1]",0.0
3.0053333333333327,1,0.12066693004115223,-0.008066773621055325,5.211229542941703e-09,2,"[-1.0, 0, 3.0053333333333327, 0, 1]",0.0
3.0104444444444436,0,-0.10590430973936897,0.007839852803582781,-0.0028473022671353203,1,"[-1.0, 0, 3.0104444444444436, 0, 1]",0.0
3.0104444444444436,1,0.12095162734339272,-0.008095348424284774,1.1920940096599858e-09,2,"[-1.0, 0, 3.0104444444444436, 0, 1]",0.0
3.0151134457776,0,-0.10606060606060486,0.007867720270968362,-0.0028643876784371324,1,"[-1.0, 0, 3.0151134457776, 0, 1]",0.0
3.0151134457776,1,0.12121212121211919,-0.008121517699064138,-6.505213034913027e-19,2,"[-1.0, 0, 3.0151134457776, 0, 1]",0.0
3.0155555555555553,0,-0.1060754183813443,0.007870362836965907,-0.0028660105139981205,1,"[-1.0, 0, 3.0155555555555553, 0, 1]",0.0
3.0155555555555553,1,0.1212368084133516,-0.008123998958017915,1.0728323611430834e-11,2,"[-1.0, 0, 3.0155555555555553, 0, 1]",0.0
3.020666666666666,0,-0.1062468172839506,0.007900960400054868,-0.0028848348357799498,1,"[-1.0, 0, 3.020666666666666, 0, 1]",0.0
3.020666666666666,1,0.12152247325102877,-0.008152725350829443,1.6989074435452833e-09,2,"[-1.0, 0, 3.020666666666666, 0, 1]",0.0
3.025777777777777,0,-0.10641850644718791,0.007931645641205097,-0.0029037758551702557,1,"[-1.0, 0, 3.025777777777777, 0, 1]",0.0
3.025777777777777,1,0.12180862185642428,-0.008181527731294073,6.288606847499462e-09,2,"[-1.0, 0, 3.025777777777777, 0, 1]",0.0
3.0308888888888887,0,-0.10659048587105624,0.007962418708772035,-0.002922834197554381,1,"[-1.0, 0, 3.0308888888888887, 0, 1]",0.0
3.0308888888888887,1,0.12209525422953817,-0.008210406227986519,1.381200327764745e-08,2,"[-1.0, 0, 3.0308888888888887, 0, 1]",0.0
3.0359999999999996,0,-0.10676275555555553,0.007993279751111108,-0.0029420104910218778,1,"[-1.0, 0, 3.0359999999999996, 0, 1]",0.0
3.0359999999999996,1,0.12238237037037034,-0.008239360969481479,2.4301475490566202e-08,2,"[-1.0, 0, 3.0359999999999996, 0, 1]",0.0
3.0411111111111104,0,-0.10693531550068584,0.008024228916577753,-0.0029613053663748697,1,"[-1.0, 0, 3.0411111111111104, 0, 1]",0.0
3.0411111111111104,1,0.12266997027892085,-0.008268392084353668,3.7789605002950394e-08,2,"[-1.0, 0, 3.0411111111111104, 0, 1]",0.0
3.046222222222222,0,-0.10710816570644718,0.008055266353527409,-0.002980719457136408,1,"[-1.0, 0, 3.046222222222222, 0, 1]",0.0
3.046222222222222,1,0.12295805395518974,-0.008297499701177801,5.4309176839278245e-08,2,"[-1.0, 0, 3.046222222222222, 0, 1]",0.0
3.051333333333333,0,-0.10728130617283949,0.008086392210315497,-0.0030002533995588296,1,"[-1.0, 0, 3.051333333333333, 0, 1]",0.0
3.051333333333333,1,0.12324662139917693,-0.008326683948528575,7.389318028836779e-08,2,"[-1.0, 0, 3.051333333333333, 0, 1]",0.0
3.056444444444444,0,-0.10745473689986279,0.00811760663529746,-0.0030199078326321755,1,"[-1.0, 0, 3.056444444444444, 0, 1]",0.0
3.056444444444444,1,0.12353567261088244,-0.008355944954980706,9.657480964627221e-08,2,"[-1.0, 0, 3.056444444444444, 0, 1]",0.0
3.0615555555555547,0,-0.10762845788751711,0.00814890977682873,-0.0030396833980925676,1,"[-1.0, 0, 3.0615555555555547, 0, 1]",0.0
3.0615555555555547,1,0.1238252075903063,-0.008385282849108904,1.2238746497847397e-07,2,"[-1.0, 0, 3.0615555555555547, 0, 1]",0.0
3.0666666666666664,0,-0.10780246913580246,0.008180301783264744,-0.0030595807404306397,1,"[-1.0, 0, 3.0666666666666664, 0, 1]",0.0
3.0666666666666664,1,0.12411522633744855,-0.008414697759487881,1.5136475286841797e-07,2,"[-1.0, 0, 3.0666666666666664, 0, 1]",0.0
3.0717777777777773,0,-0.10797677064471878,0.008211782802960926,-0.003079600506899949,1,"[-1.0, 0, 3.0717777777777773, 0, 1]",0.0
3.0717777777777773,1,0.12440572885230906,-0.008444189814692337,1.8354048717428469e-07,2,"[-1.0, 0, 3.0717777777777773, 0, 1]",0.0
3.076888888888888,0,-0.1081513624142661,0.008243352984272716,-0.0030997433475254497,1,"[-1.0, 0, 3.076888888888888, 0, 1]",0.0
3.076888888888888,1,0.12469671513488792,-0.008473759143296985,2.1894868978858222e-07,2,"[-1.0, 0, 3.076888888888888, 0, 1]",0.0
3.082,0,-0.10832624444444444,0.008275012475555553,-0.0031200099151119315,1,"[-1.0, 0, 3.082, 0, 1]",0.0
3.082,1,0.12498818518518517,-0.008503405873876541,2.576235913918836e-07,2,"[-1.0, 0, 3.082, 0, 1]",0.0
3.0871111111111107,0,-0.10850141673525376,0.00830676142516486,-0.0031404008652524866,1,"[-1.0, 0, 3.0871111111111107, 0, 1]",0.0
3.0871111111111107,1,0.1252801390032007,-0.008533130135005704,2.9959963221371996e-07,2,"[-1.0, 0, 3.0871111111111107, 0, 1]",0.0
3.0922222222222215,0,-0.10867687928669408,0.008338599981456075,-0.003160916856337019,1,"[-1.0, 0, 3.0922222222222215, 0, 1]",0.0
3.0922222222222215,1,0.12557257658893456,-0.008562932055259187,3.44911462798244e-07,2,"[-1.0, 0, 3.0922222222222215, 0, 1]",0.0
3.0973333333333333,0,-0.10885263209876543,0.008370528292784635,-0.0031815585495607304,1,"[-1.0, 0, 3.0973333333333333, 0, 1]",0.0
3.0973333333333333,1,0.12586549794238683,-0.008592811763211704,3.935939447584011e-07,2,"[-1.0, 0, 3.0973333333333333, 0, 1]",0.0
3.102444444444444,0,-0.10902867517146775,0.008402546507505966,-0.0032023266089326275,1,"[-1.0, 0, 3.102444444444444, 0, 1]",0.0
3.102444444444444,1,0.12615890306355737,-0.008622769387437956,4.456821515431107e-07,2,"[-1.0, 0, 3.102444444444444, 0, 1]",0.0
3.107555555555555,0,-0.10920500850480107,0.008434654773975507,-0.003223221701284075,1,"[-1.0, 0, 3.107555555555555, 0, 1]",0.0
3.107555555555555,1,0.12645279195244624,-0.008652805056512655,5.012113692011953e-07,2,"[-1.0, 0, 3.107555555555555, 0, 1]",0.0
3.112666666666666,0,-0.10938163209876539,0.00846685324054869,-0.0032442444962773173,1,"[-1.0, 0, 3.112666666666666, 0, 1]",0.0
3.112666666666666,1,0.12674716460905344,-0.008682918899010511,5.602170971476944e-07,2,"[-1.0, 0, 3.112666666666666, 0, 1]",0.0
3.1177777777777775,0,-0.10955854595336076,0.008499142055580956,-0.00326539566641405,1,"[-1.0, 0, 3.1177777777777775, 0, 1]",0.0
3.1177777777777775,1,0.12704202103337903,-0.00871311104350624,6.227350489306123e-07,2,"[-1.0, 0, 3.1177777777777775, 0, 1]",0.0
3.1228888888888884,0,-0.1097357500685871,0.008531521367427726,-0.0032866758870439714,1,"[-1.0, 0, 3.1228888888888884, 0, 1]",0.0
3.1228888888888884,1,0.12733736122542294,-0.008743381618574537,6.888011530011354e-07,2,"[-1.0, 0, 3.1228888888888884, 0, 1]",0.0
3.1279999999999992,0,-0.10991324444444442,0.00856399132444444,-0.003308085836373393,1,"[-1.0, 0, 3.1279999999999992, 0, 1]",0.0
3.1279999999999992,1,0.12763318518518513,-0.008773730752790119,7.584515534725736e-07,2,"[-1.0, 0, 3.1279999999999992, 0, 1]",0.0
3.133111111111111,0,-0.11009102908093277,0.008596552074986533,-0.003329626195473825,1,"[-1.0, 0, 3.133111111111111, 0, 1]",0.0
3.133111111111111,1,0.12792949291266573,-0.008804158574727699,8.31722610909226e-07,2,"[-1.0, 0, 3.133111111111111, 0, 1]",0.0
3.138222222222222,0,-0.1102691039780521,0.008629203767409437,-0.0033512976482905892,1,"[-1.0, 0, 3.138222222222222, 0, 1]",0.0
3.138222222222222,1,0.1282262844078646,-0.008834665212961978,9.086509030822865e-07,2,"[-1.0, 0, 3.138222222222222, 0, 1]",0.0
3.1433333333333326,0,-0.11044746913580245,0.008661946550068583,-0.0033731008816514493,1,"[-1.0, 0, 3.1433333333333326, 0, 1]",0.0
3.1433333333333326,1,0.12852355967078186,-0.008865250796067668,9.892732257552397e-07,2,"[-1.0, 0, 3.1433333333333326, 0, 1]",0.0
3.1484444444444444,0,-0.11062612455418382,0.008694780571319413,-0.003395036585275259,1,"[-1.0, 0, 3.1484444444444444, 0, 1]",0.0
3.1484444444444444,1,0.12882131870141747,-0.008895915452619486,1.073626593444104e-06,2,"[-1.0, 0, 3.1484444444444444, 0, 1]",0.0
3.1535555555555552,0,-0.11080507023319615,0.008727705979517348,-0.0034171054517805983,1,"[-1.0, 0, 3.1535555555555552, 0, 1]",0.0
3.1535555555555552,1,0.12911956149977136,-0.008926659311192128,1.1617482402093322e-06,2,"[-1.0, 0, 3.1535555555555552, 0, 1]",0.0
3.158666666666666,0,-0.11098430617283948,0.008760722923017827,-0.0034393081766944692,1,"[-1.0, 0, 3.158666666666666, 0, 1]",0.0
3.158666666666666,1,0.12941828806584357,-0.008957482500360308,1.2536756204216924e-06,2,"[-1.0, 0, 3.158666666666666, 0, 1]",0.0
3.163777777777777,0,-0.11116383237311382,0.008793831550176288,-0.003461645458460966,1,"[-1.0, 0, 3.163777777777777, 0, 1]",0.0
3.163777777777777,1,0.12971749839963415,-0.008988385148698735,1.3494464095485312e-06,2,"[-1.0, 0, 3.163777777777777, 0, 1]",0.0
3.1688888888888886,0,-0.1113436488340192,0.008827032009348165,-0.003484117998449972,1,"[-1.0, 0, 3.1688888888888886, 0, 1]",0.0
3.1688888888888886,1,0.1300171925011431,-0.009019367384782128,1.449098504920955e-06,2,"[-1.0, 0, 3.1688888888888886, 0, 1]",0.0
3.1739999999999995,0,-0.11152375555555555,0.008860324448888887,-0.0035067265009658703,1,"[-1.0, 0, 3.1739999999999995, 0, 1]",0.0
3.1739999999999995,1,0.13031737037037033,-0.009050429337185181,1.5526700265300689e-06,2,"[-1.0, 0, 3.1739999999999995, 0, 1]",0.0
3.1791111111111103,0,-0.11170415253772288,0.008893709017153884,-0.0035294716732562756,1,"[-1.0, 0, 3.1791111111111103, 0, 1]",0.0
3.1791111111111103,1,0.13061803200731592,-0.009081571134482611,1.6601993178006619e-06,2,"[-1.0, 0, 3.1791111111111103, 0, 1]",0.0
3.184222222222222,0,-0.11188483978052126,0.008927185862498601,-0.003552354225520784,1,"[-1.0, 0, 3.184222222222222, 0, 1]",0.0
3.184222222222222,1,0.1309191774119799,-0.00911279290524913,1.7717249463727013e-06,2,"[-1.0, 0, 3.184222222222222, 0, 1]",0.0
3.189333333333333,0,-0.1120658172839506,0.00896075513327846,-0.0035753748709196984,1,"[-1.0, 0, 3.189333333333333, 0, 1]",0.0
3.189333333333333,1,0.1312208065843621,-0.009144094778059438,1.887285704890631e-06,2,"[-1.0, 0, 3.189333333333333, 0, 1]",0.0
3.1944444444444438,0,-0.11224708504801095,0.008994416977848899,-0.003598534325582828,1,"[-1.0, 0, 3.1944444444444438, 0, 1]",0.0
3.1944444444444438,1,0.13152291952446268,-0.009175476881488252,2.0069206117892015e-06,2,"[-1.0, 0, 3.1944444444444438, 0, 1]",0.0
3.1995555555555555,0,-0.11242864307270234,0.00902817154456536,-0.003621833308618259,1,"[-1.0, 0, 3.1995555555555555, 0, 1]",0.0
3.1995555555555555,1,0.13182551623228167,-0.009206939344110281,2.130668912081468e-06,2,"[-1.0, 0, 3.1995555555555555, 0, 1]",0.0
3.2046666666666663,0,-0.11261049135802467,0.009062018981783262,-0.003645272542121136,1,"[-1.0, 0, 3.2046666666666663, 0, 1]",0.0
3.2046666666666663,1,0.1321285967078189,-0.009238482294500227,2.2585700781363807e-06,2,"[-1.0, 0, 3.2046666666666663, 0, 1]",0.0
3.209777777777777,0,-0.11279262990397804,0.009095959437858046,-0.0036688527511825023,1,"[-1.0, 0, 3.209777777777777, 0, 1]",0.0
3.209777777777777,1,0.1324321609510745,-0.009270105861232803,2.390663810488032e-06,2,"[-1.0, 0, 3.209777777777777, 0, 1]",0.0
3.214888888888888,0,-0.11297505871056238,0.009129993061145144,-0.003692574663898101,1,"[-1.0, 0, 3.214888888888888, 0, 1]",0.0
3.214888888888888,1,0.1327362089620484,-0.00930181017288272,2.5269900386054416e-06,2,"[-1.0, 0, 3.214888888888888, 0, 1]",0.0
3.2199999999999998,0,-0.11315777777777777,0.009164119999999998,-0.003716439011377232,1,"[-1.0, 0, 3.2199999999999998, 0, 1]",0.0
3.2199999999999998,1,0.1330407407407407,-0.00933359535802469,2.6675889217022374e-06,2,"[-1.0, 0, 3.2199999999999998, 0, 1]",0.0
3.2251111111111106,0,-0.11334078710562412,0.009198340402778029,-0.0037404465277515787,1,"[-1.0, 0, 3.2251111111111106, 0, 1]",0.0
3.2251111111111106,1,0.1333457562871513,-0.009365461545233413,2.8125008495220524e-06,2,"[-1.0, 0, 3.2251111111111106, 0, 1]",0.0
3.2302222222222214,0,-0.1135240866941015,0.009232654417834673,-0.0037645979501841056,1,"[-1.0, 0, 3.2302222222222214, 0, 1]",0.0
3.2302222222222214,1,0.13365125560128024,-0.009397408863083604,2.9617664431291248e-06,2,"[-1.0, 0, 3.2302222222222214, 0, 1]",0.0
3.235333333333333,0,-0.11370767654320987,0.009267062193525374,-0.0037888940188779262,1,"[-1.0, 0, 3.235333333333333, 0, 1]",0.0
3.235333333333333,1,0.13395723868312753,-0.009429437440149976,3.11542655571451e-06,2,"[-1.0, 0, 3.235333333333333, 0, 1]",0.0
3.240444444444444,0,-0.11389155665294923,0.009301563878205554,-0.0038133354770851858,1,"[-1.0, 0, 3.240444444444444, 0, 1]",0.0
3.240444444444444,1,0.13426370553269315,-0.009461547405007228,3.2735222733892844e-06,2,"[-1.0, 0, 3.240444444444444, 0, 1]",0.0
3.245555555555555,0,-0.11407572702331958,0.009336159620230652,-0.003837923071115996,1,"[-1.0, 0, 3.245555555555555, 0, 1]",0.0
3.245555555555555,1,0.1345706561499771,-0.009493738886230075,3.4360949159768783e-06,2,"[-1.0, 0, 3.245555555555555, 0, 1]",0.0
3.2506666666666657,0,-0.11426018765432094,0.009370849567956098,-0.0038626575503473365,1,"[-1.0, 0, 3.2506666666666657, 0, 1]",0.0
3.2506666666666657,1,0.13487809053497934,-0.009526012012393226,3.6031860378197243e-06,2,"[-1.0, 0, 3.2506666666666657, 0, 1]",0.0
3.2557777777777774,0,-0.11444493854595333,0.009405633869737334,-0.0038875396672320116,1,"[-1.0, 0, 3.2557777777777774, 0, 1]",0.0
3.2557777777777774,1,0.13518600868770003,-0.009558366912071396,3.7748374285819994e-06,2,"[-1.0, 0, 3.2557777777777774, 0, 1]",0.0
3.2608888888888883,0,-0.11462997969821671,0.009440512673929782,-0.0039125701773075755,1,"[-1.0, 0, 3.2608888888888883, 0, 1]",0.0
3.2608888888888883,1,0.13549441060813897,-0.009590803713839283,3.951091114043695e-06,2,"[-1.0, 0, 3.2608888888888883, 0, 1]",0.0
3.265999999999999,0,-0.11481531111111107,0.00947548612888888,-0.003937749839205326,1,"[-1.0, 0, 3.265999999999999, 0, 1]",0.0
3.265999999999999,1,0.13580329629629623,-0.0096233225462716,4.1319893569124674e-06,2,"[-1.0, 0, 3.265999999999999, 0, 1]",0.0
3.271111111111111,0,-0.11500093278463648,0.009510554382970073,-0.003963079414659278,1,"[-1.0, 0, 3.271111111111111, 0, 1]",0.0
3.271111111111111,1,0.1361126657521719,-0.009655923537943062,4.317574657626815e-06,2,"[-1.0, 0, 3.271111111111111, 0, 1]",0.0
3.2762222222222217,0,-0.11518684471879284,0.009545717584528777,-0.003988559668515128,1,"[-1.0, 0, 3.2762222222222217, 0, 1]",0.0
3.2762222222222217,1,0.13642251897576585,-0.00968860681742837,4.507889755153618e-06,2,"[-1.0, 0, 3.2762222222222217, 0, 1]",0.0
3.2813333333333325,0,-0.11537304691358022,0.009580975881920435,-0.004014191368739311,1,"[-1.0, 0, 3.2813333333333325, 0, 1]",0.0
3.2813333333333325,1,0.13673285596707813,-0.009721372513302235,4.702977627810828e-06,2,"[-1.0, 0, 3.2813333333333325, 0, 1]",0.0
3.2864444444444443,0,-0.11555953936899863,0.00961632942350048,-0.004039975286427988,1,"[-1.0, 0, 3.2864444444444443, 0, 1]",0.0
3.2864444444444443,1,0.1370436767261088,-0.009754220754139375,4.902881494059808e-06,2,"[-1.0, 0, 3.2864444444444443, 0, 1]",0.0
3.291555555555555,0,-0.115746322085048,0.009651778357624343,-0.004065912195816084,1,"[-1.0, 0, 3.291555555555555, 0, 1]",0.0
3.291555555555555,1,0.13735498125285778,-0.009787151668514484,5.107644813333225e-06,2,"[-1.0, 0, 3.291555555555555, 0, 1]",0.0
3.296666666666666,0,-0.11593339506172837,0.009687322832647456,-0.004092002874286356,1,"[-1.0, 0, 3.296666666666666, 0, 1]",0.0
3.296666666666666,1,0.13766676954732504,-0.009820165385002282,5.317311286820881e-06,2,"[-1.0, 0, 3.296666666666666, 0, 1]",0.0
3.301777777777777,0,-0.11612075829903976,0.009722962996925258,-0.004118248102378445,1,"[-1.0, 0, 3.301777777777777, 0, 1]",0.0
3.301777777777777,1,0.1379790416095107,-0.009853262032177474,5.531924858314958e-06,2,"[-1.0, 0, 3.301777777777777, 0, 1]",0.0
3.3068888888888885,0,-0.11630841179698215,0.009758698998813186,-0.004144648663797958,1,"[-1.0, 0, 3.3068888888888885, 0, 1]",0.0
3.3068888888888885,1,0.1382917974394147,-0.009886441738614775,5.75152971499281e-06,2,"[-1.0, 0, 3.3068888888888885, 0, 1]",0.0
3.3119999999999994,0,-0.11649635555555554,0.00979453098666666,-0.00417120534542555,1,"[-1.0, 0, 3.3119999999999994, 0, 1]",0.0
3.3119999999999994,1,0.138605037037037,-0.009919704632888885,5.976170288251367e-06,2,"[-1.0, 0, 3.3119999999999994, 0, 1]",0.0
3.3171111111111102,0,-0.11668458957475991,0.009830459108841127,-0.0041979189373260485,1,"[-1.0, 0, 3.3171111111111102, 0, 1]",0.0
3.3171111111111102,1,0.1389187604023776,-0.009953050843574516,6.205891254515514e-06,2,"[-1.0, 0, 3.3171111111111102, 0, 1]",0.0
3.322222222222222,0,-0.11687311385459533,0.009866483513692015,-0.004224790232757566,1,"[-1.0, 0, 3.322222222222222, 0, 1]",0.0
3.322222222222222,1,0.13923296753543665,-0.009986480499246386,6.440737536059921e-06,2,"[-1.0, 0, 3.322222222222222, 0, 1]",0.0
3.327333333333333,0,-0.11706192839506172,0.009902604349574757,-0.004251820028180625,1,"[-1.0, 0, 3.327333333333333, 0, 1]",0.0
3.327333333333333,1,0.13954765843621397,-0.010019993728479192,6.680754301821752e-06,2,"[-1.0, 0, 3.327333333333333, 0, 1]",0.0
3.3324444444444437,0,-0.1172510331961591,0.009938821764844783,-0.004279009123267322,1,"[-1.0, 0, 3.3324444444444437, 0, 1]",0.0
3.3324444444444437,1,0.1398628331047096,-0.010053590659847645,6.925986968224669e-06,2,"[-1.0, 0, 3.3324444444444437, 0, 1]",0.0
3.3375555555555554,0,-0.1174404282578875,0.00997513590785754,-0.0043063583209104915,1,"[-1.0, 0, 3.3375555555555554, 0, 1]",0.0
3.3375555555555554,1,0.1401784915409236,-0.010087271421926466,7.1764811999984815e-06,2,"[-1.0, 0, 3.3375555555555554, 0, 1]",0.0
3.3426666666666662,0,-0.1176301135802469,0.010011546926968446,-0.004333868427232858,1,"[-1.0, 0, 3.3426666666666662, 0, 1]",0.0
3.3426666666666662,1,0.14049463374485593,-0.010121036143290348,7.432282911010949e-06,2,"[-1.0, 0, 3.3426666666666662, 0, 1]",0.0
3.347777777777777,0,-0.11782008916323727,0.010048054970532941,-0.004361540251596258,1,"[-1.0, 0, 3.347777777777777, 0, 1]",0.0
3.347777777777777,1,0.14081125971650657,-0.010154884952514008,7.693438265071392e-06,2,"[-1.0, 0, 3.347777777777777, 0, 1]",0.0
3.352888888888888,0,-0.11801035500685866,0.01008466018690646,-0.0043893746066108325,1,"[-1.0, 0, 3.352888888888888, 0, 1]",0.0
3.352888888888888,1,0.14112836945587556,-0.010188817978172155,7.959993676775069e-06,2,"[-1.0, 0, 3.352888888888888, 0, 1]",0.0
3.3579999999999997,0,-0.1182009111111111,0.010121362724444442,-0.004417372308144244,1,"[-1.0, 0, 3.3579999999999997, 0, 1]",0.0
3.3579999999999997,1,0.14144596296296294,-0.010222835348839505,8.231995812319794e-06,2,"[-1.0, 0, 3.3579999999999997, 0, 1]",0.0
3.3631111111111105,0,-0.1183917574759945,0.010158162731502307,-0.004445534175330902,1,"[-1.0, 0, 3.3631111111111105, 0, 1]",0.0
3.3631111111111105,1,0.1417640402377686,-0.01025693719309075,8.509491590339043e-06,2,"[-1.0, 0, 3.3631111111111105, 0, 1]",0.0
3.3682222222222213,0,-0.11858289410150888,0.010195060356435495,-0.00447386103058123,1,"[-1.0, 0, 3.3682222222222213, 0, 1]",0.0
3.3682222222222213,1,0.1420826012802926,-0.010291123639500613,8.79252818272204e-06,2,"[-1.0, 0, 3.3682222222222213, 0, 1]",0.0
3.373333333333333,0,-0.11877432098765431,0.01023205574759945,-0.004502353699590927,1,"[-1.0, 0, 3.373333333333333, 0, 1]",0.0
3.373333333333333,1,0.14240164609053496,-0.010325394816643803,9.081153015453366e-06,2,"[-1.0, 0, 3.373333333333333, 0, 1]",0.0
3.378444444444444,0,-0.11896603813443071,0.010269149053349587,-0.004531013011350205,1,"[-1.0, 0, 3.378444444444444, 0, 1]",0.0
3.378444444444444,1,0.1427211746684956,-0.01035975085309502,9.375413769438252e-06,2,"[-1.0, 0, 3.378444444444444, 0, 1]",0.0
3.3835555555555548,0,-0.1191580455418381,0.010306340422041347,-0.00455983979815313,1,"[-1.0, 0, 3.3835555555555548, 0, 1]",0.0
3.3835555555555548,1,0.14304118701417462,-0.010394191877428977,9.675358381343053e-06,2,"[-1.0, 0, 3.3835555555555548, 0, 1]",0.0
3.3886666666666665,0,-0.11935034320987654,0.010343630002030178,-0.004588834895606906,1,"[-1.0, 0, 3.3886666666666665, 0, 1]",0.0
3.3886666666666665,1,0.14336168312757203,-0.01042871801822039,9.981035044417073e-06,2,"[-1.0, 0, 3.3886666666666665, 0, 1]",0.0
3.3937777777777773,0,-0.11954293113854594,0.01038101794167149,-0.004617999142641166,1,"[-1.0, 0, 3.3937777777777773, 0, 1]",0.0
3.3937777777777773,1,0.14368266300868765,-0.01046332940404396,1.0292492209329138e-05,2,"[-1.0, 0, 3.3937777777777773, 0, 1]",0.0
3.398888888888888,0,-0.11973580932784633,0.010418504389320727,-0.004647333381517344,1,"[-1.0, 0, 3.398888888888888, 0, 1]",0.0
3.398888888888888,1,0.14400412665752166,-0.010498026163474398,1.060977858502541e-05,2,"[-1.0, 0, 3.398888888888888, 0, 1]",0.0
3.404,0,-0.11992897777777778,0.010456089493333333,-0.004676838457838015,1,"[-1.0, 0, 3.404, 0, 1]",0.0
3.404,1,0.14432607407407405,-0.01053280842508642,1.0932943139537344e-05,2,"[-1.0, 0, 3.404, 0, 1]",0.0
3.4091111111111108,0,-0.12012243648834017,0.010493773402064723,-0.004706515220556215,1,"[-1.0, 0, 3.4091111111111108, 0, 1]",0.0
3.4091111111111108,1,0.14464850525834472,-0.01056767631745472,1.12620351008395e-05,2,"[-1.0, 0, 3.4091111111111108, 0, 1]",0.0
3.4142222222222216,0,-0.12031618545953358,0.010531556263870341,-0.004736364521984872,1,"[-1.0, 0, 3.4142222222222216, 0, 1]",0.0
3.4142222222222216,1,0.14497142021033374,-0.01060262996915402,1.1597103957680481e-05,2,"[-1.0, 0, 3.4142222222222216, 0, 1]",0.0
3.4193333333333324,0,-0.12051022469135798,0.010569438227105616,-0.004766387217806151,1,"[-1.0, 0, 3.4193333333333324, 0, 1]",0.0
3.4193333333333324,1,0.1452948189300411,-0.010637669508759023,1.193819946043121e-05,2,"[-1.0, 0, 3.4193333333333324, 0, 1]",0.0
3.4244444444444433,0,-0.1207045541838134,0.01060741944012599,-0.004796584167080888,1,"[-1.0, 0, 3.4244444444444433, 0, 1]",0.0
3.4244444444444433,1,0.14561870141746677,-0.010672795064844443,1.2285371621921937e-05,2,"[-1.0, 0, 3.4244444444444433, 0, 1]",0.0
3.429555555555554,0,-0.1208991739368998,0.010645500051286887,-0.004826956232257974,1,"[-1.0, 0, 3.429555555555554, 0, 1]",0.0
3.429555555555554,1,0.14594306767261078,-0.010708006765984986,1.2638670718290515e-05,2,"[-1.0, 0, 3.429555555555554, 0, 1]",0.0
3.4346666666666668,0,-0.12109408395061728,0.010683680208943757,-0.004857504279183825,1,"[-1.0, 0, 3.4346666666666668, 0, 1]",0.0
3.4346666666666668,1,0.14626791769547326,-0.010743304740755372,1.299814728982938e-05,2,"[-1.0, 0, 3.4346666666666668, 0, 1]",0.0
3.4397777777777776,0,-0.1212892842249657,0.010721960061452011,-0.004888229177111769,1,"[-1.0, 0, 3.4397777777777776, 0, 1]",0.0
3.4397777777777776,1,0.14659325148605393,-0.01077868911773029,1.3363852141819958e-05,2,"[-1.0, 0, 3.4397777777777776, 0, 1]",0.0
3.4448888888888884,0,-0.12148477475994511,0.010760339757167095,-0.0049191317987115745,1,"[-1.0, 0, 3.4448888888888884, 0, 1]",0.0
3.4448888888888884,1,0.14691906904435298,-0.010814160025484458,1.3735836345400449e-05,2,"[-1.0, 0, 3.4448888888888884, 0, 1]",0.0
3.4499999999999993,0,-0.12168055555555553,0.010798819444444439,-0.004950213020078871,1,"[-1.0, 0, 3.4499999999999993, 0, 1]",0.0
3.4499999999999993,1,0.14724537037037033,-0.010849717592592588,1.4114151238391135e-05,2,"[-1.0, 0, 3.4499999999999993, 0, 1]",0.0
3.45511111111111,0,-0.12187662661179693,0.010837399271639476,-0.0049814737207446586,1,"[-1.0, 0, 3.45511111111111, 0, 1]",0.0
3.45511111111111,1,0.14757215546410601,-0.010885361947629384,1.4498848426168238e-05,2,"[-1.0, 0, 3.45511111111111, 0, 1]",0.0
3.460222222222221,0,-0.12207298792866936,0.010876079387107647,-0.00501291478368481,1,"[-1.0, 0, 3.460222222222221, 0, 1]",0.0
3.460222222222221,1,0.14789942432556002,-0.010921093219169562,1.4889979782495288e-05,2,"[-1.0, 0, 3.460222222222221, 0, 1]",0.0
3.4653333333333336,0,-0.12226963950617285,0.010914859939204394,-0.005044537095329581,1,"[-1.0, 0, 3.4653333333333336, 0, 1]",0.0
3.4653333333333336,1,0.14822717695473253,-0.010956911535787841,1.5287597450395693e-05,2,"[-1.0, 0, 3.4653333333333336, 0, 1]",0.0
3.4704444444444444,0,-0.12246658134430727,0.010953741076285118,-0.005076341545573106,1,"[-1.0, 0, 3.4704444444444444, 0, 1]",0.0
3.4704444444444444,1,0.1485554133516232,-0.0109928170260589,1.5691753842984966e-05,2,"[-1.0, 0, 3.4704444444444444, 0, 1]",0.0
3.4755555555555553,0,-0.1226638134430727,0.010992722946705275,-0.005108329027783015,1,"[-1.0, 0, 3.4755555555555553, 0, 1]",0.0
3.4755555555555553,1,0.14888413351623225,-0.011028809818557469,1.6102501644345464e-05,2,"[-1.0, 0, 3.4755555555555553, 0, 1]",0.0
3.480666666666666,0,-0.12286133580246912,0.011031805698820299,-0.005140500438809934,1,"[-1.0, 0, 3.480666666666666, 0, 1]",0.0
3.480666666666666,1,0.14921333744855964,-0.011064890041858249,1.6519893810373366e-05,2,"[-1.0, 0, 3.480666666666666, 0, 1]",0.0
3.485777777777777,0,-0.12305914842249653,0.011070989480985616,-0.005172856678997067,1,"[-1.0, 0, 3.485777777777777, 0, 1]",0.0
3.485777777777777,1,0.14954302514860535,-0.011101057824535954,1.6943983569632157e-05,2,"[-1.0, 0, 3.485777777777777, 0, 1]",0.0
3.490888888888888,0,-0.12325725130315496,0.011110274441556664,-0.005205398652189794,1,"[-1.0, 0, 3.490888888888888, 0, 1]",0.0
3.490888888888888,1,0.1498731966163694,-0.011137313295165296,1.7374824424221287e-05,2,"[-1.0, 0, 3.490888888888888, 0, 1]",0.0
3.4959999999999987,0,-0.1234556444444444,0.011149660728888879,-0.005238127265745263,1,"[-1.0, 0, 3.4959999999999987, 0, 1]",0.0
3.4959999999999987,1,0.15020385185185176,-0.011173656582320977,1.7812470150639637e-05,2,"[-1.0, 0, 3.4959999999999987, 0, 1]",0.0
3.5011111111111113,0,-0.12365432784636489,0.011189148491337703,-0.005271043430542008,1,"[-1.0, 0, 3.5011111111111113, 0, 1]",0.0
3.5011111111111113,1,0.15053499085505256,-0.011210087814577724,1.825697480062902e-05,2,"[-1.0, 0, 3.5011111111111113, 0, 1]",0.0
3.506222222222222,0,-0.12385330150891632,0.011228737877258546,-0.005304148060989547,1,"[-1.0, 0, 3.506222222222222, 0, 1]",0.0
3.506222222222222,1,0.15086661362597165,-0.01124660712051022,1.8708392702059765e-05,2,"[-1.0, 0, 3.506222222222222, 0, 1]",0.0
3.511333333333333,0,-0.12405256543209875,0.011268429035006855,-0.005337442075038075,1,"[-1.0, 0, 3.511333333333333, 0, 1]",0.0
3.511333333333333,1,0.151198720164609,-0.011283214628693184,1.9166778459773354e-05,2,"[-1.0, 0, 3.511333333333333, 0, 1]",0.0
3.516444444444444,0,-0.12425211961591218,0.011308222112938063,-0.005370926394188093,1,"[-1.0, 0, 3.516444444444444, 0, 1]",0.0
3.516444444444444,1,0.15153131047096474,-0.011319910467701328,1.9632186956467564e-05,2,"[-1.0, 0, 3.516444444444444, 0, 1]",0.0
3.5215555555555547,0,-0.12445196406035662,0.011348117259407603,-0.005404601943500069,1,"[-1.0, 0, 3.5215555555555547, 0, 1]",0.0
3.5215555555555547,1,0.1518643845450388,-0.011356694766109359,2.0104673353548222e-05,2,"[-1.0, 0, 3.5215555555555547, 0, 1]",0.0
3.5266666666666655,0,-0.12465209876543205,0.011388114622770909,-0.005438469651604141,1,"[-1.0, 0, 3.5266666666666655, 0, 1]",0.0
3.5266666666666655,1,0.15219794238683118,-0.011393567652491988,2.0584293092000463e-05,2,"[-1.0, 0, 3.5266666666666655, 0, 1]",0.0
3.5317777777777764,0,-0.12485252373113849,0.011428214351383416,-0.005472530450709801,1,"[-1.0, 0, 3.5317777777777764, 0, 1]",0.0
3.5317777777777764,1,0.15253198399634194,-0.011430529255423925,2.1071101893269974e-05,2,"[-1.0, 0, 3.5317777777777764, 0, 1]",0.0
3.536888888888889,0,-0.125053238957476,0.011468416593600568,-0.005506785276615627,1,"[-1.0, 0, 3.536888888888889, 0, 1]",0.0
3.536888888888889,1,0.1528665093735711,-0.011467579703479891,2.156515576011344e-05,2,"[-1.0, 0, 3.536888888888889, 0, 1]",0.0
3.542,0,-0.12525424444444444,0.011508721497777775,-0.005541235068718961,1,"[-1.0, 0, 3.542, 0, 1]",0.0
3.542,1,0.1532015185185185,-0.011504719125234566,2.206651097748846e-05,2,"[-1.0, 0, 3.542, 0, 1]",0.0
3.5471111111111107,0,-0.12545554019204389,0.011549129212270482,-0.005575880770025717,1,"[-1.0, 0, 3.5471111111111107, 0, 1]",0.0
3.5471111111111107,1,0.15353701143118426,-0.011541947649262677,2.25752241134183e-05,2,"[-1.0, 0, 3.5471111111111107, 0, 1]",0.0
3.5522222222222215,0,-0.1256571262002743,0.011589639885434124,-0.005610723327160091,1,"[-1.0, 0, 3.5522222222222215, 0, 1]",0.0
3.5522222222222215,1,0.1538729881115683,-0.011579265404138929,2.3091352019857965e-05,2,"[-1.0, 0, 3.5522222222222215, 0, 1]",0.0
3.5573333333333323,0,-0.12585900246913578,0.011630253665624134,-0.005645763690374345,1,"[-1.0, 0, 3.5573333333333323, 0, 1]",0.0
3.5573333333333323,1,0.15420944855967073,-0.011616672518438037,2.3614951833589738e-05,2,"[-1.0, 0, 3.5573333333333323, 0, 1]",0.0
3.562444444444443,0,-0.1260611689986282,0.011670970701195944,-0.005681002813558576,1,"[-1.0, 0, 3.562444444444443, 0, 1]",0.0
3.562444444444443,1,0.15454639277549143,-0.0116541691207347,2.414608097708274e-05,2,"[-1.0, 0, 3.562444444444443, 0, 1]",0.0
3.567555555555556,0,-0.12626362578875172,0.011711791140505004,-0.005716441654250544,1,"[-1.0, 0, 3.567555555555556, 0, 1]",0.0
3.567555555555556,1,0.15488382075903062,-0.011691755339603652,2.468479715938025e-05,2,"[-1.0, 0, 3.567555555555556, 0, 1]",0.0
3.5726666666666667,0,-0.12646637283950618,0.011752715131906722,-0.005752081173645425,1,"[-1.0, 0, 3.5726666666666667, 0, 1]",0.0
3.5726666666666667,1,0.15522173251028806,-0.01172943130361957,2.5231158376975288e-05,2,"[-1.0, 0, 3.5726666666666667, 0, 1]",0.0
3.5777777777777775,0,-0.12666941015089161,0.01179374282375654,-0.005787922336605699,1,"[-1.0, 0, 3.5777777777777775, 0, 1]",0.0
3.5777777777777775,1,0.1555601280292638,-0.011767197141357176,2.5785222914687968e-05,2,"[-1.0, 0, 3.5777777777777775, 0, 1]",0.0
3.5828888888888883,0,-0.12687273772290808,0.011834874364409892,-0.005823966111670959,1,"[-1.0, 0, 3.5828888888888883, 0, 1]",0.0
3.5828888888888883,1,0.1558990073159579,-0.011805052981391177,2.634704934655844e-05,2,"[-1.0, 0, 3.5828888888888883, 0, 1]",0.0
3.587999999999999,0,-0.12707635555555552,0.011876109902222216,-0.005860213471067766,1,"[-1.0, 0, 3.587999999999999, 0, 1]",0.0
3.587999999999999,1,0.1562383703703703,-0.01184299895229629,2.691669653670948e-05,2,"[-1.0, 0, 3.587999999999999, 0, 1]",0.0
3.59311111111111,0,-0.127280263648834,0.011917449585548943,-0.005896665390719516,1,"[-1.0, 0, 3.59311111111111, 0, 1]",0.0
3.59311111111111,1,0.15657821719250106,-0.011881035182647217,2.7494223640264163e-05,2,"[-1.0, 0, 3.59311111111111, 0, 1]",0.0
3.598222222222221,0,-0.12748446200274344,0.011958893562745505,-0.0059333228502563215,1,"[-1.0, 0, 3.598222222222221, 0, 1]",0.0
3.598222222222221,1,0.15691854778235015,-0.011919161801018669,2.807969010419544e-05,2,"[-1.0, 0, 3.598222222222221, 0, 1]",0.0
3.6033333333333335,0,-0.12768895061728397,0.012000441982167352,-0.005970186833024925,1,"[-1.0, 0, 3.6033333333333335, 0, 1]",0.0
3.6033333333333335,1,0.1572593621399177,-0.011957378935985368,2.8673155668237742e-05,2,"[-1.0, 0, 3.6033333333333335, 0, 1]",0.0
3.6084444444444443,0,-0.12789372949245542,0.012042094992169891,-0.006007258326098554,1,"[-1.0, 0, 3.6084444444444443, 0, 1]",0.0
3.6084444444444443,1,0.15760066026520345,-0.011995686716121997,2.9274680365761266e-05,2,"[-1.0, 0, 3.6084444444444443, 0, 1]",0.0
3.613555555555555,0,-0.12809879862825788,0.012083852741108568,-0.006044538320286916,1,"[-1.0, 0, 3.613555555555555, 0, 1]",0.0
3.613555555555555,1,0.15794244215820757,-0.01203408527000328,2.988432452467188e-05,2,"[-1.0, 0, 3.613555555555555, 0, 1]",0.0
3.618666666666666,0,-0.12830415802469133,0.012125715377338813,-0.006082027810146093,1,"[-1.0, 0, 3.618666666666666, 0, 1]",0.0
3.618666666666666,1,0.15828470781893,-0.012072574726203926,3.0502148768289314e-05,2,"[-1.0, 0, 3.618666666666666, 0, 1]",0.0
3.623777777777777,0,-0.1285098076817558,0.012167683049216067,-0.006119727793988505,1,"[-1.0, 0, 3.623777777777777, 0, 1]",0.0
3.623777777777777,1,0.15862745724737076,-0.012111155213298645,3.112821401625443e-05,2,"[-1.0, 0, 3.623777777777777, 0, 1]",0.0
3.6288888888888877,0,-0.12871574759945126,0.012209755905095758,-0.006157639273892866,1,"[-1.0, 0, 3.6288888888888877, 0, 1]",0.0
3.6288888888888877,1,0.15897069044352985,-0.01214982685986214,3.176258148541132e-05,2,"[-1.0, 0, 3.6288888888888877, 0, 1]",0.0
3.6339999999999986,0,-0.12892197777777772,0.01225193409333332,-0.006195763255714181,1,"[-1.0, 0, 3.6339999999999986, 0, 1]",0.0
3.6339999999999986,1,0.15931440740740732,-0.012188589794469122,3.240531269071197e-05,2,"[-1.0, 0, 3.6339999999999986, 0, 1]",0.0
3.639111111111111,0,-0.12912849821673528,0.012294217762284204,-0.0062341007490937395,1,"[-1.0, 0, 3.639111111111111, 0, 1]",0.0
3.639111111111111,1,0.1596586081390032,-0.01222744414569432,3.305646944608623e-05,2,"[-1.0, 0, 3.639111111111111, 0, 1]",0.0
3.644222222222222,0,-0.12933530891632372,0.012336607060303813,-0.006272652767469073,1,"[-1.0, 0, 3.644222222222222, 0, 1]",0.0
3.644222222222222,1,0.1600032926383173,-0.012266390042112413,3.3716113865375937e-05,2,"[-1.0, 0, 3.644222222222222, 0, 1]",0.0
3.649333333333333,0,-0.1295424098765432,0.012379102135747595,-0.006311420328084061,1,"[-1.0, 0, 3.649333333333333, 0, 1]",0.0
3.649333333333333,1,0.16034846090534977,-0.01230542761229812,3.4384308363213587e-05,2,"[-1.0, 0, 3.649333333333333, 0, 1]",0.0
3.6544444444444437,0,-0.12974980109739365,0.012421703136970982,-0.006350404451998909,1,"[-1.0, 0, 3.6544444444444437, 0, 1]",0.0
3.6544444444444437,1,0.16069411294010053,-0.012344556984826156,3.5061115655908755e-05,2,"[-1.0, 0, 3.6544444444444437, 0, 1]",0.0
3.6595555555555546,0,-0.12995748257887513,0.012464410212329415,-0.006389606164100226,1,"[-1.0, 0, 3.6595555555555546, 0, 1]",0.0
3.6595555555555546,1,0.16104024874256967,-0.012383778288271224,3.574659876238399e-05,2,"[-1.0, 0, 3.6595555555555546, 0, 1]",0.0
3.6646666666666654,0,-0.13016545432098758,0.012507223510178314,-0.006429026493111058,1,"[-1.0, 0, 3.6646666666666654, 0, 1]",0.0
3.6646666666666654,1,0.16138686831275711,-0.012423091651208038,3.644082100503869e-05,2,"[-1.0, 0, 3.6646666666666654, 0, 1]",0.0
3.669777777777778,0,-0.13037371632373115,0.012550143178873142,-0.006468666471601022,1,"[-1.0, 0, 3.669777777777778, 0, 1]",0.0
3.669777777777778,1,0.161733971650663,-0.012462497202211317,3.714384601068068e-05,2,"[-1.0, 0, 3.669777777777778, 0, 1]",0.0
3.674888888888889,0,-0.13058226858710562,0.01259316936676929,-0.006508527135996299,1,"[-1.0, 0, 3.674888888888889, 0, 1]",0.0
3.674888888888889,1,0.16208155875628713,-0.012501995069855746,3.785573771141696e-05,2,"[-1.0, 0, 3.674888888888889, 0, 1]",0.0
3.6799999999999997,0,-0.13079111111111108,0.01263630222222222,-0.006548609526589873,1,"[-1.0, 0, 3.6799999999999997, 0, 1]",0.0
3.6799999999999997,1,0.1624296296296296,-0.012541585382716047,3.857656034556185e-05,2,"[-1.0, 0, 3.6799999999999997, 0, 1]",0.0
3.6851111111111106,0,-0.13100024389574758,0.012679541893587354,-0.006588914687551543,1,"[-1.0, 0, 3.6851111111111106, 0, 1]",0.0
3.6851111111111106,1,0.1627781842706904,-0.01258126826936693,3.9306378458546856e-05,2,"[-1.0, 0, 3.6851111111111106, 0, 1]",0.0
3.6902222222222214,0,-0.13120966694101505,0.012722888529220131,-0.006629443666938115,1,"[-1.0, 0, 3.6902222222222214, 0, 1]",0.0
3.6902222222222214,1,0.16312722267946952,-0.0126210438583831,4.004525690382444e-05,2,"[-1.0, 0, 3.6902222222222214, 0, 1]",0.0
3.6953333333333322,0,-0.13141938024691352,0.012766342277475985,-0.006670197516703528,1,"[-1.0, 0, 3.6953333333333322, 0, 1]",0.0
3.6953333333333322,1,0.163476744855967,-0.012660912278339268,4.079326084378658e-05,2,"[-1.0, 0, 3.6953333333333322, 0, 1]",0.0
3.700444444444443,0,-0.13162938381344302,0.012809903286710347,-0.006711177292709028,1,"[-1.0, 0, 3.700444444444443, 0, 1]",0.0
3.700444444444443,1,0.1638267508001828,-0.012700873657810146,4.155045575065901e-05,2,"[-1.0, 0, 3.700444444444443, 0, 1]",0.0
3.7055555555555557,0,-0.13183967764060356,0.012853571705278668,-0.006752384054733346,1,"[-1.0, 0, 3.7055555555555557, 0, 1]",0.0
3.7055555555555557,1,0.16417724051211707,-0.012740928125370456,4.2316907407436224e-05,2,"[-1.0, 0, 3.7055555555555557, 0, 1]",0.0
3.7106666666666666,0,-0.13205026172839507,0.012897347681536348,-0.006793818866482848,1,"[-1.0, 0, 3.7106666666666666, 0, 1]",0.0
3.7106666666666666,1,0.16452821399176953,-0.012781075809594877,4.3092681908773155e-05,2,"[-1.0, 0, 3.7106666666666666, 0, 1]",0.0
3.7157777777777774,0,-0.13226113607681755,0.012941231363838842,-0.006835482795601821,1,"[-1.0, 0, 3.7157777777777774, 0, 1]",0.0
3.7157777777777774,1,0.16487967123914035,-0.012821316839058133,4.387784566191582e-05,2,"[-1.0, 0, 3.7157777777777774, 0, 1]",0.0
3.7208888888888882,0,-0.13247230068587101,0.012985222900541578,-0.006877376913682624,1,"[-1.0, 0, 3.7208888888888882, 0, 1]",0.0
3.7208888888888882,1,0.16523161225422947,-0.012861651342334936,4.4672465387603395e-05,2,"[-1.0, 0, 3.7208888888888882, 0, 1]",0.0
3.725999999999999,0,-0.1326837555555555,0.01302932243999999,-0.006919502296275949,1,"[-1.0, 0, 3.725999999999999, 0, 1]",0.0
3.725999999999999,1,0.16558403703703697,-0.012902079447999992,4.547660812100757e-05,2,"[-1.0, 0, 3.725999999999999, 0, 1]",0.0
3.73111111111111,0,-0.13289550068587103,0.013073530130569517,-0.006961860022901072,1,"[-1.0, 0, 3.73111111111111, 0, 1]",0.0
3.73111111111111,1,0.16593694558756278,-0.012942601284628012,4.629034121261463e-05,2,"[-1.0, 0, 3.73111111111111, 0, 1]",0.0
3.736222222222221,0,-0.1331075360768175,0.013117846120605585,-0.00700445117705609,1,"[-1.0, 0, 3.736222222222221, 0, 1]",0.0
3.736222222222221,1,0.16629033790580694,-0.012983216980793702,4.711373232918828e-05,2,"[-1.0, 0, 3.736222222222221, 0, 1]",0.0
3.7413333333333334,0,-0.13331986172839505,0.013162270558463649,-0.007047276846228245,1,"[-1.0, 0, 3.7413333333333334, 0, 1]",0.0
3.7413333333333334,1,0.16664421399176954,-0.013023926665071787,4.7946849454654286e-05,2,"[-1.0, 0, 3.7413333333333334, 0, 1]",0.0
3.7464444444444442,0,-0.13353247764060355,0.013206803592499108,-0.007090338121904129,1,"[-1.0, 0, 3.7464444444444442, 0, 1]",0.0
3.7464444444444442,1,0.16699857384545036,-0.01306473046603695,4.8789760891045086e-05,2,"[-1.0, 0, 3.7464444444444442, 0, 1]",0.0
3.751555555555555,0,-0.13374538381344303,0.013251445371067415,-0.00713363609958009,1,"[-1.0, 0, 3.751555555555555, 0, 1]",0.0
3.751555555555555,1,0.1673534174668495,-0.013105628512263913,4.964253525941223e-05,2,"[-1.0, 0, 3.751555555555555, 0, 1]",0.0
3.756666666666666,0,-0.13395858024691354,0.013296196042523998,-0.007177171878772481,1,"[-1.0, 0, 3.756666666666666, 0, 1]",0.0
3.756666666666666,1,0.167708744855967,-0.013146620932327381,5.050524150076313e-05,2,"[-1.0, 0, 3.756666666666666, 0, 1]",0.0
3.7617777777777768,0,-0.13417206694101505,0.013341055755224296,-0.00722094656302802,1,"[-1.0, 0, 3.7617777777777768, 0, 1]",0.0
3.7617777777777768,1,0.16806455601280285,-0.013187707854802073,5.1377948876964e-05,2,"[-1.0, 0, 3.7617777777777768, 0, 1]",0.0
3.7668888888888876,0,-0.13438584389574754,0.013386024657523742,-0.0072649612599341214,1,"[-1.0, 0, 3.7668888888888876, 0, 1]",0.0
3.7668888888888876,1,0.168420850937357,-0.013228889408262686,5.226072697169827e-05,2,"[-1.0, 0, 3.7668888888888876, 0, 1]",0.0
3.7720000000000002,0,-0.13459991111111114,0.01343110289777778,-0.007309217081129282,1,"[-1.0, 0, 3.7720000000000002, 0, 1]",0.0
3.7720000000000002,1,0.16877762962962964,-0.013270165721283951,5.315364569136779e-05,2,"[-1.0, 0, 3.7720000000000002, 0, 1]",0.0
3.777111111111111,0,-0.13481426858710563,0.013476290624341818,-0.007353715142313389,1,"[-1.0, 0, 3.777111111111111, 0, 1]",0.0
3.777111111111111,1,0.16913489208962046,-0.01331153692244055,5.405677526603477e-05,2,"[-1.0, 0, 3.777111111111111, 0, 1]",0.0
3.782222222222222,0,-0.13502891632373112,0.013521587985571301,-0.007398456563258203,1,"[-1.0, 0, 3.782222222222222, 0, 1]",0.0
3.782222222222222,1,0.16949263831732964,-0.013353003140307199,5.4970186250362894e-05,2,"[-1.0, 0, 3.782222222222222, 0, 1]",0.0
3.7873333333333328,0,-0.13524385432098762,0.01356699512982167,-0.007443442467817705,1,"[-1.0, 0, 3.7873333333333328, 0, 1]",0.0
3.7873333333333328,1,0.16985086831275717,-0.013394564503458615,5.5893949524525414e-05,2,"[-1.0, 0, 3.7873333333333328, 0, 1]",0.0
3.7924444444444436,0,-0.13545908257887512,0.01361251220544835,-0.007488673983938508,1,"[-1.0, 0, 3.7924444444444436, 0, 1]",0.0
3.7924444444444436,1,0.170209582075903,-0.013436221140469502,5.6828136295155804e-05,2,"[-1.0, 0, 3.7924444444444436, 0, 1]",0.0
3.7975555555555545,0,-0.13567460109739365,0.013658139360806777,-0.007534152243670312,1,"[-1.0, 0, 3.7975555555555545, 0, 1]",0.0
3.7975555555555545,1,0.17056877960676717,-0.013477973179914568,5.7772818096285365e-05,2,"[-1.0, 0, 3.7975555555555545, 0, 1]",0.0
3.8026666666666653,0,-0.13589040987654316,0.01370387674425239,-0.007579878383176334,1,"[-1.0, 0, 3.8026666666666653, 0, 1]",0.0
3.8026666666666653,1,0.1709284609053497,-0.013519820750368531,5.872806679026437e-05,2,"[-1.0, 0, 3.8026666666666653, 0, 1]",0.0
3.807777777777778,0,-0.13610650891632375,0.01374972450414063,-0.007625853542743786,1,"[-1.0, 0, 3.807777777777778, 0, 1]",0.0
3.807777777777778,1,0.17128862597165065,-0.013561763980406105,5.9693954568717025e-05,2,"[-1.0, 0, 3.807777777777778, 0, 1]",0.0
3.8128888888888888,0,-0.13632289821673527,0.013795682788826907,-0.007672078866794285,1,"[-1.0, 0, 3.8128888888888888, 0, 1]",0.0
3.8128888888888888,1,0.17164927480566985,-0.013603802998601974,6.067055395346348e-05,2,"[-1.0, 0, 3.8128888888888888, 0, 1]",0.0
3.8179999999999996,0,-0.13653957777777775,0.013841751746666662,-0.007718555503894435,1,"[-1.0, 0, 3.8179999999999996, 0, 1]",0.0
3.8179999999999996,1,0.1720104074074074,-0.01364593793353086,6.165793779747304e-05,2,"[-1.0, 0, 3.8179999999999996, 0, 1]",0.0
3.8231111111111105,0,-0.13675654759945127,0.013887931526015338,-0.007765284606766272,1,"[-1.0, 0, 3.8231111111111105, 0, 1]",0.0
3.8231111111111105,1,0.17237202377686323,-0.013688168913767475,6.265617928579229e-05,2,"[-1.0, 0, 3.8231111111111105, 0, 1]",0.0
3.8282222222222213,0,-0.1369738076817558,0.013934222275228362,-0.007812267332297779,1,"[-1.0, 0, 3.8282222222222213, 0, 1]",0.0
3.8282222222222213,1,0.17273412391403742,-0.013730496067886528,6.366535193650432e-05,2,"[-1.0, 0, 3.8282222222222213, 0, 1]",0.0
3.833333333333332,0,-0.1371913580246913,0.013980624142661168,-0.007859504841553424,1,"[-1.0, 0, 3.833333333333332, 0, 1]",0.0
3.833333333333332,1,0.17309670781892994,-0.013772919524462721,6.468552960166296e-05,2,"[-1.0, 0, 3.833333333333332, 0, 1]",0.0
3.838444444444443,0,-0.13740919862825782,0.014027137276669195,-0.007906998299784716,1,"[-1.0, 0, 3.838444444444443, 0, 1]",0.0
3.838444444444443,1,0.17345977549154082,-0.013815439412070777,6.571678646822687e-05,2,"[-1.0, 0, 3.838444444444443, 0, 1]",0.0
3.8435555555555556,0,-0.13762732949245543,0.014073761825607886,-0.007954748876440751,1,"[-1.0, 0, 3.8435555555555556, 0, 1]",0.0
3.8435555555555556,1,0.17382332693187014,-0.013858055859285408,6.675919705903099e-05,2,"[-1.0, 0, 3.8435555555555556, 0, 1]",0.0
3.8486666666666665,0,-0.13784575061728394,0.014120497937832646,-0.008002757745178737,1,"[-1.0, 0, 3.8486666666666665, 0, 1]",0.0
3.8486666666666665,1,0.17418736213991767,-0.013900768994681297,6.781283623371204e-05,2,"[-1.0, 0, 3.8486666666666665, 0, 1]",0.0
3.8537777777777773,0,-0.13806446200274347,0.014167345761698922,-0.008051026083874686,1,"[-1.0, 0, 3.8537777777777773, 0, 1]",0.0
3.8537777777777773,1,0.17455188111568354,-0.013943578946833166,6.887777918966956e-05,2,"[-1.0, 0, 3.8537777777777773, 0, 1]",0.0
3.858888888888888,0,-0.13828346364883398,0.014214305445562153,-0.008099555074633922,1,"[-1.0, 0, 3.858888888888888, 0, 1]",0.0
3.858888888888888,1,0.17491688385916773,-0.013986485844315732,6.995410146300347e-05,2,"[-1.0, 0, 3.858888888888888, 0, 1]",0.0
3.863999999999999,0,-0.13850275555555552,0.01426137713777777,-0.008148345903801736,1,"[-1.0, 0, 3.863999999999999, 0, 1]",0.0
3.863999999999999,1,0.17528237037037028,-0.014029489815703695,7.104187892948734e-05,2,"[-1.0, 0, 3.863999999999999, 0, 1]",0.0
3.86911111111111,0,-0.13872233772290804,0.014308560986701201,-0.008197399761973988,1,"[-1.0, 0, 3.86911111111111, 0, 1]",0.0
3.86911111111111,1,0.17564834064929116,-0.01407259098957177,7.21411878054955e-05,2,"[-1.0, 0, 3.86911111111111, 0, 1]",0.0
3.8742222222222225,0,-0.13894221015089164,0.014355857140687905,-0.008246717844007809,1,"[-1.0, 0, 3.8742222222222225, 0, 1]",0.0
3.8742222222222225,1,0.1760147946959305,-0.014115789494494674,7.32521046489798e-05,2,"[-1.0, 0, 3.8742222222222225, 0, 1]",0.0
3.8793333333333333,0,-0.13916237283950617,0.014403265748093278,-0.008296301349032132,1,"[-1.0, 0, 3.8793333333333333, 0, 1]",0.0
3.8793333333333333,1,0.17638173251028805,-0.014159085459047097,7.437470636039584e-05,2,"[-1.0, 0, 3.8793333333333333, 0, 1]",0.0
3.884444444444444,0,-0.13938282578875172,0.014450786957272772,-0.008346151480458515,1,"[-1.0, 0, 3.884444444444444, 0, 1]",0.0
3.884444444444444,1,0.17674915409236394,-0.014202479011803753,7.550907018369964e-05,2,"[-1.0, 0, 3.884444444444444, 0, 1]",0.0
3.889555555555555,0,-0.13960356899862825,0.014498420916581814,-0.008396269445991717,1,"[-1.0, 0, 3.889555555555555, 0, 1]",0.0
3.889555555555555,1,0.17711705944215814,-0.014245970281339356,7.665527370726271e-05,2,"[-1.0, 0, 3.889555555555555, 0, 1]",0.0
3.894666666666666,0,-0.13982460246913575,0.014546167774375849,-0.008446656457640452,1,"[-1.0, 0, 3.894666666666666, 0, 1]",0.0
3.894666666666666,1,0.17748544855967072,-0.014289559396228614,7.781339486486946e-05,2,"[-1.0, 0, 3.894666666666666, 0, 1]",0.0
3.8997777777777767,0,-0.14004592620027428,0.014594027679010304,-0.008497313731728072,1,"[-1.0, 0, 3.8997777777777767, 0, 1]",0.0
3.8997777777777767,1,0.1778543214449016,-0.01433324648504624,7.89835119366358e-05,2,"[-1.0, 0, 3.8997777777777767, 0, 1]",0.0
3.9048888888888875,0,-0.14026754019204385,0.01464200077884061,-0.008548242488903299,1,"[-1.0, 0, 3.9048888888888875, 0, 1]",0.0
3.9048888888888875,1,0.17822367809785084,-0.014377031676366937,8.016570355002129e-05,2,"[-1.0, 0, 3.9048888888888875, 0, 1]",0.0
3.91,0,-0.14048944444444444,0.014690087222222224,-0.008599443954150993,1,"[-1.0, 0, 3.91, 0, 1]",0.0
3.91,1,0.1785935185185185,-0.014420915098765434,8.136004868073733e-05,2,"[-1.0, 0, 3.91, 0, 1]",0.0
3.915111111111111,0,-0.140711638957476,0.014738287157510542,-0.00865091935680283,1,"[-1.0, 0, 3.915111111111111, 0, 1]",0.0
3.915111111111111,1,0.1789638427069044,-0.014464896880816404,8.25666266537602e-05,2,"[-1.0, 0, 3.915111111111111, 0, 1]",0.0
3.920222222222222,0,-0.14093412373113853,0.014786600733061013,-0.008702669930548171,1,"[-1.0, 0, 3.920222222222222, 0, 1]",0.0
3.920222222222222,1,0.17933465066300863,-0.014508977151094577,8.378551714425912e-05,2,"[-1.0, 0, 3.920222222222222, 0, 1]",0.0
3.9253333333333327,0,-0.14115689876543208,0.014835028097229074,-0.008754696913444788,1,"[-1.0, 0, 3.9253333333333327, 0, 1]",0.0
3.9253333333333327,1,0.1797059423868312,-0.014553156038174662,8.501680017858337e-05,2,"[-1.0, 0, 3.9253333333333327, 0, 1]",0.0
3.9304444444444435,0,-0.14137996406035663,0.01488356939837016,-0.008807001547929672,1,"[-1.0, 0, 3.9304444444444435, 0, 1]",0.0
3.9304444444444435,1,0.18007771787837212,-0.014597433670631366,8.626055613522327e-05,2,"[-1.0, 0, 3.9304444444444435, 0, 1]",0.0
3.9355555555555544,0,-0.14160331961591216,0.014932224784839698,-0.008859585080829825,1,"[-1.0, 0, 3.9355555555555544, 0, 1]",0.0
3.9355555555555544,1,0.18044997713763136,-0.014641810177039397,8.751686574578164e-05,2,"[-1.0, 0, 3.9355555555555544, 0, 1]",0.0
3.940666666666665,0,-0.14182696543209872,0.014980994404993127,-0.008912448763373128,1,"[-1.0, 0, 3.940666666666665, 0, 1]",0.0
3.940666666666665,1,0.18082272016460893,-0.014686285685973466,8.878581009593833e-05,2,"[-1.0, 0, 3.940666666666665, 0, 1]",0.0
3.945777777777778,0,-0.1420509015089163,0.015029878407185894,-0.008965593851199152,1,"[-1.0, 0, 3.945777777777778, 0, 1]",0.0
3.945777777777778,1,0.18119594695930497,-0.014730860326008299,9.006747062642855e-05,2,"[-1.0, 0, 3.945777777777778, 0, 1]",0.0
3.9508888888888887,0,-0.14227512784636487,0.015078876939773408,-0.009019021604369981,1,"[-1.0, 0, 3.9508888888888887, 0, 1]",0.0
3.9508888888888887,1,0.18156965752171922,-0.014775534225718572,9.136192913401613e-05,2,"[-1.0, 0, 3.9508888888888887, 0, 1]",0.0
3.9559999999999995,0,-0.1424996444444444,0.015127990151111107,-0.009072733287381137,1,"[-1.0, 0, 3.9559999999999995, 0, 1]",0.0
3.9559999999999995,1,0.1819438518518518,-0.014820307513679007,9.266926777246141e-05,2,"[-1.0, 0, 3.9559999999999995, 0, 1]",0.0
3.9611111111111104,0,-0.14272445130315498,0.015177218189554429,-0.009126730169172446,1,"[-1.0, 0, 3.9611111111111104, 0, 1]",0.0
3.9611111111111104,1,0.1823185299497027,-0.014865180318464316,9.398956905349708e-05,2,"[-1.0, 0, 3.9611111111111104, 0, 1]",0.0
3.966222222222221,0,-0.14294954842249652,0.015226561203458814,-0.009181013523138916,1,"[-1.0, 0, 3.966222222222221, 0, 1]",0.0
3.966222222222221,1,0.18269369181527198,-0.014910152768649217,9.532291584780483e-05,2,"[-1.0, 0, 3.966222222222221, 0, 1]",0.0
3.971333333333332,0,-0.1431749358024691,0.015276019341179687,-0.00923558462714165,1,"[-1.0, 0, 3.971333333333332, 0, 1]",0.0
3.971333333333332,1,0.18306933744855958,-0.014955224992808405,9.666939138601015e-05,2,"[-1.0, 0, 3.971333333333332, 0, 1]",0.0
3.9764444444444447,0,-0.1434006134430727,0.0153255927510725,-0.009290444763518788,1,"[-1.0, 0, 3.9764444444444447, 0, 1]",0.0
3.9764444444444447,1,0.1834454668495656,-0.015000397119516607,9.802907925963045e-05,2,"[-1.0, 0, 3.9764444444444447, 0, 1]",0.0
3.9815555555555555,0,-0.14362658134430728,0.015375281581492657,-0.009345595219096397,1,"[-1.0, 0, 3.9815555555555555, 0, 1]",0.0
3.9815555555555555,1,0.18382208001828987,-0.015045669277348506,9.940206342208026e-05,2,"[-1.0, 0, 3.9815555555555555, 0, 1]",0.0
3.9866666666666664,0,-0.14385283950617284,0.015425085980795608,-0.009401037285199493,1,"[-1.0, 0, 3.9866666666666664, 0, 1]",0.0
3.9866666666666664,1,0.18419917695473248,-0.015091041594878825,0.00010078842818964442,2,"[-1.0, 0, 3.9866666666666664, 0, 1]",0.0
3.991777777777777,0,-0.14407938792866937,0.015475006097336782,-0.009456772257662959,1,"[-1.0, 0, 3.991777777777777, 0, 1]",0.0
3.991777777777777,1,0.18457675765889342,-0.015136514200682275,0.00010218825824245305,2,"[-1.0, 0, 3.991777777777777, 0, 1]",0.0
3.996888888888888,0,-0.14430622661179693,0.015525042079471614,-0.009512801436842537,1,"[-1.0, 0, 3.996888888888888, 0, 1]",0.0
3.996888888888888,1,0.18495482213077266,-0.015182087223333562,0.00010360163862547893,2,"[-1.0, 0, 3.996888888888888, 0, 1]",0.0
4.001999999999999,0,-0.14453335555555552,0.015575194075555547,-0.009569126127625834,1,"[-1.0, 0, 4.001999999999999, 0, 1]",0.0
4.001999999999999,1,0.1853333703703703,-0.015227760791407398,0.00010502865474952463,2,"[-1.0, 0, 4.001999999999999, 0, 1]",0.0
4.00711111111111,0,-0.14476077475994506,0.015625462233944,-0.00962574763944329,1,"[-1.0, 0, 4.00711111111111, 0, 1]",0.0
4.00711111111111,1,0.18571240237768621,-0.015273535033478489,0.00010646939239218872,2,"[-1.0, 0, 4.00711111111111, 0, 1]",0.0
4.012222222222222,0,-0.1449884842249657,0.015675846702992432,-0.009682667286279279,1,"[-1.0, 0, 4.012222222222222, 0, 1]",0.0
4.012222222222222,1,0.1860919181527206,-0.01531941007812156,0.00010792393769887623,2,"[-1.0, 0, 4.012222222222222, 0, 1]",0.0
4.017333333333333,0,-0.1452164839506173,0.01572634763105624,-0.009739886386683015,1,"[-1.0, 0, 4.017333333333333, 0, 1]",0.0
4.017333333333333,1,0.18647191769547325,-0.015365386053911292,0.00010939237718377882,2,"[-1.0, 0, 4.017333333333333, 0, 1]",0.0
4.022444444444444,0,-0.14544477393689986,0.015776965166490877,-0.009797406263779751,1,"[-1.0, 0, 4.022444444444444, 0, 1]",0.0
4.022444444444444,1,0.1868524010059442,-0.015411463089422407,0.00011087479773085399,2,"[-1.0, 0, 4.022444444444444, 0, 1]",0.0
4.027555555555555,0,-0.1456733541838134,0.015827699457651775,-0.009855228245281754,1,"[-1.0, 0, 4.027555555555555, 0, 1]",0.0
4.027555555555555,1,0.18723336808413346,-0.015457641313229615,0.000112371286594839,2,"[-1.0, 0, 4.027555555555555, 0, 1]",0.0
4.032666666666666,0,-0.145902224691358,0.015878550652894365,-0.009913353663499403,1,"[-1.0, 0, 4.032666666666666, 0, 1]",0.0
4.032666666666666,1,0.1876148189300411,-0.015503920853907628,0.00011388193140223022,2,"[-1.0, 0, 4.032666666666666, 0, 1]",0.0
4.037777777777777,0,-0.14613138545953355,0.015929518900574088,-0.009971783855352289,1,"[-1.0, 0, 4.037777777777777, 0, 1]",0.0
4.037777777777777,1,0.18799675354366702,-0.015550301840031146,0.00011540682015228048,2,"[-1.0, 0, 4.037777777777777, 0, 1]",0.0
4.042888888888887,0,-0.14636083648834014,0.01598060434904637,-0.01003052016238031,1,"[-1.0, 0, 4.042888888888887, 0, 1]",0.0
4.042888888888887,1,0.1883791719250113,-0.015596784400174892,0.00011694604121798447,2,"[-1.0, 0, 4.042888888888887, 0, 1]",0.0
4.048,0,-0.1465905777777778,0.016031807146666664,-0.010089563930754815,1,"[-1.0, 0, 4.048, 0, 1]",0.0
4.048,1,0.18876207407407405,-0.01564336866291358,0.00011849968334710307,2,"[-1.0, 0, 4.048, 0, 1]",0.0
4.053111111111111,0,-0.14682060932784635,0.016083127441790378,-0.010148916511289676,1,"[-1.0, 0, 4.053111111111111, 0, 1]",0.0
4.053111111111111,1,0.18914545999085502,-0.015690054756821892,0.00012006783566312611,2,"[-1.0, 0, 4.053111111111111, 0, 1]",0.0
4.058222222222222,0,-0.14705093113854595,0.016134565382772945,-0.010208579259452524,1,"[-1.0, 0, 4.058222222222222, 0, 1]",0.0
4.058222222222222,1,0.18952932967535432,-0.01573684281047455,0.00012165058766629936,2,"[-1.0, 0, 4.058222222222222, 0, 1]",0.0
4.063333333333333,0,-0.14728154320987652,0.016186121117969812,-0.010268553535375868,1,"[-1.0, 0, 4.063333333333333, 0, 1]",0.0
4.063333333333333,1,0.18991368312757195,-0.015783732952446266,0.00012324802923460634,2,"[-1.0, 0, 4.063333333333333, 0, 1]",0.0
4.068444444444443,0,-0.1475124455418381,0.01623779479573641,-0.010328840703868266,1,"[-1.0, 0, 4.068444444444443, 0, 1]",0.0
4.068444444444443,1,0.1902985203475079,-0.015830725311311748,0.00012486025062478402,2,"[-1.0, 0, 4.068444444444443, 0, 1]",0.0
4.073555555555554,0,-0.14774363813443067,0.016289586564428176,-0.010389442134425534,1,"[-1.0, 0, 4.073555555555554, 0, 1]",0.0
4.073555555555554,1,0.19068384133516222,-0.015877820015645708,0.00012648734247331858,2,"[-1.0, 0, 4.073555555555554, 0, 1]",0.0
4.078666666666667,0,-0.1479751209876543,0.01634149657240055,-0.010450359201241946,1,"[-1.0, 0, 4.078666666666667, 0, 1]",0.0
4.078666666666667,1,0.19106964609053498,-0.015925017194022863,0.00012812939579745237,2,"[-1.0, 0, 4.078666666666667, 0, 1]",0.0
4.083777777777778,0,-0.14820689410150892,0.016393524968008943,-0.010511593283221415,1,"[-1.0, 0, 4.083777777777778, 0, 1]",0.0
4.083777777777778,1,0.19145593461362598,-0.0159723169750179,0.0001297865019961866,2,"[-1.0, 0, 4.083777777777778, 0, 1]",0.0
4.088888888888889,0,-0.1484389574759945,0.016445671899608796,-0.010573145763988795,1,"[-1.0, 0, 4.088888888888889, 0, 1]",0.0
4.088888888888889,1,0.19184270690443525,-0.016019719487205538,0.00013145875285128488,2,"[-1.0, 0, 4.088888888888889, 0, 1]",0.0
4.093999999999999,0,-0.1486713111111111,0.01649793751555555,-0.010635018031901103,1,"[-1.0, 0, 4.093999999999999, 0, 1]",0.0
4.093999999999999,1,0.1922299629629629,-0.016067224859160487,0.00013314624052830626,2,"[-1.0, 0, 4.093999999999999, 0, 1]",0.0
4.09911111111111,0,-0.14890395500685866,0.016550321964204633,-0.010697211480058748,1,"[-1.0, 0, 4.09911111111111, 0, 1]",0.0
4.09911111111111,1,0.19261770278920887,-0.016114833219457458,0.00013484905757756623,2,"[-1.0, 0, 4.09911111111111, 0, 1]",0.0
4.104222222222221,0,-0.14913688916323725,0.016602825393911485,-0.01075972750631686,1,"[-1.0, 0, 4.104222222222221, 0, 1]",0.0
4.104222222222221,1,0.1930059263831732,-0.01616254469667116,0.00013656729693520102,2,"[-1.0, 0, 4.104222222222221, 0, 1]",0.0
4.109333333333332,0,-0.14937011358024685,0.016655447953031536,-0.010822567513296528,1,"[-1.0, 0, 4.109333333333332, 0, 1]",0.0
4.109333333333332,1,0.19339463374485585,-0.0162103594193763,0.00013830105192413553,2,"[-1.0, 0, 4.109333333333332, 0, 1]",0.0
4.114444444444445,0,-0.14960362825788753,0.01670818978992024,-0.01088573290839616,1,"[-1.0, 0, 4.114444444444445, 0, 1]",0.0
4.114444444444445,1,0.19378382487425697,-0.016258277516147605,0.00014005041625513113,2,"[-1.0, 0, 4.114444444444445, 0, 1]",0.0
4.119555555555555,0,-0.1498374331961591,0.016761051052932987,-0.0109492251038027,1,"[-1.0, 0, 4.119555555555555, 0, 1]",0.0
4.119555555555555,1,0.1941734997713763,-0.016306299115559753,0.00014181548402777445,2,"[-1.0, 0, 4.119555555555555, 0, 1]",0.0
4.124666666666666,0,-0.15007152839506172,0.016814031890425234,-0.011013045516503105,1,"[-1.0, 0, 4.124666666666666, 0, 1]",0.0
4.124666666666666,1,0.19456365843621395,-0.016354424346187467,0.00014359634973150435,2,"[-1.0, 0, 4.124666666666666, 0, 1]",0.0
4.129777777777777,0,-0.1503059138545953,0.016867132450752418,-0.011077195568295584,1,"[-1.0, 0, 4.129777777777777, 0, 1]",0.0
4.129777777777777,1,0.19495430086876991,-0.016402653336605455,0.0001453931082466284,2,"[-1.0, 0, 4.129777777777777, 0, 1]",0.0
4.134888888888888,0,-0.1505405895747599,0.01692035288226997,-0.011141676685800994,1,"[-1.0, 0, 4.134888888888888, 0, 1]",0.0
4.134888888888888,1,0.19534542706904426,-0.01645098621538843,0.0001472058548453465,2,"[-1.0, 0, 4.134888888888888, 0, 1]",0.0
4.139999999999999,0,-0.1507755555555555,0.01697369333333332,-0.011206490300474208,1,"[-1.0, 0, 4.139999999999999, 0, 1]",0.0
4.139999999999999,1,0.19573703703703693,-0.016499423111111102,0.0001490346851927525,2,"[-1.0, 0, 4.139999999999999, 0, 1]",0.0
4.14511111111111,0,-0.15101081179698211,0.017027153952297907,-0.011271637848615509,1,"[-1.0, 0, 4.14511111111111, 0, 1]",0.0
4.14511111111111,1,0.19612913077274793,-0.01654796415234817,0.00015087969534788043,2,"[-1.0, 0, 4.14511111111111, 0, 1]",0.0
4.150222222222222,0,-0.15124635829903976,0.01708073488751918,-0.01133712077138201,1,"[-1.0, 0, 4.150222222222222, 0, 1]",0.0
4.150222222222222,1,0.1965217082761774,-0.016596609467674373,0.00015274098176469488,2,"[-1.0, 0, 4.150222222222222, 0, 1]",0.0
4.155333333333333,0,-0.1514821950617284,0.017134436287352534,-0.011402940514798982,1,"[-1.0, 0, 4.155333333333333, 0, 1]",0.0
4.155333333333333,1,0.19691476954732506,-0.016645359185664378,0.00015461864129314926,2,"[-1.0, 0, 4.155333333333333, 0, 1]",0.0
4.160444444444444,0,-0.15171832208504799,0.017188258300153424,-0.011469098529771429,1,"[-1.0, 0, 4.160444444444444, 0, 1]",0.0
4.160444444444444,1,0.19730831458619108,-0.016694213434892916,0.00015651277118018236,2,"[-1.0, 0, 4.160444444444444, 0, 1]",0.0
4.165555555555555,0,-0.15195473936899861,0.017242201074277288,-0.011535596272095426,1,"[-1.0, 0, 4.165555555555555, 0, 1]",0.0
4.165555555555555,1,0.19770234339277543,-0.016743172343934694,0.00015842346907076095,2,"[-1.0, 0, 4.165555555555555, 0, 1]",0.0
4.170666666666666,0,-0.15219144691358022,0.01729626475807955,-0.011602435202469601,1,"[-1.0, 0, 4.170666666666666, 0, 1]",0.0
4.170666666666666,1,0.1980968559670781,-0.016792236041364414,0.00016035083300890238,2,"[-1.0, 0, 4.170666666666666, 0, 1]",0.0
4.1757777777777765,0,-0.1524284447187928,0.01735044949991565,-0.011669616786506638,1,"[-1.0, 0, 4.1757777777777765, 0, 1]",0.0
4.1757777777777765,1,0.19849185230909913,-0.0168414046557568,0.00016229496143868854,2,"[-1.0, 0, 4.1757777777777765, 0, 1]",0.0
4.180888888888889,0,-0.1526657327846365,0.017404755448141036,-0.01173714249474474,1,"[-1.0, 0, 4.180888888888889, 0, 1]",0.0
4.180888888888889,1,0.19888733241883857,-0.016890678315686566,0.00016425595320531446,2,"[-1.0, 0, 4.180888888888889, 0, 1]",0.0
4.186,0,-0.1529033111111111,0.01745918275111111,-0.011805013802659092,1,"[-1.0, 0, 4.186, 0, 1]",0.0
4.186,1,0.1992832962962963,-0.016940057149728394,0.00016623390755613095,2,"[-1.0, 0, 4.186, 0, 1]",0.0
4.191111111111111,0,-0.15314117969821672,0.017513731557181323,-0.011873232190673459,1,"[-1.0, 0, 4.191111111111111, 0, 1]",0.0
4.191111111111111,1,0.1996797439414723,-0.016989541286457008,0.0001682289241416307,2,"[-1.0, 0, 4.191111111111111, 0, 1]",0.0
4.196222222222222,0,-0.15337933854595334,0.0175684020147071,-0.011941799144171655,1,"[-1.0, 0, 4.196222222222222, 0, 1]",0.0
4.196222222222222,1,0.20007667535436666,-0.017039130854447117,0.00017024110301652566,2,"[-1.0, 0, 4.196222222222222, 0, 1]",0.0
4.2013333333333325,0,-0.15361778765432094,0.017623194272043886,-0.01201071615350912,1,"[-1.0, 0, 4.2013333333333325, 0, 1]",0.0
4.2013333333333325,1,0.20047409053497936,-0.017088825982273424,0.00017227054464076692,2,"[-1.0, 0, 4.2013333333333325, 0, 1]",0.0
4.206444444444443,0,-0.15385652702331956,0.01767810847754711,-0.012079984714024451,1,"[-1.0, 0, 4.206444444444443, 0, 1]",0.0
4.206444444444443,1,0.20087198948331036,-0.01713862679851065,0.00017431734988056398,2,"[-1.0, 0, 4.206444444444443, 0, 1]",0.0
4.211555555555554,0,-0.1540955566529492,0.017733144779572205,-0.012149606326050978,1,"[-1.0, 0, 4.211555555555554, 0, 1]",0.0
4.211555555555554,1,0.20127037219935975,-0.017188533431733495,0.00017638162000946193,2,"[-1.0, 0, 4.211555555555554, 0, 1]",0.0
4.216666666666667,0,-0.15433487654320988,0.017788303326474623,-0.01221958249492839,1,"[-1.0, 0, 4.216666666666667, 0, 1]",0.0
4.216666666666667,1,0.20166923868312758,-0.017238546010516692,0.00017846345670932684,2,"[-1.0, 0, 4.216666666666667, 0, 1]",0.0
4.221777777777778,0,-0.1545744866941015,0.017843584266609765,-0.012289914731014229,1,"[-1.0, 0, 4.221777777777778, 0, 1]",0.0
4.221777777777778,1,0.2020685889346136,-0.01728866466343491,0.00018056296207143684,2,"[-1.0, 0, 4.221777777777778, 0, 1]",0.0
4.2268888888888885,0,-0.15481438710562412,0.017898987748333074,-0.012360604549695637,1,"[-1.0, 0, 4.2268888888888885, 0, 1]",0.0
4.2268888888888885,1,0.20246842295381798,-0.017338889519062876,0.00018268023859749176,2,"[-1.0, 0, 4.2268888888888885, 0, 1]",0.0
4.231999999999999,0,-0.15505457777777776,0.01795451391999999,-0.012431653471400917,1,"[-1.0, 0, 4.231999999999999, 0, 1]",0.0
4.231999999999999,1,0.20286874074074066,-0.0173892207059753,0.00018481538920066092,2,"[-1.0, 0, 4.231999999999999, 0, 1]",0.0
4.23711111111111,0,-0.15529505871056237,0.01801016292996595,-0.012503063021611166,1,"[-1.0, 0, 4.23711111111111, 0, 1]",0.0
4.23711111111111,1,0.20326954229538172,-0.017439658352746894,0.0001869685172066326,2,"[-1.0, 0, 4.23711111111111, 0, 1]",0.0
4.242222222222221,0,-0.15553582990397802,0.018065934926586383,-0.012574834730871953,1,"[-1.0, 0, 4.242222222222221, 0, 1]",0.0
4.242222222222221,1,0.2036708276177411,-0.017490202587952367,0.00018913972635465487,2,"[-1.0, 0, 4.242222222222221, 0, 1]",0.0
4.247333333333332,0,-0.15577689135802464,0.018121830058216718,-0.012646970134804973,1,"[-1.0, 0, 4.247333333333332, 0, 1]",0.0
4.247333333333332,1,0.20407259670781883,-0.017540853540166424,0.00019132912079858344,2,"[-1.0, 0, 4.247333333333332, 0, 1]",0.0
4.2524444444444445,0,-0.15601824307270235,0.018177848473212414,-0.012719470774119779,1,"[-1.0, 0, 4.2524444444444445, 0, 1]",0.0
4.2524444444444445,1,0.20447484956561499,-0.017591611337963792,0.0001935368051079224,2,"[-1.0, 0, 4.2524444444444445, 0, 1]",0.0
4.257555555555555,0,-0.15625988504801097,0.01823399031992887,-0.012792338194625365,1,"[-1.0, 0, 4.257555555555555, 0, 1]",0.0
4.257555555555555,1,0.20487758619112936,-0.017642476109919147,0.0001957628842688859,2,"[-1.0, 0, 4.257555555555555, 0, 1]",0.0
4.262666666666666,0,-0.15650181728395057,0.01829025574672153,-0.012865573947242014,1,"[-1.0, 0, 4.262666666666666, 0, 1]",0.0
4.262666666666666,1,0.2052808065843621,-0.01769344798460722,0.00019800746368543384,2,"[-1.0, 0, 4.262666666666666, 0, 1]",0.0
4.267777777777777,0,-0.15674403978052123,0.018346644901945833,-0.012939179588012967,1,"[-1.0, 0, 4.267777777777777, 0, 1]",0.0
4.267777777777777,1,0.20568451074531313,-0.01774452709060271,0.00020027064918033168,2,"[-1.0, 0, 4.267777777777777, 0, 1]",0.0
4.272888888888888,0,-0.15698655253772287,0.01840315793395721,-0.01301315667811614,1,"[-1.0, 0, 4.272888888888888, 0, 1]",0.0
4.272888888888888,1,0.20608869867398252,-0.01779571355648034,0.00020255254699619654,2,"[-1.0, 0, 4.272888888888888, 0, 1]",0.0
4.277999999999999,0,-0.1572293555555555,0.018459794991111094,-0.013087506783875907,1,"[-1.0, 0, 4.277999999999999, 0, 1]",0.0
4.277999999999999,1,0.20649337037037024,-0.0178470075108148,0.0002048532637965693,2,"[-1.0, 0, 4.277999999999999, 0, 1]",0.0
4.283111111111111,0,-0.15747244883401923,0.018516556221762945,-0.013162231476774911,1,"[-1.0, 0, 4.283111111111111, 0, 1]",0.0
4.283111111111111,1,0.20689852583447646,-0.017898409082180836,0.00020717290666693623,2,"[-1.0, 0, 4.283111111111111, 0, 1]",0.0
4.288222222222222,0,-0.15771583237311385,0.018573441774268146,-0.013237332333465678,1,"[-1.0, 0, 4.288222222222222, 0, 1]",0.0
4.288222222222222,1,0.20730416506630084,-0.01794991839915311,0.0002095115831158064,2,"[-1.0, 0, 4.288222222222222, 0, 1]",0.0
4.293333333333333,0,-0.1579595061728395,0.018630451796982164,-0.013312810935782664,1,"[-1.0, 0, 4.293333333333333, 0, 1]",0.0
4.293333333333333,1,0.20771028806584357,-0.01800153559030635,0.00021186940107577844,2,"[-1.0, 0, 4.293333333333333, 0, 1]",0.0
4.298444444444444,0,-0.15820347023319614,0.01868758643826042,-0.013388668870753868,1,"[-1.0, 0, 4.298444444444444, 0, 1]",0.0
4.298444444444444,1,0.20811689483310464,-0.01805326078421527,0.0002142464689045727,2,"[-1.0, 0, 4.298444444444444, 0, 1]",0.0
4.303555555555555,0,-0.15844772455418377,0.018744845846458354,-0.013464907730612749,1,"[-1.0, 0, 4.303555555555555, 0, 1]",0.0
4.303555555555555,1,0.20852398536808406,-0.01810509410945458,0.00021664289538611547,2,"[-1.0, 0, 4.303555555555555, 0, 1]",0.0
4.3086666666666655,0,-0.15869226913580242,0.018802230169931402,-0.013541529112810043,1,"[-1.0, 0, 4.3086666666666655, 0, 1]",0.0
4.3086666666666655,1,0.20893155967078178,-0.01815703569459898,0.00021905878973157815,2,"[-1.0, 0, 4.3086666666666655, 0, 1]",0.0
4.313777777777776,0,-0.15893710397805205,0.018859739557034988,-0.013618534620025595,1,"[-1.0, 0, 4.313777777777776, 0, 1]",0.0
4.313777777777776,1,0.2093396177411979,-0.018209085668223192,0.00022149426158046825,2,"[-1.0, 0, 4.313777777777776, 0, 1]",0.0
4.318888888888889,0,-0.1591822290809328,0.018917374156124576,-0.013695925860180314,1,"[-1.0, 0, 4.318888888888889, 0, 1]",0.0
4.318888888888889,1,0.20974815957933243,-0.018261244158901933,0.00022394942100165995,2,"[-1.0, 0, 4.318888888888889, 0, 1]",0.0
4.324,0,-0.15942764444444446,0.018975134115555552,-0.013773704446447866,1,"[-1.0, 0, 4.324, 0, 1]",0.0
4.324,1,0.21015718518518517,-0.018313511295209875,0.0002264243784944886,2,"[-1.0, 0, 4.324, 0, 1]",0.0
4.329111111111111,0,-0.15967335006858707,0.019033019583683378,-0.013851871997266799,1,"[-1.0, 0, 4.329111111111111, 0, 1]",0.0
4.329111111111111,1,0.21056669455875623,-0.01836588720572175,0.00022891924498979338,2,"[-1.0, 0, 4.329111111111111, 0, 1]",0.0
4.3342222222222215,0,-0.15991934595336071,0.019091030708863477,-0.013930430136352302,1,"[-1.0, 0, 4.3342222222222215, 0, 1]",0.0
4.3342222222222215,1,0.21097668770004563,-0.01841837201901227,0.00023143413185099104,2,"[-1.0, 0, 4.3342222222222215, 0, 1]",0.0
4.339333333333332,0,-0.1601656320987654,0.01914916763945129,-0.014009380492708187,1,"[-1.0, 0, 4.339333333333332, 0, 1]",0.0
4.339333333333332,1,0.2113871646090534,-0.01847096586365614,0.00023396915087517574,2,"[-1.0, 0, 4.339333333333332, 0, 1]",0.0
4.344444444444443,0,-0.16041220850480103,0.019207430523802253,-0.014088724700638808,1,"[-1.0, 0, 4.344444444444443, 0, 1]",0.0
4.344444444444443,1,0.2117981252857795,-0.01852366886822807,0.00023652441429412516,2,"[-1.0, 0, 4.344444444444443, 0, 1]",0.0
4.349555555555554,0,-0.16065907517146769,0.01926581951027179,-0.014168464399761002,1,"[-1.0, 0, 4.349555555555554, 0, 1]",0.0
4.349555555555554,1,0.21220956973022392,-0.01857648116130277,0.00023910003477543504,2,"[-1.0, 0, 4.349555555555554, 0, 1]",0.0
4.354666666666667,0,-0.16090623209876542,0.019324334747215365,-0.01424860123501612,1,"[-1.0, 0, 4.354666666666667, 0, 1]",0.0
4.354666666666667,1,0.21262149794238683,-0.01862940287145496,0.00024169612542356,2,"[-1.0, 0, 4.354666666666667, 0, 1]",0.0
4.3597777777777775,0,-0.1611536792866941,0.01938297638298836,-0.014329136856681855,1,"[-1.0, 0, 4.3597777777777775, 0, 1]",0.0
4.3597777777777775,1,0.21303390992226792,-0.018682434127259322,0.00024431279978087694,2,"[-1.0, 0, 4.3597777777777775, 0, 1]",0.0
4.364888888888888,0,-0.16140141673525377,0.019441744565946245,-0.014410072920384442,1,"[-1.0, 0, 4.364888888888888, 0, 1]",0.0
4.364888888888888,1,0.21344680566986735,-0.018735575057290583,0.00024695017182879003,2,"[-1.0, 0, 4.364888888888888, 0, 1]",0.0
4.369999999999999,0,-0.1616494444444444,0.019500639444444436,-0.014491411087110505,1,"[-1.0, 0, 4.369999999999999, 0, 1]",0.0
4.369999999999999,1,0.21386018518518513,-0.01878882579012345,0.00024960835598879585,2,"[-1.0, 0, 4.369999999999999, 0, 1]",0.0
4.37511111111111,0,-0.16189776241426607,0.019559661166838375,-0.014573153023219168,1,"[-1.0, 0, 4.37511111111111, 0, 1]",0.0
4.37511111111111,1,0.2142740484682212,-0.018842186454332627,0.00025228746712355025,2,"[-1.0, 0, 4.37511111111111, 0, 1]",0.0
4.380222222222221,0,-0.16214637064471873,0.0196188098814835,-0.01465530040045405,1,"[-1.0, 0, 4.380222222222221, 0, 1]",0.0
4.380222222222221,1,0.21468839551897564,-0.01889565717849283,0.0002549876205379543,2,"[-1.0, 0, 4.380222222222221, 0, 1]",0.0
4.3853333333333335,0,-0.1623952691358025,0.019678085736735258,-0.014737854895955338,1,"[-1.0, 0, 4.3853333333333335, 0, 1]",0.0
4.3853333333333335,1,0.21510322633744858,-0.018949238091178787,0.00025770893198023836,2,"[-1.0, 0, 4.3853333333333335, 0, 1]",0.0
4.390444444444444,0,-0.16264445788751714,0.01973748888094904,-0.014820818192271773,1,"[-1.0, 0, 4.390444444444444, 0, 1]",0.0
4.390444444444444,1,0.21551854092363967,-0.019002929320965162,0.0002604515176430344,2,"[-1.0, 0, 4.390444444444444, 0, 1]",0.0
4.395555555555555,0,-0.1628939368998628,0.019797019462480307,-0.014904191977372885,1,"[-1.0, 0, 4.395555555555555, 0, 1]",0.0
4.395555555555555,1,0.2159343392775491,-0.019056730996426692,0.00026321549416446696,2,"[-1.0, 0, 4.395555555555555, 0, 1]",0.0
4.400666666666666,0,-0.16314370617283946,0.01985667762968449,-0.014987977944660946,1,"[-1.0, 0, 4.400666666666666, 0, 1]",0.0
4.400666666666666,1,0.21635062139917688,-0.019110643246138082,0.000266000978629239,2,"[-1.0, 0, 4.400666666666666, 0, 1]",0.0
4.405777777777777,0,-0.16339376570644715,0.019916463530917024,-0.01507217779298315,1,"[-1.0, 0, 4.405777777777777, 0, 1]",0.0
4.405777777777777,1,0.21676738728852302,-0.01916466619867404,0.0002688080885697112,2,"[-1.0, 0, 4.405777777777777, 0, 1]",0.0
4.410888888888888,0,-0.1636441155006858,0.019976377314533337,-0.015156793226643688,1,"[-1.0, 0, 4.410888888888888, 0, 1]",0.0
4.410888888888888,1,0.21718463694558746,-0.019218799982609277,0.0002716369419669719,2,"[-1.0, 0, 4.410888888888888, 0, 1]",0.0
4.415999999999999,0,-0.1638947555555555,0.020036419128888875,-0.01524182595541594,1,"[-1.0, 0, 4.415999999999999, 0, 1]",0.0
4.415999999999999,1,0.21760237037037025,-0.019273044726518505,0.000274487657251965,2,"[-1.0, 0, 4.415999999999999, 0, 1]",0.0
4.421111111111111,0,-0.16414568587105624,0.020096589122339074,-0.01532727769455457,1,"[-1.0, 0, 4.421111111111111, 0, 1]",0.0
4.421111111111111,1,0.2180205875628715,-0.019327400558976443,0.0002773603533065463,2,"[-1.0, 0, 4.421111111111111, 0, 1]",0.0
4.426222222222222,0,-0.1643969064471879,0.02015688744323934,-0.015413150164807668,1,"[-1.0, 0, 4.426222222222222, 0, 1]",0.0
4.426222222222222,1,0.21843928852309094,-0.019381867608557774,0.0002802551494645797,2,"[-1.0, 0, 4.426222222222222, 0, 1]",0.0
4.431333333333333,0,-0.1646484172839506,0.020217314239945126,-0.01549944509242904,1,"[-1.0, 0, 4.431333333333333, 0, 1]",0.0
4.431333333333333,1,0.21885847325102878,-0.019436446003837215,0.0002831721655130511,2,"[-1.0, 0, 4.431333333333333, 0, 1]",0.0
4.436444444444444,0,-0.16490021838134428,0.02027786966081186,-0.015586164209190286,1,"[-1.0, 0, 4.436444444444444, 0, 1]",0.0
4.436444444444444,1,0.2192781417466849,-0.019491135873389485,0.00028611152169310226,2,"[-1.0, 0, 4.436444444444444, 0, 1]",0.0
4.441555555555555,0,-0.16515230973936895,0.02033855385419498,-0.015673309252393068,1,"[-1.0, 0, 4.441555555555555, 0, 1]",0.0
4.441555555555555,1,0.21969829401005936,-0.019545937345789282,0.00028907333870121545,2,"[-1.0, 0, 4.441555555555555, 0, 1]",0.0
4.446666666666665,0,-0.16540469135802463,0.020399366968449916,-0.01576088196488129,1,"[-1.0, 0, 4.446666666666665, 0, 1]",0.0
4.446666666666665,1,0.22011893004115216,-0.019600850549611328,0.00029205773769020935,2,"[-1.0, 0, 4.446666666666665, 0, 1]",0.0
4.451777777777776,0,-0.1656573632373113,0.02046030915193211,-0.015848884095053375,1,"[-1.0, 0, 4.451777777777776, 0, 1]",0.0
4.451777777777776,1,0.22054004983996328,-0.019655875613430324,0.00029506484027042555,2,"[-1.0, 0, 4.451777777777776, 0, 1]",0.0
4.456888888888889,0,-0.1659103253772291,0.020521380552997005,-0.0159373173968745,1,"[-1.0, 0, 4.456888888888889, 0, 1]",0.0
4.456888888888889,1,0.2209616534064929,-0.019711012665820996,0.0002980947685107659,2,"[-1.0, 0, 4.456888888888889, 0, 1]",0.0
4.462,0,-0.16616357777777777,0.020582581319999998,-0.016026183629888755,1,"[-1.0, 0, 4.462, 0, 1]",0.0
4.462,1,0.22138374074074071,-0.019766261835358023,0.0003011476449398011,2,"[-1.0, 0, 4.462, 0, 1]",0.0
4.467111111111111,0,-0.16641712043895746,0.02064391160129654,-0.016115484559231612,1,"[-1.0, 0, 4.467111111111111, 0, 1]",0.0
4.467111111111111,1,0.22180631184270685,-0.019821623250616125,0.0003042235925469032,2,"[-1.0, 0, 4.467111111111111, 0, 1]",0.0
4.472222222222221,0,-0.16667095336076815,0.02070537154524208,-0.01620522195564209,1,"[-1.0, 0, 4.472222222222221, 0, 1]",0.0
4.472222222222221,1,0.22222936671239132,-0.019877097040170023,0.00030732273478329547,2,"[-1.0, 0, 4.472222222222221, 0, 1]",0.0
4.477333333333332,0,-0.16692507654320982,0.02076696130019203,-0.016295397595475047,1,"[-1.0, 0, 4.477333333333332, 0, 1]",0.0
4.477333333333332,1,0.22265290534979415,-0.01993268333259441,0.00031044519556322654,2,"[-1.0, 0, 4.477333333333332, 0, 1]",0.0
4.482444444444443,0,-0.16717948998628251,0.020828681014501835,-0.016386013260713577,1,"[-1.0, 0, 4.482444444444443, 0, 1]",0.0
4.482444444444443,1,0.22307692775491528,-0.019988382256464005,0.00031359109926498707,2,"[-1.0, 0, 4.482444444444443, 0, 1]",0.0
4.487555555555556,0,-0.1674341936899863,0.020890530836526953,-0.01647707073898131,1,"[-1.0, 0, 4.487555555555556, 0, 1]",0.0
4.487555555555556,1,0.2235014339277549,-0.02004419394035354,0.0003167605707320841,2,"[-1.0, 0, 4.487555555555556, 0, 1]",0.0
4.492666666666667,0,-0.167689187654321,0.02095251091462277,-0.016568571823554656,1,"[-1.0, 0, 4.492666666666667, 0, 1]",0.0
4.492666666666667,1,0.22392642386831274,-0.020100118512837675,0.0003199537352743323,2,"[-1.0, 0, 4.492666666666667, 0, 1]",0.0
4.497777777777777,0,-0.16794447187928668,0.021014621397144738,-0.016660518313375335,1,"[-1.0, 0, 4.497777777777777, 0, 1]",0.0
4.497777777777777,1,0.22435189757658888,-0.020156156102491142,0.00032317071866892755,2,"[-1.0, 0, 4.497777777777777, 0, 1]",0.0
4.502888888888888,0,-0.16820004636488337,0.021076862432448294,-0.01675291201306267,1,"[-1.0, 0, 4.502888888888888, 0, 1]",0.0
4.502888888888888,1,0.22477785505258338,-0.02021230683788866,0.0003264116471615921,2,"[-1.0, 0, 4.502888888888888, 0, 1]",0.0
4.507999999999999,0,-0.16845591111111108,0.02113923416888888,-0.016845754732925974,1,"[-1.0, 0, 4.507999999999999, 0, 1]",0.0
4.507999999999999,1,0.2252042962962962,-0.020268570847604927,0.00032967664746768634,2,"[-1.0, 0, 4.507999999999999, 0, 1]",0.0
4.51311111111111,0,-0.16871206611796977,0.021201736754821912,-0.016939048288976924,1,"[-1.0, 0, 4.51311111111111, 0, 1]",0.0
4.51311111111111,1,0.22563122130772736,-0.020324948260214658,0.0003329658467732966,2,"[-1.0, 0, 4.51311111111111, 0, 1]",0.0
4.518222222222221,0,-0.16896851138545949,0.021264370338602838,-0.017032794502942063,1,"[-1.0, 0, 4.518222222222221, 0, 1]",0.0
4.518222222222221,1,0.22605863008687688,-0.020381439204292556,0.0003362793727363679,2,"[-1.0, 0, 4.518222222222221, 0, 1]",0.0
4.523333333333333,0,-0.16922524691358026,0.021327135068587105,-0.017126995202275168,1,"[-1.0, 0, 4.523333333333333, 0, 1]",0.0
4.523333333333333,1,0.22648652263374483,-0.020438043808413353,0.0003396173534878002,2,"[-1.0, 0, 4.523333333333333, 0, 1]",0.0
4.528444444444444,0,-0.16948227270233196,0.021390031093130108,-0.01722165222016964,1,"[-1.0, 0, 4.528444444444444, 0, 1]",0.0
4.528444444444444,1,0.226914898948331,-0.020494762201151717,0.0003429799176325899,2,"[-1.0, 0, 4.528444444444444, 0, 1]",0.0
4.533555555555555,0,-0.16973958875171466,0.021453058560587303,-0.017316767395571107,1,"[-1.0, 0, 4.533555555555555, 0, 1]",0.0
4.533555555555555,1,0.22734375903063553,-0.020551594511082384,0.00034636719425090896,2,"[-1.0, 0, 4.533555555555555, 0, 1]",0.0
4.538666666666666,0,-0.16999719506172833,0.021516217619314118,-0.01741234257318979,1,"[-1.0, 0, 4.538666666666666, 0, 1]",0.0
4.538666666666666,1,0.22777310288065836,-0.020608540866780056,0.00034977931289926004,2,"[-1.0, 0, 4.538666666666666, 0, 1]",0.0
4.543777777777777,0,-0.17025509163237307,0.021579508417665993,-0.017508379603513036,1,"[-1.0, 0, 4.543777777777777, 0, 1]",0.0
4.543777777777777,1,0.22820293049839954,-0.020665601396819444,0.00035321640361157813,2,"[-1.0, 0, 4.543777777777777, 0, 1]",0.0
4.548888888888888,0,-0.17051327846364878,0.021642931103998356,-0.017604880342817777,1,"[-1.0, 0, 4.548888888888888, 0, 1]",0.0
4.548888888888888,1,0.22863324188385906,-0.020722776229775253,0.0003566785969003599,2,"[-1.0, 0, 4.548888888888888, 0, 1]",0.0
4.5539999999999985,0,-0.17077175555555546,0.021706485826666646,-0.017701846653183088,1,"[-1.0, 0, 4.5539999999999985, 0, 1]",0.0
4.5539999999999985,1,0.2290640370370369,-0.0207800654942222,0.00036016602375775475,2,"[-1.0, 0, 4.5539999999999985, 0, 1]",0.0
4.559111111111111,0,-0.17103052290809329,0.021770172734026316,-0.017799280402502744,1,"[-1.0, 0, 4.559111111111111, 0, 1]",0.0
4.559111111111111,1,0.22949531595793324,-0.020837469318735015,0.0003636788156567358,2,"[-1.0, 0, 4.559111111111111, 0, 1]",0.0
4.564222222222222,0,-0.171289580521262,0.021833991974432757,-0.01789718346449759,1,"[-1.0, 0, 4.564222222222222, 0, 1]",0.0
4.564222222222222,1,0.22992707864654777,-0.02089498783188836,0.00036721710455219284,2,"[-1.0, 0, 4.564222222222222, 0, 1]",0.0
4.569333333333333,0,-0.1715489283950617,0.02189794369624142,-0.017995557718728343,1,"[-1.0, 0, 4.569333333333333, 0, 1]",0.0
4.569333333333333,1,0.23035932510288062,-0.02095262116225697,0.0003707810228820614,2,"[-1.0, 0, 4.569333333333333, 0, 1]",0.0
4.574444444444444,0,-0.1718085665294924,0.02196202804780774,-0.018094405050608015,1,"[-1.0, 0, 4.574444444444444, 0, 1]",0.0
4.574444444444444,1,0.23079205532693178,-0.02101036943841554,0.0003743707035684628,2,"[-1.0, 0, 4.574444444444444, 0, 1]",0.0
4.5795555555555545,0,-0.17206849492455414,0.02202624517748716,-0.018193727351414557,1,"[-1.0, 0, 4.5795555555555545, 0, 1]",0.0
4.5795555555555545,1,0.23122526931870133,-0.021068232788938802,0.0003779862800188088,2,"[-1.0, 0, 4.5795555555555545, 0, 1]",0.0
4.584666666666665,0,-0.17232871358024685,0.0220905952336351,-0.018293526518303384,1,"[-1.0, 0, 4.584666666666665, 0, 1]",0.0
4.584666666666665,1,0.23165896707818917,-0.021126211342401443,0.0003816278861269642,2,"[-1.0, 0, 4.584666666666665, 0, 1]",0.0
4.589777777777778,0,-0.17258922249657066,0.02215507836460702,-0.01839380445432011,1,"[-1.0, 0, 4.589777777777778, 0, 1]",0.0
4.589777777777778,1,0.2320931486053955,-0.02118430522737821,0.00038529565627433253,2,"[-1.0, 0, 4.589777777777778, 0, 1]",0.0
4.594888888888889,0,-0.17285002167352537,0.02221969471875832,-0.018494563068413,1,"[-1.0, 0, 4.594888888888889, 0, 1]",0.0
4.594888888888889,1,0.23252781390032004,-0.021242514572443767,0.0003889897253310289,2,"[-1.0, 0, 4.594888888888889, 0, 1]",0.0
4.6,0,-0.1731111111111111,0.02228444444444444,-0.01859580427544581,1,"[-1.0, 0, 4.6, 0, 1]",0.0
4.6,1,0.23296296296296293,-0.021300839506172835,0.00039271022865701444,2,"[-1.0, 0, 4.6, 0, 1]",0.0
