parameter,branch,g2,g3,discriminant,character,operator_ascending,constant
-4.6,0,-0.061999999999999986,-0.013765925925925921,-0.005354847348148144,1,"[1.0, 0, -4.6, 0, 1]",0.0
-4.6,1,0.15888888888888886,0.00994281481481481,0.001342049593591221,2,"[1.0, 0, -4.6, 0, 1]",0.0
-4.594888888888889,0,-0.06173891056241426,-0.01371064122081593,-0.005310835210519355,1,"[1.0, 0, -4.594888888888889, 0, 1]",0.0
-4.594888888888889,1,0.15845373982624597,0.009897109908520583,0.0013336659809063947,2,"[1.0, 0, -4.594888888888889, 0, 1]",0.0
-4.589777777777777,0,-0.0614781113854595,-0.013655489887240758,-0.0052671150083829716,1,"[1.0, 0, -4.589777777777777, 0, 1]",0.0
-4.589777777777777,1,0.15801907453132139,0.009851520590889864,0.0013253243375421237,2,"[1.0, 0, -4.589777777777777, 0, 1]",0.0
-4.584666666666666,0,-0.06121760246913578,-0.013600471776844985,-0.005223685250793787,1,"[1.0, 0, -4.584666666666666, 0, 1]",0.0
-4.584666666666666,1,0.15758489300411516,0.009806046733347961,0.0013170244935969545,2,"[1.0, 0, -4.584666666666666, 0, 1]",0.0
-4.579555555555555,0,-0.06095738381344307,-0.013545586741273177,-0.0051805444522501735,1,"[1.0, 0, -4.579555555555555, 0, 1]",0.0
-4.579555555555555,1,0.1571511952446273,0.009760688207320156,0.001308766279697714,2,"[1.0, 0, -4.579555555555555, 0, 1]",0.0
-4.574444444444444,0,-0.0606974554183813,-0.013490834632169879,-0.00513769113268144,1,"[1.0, 0, -4.574444444444444, 0, 1]",0.0
-4.574444444444444,1,0.1567179812528577,0.00971544488423173,0.0013005495269983584,2,"[1.0, 0, -4.574444444444444, 0, 1]",0.0
-4.569333333333333,0,-0.060437817283950604,-0.013436215301179694,-0.005095123817435259,1,"[1.0, 0, -4.569333333333333, 0, 1]",0.0
-4.569333333333333,1,0.15628525102880655,0.009670316635507999,0.001292374067178859,2,"[1.0, 0, -4.569333333333333, 0, 1]",0.0
-4.564222222222222,0,-0.0601784694101509,-0.01338172859994716,-0.005052841037264965,1,"[1.0, 0, -4.564222222222222, 0, 1]",0.0
-4.564222222222222,1,0.1558530045724737,0.009625303332574232,0.0012842397324440624,2,"[1.0, 0, -4.564222222222222, 0, 1]",0.0
-4.559111111111111,0,-0.05991941179698217,-0.013327374380116849,-0.005010841328317019,1,"[1.0, 0, -4.559111111111111, 0, 1]",0.0
-4.559111111111111,1,0.15542124188385917,0.009580404846855729,0.0012761463555225616,2,"[1.0, 0, -4.559111111111111, 0, 1]",0.0
-4.553999999999999,0,-0.059660644444444424,-0.013273152493333327,-0.004969123232118405,1,"[1.0, 0, -4.553999999999999, 0, 1]",0.0
-4.553999999999999,1,0.1549899629629629,0.009535621049777773,0.0012680937696655692,2,"[1.0, 0, -4.553999999999999, 0, 1]",0.0
-4.5488888888888885,0,-0.0594021673525377,-0.013219062791241167,-0.00492768529556406,1,"[1.0, 0, -4.5488888888888885, 0, 1]",0.0
-4.5488888888888885,1,0.15455916780978504,0.009490951812765665,0.0012600818086457972,2,"[1.0, 0, -4.5488888888888885, 0, 1]",0.0
-4.543777777777778,0,-0.059143980521262005,-0.013165105125484933,-0.0048865260709043115,1,"[1.0, 0, -4.543777777777778, 0, 1]",0.0
-4.543777777777778,1,0.15412885642432553,0.009446397007244695,0.0012521103067563181,2,"[1.0, 0, -4.543777777777778, 0, 1]",0.0
-4.538666666666666,0,-0.05888608395061724,-0.01311127934770918,-0.00484564411573232,1,"[1.0, 0, -4.538666666666666, 0, 1]",0.0
-4.538666666666666,1,0.1536990288065843,0.00940195650464014,0.0012441790988094517,2,"[1.0, 0, -4.538666666666666, 0, 1]",0.0
-4.533555555555555,0,-0.058628477640603555,-0.013057585309558497,-0.0048050379929716015,1,"[1.0, 0, -4.533555555555555, 0, 1]",0.0
-4.533555555555555,1,0.15326968495656146,0.009357630176377309,0.001236288020135637,2,"[1.0, 0, -4.533555555555555, 0, 1]",0.0
-4.528444444444444,0,-0.05837116159122084,-0.013004022862677433,-0.004764706270863438,1,"[1.0, 0, -4.528444444444444, 0, 1]",0.0
-4.528444444444444,1,0.15284082487425693,0.009313417893881484,0.0012284369065823078,2,"[1.0, 0, -4.528444444444444, 0, 1]",0.0
-4.523333333333333,0,-0.058114135802469144,-0.01295059185871056,-0.004724647522954434,1,"[1.0, 0, -4.523333333333333, 0, 1]",0.0
-4.523333333333333,1,0.15241244855967076,0.00926931952857796,0.00122062559451278,2,"[1.0, 0, -4.523333333333333, 0, 1]",0.0
-4.518222222222222,0,-0.05785740027434841,-0.012897292149302438,-0.004684860328084004,1,"[1.0, 0, -4.518222222222222, 0, 1]",0.0
-4.518222222222222,1,0.15198455601280286,0.009225334951892017,0.001212853920805129,2,"[1.0, 0, -4.518222222222222, 0, 1]",0.0
-4.513111111111111,0,-0.0576009550068587,-0.012844123586097642,-0.00464534327037191,1,"[1.0, 0, -4.513111111111111, 0, 1]",0.0
-4.513111111111111,1,0.15155714723365338,0.00918146403524896,0.0012051217228510702,2,"[1.0, 0, -4.513111111111111, 0, 1]",0.0
-4.508,0,-0.057344800000000015,-0.01279108602074074,-0.0046060949392058,1,"[1.0, 0, -4.508, 0, 1]",0.0
-4.508,1,0.15113022222222222,0.009137706650074075,0.001197428838554841,2,"[1.0, 0, -4.508, 0, 1]",0.0
-4.502888888888888,0,-0.05708893525377226,-0.01273817930487628,-0.004567113929228736,1,"[1.0, 0, -4.502888888888888, 0, 1]",0.0
-4.502888888888888,1,0.1507037809785093,0.00909406266779264,0.0011897751063320878,2,"[1.0, 0, -4.502888888888888, 0, 1]",0.0
-4.497777777777777,0,-0.05683336076817558,-0.012685403290148852,-0.004528398840326828,1,"[1.0, 0, -4.497777777777777, 0, 1]",0.0
-4.497777777777777,1,0.1502778235025148,0.009050531959829968,0.0011821603651087542,2,"[1.0, 0, -4.497777777777777, 0, 1]",0.0
-4.492666666666667,0,-0.056578076543209885,-0.012632757828203015,-0.004489948277616747,1,"[1.0, 0, -4.492666666666667, 0, 1]",0.0
-4.492666666666667,1,0.14985234979423867,0.009007114397611338,0.001174584454319966,2,"[1.0, 0, -4.492666666666667, 0, 1]",0.0
-4.487555555555555,0,-0.05632308257887514,-0.012580242770683323,-0.004451760851433353,1,"[1.0, 0, -4.487555555555555, 0, 1]",0.0
-4.487555555555555,1,0.14942735985368077,0.008963809852562035,0.001167047213908912,2,"[1.0, 0, -4.487555555555555, 0, 1]",0.0
-4.482444444444444,0,-0.056068378875171465,-0.012527857969234361,-0.004413835177317325,1,"[1.0, 0, -4.482444444444444, 0, 1]",0.0
-4.482444444444444,1,0.14900285368084132,0.008920618196107365,0.0011595484843257503,2,"[1.0, 0, -4.482444444444444, 0, 1]",0.0
-4.477333333333333,0,-0.05581396543209877,-0.012475603275500681,-0.004376169876002748,1,"[1.0, 0, -4.477333333333333, 0, 1]",0.0
-4.477333333333333,1,0.14857883127572014,0.008877539299672606,0.0011520881065264807,2,"[1.0, 0, -4.477333333333333, 0, 1]",0.0
-4.472222222222221,0,-0.05555984224965703,-0.012423478541126853,-0.004338763573404774,1,"[1.0, 0, -4.472222222222221, 0, 1]",0.0
-4.472222222222221,1,0.14815529263831725,0.008834573034683053,0.00114466592197185,2,"[1.0, 0, -4.472222222222221, 0, 1]",0.0
-4.467111111111111,0,-0.05530600932784635,-0.012371483617757448,-0.004301614900607287,1,"[1.0, 0, -4.467111111111111, 0, 1]",0.0
-4.467111111111111,1,0.14773223776863278,0.008791719272564,0.001137281772626245,2,"[1.0, 0, -4.467111111111111, 0, 1]",0.0
-4.462,0,-0.05505246666666666,-0.012319618357037033,-0.004264722493850544,1,"[1.0, 0, -4.462, 0, 1]",0.0
-4.462,1,0.14730966666666664,0.008748977884740739,0.0011299355009565734,2,"[1.0, 0, -4.462, 0, 1]",0.0
-4.456888888888889,0,-0.05479921426611799,-0.01226788261061017,-0.0042280849945188735,1,"[1.0, 0, -4.456888888888889, 0, 1]",0.0
-4.456888888888889,1,0.14688757933241883,0.008706348742638554,0.0011226269499311778,2,"[1.0, 0, -4.456888888888889, 0, 1]",0.0
-4.451777777777777,0,-0.05454625212620025,-0.012216276230121417,-0.0041917010491283576,1,"[1.0, 0, -4.451777777777777, 0, 1]",0.0
-4.451777777777777,1,0.1464659757658893,0.008663831717682733,0.0011153559630187192,2,"[1.0, 0, -4.451777777777777, 0, 1]",0.0
-4.446666666666666,0,-0.05429358024691357,-0.012164799067215359,-0.004155569309314576,1,"[1.0, 0, -4.446666666666666, 0, 1]",0.0
-4.446666666666666,1,0.14604485596707814,0.00862142668129858,0.001108122384187084,2,"[1.0, 0, -4.446666666666666, 0, 1]",0.0
-4.4415555555555555,0,-0.05404119862825789,-0.012113450973536551,-0.004119688431820285,1,"[1.0, 0, -4.4415555555555555, 0, 1]",0.0
-4.4415555555555555,1,0.14562421993598534,0.008579133504911378,0.0011009260579022827,2,"[1.0, 0, -4.4415555555555555, 0, 1]",0.0
-4.436444444444444,0,-0.05378910727023317,-0.012062231800729557,-0.004084057078483179,1,"[1.0, 0, -4.436444444444444, 0, 1]",0.0
-4.436444444444444,1,0.14520406767261082,0.008536952059946413,0.001093766829127341,2,"[1.0, 0, -4.436444444444444, 0, 1]",0.0
-4.431333333333333,0,-0.0535373061728395,-0.012011141400438954,-0.004048673916223654,1,"[1.0, 0, -4.431333333333333, 0, 1]",0.0
-4.431333333333333,1,0.1447843991769547,0.008494882217828986,0.0010866445433212195,2,"[1.0, 0, -4.431333333333333, 0, 1]",0.0
-4.426222222222222,0,-0.053285795336076816,-0.011960179624309298,-0.004013537617032544,1,"[1.0, 0, -4.426222222222222, 0, 1]",0.0
-4.426222222222222,1,0.14436521444901687,0.008452923849984383,0.0010795590464376965,2,"[1.0, 0, -4.426222222222222, 0, 1]",0.0
-4.421111111111111,0,-0.053034574759945136,-0.011909346323985165,-0.00397864685795893,1,"[1.0, 0, -4.421111111111111, 0, 1]",0.0
-4.421111111111111,1,0.14394651348879742,0.008411076827837897,0.0010725101849242938,2,"[1.0, 0, -4.421111111111111, 0, 1]",0.0
-4.4159999999999995,0,-0.052783644444444416,-0.011858641351111103,-0.003944000321097908,1,"[1.0, 0, -4.4159999999999995, 0, 1]",0.0
-4.4159999999999995,1,0.14352829629629624,0.00836934102281481,0.0010654978057211674,2,"[1.0, 0, -4.4159999999999995, 0, 1]",0.0
-4.410888888888889,0,-0.05253300438957474,-0.011808064557331703,-0.0039095966935784356,1,"[1.0, 0, -4.410888888888889, 0, 1]",0.0
-4.410888888888889,1,0.14311056287151344,0.008327716306340426,0.001058521756260021,2,"[1.0, 0, -4.410888888888889, 0, 1]",0.0
-4.405777777777778,0,-0.052282654595336084,-0.011757615794291519,-0.003875434667551108,1,"[1.0, 0, -4.405777777777778, 0, 1]",0.0
-4.405777777777778,1,0.142693313214449,0.00828620254984003,0.0010515818844630148,2,"[1.0, 0, -4.405777777777778, 0, 1]",0.0
-4.400666666666666,0,-0.05203259506172836,-0.011707294913635109,-0.0038415129401760213,1,"[1.0, 0, -4.400666666666666, 0, 1]",0.0
-4.400666666666666,1,0.1422765473251028,0.008244799624738905,0.00104467803874167,2,"[1.0, 0, -4.400666666666666, 0, 1]",0.0
-4.395555555555555,0,-0.051782825788751694,-0.011657101767007055,-0.0038078302136106365,1,"[1.0, 0, -4.395555555555555, 0, 1]",0.0
-4.395555555555555,1,0.14186026520347503,0.008203507402462357,0.0010378100679957903,2,"[1.0, 0, -4.395555555555555, 0, 1]",0.0
-4.390444444444444,0,-0.051533346776406044,-0.011607036206051921,-0.0037743851949976134,1,"[1.0, 0, -4.390444444444444, 0, 1]",0.0
-4.390444444444444,1,0.1414444668495656,0.008162325754435672,0.0010309778216123634,2,"[1.0, 0, -4.390444444444444, 0, 1]",0.0
-4.385333333333333,0,-0.05128415802469134,-0.011557098082414258,-0.003741176596452697,1,"[1.0, 0, -4.385333333333333, 0, 1]",0.0
-4.385333333333333,1,0.14102915226337442,0.008121254552084128,0.0010241811494644789,2,"[1.0, 0, -4.385333333333333, 0, 1]",0.0
-4.380222222222222,0,-0.05103525953360767,-0.011507287247738652,-0.00370820313505264,1,"[1.0, 0, -4.380222222222222, 0, 1]",0.0
-4.380222222222222,1,0.14061432144490163,0.008080293666833032,0.0010174199019102462,2,"[1.0, 0, -4.380222222222222, 0, 1]",0.0
-4.375111111111111,0,-0.050786651303155,-0.011457603553669662,-0.0036754635328230694,1,"[1.0, 0, -4.375111111111111, 0, 1]",0.0
-4.375111111111111,1,0.14019997439414722,0.008039442970107672,0.0010106939297917072,2,"[1.0, 0, -4.375111111111111, 0, 1]",0.0
-4.369999999999999,0,-0.05053833333333331,-0.011408046851851842,-0.003642956516726423,1,"[1.0, 0, -4.369999999999999, 0, 1]",0.0
-4.369999999999999,1,0.13978611111111106,0.007998702333333328,0.0010040030844337508,2,"[1.0, 0, -4.369999999999999, 0, 1]",0.0
-4.364888888888888,0,-0.05029030562414265,-0.011358616993929782,-0.003610680818649914,1,"[1.0, 0, -4.364888888888888, 0, 1]",0.0
-4.364888888888888,1,0.13937273159579328,0.007958071627935305,0.0009973472176430388,2,"[1.0, 0, -4.364888888888888, 0, 1]",0.0
-4.3597777777777775,0,-0.05004256817558299,-0.01130931383154803,-0.003578635175393421,1,"[1.0, 0, -4.3597777777777775, 0, 1]",0.0
-4.3597777777777775,1,0.13895983584819385,0.007917550725338885,0.0009907261817069237,2,"[1.0, 0, -4.3597777777777775, 0, 1]",0.0
-4.354666666666667,0,-0.04979512098765433,-0.011260137216351166,-0.00354681832865751,1,"[1.0, 0, -4.354666666666667, 0, 1]",0.0
-4.354666666666667,1,0.13854742386831276,0.007877139496969365,0.0009841398293923605,2,"[1.0, 0, -4.354666666666667, 0, 1]",0.0
-4.349555555555555,0,-0.04954796406035662,-0.011211086999983733,-0.003515229025031362,1,"[1.0, 0, -4.349555555555555, 0, 1]",0.0
-4.349555555555555,1,0.1381354956561499,0.007836837814252023,0.0009775880139448437,2,"[1.0, 0, -4.349555555555555, 0, 1]",0.0
-4.344444444444444,0,-0.04930109739368997,-0.011162163034090325,-0.0034838660159808204,1,"[1.0, 0, -4.344444444444444, 0, 1]",0.0
-4.344444444444444,1,0.1377240512117055,0.007796645548612166,0.0009710705890873257,2,"[1.0, 0, -4.344444444444444, 0, 1]",0.0
-4.339333333333333,0,-0.049054520987654324,-0.011113365170315498,-0.0034527280578363437,1,"[1.0, 0, -4.339333333333333, 0, 1]",0.0
-4.339333333333333,1,0.1373130905349794,0.007756562571475077,0.000964587409019132,2,"[1.0, 0, -4.339333333333333, 0, 1]",0.0
-4.3342222222222215,0,-0.04880823484224962,-0.011064693260303805,-0.003421813911781044,1,"[1.0, 0, -4.3342222222222215, 0, 1]",0.0
-4.3342222222222215,1,0.13690261362597156,0.007716588754266042,0.0009581383284149019,2,"[1.0, 0, -4.3342222222222215, 0, 1]",0.0
-4.329111111111111,0,-0.04856223895747598,-0.011016147155699837,-0.0033911223438387495,1,"[1.0, 0, -4.329111111111111, 0, 1]",0.0
-4.329111111111111,1,0.13649262048468216,0.007676723968410367,0.0009517232024235105,2,"[1.0, 0, -4.329111111111111, 0, 1]",0.0
-4.324,0,-0.04831653333333334,-0.010967726708148145,-0.003360652124862001,1,"[1.0, 0, -4.324, 0, 1]",0.0
-4.324,1,0.1360831111111111,0.007636968085333332,0.0009453418866669932,2,"[1.0, 0, -4.324, 0, 1]",0.0
-4.318888888888889,0,-0.04807111796982169,-0.0109194317692933,-0.0033304020305201546,1,"[1.0, 0, -4.318888888888889, 0, 1]",0.0
-4.318888888888889,1,0.13567408550525836,0.007597320976460228,0.0009389942372394803,2,"[1.0, 0, -4.318888888888889, 0, 1]",0.0
-4.313777777777777,0,-0.047825992866941,-0.010871262190779855,-0.0033003708412874333,1,"[1.0, 0, -4.313777777777777, 0, 1]",0.0
-4.313777777777777,1,0.13526554366712387,0.0075577825132163426,0.0009326801107061246,2,"[1.0, 0, -4.313777777777777, 0, 1]",0.0
-4.308666666666666,0,-0.047581158024691345,-0.010823217824252397,-0.0032705573424310448,1,"[1.0, 0, -4.308666666666666, 0, 1]",0.0
-4.308666666666666,1,0.1348574855967078,0.007518352567026975,0.0009263993641020448,2,"[1.0, 0, -4.308666666666666, 0, 1]",0.0
-4.303555555555556,0,-0.04733661344307272,-0.010775298521355486,-0.0032409603239992564,1,"[1.0, 0, -4.303555555555556, 0, 1]",0.0
-4.303555555555556,1,0.13444991129401007,0.0074790310093174155,0.0009201518549312427,2,"[1.0, 0, -4.303555555555556, 0, 1]",0.0
-4.298444444444444,0,-0.04709235912208502,-0.010727504133733672,-0.0032115785808095195,1,"[1.0, 0, -4.298444444444444, 0, 1]",0.0
-4.298444444444444,1,0.13404282075903057,0.007439817711512941,0.0009139374411655471,2,"[1.0, 0, -4.298444444444444, 0, 1]",0.0
-4.293333333333333,0,-0.04684839506172839,-0.010679834513031545,-0.003182410912436631,1,"[1.0, 0, -4.293333333333333, 0, 1]",0.0
-4.293333333333333,1,0.1336362139917695,0.0074007125450388615,0.0009077559812435574,2,"[1.0, 0, -4.293333333333333, 0, 1]",0.0
-4.288222222222222,0,-0.04660472126200274,-0.01063228951089366,-0.0031534561232008378,1,"[1.0, 0, -4.288222222222222, 0, 1]",0.0
-4.288222222222222,1,0.13323009099222677,0.00736171538132046,0.0009016073340695643,2,"[1.0, 0, -4.288222222222222, 0, 1]",0.0
-4.28311111111111,0,-0.04636133772290807,-0.010584868978964582,-0.0031247130221560226,1,"[1.0, 0, -4.28311111111111, 0, 1]",0.0
-4.28311111111111,1,0.13282445176040233,0.0073228260917830214,0.0008954913590125029,2,"[1.0, 0, -4.28311111111111, 0, 1]",0.0
-4.278,0,-0.04611824444444443,-0.010537572768888882,-0.003096180423077879,1,"[1.0, 0, -4.278, 0, 1]",0.0
-4.278,1,0.13241929629629626,0.007284044547851847,0.0008894079159048841,2,"[1.0, 0, -4.278, 0, 1]",0.0
-4.272888888888889,0,-0.04587544142661179,-0.010490400732311127,-0.003067857144452091,1,"[1.0, 0, -4.272888888888889, 0, 1]",0.0
-4.272888888888889,1,0.13201462459990854,0.007245370620952223,0.0008833568650417449,2,"[1.0, 0, -4.272888888888889, 0, 1]",0.0
-4.267777777777777,0,-0.04563292866941013,-0.010443352720875874,-0.003039742009462534,1,"[1.0, 0, -4.267777777777777, 0, 1]",0.0
-4.267777777777777,1,0.13161043667123906,0.0072068041825094345,0.0008773380671795782,2,"[1.0, 0, -4.267777777777777, 0, 1]",0.0
-4.262666666666666,0,-0.04539070617283948,-0.010396428586227703,-0.003011833845979511,1,"[1.0, 0, -4.262666666666666, 0, 1]",0.0
-4.262666666666666,1,0.13120673251028803,0.007168345103948785,0.0008713513835352932,2,"[1.0, 0, -4.262666666666666, 0, 1]",0.0
-4.257555555555555,0,-0.04514877393689985,-0.010349628180011174,-0.0029841314865479605,1,"[1.0, 0, -4.257555555555555, 0, 1]",0.0
-4.257555555555555,1,0.1308035121170553,0.007129993256695555,0.0008653966757851445,2,"[1.0, 0, -4.257555555555555, 0, 1]",0.0
-4.2524444444444445,0,-0.044907131961591226,-0.01030295135387085,-0.002956633768375712,1,"[1.0, 0, -4.2524444444444445, 0, 1]",0.0
-4.2524444444444445,1,0.13040077549154092,0.00709174851217504,0.0008594738060636879,2,"[1.0, 0, -4.2524444444444445, 0, 1]",0.0
-4.247333333333333,0,-0.04466578024691356,-0.010256397959451298,-0.002929339533321748,1,"[1.0, 0, -4.247333333333333, 0, 1]",0.0
-4.247333333333333,1,0.1299985226337448,0.007053610741812525,0.000853582636962725,2,"[1.0, 0, -4.247333333333333, 0, 1]",0.0
-4.242222222222222,0,-0.04442471879286694,-0.010209967848397089,-0.002902247627884477,1,"[1.0, 0, -4.242222222222222, 0, 1]",0.0
-4.242222222222222,1,0.1295967535436671,0.007015579817033308,0.0008477230315302555,2,"[1.0, 0, -4.242222222222222, 0, 1]",0.0
-4.237111111111111,0,-0.04418394759945131,-0.010163660872352789,-0.0028753569031900166,1,"[1.0, 0, -4.237111111111111, 0, 1]",0.0
-4.237111111111111,1,0.12919546822130773,0.006977655609262679,0.0008418948532694231,2,"[1.0, 0, -4.237111111111111, 0, 1]",0.0
-4.231999999999999,0,-0.04394346666666664,-0.010117476882962953,-0.0028486662149804884,1,"[1.0, 0, -4.231999999999999, 0, 1]",0.0
-4.231999999999999,1,0.12879466666666659,0.006939837989925919,0.0008360979661374639,2,"[1.0, 0, -4.231999999999999, 0, 1]",0.0
-4.2268888888888885,0,-0.04370327599451303,-0.010071415731872169,-0.0028221744236023635,1,"[1.0, 0, -4.2268888888888885, 0, 1]",0.0
-4.2268888888888885,1,0.1283943488797439,0.006902126830448337,0.0008303322345446756,2,"[1.0, 0, -4.2268888888888885, 0, 1]",0.0
-4.221777777777778,0,-0.043463375582990404,-0.01002547727072499,-0.00279588039399475,1,"[1.0, 0, -4.221777777777778, 0, 1]",0.0
-4.221777777777778,1,0.12799451486053953,0.006864522002255211,0.000824597523353349,2,"[1.0, 0, -4.221777777777778, 0, 1]",0.0
-4.216666666666667,0,-0.043223765432098785,-0.009979661351165982,-0.002769782995677767,1,"[1.0, 0, -4.216666666666667, 0, 1]",0.0
-4.216666666666667,1,0.1275951646090535,0.006827023376771836,0.000818893697876739,2,"[1.0, 0, -4.216666666666667, 0, 1]",0.0
-4.211555555555555,0,-0.042984445541838126,-0.009933967824839704,-0.0027438811027408866,1,"[1.0, 0, -4.211555555555555, 0, 1]",0.0
-4.211555555555555,1,0.12719629812528574,0.006789630825423492,0.000813220623878014,2,"[1.0, 0, -4.211555555555555, 0, 1]",0.0
-4.206444444444444,0,-0.0427454159122085,-0.00988839654339074,-0.0027181735938313295,1,"[1.0, 0, -4.206444444444444, 0, 1]",0.0
-4.206444444444444,1,0.12679791540923635,0.0067523442196354855,0.0008075781675692189,2,"[1.0, 0, -4.206444444444444, 0, 1]",0.0
-4.201333333333333,0,-0.04250667654320989,-0.009842947358463649,-0.0026926593521424216,1,"[1.0, 0, -4.201333333333333, 0, 1]",0.0
-4.201333333333333,1,0.12640001646090535,0.006715163430833105,0.0008019661956102293,2,"[1.0, 0, -4.201333333333333, 0, 1]",0.0
-4.196222222222222,0,-0.04226822743484224,-0.009797620121702986,-0.002667337265402001,1,"[1.0, 0, -4.196222222222222, 0, 1]",0.0
-4.196222222222222,1,0.1260026012802926,0.006678088330441629,0.0007963845751077121,2,"[1.0, 0, -4.196222222222222, 0, 1]",0.0
-4.191111111111111,0,-0.04203006858710562,-0.009752414684753338,-0.002642206225860859,1,"[1.0, 0, -4.191111111111111, 0, 1]",0.0
-4.191111111111111,1,0.12560566986739824,0.006641118789886364,0.0007908331736140928,2,"[1.0, 0, -4.191111111111111, 0, 1]",0.0
-4.186,0,-0.0417922,-0.00970733089925926,-0.002617265130281128,1,"[1.0, 0, -4.186, 0, 1]",0.0
-4.186,1,0.12520922222222222,0.006604254680592593,0.0007853118591265116,2,"[1.0, 0, -4.186, 0, 1]",0.0
-4.180888888888888,0,-0.041554621673525347,-0.009662368616865308,-0.0025925128799247485,1,"[1.0, 0, -4.180888888888888, 0, 1]",0.0
-4.180888888888888,1,0.12481325834476445,0.0065674958739856,0.0007798205000857877,2,"[1.0, 0, -4.180888888888888, 0, 1]",0.0
-4.175777777777777,0,-0.04131733360768175,-0.00961752768921607,-0.002567948380541934,1,"[1.0, 0, -4.175777777777777, 0, 1]",0.0
-4.175777777777777,1,0.12441777823502512,0.0065308422414906905,0.0007743589653753942,2,"[1.0, 0, -4.175777777777777, 0, 1]",0.0
-4.1706666666666665,0,-0.04108033580246914,-0.009572807967956102,-0.0025435705423596123,1,"[1.0, 0, -4.1706666666666665, 0, 1]",0.0
-4.1706666666666665,1,0.12402278189300411,0.006494293654533149,0.0007689271243204101,2,"[1.0, 0, -4.1706666666666665, 0, 1]",0.0
-4.165555555555555,0,-0.040843628257887496,-0.009528209304729963,-0.00251937828006993,1,"[1.0, 0, -4.165555555555555, 0, 1]",0.0
-4.165555555555555,1,0.12362826931870136,0.00645784998453826,0.0007635248466864976,2,"[1.0, 0, -4.165555555555555, 0, 1]",0.0
-4.160444444444444,0,-0.04060721097393688,-0.009483731551182232,-0.0024953705128187573,1,"[1.0, 0, -4.160444444444444, 0, 1]",0.0
-4.160444444444444,1,0.12323424051211701,0.0064215111029313245,0.000758152002678874,2,"[1.0, 0, -4.160444444444444, 0, 1]",0.0
-4.155333333333333,0,-0.04037108395061727,-0.009439374558957473,-0.0024715461641941824,1,"[1.0, 0, -4.155333333333333, 0, 1]",0.0
-4.155333333333333,1,0.122840695473251,0.006385276881137629,0.0007528084629412725,2,"[1.0, 0, -4.155333333333333, 0, 1]",0.0
-4.150222222222222,0,-0.04013524718792867,-0.009395138179700249,-0.0024479041622150486,1,"[1.0, 0, -4.150222222222222, 0, 1]",0.0
-4.150222222222222,1,0.12244763420210333,0.006349147190582466,0.0007474940985549203,2,"[1.0, 0, -4.150222222222222, 0, 1]",0.0
-4.1451111111111105,0,-0.03989970068587104,-0.009351022265055117,-0.002424443439319491,1,"[1.0, 0, -4.1451111111111105, 0, 1]",0.0
-4.1451111111111105,1,0.12205505669867395,0.006313121902691116,0.0007422087810375103,2,"[1.0, 0, -4.1451111111111105, 0, 1]",0.0
-4.14,0,-0.03966444444444445,-0.009307026666666664,-0.0024011629323535087,1,"[1.0, 0, -4.14, 0, 1]",0.0
-4.14,1,0.12166296296296294,0.006277200888888887,0.0007369523823421741,2,"[1.0, 0, -4.14, 0, 1]",0.0
-4.134888888888889,0,-0.03942947846364883,-0.009263151236179441,-0.002378061582559504,1,"[1.0, 0, -4.134888888888889, 0, 1]",0.0
-4.134888888888889,1,0.12127135299497027,0.006241384020601059,0.0007317247748564602,2,"[1.0, 0, -4.134888888888889, 0, 1]",0.0
-4.129777777777777,0,-0.03919480274348419,-0.009219395825238013,-0.0023551383355648868,1,"[1.0, 0, -4.129777777777777, 0, 1]",0.0
-4.129777777777777,1,0.12088022679469584,0.006205671169252918,0.0007265258314013061,2,"[1.0, 0, -4.129777777777777, 0, 1]",0.0
-4.124666666666666,0,-0.038960417283950596,-0.009175760285486964,-0.002332392141370678,1,"[1.0, 0, -4.124666666666666, 0, 1]",0.0
-4.124666666666666,1,0.12048958436213988,0.0061700622062697726,0.0007213554252300249,2,"[1.0, 0, -4.124666666666666, 0, 1]",0.0
-4.119555555555555,0,-0.038726322085048004,-0.009132244468570845,-0.0023098219543400953,1,"[1.0, 0, -4.119555555555555, 0, 1]",0.0
-4.119555555555555,1,0.12009942569730223,0.006134557003076901,0.0007162134300272721,2,"[1.0, 0, -4.119555555555555, 0, 1]",0.0
-4.114444444444445,0,-0.038492517146776414,-0.009088848226134228,-0.0022874267331872,1,"[1.0, 0, -4.114444444444445, 0, 1]",0.0
-4.114444444444445,1,0.1197097508001829,0.0060991554310995955,0.0007110997199080364,2,"[1.0, 0, -4.114444444444445, 0, 1]",0.0
-4.109333333333333,0,-0.038259002469135786,-0.009045571409821668,-0.0022652054409655255,1,"[1.0, 0, -4.109333333333333, 0, 1]",0.0
-4.109333333333333,1,0.11932055967078184,0.006063857361763141,0.0007060141694166162,2,"[1.0, 0, -4.109333333333333, 0, 1]",0.0
-4.104222222222222,0,-0.0380257780521262,-0.00900241387127775,-0.0022431570450567487,1,"[1.0, 0, -4.104222222222222, 0, 1]",0.0
-4.104222222222222,1,0.1189318523090992,0.006028662666492843,0.0007009566535256073,2,"[1.0, 0, -4.104222222222222, 0, 1]",0.0
-4.099111111111111,0,-0.037792843895747594,-0.00895937546214703,-0.0022212805171593296,1,"[1.0, 0, -4.099111111111111, 0, 1]",0.0
-4.099111111111111,1,0.11854362871513488,0.005993571216713982,0.000695927047634882,2,"[1.0, 0, -4.099111111111111, 0, 1]",0.0
-4.093999999999999,0,-0.037560199999999974,-0.008916456034074068,-0.002199574833277215,1,"[1.0, 0, -4.093999999999999, 0, 1]",0.0
-4.093999999999999,1,0.11815588888888884,0.005958582883851846,0.0006909252275705757,2,"[1.0, 0, -4.093999999999999, 0, 1]",0.0
-4.088888888888889,0,-0.037327846364883385,-0.008873655438703444,-0.0021780389737085333,1,"[1.0, 0, -4.088888888888889, 0, 1]",0.0
-4.088888888888889,1,0.11776863283036118,0.0059236975393317385,0.0006859510695840772,2,"[1.0, 0, -4.088888888888889, 0, 1]",0.0
-4.083777777777778,0,-0.03709578299039781,-0.008830973527679723,-0.002156671923034294,1,"[1.0, 0, -4.083777777777778, 0, 1]",0.0
-4.083777777777778,1,0.11738186053955191,0.005888915054578944,0.0006810044503510156,2,"[1.0, 0, -4.083777777777778, 0, 1]",0.0
-4.078666666666666,0,-0.03686400987654319,-0.008788410152647455,-0.002135472670107109,1,"[1.0, 0, -4.078666666666666, 0, 1]",0.0
-4.078666666666666,1,0.11699557201646085,0.005854235301018742,0.0006760852469702434,2,"[1.0, 0, -4.078666666666666, 0, 1]",0.0
-4.073555555555555,0,-0.03663252702331961,-0.008745965165251227,-0.0021144402080399576,1,"[1.0, 0, -4.073555555555555, 0, 1]",0.0
-4.073555555555555,1,0.11660976726108821,0.005819658150076443,0.0006711933369628379,2,"[1.0, 0, -4.073555555555555, 0, 1]",0.0
-4.068444444444444,0,-0.03640133443072703,-0.008703638417135597,-0.0020935735341949067,1,"[1.0, 0, -4.068444444444444, 0, 1]",0.0
-4.068444444444444,1,0.11622444627343392,0.005785183473177325,0.0006663285982710869,2,"[1.0, 0, -4.068444444444444, 0, 1]",0.0
-4.063333333333333,0,-0.0361704320987654,-0.008661429759945122,-0.002072871650171891,1,"[1.0, 0, -4.063333333333333, 0, 1]",0.0
-4.063333333333333,1,0.11583960905349788,0.005750811141746679,0.0006614909092574759,2,"[1.0, 0, -4.063333333333333, 0, 1]",0.0
-4.058222222222222,0,-0.03593982002743483,-0.008619339045324385,-0.0020523335617975034,1,"[1.0, 0, -4.058222222222222, 0, 1]",0.0
-4.058222222222222,1,0.11545525560128025,0.005716541027209804,0.0006566801487036984,2,"[1.0, 0, -4.058222222222222, 0, 1]",0.0
-4.053111111111111,0,-0.03570949821673526,-0.008577366124917949,-0.002031958279113773,1,"[1.0, 0, -4.053111111111111, 0, 1]",0.0
-4.053111111111111,1,0.11507138591678095,0.00568237300099199,0.0006518961958096348,2,"[1.0, 0, -4.053111111111111, 0, 1]",0.0
-4.048,0,-0.03547946666666667,-0.008535510850370367,-0.002011744816366974,1,"[1.0, 0, -4.048, 0, 1]",0.0
-4.048,1,0.11468799999999998,0.005648306934518517,0.0006471389301923623,2,"[1.0, 0, -4.048, 0, 1]",0.0
-4.042888888888888,0,-0.03524972537722906,-0.008493773073326213,-0.001991692191996463,1,"[1.0, 0, -4.042888888888888, 0, 1]",0.0
-4.042888888888888,1,0.11430509785093729,0.0056143426992146805,0.0006424082318851418,2,"[1.0, 0, -4.042888888888888, 0, 1]",0.0
-4.0377777777777775,0,-0.035020274348422475,-0.008452152645430063,-0.0019717994286235136,1,"[1.0, 0, -4.0377777777777775, 0, 1]",0.0
-4.0377777777777775,1,0.113922679469593,0.00558048016650578,0.0006377039813364281,2,"[1.0, 0, -4.0377777777777775, 0, 1]",0.0
-4.032666666666667,0,-0.03479111358024692,-0.008410649418326475,-0.0019520655530401497,1,"[1.0, 0, -4.032666666666667, 0, 1]",0.0
-4.032666666666667,1,0.11354074485596707,0.0055467192078171015,0.0006330260594088636,2,"[1.0, 0, -4.032666666666667, 0, 1]",0.0
-4.027555555555555,0,-0.03456224307270231,-0.008369263243660005,-0.001932489596198021,1,"[1.0, 0, -4.027555555555555, 0, 1]",0.0
-4.027555555555555,1,0.11315929401005939,0.005513059694573925,0.0006283743473782806,2,"[1.0, 0, -4.027555555555555, 0, 1]",0.0
-4.022444444444444,0,-0.034333662825788744,-0.008327993973075239,-0.0019130705931972984,1,"[1.0, 0, -4.022444444444444, 0, 1]",0.0
-4.022444444444444,1,0.11277832693187012,0.0054795014982015585,0.0006237487269327092,2,"[1.0, 0, -4.022444444444444, 0, 1]",0.0
-4.017333333333333,0,-0.03410537283950618,-0.008286841458216733,-0.0018938075832755394,1,"[1.0, 0, -4.017333333333333, 0, 1]",0.0
-4.017333333333333,1,0.11239784362139918,0.005446044490125285,0.0006191490801713764,2,"[1.0, 0, -4.017333333333333, 0, 1]",0.0
-4.012222222222222,0,-0.03387737311385461,-0.008245805550729056,-0.001874699609796612,1,"[1.0, 0, -4.012222222222222, 0, 1]",0.0
-4.012222222222222,1,0.11201784407864654,0.005412688541770395,0.0006145752896037141,2,"[1.0, 0, -4.012222222222222, 0, 1]",0.0
-4.007111111111111,0,-0.033649663648834,-0.008204886102256764,-0.0018557457202396082,1,"[1.0, 0, -4.007111111111111, 0, 1]",0.0
-4.007111111111111,1,0.1116383283036122,0.005379433524562173,0.0006100272381483694,2,"[1.0, 0, -4.007111111111111, 0, 1]",0.0
-4.002,0,-0.03342224444444444,-0.008164082964444442,-0.0018369449661877967,1,"[1.0, 0, -4.002, 0, 1]",0.0
-4.002,1,0.11125929629629627,0.005346279309925924,0.0006055048091322075,2,"[1.0, 0, -4.002, 0, 1]",0.0
-3.9968888888888885,0,-0.033195115500685865,-0.008123395988936641,-0.001818296403317543,1,"[1.0, 0, -3.9968888888888885, 0, 1]",0.0
-3.9968888888888885,1,0.11088074805669865,0.005313225769286927,0.0006010078862893232,2,"[1.0, 0, -3.9968888888888885, 0, 1]",0.0
-3.9917777777777776,0,-0.032968276817558304,-0.008082825027377939,-0.0017997990913873017,1,"[1.0, 0, -3.9917777777777776, 0, 1]",0.0
-3.9917777777777776,1,0.11050268358481938,0.005280272774070482,0.0005965363537600517,2,"[1.0, 0, -3.9917777777777776, 0, 1]",0.0
-3.9866666666666664,0,-0.03274172839506172,-0.00804236993141289,-0.0017814520942265727,1,"[1.0, 0, -3.9866666666666664, 0, 1]",0.0
-3.9866666666666664,1,0.11012510288065841,0.005247420195701871,0.0005920900960899825,2,"[1.0, 0, -3.9866666666666664, 0, 1]",0.0
-3.9815555555555555,0,-0.03251547023319616,-0.00800203055268607,-0.0017632544797249105,1,"[1.0, 0, -3.9815555555555555, 0, 1]",0.0
-3.9815555555555555,1,0.1097480059442158,0.005214667905606394,0.0005876689982289705,2,"[1.0, 0, -3.9815555555555555, 0, 1]",0.0
-3.9764444444444442,0,-0.03228950233196158,-0.007961806742842041,-0.0017452053198209147,1,"[1.0, 0, -3.9764444444444442, 0, 1]",0.0
-3.9764444444444442,1,0.10937139277549152,0.005182015775209332,0.0005832729455301525,2,"[1.0, 0, -3.9764444444444442, 0, 1]",0.0
-3.971333333333333,0,-0.03206382469135802,-0.007921698353525373,-0.0017273036904912637,1,"[1.0, 0, -3.971333333333333, 0, 1]",0.0
-3.971333333333333,1,0.10899526337448556,0.0051494636759359825,0.0005789018237489595,2,"[1.0, 0, -3.971333333333333, 0, 1]",0.0
-3.966222222222222,0,-0.03183843731138547,-0.007881705236380631,-0.001709548671739738,1,"[1.0, 0, -3.966222222222222, 0, 1]",0.0
-3.966222222222222,1,0.10861961774119797,0.005117011479211637,0.0005745555190421383,2,"[1.0, 0, -3.966222222222222, 0, 1]",0.0
-3.961111111111111,0,-0.031613340192043884,-0.007841827243052376,-0.0016919393475862703,1,"[1.0, 0, -3.961111111111111, 0, 1]",0.0
-3.961111111111111,1,0.1082444558756287,0.00508465905646158,0.0005702339179667679,2,"[1.0, 0, -3.961111111111111, 0, 1]",0.0
-3.9559999999999995,0,-0.031388533333333316,-0.0078020642251851804,-0.0016744748060560167,1,"[1.0, 0, -3.9559999999999995, 0, 1]",0.0
-3.9559999999999995,1,0.10786977777777773,0.005052406279111108,0.000565936907479276,2,"[1.0, 0, -3.9559999999999995, 0, 1]",0.0
-3.9508888888888887,0,-0.031164016735253777,-0.007762416034423613,-0.0016571541391684232,1,"[1.0, 0, -3.9508888888888887, 0, 1]",0.0
-3.9508888888888887,1,0.10749558344764515,0.005020253018585512,0.0005616643749344678,2,"[1.0, 0, -3.9508888888888887, 0, 1]",0.0
-3.9457777777777774,0,-0.0309397903978052,-0.007722882522412229,-0.0016399764429263146,1,"[1.0, 0, -3.9457777777777774, 0, 1]",0.0
-3.9457777777777774,1,0.10712187288523087,0.004988199146310077,0.0005574162080845404,2,"[1.0, 0, -3.9457777777777774, 0, 1]",0.0
-3.9406666666666665,0,-0.030715854320987654,-0.007683463540795607,-0.0016229408173050123,1,"[1.0, 0, -3.9406666666666665, 0, 1]",0.0
-3.9406666666666665,1,0.10674864609053497,0.004956244533710103,0.0005531922950781098,2,"[1.0, 0, -3.9406666666666665, 0, 1]",0.0
-3.9355555555555553,0,-0.030492208504801097,-0.007644158941218307,-0.0016060463662414379,1,"[1.0, 0, -3.9355555555555553, 0, 1]",0.0
-3.9355555555555553,1,0.10637590306355735,0.004924389052210874,0.0005489925244592329,2,"[1.0, 0, -3.9355555555555553, 0, 1]",0.0
-3.9304444444444444,0,-0.030268852949245542,-0.007604968575324896,-0.0015892921976232539,1,"[1.0, 0, -3.9304444444444444, 0, 1]",0.0
-3.9304444444444444,1,0.10600364380429811,0.004892632573237682,0.0005448167851664411,2,"[1.0, 0, -3.9304444444444444, 0, 1]",0.0
-3.925333333333333,0,-0.03004578765432099,-0.007565892294759942,-0.0015726774232780094,1,"[1.0, 0, -3.925333333333333, 0, 1]",0.0
-3.925333333333333,1,0.1056318683127572,0.00486097496821582,0.0005406649665317568,2,"[1.0, 0, -3.925333333333333, 0, 1]",0.0
-3.920222222222222,0,-0.029823012620027428,-0.007526929951168009,-0.0015562011589622985,1,"[1.0, 0, -3.920222222222222, 0, 1]",0.0
-3.920222222222222,1,0.10526057658893456,0.004829416108570574,0.0005365369582797275,2,"[1.0, 0, -3.920222222222222, 0, 1]",0.0
-3.915111111111111,0,-0.029600527846364882,-0.007488081396193669,-0.0015398625243509415,1,"[1.0, 0, -3.915111111111111, 0, 1]",0.0
-3.915111111111111,1,0.10488976863283034,0.004797955865727243,0.0005324326505264598,2,"[1.0, 0, -3.915111111111111, 0, 1]",0.0
-3.9099999999999997,0,-0.029378333333333326,-0.007449346481481478,-0.0015236606430261614,1,"[1.0, 0, -3.9099999999999997, 0, 1]",0.0
-3.9099999999999997,1,0.10451944444444441,0.004766594111111109,0.0005283519337786408,2,"[1.0, 0, -3.9099999999999997, 0, 1]",0.0
-3.9048888888888884,0,-0.029156429080932772,-0.007410725058676011,-0.0015075946424668038,1,"[1.0, 0, -3.9048888888888884, 0, 1]",0.0
-3.9048888888888884,1,0.10414960402377682,0.004735330716147467,0.0005242946989325771,2,"[1.0, 0, -3.9048888888888884, 0, 1]",0.0
-3.8997777777777776,0,-0.028934815089163235,-0.007372216979421834,-0.0014916636540375405,1,"[1.0, 0, -3.8997777777777776, 0, 1]",0.0
-3.8997777777777776,1,0.10378024737082761,0.004704165552261612,0.0005202608372732275,2,"[1.0, 0, -3.8997777777777776, 0, 1]",0.0
-3.8946666666666663,0,-0.028713491358024673,-0.0073338220953635055,-0.0014758668129781043,1,"[1.0, 0, -3.8946666666666663, 0, 1]",0.0
-3.8946666666666663,1,0.10341137448559667,0.004673098490878826,0.0005162502404732344,2,"[1.0, 0, -3.8946666666666663, 0, 1]",0.0
-3.8895555555555554,0,-0.028492457887517142,-0.007295540258145606,-0.0014602032583925422,1,"[1.0, 0, -3.8895555555555554, 0, 1]",0.0
-3.8895555555555554,1,0.10304298536808412,0.004642129403424409,0.0005122628005919654,2,"[1.0, 0, -3.8895555555555554, 0, 1]",0.0
-3.884444444444444,0,-0.0282717146776406,-0.0072573713194126884,-0.0014446721332384595,1,"[1.0, 0, -3.884444444444444, 0, 1]",0.0
-3.884444444444444,1,0.10267508001828987,0.0046112581613236454,0.0005082984100745452,2,"[1.0, 0, -3.884444444444444, 0, 1]",0.0
-3.8793333333333333,0,-0.028051261728395074,-0.0072193151308093265,-0.0014292725843163092,1,"[1.0, 0, -3.8793333333333333, 0, 1]",0.0
-3.8793333333333333,1,0.10230765843621398,0.004580484636001829,0.0005043569617508988,2,"[1.0, 0, -3.8793333333333333, 0, 1]",0.0
-3.874222222222222,0,-0.027831099039780524,-0.007181371543980083,-0.0014140037622586681,1,"[1.0, 0, -3.874222222222222, 0, 1]",0.0
-3.874222222222222,1,0.10194072062185641,0.004549808698884248,0.0005004383488347871,2,"[1.0, 0, -3.874222222222222, 0, 1]",0.0
-3.8691111111111107,0,-0.027611226611796977,-0.007143540410569524,-0.001398864821519545,1,"[1.0, 0, -3.8691111111111107, 0, 1]",0.0
-3.8691111111111107,1,0.10157426657521718,0.004519230221396194,0.0004965424649228511,2,"[1.0, 0, -3.8691111111111107, 0, 1]",0.0
-3.864,0,-0.027391644444444446,-0.007105821582222221,-0.0013838549203636962,1,"[1.0, 0, -3.864, 0, 1]",0.0
-3.864,1,0.1012082962962963,0.004488749074962963,0.0004926692039936524,2,"[1.0, 0, -3.864, 0, 1]",0.0
-3.8588888888888886,0,-0.027172352537722905,-0.007068214910582732,-0.0013689732208559482,1,"[1.0, 0, -3.8588888888888886, 0, 1]",0.0
-3.8588888888888886,1,0.10084280978509372,0.004458365131009837,0.0004888184604067191,2,"[1.0, 0, -3.8588888888888886, 0, 1]",0.0
-3.8537777777777773,0,-0.026953350891632352,-0.007030720247295631,-0.0013542188888505532,1,"[1.0, 0, -3.8537777777777773, 0, 1]",0.0
-3.8537777777777773,1,0.10047780704160947,0.004428078260962113,0.00048499012890158724,2,"[1.0, 0, -3.8537777777777773, 0, 1]",0.0
-3.8486666666666665,0,-0.02673463950617283,-0.006993337444005485,-0.0013395910939805384,1,"[1.0, 0, -3.8486666666666665, 0, 1]",0.0
-3.8486666666666665,1,0.1001132880658436,0.004397888336245083,0.0004811841045968523,2,"[1.0, 0, -3.8486666666666665, 0, 1]",0.0
-3.843555555555555,0,-0.026516218381344298,-0.006956066352356852,-0.0013250890096470783,1,"[1.0, 0, -3.843555555555555, 0, 1]",0.0
-3.843555555555555,1,0.09974925285779604,0.004367795228284033,0.0004774002829892093,2,"[1.0, 0, -3.843555555555555, 0, 1]",0.0
-3.8384444444444443,0,-0.02629808751714678,-0.0069189068239943075,-0.0013107118130088874,1,"[1.0, 0, -3.8384444444444443, 0, 1]",0.0
-3.8384444444444443,1,0.09938570141746683,0.004337798808504258,0.00047363855995250826,2,"[1.0, 0, -3.8384444444444443, 0, 1]",0.0
-3.833333333333333,0,-0.02608024691358024,-0.006881858710562413,-0.0012964586849716145,1,"[1.0, 0, -3.833333333333333, 0, 1]",0.0
-3.833333333333333,1,0.09902263374485595,0.004307898948331047,0.00046989883173680026,2,"[1.0, 0, -3.833333333333333, 0, 1]",0.0
-3.828222222222222,0,-0.025862696570644716,-0.006844921863705735,-0.0012823288101772583,1,"[1.0, 0, -3.828222222222222, 0, 1]",0.0
-3.828222222222222,1,0.0986600498399634,0.004278095519189689,0.00046618099496739066,2,"[1.0, 0, -3.828222222222222, 0, 1]",0.0
-3.823111111111111,0,-0.025645436488340195,-0.006808096135068838,-0.0012683213769935974,1,"[1.0, 0, -3.823111111111111, 0, 1]",0.0
-3.823111111111111,1,0.09829794970278918,0.0042483883925054765,0.00046248494664388956,2,"[1.0, 0, -3.823111111111111, 0, 1]",0.0
-3.8179999999999996,0,-0.025428466666666663,-0.006771381376296293,-0.001254435577503634,1,"[1.0, 0, -3.8179999999999996, 0, 1]",0.0
-3.8179999999999996,1,0.09793633333333332,0.004218777439703702,0.00045881058413926797,2,"[1.0, 0, -3.8179999999999996, 0, 1]",0.0
-3.8128888888888888,0,-0.025211787105624148,-0.006734777439032667,-0.0012406706074950472,1,"[1.0, 0, -3.8128888888888888, 0, 1]",0.0
-3.8128888888888888,1,0.09757520073159578,0.004189262532209656,0.00045515780519891046,2,"[1.0, 0, -3.8128888888888888, 0, 1]",0.0
-3.8077777777777775,0,-0.024995397805212607,-0.006698284174922518,-0.0012270256664496618,1,"[1.0, 0, -3.8077777777777775, 0, 1]",0.0
-3.8077777777777775,1,0.09721455189757655,0.0041598435414486245,0.0004515265079396729,2,"[1.0, 0, -3.8077777777777775, 0, 1]",0.0
-3.802666666666666,0,-0.024779298765432084,-0.006661901435610421,-0.0012134999575329425,1,"[1.0, 0, -3.802666666666666, 0, 1]",0.0
-3.802666666666666,1,0.09685438683127567,0.004130520338845904,0.00044791659084894033,2,"[1.0, 0, -3.802666666666666, 0, 1]",0.0
-3.7975555555555554,0,-0.024563489986282577,-0.0066256290727409435,-0.0012000926875834848,1,"[1.0, 0, -3.7975555555555554, 0, 1]",0.0
-3.7975555555555554,1,0.09649470553269318,0.004101292795826788,0.00044432795278368436,2,"[1.0, 0, -3.7975555555555554, 0, 1]",0.0
-3.792444444444444,0,-0.024347971467764046,-0.00658946693795864,-0.0011868030671025247,1,"[1.0, 0, -3.792444444444444, 0, 1]",0.0
-3.792444444444444,1,0.09613550800182896,0.004072160783816555,0.00044076049296952355,2,"[1.0, 0, -3.792444444444444, 0, 1]",0.0
-3.787333333333333,0,-0.024132743209876545,-0.006553414882908092,-0.0011736303102434808,1,"[1.0, 0, -3.787333333333333, 0, 1]",0.0
-3.787333333333333,1,0.09577679423868313,0.004043124174240511,0.0004372141109997853,2,"[1.0, 0, -3.787333333333333, 0, 1]",0.0
-3.782222222222222,0,-0.02391780521262002,-0.006517472759233853,-0.001160573634801476,1,"[1.0, 0, -3.782222222222222, 0, 1]",0.0
-3.782222222222222,1,0.09541856424325557,0.004014182838523936,0.0004336887068345678,2,"[1.0, 0, -3.782222222222222, 0, 1]",0.0
-3.777111111111111,0,-0.023703157475994524,-0.0064816404185805004,-0.001147632262202911,1,"[1.0, 0, -3.777111111111111, 0, 1]",0.0
-3.777111111111111,1,0.09506081801554639,0.003985336648092127,0.00043018418079980624,2,"[1.0, 0, -3.777111111111111, 0, 1]",0.0
-3.772,0,-0.023488800000000004,-0.0064459177125925915,-0.0011348054174950175,1,"[1.0, 0, -3.772, 0, 1]",0.0
-3.772,1,0.09470355555555554,0.00395658547437037,0.0004267004335863341,2,"[1.0, 0, -3.772, 0, 1]",0.0
-3.7668888888888885,0,-0.023274732784636473,-0.006410304492914695,-0.001122092329335454,1,"[1.0, 0, -3.7668888888888885, 0, 1]",0.0
-3.7668888888888885,1,0.094346776863283,0.0039279291887839565,0.00042323736624895085,2,"[1.0, 0, -3.7668888888888885, 0, 1]",0.0
-3.7617777777777777,0,-0.023060955829903987,-0.006374800611191382,-0.001109492229981899,1,"[1.0, 0, -3.7617777777777777, 0, 1]",0.0
-3.7617777777777777,1,0.09399048193872886,0.0038993676627581833,0.0004197948802054927,2,"[1.0, 0, -3.7617777777777777, 0, 1]",0.0
-3.7566666666666664,0,-0.022847469135802462,-0.006339405919067213,-0.0010970043552816586,1,"[1.0, 0, -3.7566666666666664, 0, 1]",0.0
-3.7566666666666664,1,0.09363467078189297,0.0038709007677183343,0.00041637287723589436,2,"[1.0, 0, -3.7566666666666664, 0, 1]",0.0
-3.751555555555555,0,-0.02263427270233194,-0.0063041202681867565,-0.0010846279446612979,1,"[1.0, 0, -3.751555555555555, 0, 1]",0.0
-3.751555555555555,1,0.09327934339277544,0.003842528375089703,0.0004129712594812687,2,"[1.0, 0, -3.751555555555555, 0, 1]",0.0
-3.7464444444444442,0,-0.022421366529492462,-0.006268943510194582,-0.0010723622411162803,1,"[1.0, 0, -3.7464444444444442, 0, 1]",0.0
-3.7464444444444442,1,0.09292449977137629,0.003814250356297582,0.0004095899294429713,2,"[1.0, 0, -3.7464444444444442, 0, 1]",0.0
-3.741333333333333,0,-0.022208750617283946,-0.006233875496735252,-0.0010602064912006155,1,"[1.0, 0, -3.741333333333333, 0, 1]",0.0
-3.741333333333333,1,0.09257013991769544,0.003786066582767259,0.0004062287899816732,2,"[1.0, 0, -3.741333333333333, 0, 1]",0.0
-3.736222222222222,0,-0.021996424965706446,-0.006198916079453334,-0.001048159945016535,1,"[1.0, 0, -3.736222222222222, 0, 1]",0.0
-3.736222222222222,1,0.09221626383173295,0.003757976925924028,0.00040288774431643904,2,"[1.0, 0, -3.736222222222222, 0, 1]",0.0
-3.731111111111111,0,-0.021784389574759935,-0.006164065109993392,-0.001036221856204168,1,"[1.0, 0, -3.731111111111111, 0, 1]",0.0
-3.731111111111111,1,0.09186287151348876,0.0037299812571931767,0.00039956669602379797,2,"[1.0, 0, -3.731111111111111, 0, 1]",0.0
-3.726,0,-0.02157264444444444,-0.0061293224399999995,-0.0010243914819312448,1,"[1.0, 0, -3.726, 0, 1]",0.0
-3.726,1,0.09150996296296296,0.003702079447999999,0.00039626554903682466,2,"[1.0, 0, -3.726, 0, 1]",0.0
-3.7208888888888887,0,-0.021361189574759937,-0.006094687921117715,-0.0010126680828827963,1,"[1.0, 0, -3.7208888888888887, 0, 1]",0.0
-3.7208888888888887,1,0.09115753818015546,0.003674271369769783,0.00039298420764421094,2,"[1.0, 0, -3.7208888888888887, 0, 1]",0.0
-3.7157777777777774,0,-0.021150024965706435,-0.006060161404991105,-0.001001050923250888,1,"[1.0, 0, -3.7157777777777774, 0, 1]",0.0
-3.7157777777777774,1,0.09080559716506628,0.00364655689392782,0.00038972257648935095,2,"[1.0, 0, -3.7157777777777774, 0, 1]",0.0
-3.7106666666666666,0,-0.02093915061728395,-0.006025742743264744,-0.000989539270724356,1,"[1.0, 0, -3.7106666666666666, 0, 1]",0.0
-3.7106666666666666,1,0.09045413991769546,0.0036189358918994044,0.00038648056056941735,2,"[1.0, 0, -3.7106666666666666, 0, 1]",0.0
-3.7055555555555553,0,-0.020728566529492454,-0.005991431787583192,-0.0009781323964785555,1,"[1.0, 0, -3.7055555555555553, 0, 1]",0.0
-3.7055555555555553,1,0.09010316643804295,0.0035914082351098226,0.0003832580652344442,2,"[1.0, 0, -3.7055555555555553, 0, 1]",0.0
-3.700444444444444,0,-0.020518272702331947,-0.005957228389591014,-0.0009668295751651295,1,"[1.0, 0, -3.700444444444444, 0, 1]",0.0
-3.700444444444444,1,0.08975267672610879,0.0035639737949843663,0.0003800549961864113,2,"[1.0, 0, -3.700444444444444, 0, 1]",0.0
-3.695333333333333,0,-0.020308269135802456,-0.005923132400932783,-0.0009556300849017944,1,"[1.0, 0, -3.695333333333333, 0, 1]",0.0
-3.695333333333333,1,0.08940267078189298,0.0035366324429483295,0.00037687125947832455,2,"[1.0, 0, -3.695333333333333, 0, 1]",0.0
-3.690222222222222,0,-0.02009855582990397,-0.005889143673253058,-0.0009445332072621248,1,"[1.0, 0, -3.690222222222222, 0, 1]",0.0
-3.690222222222222,1,0.08905314860539548,0.003509384050426999,0.0003737067615133038,2,"[1.0, 0, -3.690222222222222, 0, 1]",0.0
-3.685111111111111,0,-0.0198891327846365,-0.005855262058196413,-0.000933538227265373,1,"[1.0, 0, -3.685111111111111, 0, 1]",0.0
-3.685111111111111,1,0.08870411019661636,0.0034822284888456696,0.0003705614090436704,2,"[1.0, 0, -3.685111111111111, 0, 1]",0.0
-3.6799999999999997,0,-0.01967999999999999,-0.005821487407407405,-0.0009226444333662806,1,"[1.0, 0, -3.6799999999999997, 0, 1]",0.0
-3.6799999999999997,1,0.08835555555555552,0.0034551656296296276,0.0003674351091700309,2,"[1.0, 0, -3.6799999999999997, 0, 1]",0.0
-3.674888888888889,0,-0.01947115747599451,-0.005787819572530609,-0.0009118511174449285,1,"[1.0, 0, -3.674888888888889, 0, 1]",0.0
-3.674888888888889,1,0.08800748468221306,0.0034281953442041684,0.00036432776934037196,2,"[1.0, 0, -3.674888888888889, 0, 1]",0.0
-3.6697777777777776,0,-0.01926260521262002,-0.0057542584052105855,-0.000901157574796575,1,"[1.0, 0, -3.6697777777777776, 0, 1]",0.0
-3.6697777777777776,1,0.08765989757658892,0.003401317503994579,0.00036123929734914516,2,"[1.0, 0, -3.6697777777777776, 0, 1]",0.0
-3.6646666666666663,0,-0.019054343209876534,-0.005720803757091904,-0.0008905631041215308,1,"[1.0, 0, -3.6646666666666663, 0, 1]",0.0
-3.6646666666666663,1,0.0873127942386831,0.0033745319804261518,0.00035816960133636203,2,"[1.0, 0, -3.6646666666666663, 0, 1]",0.0
-3.6595555555555555,0,-0.018846371467764064,-0.0056874554798191325,-0.0008800670075150336,1,"[1.0, 0, -3.6595555555555555, 0, 1]",0.0
-3.6595555555555555,1,0.08696617466849564,0.0033478386449241806,0.0003551185897866857,2,"[1.0, 0, -3.6595555555555555, 0, 1]",0.0
-3.654444444444444,0,-0.01863868998628257,-0.005654213425036831,-0.0008696685904571397,1,"[1.0, 0, -3.654444444444444, 0, 1]",0.0
-3.654444444444444,1,0.0866200388660265,0.0033212373689139505,0.0003520861715285255,2,"[1.0, 0, -3.654444444444444, 0, 1]",0.0
-3.649333333333333,0,-0.018431298765432078,-0.005621077444389571,-0.0008593671618026367,1,"[1.0, 0, -3.649333333333333, 0, 1]",0.0
-3.649333333333333,1,0.08627438683127568,0.0032947280238207564,0.00034907225573313163,2,"[1.0, 0, -3.649333333333333, 0, 1]",0.0
-3.644222222222222,0,-0.018224197805212616,-0.005588047389521921,-0.0008491620337709632,1,"[1.0, 0, -3.644222222222222, 0, 1]",0.0
-3.644222222222222,1,0.08592921856424324,0.0032683104810698896,0.0003460767519136934,2,"[1.0, 0, -3.644222222222222, 0, 1]",0.0
-3.6391111111111107,0,-0.01801738710562413,-0.005555123112078441,-0.0008390525219361385,1,"[1.0, 0, -3.6391111111111107, 0, 1]",0.0
-3.6391111111111107,1,0.0855845340649291,0.003241984612086638,0.00034309956992443423,2,"[1.0, 0, -3.6391111111111107, 0, 1]",0.0
-3.634,0,-0.01781086666666666,-0.005522304463703703,-0.0008290379452167222,1,"[1.0, 0, -3.634, 0, 1]",0.0
-3.634,1,0.08524033333333332,0.003215750288296295,0.000340140619959715,2,"[1.0, 0, -3.634, 0, 1]",0.0
-3.6288888888888886,0,-0.01760463648834018,-0.005489591296042268,-0.0008191176258657692,1,"[1.0, 0, -3.6288888888888886, 0, 1]",0.0
-3.6288888888888886,1,0.08489661636945585,0.0031896073811241497,0.0003371998125531298,2,"[1.0, 0, -3.6288888888888886, 0, 1]",0.0
-3.6237777777777778,0,-0.017398696570644717,-0.005456983460738707,-0.0008092908894608135,1,"[1.0, 0, -3.6237777777777778, 0, 1]",0.0
-3.6237777777777778,1,0.08455338317329675,0.0031635557619954947,0.00033427705857661254,2,"[1.0, 0, -3.6237777777777778, 0, 1]",0.0
-3.6186666666666665,0,-0.017193046913580243,-0.0054244808094375836,-0.0007995570648938566,1,"[1.0, 0, -3.6186666666666665, 0, 1]",0.0
-3.6186666666666665,1,0.08421063374485595,0.0031375953023356183,0.00033137226923953477,2,"[1.0, 0, -3.6186666666666665, 0, 1]",0.0
-3.613555555555555,0,-0.01698768751714677,-0.005392083193783464,-0.0007899154843613748,1,"[1.0, 0, -3.613555555555555, 0, 1]",0.0
-3.613555555555555,1,0.08386836808413349,0.0031117258735698125,0.00032848535608781494,2,"[1.0, 0, -3.613555555555555, 0, 1]",0.0
-3.6084444444444443,0,-0.016782618381344303,-0.005359790465420919,-0.0007803654833543411,1,"[1.0, 0, -3.6084444444444443, 0, 1]",0.0
-3.6084444444444443,1,0.08352658619112938,0.0030859473471233703,0.00032561623100301997,2,"[1.0, 0, -3.6084444444444443, 0, 1]",0.0
-3.603333333333333,0,-0.016577839506172837,-0.005327602475994511,-0.0007709064006482537,1,"[1.0, 0, -3.603333333333333, 0, 1]",0.0
-3.603333333333333,1,0.08318528806584359,0.0030602595944215797,0.0003227648062014744,2,"[1.0, 0, -3.603333333333333, 0, 1]",0.0
-3.5982222222222218,0,-0.01637335089163236,-0.005295519077148807,-0.0007615375782931913,1,"[1.0, 0, -3.5982222222222218, 0, 1]",0.0
-3.5982222222222218,1,0.08284447370827615,0.003034662486889734,0.0003199309942333674,2,"[1.0, 0, -3.5982222222222218, 0, 1]",0.0
-3.593111111111111,0,-0.0161691525377229,-0.0052635401205283735,-0.0007522583616038706,1,"[1.0, 0, -3.593111111111111, 0, 1]",0.0
-3.593111111111111,1,0.08250414311842705,0.003009155895953122,0.0003171147079818626,2,"[1.0, 0, -3.593111111111111, 0, 1]",0.0
-3.588,0,-0.015965244444444457,-0.0052316654577777765,-0.0007430680991497243,1,"[1.0, 0, -3.588, 0, 1]",0.0
-3.588,1,0.08216429629629629,0.002983739693037037,0.0003143158606622075,2,"[1.0, 0, -3.588, 0, 1]",0.0
-3.5828888888888883,0,-0.01576162661179696,-0.0051998949405415796,-0.0007339661427449914,1,"[1.0, 0, -3.5828888888888883, 0, 1]",0.0
-3.5828888888888883,1,0.08182493324188382,0.0029584137495667637,0.00031153436582084646,2,"[1.0, 0, -3.5828888888888883, 0, 1]",0.0
-3.5777777777777775,0,-0.015558299039780524,-0.005168228420464358,-0.000724951847438825,1,"[1.0, 0, -3.5777777777777775, 0, 1]",0.0
-3.5777777777777775,1,0.08148605395518974,0.002933177936967602,0.00030877013733453425,2,"[1.0, 0, -3.5777777777777775, 0, 1]",0.0
-3.5726666666666667,0,-0.015355261728395075,-0.005136665749190672,-0.0007160245715054035,1,"[1.0, 0, -3.5726666666666667, 0, 1]",0.0
-3.5726666666666667,1,0.08114765843621399,0.0029080321266648375,0.0003060230894094487,2,"[1.0, 0, -3.5726666666666667, 0, 1]",0.0
-3.5675555555555554,0,-0.015152514677640602,-0.005105206778365085,-0.0007071836764340699,1,"[1.0, 0, -3.5675555555555554, 0, 1]",0.0
-3.5675555555555554,1,0.08080974668495655,0.00288297619008376,0.0003032931365803067,2,"[1.0, 0, -3.5675555555555554, 0, 1]",0.0
-3.562444444444444,0,-0.014950057887517146,-0.005073851359632167,-0.0006984285269194768,1,"[1.0, 0, -3.562444444444444, 0, 1]",0.0
-3.562444444444444,1,0.08047231870141744,0.002858009998649662,0.00030058019370948264,2,"[1.0, 0, -3.562444444444444, 0, 1]",0.0
-3.5573333333333332,0,-0.014747891358024692,-0.005042599344636486,-0.0006897584908517479,1,"[1.0, 0, -3.5573333333333332, 0, 1]",0.0
-3.5573333333333332,1,0.0801353744855967,0.0028331334237878363,0.0002978841759861253,2,"[1.0, 0, -3.5573333333333332, 0, 1]",0.0
-3.552222222222222,0,-0.014546015089163228,-0.005011450585022606,-0.0006811729393066504,1,"[1.0, 0, -3.552222222222222, 0, 1]",0.0
-3.552222222222222,1,0.07979891403749426,0.00280834633692357,0.00029520499892527645,2,"[1.0, 0, -3.552222222222222, 0, 1]",0.0
-3.5471111111111107,0,-0.01434442908093278,-0.004980404932435094,-0.000672671246535788,1,"[1.0, 0, -3.5471111111111107, 0, 1]",0.0
-3.5471111111111107,1,0.07946293735711017,0.002783648609482157,0.0002925425783669937,2,"[1.0, 0, -3.5471111111111107, 0, 1]",0.0
-3.542,0,-0.014143133333333335,-0.0049494622385185165,-0.0006642527899568004,1,"[1.0, 0, -3.542, 0, 1]",0.0
-3.542,1,0.07912744444444443,0.0027590401128888874,0.0002898968304754703,2,"[1.0, 0, -3.542, 0, 1]",0.0
-3.536888888888889,0,-0.013942127846364893,-0.004918622354917442,-0.0006559169501435842,1,"[1.0, 0, -3.536888888888889, 0, 1]",0.0
-3.536888888888889,1,0.07879243529949703,0.002734520718569053,0.0002872676717381592,2,"[1.0, 0, -3.536888888888889, 0, 1]",0.0
-3.5317777777777772,0,-0.013741412620027413,-0.004887885133276429,-0.000647663110816519,1,"[1.0, 0, -3.5317777777777772, 0, 1]",0.0
-3.5317777777777772,1,0.07845790992226791,0.002710090297947939,0.00028465501896489723,2,"[1.0, 0, -3.5317777777777772, 0, 1]",0.0
-3.5266666666666664,0,-0.01354098765432099,-0.004857250425240054,-0.0006394906588327214,1,"[1.0, 0, -3.5266666666666664, 0, 1]",0.0
-3.5266666666666664,1,0.07812386831275718,0.0026857487224508448,0.0002820587892870325,2,"[1.0, 0, -3.5266666666666664, 0, 1]",0.0
-3.5215555555555556,0,-0.013340852949245544,-0.004826718082452878,-0.0006313989841762952,1,"[1.0, 0, -3.5215555555555556, 0, 1]",0.0
-3.5215555555555556,1,0.07779031047096478,0.0026614958635030562,0.00027947890015654847,2,"[1.0, 0, -3.5215555555555556, 0, 1]",0.0
-3.5164444444444443,0,-0.0131410085048011,-0.004796287956559466,-0.0006233874799486102,1,"[1.0, 0, -3.5164444444444443, 0, 1]",0.0
-3.5164444444444443,1,0.0774572363968907,0.0026373315925298634,0.0002769152693451936,2,"[1.0, 0, -3.5164444444444443, 0, 1]",0.0
-3.511333333333333,0,-0.012941454320987644,-0.0047659598992043865,-0.0006154555423585901,1,"[1.0, 0, -3.511333333333333, 0, 1]",0.0
-3.511333333333333,1,0.07712464609053495,0.0026132557809565595,0.00027436781494361137,2,"[1.0, 0, -3.511333333333333, 0, 1]",0.0
-3.506222222222222,0,-0.01274219039780522,-0.0047357337620322106,-0.0006076025707130138,1,"[1.0, 0, -3.506222222222222, 0, 1]",0.0
-3.506222222222222,1,0.07679253955189758,0.0025892683002084367,0.00027183645536047114,2,"[1.0, 0, -3.506222222222222, 0, 1]",0.0
-3.501111111111111,0,-0.01254321673525377,-0.004705609396687495,-0.0005998279674068267,1,"[1.0, 0, -3.501111111111111, 0, 1]",0.0
-3.501111111111111,1,0.0764609167809785,0.0025653690217107812,0.0002693211093215978,2,"[1.0, 0, -3.501111111111111, 0, 1]",0.0
-3.4959999999999996,0,-0.012344533333333324,-0.004675586654814812,-0.0005921311379134792,1,"[1.0, 0, -3.4959999999999996, 0, 1]",0.0
-3.4959999999999996,1,0.07612977777777774,0.0025415578168888862,0.0002668216958691082,2,"[1.0, 0, -3.4959999999999996, 0, 1]",0.0
-3.4908888888888887,0,-0.012146140192043894,-0.00464566538805873,-0.0005845114907752645,1,"[1.0, 0, -3.4908888888888887, 0, 1]",0.0
-3.4908888888888887,1,0.07579912254229537,0.002517834557168046,0.0002643381343605443,2,"[1.0, 0, -3.4908888888888887, 0, 1]",0.0
-3.485777777777778,0,-0.011948037311385468,-0.00461584544806381,-0.0005769684375936771,1,"[1.0, 0, -3.485777777777778, 0, 1]",0.0
-3.485777777777778,1,0.07546895107453132,0.0024941991139735475,0.00026187034446800814,2,"[1.0, 0, -3.485777777777778, 0, 1]",0.0
-3.480666666666666,0,-0.011750224691358016,-0.004586126686474619,-0.0005695013930197874,1,"[1.0, 0, -3.480666666666666, 0, 1]",0.0
-3.480666666666666,1,0.07513926337448557,0.0024706513587306783,0.0002594182461773001,2,"[1.0, 0, -3.480666666666666, 0, 1]",0.0
-3.4755555555555553,0,-0.011552702331961595,-0.00455650895493573,-0.0005621097747446298,1,"[1.0, 0, -3.4755555555555553, 0, 1]",0.0
-3.4755555555555553,1,0.07481005944215818,0.0024471911628647387,0.00025698175978705704,2,"[1.0, 0, -3.4755555555555553, 0, 1]",0.0
-3.4704444444444444,0,-0.011355470233196163,-0.004526992105091704,-0.0005547930034895957,1,"[1.0, 0, -3.4704444444444444, 0, 1]",0.0
-3.4704444444444444,1,0.07448133927754914,0.002423818397801013,0.000254560805907892,2,"[1.0, 0, -3.4704444444444444, 0, 1]",0.0
-3.465333333333333,0,-0.01115852839506172,-0.004497575988587104,-0.0005475505029968541,1,"[1.0, 0, -3.465333333333333, 0, 1]",0.0
-3.465333333333333,1,0.07415310288065842,0.002400532934964791,0.0002521553054615339,2,"[1.0, 0, -3.465333333333333, 0, 1]",0.0
-3.460222222222222,0,-0.01096187681755828,-0.004468260457066502,-0.0005403817000197805,1,"[1.0, 0, -3.460222222222222, 0, 1]",0.0
-3.460222222222222,1,0.07382535025148602,0.002377334645781366,0.00024976517967997087,2,"[1.0, 0, -3.460222222222222, 0, 1]",0.0
-3.455111111111111,0,-0.010765515500685871,-0.004439045362174465,-0.0005332860243133971,1,"[1.0, 0, -3.455111111111111, 0, 1]",0.0
-3.455111111111111,1,0.073498081390032,0.002354223401676031,0.0002473903501045941,2,"[1.0, 0, -3.455111111111111, 0, 1]",0.0
-3.4499999999999997,0,-0.010569444444444437,-0.004409930555555553,-0.0005262629086248279,1,"[1.0, 0, -3.4499999999999997, 0, 1]",0.0
-3.4499999999999997,1,0.07317129629629628,0.0023311990740740723,0.00024503073858534005,2,"[1.0, 0, -3.4499999999999997, 0, 1]",0.0
-3.4448888888888884,0,-0.010373663648834006,-0.004380915888854339,-0.0005193117886837754,1,"[1.0, 0, -3.4448888888888884, 0, 1]",0.0
-3.4448888888888884,1,0.0728449949702789,0.0023082615344007834,0.0002426862672798395,2,"[1.0, 0, -3.4448888888888884, 0, 1]",0.0
-3.4397777777777776,0,-0.010178173113854591,-0.004352001213715387,-0.0005124321031929996,1,"[1.0, 0, -3.4397777777777776, 0, 1]",0.0
-3.4397777777777776,1,0.07251917741197986,0.002285410654081456,0.00024035685865256236,2,"[1.0, 0, -3.4397777777777776, 0, 1]",0.0
-3.4346666666666668,0,-0.00998297283950618,-0.004323186381783264,-0.0005056232938188205,1,"[1.0, 0, -3.4346666666666668, 0, 1]",0.0
-3.4346666666666668,1,0.07219384362139918,0.0022626463045413805,0.00023804243547396748,2,"[1.0, 0, -3.4346666666666668, 0, 1]",0.0
-3.429555555555555,0,-0.009788062825788743,-0.004294471244702532,-0.0004988848051816282,1,"[1.0, 0, -3.429555555555555, 0, 1]",0.0
-3.429555555555555,1,0.07186899359853678,0.002239968357205844,0.00023574292081965083,2,"[1.0, 0, -3.429555555555555, 0, 1]",0.0
-3.424444444444444,0,-0.009593443072702323,-0.004265855654117765,-0.0004922160848464153,1,"[1.0, 0, -3.424444444444444, 0, 1]",0.0
-3.424444444444444,1,0.07154462734339274,0.0022173766835001424,0.00023345823806949844,2,"[1.0, 0, -3.424444444444444, 0, 1]",0.0
-3.4193333333333333,0,-0.00939911358024692,-0.0042373394616735255,-0.00048561658331331244,1,"[1.0, 0, -3.4193333333333333, 0, 1]",0.0
-3.4193333333333333,1,0.07122074485596708,0.0021948711548495656,0.0002311883109068377,2,"[1.0, 0, -3.4193333333333333, 0, 1]",0.0
-3.414222222222222,0,-0.009205074348422493,-0.004208922519014377,-0.0004790857540081457,1,"[1.0, 0, -3.414222222222222, 0, 1]",0.0
-3.414222222222222,1,0.0708973461362597,0.002172451642679401,0.00022893306331758914,2,"[1.0, 0, -3.414222222222222, 0, 1]",0.0
-3.4091111111111108,0,-0.009011325377229068,-0.004180604677784887,-0.0004726230532730077,1,"[1.0, 0, -3.4091111111111108, 0, 1]",0.0
-3.4091111111111108,1,0.07057443118427066,0.0021501180184149414,0.0002266924195894247,2,"[1.0, 0, -3.4091111111111108, 0, 1]",0.0
-3.404,0,-0.008817866666666674,-0.004152385789629629,-0.00046622794035684073,1,"[1.0, 0, -3.404, 0, 1]",0.0
-3.404,1,0.070252,0.002127870153481481,0.00022446630431092074,2,"[1.0, 0, -3.404, 0, 1]",0.0
-3.3988888888888886,0,-0.008624698216735255,-0.004124265706193159,-0.00045989987740603026,1,"[1.0, 0, -3.3988888888888886, 0, 1]",0.0
-3.3988888888888886,1,0.06993005258344763,0.0021057079193043046,0.00022225464237071653,2,"[1.0, 0, -3.3988888888888886, 0, 1]",0.0
-3.3937777777777773,0,-0.008431820027434839,-0.004096244279120051,-0.0004536383294550232,1,"[1.0, 0, -3.3937777777777773, 0, 1]",0.0
-3.3937777777777773,1,0.0696085889346136,0.0020836311873087083,0.00022005735895667234,2,"[1.0, 0, -3.3937777777777773, 0, 1]",0.0
-3.3886666666666665,0,-0.00823923209876544,-0.004068321360054869,-0.00044744276441694857,1,"[1.0, 0, -3.3886666666666665, 0, 1]",0.0
-3.3886666666666665,1,0.06928760905349794,0.0020616398289199814,0.0002178743795550308,2,"[1.0, 0, -3.3886666666666665, 0, 1]",0.0
-3.3835555555555556,0,-0.008046934430727029,-0.0040404968006421795,-0.0004413126530742591,1,"[1.0, 0, -3.3835555555555556, 0, 1]",0.0
-3.3835555555555556,1,0.0689671129401006,0.0020397337155634142,0.00021570562994957483,2,"[1.0, 0, -3.3835555555555556, 0, 1]",0.0
-3.378444444444444,0,-0.007854927023319608,-0.004012770452526543,-0.00043524746906938456,1,"[1.0, 0, -3.378444444444444, 0, 1]",0.0
-3.378444444444444,1,0.06864710059442154,0.0020179127186642936,0.00021355103622079256,2,"[1.0, 0, -3.378444444444444, 0, 1]",0.0
-3.373333333333333,0,-0.007663209876543203,-0.003985142167352537,-0.00042924668889540376,1,"[1.0, 0, -3.373333333333333, 0, 1]",0.0
-3.373333333333333,1,0.06832757201646089,0.0019961767096479187,0.00021141052474504124,2,"[1.0, 0, -3.373333333333333, 0, 1]",0.0
-3.3682222222222222,0,-0.007471782990397802,-0.00395761179676472,-0.00042330979188671936,1,"[1.0, 0, -3.3682222222222222, 0, 1]",0.0
-3.3682222222222222,1,0.06800852720621856,0.001974525559939575,0.00020928402219370928,2,"[1.0, 0, -3.3682222222222222, 0, 1]",0.0
-3.363111111111111,0,-0.007280646364883403,-0.00393017919240766,-0.00041743626020976,1,"[1.0, 0, -3.363111111111111, 0, 1]",0.0
-3.363111111111111,1,0.06768996616369453,0.0019529591409645536,0.0002071714555323848,2,"[1.0, 0, -3.363111111111111, 0, 1]",0.0
-3.3579999999999997,0,-0.007089799999999993,-0.003902844205925924,-0.00041162557885368877,1,"[1.0, 0, -3.3579999999999997, 0, 1]",0.0
-3.3579999999999997,1,0.06737188888888887,0.0019314773241481467,0.00020507275202002258,2,"[1.0, 0, -3.3579999999999997, 0, 1]",0.0
-3.352888888888889,0,-0.0068992438957475935,-0.00387560668896408,-0.00040587723562112744,1,"[1.0, 0, -3.352888888888889, 0, 1]",0.0
-3.352888888888889,1,0.06705429538180153,0.0019100799809156457,0.00020298783920811165,2,"[1.0, 0, -3.352888888888889, 0, 1]",0.0
-3.3477777777777775,0,-0.006708978052126197,-0.0038484664931666903,-0.000400190721118894,1,"[1.0, 0, -3.3477777777777775, 0, 1]",0.0
-3.3477777777777775,1,0.06673718564243254,0.0018887669826923392,0.00020091664493984668,2,"[1.0, 0, -3.3477777777777775, 0, 1]",0.0
-3.3426666666666662,0,-0.006519002469135796,-0.003821423470178324,-0.00039456552874875744,1,"[1.0, 0, -3.3426666666666662, 0, 1]",0.0
-3.3426666666666662,1,0.06642055967078186,0.001867538200903519,0.00019885909734929753,2,"[1.0, 0, -3.3426666666666662, 0, 1]",0.0
-3.3375555555555554,0,-0.0063293171467764045,-0.0037944774716435494,-0.00038900115469820334,1,"[1.0, 0, -3.3375555555555554, 0, 1]",0.0
-3.3375555555555554,1,0.06610441746684954,0.0018463935069744778,0.00019681512486058336,2,"[1.0, 0, -3.3375555555555554, 0, 1]",0.0
-3.3324444444444445,0,-0.006139922085048023,-0.00376762834920693,-0.00038349709793121317,1,"[1.0, 0, -3.3324444444444445, 0, 1]",0.0
-3.3324444444444445,1,0.06578875903063558,0.0018253327723305056,0.00019478465618704495,2,"[1.0, 0, -3.3324444444444445, 0, 1]",0.0
-3.327333333333333,0,-0.005950817283950603,-0.0037408759545130284,-0.00037805286017906023,1,"[1.0, 0, -3.327333333333333, 0, 1]",0.0
-3.327333333333333,1,0.06547358436213989,0.0018043558683968881,0.0001927676203304197,2,"[1.0, 0, -3.327333333333333, 0, 1]",0.0
-3.322222222222222,0,-0.005762002743484221,-0.0037142201392064197,-0.0003726679459311215,1,"[1.0, 0, -3.322222222222222, 0, 1]",0.0
-3.322222222222222,1,0.06515889346136258,0.001783462666598925,0.00019076394658001935,2,"[1.0, 0, -3.322222222222222, 0, 1]",0.0
-3.317111111111111,0,-0.005573478463648834,-0.0036876607549316655,-0.0003673418624256947,1,"[1.0, 0, -3.317111111111111, 0, 1]",0.0
-3.317111111111111,1,0.0648446863283036,0.001762653038361902,0.00018877356451190558,2,"[1.0, 0, -3.317111111111111, 0, 1]",0.0
-3.312,0,-0.005385244444444444,-0.003661197653333333,-0.0003620741196408399,1,"[1.0, 0, -3.312, 0, 1]",0.0
-3.312,1,0.06453096296296296,0.0017419268551111108,0.00018679640398806967,2,"[1.0, 0, -3.312, 0, 1]",0.0
-3.3068888888888885,0,-0.005197300685871049,-0.0036348306860559854,-0.0003568642302852285,1,"[1.0, 0, -3.3068888888888885, 0, 1]",0.0
-3.3068888888888885,1,0.06421772336534062,0.0017212839882718403,0.00018483239515561242,2,"[1.0, 0, -3.3068888888888885, 0, 1]",0.0
-3.3017777777777777,0,-0.005009647187928672,-0.003608559704744195,-0.00035171170978901087,1,"[1.0, 0, -3.3017777777777777, 0, 1]",0.0
-3.3017777777777777,1,0.06390496753543666,0.0017007243092693864,0.0001828814684459256,2,"[1.0, 0, -3.3017777777777777, 0, 1]",0.0
-3.2966666666666664,0,-0.004822283950617276,-0.003582384561042522,-0.0003466160762946917,1,"[1.0, 0, -3.2966666666666664, 0, 1]",0.0
-3.2966666666666664,1,0.063592695473251,0.0016802476895290334,0.00018094355457387362,2,"[1.0, 0, -3.2966666666666664, 0, 1]",0.0
-3.291555555555555,0,-0.00463521097393689,-0.003556305106595537,-0.00034157685064802794,1,"[1.0, 0, -3.291555555555555, 0, 1]",0.0
-3.291555555555555,1,0.0632809071787837,0.0016598540004760772,0.00017901858453697855,2,"[1.0, 0, -3.291555555555555, 0, 1]",0.0
-3.2864444444444443,0,-0.004448428257887514,-0.003530321193047806,-0.00033659355638893313,1,"[1.0, 0, -3.2864444444444443, 0, 1]",0.0
-3.2864444444444443,1,0.06296960265203473,0.0016395431135358082,0.00017710648961460402,2,"[1.0, 0, -3.2864444444444443, 0, 1]",0.0
-3.2813333333333334,0,-0.004261935802469141,-0.0035044326720438954,-0.00033166571974240015,1,"[1.0, 0, -3.2813333333333334, 0, 1]",0.0
-3.2813333333333334,1,0.06265878189300411,0.001619314900133516,0.00017520720136714229,2,"[1.0, 0, -3.2813333333333334, 0, 1]",0.0
-3.2762222222222217,0,-0.004075733607681743,-0.0034786393952283665,-0.00032679286960943574,1,"[1.0, 0, -3.2762222222222217, 0, 1]",0.0
-3.2762222222222217,1,0.06234844490169178,0.001599169231694489,0.000173320651635201,2,"[1.0, 0, -3.2762222222222217, 0, 1]",0.0
-3.271111111111111,0,-0.003889821673525376,-0.0034529412142457945,-0.00032197453755801393,1,"[1.0, 0, -3.271111111111111, 0, 1]",0.0
-3.271111111111111,1,0.06203859167809783,0.0015791059796440234,0.0001714467725387937,2,"[1.0, 0, -3.271111111111111, 0, 1]",0.0
-3.266,0,-0.0037042000000000047,-0.0034273379807407407,-0.0003172102578140346,1,"[1.0, 0, -3.266, 0, 1]",0.0
-3.266,1,0.06172922222222221,0.0015591250154074073,0.00016958549647652762,2,"[1.0, 0, -3.266, 0, 1]",0.0
-3.2608888888888887,0,-0.0035188685871056294,-0.00340182954635777,-0.0003124995672523046,1,"[1.0, 0, -3.2608888888888887, 0, 1]",0.0
-3.2608888888888887,1,0.06142033653406492,0.0015392262104099302,0.00016773675612479676,2,"[1.0, 0, -3.2608888888888887, 0, 1]",0.0
-3.2557777777777774,0,-0.003333827434842236,-0.0033764157627414497,-0.00030784200538752984,1,"[1.0, 0, -3.2557777777777774, 0, 1]",0.0
-3.2557777777777774,1,0.06111193461362595,0.0015194094360768834,0.00016590048443697368,2,"[1.0, 0, -3.2557777777777774, 0, 1]",0.0
-3.2506666666666666,0,-0.0031490765432098805,-0.00335109648153635,-0.0003032371143653211,1,"[1.0, 0, -3.2506666666666666, 0, 1]",0.0
-3.2506666666666666,1,0.060804016460905344,0.001499674563833561,0.00016407661464260407,2,"[1.0, 0, -3.2506666666666666, 0, 1]",0.0
-3.2455555555555553,0,-0.002964615912208507,-0.003325871554387033,-0.0002986844389532127,1,"[1.0, 0, -3.2455555555555553, 0, 1]",0.0
-3.2455555555555553,1,0.060496582075903055,0.0014800214651052507,0.00016226508024660085,2,"[1.0, 0, -3.2455555555555553, 0, 1]",0.0
-3.240444444444444,0,-0.0027804455418381224,-0.0033007408329380657,-0.0002941835265316985,1,"[1.0, 0, -3.240444444444444, 0, 1]",0.0
-3.240444444444444,1,0.06018963145861908,0.0014604500113172428,0.00016046581502844162,2,"[1.0, 0, -3.240444444444444, 0, 1]",0.0
-3.235333333333333,0,-0.0025965654320987616,-0.0032757041688340175,-0.0002897339270852804,1,"[1.0, 0, -3.235333333333333, 0, 1]",0.0
-3.235333333333333,1,0.05988316460905348,0.0014409600738948317,0.00015867875304136604,2,"[1.0, 0, -3.235333333333333, 0, 1]",0.0
-3.2302222222222223,0,-0.0024129755829904107,-0.003250761413719454,-0.0002853351931935293,1,"[1.0, 0, -3.2302222222222223, 0, 1]",0.0
-3.2302222222222223,1,0.05957718152720623,0.0014215515242633073,0.00015690382861157436,2,"[1.0, 0, -3.2302222222222223, 0, 1]",0.0
-3.2251111111111106,0,-0.002229675994513014,-0.0032259124192389344,-0.0002809868800221615,1,"[1.0, 0, -3.2251111111111106, 0, 1]",0.0
-3.2251111111111106,1,0.05927168221307724,0.0014022242338479545,0.00015514097633742728,2,"[1.0, 0, -3.2251111111111106, 0, 1]",0.0
-3.2199999999999998,0,-0.002046666666666662,-0.003201157037037036,-0.00027668854531413313,1,"[1.0, 0, -3.2199999999999998, 0, 1]",0.0
-3.2199999999999998,1,0.05896666666666664,0.0013829780740740728,0.0001533901310886493,2,"[1.0, 0, -3.2199999999999998, 0, 1]",0.0
-3.214888888888889,0,-0.0018639475994513058,-0.0031764951187583193,-0.00027243974938073945,1,"[1.0, 0, -3.214888888888889, 0, 1]",0.0
-3.214888888888889,1,0.05866213488797439,0.0013638129163669498,0.00015165122800552938,2,"[1.0, 0, -3.214888888888889, 0, 1]",0.0
-3.2097777777777776,0,-0.0016815187928669387,-0.0031519265160473487,-0.0002682400550927366,1,"[1.0, 0, -3.2097777777777776, 0, 1]",0.0
-3.2097777777777776,1,0.058358086877000434,0.0013447286321518726,0.00014992420249812527,2,"[1.0, 0, -3.2097777777777776, 0, 1]",0.0
-3.2046666666666663,0,-0.0014993802469135745,-0.0031274510805486943,-0.00026408902787147516,1,"[1.0, 0, -3.2046666666666663, 0, 1]",0.0
-3.2046666666666663,1,0.05805452263374483,0.001325725092854136,0.00014820899024547008,2,"[1.0, 0, -3.2046666666666663, 0, 1]",0.0
-3.1995555555555555,0,-0.001317531961591227,-0.0031030686639069247,-0.00025998623568004566,1,"[1.0, 0, -3.1995555555555555, 0, 1]",0.0
-3.1995555555555555,1,0.057751442158207586,0.001306802169899033,0.00014650552719477726,2,"[1.0, 0, -3.1995555555555555, 0, 1]",0.0
-3.194444444444444,0,-0.0011359739368998617,-0.0030787791177666,-0.0002559312490144388,1,"[1.0, 0, -3.194444444444444, 0, 1]",0.0
-3.194444444444444,1,0.057448845450388655,0.001287959734711849,0.0001448137495606491,2,"[1.0, 0, -3.194444444444444, 0, 1]",0.0
-3.189333333333333,0,-0.0009547061728394993,-0.0030545822937722887,-0.00025192364089472296,1,"[1.0, 0, -3.189333333333333, 0, 1]",0.0
-3.189333333333333,1,0.05714673251028804,0.001269197658717877,0.0001431335938242855,2,"[1.0, 0, -3.189333333333333, 0, 1]",0.0
-3.184222222222222,0,-0.0007737286694101536,-0.003030478043568561,-0.0002479629868562326,1,"[1.0, 0, -3.184222222222222, 0, 1]",0.0
-3.184222222222222,1,0.05684510333790581,0.0012505158133424101,0.0001414649967326951,2,"[1.0, 0, -3.184222222222222, 0, 1]",0.0
-3.179111111111111,0,-0.0005930414266118039,-0.00300646621879998,-0.0002440488649407701,1,"[1.0, 0, -3.179111111111111, 0, 1]",0.0
-3.179111111111111,1,0.05654395793324189,0.0012319140700107372,0.00013980789529790505,2,"[1.0, 0, -3.179111111111111, 0, 1]",0.0
-3.1739999999999995,0,-0.0004126444444444363,-0.0029825466711111094,-0.00024018085568782425,1,"[1.0, 0, -3.1739999999999995, 0, 1]",0.0
-3.1739999999999995,1,0.05624329629629628,0.0012133923001481468,0.0001381622267961755,2,"[1.0, 0, -3.1739999999999995, 0, 1]",0.0
-3.1688888888888886,0,-0.00023253772290809244,-0.002958719252146521,-0.00023635854212580325,1,"[1.0, 0, -3.1688888888888886, 0, 1]",0.0
-3.1688888888888886,1,0.05594311842706903,0.0011949503751799346,0.00013652792876721334,2,"[1.0, 0, -3.1688888888888886, 0, 1]",0.0
-3.163777777777778,0,-5.272126200274452e-05,-0.002934983813550779,-0.00023258150976327742,1,"[1.0, 0, -3.163777777777778, 0, 1]",0.0
-3.163777777777778,1,0.05564342432556012,0.0011765881665313888,0.00013490493901338683,2,"[1.0, 0, -3.163777777777778, 0, 1]",0.0
-3.1586666666666665,0,0.0001268049382716005,-0.0029113402069684494,-0.00022884934658024052,1,"[1.0, 0, -3.1586666666666665, 0, 1]",0.0
-3.1586666666666665,1,0.055344213991769545,0.0011583055456278004,0.00013329319559894295,2,"[1.0, 0, -3.1586666666666665, 0, 1]",0.0
-3.1535555555555552,0,0.0003060408779149565,-0.0028877882840440973,-0.00022516164301938303,1,"[1.0, 0, -3.1535555555555552, 0, 1]",0.0
-3.1535555555555552,1,0.05504548742569729,0.0011401023838944594,0.0001316926368492247,2,"[1.0, 0, -3.1535555555555552, 0, 1]",0.0
-3.1484444444444444,0,0.00048498655692728876,-0.002864327896422294,-0.0002215179919773812,1,"[1.0, 0, -3.1484444444444444, 0, 1]",0.0
-3.1484444444444444,1,0.0547472446273434,0.00112197855275666,0.00013010320134989104,2,"[1.0, 0, -3.1484444444444444, 0, 1]",0.0
-3.143333333333333,0,0.0006636419753086459,-0.0028409588957475983,-0.0002179179887961958,1,"[1.0, 0, -3.143333333333333, 0, 1]",0.0
-3.143333333333333,1,0.0544494855967078,0.001103933923639688,0.00012852482794613592,2,"[1.0, 0, -3.143333333333333, 0, 1]",0.0
-3.138222222222222,0,0.0008420071330590001,-0.002817681133664582,-0.00021436123125439233,1,"[1.0, 0, -3.138222222222222, 0, 1]",0.0
-3.138222222222222,1,0.05415221033379054,0.0010859683679688378,0.00012695745574191163,2,"[1.0, 0, -3.138222222222222, 0, 1]",0.0
-3.133111111111111,0,0.0010200820301783306,-0.0027944944618178104,-0.000210847319558468,1,"[1.0, 0, -3.133111111111111, 0, 1]",0.0
-3.133111111111111,1,0.05385541883859166,0.0010680817571694003,0.00012540102409915076,2,"[1.0, 0, -3.133111111111111, 0, 1]",0.0
-3.128,0,0.0011978666666666582,-0.002771398731851852,-0.00020737585633419714,1,"[1.0, 0, -3.128, 0, 1]",0.0
-3.128,1,0.05355911111111111,0.0010502739626666669,0.00012385547263699,2,"[1.0, 0, -3.128, 0, 1]",0.0
-3.1228888888888884,0,0.0013753610425240106,-0.002748393795411266,-0.00020394644661798805,1,"[1.0, 0, -3.1228888888888884, 0, 1]",0.0
-3.1228888888888884,1,0.053263287151348856,0.0010325448558859236,0.00012232074123099619,2,"[1.0, 0, -3.1228888888888884, 0, 1]",0.0
-3.1177777777777775,0,0.0015525651577503463,-0.002725479504140628,-0.00020055869784825882,1,"[1.0, 0, -3.1177777777777775, 0, 1]",0.0
-3.1177777777777775,1,0.05296794695930497,0.0010148943082524675,0.00012079677001239333,2,"[1.0, 0, -3.1177777777777775, 0, 1]",0.0
-3.1126666666666667,0,0.001729479012345679,-0.002702655709684499,-0.0001972122198568193,1,"[1.0, 0, -3.1126666666666667, 0, 1]",0.0
-3.1126666666666667,1,0.052673090534979414,0.0009973221911915861,0.00011928349936728976,2,"[1.0, 0, -3.1126666666666667, 0, 1]",0.0
-3.1075555555555554,0,0.0019061026063100159,-0.0026799222636874455,-0.00019390662486027443,1,"[1.0, 0, -3.1075555555555554, 0, 1]",0.0
-3.1075555555555554,1,0.052378717878372186,0.0009798283761285706,0.00011778086993590786,2,"[1.0, 0, -3.1075555555555554, 0, 1]",0.0
-3.102444444444444,0,0.0020824359396433498,-0.0026572790177940334,-0.0001906415274514382,1,"[1.0, 0, -3.102444444444444, 0, 1]",0.0
-3.102444444444444,1,0.05208482898948329,0.0009624127344887113,0.00011628882261181442,2,"[1.0, 0, -3.102444444444444, 0, 1]",0.0
-3.0973333333333333,0,0.002258479012345674,-0.0026347258236488333,-0.00018741654459076288,1,"[1.0, 0, -3.0973333333333333, 0, 1]",0.0
-3.0973333333333333,1,0.05179142386831276,0.000945075137697302,0.0001148072985411527,2,"[1.0, 0, -3.0973333333333333, 0, 1]",0.0
-3.092222222222222,0,0.002434231824417009,-0.0026122625328964064,-0.00018423129559777987,1,"[1.0, 0, -3.092222222222222, 0, 1]",0.0
-3.092222222222222,1,0.05149850251486053,0.0009278154571796295,0.0001133362391218745,2,"[1.0, 0, -3.092222222222222, 0, 1]",0.0
-3.0871111111111107,0,0.002609694375857348,-0.0025898889971813217,-0.00018108540214255888,1,"[1.0, 0, -3.0871111111111107, 0, 1]",0.0
-3.0871111111111107,1,0.05120606492912663,0.0009106335643609866,0.00011187558600297569,2,"[1.0, 0, -3.0871111111111107, 0, 1]",0.0
-3.082,0,0.0027848666666666633,-0.002567605068148147,-0.00017797848823717781,1,"[1.0, 0, -3.082, 0, 1]",0.0
-3.082,1,0.050914111111111104,0.0008935293306666658,0.00011042528108373124,2,"[1.0, 0, -3.082, 0, 1]",0.0
-3.076888888888889,0,0.0029597486968449896,-0.0025454105974414467,-0.0001749101802272074,1,"[1.0, 0, -3.076888888888889, 0, 1]",0.0
-3.076888888888889,1,0.05062264106081389,0.000876502627521956,0.00010898526651293144,2,"[1.0, 0, -3.076888888888889, 0, 1]",0.0
-3.0717777777777773,0,0.003134340466392334,-0.0025233054367057844,-0.0001718801067832105,1,"[1.0, 0, -3.0717777777777773, 0, 1]",0.0
-3.0717777777777773,1,0.050331654778234994,0.0008595533263521463,0.00010755548468812081,2,"[1.0, 0, -3.0717777777777773, 0, 1]",0.0
-3.0666666666666664,0,0.0033086419753086405,-0.0025012894375857327,-0.0001688878988922569,1,"[1.0, 0, -3.0666666666666664, 0, 1]",0.0
-3.0666666666666664,1,0.05004115226337448,0.0008426812985825324,0.0001061358782548374,2,"[1.0, 0, -3.0666666666666664, 0, 1]",0.0
-3.0615555555555556,0,0.003482653223593958,-0.0024793624517258544,-0.00016593318984944796,1,"[1.0, 0, -3.0615555555555556, 0, 1]",0.0
-3.0615555555555556,1,0.04975113351623228,0.000825886415638402,0.00010472639010585238,2,"[1.0, 0, -3.0615555555555556, 0, 1]",0.0
-3.0564444444444443,0,0.0036563742112482867,-0.002457524330770715,-0.00016301561524945958,1,"[1.0, 0, -3.0564444444444443, 0, 1]",0.0
-3.0564444444444443,1,0.0494615985368084,0.0008091685489450453,0.00010332696338041308,2,"[1.0, 0, -3.0564444444444443, 0, 1]",0.0
-3.051333333333333,0,0.0038298049382716123,-0.0024357749263648814,-0.00016013481297809756,1,"[1.0, 0, -3.051333333333333, 0, 1]",0.0
-3.051333333333333,1,0.04917254732510286,0.0007925275699277534,0.00010193754146348573,2,"[1.0, 0, -3.051333333333333, 0, 1]",0.0
-3.046222222222222,0,0.004002945404663921,-0.002414114090152923,-0.00015729042320386733,1,"[1.0, 0, -3.046222222222222, 0, 1]",0.0
-3.046222222222222,1,0.048883979881115674,0.0007759633500118203,0.00010055806798499953,2,"[1.0, 0, -3.046222222222222, 0, 1]",0.0
-3.041111111111111,0,0.004175795610425241,-0.0023925416737794027,-0.00015448208836955625,1,"[1.0, 0, -3.041111111111111, 0, 1]",0.0
-3.041111111111111,1,0.048595896204846806,0.0007594757606225334,9.918848681909247e-05,2,"[1.0, 0, -3.041111111111111, 0, 1]",0.0
-3.0359999999999996,0,0.004348355555555565,-0.002371057528888887,-0.00015170945318383292,1,"[1.0, 0, -3.0359999999999996, 0, 1]",0.0
-3.0359999999999996,1,0.048308296296296266,0.0007430646731851837,9.782874208335843e-05,2,"[1.0, 0, -3.0359999999999996, 0, 1]",0.0
-3.0308888888888887,0,0.004520625240054872,-0.0023496615071259453,-0.00014897216461285848,1,"[1.0, 0, -3.0308888888888887, 0, 1]",0.0
-3.0308888888888887,1,0.0480211801554641,0.0007267299591250648,9.647877813809535e-05,2,"[1.0, 0, -3.0308888888888887, 0, 1]",0.0
-3.025777777777778,0,0.0046926046639231694,-0.0023283534601351422,-0.00014626987187191205,1,"[1.0, 0, -3.025777777777778, 0, 1]",0.0
-3.025777777777778,1,0.047734547782350256,0.0007104714898674663,9.513853958555406e-05,2,"[1.0, 0, -3.025777777777778, 0, 1]",0.0
-3.020666666666666,0,0.0048642938271605055,-0.002307133239561041,-0.00014360222641703052,1,"[1.0, 0, -3.020666666666666, 0, 1]",0.0
-3.020666666666666,1,0.0474483991769547,0.000694289136837676,9.380797126918952e-05,2,"[1.0, 0, -3.020666666666666, 0, 1]",0.0
-3.0155555555555553,0,0.005035692729766811,-0.0022860006970482124,-0.00014096888193666427,1,"[1.0, 0, -3.0155555555555553, 0, 1]",0.0
-3.0155555555555553,1,0.047162734339277534,0.0006781827714609889,9.248701827291339e-05,2,"[1.0, 0, -3.0155555555555553, 0, 1]",0.0
-3.0104444444444445,0,0.005206801371742106,-0.0022649556842412235,-0.00013836949434334355,1,"[1.0, 0, -3.0104444444444445, 0, 1]",0.0
-3.0104444444444445,1,0.04687755326931871,0.0006621522651626956,9.117562592034563e-05,2,"[1.0, 0, -3.0104444444444445, 0, 1]",0.0
-3.005333333333333,0,0.005377619753086413,-0.002243998052784636,-0.00013580372176536084,1,"[1.0, 0, -3.005333333333333, 0, 1]",0.0
-3.005333333333333,1,0.046592855967078184,0.0006461974893680836,8.987373977407015e-05,2,"[1.0, 0, -3.005333333333333, 0, 1]",0.0
-3.000222222222222,0,0.00554814787379973,-0.0022231276543230186,-0.00013327122453846821,1,"[1.0, 0, -3.000222222222222, 0, 1]",0.0
-3.000222222222222,1,0.046308642432556,0.0006303183155024463,8.858130563489059e-05,2,"[1.0, 0, -3.000222222222222, 0, 1]",0.0
-2.995111111111111,0,0.005718385733882024,-0.0022023443405009397,-0.0001307716651975874,1,"[1.0, 0, -2.995111111111111, 0, 1]",0.0
-2.995111111111111,1,0.04602491266575218,0.0006145146149910752,8.72982695410869e-05,2,"[1.0, 0, -2.995111111111111, 0, 1]",0.0
-2.9899999999999998,0,0.005888333333333336,-0.0021816479629629625,-0.00012830470846853328,1,"[1.0, 0, -2.9899999999999998, 0, 1]",0.0
-2.9899999999999998,1,0.04574166666666665,0.000598786259259259,8.602457776767339e-05,2,"[1.0, 0, -2.9899999999999998, 0, 1]",0.0
-2.9848888888888885,0,0.0060579906721536445,-0.0021610383733536537,-0.00012587002125975365,1,"[1.0, 0, -2.9848888888888885, 0, 1]",0.0
-2.9848888888888885,1,0.04545890443529947,0.000583133119732289,8.47601768256592e-05,2,"[1.0, 0, -2.9848888888888885, 0, 1]",0.0
-2.9797777777777776,0,0.006227357750342936,-0.0021405154233175823,-0.00012346727265408176,1,"[1.0, 0, -2.9797777777777776, 0, 1]",0.0
-2.9797777777777776,1,0.04517662597165065,0.0005675550678354577,8.350501346130822e-05,2,"[1.0, 0, -2.9797777777777776, 0, 1]",0.0
-2.974666666666667,0,0.0063964345679012255,-0.0021200789644993147,-0.00012109613390050247,1,"[1.0, 0, -2.974666666666667, 0, 1]",0.0
-2.974666666666667,1,0.044894831275720165,0.0005520519749940565,8.225903465540132e-05,2,"[1.0, 0, -2.974666666666667, 0, 1]",0.0
-2.969555555555555,0,0.006565221124828539,-0.002099728848543411,-0.00011875627840593258,1,"[1.0, 0, -2.969555555555555, 0, 1]",0.0
-2.969555555555555,1,0.04461352034750797,0.0005366237126333707,8.102218762249978e-05,2,"[1.0, 0, -2.969555555555555, 0, 1]",0.0
-2.964444444444444,0,0.0067337174211248366,-0.0020794649270944455,-0.0001164473817270183,1,"[1.0, 0, -2.964444444444444, 0, 1]",0.0
-2.964444444444444,1,0.04433269318701416,0.0005212701521786979,7.979441981021033e-05,2,"[1.0, 0, -2.964444444444444, 0, 1]",0.0
-2.9593333333333334,0,0.006901923456790117,-0.0020592870517969824,-0.00011416912156194116,1,"[1.0, 0, -2.9593333333333334, 0, 1]",0.0
-2.9593333333333334,1,0.04405234979423868,0.000505991165055327,7.857567889844993e-05,2,"[1.0, 0, -2.9593333333333334, 0, 1]",0.0
-2.954222222222222,0,0.007069839231824415,-0.002039195074295584,-0.00011192117774224242,1,"[1.0, 0, -2.954222222222222, 0, 1]",0.0
-2.954222222222222,1,0.04377249016918151,0.0004907866226885462,7.736591279871379e-05,2,"[1.0, 0, -2.954222222222222, 0, 1]",0.0
-2.949111111111111,0,0.0072374647462277175,-0.0020191888462348204,-0.00010970323222466097,1,"[1.0, 0, -2.949111111111111, 0, 1]",0.0
-2.949111111111111,1,0.04349311431184269,0.0004756563965036482,7.616506965334349e-05,2,"[1.0, 0, -2.949111111111111, 0, 1]",0.0
-2.944,0,0.007404799999999996,-0.0019992682192592585,-0.00010751496908298376,1,"[1.0, 0, -2.944, 0, 1]",0.0
-2.944,1,0.04321422222222221,0.00046060035792592536,7.497309783479645e-05,2,"[1.0, 0, -2.944, 0, 1]",0.0
-2.9388888888888887,0,0.007571844993141293,-0.001979433045013462,-0.00010535607449991072,1,"[1.0, 0, -2.9388888888888887, 0, 1]",0.0
-2.9388888888888887,1,0.04293581390032006,0.00044561837838066594,7.37899459449169e-05,2,"[1.0, 0, -2.9388888888888887, 0, 1]",0.0
-2.9337777777777774,0,0.007738599725651579,-0.0019596831751419997,-0.00010322623675893538,1,"[1.0, 0, -2.9337777777777774, 0, 1]",0.0
-2.9337777777777774,1,0.042657889346136235,0.00043071032929316245,7.261556281420816e-05,2,"[1.0, 0, -2.9337777777777774, 0, 1]",0.0
-2.9286666666666665,0,0.007905064197530863,-0.0019400184612894367,-0.00010112514623623744,1,"[1.0, 0, -2.9286666666666665, 0, 1]",0.0
-2.9286666666666665,1,0.04238044855967077,0.00041587608208870533,7.144989750110604e-05,2,"[1.0, 0, -2.9286666666666665, 0, 1]",0.0
-2.9235555555555557,0,0.008071238408779137,-0.0019204387551003414,-9.905249539259102e-05,1,"[1.0, 0, -2.9235555555555557, 0, 1]",0.0
-2.9235555555555557,1,0.042103491540923646,0.0004011155081925866,7.029289929125325e-05,2,"[1.0, 0, -2.9235555555555557, 0, 1]",0.0
-2.918444444444444,0,0.008237122359396443,-0.0019009439082192732,-9.700797876528505e-05,1,"[1.0, 0, -2.918444444444444, 0, 1]",0.0
-2.918444444444444,1,0.04182701828989481,0.00038642847903009214,6.914451769677548e-05,2,"[1.0, 0, -2.918444444444444, 0, 1]",0.0
-2.913333333333333,0,0.008402716049382725,-0.0018815337722908078,-9.499129296006182e-05,1,"[1.0, 0, -2.913333333333333, 0, 1]",0.0
-2.913333333333333,1,0.041551028806584345,0.0003718148660265192,6.80047024555591e-05,2,"[1.0, 0, -2.913333333333333, 0, 1]",0.0
-2.9082222222222223,0,0.00856801947873799,-0.001862208198959508,-9.300213664306369e-05,1,"[1.0, 0, -2.9082222222222223, 0, 1]",0.0
-2.9082222222222223,1,0.04127552309099222,0.00035727454060715635,6.687340353052885e-05,2,"[1.0, 0, -2.9082222222222223, 0, 1]",0.0
-2.903111111111111,0,0.00873303264746228,-0.0018429670398699381,-9.104021053279861e-05,1,"[1.0, 0, -2.903111111111111, 0, 1]",0.0
-2.903111111111111,1,0.041000501143118415,0.00034280737419729336,6.575057110892789e-05,2,"[1.0, 0, -2.903111111111111, 0, 1]",0.0
-2.8979999999999997,0,0.008897755555555567,-0.001823810146666665,-8.910521739211819e-05,1,"[1.0, 0, -2.8979999999999997, 0, 1]",0.0
-2.8979999999999997,1,0.040725962962962936,0.000328413238222221,6.463615560159901e-05,2,"[1.0, 0, -2.8979999999999997, 0, 1]",0.0
-2.892888888888889,0,0.009062188203017837,-0.001804737370994258,-8.719686202020983e-05,1,"[1.0, 0, -2.892888888888889, 0, 1]",0.0
-2.892888888888889,1,0.04045190855052583,0.0003140920041072322,6.35301076422668e-05,2,"[1.0, 0, -2.892888888888889, 0, 1]",0.0
-2.8877777777777776,0,0.009226330589849105,-0.0017857485644972811,-8.531485124460229e-05,1,"[1.0, 0, -2.8877777777777776, 0, 1]",0.0
-2.8877777777777776,1,0.040178337905807035,0.0002998435432776164,6.243237808682067e-05,2,"[1.0, 0, -2.8877777777777776, 0, 1]",0.0
-2.8826666666666663,0,0.00939018271604939,-0.0017668435788203002,-8.345889391318642e-05,1,"[1.0, 0, -2.8826666666666663, 0, 1]",0.0
-2.8826666666666663,1,0.03990525102880656,0.00028566772715866366,6.134291801260029e-05,2,"[1.0, 0, -2.8826666666666663, 0, 1]",0.0
-2.8775555555555554,0,0.009553744581618659,-0.0017480222656078843,-8.162870088624994e-05,1,"[1.0, 0, -2.8775555555555554, 0, 1]",0.0
-2.8775555555555554,1,0.03963264791952445,0.0002715644271756671,6.026167871768159e-05,2,"[1.0, 0, -2.8775555555555554, 0, 1]",0.0
-2.8724444444444446,0,0.009717016186556918,-0.001729284476504598,-7.982398502852503e-05,1,"[1.0, 0, -2.8724444444444446, 0, 1]",0.0
-2.8724444444444446,1,0.039360528577960685,0.00025753351475391625,5.918861172016355e-05,2,"[1.0, 0, -2.8724444444444446, 0, 1]",0.0
-2.867333333333333,0,0.009879997530864215,-0.0017106300631550045,-7.804446120125121e-05,1,"[1.0, 0, -2.867333333333333, 0, 1]",0.0
-2.867333333333333,1,0.039088893004115194,0.0002435748613186995,5.8123668757456834e-05,2,"[1.0, 0, -2.867333333333333, 0, 1]",0.0
-2.862222222222222,0,0.010042688614540468,-0.001692058877203677,-7.628984625425303e-05,1,"[1.0, 0, -2.862222222222222, 0, 1]",0.0
-2.862222222222222,1,0.0388177411979881,0.00022968833829531323,5.706680178557473e-05,2,"[1.0, 0, -2.862222222222222, 0, 1]",0.0
-2.857111111111111,0,0.010205089437585725,-0.0016735707702951782,-7.455985901802894e-05,1,"[1.0, 0, -2.857111111111111, 0, 1]",0.0
-2.857111111111111,1,0.03854707315957934,0.00021587381710904492,5.601796297842255e-05,2,"[1.0, 0, -2.857111111111111, 0, 1]",0.0
-2.852,0,0.0103672,-0.0016551655940740735,-7.285422029585722e-05,1,"[1.0, 0, -2.852, 0, 1]",0.0
-2.852,1,0.038276888888888874,0.00020213116918518488,5.497710472709102e-05,2,"[1.0, 0, -2.852, 0, 1]",0.0
-2.8468888888888886,0,0.010529020301783272,-0.0016368432001849292,-7.117265285591487e-05,1,"[1.0, 0, -2.8468888888888886, 0, 1]",0.0
-2.8468888888888886,1,0.038007188385916754,0.00018846026594902397,5.394417963914995e-05,2,"[1.0, 0, -2.8468888888888886, 0, 1]",0.0
-2.8417777777777777,0,0.010690550342935527,-0.0016186034402723157,-6.95148814234107e-05,1,"[1.0, 0, -2.8417777777777777, 0, 1]",0.0
-2.8417777777777777,1,0.03773797165066299,0.00017486097882585597,5.291914053794274e-05,2,"[1.0, 0, -2.8417777777777777, 0, 1]",0.0
-2.8366666666666664,0,0.010851790123456787,-0.001600446165980795,-6.788063267273142e-05,1,"[1.0, 0, -2.8366666666666664, 0, 1]",0.0
-2.8366666666666664,1,0.03746923868312757,0.000161333179240969,5.190194046188259e-05,2,"[1.0, 0, -2.8366666666666664, 0, 1]",0.0
-2.831555555555555,0,0.011012739643347064,-0.0015823712289549342,-6.626963521960389e-05,1,"[1.0, 0, -2.831555555555555, 0, 1]",0.0
-2.831555555555555,1,0.03720098948331045,0.00014787673861965363,5.0892532663749785e-05,2,"[1.0, 0, -2.831555555555555, 0, 1]",0.0
-2.8264444444444443,0,0.01117339890260631,-0.0015643784808393021,-6.46816196132702e-05,1,"[1.0, 0, -2.8264444444444443, 0, 1]",0.0
-2.8264444444444443,1,0.03693322405121169,0.00013449152838720317,4.9890870609990985e-05,2,"[1.0, 0, -2.8264444444444443, 0, 1]",0.0
-2.8213333333333335,0,0.01133376790123456,-0.001546467773278464,-6.311631832867638e-05,1,"[1.0, 0, -2.8213333333333335, 0, 1]",0.0
-2.8213333333333335,1,0.03666594238683128,0.00012117741996890761,4.889690798001847e-05,2,"[1.0, 0, -2.8213333333333335, 0, 1]",0.0
-2.8162222222222217,0,0.011493846639231836,-0.0015286389579169828,-6.157346575867599e-05,1,"[1.0, 0, -2.8162222222222217, 0, 1]",0.0
-2.8162222222222217,1,0.036399144490169164,0.00010793428479005478,4.791059866551134e-05,2,"[1.0, 0, -2.8162222222222217, 0, 1]",0.0
-2.811111111111111,0,0.011653635116598081,-0.0015108918863994297,-6.00527982062486e-05,1,"[1.0, 0, -2.811111111111111, 0, 1]",0.0
-2.811111111111111,1,0.036132830361225415,9.476199427593953e-05,4.693189676971877e-05,2,"[1.0, 0, -2.811111111111111, 0, 1]",0.0
-2.806,0,0.01181313333333333,-0.0014932264103703708,-5.855405387673011e-05,1,"[1.0, 0, -2.806, 0, 1]",0.0
-2.806,1,0.035866999999999996,8.166041985185218e-05,4.59607566067627e-05,2,"[1.0, 0, -2.806, 0, 1]",0.0
-2.8008888888888888,0,0.011972341289437582,-0.001475642381474368,-5.707697287005857e-05,1,"[1.0, 0, -2.8008888888888888, 0, 1]",0.0
-2.8008888888888888,1,0.035601653406492906,6.862943294308043e-05,4.499713270094349e-05,2,"[1.0, 0, -2.8008888888888888, 0, 1]",0.0
-2.7957777777777775,0,0.01213125898491084,-0.001458139651355991,-5.562129717303493e-05,1,"[1.0, 0, -2.7957777777777775, 0, 1]",0.0
-2.7957777777777775,1,0.035336790580704144,5.5668904974918066e-05,4.404097978604593e-05,2,"[1.0, 0, -2.7957777777777775, 0, 1]",0.0
-2.7906666666666666,0,0.012289886419753086,-0.0014407180716598075,-5.418677065159605e-05,1,"[1.0, 0, -2.7906666666666666, 0, 1]",0.0
-2.7906666666666666,1,0.03507241152263374,4.277870737265626e-05,4.309225280464687e-05,2,"[1.0, 0, -2.7906666666666666, 0, 1]",0.0
-2.7855555555555553,0,0.012448223593964337,-0.0014233774940303808,-5.277313904310246e-05,1,"[1.0, 0, -2.7855555555555553, 0, 1]",0.0
-2.7855555555555553,1,0.03480851623228165,2.995871156158392e-05,4.2150906907423706e-05,2,"[1.0, 0, -2.7855555555555553, 0, 1]",0.0
-2.780444444444444,0,0.012606270507544592,-0.001406117770112278,-5.138014994864107e-05,1,"[1.0, 0, -2.780444444444444, 0, 1]",0.0
-2.780444444444444,1,0.03454510470964789,1.720878896699211e-05,4.121689745246477e-05,2,"[1.0, 0, -2.780444444444444, 0, 1]",0.0
-2.775333333333333,0,0.012764027160493824,-0.001388938751550068,-5.0007552825341024e-05,1,"[1.0, 0, -2.775333333333333, 0, 1]",0.0
-2.775333333333333,1,0.0342821769547325,4.528811014174283e-06,4.0290180004580566e-05,2,"[1.0, 0, -2.775333333333333, 0, 1]",0.0
-2.7702222222222224,0,0.01292149355281206,-0.0013718402899883155,-4.865509897870344e-05,1,"[1.0, 0, -2.7702222222222224, 0, 1]",0.0
-2.7702222222222224,1,0.03401973296753544,-8.081350871580765e-06,3.937071033461595e-05,2,"[1.0, 0, -2.7702222222222224, 0, 1]",0.0
-2.7651111111111106,0,0.013078669684499326,-0.0013548222370715832,-4.732254155494594e-05,1,"[1.0, 0, -2.7651111111111106, 0, 1]",0.0
-2.7651111111111106,1,0.03375777274805668,-2.0621825264984244e-05,3.845844441876427e-05,2,"[1.0, 0, -2.7651111111111106, 0, 1]",0.0
-2.76,0,0.013235555555555556,-0.0013378844444444432,-4.6009635533361776e-05,1,"[1.0, 0, -2.76, 0, 1]",0.0
-2.76,1,0.03349629629629629,-3.309274074074172e-05,3.755333843788273e-05,2,"[1.0, 0, -2.76, 0, 1]",0.0
-2.754888888888889,0,0.01339215116598079,-0.0013210267637514606,-4.471613771869108e-05,1,"[1.0, 0, -2.754888888888889, 0, 1]",0.0
-2.754888888888889,1,0.03323530361225423,-4.5494225873562565e-05,3.665534877680805e-05,2,"[1.0, 0, -2.754888888888889, 0, 1]",0.0
-2.7497777777777777,0,0.013548456515775034,-0.001304249046637199,-4.34418067335078e-05,1,"[1.0, 0, -2.7497777777777777, 0, 1]",0.0
-2.7497777777777777,1,0.032974794695930496,-5.782640923815863e-05,3.576443202367455e-05,2,"[1.0, 0, -2.7497777777777777, 0, 1]",0.0
-2.7446666666666664,0,0.013704471604938276,-0.001287551144746227,-4.218640301062082e-05,1,"[1.0, 0, -2.7446666666666664, 0, 1]",0.0
-2.7446666666666664,1,0.03271476954732509,-7.008941940923701e-05,3.488054496923293e-05,2,"[1.0, 0, -2.7446666666666664, 0, 1]",0.0
-2.7395555555555555,0,0.013860196433470508,-0.0012709329097231107,-4.094968878548807e-05,1,"[1.0, 0, -2.7395555555555555, 0, 1]",0.0
-2.7395555555555555,1,0.03245522816643803,-8.228338496150695e-05,3.400364460617042e-05,2,"[1.0, 0, -2.7395555555555555, 0, 1]",0.0
-2.7344444444444442,0,0.014015631001371744,-0.0012543941932124157,-3.9731428088645495e-05,1,"[1.0, 0, -2.7344444444444442, 0, 1]",0.0
-2.7344444444444442,1,0.0321961705532693,-9.440843446967837e-05,3.3133688128432026e-05,2,"[1.0, 0, -2.7344444444444442, 0, 1]",0.0
-2.729333333333333,0,0.014170775308641984,-0.001237934846858709,-3.8531386738150043e-05,1,"[1.0, 0, -2.729333333333333, 0, 1]",0.0
-2.729333333333333,1,0.0319375967078189,-0.00010646469650846019,3.227063293054334e-05,2,"[1.0, 0, -2.729333333333333, 0, 1]",0.0
-2.724222222222222,0,0.014325629355281207,-0.0012215547223065587,-3.734933233203664e-05,1,"[1.0, 0, -2.724222222222222, 0, 1]",0.0
-2.724222222222222,1,0.03167950663008687,-0.00011845229965256005,3.141443660693456e-05,2,"[1.0, 0, -2.724222222222222, 0, 1]",0.0
-2.7191111111111113,0,0.014480193141289427,-0.0012052536712005288,-3.618503424078881e-05,1,"[1.0, 0, -2.7191111111111113, 0, 1]",0.0
-2.7191111111111113,1,0.031421900320073165,-0.0001303713724766886,3.0565056951265253e-05,2,"[1.0, 0, -2.7191111111111113, 0, 1]",0.0
-2.7139999999999995,0,0.014634466666666672,-0.0011890315451851836,-3.503826359982418e-05,1,"[1.0, 0, -2.7139999999999995, 0, 1]",0.0
-2.7139999999999995,1,0.03116477777777775,-0.00014222204355555652,2.9722451955751074e-05,2,"[1.0, 0, -2.7139999999999995, 0, 1]",0.0
-2.7088888888888887,0,0.014788449931412893,-0.0011728881959050946,-3.3908793301994145e-05,1,"[1.0, 0, -2.7088888888888887, 0, 1]",0.0
-2.7088888888888887,1,0.03090813900320072,-0.0001540044414638696,2.8886579810491917e-05,2,"[1.0, 0, -2.7088888888888887, 0, 1]",0.0
-2.703777777777778,0,0.014942142935528119,-0.0011568234750048265,-3.279639799009619e-05,1,"[1.0, 0, -2.703777777777778, 0, 1]",0.0
-2.703777777777778,1,0.030651983996342017,-0.00016571869477633816,2.8057398902799965e-05,2,"[1.0, 0, -2.703777777777778, 0, 1]",0.0
-2.6986666666666665,0,0.015095545679012341,-0.001140837234128943,-3.170085404940175e-05,1,"[1.0, 0, -2.6986666666666665, 0, 1]",0.0
-2.6986666666666665,1,0.030396312757201643,-0.0001773649320676731,2.7234867816530544e-05,2,"[1.0, 0, -2.6986666666666665, 0, 1]",0.0
-2.6935555555555553,0,0.015248658161865575,-0.001124929324922013,-3.0621939600197984e-05,1,"[1.0, 0, -2.6935555555555553, 0, 1]",0.0
-2.6935555555555553,1,0.030141125285779585,-0.00018894328191258183,2.6418945331413487e-05,2,"[1.0, 0, -2.6935555555555553, 0, 1]",0.0
-2.6884444444444444,0,0.015401480384087785,-0.001109099599028603,-2.955943449034299e-05,1,"[1.0, 0, -2.6884444444444444, 0, 1]",0.0
-2.6884444444444444,1,0.029886421582075898,-0.00020045387288577295,2.5609590422386036e-05,2,"[1.0, 0, -2.6884444444444444, 0, 1]",0.0
-2.683333333333333,0,0.01555401234567902,-0.0010933479080932778,-2.8513120287835295e-05,1,"[1.0, 0, -2.683333333333333, 0, 1]",0.0
-2.683333333333333,1,0.029632201646090525,-0.00021189683356195768,2.4806762258926395e-05,2,"[1.0, 0, -2.683333333333333, 0, 1]",0.0
-2.678222222222222,0,0.015706254046639237,-0.001077674103760604,-2.7482780273398057e-05,1,"[1.0, 0, -2.678222222222222, 0, 1]",0.0
-2.678222222222222,1,0.02937846547782348,-0.00022327229251584396,2.4010420204389532e-05,2,"[1.0, 0, -2.678222222222222, 0, 1]",0.0
-2.673111111111111,0,0.015858205486968452,-0.0010620780376751505,-2.6468199433076707e-05,1,"[1.0, 0, -2.673111111111111, 0, 1]",0.0
-2.673111111111111,1,0.029125213077274795,-0.00023458037832213964,2.3220523815343563e-05,2,"[1.0, 0, -2.673111111111111, 0, 1]",0.0
-2.668,0,0.016009866666666657,-0.0010465595614814814,-2.5469164450850533e-05,1,"[1.0, 0, -2.668, 0, 1]",0.0
-2.668,1,0.02887244444444445,-0.0002458212195555556,2.2437032840907357e-05,2,"[1.0, 0, -2.668, 0, 1]",0.0
-2.6628888888888884,0,0.016161237585733887,-0.0010311185268241617,-2.4485463701258953e-05,1,"[1.0, 0, -2.6628888888888884, 0, 1]",0.0
-2.6628888888888884,1,0.028620159579332394,-0.0002569949447908019,2.165990722208968e-05,2,"[1.0, 0, -2.6628888888888884, 0, 1]",0.0
-2.6577777777777776,0,0.0163123182441701,-0.001015754785347761,-2.3516887242041914e-05,1,"[1.0, 0, -2.6577777777777776, 0, 1]",0.0
-2.6577777777777776,1,0.02836835848193872,-0.000268101682602585,2.0889107091130024e-05,2,"[1.0, 0, -2.6577777777777776, 0, 1]",0.0
-2.6526666666666667,0,0.016463108641975303,-0.001000468188696845,-2.2563226806793426e-05,1,"[1.0, 0, -2.6526666666666667, 0, 1]",0.0
-2.6526666666666667,1,0.028117041152263378,-0.000279141561565615,2.0124592770839374e-05,2,"[1.0, 0, -2.6526666666666667, 0, 1]",0.0
-2.6475555555555554,0,0.016613608779149518,-0.0009852585885159776,-2.162427579763003e-05,1,"[1.0, 0, -2.6475555555555554, 0, 1]",0.0
-2.6475555555555554,1,0.02786620759030635,-0.0002901147102546026,1.9366324773943565e-05,2,"[1.0, 0, -2.6475555555555554, 0, 1]",0.0
-2.642444444444444,0,0.01676381865569273,-0.0009701258364497273,-2.069982927787345e-05,1,"[1.0, 0, -2.642444444444444, 0, 1]",0.0
-2.642444444444444,1,0.027615857796067664,-0.00030102125724425536,1.861426380242748e-05,2,"[1.0, 0, -2.642444444444444, 0, 1]",0.0
-2.6373333333333333,0,0.016913738271604938,-0.0009550697841426606,-1.9789683964746693e-05,1,"[1.0, 0, -2.6373333333333333, 0, 1]",0.0
-2.6373333333333333,1,0.02736599176954732,-0.00031186133110928265,1.786837074688015e-05,2,"[1.0, 0, -2.6373333333333333, 0, 1]",0.0
-2.632222222222222,0,0.01706336762688615,-0.0009400902832393427,-1.8893638222084526e-05,1,"[1.0, 0, -2.632222222222222, 0, 1]",0.0
-2.632222222222222,1,0.027116609510745293,-0.00032263506042439394,1.712860668584148e-05,2,"[1.0, 0, -2.632222222222222, 0, 1]",0.0
-2.6271111111111107,0,0.01721270672153636,-0.0009251871853843404,-1.801149205305831e-05,1,"[1.0, 0, -2.6271111111111107, 0, 1]",0.0
-2.6271111111111107,1,0.026867711019661608,-0.00033334257376429837,1.6394932885150316e-05,2,"[1.0, 0, -2.6271111111111107, 0, 1]",0.0
-2.622,0,0.017361755555555552,-0.0009103603422222218,-1.7143047092914595e-05,1,"[1.0, 0, -2.622, 0, 1]",0.0
-2.622,1,0.026619296296296294,-0.0003439839997037037,1.566731079729353e-05,2,"[1.0, 0, -2.622, 0, 1]",0.0
-2.616888888888889,0,0.01751051412894375,-0.0008956096053975518,-1.628810660172766e-05,1,"[1.0, 0, -2.616888888888889, 0, 1]",0.0
-2.616888888888889,1,0.026371365340649294,-0.00035455946681732086,1.494570206075617e-05,2,"[1.0, 0, -2.616888888888889, 0, 1]",0.0
-2.6117777777777778,0,0.017658982441700957,-0.000880934826554895,-1.5446475457166572e-05,1,"[1.0, 0, -2.6117777777777778, 0, 1]",0.0
-2.6117777777777778,1,0.026123918152720624,-0.00036506910367985917,1.4230068499373587e-05,2,"[1.0, 0, -2.6117777777777778, 0, 1]",0.0
-2.6066666666666665,0,0.017807160493827162,-0.0008663358573388195,-1.461796014727625e-05,1,"[1.0, 0, -2.6066666666666665, 0, 1]",0.0
-2.6066666666666665,1,0.025876954732510282,-0.000375513038866027,1.3520372121684211e-05,2,"[1.0, 0, -2.6066666666666665, 0, 1]",0.0
-2.6015555555555556,0,0.01795504828532235,-0.0008518125493938935,-1.3802368763272381e-05,1,"[1.0, 0, -2.6015555555555556, 0, 1]",0.0
-2.6015555555555556,1,0.025630475080018297,-0.0003858914009505324,1.2816575120283832e-05,2,"[1.0, 0, -2.6015555555555556, 0, 1]",0.0
-2.5964444444444443,0,0.018102645816186556,-0.0008373647543646797,-1.2999510992350154e-05,1,"[1.0, 0, -2.5964444444444443, 0, 1]",0.0
-2.5964444444444443,1,0.02538447919524462,-0.0003962043185080869,1.2118639871180789e-05,2,"[1.0, 0, -2.5964444444444443, 0, 1]",0.0
-2.591333333333333,0,0.018249953086419753,-0.0008229923238957466,-1.220919811050815e-05,1,"[1.0, 0, -2.591333333333333, 0, 1]",0.0
-2.591333333333333,1,0.025138967078189287,-0.00040645192011339807,1.1426528933153213e-05,2,"[1.0, 0, -2.591333333333333, 0, 1]",0.0
-2.586222222222222,0,0.018396970096021946,-0.0008086951096316618,-1.1431242975385154e-05,1,"[1.0, 0, -2.586222222222222, 0, 1]",0.0
-2.586222222222222,1,0.02489393872885231,-0.00041663433434117414,1.074020504710671e-05,2,"[1.0, 0, -2.586222222222222, 0, 1]",0.0
-2.581111111111111,0,0.018543696844993143,-0.0007944729632169888,-1.0665460019111483e-05,1,"[1.0, 0, -2.581111111111111, 0, 1]",0.0
-2.581111111111111,1,0.02464939414723364,-0.00042675168976612666,1.0059631135433503e-05,2,"[1.0, 0, -2.581111111111111, 0, 1]",0.0
-2.576,0,0.018690133333333324,-0.0007803257362962965,-9.911665241174854e-06,1,"[1.0, 0, -2.576, 0, 1]",0.0
-2.576,1,0.02440533333333334,-0.0004368041149629627,9.384770301373469e-06,2,"[1.0, 0, -2.576, 0, 1]",0.0
-2.570888888888889,0,0.018836279561042522,-0.0007662532805141486,-9.169676201299361e-06,1,"[1.0, 0, -2.570888888888889, 0, 1]",0.0
-2.570888888888889,1,0.024161756287151337,-0.0004467917385063936,8.715585828375267e-06,2,"[1.0, 0, -2.570888888888889, 0, 1]",0.0
-2.5657777777777775,0,0.018982135528120718,-0.0007522554475151137,-8.439312012339683e-06,1,"[1.0, 0, -2.5657777777777775, 0, 1]",0.0
-2.5657777777777775,1,0.023918663008687682,-0.00045671468897112624,8.052041179460094e-06,2,"[1.0, 0, -2.5657777777777775, 0, 1]",0.0
-2.5606666666666666,0,0.019127701234567897,-0.0007383320889437586,-7.720393333188422e-06,1,"[1.0, 0, -2.5606666666666666, 0, 1]",0.0
-2.5606666666666666,1,0.023676053497942384,-0.00046657309493187006,7.3940999965855205e-06,2,"[1.0, 0, -2.5606666666666666, 0, 1]",0.0
-2.5555555555555554,0,0.019272976680384087,-0.0007244830564446467,-7.012742361697826e-06,1,"[1.0, 0, -2.5555555555555554, 0, 1]",0.0
-2.5555555555555554,1,0.023433927754915394,-0.00047636708496333617,6.741726100011078e-06,2,"[1.0, 0, -2.5555555555555554, 0, 1]",0.0
-2.5504444444444445,0,0.019417961865569267,-0.0007107082016623482,-6.316182827616146e-06,1,"[1.0, 0, -2.5504444444444445, 0, 1]",0.0
-2.5504444444444445,1,0.023192285779606768,-0.000486096787640231,6.094883487665534e-06,2,"[1.0, 0, -2.5504444444444445, 0, 1]",0.0
-2.5453333333333332,0,0.019562656790123457,-0.0006970073762414264,-5.6305399855370005e-06,1,"[1.0, 0, -2.5453333333333332, 0, 1]",0.0
-2.5453333333333332,1,0.022951127572016457,-0.0004957623315372658,5.453536334514422e-06,2,"[1.0, 0, -2.5453333333333332, 0, 1]",0.0
-2.540222222222222,0,0.019707061454046645,-0.000683380431826448,-4.955640607863892e-06,1,"[1.0, 0, -2.540222222222222, 0, 1]",0.0
-2.540222222222222,1,0.022710453132144474,-0.0005053638452291494,4.817648991929865e-06,2,"[1.0, 0, -2.540222222222222, 0, 1]",0.0
-2.535111111111111,0,0.019851175857338817,-0.0006698272200619824,-4.291312977788294e-06,1,"[1.0, 0, -2.535111111111111, 0, 1]",0.0
-2.535111111111111,1,0.022470262459990856,-0.0005149014572905891,4.187185987061111e-06,2,"[1.0, 0, -2.535111111111111, 0, 1]",0.0
-2.53,0,0.019995,-0.0006563475925925919,-3.6373868822814595e-06,1,"[1.0, 0, -2.53, 0, 1]",0.0
-2.53,1,0.022230555555555545,-0.0005243752962962967,3.5621120222061068e-06,2,"[1.0, 0, -2.53, 0, 1]",0.0
-2.524888888888889,0,0.02013853388203017,-0.0006429414010628462,-2.993693605101373e-06,1,"[1.0, 0, -2.524888888888889, 0, 1]",0.0
-2.524888888888889,1,0.021991332418838598,-0.000533785490820979,2.942391974185225e-06,2,"[1.0, 0, -2.524888888888889, 0, 1]",0.0
-2.5197777777777777,0,0.020281777503429355,-0.0006296084971173093,-2.3600659198125784e-06,1,"[1.0, 0, -2.5197777777777777, 0, 1]",0.0
-2.5197777777777777,1,0.02175259304983996,-0.0005431321694393471,2.3279908937150706e-06,2,"[1.0, 0, -2.5197777777777777, 0, 1]",0.0
-2.5146666666666664,0,0.020424730864197535,-0.0006163487324005478,-1.7363380828210448e-06,1,"[1.0, 0, -2.5146666666666664, 0, 1]",0.0
-2.5146666666666664,1,0.021514337448559656,-0.0005524154607261096,1.7188740047846777e-06,2,"[1.0, 0, -2.5146666666666664, 0, 1]",0.0
-2.5095555555555555,0,0.020567393964334706,-0.0006031619585571303,-1.1223458264226578e-06,1,"[1.0, 0, -2.5095555555555555, 0, 1]",0.0
-2.5095555555555555,1,0.02127656561499771,-0.000561635493255974,1.115006704032256e-06,2,"[1.0, 0, -2.5095555555555555, 0, 1]",0.0
-2.5044444444444443,0,0.02070976680384088,-0.0005900480272316206,-5.179263518656449e-07,1,"[1.0, 0, -2.5044444444444443, 0, 1]",0.0
-2.5044444444444443,1,0.021039277549154085,-0.0005707923956036516,5.163545601232011e-07,2,"[1.0, 0, -2.5044444444444443, 0, 1]",0.0
-2.5,0,0.02083333333333333,-0.0005787037037037035,1.6940658945086007e-21,1,"[1.0, 0, -2.5, 0, 1]",0.0
-2.4993333333333334,0,0.020851849382716038,-0.0005770067900685873,7.70816775723012e-08,1,"[1.0, 0, -2.4993333333333334, 0, 1]",0.0
-2.4993333333333334,1,0.02080247325102881,-0.0005798862963438498,-7.7116686870042e-08,2,"[1.0, 0, -2.4993333333333334, 0, 1]",0.0
-2.494222222222222,0,0.020993641700960214,-0.0005640380987125945,6.628381434936108e-07,1,"[1.0, 0, -2.494222222222222, 0, 1]",0.0
-2.494222222222222,1,0.02056615272062185,-0.0005889173240512795,-6.6544112608765e-07,2,"[1.0, 0, -2.494222222222222, 0, 1]",0.0
-2.489111111111111,0,0.021135143758573387,-0.0005511418048082096,1.2395014792755226e-06,1,"[1.0, 0, -2.489111111111111, 0, 1]",0.0
-2.489111111111111,1,0.020330315957933234,-0.000597885607300649,-1.2486526765000589e-06,2,"[1.0, 0, -2.489111111111111, 0, 1]",0.0
-2.484,0,0.02127635555555555,-0.00053831776,1.8072286769512829e-06,1,"[1.0, 0, -2.484, 0, 1]",0.0
-2.484,1,0.02009496296296296,-0.0006067912746666667,-1.8267850875249002e-06,2,"[1.0, 0, -2.484, 0, 1]",0.0
-2.4788888888888887,0,0.021417277091906724,-0.0005255658159325298,2.366175294077172e-06,1,"[1.0, 0, -2.4788888888888887, 0, 1]",0.0
-2.4788888888888887,1,0.01986009373571101,-0.0006156344547240432,-2.3998719396425724e-06,2,"[1.0, 0, -2.4788888888888887, 0, 1]",0.0
-2.473777777777778,0,0.02155790836762688,-0.0005128858242503685,2.916495460584984e-06,1,"[1.0, 0, -2.473777777777778, 0, 1]",0.0
-2.473777777777778,1,0.019625708276177413,-0.000624415276047486,-2.9679466450101446e-06,2,"[1.0, 0, -2.473777777777778, 0, 1]",0.0
-2.4686666666666666,0,0.02169824938271605,-0.000500277636598079,3.4583418856212307e-06,1,"[1.0, 0, -2.4686666666666666, 0, 1]",0.0
-2.4686666666666666,1,0.019391806584362133,-0.0006331338672117058,-3.5310424480747096e-06,2,"[1.0, 0, -2.4686666666666666, 0, 1]",0.0
-2.4635555555555553,0,0.021838300137174214,-0.0004877411046202299,3.9918658643713305e-06,1,"[1.0, 0, -2.4635555555555553, 0, 1]",0.0
-2.4635555555555553,1,0.019158388660265188,-0.0006417903567914111,-4.089192426184727e-06,2,"[1.0, 0, -2.4635555555555553, 0, 1]",0.0
-2.4584444444444444,0,0.02197806063100137,-0.0004752760799613877,4.517217284870467e-06,1,"[1.0, 0, -2.4584444444444444, 0, 1]",0.0
-2.4584444444444444,1,0.0189254545038866,-0.0006503848733613103,-4.642429490200575e-06,2,"[1.0, 0, -2.4584444444444444, 0, 1]",0.0
-2.453333333333333,0,0.02211753086419753,-0.0004628824142661176,5.034544634800053e-06,1,"[1.0, 0, -2.453333333333333, 0, 1]",0.0
-2.453333333333333,1,0.018693004115226328,-0.0006589175454961136,-5.19078638510388e-06,2,"[1.0, 0, -2.453333333333333, 0, 1]",0.0
-2.4482222222222223,0,0.02225671083676268,-0.00045055995917898706,5.543995008269974e-06,1,"[1.0, 0, -2.4482222222222223, 0, 1]",0.0
-2.4482222222222223,1,0.01846103749428441,-0.0006673885017705296,-5.734295690605122e-06,2,"[1.0, 0, -2.4482222222222223, 0, 1]",0.0
-2.443111111111111,0,0.022395600548696847,-0.0004383085663445609,6.045714112587122e-06,1,"[1.0, 0, -2.443111111111111, 0, 1]",0.0
-2.443111111111111,1,0.01822955464106081,-0.000675797870759268,-6.272989821750554e-06,2,"[1.0, 0, -2.443111111111111, 0, 1]",0.0
-2.4379999999999997,0,0.022534200000000004,-0.00042612808740740646,6.5398462750093494e-06,1,"[1.0, 0, -2.4379999999999997, 0, 1]",0.0
-2.4379999999999997,1,0.01799855555555554,-0.0006841457810370378,-6.806901029527383e-06,2,"[1.0, 0, -2.4379999999999997, 0, 1]",0.0
-2.432888888888889,0,0.022672509190672152,-0.0004140183740120914,7.026534449485787e-06,1,"[1.0, 0, -2.432888888888889, 0, 1]",0.0
-2.432888888888889,1,0.01776804023776863,-0.0006924323611785469,-7.336061401467882e-06,2,"[1.0, 0, -2.432888888888889, 0, 1]",0.0
-2.4277777777777776,0,0.022810528120713304,-0.00040197927780317994,7.5059202233829595e-06,1,"[1.0, 0, -2.4277777777777776, 0, 1]",0.0
-2.4277777777777776,1,0.017538008687700037,-0.000700657739758506,-7.860502862252516e-06,2,"[1.0, 0, -2.4277777777777776, 0, 1]",0.0
-2.4226666666666667,0,0.022948256790123453,-0.00039001065042524,7.978143824196538e-06,1,"[1.0, 0, -2.4226666666666667, 0, 1]",0.0
-2.4226666666666667,1,0.0173084609053498,-0.0007088220453516233,-8.380257174311155e-06,2,"[1.0, 0, -2.4226666666666667, 0, 1]",0.0
-2.4175555555555555,0,0.023085695198902606,-0.0003781123435228364,8.443344126249432e-06,1,"[1.0, 0, -2.4175555555555555, 0, 1]",0.0
-2.4175555555555555,1,0.01707939689071787,-0.0007169254065326088,-8.895355938423738e-06,2,"[1.0, 0, -2.4175555555555555, 0, 1]",0.0
-2.412444444444444,0,0.023222843347050756,-0.00036628420874053666,8.901658657375401e-06,1,"[1.0, 0, -2.412444444444444, 0, 1]",0.0
-2.412444444444444,1,0.01685081664380428,-0.0007249679518761712,-9.405830594319064e-06,2,"[1.0, 0, -2.412444444444444, 0, 1]",0.0
-2.4073333333333333,0,0.023359701234567896,-0.0003545260977229082,9.353223605588862e-06,1,"[1.0, 0, -2.4073333333333333, 0, 1]",0.0
-2.4073333333333333,1,0.016622720164609056,-0.0007329498099570188,-9.911712421272692e-06,2,"[1.0, 0, -2.4073333333333333, 0, 1]",0.0
-2.402222222222222,0,0.023496268861454048,-0.0003428378621145149,9.798173825740607e-06,1,"[1.0, 0, -2.402222222222222, 0, 1]",0.0
-2.402222222222222,1,0.016395107453132142,-0.0007408711093498621,-1.0413032538703694e-05,2,"[1.0, 0, -2.402222222222222, 0, 1]",0.0
-2.397111111111111,0,0.02363254622770919,-0.00033121935355992456,1.0236642846159098e-05,1,"[1.0, 0, -2.397111111111111, 0, 1]",0.0
-2.397111111111111,1,0.01616797850937357,-0.0007487319786294098,-1.0909821906769569e-05,2,"[1.0, 0, -2.397111111111111, 0, 1]",0.0
-2.392,0,0.023768533333333328,-0.00031967042370370356,1.0668762875278123e-05,1,"[1.0, 0, -2.392, 0, 1]",0.0
-2.392,1,0.015941333333333328,-0.0007565325463703705,-1.1402111326960493e-05,2,"[1.0, 0, -2.392, 0, 1]",0.0
-2.3868888888888886,0,0.023904230178326477,-0.00030819092419041724,1.1094664808250123e-05,1,"[1.0, 0, -2.3868888888888886, 0, 1]",0.0
-2.3868888888888886,1,0.015715171925011415,-0.0007642729411474543,-1.1889931442692057e-05,2,"[1.0, 0, -2.3868888888888886, 0, 1]",0.0
-2.3817777777777778,0,0.02403963676268861,-0.0002967807066646345,1.1514478233545311e-05,1,"[1.0, 0, -2.3817777777777778, 0, 1]",0.0
-2.3817777777777778,1,0.015489494284407865,-0.000771953291535369,-1.2373312739896595e-05,2,"[1.0, 0, -2.3817777777777778, 0, 1]",0.0
-2.3766666666666665,0,0.024174753086419754,-0.0002854396227709184,1.192833143953718e-05,1,"[1.0, 0, -2.3766666666666665, 0, 1]",0.0
-2.3766666666666665,1,0.015264300411522623,-0.0007795737261088253,-1.2852285547613725e-05,2,"[1.0, 0, -2.3766666666666665, 0, 1]",0.0
-2.3715555555555556,0,0.024309579149519887,-0.00027416752415383825,1.2336351421073243e-05,1,"[1.0, 0, -2.3715555555555556, 0, 1]",0.0
-2.3715555555555556,1,0.015039590306355738,-0.0007871343734425308,-1.3326880038578923e-05,2,"[1.0, 0, -2.3715555555555556, 0, 1]",0.0
-2.3664444444444444,0,0.024444114951989025,-0.00026296426245795855,1.273866388603237e-05,1,"[1.0, 0, -2.3664444444444444, 0, 1]",0.0
-2.3664444444444444,1,0.014815363968907175,-0.0007946353621111959,-1.3797126229811597e-05,2,"[1.0, 0, -2.3664444444444444, 0, 1]",0.0
-2.361333333333333,0,0.024578360493827164,-0.0002518296893278455,1.313539326186753e-05,1,"[1.0, 0, -2.361333333333333, 0, 1]",0.0
-2.361333333333333,1,0.01459162139917694,-0.0008020768206895297,-1.4263053983201277e-05,2,"[1.0, 0, -2.361333333333333, 0, 1]",0.0
-2.356222222222222,0,0.02471231577503429,-0.00024076365640806775,1.3526662702134646e-05,1,"[1.0, 0, -2.356222222222222, 0, 1]",0.0
-2.356222222222222,1,0.01436836259716507,-0.0008094588777522397,-1.472469300609279e-05,2,"[1.0, 0, -2.356222222222222, 0, 1]",0.0
-2.351111111111111,0,0.024845980795610425,-0.00022976601534318935,1.3912594093007541e-05,1,"[1.0, 0, -2.351111111111111, 0, 1]",0.0
-2.351111111111111,1,0.014145587562871507,-0.000816781661874037,-1.5182072851870473e-05,2,"[1.0, 0, -2.351111111111111, 0, 1]",0.0
-2.346,0,0.024979355555555548,-0.00021883661777777807,1.4293308059778347e-05,1,"[1.0, 0, -2.346, 0, 1]",0.0
-2.346,1,0.013923296296296302,-0.0008240453016296293,-1.5635222920540407e-05,2,"[1.0, 0, -2.346, 0, 1]",0.0
-2.340888888888889,0,0.025112440054869685,-0.0002079753153563985,1.4668923973344365e-05,1,"[1.0, 0, -2.340888888888889, 0, 1]",0.0
-2.340888888888889,1,0.013701488797439411,-0.0008312499255937276,-1.6084172459312206e-05,2,"[1.0, 0, -2.340888888888889, 0, 1]",0.0
-2.3357777777777775,0,0.025245234293552812,-0.00019718195972361874,1.5039559956680305e-05,1,"[1.0, 0, -2.3357777777777775, 0, 1]",0.0
-2.3357777777777775,1,0.013480165066300863,-0.000838395662341039,-1.652895056317874e-05,2,"[1.0, 0, -2.3357777777777775, 0, 1]",0.0
-2.3306666666666667,0,0.025377738271604933,-0.0001864564025240052,1.540533289129691e-05,1,"[1.0, 0, -2.3306666666666667, 0, 1]",0.0
-2.3306666666666667,1,0.013259325102880658,-0.0008454826404462736,-1.6969586175495367e-05,2,"[1.0, 0, -2.3306666666666667, 0, 1]",0.0
-2.3255555555555554,0,0.025509951989026065,-0.0001757984954021232,1.576635842368525e-05,1,"[1.0, 0, -2.3255555555555554, 0, 1]",0.0
-2.3255555555555554,1,0.013038968907178775,-0.0008525109884841408,-1.740610808855737e-05,2,"[1.0, 0, -2.3255555555555554, 0, 1]",0.0
-2.3204444444444445,0,0.02564187544581618,-0.0001652080900025402,1.6122750971746833e-05,1,"[1.0, 0, -2.3204444444444445, 0, 1]",0.0
-2.3204444444444445,1,0.012819096479195248,-0.0008594808350293485,-1.7838544944176204e-05,2,"[1.0, 0, -2.3204444444444445, 0, 1]",0.0
-2.3153333333333332,0,0.025773508641975307,-0.0001546850379698215,1.6474623731209993e-05,1,"[1.0, 0, -2.3153333333333332, 0, 1]",0.0
-2.3153333333333332,1,0.012599707818930037,-0.0008663923086566073,-1.826692523425485e-05,2,"[1.0, 0, -2.3153333333333332, 0, 1]",0.0
-2.310222222222222,0,0.025904851577503434,-0.00014422919094853347,1.6822088682031773e-05,1,"[1.0, 0, -2.310222222222222, 0, 1]",0.0
-2.310222222222222,1,0.012380802926383161,-0.0008732455379406263,-1.8691277301361362e-05,2,"[1.0, 0, -2.310222222222222, 0, 1]",0.0
-2.305111111111111,0,0.026035904252400544,-0.00013384040058324423,1.7165256594785932e-05,1,"[1.0, 0, -2.305111111111111, 0, 1]",0.0
-2.305111111111111,1,0.012162381801554642,-0.0008800406514561129,-1.9111629339301444e-05,2,"[1.0, 0, -2.305111111111111, 0, 1]",0.0
-2.3,0,0.026166666666666668,-0.00012351851851851809,1.7504237037037043e-05,1,"[1.0, 0, -2.3, 0, 1]",0.0
-2.3,1,0.011944444444444438,-0.0008867777777777781,-1.9528009393690002e-05,2,"[1.0, 0, -2.3, 0, 1]",0.0
-2.294888888888889,0,0.02629713882030178,-0.0001132633963989228,1.7839138379700022e-05,1,"[1.0, 0, -2.294888888888889, 0, 1]",0.0
-2.294888888888889,1,0.011726990855052584,-0.0008934570454803299,-1.994044536252083e-05,2,"[1.0, 0, -2.294888888888889, 0, 1]",0.0
-2.2897777777777777,0,0.026427320713305898,-0.00010307488586902371,1.8170067803386112e-05,1,"[1.0, 0, -2.2897777777777777, 0, 1]",0.0
-2.2897777777777777,1,0.011510021033379052,-0.0009000785831384784,-2.0348964996735652e-05,2,"[1.0, 0, -2.2897777777777777, 0, 1]",0.0
-2.2846666666666664,0,0.026557212345679013,-9.295283857338785e-05,1.8497131304734358e-05,1,"[1.0, 0, -2.2846666666666664, 0, 1]",0.0
-2.2846666666666664,1,0.011293534979423862,-0.0009066425193269321,-2.07535959007914e-05,2,"[1.0, 0, -2.2846666666666664, 0, 1]",0.0
-2.2795555555555556,0,0.026686813717421123,-8.289710615658166e-05,1.8820433702729233e-05,1,"[1.0, 0, -2.2795555555555556, 0, 1]",0.0
-2.2795555555555556,1,0.011077532693187016,-0.0009131489826204001,-2.1154365533226613e-05,2,"[1.0, 0, -2.2795555555555556, 0, 1]",0.0
-2.2744444444444443,0,0.02681612482853224,-7.29075402631708e-05,1.914007864500416e-05,1,"[1.0, 0, -2.2744444444444443, 0, 1]",0.0
-2.2744444444444443,1,0.010862014174668484,-0.000919598101593592,-2.155130120722638e-05,2,"[1.0, 0, -2.2744444444444443, 0, 1]",0.0
-2.2693333333333334,0,0.026945145679012336,-6.2983992537723e-05,1.9456168614130746e-05,1,"[1.0, 0, -2.2693333333333334, 0, 1]",0.0
-2.2693333333333334,1,0.010646979423868316,-0.0009259900048212161,-2.1944430091185968e-05,2,"[1.0, 0, -2.2693333333333334, 0, 1]",0.0
-2.264222222222222,0,0.027073876268861454,-5.312631462480261e-05,1.9768804933894347e-05,1,"[1.0, 0, -2.264222222222222, 0, 1]",0.0
-2.264222222222222,1,0.010432428440786456,-0.0009323248208779831,-2.2333779209273464e-05,2,"[1.0, 0, -2.264222222222222, 0, 1]",0.0
-2.259111111111111,0,0.027202316598079562,-4.33343581689777e-05,2.0078087775554952e-05,1,"[1.0, 0, -2.259111111111111, 0, 1]",0.0
-2.259111111111111,1,0.01021836122542294,-0.0009386026783386008,-2.271937544199072e-05,2,"[1.0, 0, -2.259111111111111, 0, 1]",0.0
-2.254,0,0.02733046666666666,-3.360797481481496e-05,2.038411616409455e-05,1,"[1.0, 0, -2.254, 0, 1]",0.0
-2.254,1,0.010004777777777779,-0.0009448237057777774,-2.3101245526733393e-05,2,"[1.0, 0, -2.254, 0, 1]",0.0
-2.2488888888888887,0,0.02745832647462277,-2.3947016206878477e-05,2.0686987984450163e-05,1,"[1.0, 0, -2.2488888888888887, 0, 1]",0.0
-2.2488888888888887,1,0.009791678097850927,-0.0009509880317702252,-2.347941605834987e-05,2,"[1.0, 0, -2.2488888888888887, 0, 1]",0.0
-2.243777777777778,0,0.02758589602194787,-1.4351333989737238e-05,2.098679998773264e-05,1,"[1.0, 0, -2.243777777777778, 0, 1]",0.0
-2.243777777777778,1,0.009579062185642431,-0.0009570957848906503,-2.3853913489698083e-05,2,"[1.0, 0, -2.243777777777778, 0, 1]",0.0
-2.2386666666666666,0,0.027713175308641973,-4.820779807955665e-06,2.1283647797431724e-05,1,"[1.0, 0, -2.2386666666666666, 0, 1]",0.0
-2.2386666666666666,1,0.009366930041152258,-0.0009631470937137633,-2.4224764132202233e-05,2,"[1.0, 0, -2.2386666666666666, 0, 1]",0.0
-2.2335555555555553,0,0.027840164334705077,4.644794693898885e-06,2.1577625915606702e-05,1,"[1.0, 0, -2.2335555555555553, 0, 1]",0.0
-2.2335555555555553,1,0.00915528166438042,-0.0009691420868142734,-2.4591994156407346e-05,2,"[1.0, 0, -2.2335555555555553, 0, 1]",0.0
-2.2284444444444444,0,0.027966863100137167,1.4045537871259397e-05,2.186882772906313e-05,1,"[1.0, 0, -2.2284444444444444, 0, 1]",0.0
-2.2284444444444444,1,0.008944117055326932,-0.0009750808927668884,-2.4955629592532904e-05,2,"[1.0, 0, -2.2284444444444444, 0, 1]",0.0
-2.223333333333333,0,0.028093271604938273,2.3381598079561423e-05,2.2157345515515563e-05,1,"[1.0, 0, -2.223333333333333, 0, 1]",0.0
-2.223333333333333,1,0.008733436213991759,-0.0009809636401463195,-2.531569633102544e-05,2,"[1.0, 0, -2.223333333333333, 0, 1]",0.0
-2.2182222222222223,0,0.028219389849108364,3.265312367423666e-05,2.244327044973586e-05,1,"[1.0, 0, -2.2182222222222223, 0, 1]",0.0
-2.2182222222222223,1,0.008523239140374943,-0.0009867904575272739,-2.567222012310923e-05,2,"[1.0, 0, -2.2182222222222223, 0, 1]",0.0
-2.213111111111111,0,0.02834521783264746,4.186026301072033e-05,2.2726692609687856e-05,1,"[1.0, 0, -2.213111111111111, 0, 1]",0.0
-2.213111111111111,1,0.008313525834476442,-0.0009925614734844625,-2.6025226581336568e-05,2,"[1.0, 0, -2.213111111111111, 0, 1]",0.0
-2.2079999999999997,0,0.02847075555555556,5.100316444444509e-05,2.300770098264758e-05,1,"[1.0, 0, -2.2079999999999997, 0, 1]",0.0
-2.2079999999999997,1,0.008104296296296283,-0.0009982768165925928,-2.637474118013588e-05,2,"[1.0, 0, -2.2079999999999997, 0, 1]",0.0
-2.202888888888889,0,0.028596003017832643,6.008197633084394e-05,2.328638347130951e-05,1,"[1.0, 0, -2.202888888888889, 0, 1]",0.0
-2.202888888888889,1,0.007895550525834474,-0.0010039366154263746,-2.6720789256359397e-05,2,"[1.0, 0, -2.202888888888889, 0, 1]",0.0
-2.1977777777777776,0,0.02872096021947874,6.90968470253524e-05,2.356282689987892e-05,1,"[1.0, 0, -2.1977777777777776, 0, 1]",0.0
-2.1977777777777776,1,0.007687288523090981,-0.0010095409985605179,-2.706339600982907e-05,2,"[1.0, 0, -2.1977777777777776, 0, 1]",0.0
-2.1926666666666668,0,0.02884562716049382,7.80479248834019e-05,2.383711702014972e-05,1,"[1.0, 0, -2.1926666666666668, 0, 1]",0.0
-2.1926666666666668,1,0.007479510288065851,-0.0010150900945697303,-2.7402586503881177e-05,2,"[1.0, 0, -2.1926666666666668, 0, 1]",0.0
-2.1875555555555555,0,0.028970003840877914,8.693535826042791e-05,2.4109338517568783e-05,1,"[1.0, 0, -2.1875555555555555, 0, 1]",0.0
-2.1875555555555555,1,0.007272215820759029,-0.0010205840320287218,-2.7738385665910138e-05,2,"[1.0, 0, -2.1875555555555555, 0, 1]",0.0
-2.182444444444444,0,0.029094090260631002,9.575929551186346e-05,2.4379575017285548e-05,1,"[1.0, 0, -2.182444444444444, 0, 1]",0.0
-2.182444444444444,1,0.007065405121170543,-0.001026022939512202,-2.8070818287910573e-05,2,"[1.0, 0, -2.182444444444444, 0, 1]",0.0
-2.1773333333333333,0,0.02921788641975308,0.00010451988499314122,2.4647909090188066e-05,1,"[1.0, 0, -2.1773333333333333, 0, 1]",0.0
-2.1773333333333333,1,0.006859078189300413,-0.0010314069455948786,-2.8399909027018264e-05,2,"[1.0, 0, -2.1773333333333333, 0, 1]",0.0
-2.172222222222222,0,0.02934139231824417,0.0001132172750596967,2.4914422258924755e-05,1,"[1.0, 0, -2.172222222222222, 0, 1]",0.0
-2.172222222222222,1,0.006653235025148599,-0.0010367361788514626,-2.8725682406050118e-05,2,"[1.0, 0, -2.172222222222222, 0, 1]",0.0
-2.167111111111111,0,0.029464607956104245,0.00012185161406696101,2.5179195003911904e-05,1,"[1.0, 0, -2.167111111111111, 0, 1]",0.0
-2.167111111111111,1,0.006447875628715141,-0.0010420107678566612,-2.9048162814042247e-05,2,"[1.0, 0, -2.167111111111111, 0, 1]",0.0
-2.162,0,0.02958753333333333,0.0001304230503703706,2.5442306769327485e-05,1,"[1.0, 0, -2.162, 0, 1]",0.0
-2.162,1,0.0062429999999999986,-0.0010472308411851854,-2.9367374506787637e-05,2,"[1.0, 0, -2.162, 0, 1]",0.0
-2.1568888888888886,0,0.029710168449931414,0.00013893173232535716,2.570383596909045e-05,1,"[1.0, 0, -2.1568888888888886, 0, 1]",0.0
-2.1568888888888886,1,0.006038608139003192,-0.001052396527411743,-2.9683341607371636e-05,2,"[1.0, 0, -2.1568888888888886, 0, 1]",0.0
-2.151777777777778,0,0.029832513305898485,0.00014737780828735444,2.5963859992826208e-05,1,"[1.0, 0, -2.151777777777778, 0, 1]",0.0
-2.151777777777778,1,0.005834700045724742,-0.0010575079551110433,-2.9996088106706944e-05,2,"[1.0, 0, -2.151777777777778, 0, 1]",0.0
-2.1466666666666665,0,0.029954567901234568,0.00015576142661179748,2.6222455211818043e-05,1,"[1.0, 0, -2.1466666666666665, 0, 1]",0.0
-2.1466666666666665,1,0.0056312757201646,-0.0010625652528577965,-3.0305637864066964e-05,2,"[1.0, 0, -2.1466666666666665, 0, 1]",0.0
-2.1415555555555557,0,0.030076332235939637,0.00016408273565411753,2.647969698494417e-05,1,"[1.0, 0, -2.1415555555555557, 0, 1]",0.0
-2.1415555555555557,1,0.005428335162322821,-0.00106756854922671,-3.061201460761776e-05,2,"[1.0, 0, -2.1415555555555557, 0, 1]",0.0
-2.1364444444444444,0,0.030197806310013717,0.0001723418837697509,2.6735659664601085e-05,1,"[1.0, 0, -2.1364444444444444, 0, 1]",0.0
-2.1364444444444444,1,0.005225878372199358,-0.0010725179727924946,-3.091524193494929e-05,2,"[1.0, 0, -2.1364444444444444, 0, 1]",0.0
-2.131333333333333,0,0.030318990123456794,0.0001805390193141294,2.6990416602612458e-05,1,"[1.0, 0, -2.131333333333333, 0, 1]",0.0
-2.131333333333333,1,0.00502390534979423,-0.0010774136521298585,-3.121534331360471e-05,2,"[1.0, 0, -2.131333333333333, 0, 1]",0.0
-2.1262222222222222,0,0.030439883676268858,0.00018867429064268673,2.724404015612419e-05,1,"[1.0, 0, -2.1262222222222222, 0, 1]",0.0
-2.1262222222222222,1,0.004822416095107453,-0.0010822557158135107,-3.151234208160889e-05,2,"[1.0, 0, -2.1262222222222222, 0, 1]",0.0
-2.121111111111111,0,0.03056048696844993,0.0001967478461108573,2.749660169348537e-05,1,"[1.0, 0, -2.121111111111111, 0, 1]",0.0
-2.121111111111111,1,0.004621410608138997,-0.0010870442924181612,-3.1806261447995584e-05,2,"[1.0, 0, -2.121111111111111, 0, 1]",0.0
-2.116,0,0.030680799999999994,0.00020475983407407426,2.774817160011495e-05,1,"[1.0, 0, -2.116, 0, 1]",0.0
-2.116,1,0.004420888888888891,-0.0010917795105185187,-3.209712449333312e-05,2,"[1.0, 0, -2.116, 0, 1]",0.0
-2.110888888888889,0,0.030800822770919063,0.00021271040288777112,2.7998819284354597e-05,1,"[1.0, 0, -2.110888888888889, 0, 1]",0.0
-2.110888888888889,1,0.004220850937357107,-0.0010964614986892919,-3.238495417024899e-05,2,"[1.0, 0, -2.110888888888889, 0, 1]",0.0
-2.1057777777777775,0,0.030920555281207133,0.00022059970090738243,2.8248613183307215e-05,1,"[1.0, 0, -2.1057777777777775, 0, 1]",0.0
-2.1057777777777775,1,0.004021296753543659,-0.001101090385505191,-3.266977330395338e-05,2,"[1.0, 0, -2.1057777777777775, 0, 1]",0.0
-2.1006666666666667,0,0.031039997530864193,0.00022842787648834006,2.849762076866156e-05,1,"[1.0, 0, -2.1006666666666667, 0, 1]",0.0
-2.1006666666666667,1,0.00382222633744856,-0.0011056662995409235,-3.295160459276084e-05,2,"[1.0, 0, -2.1006666666666667, 0, 1]",0.0
-2.0955555555555554,0,0.03115914951989026,0.00023619507798607937,2.874590855250273e-05,1,"[1.0, 0, -2.0955555555555554, 0, 1]",0.0
-2.0955555555555554,1,0.0036236396890717837,-0.0011101893693712,-3.323047060861151e-05,2,"[1.0, 0, -2.0955555555555554, 0, 1]",0.0
-2.0904444444444445,0,0.03127801124828532,0.00024390145375603316,2.8993542093108444e-05,1,"[1.0, 0, -2.0904444444444445, 0, 1]",0.0
-2.0904444444444445,1,0.00342553680841335,-0.0011146597235707294,-3.350639379759031e-05,2,"[1.0, 0, -2.0904444444444445, 0, 1]",0.0
-2.0853333333333333,0,0.03139658271604938,0.00025154715215363525,2.924058600073147e-05,1,"[1.0, 0, -2.0853333333333333, 0, 1]",0.0
-2.0853333333333333,1,0.003227917695473252,-0.0011190774907142206,-3.3779396480445334e-05,2,"[1.0, 0, -2.0853333333333333, 0, 1]",0.0
-2.080222222222222,0,0.031514863923182444,0.0002591323215343194,2.948710394336771e-05,1,"[1.0, 0, -2.080222222222222, 0, 1]",0.0
-2.080222222222222,1,0.0030307823502514764,-0.0011234427993763825,-3.404950085310487e-05,2,"[1.0, 0, -2.080222222222222, 0, 1]",0.0
-2.075111111111111,0,0.03163285486968449,0.00026665711025351823,2.973315865251034e-05,1,"[1.0, 0, -2.075111111111111, 0, 1]",0.0
-2.075111111111111,1,0.002834130772748057,-0.0011277557781319242,-3.431672898719308e-05,2,"[1.0, 0, -2.075111111111111, 0, 1]",0.0
-2.07,0,0.03175055555555555,0.00027412166666666686,2.9978811928889973e-05,1,"[1.0, 0, -2.07, 0, 1]",0.0
-2.07,1,0.00263796296296296,-0.0011320165555555556,-3.458110283054459e-05,2,"[1.0, 0, -2.07, 0, 1]",0.0
-2.064888888888889,0,0.0318679659807956,0.00028152613912919746,3.022412464820041e-05,1,"[1.0, 0, -2.064888888888889, 0, 1]",0.0
-2.064888888888889,1,0.0024422789208962126,-0.0011362252602219848,-3.484264420771751e-05,2,"[1.0, 0, -2.064888888888889, 0, 1]",0.0
-2.0597777777777777,0,0.03198508614540466,0.0002888706759965454,3.0469156766810663e-05,1,"[1.0, 0, -2.0597777777777777, 0, 1]",0.0
-2.0597777777777777,1,0.00224707864654778,-0.0011403820207059221,-3.510137482050562e-05,2,"[1.0, 0, -2.0597777777777777, 0, 1]",0.0
-2.0546666666666664,0,0.032101916049382714,0.0002961554256241431,3.071396732746261e-05,1,"[1.0, 0, -2.0546666666666664, 0, 1]",0.0
-2.0546666666666664,1,0.0020523621399176836,-0.0011444869655820762,-3.5357316248448877e-05,2,"[1.0, 0, -2.0546666666666664, 0, 1]",0.0
-2.0495555555555556,0,0.03221845569272977,0.00030338053636742374,3.095861446495483e-05,1,"[1.0, 0, -2.0495555555555556, 0, 1]",0.0
-2.0495555555555556,1,0.0018581294010059438,-0.0011485402234251553,-3.5610489949342835e-05,2,"[1.0, 0, -2.0495555555555556, 0, 1]",0.0
-2.0444444444444443,0,0.03233470507544582,0.00031054615658182225,3.1203155411812006e-05,1,"[1.0, 0, -2.0444444444444443, 0, 1]",0.0
-2.0444444444444443,1,0.001664380429812519,-0.0011525419228098702,-3.586091725974707e-05,2,"[1.0, 0, -2.0444444444444443, 0, 1]",0.0
-2.0393333333333334,0,0.03245066419753086,0.0003176524346227709,3.1447646503940625e-05,1,"[1.0, 0, -2.0393333333333334, 0, 1]",0.0
-2.0393333333333334,1,0.0014711152263374508,-0.001156492192310928,-3.610861939549168e-05,2,"[1.0, 0, -2.0393333333333334, 0, 1]",0.0
-2.034222222222222,0,0.0325663330589849,0.00032469951884570464,3.1692143186270404e-05,1,"[1.0, 0, -2.034222222222222, 0, 1]",0.0
-2.034222222222222,1,0.0012783337905807046,-0.0011603911605030399,-3.6353617452183325e-05,2,"[1.0, 0, -2.034222222222222, 0, 1]",0.0
-2.029111111111111,0,0.03268171165980796,0.0003316875576060566,3.1936700018381525e-05,1,"[1.0, 0, -2.029111111111111, 0, 1]",0.0
-2.029111111111111,1,0.0010860361225422874,-0.0011642389559609143,-3.6595932405709314e-05,2,"[1.0, 0, -2.029111111111111, 0, 1]",0.0
-2.024,0,0.0327968,0.0003386166992592595,3.218137068011787e-05,1,"[1.0, 0, -2.024, 0, 1]",0.0
-2.024,1,0.0008942222222222199,-0.0011680357072592594,-3.683558511274078e-05,2,"[1.0, 0, -2.024, 0, 1]",0.0
-2.0188888888888887,0,0.032911598079561045,0.00034548709216074817,3.242620797718639e-05,1,"[1.0, 0, -2.0188888888888887, 0, 1]",0.0
-2.0188888888888887,1,0.0007028920896204743,-0.0011717815429727854,-3.70725963112347e-05,2,"[1.0, 0, -2.0188888888888887, 0, 1]",0.0
-2.013777777777778,0,0.03302610589849107,0.00035229888466595537,3.267126384674199e-05,1,"[1.0, 0, -2.013777777777778, 0, 1]",0.0
-2.013777777777778,1,0.0005120457247370855,-0.001175476591676201,-3.730698662093424e-05,2,"[1.0, 0, -2.013777777777778, 0, 1]",0.0
-2.0086666666666666,0,0.03314032345679012,0.0003590522251303155,3.2916589362958753e-05,1,"[1.0, 0, -2.0086666666666666, 0, 1]",0.0
-2.0086666666666666,1,0.0003216831275720186,-0.0011791209819442157,-3.7538776543868303e-05,2,"[1.0, 0, -2.0086666666666666, 0, 1]",0.0
-2.0035555555555553,0,0.03325425075445816,0.0003657472619092622,3.3162234742586574e-05,1,"[1.0, 0, -2.0035555555555553, 0, 1]",0.0
-2.0035555555555553,1,0.00013180429812527372,-0.0011827148423515389,-3.7767986464849455e-05,2,"[1.0, 0, -2.0035555555555553, 0, 1]",0.0
-1.9984444444444445,0,0.033367887791495195,0.00037238414335822787,3.34082493504942e-05,1,"[1.0, 0, -1.9984444444444445, 0, 1]",0.0
-1.9984444444444445,1,-5.759076360310755e-05,-0.0011862583014728785,-3.799463665197066e-05,2,"[1.0, 0, -1.9984444444444445, 0, 1]",0.0
-1.9933333333333332,0,0.03348123456790124,0.0003789630178326478,3.365468170519796e-05,1,"[1.0, 0, -1.9933333333333332, 0, 1]",0.0
-1.9933333333333332,1,-0.0002465020576131738,-0.001189751487882945,-3.82187472571011e-05,2,"[1.0, 0, -1.9933333333333332, 0, 1]",0.0
-1.9882222222222223,0,0.03359429108367626,0.00038548403368795413,3.3901579484376255e-05,1,"[1.0, 0, -1.9882222222222223, 0, 1]",0.0
-1.9882222222222223,1,-0.0004349295839048903,-0.0011931945301564464,-3.844033831638011e-05,2,"[1.0, 0, -1.9882222222222223, 0, 1]",0.0
-1.983111111111111,0,0.0337070573388203,0.0003919473392795815,3.414898953037046e-05,1,"[1.0, 0, -1.983111111111111, 0, 1]",0.0
-1.983111111111111,1,-0.0006228733424782848,-0.0011965875568680927,-3.8659429750710485e-05,2,"[1.0, 0, -1.983111111111111, 0, 1]",0.0
-1.9779999999999998,0,0.03381953333333333,0.0003983530829629633,3.4396957855670995e-05,1,"[1.0, 0, -1.9779999999999998, 0, 1]",0.0
-1.9779999999999998,1,-0.0008103333333333435,-0.0011999306965925927,-3.887604136625003e-05,2,"[1.0, 0, -1.9779999999999998, 0, 1]",0.0
-1.972888888888889,0,0.03393171906721536,0.0004047014130935327,3.464552964839003e-05,1,"[1.0, 0, -1.972888888888889, 0, 1]",0.0
-1.972888888888889,1,-0.0009973095564700524,-0.0012032240779046555,-3.9090192854902126e-05,2,"[1.0, 0, -1.972888888888889, 0, 1]",0.0
-1.9677777777777776,0,0.034043614540466394,0.0004109924780267236,3.489474927771978e-05,1,"[1.0, 0, -1.9677777777777776, 0, 1]",0.0
-1.9677777777777776,1,-0.0011838020118884393,-0.0012064678293789903,-3.930190379480498e-05,2,"[1.0, 0, -1.9677777777777776, 0, 1]",0.0
-1.9626666666666668,0,0.03415521975308641,0.0004172264261179698,3.5144660299376477e-05,1,"[1.0, 0, -1.9626666666666668, 0, 1]",0.0
-1.9626666666666668,1,-0.0013698106995884696,-0.0012096620795903064,-3.951119365081955e-05,2,"[1.0, 0, -1.9626666666666668, 0, 1]",0.0
-1.9575555555555555,0,0.034266534705075444,0.00042340340572270493,3.53953054610309e-05,1,"[1.0, 0, -1.9575555555555555, 0, 1]",0.0
-1.9575555555555555,1,-0.0015553356195701917,-0.0012128069571133127,-3.9718081775016264e-05,2,"[1.0, 0, -1.9575555555555555, 0, 1]",0.0
-1.9524444444444442,0,0.03437755939643347,0.00042952356519636265,3.564672670772409e-05,1,"[1.0, 0, -1.9524444444444442, 0, 1]",0.0
-1.9524444444444442,1,-0.001740376771833571,-0.0012159025905227187,-3.992258740716045e-05,2,"[1.0, 0, -1.9524444444444442, 0, 1]",0.0
-1.9473333333333334,0,0.03448829382716049,0.0004355870528943758,3.5898965187269505e-05,1,"[1.0, 0, -1.9473333333333334, 0, 1]",0.0
-1.9473333333333334,1,-0.0019249341563786007,-0.0012189491083932327,-4.012472967519647e-05,2,"[1.0, 0, -1.9473333333333334, 0, 1]",0.0
-1.942222222222222,0,0.03459873799725652,0.0004415940171721792,3.6152061255640895e-05,1,"[1.0, 0, -1.942222222222222, 0, 1]",0.0
-1.942222222222222,1,-0.0021090077732053084,-0.001221946639299565,-4.032452759573079e-05,2,"[1.0, 0, -1.942222222222222, 0, 1]",0.0
-1.9371111111111112,0,0.03470889190672153,0.00044754460638520526,3.640605448234598e-05,1,"[1.0, 0, -1.9371111111111112, 0, 1]",0.0
-1.9371111111111112,1,-0.0022925976223136663,-0.0012248953118164235,-4.0522000074513396e-05,2,"[1.0, 0, -1.9371111111111112, 0, 1]",0.0
-1.932,0,0.03481875555555555,0.00045343896888888884,3.6660983655786366e-05,1,"[1.0, 0, -1.932, 0, 1]",0.0
-1.932,1,-0.002475703703703702,-0.0012277952545185183,-4.0717165906918415e-05,2,"[1.0, 0, -1.932, 0, 1]",0.0
-1.9268888888888887,0,0.03492832894375858,0.0004592772530386631,3.691688678860298e-05,1,"[1.0, 0, -1.9268888888888887, 0, 1]",0.0
-1.9268888888888887,1,-0.002658326017375409,-0.0012306465959805587,-4.091004377842311e-05,2,"[1.0, 0, -1.9268888888888887, 0, 1]",0.0
-1.9217777777777778,0,0.03503761207133059,0.00046505960718996094,3.717380112300766e-05,1,"[1.0, 0, -1.9217777777777778, 0, 1]",0.0
-1.9217777777777778,1,-0.0028404645633287595,-0.0012334494647772529,-4.110065226508571e-05,2,"[1.0, 0, -1.9217777777777778, 0, 1]",0.0
-1.9166666666666665,0,0.035146604938271604,0.0004707861796982168,3.743176313610071e-05,1,"[1.0, 0, -1.9166666666666665, 0, 1]",0.0
-1.9166666666666665,1,-0.003022119341563788,-0.0012362039894833103,-4.12890098340221e-05,2,"[1.0, 0, -1.9166666666666665, 0, 1]",0.0
-1.9115555555555557,0,0.035255307544581616,0.00047645711891886375,3.769080854517418e-05,1,"[1.0, 0, -1.9115555555555557, 0, 1]",0.0
-1.9115555555555557,1,-0.0032032903520804734,-0.0012389102986734405,-4.1475134843881204e-05,2,"[1.0, 0, -1.9115555555555557, 0, 1]",0.0
-1.9064444444444444,0,0.03536371989026063,0.00048207257320733625,3.7950972313001144e-05,1,"[1.0, 0, -1.9064444444444444, 0, 1]",0.0
-1.9064444444444444,1,-0.00338397759487883,-0.0012415685209223523,-4.165904554531889e-05,2,"[1.0, 0, -1.9064444444444444, 0, 1]",0.0
-1.901333333333333,0,0.03547184197530864,0.00048763269091906756,3.821228865311092e-05,1,"[1.0, 0, -1.901333333333333, 0, 1]",0.0
-1.901333333333333,1,-0.0035641810699588578,-0.0012441787848047558,-4.1840760081471e-05,2,"[1.0, 0, -1.901333333333333, 0, 1]",0.0
-1.8962222222222223,0,0.03557967379972565,0.0004931376204094905,3.847479103505021e-05,1,"[1.0, 0, -1.8962222222222223, 0, 1]",0.0
-1.8962222222222223,1,-0.003743900777320529,-0.0012467412188953582,-4.202029648842459e-05,2,"[1.0, 0, -1.8962222222222223, 0, 1]",0.0
-1.891111111111111,0,0.03568721536351166,0.0004985875100340397,3.873851218963006e-05,1,"[1.0, 0, -1.891111111111111, 0, 1]",0.0
-1.891111111111111,1,-0.003923136716963885,-0.00124925595176887,-4.219767269568861e-05,2,"[1.0, 0, -1.891111111111111, 0, 1]",0.0
-1.8860000000000001,0,0.03579446666666666,0.0005039825081481482,3.900348411415885e-05,1,"[1.0, 0, -1.8860000000000001, 0, 1]",0.0
-1.8860000000000001,1,-0.004101888888888884,-0.001251723112,-4.237290652666262e-05,2,"[1.0, 0, -1.8860000000000001, 0, 1]",0.0
-1.8808888888888888,0,0.035901427709190664,0.00050932276310725,3.926973807766114e-05,1,"[1.0, 0, -1.8808888888888888, 0, 1]",0.0
-1.8808888888888888,1,-0.004280157293095561,-0.0012541428281634575,-4.254601569910477e-05,2,"[1.0, 0, -1.8808888888888888, 0, 1]",0.0
-1.8757777777777775,0,0.036008098491083676,0.0005146084232667787,3.953730462608248e-05,1,"[1.0, 0, -1.8757777777777775, 0, 1]",0.0
-1.8757777777777775,1,-0.004457941929583917,-0.0012565152288339515,-4.271701782559808e-05,2,"[1.0, 0, -1.8757777777777775, 0, 1]",0.0
-1.8706666666666667,0,0.03611447901234567,0.0005198396369821674,3.9806213587479895e-05,1,"[1.0, 0, -1.8706666666666667, 0, 1]",0.0
-1.8706666666666667,1,-0.0046352427983539085,-0.0012588404425861912,-4.288593041401587e-05,2,"[1.0, 0, -1.8706666666666667, 0, 1]",0.0
-1.8655555555555554,0,0.03622056927297668,0.0005250165526088505,4.007649407719882e-05,1,"[1.0, 0, -1.8655555555555554, 0, 1]",0.0
-1.8655555555555554,1,-0.004812059899405585,-0.0012611185979948857,-4.305277086798565e-05,2,"[1.0, 0, -1.8655555555555554, 0, 1]",0.0
-1.8604444444444446,0,0.03632636927297667,0.0005301393185022607,4.0348174503035246e-05,1,"[1.0, 0, -1.8604444444444446, 0, 1]",0.0
-1.8604444444444446,1,-0.004988393232738905,-0.001263349823634744,-4.321755648735182e-05,2,"[1.0, 0, -1.8604444444444446, 0, 1]",0.0
-1.8553333333333333,0,0.03643187901234568,0.0005352080830178328,4.062128257038445e-05,1,"[1.0, 0, -1.8553333333333333, 0, 1]",0.0
-1.8553333333333333,1,-0.00516424279835391,-0.0012655342480804757,-4.338030446863725e-05,2,"[1.0, 0, -1.8553333333333333, 0, 1]",0.0
-1.850222222222222,0,0.03653709849108368,0.0005402229945109995,4.089584528737508e-05,1,"[1.0, 0, -1.850222222222222, 0, 1]",0.0
-1.850222222222222,1,-0.005339608596250579,-0.0012676719999067893,-4.354103190550321e-05,2,"[1.0, 0, -1.850222222222222, 0, 1]",0.0
-1.8451111111111111,0,0.03664202770919067,0.0005451842013371946,4.11718889699896e-05,1,"[1.0, 0, -1.8451111111111111, 0, 1]",0.0
-1.8451111111111111,1,-0.005514490626428899,-0.0012697632076883944,-4.369975578920859e-05,2,"[1.0, 0, -1.8451111111111111, 0, 1]",0.0
-1.8399999999999999,0,0.036746666666666664,0.0005500918518518521,4.144943924717035e-05,1,"[1.0, 0, -1.8399999999999999, 0, 1]",0.0
-1.8399999999999999,1,-0.005688888888888896,-0.0012718080000000001,-4.3856493009067376e-05,2,"[1.0, 0, -1.8399999999999999, 0, 1]",0.0
-1.834888888888889,0,0.03685101536351165,0.0005549460944104048,4.1728521065911695e-05,1,"[1.0, 0, -1.834888888888889, 0, 1]",0.0
-1.834888888888889,1,-0.00586280338363054,-0.0012738065054163153,-4.4011260352905084e-05,2,"[1.0, 0, -1.834888888888889, 0, 1]",0.0
-1.8297777777777777,0,0.03695507379972565,0.0005597470773682875,4.200915869633797e-05,1,"[1.0, 0, -1.8297777777777777, 0, 1]",0.0
-1.8297777777777777,1,-0.006036234110653866,-0.0012757588525120493,-4.416407450751396e-05,2,"[1.0, 0, -1.8297777777777777, 0, 1]",0.0
-1.8246666666666664,0,0.03705884197530865,0.0005644949490809331,4.229137573676734e-05,1,"[1.0, 0, -1.8246666666666664, 0, 1]",0.0
-1.8246666666666664,1,-0.006209181069958856,-0.0012776651698619113,-4.431495205910679e-05,2,"[1.0, 0, -1.8246666666666664, 0, 1]",0.0
-1.8195555555555556,0,0.03716231989026063,0.0005691898579037748,4.257519511876168e-05,1,"[1.0, 0, -1.8195555555555556, 0, 1]",0.0
-1.8195555555555556,1,-0.006381644261545492,-0.0012795255860406102,-4.4463909493769546e-05,2,"[1.0, 0, -1.8195555555555556, 0, 1]",0.0
-1.8144444444444443,0,0.03726550754458162,0.0005738319521922472,4.286063911216243e-05,1,"[1.0, 0, -1.8144444444444443, 0, 1]",0.0
-1.8144444444444443,1,-0.006553623685413814,-0.0012813402296228556,-4.4610963197912734e-05,2,"[1.0, 0, -1.8144444444444443, 0, 1]",0.0
-1.8093333333333335,0,0.03736840493827159,0.0005784213803017831,4.314772933011193e-05,1,"[1.0, 0, -1.8093333333333335, 0, 1]",0.0
-1.8093333333333335,1,-0.006725119341563779,-0.0012831092291833563,-4.4756129458721456e-05,2,"[1.0, 0, -1.8093333333333335, 0, 1]",0.0
-1.8042222222222222,0,0.03747101207133059,0.0005829582905878171,4.343648673406145e-05,1,"[1.0, 0, -1.8042222222222222, 0, 1]",0.0
-1.8042222222222222,1,-0.006896131229995432,-0.0012848327132968214,-4.489942446460428e-05,2,"[1.0, 0, -1.8042222222222222, 0, 1]",0.0
-1.7991111111111109,0,0.037573328943758574,0.0005874428314057818,4.37269316387641e-05,1,"[1.0, 0, -1.7991111111111109, 0, 1]",0.0
-1.7991111111111109,1,-0.007066659350708739,-0.00128651081053796,-4.5040864305640766e-05,2,"[1.0, 0, -1.7991111111111109, 0, 1]",0.0
-1.794,0,0.037675355555555554,0.0005918751511111112,4.401908371725467e-05,1,"[1.0, 0, -1.794, 0, 1]",0.0
-1.794,1,-0.0072367037037037035,-0.0012881436494814817,-4.5180464974027825e-05,2,"[1.0, 0, -1.794, 0, 1]",0.0
-1.7888888888888888,0,0.03777709190672153,0.0005962553980592391,4.431296200581479e-05,1,"[1.0, 0, -1.7888888888888888, 0, 1]",0.0
-1.7888888888888888,1,-0.007406264288980342,-0.001289731358702095,-4.531824236452464e-05,2,"[1.0, 0, -1.7888888888888888, 0, 1]",0.0
-1.783777777777778,0,0.03787853799725651,0.0006005837206055988,4.460858490892414e-05,1,"[1.0, 0, -1.783777777777778, 0, 1]",0.0
-1.783777777777778,1,-0.007575341106538635,-0.0012912740667745093,-4.545421227489657e-05,2,"[1.0, 0, -1.783777777777778, 0, 1]",0.0
-1.7786666666666666,0,0.03797969382716049,0.0006048602671056242,4.490597020419754e-05,1,"[1.0, 0, -1.7786666666666666, 0, 1]",0.0
-1.7786666666666666,1,-0.007743934156378602,-0.001292771902273434,-4.558839040635762e-05,2,"[1.0, 0, -1.7786666666666666, 0, 1]",0.0
-1.7735555555555553,0,0.03808055939643347,0.0006090851859147489,4.520513504730809e-05,1,"[1.0, 0, -1.7735555555555553, 0, 1]",0.0
-1.7735555555555553,1,-0.007912043438500233,-0.001294224993773578,-4.572079236401166e-05,2,"[1.0, 0, -1.7735555555555553, 0, 1]",0.0
-1.7684444444444445,0,0.03818113470507544,0.0006132586253884063,4.550609597689602e-05,1,"[1.0, 0, -1.7684444444444445, 0, 1]",0.0
-1.7684444444444445,1,-0.008079668952903518,-0.0012956334698496505,-4.585143365729242e-05,2,"[1.0, 0, -1.7684444444444445, 0, 1]",0.0
-1.7633333333333332,0,0.03828141975308642,0.0006173807338820303,4.5808868919463744e-05,1,"[1.0, 0, -1.7633333333333332, 0, 1]",0.0
-1.7633333333333332,1,-0.008246810699588481,-0.00129699745907636,-4.598032970040223e-05,2,"[1.0, 0, -1.7633333333333332, 0, 1]",0.0
-1.7582222222222224,0,0.03838141454046638,0.000621451659751054,4.611346919425644e-05,1,"[1.0, 0, -1.7582222222222224, 0, 1]",0.0
-1.7582222222222224,1,-0.008413468678555091,-0.001298317090028417,-4.610749581274957e-05,2,"[1.0, 0, -1.7582222222222224, 0, 1]",0.0
-1.753111111111111,0,0.03848111906721536,0.0006254715513509119,4.641991151812894e-05,1,"[1.0, 0, -1.753111111111111, 0, 1]",0.0
-1.753111111111111,1,-0.008579642889803382,-0.0012995924912805297,-4.6232947219385095e-05,2,"[1.0, 0, -1.753111111111111, 0, 1]",0.0
-1.7479999999999998,0,0.03858053333333333,0.0006294405570370373,4.672821001039817e-05,1,"[1.0, 0, -1.7479999999999998, 0, 1]",0.0
-1.7479999999999998,1,-0.008745333333333341,-0.0013008237914074075,-4.6356699051436686e-05,2,"[1.0, 0, -1.7479999999999998, 0, 1]",0.0
-1.742888888888889,0,0.0386796573388203,0.0006333588251648631,4.703837819768181e-05,1,"[1.0, 0, -1.742888888888889, 0, 1]",0.0
-1.742888888888889,1,-0.008910540009144947,-0.001302011118983759,-4.6478766346543086e-05,2,"[1.0, 0, -1.742888888888889, 0, 1]",0.0
-1.7377777777777776,0,0.038778491083676266,0.0006372265040898237,4.7350429018722754e-05,1,"[1.0, 0, -1.7377777777777776, 0, 1]",0.0
-1.7377777777777776,1,-0.00907526291723823,-0.0013031546025842945,-4.6599164049286415e-05,2,"[1.0, 0, -1.7377777777777776, 0, 1]",0.0
-1.7326666666666668,0,0.03887703456790123,0.0006410437421673524,4.766437482919936e-05,1,"[1.0, 0, -1.7326666666666668, 0, 1]",0.0
-1.7326666666666668,1,-0.009239502057613164,-0.001304254370783722,-4.671790701162313e-05,2,"[1.0, 0, -1.7326666666666668, 0, 1]",0.0
-1.7275555555555555,0,0.0389752877914952,0.0006448106877528833,4.798022740652182e-05,1,"[1.0, 0, -1.7275555555555555, 0, 1]",0.0
-1.7275555555555555,1,-0.009403257430269776,-0.001305310552156751,-4.683500999331408e-05,2,"[1.0, 0, -1.7275555555555555, 0, 1]",0.0
-1.7224444444444442,0,0.039073250754458166,0.0006485274892018496,4.829799795461428e-05,1,"[1.0, 0, -1.7224444444444442, 0, 1]",0.0
-1.7224444444444442,1,-0.009566529035208052,-0.0013063232752780912,-4.695048766235311e-05,2,"[1.0, 0, -1.7224444444444442, 0, 1]",0.0
-1.7173333333333334,0,0.039170923456790116,0.0006521942948696846,4.861769710868293e-05,1,"[1.0, 0, -1.7173333333333334, 0, 1]",0.0
-1.7173333333333334,1,-0.009729316872427982,-0.001307292668722451,-4.7064354595394275e-05,2,"[1.0, 0, -1.7173333333333334, 0, 1]",0.0
-1.712222222222222,0,0.039268305898491083,0.0006558112531118225,4.8939334939970284e-05,1,"[1.0, 0, -1.712222222222222, 0, 1]",0.0
-1.712222222222222,1,-0.00989162094192959,-0.0013082188610645396,-4.717662527817815e-05,2,"[1.0, 0, -1.712222222222222, 0, 1]",0.0
-1.7071111111111112,0,0.039365398079561034,0.0006593785122836964,4.9262920960494576e-05,1,"[1.0, 0, -1.7071111111111112, 0, 1]",0.0
-1.7071111111111112,1,-0.010053441243712841,-0.0013091019808790666,-4.728731410595654e-05,2,"[1.0, 0, -1.7071111111111112, 0, 1]",0.0
-1.702,0,0.039462199999999996,0.0006628962207407407,4.95884641277762e-05,1,"[1.0, 0, -1.702, 0, 1]",0.0
-1.702,1,-0.010214777777777777,-0.0013099421567407405,-4.739643538391606e-05,2,"[1.0, 0, -1.702, 0, 1]",0.0
-1.6968888888888887,0,0.039558711659807955,0.0006663645268383885,4.9915972849549e-05,1,"[1.0, 0, -1.6968888888888887, 0, 1]",0.0
-1.6968888888888887,1,-0.010375630544124378,-0.0013107395172242717,-4.750400332760058e-05,2,"[1.0, 0, -1.6968888888888887, 0, 1]",0.0
-1.6917777777777778,0,0.039654933058984904,0.0006697835789320733,5.024545498845818e-05,1,"[1.0, 0, -1.6917777777777778, 0, 1]",0.0
-1.6917777777777778,1,-0.010535999542752625,-0.0013114941909043675,-4.7610032063331956e-05,2,"[1.0, 0, -1.6917777777777778, 0, 1]",0.0
-1.6866666666666665,0,0.039750864197530864,0.0006731535253772291,5.0576917866743946e-05,1,"[1.0, 0, -1.6866666666666665, 0, 1]",0.0
-1.6866666666666665,1,-0.010695884773662553,-0.0013122063063557383,-4.771453562863029e-05,2,"[1.0, 0, -1.6866666666666665, 0, 1]",0.0
-1.6815555555555557,0,0.03984650507544581,0.0006764745145292892,5.091036827091071e-05,1,"[1.0, 0, -1.6815555555555557, 0, 1]",0.0
-1.6815555555555557,1,-0.010855286236854132,-0.0013128759921530932,-4.7817527972632024e-05,2,"[1.0, 0, -1.6815555555555557, 0, 1]",0.0
-1.6764444444444444,0,0.03994185569272977,0.0006797466947436874,5.1245812456382934e-05,1,"[1.0, 0, -1.6764444444444444, 0, 1]",0.0
-1.6764444444444444,1,-0.011014203932327393,-0.0013135033768711408,-4.791902295650743e-05,2,"[1.0, 0, -1.6764444444444444, 0, 1]",0.0
-1.6713333333333331,0,0.04003691604938271,0.0006829702143758574,5.158325615214593e-05,1,"[1.0, 0, -1.6713333333333331, 0, 1]",0.0
-1.6713333333333331,1,-0.01117263786008231,-0.0013140885890845907,-4.801903435387658e-05,2,"[1.0, 0, -1.6713333333333331, 0, 1]",0.0
-1.6662222222222223,0,0.04013168614540466,0.0006861452217812324,5.192270456537368e-05,1,"[1.0, 0, -1.6662222222222223, 0, 1]",0.0
-1.6662222222222223,1,-0.011330588020118881,-0.0013146317573681518,-4.811757585122399e-05,2,"[1.0, 0, -1.6662222222222223, 0, 1]",0.0
-1.661111111111111,0,0.040226165980795606,0.0006892718653152467,5.226416238604149e-05,1,"[1.0, 0, -1.661111111111111, 0, 1]",0.0
-1.661111111111111,1,-0.01148805441243713,-0.0013151330102965334,-4.821466104831226e-05,2,"[1.0, 0, -1.661111111111111, 0, 1]",0.0
-1.6560000000000001,0,0.04032035555555555,0.0006923502933333333,5.260763379152541e-05,1,"[1.0, 0, -1.6560000000000001, 0, 1]",0.0
-1.6560000000000001,1,-0.011645037037037034,-0.0013155924764444444,-4.831030345859413e-05,2,"[1.0, 0, -1.6560000000000001, 0, 1]",0.0
-1.6508888888888889,0,0.040414254869684495,0.0006953806541909263,5.295312245118707e-05,1,"[1.0, 0, -1.6508888888888889, 0, 1]",0.0
-1.6508888888888889,1,-0.011801535893918611,-0.0013160102843865942,-4.840451650962353e-05,2,"[1.0, 0, -1.6508888888888889, 0, 1]",0.0
-1.6457777777777776,0,0.04050786392318244,0.000698363096243459,5.33006315309445e-05,1,"[1.0, 0, -1.6457777777777776, 0, 1]",0.0
-1.6457777777777776,1,-0.011957550983081853,-0.0013163865626976917,-4.84973135434652e-05,2,"[1.0, 0, -1.6457777777777776, 0, 1]",0.0
-1.6406666666666667,0,0.04060118271604938,0.000701297767846365,5.3650163697829126e-05,1,"[1.0, 0, -1.6406666666666667, 0, 1]",0.0
-1.6406666666666667,1,-0.012113082304526748,-0.0013167214399524465,-4.858870781710318e-05,2,"[1.0, 0, -1.6406666666666667, 0, 1]",0.0
-1.6355555555555554,0,0.04069421124828532,0.000704184817355078,5.4001721124528364e-05,1,"[1.0, 0, -1.6355555555555554, 0, 1]",0.0
-1.6355555555555554,1,-0.012268129858253318,-0.001317015044725567,-4.867871250284789e-05,2,"[1.0, 0, -1.6355555555555554, 0, 1]",0.0
-1.6304444444444446,0,0.04078694951989026,0.0007070243931250317,5.435530549391436e-05,1,"[1.0, 0, -1.6304444444444446, 0, 1]",0.0
-1.6304444444444446,1,-0.012422693644261542,-0.001317267505591763,-4.876734068874217e-05,2,"[1.0, 0, -1.6304444444444446, 0, 1]",0.0
-1.6253333333333333,0,0.0408793975308642,0.0007098166435116598,5.471091800355839e-05,1,"[1.0, 0, -1.6253333333333333, 0, 1]",0.0
-1.6253333333333333,1,-0.01257677366255144,-0.001317478951125743,-4.885460537896573e-05,2,"[1.0, 0, -1.6253333333333333, 0, 1]",0.0
-1.620222222222222,0,0.040971555281207134,0.0007125617168703958,5.506855937023151e-05,1,"[1.0, 0, -1.620222222222222, 0, 1]",0.0
-1.620222222222222,1,-0.012730369913123006,-0.0013176495099022168,-4.89405194942387e-05,2,"[1.0, 0, -1.620222222222222, 0, 1]",0.0
-1.6151111111111112,0,0.04106342277091906,0.0007152597615566733,5.54282298343908e-05,1,"[1.0, 0, -1.6151111111111112, 0, 1]",0.0
-1.6151111111111112,1,-0.012883482395976219,-0.0013177793104958931,-4.902509587222363e-05,2,"[1.0, 0, -1.6151111111111112, 0, 1]",0.0
-1.6099999999999999,0,0.041155,0.0007179109259259261,5.5789929164651826e-05,1,"[1.0, 0, -1.6099999999999999, 0, 1]",0.0
-1.6099999999999999,1,-0.013036111111111116,-0.0013178684814814817,-4.910834726792643e-05,2,"[1.0, 0, -1.6099999999999999, 0, 1]",0.0
-1.604888888888889,0,0.041246286968449924,0.0007205153583335873,5.6153656662246595e-05,1,"[1.0, 0, -1.604888888888889, 0, 1]",0.0
-1.604888888888889,1,-0.013188256058527657,-0.0013179171514336907,-4.9190286354095765e-05,2,"[1.0, 0, -1.604888888888889, 0, 1]",0.0
-1.5997777777777777,0,0.041337283676268856,0.0007230732071350912,5.651941116546792e-05,1,"[1.0, 0, -1.5997777777777777, 0, 1]",0.0
-1.5997777777777777,1,-0.01333991723822588,-0.0013179254489272298,-4.927092572162169e-05,2,"[1.0, 0, -1.5997777777777777, 0, 1]",0.0
-1.5946666666666665,0,0.04142799012345679,0.0007255846206858711,5.6887191054099366e-05,1,"[1.0, 0, -1.5946666666666665, 0, 1]",0.0
-1.5946666666666665,1,-0.013491094650205766,-0.001317893502536808,-4.935027787993245e-05,2,"[1.0, 0, -1.5946666666666665, 0, 1]",0.0
-1.5895555555555556,0,0.04151840631001372,0.0007280497473413605,5.725699425383109e-05,1,"[1.0, 0, -1.5895555555555556, 0, 1]",0.0
-1.5895555555555556,1,-0.013641788294467303,-0.001317821440837135,-4.942835525739042e-05,2,"[1.0, 0, -1.5895555555555556, 0, 1]",0.0
-1.5844444444444443,0,0.04160853223593964,0.0007304687354569933,5.762881824066195e-05,1,"[1.0, 0, -1.5844444444444443, 0, 1]",0.0
-1.5844444444444443,1,-0.013791998171010518,-0.0013177093924029194,-4.950517020168656e-05,2,"[1.0, 0, -1.5844444444444443, 0, 1]",0.0
-1.5793333333333335,0,0.04169836790123456,0.0007328417333882031,5.80026600452871e-05,1,"[1.0, 0, -1.5793333333333335, 0, 1]",0.0
-1.5793333333333335,1,-0.013941724279835387,-0.0013175574858088706,-4.958073498023373e-05,2,"[1.0, 0, -1.5793333333333335, 0, 1]",0.0
-1.5742222222222222,0,0.04178791330589848,0.0007351688894904232,5.837851625747182e-05,1,"[1.0, 0, -1.5742222222222222, 0, 1]",0.0
-1.5742222222222222,1,-0.014090966620941926,-0.0013173658496296971,-4.965506178055869e-05,2,"[1.0, 0, -1.5742222222222222, 0, 1]",0.0
-1.569111111111111,0,0.04187716844993142,0.0007374503521190876,5.875638303041097e-05,1,"[1.0, 0, -1.569111111111111, 0, 1]",0.0
-1.569111111111111,1,-0.01423972519433014,-0.001317134612440109,-4.972816271069293e-05,2,"[1.0, 0, -1.569111111111111, 0, 1]",0.0
-1.564,0,0.04196613333333333,0.0007396862696296296,5.913625608507445e-05,1,"[1.0, 0, -1.564, 0, 1]",0.0
-1.564,1,-0.014387999999999998,-0.0013168639028148148,-4.980004979956198e-05,2,"[1.0, 0, -1.564, 0, 1]",0.0
-1.5588888888888888,0,0.04205480795610425,0.0007418767903774831,5.951813071453908e-05,1,"[1.0, 0, -1.5588888888888888, 0, 1]",0.0
-1.5588888888888888,1,-0.014535791037951534,-0.0013165538493285238,-4.987073499737383e-05,2,"[1.0, 0, -1.5588888888888888, 0, 1]",0.0
-1.553777777777778,0,0.04214319231824416,0.0007440220627180814,5.9902001788305395e-05,1,"[1.0, 0, -1.553777777777778, 0, 1]",0.0
-1.553777777777778,1,-0.014683098308184723,-0.0013162045805559448,-4.9940230176005724e-05,2,"[1.0, 0, -1.553777777777778, 0, 1]",0.0
-1.5486666666666666,0,0.042231286419753086,0.0007461222350068587,6.028786375660136e-05,1,"[1.0, 0, -1.5486666666666666, 0, 1]",0.0
-1.5486666666666666,1,-0.014829921810699587,-0.001315816225071788,-5.00085471293901e-05,2,"[1.0, 0, -1.5486666666666666, 0, 1]",0.0
-1.5435555555555553,0,0.042319090260631,0.0007481774555992482,6.0675710654671155e-05,1,"[1.0, 0, -1.5435555555555553, 0, 1]",0.0
-1.5435555555555553,1,-0.014976261545496118,-0.001315388911450761,-5.007569757389861e-05,2,"[1.0, 0, -1.5435555555555553, 0, 1]",0.0
-1.5384444444444445,0,0.04240660384087791,0.0007501878728506835,6.106553610705057e-05,1,"[1.0, 0, -1.5384444444444445, 0, 1]",0.0
-1.5384444444444445,1,-0.015122117512574303,-0.0013149227682675742,-5.01416931487258e-05,2,"[1.0, 0, -1.5384444444444445, 0, 1]",0.0
-1.5333333333333332,0,0.042493827160493824,0.0007521536351165982,6.145733333182798e-05,1,"[1.0, 0, -1.5333333333333332, 0, 1]",0.0
-1.5333333333333332,1,-0.015267489711934156,-0.0013144179240969364,-5.020654541627065e-05,2,"[1.0, 0, -1.5333333333333332, 0, 1]",0.0
-1.5282222222222224,0,0.042580760219478736,0.0007540748907524259,6.185109514489102e-05,1,"[1.0, 0, -1.5282222222222224, 0, 1]",0.0
-1.5282222222222224,1,-0.01541237814357567,-0.0013138745075135564,-5.027026586251737e-05,2,"[1.0, 0, -1.5282222222222224, 0, 1]",0.0
-1.523111111111111,0,0.042667403017832645,0.0007559517881136006,6.22468139641597e-05,1,"[1.0, 0, -1.523111111111111, 0, 1]",0.0
-1.523111111111111,1,-0.015556782807498858,-0.001313292647092144,-5.0332865897414804e-05,2,"[1.0, 0, -1.523111111111111, 0, 1]",0.0
-1.5179999999999998,0,0.04275375555555556,0.0007577844755555556,6.264448181380507e-05,1,"[1.0, 0, -1.5179999999999998, 0, 1]",0.0
-1.5179999999999998,1,-0.01570070370370371,-0.0013126724714074074,-5.039435685525443e-05,2,"[1.0, 0, -1.5179999999999998, 0, 1]",0.0
-1.512888888888889,0,0.04283981783264745,0.0007595731014337244,6.304409032845373e-05,1,"[1.0, 0, -1.512888888888889, 0, 1]",0.0
-1.512888888888889,1,-0.015844140832190212,-0.0013120141090340563,-5.045474999504739e-05,2,"[1.0, 0, -1.512888888888889, 0, 1]",0.0
-1.5077777777777777,0,0.04292558984910837,0.0007613178141035412,6.344563075737878e-05,1,"[1.0, 0, -1.5077777777777777, 0, 1]",0.0
-1.5077777777777777,1,-0.015987094192958393,-0.0013113176885468,-5.0514056500900026e-05,2,"[1.0, 0, -1.5077777777777777, 0, 1]",0.0
-1.5026666666666668,0,0.043011071604938264,0.000763018761920439,6.384909396867575e-05,1,"[1.0, 0, -1.5026666666666668, 0, 1]",0.0
-1.5026666666666668,1,-0.016129563786008227,-0.0013105833385203475,-5.0572287482388124e-05,2,"[1.0, 0, -1.5026666666666668, 0, 1]",0.0
-1.4975555555555555,0,0.04309626310013717,0.0007646760932398517,6.425447045342566e-05,1,"[1.0, 0, -1.4975555555555555, 0, 1]",0.0
-1.4975555555555555,1,-0.016271549611339732,-0.0013098111875294077,-5.062945397493011e-05,2,"[1.0, 0, -1.4975555555555555, 0, 1]",0.0
-1.4924444444444442,0,0.04318116433470508,0.000766289956417213,6.466175032984272e-05,1,"[1.0, 0, -1.4924444444444442, 0, 1]",0.0
-1.4924444444444442,1,-0.01641305166895291,-0.00130900136414869,-5.0685566940158834e-05,2,"[1.0, 0, -1.4924444444444442, 0, 1]",0.0
-1.4873333333333334,0,0.04326577530864197,0.000767860499807956,6.507092334740897e-05,1,"[1.0, 0, -1.4873333333333334, 0, 1]",0.0
-1.4873333333333334,1,-0.016554069958847735,-0.0013081539969529035,-5.074063726629209e-05,2,"[1.0, 0, -1.4873333333333334, 0, 1]",0.0
-1.482222222222222,0,0.04335009602194787,0.0007693878717675152,6.548197889099434e-05,1,"[1.0, 0, -1.482222222222222, 0, 1]",0.0
-1.482222222222222,1,-0.016694604481024236,-0.0013072692145167574,-5.079467576850191e-05,2,"[1.0, 0, -1.482222222222222, 0, 1]",0.0
-1.4771111111111113,0,0.04343412647462277,0.0007708722206513235,6.589490598496263e-05,1,"[1.0, 0, -1.4771111111111113, 0, 1]",0.0
-1.4771111111111113,1,-0.016834655235482394,-0.0013063471454149605,-5.084769318928256e-05,2,"[1.0, 0, -1.4771111111111113, 0, 1]",0.0
-1.472,0,0.04351786666666666,0.0007723136948148149,6.630969329726353e-05,1,"[1.0, 0, -1.472, 0, 1]",0.0
-1.472,1,-0.016974222222222224,-0.001305387918222222,-5.089970019881744e-05,2,"[1.0, 0, -1.472, 0, 1]",0.0
-1.4668888888888887,0,0.04360131659807956,0.0007737124426134228,6.672632914351057e-05,1,"[1.0, 0, -1.4668888888888887, 0, 1]",0.0
-1.4668888888888887,1,-0.017113305441243717,-0.0013043916615132515,-5.095070739534441e-05,2,"[1.0, 0, -1.4668888888888887, 0, 1]",0.0
-1.4617777777777778,0,0.04368447626886145,0.0007750686124025809,6.714480149104471e-05,1,"[1.0, 0, -1.4617777777777778, 0, 1]",0.0
-1.4617777777777778,1,-0.017251904892546865,-0.001303358503862758,-5.100072530552011e-05,2,"[1.0, 0, -1.4617777777777778, 0, 1]",0.0
-1.4566666666666666,0,0.043767345679012346,0.000776382352537723,6.756509796298448e-05,1,"[1.0, 0, -1.4566666666666666, 0, 1]",0.0
-1.4566666666666666,1,-0.01739002057613169,-0.0013022885738454503,-5.1049764384782926e-05,2,"[1.0, 0, -1.4566666666666666, 0, 1]",0.0
-1.4515555555555557,0,0.04384992482853223,0.0007776538113742822,6.798720584226099e-05,1,"[1.0, 0, -1.4515555555555557, 0, 1]",0.0
-1.4515555555555557,1,-0.017527652491998166,-0.0013011820000360377,-5.10978350177147e-05,2,"[1.0, 0, -1.4515555555555557, 0, 1]",0.0
-1.4464444444444444,0,0.04393221371742112,0.000778883137267693,6.84111120756402e-05,1,"[1.0, 0, -1.4464444444444444, 0, 1]",0.0
-1.4464444444444444,1,-0.01766480064014632,-0.0013000389110092297,-5.114494751840122e-05,2,"[1.0, 0, -1.4464444444444444, 0, 1]",0.0
-1.4413333333333331,0,0.04401421234567901,0.0007800704785733883,6.883680327772975e-05,1,"[1.0, 0, -1.4413333333333331, 0, 1]",0.0
-1.4413333333333331,1,-0.017801465020576137,-0.0012988594353397346,-5.119111213079127e-05,2,"[1.0, 0, -1.4413333333333331, 0, 1]",0.0
-1.4362222222222223,0,0.0440959207133059,0.0007812159836468018,6.926426573497267e-05,1,"[1.0, 0, -1.4362222222222223, 0, 1]",0.0
-1.4362222222222223,1,-0.017937645633287605,-0.0012976437016022626,-5.1236339029054785e-05,2,"[1.0, 0, -1.4362222222222223, 0, 1]",0.0
-1.431111111111111,0,0.04417733882030178,0.0007823198008433675,6.969348540962664e-05,1,"[1.0, 0, -1.431111111111111, 0, 1]",0.0
-1.431111111111111,1,-0.01807334247828075,-0.001296391838371522,-5.128063831793927e-05,2,"[1.0, 0, -1.431111111111111, 0, 1]",0.0
-1.4260000000000002,0,0.04425846666666666,0.0007833820785185186,7.012444794372906e-05,1,"[1.0, 0, -1.4260000000000002, 0, 1]",0.0
-1.4260000000000002,1,-0.01820855555555555,-0.0012951039742222223,-5.132402003312535e-05,2,"[1.0, 0, -1.4260000000000002, 0, 1]",0.0
-1.4208888888888889,0,0.04433930425240055,0.000784402965027689,7.055713866304834e-05,1,"[1.0, 0, -1.4208888888888889, 0, 1]",0.0
-1.4208888888888889,1,-0.01834328486511203,-0.0012937802377290726,-5.136649414158089e-05,2,"[1.0, 0, -1.4208888888888889, 0, 1]",0.0
-1.4157777777777776,0,0.04441985157750343,0.0007853826087263121,7.099154258102075e-05,1,"[1.0, 0, -1.4157777777777776, 0, 1]",0.0
-1.4157777777777776,1,-0.018477530406950163,-0.0012924207574667814,-5.140807054191378e-05,2,"[1.0, 0, -1.4157777777777776, 0, 1]",0.0
-1.4106666666666667,0,0.0445001086419753,0.0007863211579698217,7.142764440267347e-05,1,"[1.0, 0, -1.4106666666666667, 0, 1]",0.0
-1.4106666666666667,1,-0.018611292181069956,-0.0012910256620100593,-5.144875906472373e-05,2,"[1.0, 0, -1.4106666666666667, 0, 1]",0.0
-1.4055555555555554,0,0.044580075445816186,0.0007872187611136514,7.186542852853353e-05,1,"[1.0, 0, -1.4055555555555554, 0, 1]",0.0
-1.4055555555555554,1,-0.018744570187471422,-0.0012895950799336143,-5.148856947295238e-05,2,"[1.0, 0, -1.4055555555555554, 0, 1]",0.0
-1.4004444444444446,0,0.04465975198902605,0.0007880755665132347,7.23048790585223e-05,1,"[1.0, 0, -1.4004444444444446, 0, 1]",0.0
-1.4004444444444446,1,-0.018877364426154543,-0.0012881291398121563,-5.1527511462232596e-05,2,"[1.0, 0, -1.4004444444444446, 0, 1]",0.0
-1.3953333333333333,0,0.04473913827160494,0.0007888917225240055,7.27459797958366e-05,1,"[1.0, 0, -1.3953333333333333, 0, 1]",0.0
-1.3953333333333333,1,-0.01900967489711934,-0.0012866279702203934,-5.156559466123615e-05,2,"[1.0, 0, -1.3953333333333333, 0, 1]",0.0
-1.390222222222222,0,0.04481823429355281,0.0007896673775013972,7.318871425081482e-05,1,"[1.0, 0, -1.390222222222222, 0, 1]",0.0
-1.390222222222222,1,-0.019141501600365804,-0.0012850916997330351,-5.160282863202033e-05,2,"[1.0, 0, -1.390222222222222, 0, 1]",0.0
-1.3851111111111112,0,0.04489704005486968,0.0007904026798008434,7.363306564478971e-05,1,"[1.0, 0, -1.3851111111111112, 0, 1]",0.0
-1.3851111111111112,1,-0.019272844535893917,-0.001283520456924791,-5.163922287037333e-05,2,"[1.0, 0, -1.3851111111111112, 0, 1]",0.0
-1.38,0,0.04497555555555555,0.0007910977777777779,7.407901691392701e-05,1,"[1.0, 0, -1.38, 0, 1]",0.0
-1.38,1,-0.019403703703703704,-0.0012819143703703703,-5.16747868061582e-05,2,"[1.0, 0, -1.38, 0, 1]",0.0
-1.374888888888889,0,0.04505378079561042,0.000791752819787634,7.452655071304922e-05,1,"[1.0, 0, -1.374888888888889, 0, 1]",0.0
-1.374888888888889,1,-0.01953407910379515,-0.0012802735686444817,-5.1709529803655505e-05,2,"[1.0, 0, -1.374888888888889, 0, 1]",0.0
-1.3697777777777778,0,0.04513171577503429,0.0007923679541858457,7.497564941944642e-05,1,"[1.0, 0, -1.3697777777777778, 0, 1]",0.0
-1.3697777777777778,1,-0.019663970736168268,-0.0012785981803218342,-5.174346116190508e-05,2,"[1.0, 0, -1.3697777777777778, 0, 1]",0.0
-1.3646666666666665,0,0.045209360493827164,0.0007929433293278464,7.542629513667215e-05,1,"[1.0, 0, -1.3646666666666665, 0, 1]",0.0
-1.3646666666666665,1,-0.01979337860082305,-0.0012768883339771375,-5.177659011504614e-05,2,"[1.0, 0, -1.3646666666666665, 0, 1]",0.0
-1.3595555555555556,0,0.04528671495198902,0.0007934790935690697,7.587846969832538e-05,1,"[1.0, 0, -1.3595555555555556, 0, 1]",0.0
-1.3595555555555556,1,-0.019922302697759485,-0.0012751441581851006,-5.180892583265624e-05,2,"[1.0, 0, -1.3595555555555556, 0, 1]",0.0
-1.3544444444444443,0,0.04536377914951989,0.0007939753952649495,7.633215467181901e-05,1,"[1.0, 0, -1.3544444444444443, 0, 1]",0.0
-1.3544444444444443,1,-0.020050743026977597,-0.0012733657815204322,-5.1840477420089056e-05,2,"[1.0, 0, -1.3544444444444443, 0, 1]",0.0
-1.3493333333333335,0,0.04544055308641975,0.0007944323827709191,7.678733136213315e-05,1,"[1.0, 0, -1.3493333333333335, 0, 1]",0.0
-1.3493333333333335,1,-0.020178699588477362,-0.0012715533325578419,-5.187125391881088e-05,2,"[1.0, 0, -1.3493333333333335, 0, 1]",0.0
-1.3442222222222222,0,0.04551703676268861,0.0007948502044424123,7.724398081555545e-05,1,"[1.0, 0, -1.3442222222222222, 0, 1]",0.0
-1.3442222222222222,1,-0.020306172382258802,-0.0012697069398720383,-5.1901264306735715e-05,2,"[1.0, 0, -1.3442222222222222, 0, 1]",0.0
-1.339111111111111,0,0.04559323017832648,0.0007952290086348626,7.770208382340654e-05,1,"[1.0, 0, -1.339111111111111, 0, 1]",0.0
-1.339111111111111,1,-0.020433161408321906,-0.0012678267320377315,-5.193051749855935e-05,2,"[1.0, 0, -1.339111111111111, 0, 1]",0.0
-1.334,0,0.04566913333333333,0.0007955689437037037,7.816162092575172e-05,1,"[1.0, 0, -1.334, 0, 1]",0.0
-1.334,1,-0.020559666666666664,-0.0012659128376296298,-5.195902234609183e-05,2,"[1.0, 0, -1.334, 0, 1]",0.0
-1.3288888888888888,0,0.04574474622770919,0.0007958701580043693,7.86225724150988e-05,1,"[1.0, 0, -1.3288888888888888, 0, 1]",0.0
-1.3288888888888888,1,-0.020685688157293096,-0.0012639653852224422,-5.1986787638589096e-05,2,"[1.0, 0, -1.3288888888888888, 0, 1]",0.0
-1.323777777777778,0,0.04582006886145404,0.0007961327998922928,7.908491834008113e-05,1,"[1.0, 0, -1.323777777777778, 0, 1]",0.0
-1.323777777777778,1,-0.020811225880201182,-0.0012619845033908787,-5.201382210308303e-05,2,"[1.0, 0, -1.323777777777778, 0, 1]",0.0
-1.3186666666666667,0,0.0458951012345679,0.0007963570177229082,7.954863850912749e-05,1,"[1.0, 0, -1.3186666666666667, 0, 1]",0.0
-1.3186666666666667,1,-0.020936279835390946,-0.001259970320709648,-5.204013440471031e-05,2,"[1.0, 0, -1.3186666666666667, 0, 1]",0.0
-1.3135555555555554,0,0.04596984334705075,0.0007965429598516486,8.001371249411688e-05,1,"[1.0, 0, -1.3135555555555554, 0, 1]",0.0
-1.3135555555555554,1,-0.021060850022862374,-0.0012579229657534588,-5.206573314704002e-05,2,"[1.0, 0, -1.3135555555555554, 0, 1]",0.0
-1.3084444444444445,0,0.0460442951989026,0.0007966907746339481,8.048011963402021e-05,1,"[1.0, 0, -1.3084444444444445, 0, 1]",0.0
-1.3084444444444445,1,-0.021184936442615453,-0.0012558425670970209,-5.2090626872400144e-05,2,"[1.0, 0, -1.3084444444444445, 0, 1]",0.0
-1.3033333333333332,0,0.046118456790123455,0.0007968006104252402,8.094783903852717e-05,1,"[1.0, 0, -1.3033333333333332, 0, 1]",0.0
-1.3033333333333332,1,-0.021308539094650206,-0.0012537292533150433,-5.211482406220257e-05,2,"[1.0, 0, -1.3033333333333332, 0, 1]",0.0
-1.2982222222222224,0,0.0461923281207133,0.0007968726155809582,8.141684959165935e-05,1,"[1.0, 0, -1.2982222222222224, 0, 1]",0.0
-1.2982222222222224,1,-0.021431657978966616,-0.001251583152982235,-5.213833313726687e-05,2,"[1.0, 0, -1.2982222222222224, 0, 1]",0.0
-1.293111111111111,0,0.04626590919067215,0.000796906938456536,8.18871299553693e-05,1,"[1.0, 0, -1.293111111111111, 0, 1]",0.0
-1.293111111111111,1,-0.021554293095564697,-0.001249404394673305,-5.2161162458143e-05,2,"[1.0, 0, -1.293111111111111, 0, 1]",0.0
-1.2879999999999998,0,0.0463392,0.0007969037274074074,8.235865857312514e-05,1,"[1.0, 0, -1.2879999999999998, 0, 1]",0.0
-1.2879999999999998,1,-0.02167644444444445,-0.001247193106962963,-5.2183320325432546e-05,2,"[1.0, 0, -1.2879999999999998, 0, 1]",0.0
-1.282888888888889,0,0.04641220054869684,0.0007968631307890057,8.283141367348171e-05,1,"[1.0, 0, -1.282888888888889, 0, 1]",0.0
-1.282888888888889,1,-0.02179811202560585,-0.0012449494184259176,-5.220481498010872e-05,2,"[1.0, 0, -1.282888888888889, 0, 1]",0.0
-1.2777777777777777,0,0.046484910836762684,0.0007967852969567648,8.330537327363703e-05,1,"[1.0, 0, -1.2777777777777777, 0, 1]",0.0
-1.2777777777777777,1,-0.021919295839048926,-0.001242673457636878,-5.2225654603835285e-05,2,"[1.0, 0, -1.2777777777777777, 0, 1]",0.0
-1.2726666666666668,0,0.04655733086419753,0.0007966703742661181,8.3780515182975e-05,1,"[1.0, 0, -1.2726666666666668, 0, 1]",0.0
-1.2726666666666668,1,-0.022039995884773657,-0.0012403653531705533,-5.224584731928393e-05,2,"[1.0, 0, -1.2726666666666668, 0, 1]",0.0
-1.2675555555555555,0,0.04662946063100137,0.0007965185110724992,8.425681700659394e-05,1,"[1.0, 0, -1.2675555555555555, 0, 1]",0.0
-1.2675555555555555,1,-0.022160212162780062,-0.0012380252336016528,-5.2265401190450675e-05,2,"[1.0, 0, -1.2675555555555555, 0, 1]",0.0
-1.2624444444444443,0,0.04670130013717421,0.0007963298557313417,8.473425614882107e-05,1,"[1.0, 0, -1.2624444444444443, 0, 1]",0.0
-1.2624444444444443,1,-0.022279944673068132,-0.0012356532275048858,-5.228432422297074e-05,2,"[1.0, 0, -1.2624444444444443, 0, 1]",0.0
-1.2573333333333334,0,0.046772849382716045,0.0007961045565980795,8.521280981671271e-05,1,"[1.0, 0, -1.2573333333333334, 0, 1]",0.0
-1.2573333333333334,1,-0.022399193415637855,-0.0012332494634549609,-5.230262436443231e-05,2,"[1.0, 0, -1.2573333333333334, 0, 1]",0.0
-1.2522222222222221,0,0.04684410836762688,0.0007958427620281462,8.569245502354087e-05,1,"[1.0, 0, -1.2522222222222221, 0, 1]",0.0
-1.2522222222222221,1,-0.022517958390489257,-0.0012308140700265878,-5.2320309504689144e-05,2,"[1.0, 0, -1.2522222222222221, 0, 1]",0.0
-1.2471111111111113,0,0.04691507709190672,0.0007955446203769751,8.617316859226512e-05,1,"[1.0, 0, -1.2471111111111113, 0, 1]",0.0
-1.2471111111111113,1,-0.022636239597622308,-0.0012283471757944758,-5.233738747617158e-05,2,"[1.0, 0, -1.2471111111111113, 0, 1]",0.0
-1.242,0,0.04698575555555555,0.00079521028,8.665492715899091e-05,1,"[1.0, 0, -1.242, 0, 1]",0.0
-1.242,1,-0.022754037037037038,-0.0012258489093333331,-5.2353866054196584e-05,2,"[1.0, 0, -1.242, 0, 1]",0.0
-1.2368888888888887,0,0.047056143758573386,0.0007948398892526546,8.71377071764135e-05,1,"[1.0, 0, -1.2368888888888887, 0, 1]",0.0
-1.2368888888888887,1,-0.022871350708733425,-0.00122331939921787,-5.236975295727651e-05,2,"[1.0, 0, -1.2368888888888887, 0, 1]",0.0
-1.2317777777777779,0,0.04712624170096021,0.0007944335964903725,8.762148491724784e-05,1,"[1.0, 0, -1.2317777777777779, 0, 1]",0.0
-1.2317777777777779,1,-0.022988180612711472,-0.0012207587740227948,-5.2385055847426355e-05,2,"[1.0, 0, -1.2317777777777779, 0, 1]",0.0
-1.2266666666666666,0,0.04719604938271604,0.0007939915500685871,8.810623647764468e-05,1,"[1.0, 0, -1.2266666666666666, 0, 1]",0.0
-1.2266666666666666,1,-0.023104526748971194,-0.0012181671623228167,-5.239978233047007e-05,2,"[1.0, 0, -1.2266666666666666, 0, 1]",0.0
-1.2215555555555557,0,0.04726556680384087,0.0007935138983427324,8.85919377805919e-05,1,"[1.0, 0, -1.2215555555555557, 0, 1]",0.0
-1.2215555555555557,1,-0.02322038911751257,-0.001215544692692645,-5.241393995634538e-05,2,"[1.0, 0, -1.2215555555555557, 0, 1]",0.0
-1.2164444444444444,0,0.0473347939643347,0.0007930007896682416,8.907856457930264e-05,1,"[1.0, 0, -1.2164444444444444, 0, 1]",0.0
-1.2164444444444444,1,-0.02333576771833562,-0.0012128914937069891,-5.242753621940748e-05,2,"[1.0, 0, -1.2164444444444444, 0, 1]",0.0
-1.2113333333333332,0,0.04740373086419753,0.0007924523724005487,8.956609246058855e-05,1,"[1.0, 0, -1.2113333333333332, 0, 1]",0.0
-1.2113333333333332,1,-0.02345066255144033,-0.0012102076939405576,-5.24405785587313e-05,2,"[1.0, 0, -1.2113333333333332, 0, 1]",0.0
-1.2062222222222223,0,0.04747237750342935,0.0007918687948950871,9.00544968482194e-05,1,"[1.0, 0, -1.2062222222222223, 0, 1]",0.0
-1.2062222222222223,1,-0.0235650736168267,-0.0012074934219680606,-5.2453074358412766e-05,2,"[1.0, 0, -1.2062222222222223, 0, 1]",0.0
-1.201111111111111,0,0.04754073388203017,0.0007912502055072905,9.05437530062687e-05,1,"[1.0, 0, -1.201111111111111, 0, 1]",0.0
-1.201111111111111,1,-0.023679000914494742,-0.0012047488063642057,-5.246503094786848e-05,2,"[1.0, 0, -1.201111111111111, 0, 1]",0.0
-1.1960000000000002,0,0.04760879999999999,0.0007905967525925926,9.103383604244469e-05,1,"[1.0, 0, -1.1960000000000002, 0, 1]",0.0
-1.1960000000000002,1,-0.02379244444444444,-0.0012019739757037039,-5.2476455602134514e-05,2,"[1.0, 0, -1.1960000000000002, 0, 1]",0.0
-1.1908888888888889,0,0.04767657585733882,0.0007899085845064268,9.152472091140788e-05,1,"[1.0, 0, -1.1908888888888889, 0, 1]",0.0
-1.1908888888888889,1,-0.02390540420667581,-0.0011991690585612628,-5.248735554216349e-05,2,"[1.0, 0, -1.1908888888888889, 0, 1]",0.0
-1.1857777777777776,0,0.04774406145404664,0.0007891858496042271,9.201638241807397e-05,1,"[1.0, 0, -1.1857777777777776, 0, 1]",0.0
-1.1857777777777776,1,-0.024017880201188845,-0.0011963341835115918,-5.2497737935120835e-05,2,"[1.0, 0, -1.1857777777777776, 0, 1]",0.0
-1.1806666666666668,0,0.04781125679012345,0.0007884286962414266,9.250879522090303e-05,1,"[1.0, 0, -1.1806666666666668, 0, 1]",0.0
-1.1806666666666668,1,-0.024129872427983534,-0.0011934694791294008,-5.25076098946795e-05,2,"[1.0, 0, -1.1806666666666668, 0, 1]",0.0
-1.1755555555555555,0,0.04787816186556927,0.0007876372727734593,9.300193383517473e-05,1,"[1.0, 0, -1.1755555555555555, 0, 1]",0.0
-1.1755555555555555,1,-0.024241380887059898,-0.0011905750739893985,-5.251697848131354e-05,2,"[1.0, 0, -1.1755555555555555, 0, 1]",0.0
-1.1704444444444446,0,0.047944776680384084,0.0007868117275557587,9.349577263624867e-05,1,"[1.0, 0, -1.1704444444444446, 0, 1]",0.0
-1.1704444444444446,1,-0.02435240557841792,-0.0011876510966662944,-5.2525850702590304e-05,2,"[1.0, 0, -1.1704444444444446, 0, 1]",0.0
-1.1653333333333333,0,0.0480111012345679,0.0007859522089437586,9.399028586281182e-05,1,"[1.0, 0, -1.1653333333333333, 0, 1]",0.0
-1.1653333333333333,1,-0.02446294650205761,-0.0011846976757347966,-5.2534233513461465e-05,2,"[1.0, 0, -1.1653333333333333, 0, 1]",0.0
-1.160222222222222,0,0.048077135528120714,0.0007850588652928923,9.448544762011082e-05,1,"[1.0, 0, -1.160222222222222, 0, 1]",0.0
-1.160222222222222,1,-0.02457300365797897,-0.001181714939769615,-5.25421338165529e-05,2,"[1.0, 0, -1.160222222222222, 0, 1]",0.0
-1.1551111111111112,0,0.04814287956104252,0.0007841318449585938,9.498123188317076e-05,1,"[1.0, 0, -1.1551111111111112, 0, 1]",0.0
-1.1551111111111112,1,-0.02468257704618198,-0.0011787030173454587,-5.254955846245299e-05,2,"[1.0, 0, -1.1551111111111112, 0, 1]",0.0
-1.15,0,0.04820833333333333,0.0007831712962962963,9.54776125e-05,1,"[1.0, 0, -1.15, 0, 1]",0.0
-1.15,1,-0.024791666666666667,-0.001175662037037037,-5.2556514249999995e-05,2,"[1.0, 0, -1.15, 0, 1]",0.0
-1.144888888888889,0,0.04827349684499314,0.0007821773676614339,9.597456319478001e-05,1,"[1.0, 0, -1.144888888888889, 0, 1]",0.0
-1.144888888888889,1,-0.024900272519433008,-0.0011725921274190589,-5.25630079265679e-05,2,"[1.0, 0, -1.144888888888889, 0, 1]",0.0
-1.1397777777777778,0,0.048338370096021946,0.0007811502074094395,9.647205757104249e-05,1,"[1.0, 0, -1.1397777777777778, 0, 1]",0.0
-1.1397777777777778,1,-0.025008394604481024,-0.0011694934170662329,-5.256904618835116e-05,2,"[1.0, 0, -1.1397777777777778, 0, 1]",0.0
-1.1346666666666665,0,0.04840295308641975,0.0007800899638957476,9.697006911483112e-05,1,"[1.0, 0, -1.1346666666666665, 0, 1]",0.0
-1.1346666666666665,1,-0.0251160329218107,-0.0011663660345532694,-5.257463568064822e-05,2,"[1.0, 0, -1.1346666666666665, 0, 1]",0.0
-1.1295555555555556,0,0.048467245816186555,0.0007789967854757913,9.746857119785004e-05,1,"[1.0, 0, -1.1295555555555556, 0, 1]",0.0
-1.1295555555555556,1,-0.025223187471422034,-0.0011632101084548768,-5.257978299814348e-05,2,"[1.0, 0, -1.1295555555555556, 0, 1]",0.0
-1.1244444444444444,0,0.048531248285322355,0.0007778708205050043,9.796753708059795e-05,1,"[1.0, 0, -1.1244444444444444, 0, 1]",0.0
-1.1244444444444444,1,-0.025329858253315046,-0.0011600257673457636,-5.258449468518841e-05,2,"[1.0, 0, -1.1244444444444444, 0, 1]",0.0
-1.1193333333333335,0,0.04859496049382715,0.0007767122173388203,9.846693991548807e-05,1,"[1.0, 0, -1.1193333333333335, 0, 1]",0.0
-1.1193333333333335,1,-0.02543604526748971,-0.0011568131398006403,-5.2588777236081124e-05,2,"[1.0, 0, -1.1193333333333335, 0, 1]",0.0
-1.1142222222222222,0,0.048658382441700954,0.0007755211243326728,9.896675274995426e-05,1,"[1.0, 0, -1.1142222222222222, 0, 1]",0.0
-1.1142222222222222,1,-0.02554174851394604,-0.001153572354394215,-5.2592637095344735e-05,2,"[1.0, 0, -1.1142222222222222, 0, 1]",0.0
-1.109111111111111,0,0.04872151412894376,0.0007742976898419956,9.946694852954271e-05,1,"[1.0, 0, -1.109111111111111, 0, 1]",0.0
-1.109111111111111,1,-0.025646967992684046,-0.0011503035397011975,-5.259608065800456e-05,2,"[1.0, 0, -1.109111111111111, 0, 1]",0.0
-1.104,0,0.048784355555555554,0.0007730420622222222,9.996750010098966e-05,1,"[1.0, 0, -1.104, 0, 1]",0.0
-1.104,1,-0.0257517037037037,-0.0011470068242962965,-5.259911426986382e-05,2,"[1.0, 0, -1.104, 0, 1]",0.0
-1.0988888888888888,0,0.04884690672153635,0.0007717543898287862,0.00010046838021528547,1,"[1.0, 0, -1.0988888888888888, 0, 1]",0.0
-1.0988888888888888,1,-0.025855955647005033,-0.001143682336754221,-5.260174422777843e-05,2,"[1.0, 0, -1.0988888888888888, 0, 1]",0.0
-1.093777777777778,0,0.048909167626886144,0.0007704348210171214,0.00010096956153072393,1,"[1.0, 0, -1.093777777777778, 0, 1]",0.0
-1.093777777777778,1,-0.025959723822588016,-0.001140330205649681,-5.260397677993027e-05,2,"[1.0, 0, -1.093777777777778, 0, 1]",0.0
-1.0886666666666667,0,0.04897113827160494,0.0007690835041426612,0.00010147101661593778,1,"[1.0, 0, -1.0886666666666667, 0, 1]",0.0
-1.0886666666666667,1,-0.026063008230452673,-0.0011369505595573844,-5.260581812609915e-05,2,"[1.0, 0, -1.0886666666666667, 0, 1]",0.0
-1.0835555555555554,0,0.04903281865569273,0.0007677005875608394,0.00010197271795292029,1,"[1.0, 0, -1.0835555555555554, 0, 1]",0.0
-1.0835555555555554,1,-0.026165808870598998,-0.0011335435270520414,-5.260727441793379e-05,2,"[1.0, 0, -1.0835555555555554, 0, 1]",0.0
-1.0784444444444445,0,0.049094208779149516,0.0007662862196270893,0.00010247463794003255,1,"[1.0, 0, -1.0784444444444445, 0, 1]",0.0
-1.0784444444444445,1,-0.026268125743026977,-0.0011301092367083608,-5.260835175922123e-05,2,"[1.0, 0, -1.0784444444444445, 0, 1]",0.0
-1.0733333333333333,0,0.04915530864197531,0.000764840548696845,0.00010297674889499678,1,"[1.0, 0, -1.0733333333333333, 0, 1]",0.0
-1.0733333333333333,1,-0.026369958847736626,-0.0011266478171010517,-5.2609056206155226e-05,2,"[1.0, 0, -1.0733333333333333, 0, 1]",0.0
-1.0682222222222224,0,0.04921611824417009,0.0007633637231255399,0.00010347902305787538,1,"[1.0, 0, -1.0682222222222224, 0, 1]",0.0
-1.0682222222222224,1,-0.026471308184727933,-0.0011231593968048233,-5.260939376760316e-05,2,"[1.0, 0, -1.0682222222222224, 0, 1]",0.0
-1.0631111111111111,0,0.049276637585733876,0.0007618558912686073,0.00010398143259403627,1,"[1.0, 0, -1.0631111111111111, 0, 1]",0.0
-1.0631111111111111,1,-0.026572173754000915,-0.0011196441043943846,-5.260937040537191e-05,2,"[1.0, 0, -1.0631111111111111, 0, 1]",0.0
-1.0579999999999998,0,0.049336866666666666,0.0007603172014814814,0.00010448394959710365,1,"[1.0, 0, -1.0579999999999998, 0, 1]",0.0
-1.0579999999999998,1,-0.02667255555555556,-0.0011161020684444442,-5.260899203447225e-05,2,"[1.0, 0, -1.0579999999999998, 0, 1]",0.0
-1.052888888888889,0,0.04939680548696845,0.0007587478021195956,0.00010498654609189497,1,"[1.0, 0, -1.052888888888889, 0, 1]",0.0
-1.052888888888889,1,-0.026772453589391856,-0.0011125334175297128,-5.26082645233822e-05,2,"[1.0, 0, -1.052888888888889, 0, 1]",0.0
-1.0477777777777777,0,0.04945645404663923,0.0007571478415383833,0.00010548919403734406,1,"[1.0, 0, -1.0477777777777777, 0, 1]",0.0
-1.0477777777777777,1,-0.02687186785550983,-0.0011089382802248978,-5.260719369430886e-05,2,"[1.0, 0, -1.0477777777777777, 0, 1]",0.0
-1.0426666666666669,0,0.049515812345679006,0.0007555174680932786,0.00010599186532940936,1,"[1.0, 0, -1.0426666666666669, 0, 1]",0.0
-1.0426666666666669,1,-0.02697079835390946,-0.0011053167851047098,-5.2605785323449285e-05,2,"[1.0, 0, -1.0426666666666669, 0, 1]",0.0
-1.0375555555555556,0,0.04957488038408779,0.0007538568301397146,0.00010649453180396926,1,"[1.0, 0, -1.0375555555555556, 0, 1]",0.0
-1.0375555555555556,1,-0.027069245084590764,-0.0011016690607438566,-5.2604045141249706e-05,2,"[1.0, 0, -1.0375555555555556, 0, 1]",0.0
-1.0324444444444443,0,0.04963365816186557,0.0007521660760331251,0.00010699716523970189,1,"[1.0, 0, -1.0324444444444443, 0, 1]",0.0
-1.0324444444444443,1,-0.02716720804755373,-0.0010979952357170484,-5.260197883266402e-05,2,"[1.0, 0, -1.0324444444444443, 0, 1]",0.0
-1.0273333333333334,0,0.04969214567901234,0.0007504453541289438,0.00010749973736095232,1,"[1.0, 0, -1.0273333333333334, 0, 1]",0.0
-1.0273333333333334,1,-0.027264687242798354,-0.001094295438598994,-5.259959203741038e-05,2,"[1.0, 0, -1.0273333333333334, 0, 1]",0.0
-1.0222222222222221,0,0.049750342935528116,0.0007486948127826042,0.0001080022198405846,1,"[1.0, 0, -1.0222222222222221, 0, 1]",0.0
-1.0222222222222221,1,-0.027361682670324648,-0.0010905697979644025,-5.259689035022713e-05,2,"[1.0, 0, -1.0222222222222221, 0, 1]",0.0
-1.0171111111111113,0,0.04980824993141289,0.0007469146003495403,0.00010850458430282015,1,"[1.0, 0, -1.0171111111111113, 0, 1]",0.0
-1.0171111111111113,1,-0.027458194330132597,-0.001086818442387983,-5.259387932112702e-05,2,"[1.0, 0, -1.0171111111111113, 0, 1]",0.0
-1.012,0,0.04986586666666666,0.0007451048651851852,0.00010900680232606197,1,"[1.0, 0, -1.012, 0, 1]",0.0
-1.012,1,-0.027554222222222223,-0.0010830415004444444,-5.25905644556505e-05,2,"[1.0, 0, -1.012, 0, 1]",0.0
-1.0068888888888887,0,0.049923193141289436,0.0007432657556449727,0.00010950884544570502,1,"[1.0, 0, -1.0068888888888887, 0, 1]",0.0
-1.0068888888888887,1,-0.02764976634659351,-0.001079239100708496,-5.2586951215117416e-05,2,"[1.0, 0, -1.0068888888888887, 0, 1]",0.0
-1.0017777777777779,0,0.0499802293552812,0.0007413974200843369,0.0001100106851569318,1,"[1.0, 0, -1.0017777777777779, 0, 1]",0.0
-1.0017777777777779,1,-0.027744826703246454,-0.0010754113717548477,-5.258304501687778e-05,2,"[1.0, 0, -1.0017777777777779, 0, 1]",0.0
-0.9966666666666666,0,0.05003697530864197,0.0007395000068587106,0.00011051229291749492,1,"[1.0, 0, -0.9966666666666666, 0, 1]",0.0
-0.9966666666666666,1,-0.02783940329218107,-0.0010715584421582074,-5.2578851234560985e-05,2,"[1.0, 0, -0.9966666666666666, 0, 1]",0.0
-0.9915555555555557,0,0.05009343100137174,0.0007375736643235279,0.00011101364015048456,1,"[1.0, 0, -0.9915555555555557, 0, 1]",0.0
-0.9915555555555557,1,-0.027933496113397342,-0.0010676804404932852,-5.257437519832401e-05,2,"[1.0, 0, -0.9915555555555557, 0, 1]",0.0
-0.9864444444444445,0,0.05014959643347051,0.0007356185408342223,0.00011151469824708244,1,"[1.0, 0, -0.9864444444444445, 0, 1]",0.0
-0.9864444444444445,1,-0.02802710516689529,-0.0010637774953347898,-5.256962219509818e-05,2,"[1.0, 0, -0.9864444444444445, 0, 1]",0.0
-0.9813333333333332,0,0.05020547160493827,0.0007336347847462276,0.0001120154385693015,1,"[1.0, 0, -0.9813333333333332, 0, 1]",0.0
-0.9813333333333332,1,-0.0281202304526749,-0.00105984973525743,-5.2564597468834695e-05,2,"[1.0, 0, -0.9813333333333332, 0, 1]",0.0
-0.9762222222222223,0,0.05026105651577503,0.0007316225444149774,0.00011251583245271164,1,"[1.0, 0, -0.9762222222222223, 0, 1]",0.0
-0.9762222222222223,1,-0.028212871970736166,-0.001055897288835916,-5.2559306220748976e-05,2,"[1.0, 0, -0.9762222222222223, 0, 1]",0.0
-0.971111111111111,0,0.050316351165980794,0.000729581968195905,0.00011301585120915111,1,"[1.0, 0, -0.971111111111111, 0, 1]",0.0
-0.971111111111111,1,-0.0283050297210791,-0.0010519202846449559,-5.255375360956373e-05,2,"[1.0, 0, -0.971111111111111, 0, 1]",0.0
-0.9660000000000002,0,0.05037135555555555,0.0007275132044444445,0.0001135154661294241,1,"[1.0, 0, -0.9660000000000002, 0, 1]",0.0
-0.9660000000000002,1,-0.0283967037037037,-0.0010479188512592594,-5.254794475175065e-05,2,"[1.0, 0, -0.9660000000000002, 0, 1]",0.0
-0.9608888888888889,0,0.05042606968449931,0.0007254164015160291,0.00011401464848598406,1,"[1.0, 0, -0.9608888888888889, 0, 1]",0.0
-0.9608888888888889,1,-0.028487893918609966,-0.0010438931172535352,-5.2541884721770946e-05,2,"[1.0, 0, -0.9608888888888889, 0, 1]",0.0
-0.9557777777777776,0,0.05048049355281207,0.0007232917077660925,0.00011451336953560305,1,"[1.0, 0, -0.9557777777777776, 0, 1]",0.0
-0.9557777777777776,1,-0.028578600365797898,-0.0010398432112024927,-5.253557855231464e-05,2,"[1.0, 0, -0.9557777777777776, 0, 1]",0.0
-0.9506666666666668,0,0.050534627160493825,0.0007211392715500685,0.00011501160052202681,1,"[1.0, 0, -0.9506666666666668, 0, 1]",0.0
-0.9506666666666668,1,-0.028668823045267487,-0.0010357692616808412,-5.252903123453847e-05,2,"[1.0, 0, -0.9506666666666668, 0, 1]",0.0
-0.9455555555555555,0,0.05058847050754458,0.0007189592412233907,0.00011550931267861604,1,"[1.0, 0, -0.9455555555555555, 0, 1]",0.0
-0.9455555555555555,1,-0.028758561957018747,-0.0010316713972632898,-5.2522247718302735e-05,2,"[1.0, 0, -0.9455555555555555, 0, 1]",0.0
-0.9404444444444446,0,0.05064202359396433,0.0007167517651414928,0.0001160064772309733,1,"[1.0, 0, -0.9404444444444446, 0, 1]",0.0
-0.9404444444444446,1,-0.028847817101051665,-0.0010275497465245475,-5.251523291240657e-05,2,"[1.0, 0, -0.9404444444444446, 0, 1]",0.0
-0.9353333333333333,0,0.050695286419753086,0.0007145169916598079,0.00011650306539955616,1,"[1.0, 0, -0.9353333333333333, 0, 1]",0.0
-0.9353333333333333,1,-0.028936588477366253,-0.0010234044380393232,-5.250799168482236e-05,2,"[1.0, 0, -0.9353333333333333, 0, 1]",0.0
-0.9302222222222221,0,0.05074825898491084,0.0007122550691337701,0.00011699904840227578,1,"[1.0, 0, -0.9302222222222221, 0, 1]",0.0
-0.9302222222222221,1,-0.029024876085962506,-0.0010192356003823266,-5.2500528862928496e-05,2,"[1.0, 0, -0.9302222222222221, 0, 1]",0.0
-0.9251111111111112,0,0.05080094128943758,0.0007099661459188133,0.00011749439745708178,1,"[1.0, 0, -0.9251111111111112, 0, 1]",0.0
-0.9251111111111112,1,-0.02911267992684042,-0.0010150433621282666,-5.249284923374114e-05,2,"[1.0, 0, -0.9251111111111112, 0, 1]",0.0
-0.9199999999999999,0,0.050853333333333334,0.0007076503703703703,0.00011798908378453333,1,"[1.0, 0, -0.9199999999999999, 0, 1]",0.0
-0.9199999999999999,1,-0.0292,-0.0010108278518518518,-5.248495754414459e-05,2,"[1.0, 0, -0.9199999999999999, 0, 1]",0.0
-0.9148888888888891,0,0.05090543511659808,0.0007053078908438755,0.00011848307861035497,1,"[1.0, 0, -0.9148888888888891, 0, 1]",0.0
-0.9148888888888891,1,-0.02928683630544124,-0.0010065891981277924,-5.247685850112051e-05,2,"[1.0, 0, -0.9148888888888891, 0, 1]",0.0
-0.9097777777777778,0,0.05095724663923182,0.000702938855694762,0.00011897635316797983,1,"[1.0, 0, -0.9097777777777778, 0, 1]",0.0
-0.9097777777777778,1,-0.02937318884316415,-0.0010023275295307963,-5.246855677197571e-05,2,"[1.0, 0, -0.9097777777777778, 0, 1]",0.0
-0.9046666666666665,0,0.05100876790123457,0.0007005434132784636,0.00011946887870107779,1,"[1.0, 0, -0.9046666666666665, 0, 1]",0.0
-0.9046666666666665,1,-0.029459057613168724,-0.0009980429746355738,-5.246005698456884e-05,2,"[1.0, 0, -0.9046666666666665, 0, 1]",0.0
-0.8995555555555557,0,0.051059998902606304,0.0006981217119504141,0.0001199606264660696,1,"[1.0, 0, -0.8995555555555557, 0, 1]",0.0
-0.8995555555555557,1,-0.02954444261545496,-0.0009937356620168334,-5.245136372753567e-05,2,"[1.0, 0, -0.8995555555555557, 0, 1]",0.0
-0.8944444444444444,0,0.05111093964334705,0.0006956739000660467,0.00012045156773462776,1,"[1.0, 0, -0.8944444444444444, 0, 1]",0.0
-0.8944444444444444,1,-0.02962934385002286,-0.0009894057202492843,-5.2442481550513315e-05,2,"[1.0, 0, -0.8944444444444444, 0, 1]",0.0
-0.8893333333333335,0,0.051161590123456786,0.0006932001259807957,0.00012094167379616195,1,"[1.0, 0, -0.8893333333333335, 0, 1]",0.0
-0.8893333333333335,1,-0.029713761316872422,-0.000985053277907636,-5.243341496436296e-05,2,"[1.0, 0, -0.8893333333333335, 0, 1]",0.0
-0.8842222222222222,0,0.051211950342935526,0.0006907005380500941,0.00012143091596029169,1,"[1.0, 0, -0.8842222222222222, 0, 1]",0.0
-0.8842222222222222,1,-0.029797695016003656,-0.0009806784635665972,-5.242416844139148e-05,2,"[1.0, 0, -0.8842222222222222, 0, 1]",0.0
-0.879111111111111,0,0.05126202030178326,0.0006881752846293755,0.00012191926555930406,1,"[1.0, 0, -0.879111111111111, 0, 1]",0.0
-0.879111111111111,1,-0.029881144947416553,-0.000976281405800877,-5.24147464155717e-05,2,"[1.0, 0, -0.879111111111111, 0, 1]",0.0
-0.8740000000000001,0,0.0513118,0.000685624514074074,0.00012240669395059765,1,"[1.0, 0, -0.8740000000000001, 0, 1]",0.0
-0.8740000000000001,1,-0.029964111111111108,-0.0009718622331851852,-5.240515328276155e-05,2,"[1.0, 0, -0.8740000000000001, 0, 1]",0.0
-0.8688888888888888,0,0.05136128943758573,0.0006830483747396229,0.00012289317251911247,1,"[1.0, 0, -0.8688888888888888, 0, 1]",0.0
-0.8688888888888888,1,-0.030046593507087334,-0.0009674210742942302,-5.2395393400921704e-05,2,"[1.0, 0, -0.8688888888888888, 0, 1]",0.0
-0.863777777777778,0,0.051410488614540464,0.0006804470149814561,0.00012337867267974572,1,"[1.0, 0, -0.863777777777778, 0, 1]",0.0
-0.863777777777778,1,-0.030128592135345217,-0.0009629580577027216,-5.238547109033226e-05,2,"[1.0, 0, -0.863777777777778, 0, 1]",0.0
-0.8586666666666667,0,0.0514593975308642,0.0006778205831550069,0.00012386316587975328,1,"[1.0, 0, -0.8586666666666667, 0, 1]",0.0
-0.8586666666666667,1,-0.03021010699588477,-0.0009584733119853681,-5.237539063380785e-05,2,"[1.0, 0, -0.8586666666666667, 0, 1]",0.0
-0.8535555555555554,0,0.051508016186556926,0.0006751692276157089,0.00012434662360113737,1,"[1.0, 0, -0.8535555555555554, 0, 1]",0.0
-0.8535555555555554,1,-0.03029113808870599,-0.0009539669657168791,-5.236515627691174e-05,2,"[1.0, 0, -0.8535555555555554, 0, 1]",0.0
-0.8484444444444446,0,0.05155634458161865,0.0006724930967189962,0.00012482901736302009,1,"[1.0, 0, -0.8484444444444446, 0, 1]",0.0
-0.8484444444444446,1,-0.030371685413808868,-0.000949439147471964,-5.235477222816854e-05,2,"[1.0, 0, -0.8484444444444446, 0, 1]",0.0
-0.8433333333333333,0,0.05160438271604938,0.0006697923388203018,0.00012531031872400284,1,"[1.0, 0, -0.8433333333333333, 0, 1]",0.0
-0.8433333333333333,1,-0.030451748971193415,-0.0009448899858253315,-5.234424265927565e-05,2,"[1.0, 0, -0.8433333333333333, 0, 1]",0.0
-0.8382222222222224,0,0.051652130589849105,0.0006670671022750598,0.0001257904992845115,1,"[1.0, 0, -0.8382222222222224, 0, 1]",0.0
-0.8382222222222224,1,-0.030531328760859622,-0.0009403196093516911,-5.233357170531346e-05,2,"[1.0, 0, -0.8382222222222224, 0, 1]",0.0
-0.8331111111111111,0,0.05169958820301783,0.0006643175354387033,0.00012626953068912774,1,"[1.0, 0, -0.8331111111111111, 0, 1]",0.0
-0.8331111111111111,1,-0.030610424782807497,-0.0009357281466257515,-5.23227634649544e-05,2,"[1.0, 0, -0.8331111111111111, 0, 1]",0.0
-0.8279999999999998,0,0.05174675555555555,0.0006615437866666666,0.00012674738462890614,1,"[1.0, 0, -0.8279999999999998, 0, 1]",0.0
-0.8279999999999998,1,-0.030689037037037036,-0.000931115726222222,-5.2311822000670474e-05,2,"[1.0, 0, -0.8279999999999998, 0, 1]",0.0
-0.822888888888889,0,0.05179363264746227,0.000658746004314383,0.0001272240328436773,1,"[1.0, 0, -0.822888888888889, 0, 1]",0.0
-0.822888888888889,1,-0.03076716552354824,-0.0009264824767158124,-5.230075133893981e-05,2,"[1.0, 0, -0.822888888888889, 0, 1]",0.0
-0.8177777777777777,0,0.051840219478737994,0.000655924336737286,0.00012769944712433682,1,"[1.0, 0, -0.8177777777777777, 0, 1]",0.0
-0.8177777777777777,1,-0.030844810242341106,-0.0009218285266812307,-5.228955547045171e-05,2,"[1.0, 0, -0.8177777777777777, 0, 1]",0.0
-0.8126666666666669,0,0.051886516049382714,0.0006530789322908095,0.00012817359931512,1,"[1.0, 0, -0.8126666666666669, 0, 1]",0.0
-0.8126666666666669,1,-0.030921971193415634,-0.0009171540046931873,-5.227823835031068e-05,2,"[1.0, 0, -0.8126666666666669, 0, 1]",0.0
-0.8075555555555556,0,0.05193252235939643,0.0006502099393303867,0.00012864646131586293,1,"[1.0, 0, -0.8075555555555556, 0, 1]",0.0
-0.8075555555555556,1,-0.030998648376771833,-0.0009124590393263899,-5.22668038982389e-05,2,"[1.0, 0, -0.8075555555555556, 0, 1]",0.0
-0.8024444444444443,0,0.051978238408779145,0.0006473175062114515,0.00012911800508424892,1,"[1.0, 0, -0.8024444444444443, 0, 1]",0.0
-0.8024444444444443,1,-0.031074841792409692,-0.0009077437591555486,-5.2255255998777746e-05,2,"[1.0, 0, -0.8024444444444443, 0, 1]",0.0
-0.7973333333333334,0,0.05202366419753086,0.0006444017812894375,0.0001295882026380413,1,"[1.0, 0, -0.7973333333333334, 0, 1]",0.0
-0.7973333333333334,1,-0.031150551440329216,-0.0009030082927553727,-5.224359850148785e-05,2,"[1.0, 0, -0.7973333333333334, 0, 1]",0.0
-0.7922222222222222,0,0.05206879972565157,0.0006414629129197784,0.00013005702605730206,1,"[1.0, 0, -0.7922222222222222, 0, 1]",0.0
-0.7922222222222222,1,-0.031225777320530404,-0.0008982527687005706,-5.223183522114787e-05,2,"[1.0, 0, -0.7922222222222222, 0, 1]",0.0
-0.7871111111111113,0,0.052113644993141285,0.000638501049457908,0.00013052444748659593,1,"[1.0, 0, -0.7871111111111113, 0, 1]",0.0
-0.7871111111111113,1,-0.031300519433013256,-0.0008934773155658521,-5.221996993795219e-05,2,"[1.0, 0, -0.7871111111111113, 0, 1]",0.0
-0.782,0,0.052158199999999995,0.0006355163392592593,0.0001309904391371811,1,"[1.0, 0, -0.782, 0, 1]",0.0
-0.782,1,-0.03137477777777778,-0.000888682061925926,-5.220800639770719e-05,2,"[1.0, 0, -0.782, 0, 1]",0.0
-0.7768888888888887,0,0.05220246474622771,0.0006325089306792662,0.00013145497328918544,1,"[1.0, 0, -0.7768888888888887, 0, 1]",0.0
-0.7768888888888887,1,-0.03144855235482396,-0.0008838671363555011,-5.219594831202624e-05,2,"[1.0, 0, -0.7768888888888887, 0, 1]",0.0
-0.7717777777777779,0,0.05224643923182441,0.0006294789720733628,0.00013191802229376847,1,"[1.0, 0, -0.7717777777777779, 0, 1]",0.0
-0.7717777777777779,1,-0.031521843164151804,-0.0008790326674292877,-5.21837993585237e-05,2,"[1.0, 0, -0.7717777777777779, 0, 1]",0.0
-0.7666666666666666,0,0.05229012345679012,0.0006264266117969821,0.00013237955857526985,1,"[1.0, 0, -0.7666666666666666, 0, 1]",0.0
-0.7666666666666666,1,-0.03159465020576131,-0.0008741787837219934,-5.2171563181007145e-05,2,"[1.0, 0, -0.7666666666666666, 0, 1]",0.0
-0.7615555555555558,0,0.052333517421124826,0.0006233519982055581,0.00013283955463334307,1,"[1.0, 0, -0.7615555555555558, 0, 1]",0.0
-0.7615555555555558,1,-0.031666973479652485,-0.0008693056138083289,-5.215924338966899e-05,2,"[1.0, 0, -0.7615555555555558, 0, 1]",0.0
-0.7564444444444445,0,0.05237662112482853,0.0006202552796545242,0.0001332979830450755,1,"[1.0, 0, -0.7564444444444445, 0, 1]",0.0
-0.7564444444444445,1,-0.03173881298582533,-0.0008644132862630019,-5.214684356127616e-05,2,"[1.0, 0, -0.7564444444444445, 0, 1]",0.0
-0.7513333333333332,0,0.052419434567901234,0.000617136604499314,0.00013375481646709443,1,"[1.0, 0, -0.7513333333333332, 0, 1]",0.0
-0.7513333333333332,1,-0.03181016872427984,-0.0008595019296607222,-5.213436723935911e-05,2,"[1.0, 0, -0.7513333333333332, 0, 1]",0.0
-0.7462222222222223,0,0.05246195775034293,0.0006139961210953615,0.0001342100276376584,1,"[1.0, 0, -0.7462222222222223, 0, 1]",0.0
-0.7462222222222223,1,-0.031881040695016,-0.0008545716725761995,-5.212181793439912e-05,2,"[1.0, 0, -0.7462222222222223, 0, 1]",0.0
-0.741111111111111,0,0.05250419067215363,0.0006108339777980998,0.00013466358937873536,1,"[1.0, 0, -0.741111111111111, 0, 1]",0.0
-0.741111111111111,1,-0.03195142889803383,-0.0008496226435841419,-5.210919912401461e-05,2,"[1.0, 0, -0.741111111111111, 0, 1]",0.0
-0.7360000000000002,0,0.05254613333333333,0.0006076503229629632,0.00013511547459806598,1,"[1.0, 0, -0.7360000000000002, 0, 1]",0.0
-0.7360000000000002,1,-0.03202133333333333,-0.0008446549712592595,-5.209651425314617e-05,2,"[1.0, 0, -0.7360000000000002, 0, 1]",0.0
-0.7308888888888889,0,0.05258778573388203,0.0006044453049453844,0.00013556565629121333,1,"[1.0, 0, -0.7308888888888889, 0, 1]",0.0
-0.7308888888888889,1,-0.03209075400091449,-0.0008396687841762604,-5.208376673423999e-05,2,"[1.0, 0, -0.7308888888888889, 0, 1]",0.0
-0.7257777777777776,0,0.05262914787379972,0.0006012190721007976,0.00013601410754359797,1,"[1.0, 0, -0.7257777777777776, 0, 1]",0.0
-0.7257777777777776,1,-0.03215969090077732,-0.0008346642109098543,-5.207095994743066e-05,2,"[1.0, 0, -0.7257777777777776, 0, 1]",0.0
-0.7206666666666668,0,0.05267021975308642,0.0005979717727846366,0.00013646080153251978,1,"[1.0, 0, -0.7206666666666668, 0, 1]",0.0
-0.7206666666666668,1,-0.032228144032921804,-0.0008296413800347511,-5.2058097240722034e-05,2,"[1.0, 0, -0.7206666666666668, 0, 1]",0.0
-0.7155555555555555,0,0.05271100137174211,0.0005947035553523345,0.00013690571152916482,1,"[1.0, 0, -0.7155555555555555, 0, 1]",0.0
-0.7155555555555555,1,-0.03229611339734796,-0.0008246004201256582,-5.204518193016728e-05,2,"[1.0, 0, -0.7155555555555555, 0, 1]",0.0
-0.7104444444444447,0,0.0527514927297668,0.0005914145681593254,0.00013734881090059865,1,"[1.0, 0, -0.7104444444444447, 0, 1]",0.0
-0.7104444444444447,1,-0.03236359899405578,-0.0008195414597572864,-5.203221730004758e-05,2,"[1.0, 0, -0.7104444444444447, 0, 1]",0.0
-0.7053333333333334,0,0.052791693827160494,0.0005881049595610425,0.00013779007311174544,1,"[1.0, 0, -0.7053333333333334, 0, 1]",0.0
-0.7053333333333334,1,-0.03243060082304527,-0.0008144646275043438,-5.2019206603049316e-05,2,"[1.0, 0, -0.7053333333333334, 0, 1]",0.0
-0.7002222222222221,0,0.05283160466392318,0.0005847748779129197,0.00013822947172735276,1,"[1.0, 0, -0.7002222222222221, 0, 1]",0.0
-0.7002222222222221,1,-0.03249711888431642,-0.0008093700519415398,-5.20061530604404e-05,2,"[1.0, 0, -0.7002222222222221, 0, 1]",0.0
-0.6951111111111112,0,0.052871225240054866,0.0005814244715703908,0.0001386669804139429,1,"[1.0, 0, -0.6951111111111112, 0, 1]",0.0
-0.6951111111111112,1,-0.032563153177869224,-0.0008042578616435842,-5.199305986224503e-05,2,"[1.0, 0, -0.6951111111111112, 0, 1]",0.0
-0.69,0,0.05291055555555555,0.0005780538888888888,0.00013910257294174922,1,"[1.0, 0, -0.69, 0, 1]",0.0
-0.69,1,-0.0326287037037037,-0.0007991281851851852,-5.197993016741732e-05,2,"[1.0, 0, -0.69, 0, 1]",0.0
-0.6848888888888891,0,0.05294959561042523,0.0005746632782238481,0.00013953622318663912,1,"[1.0, 0, -0.6848888888888891, 0, 1]",0.0
-0.6848888888888891,1,-0.03269377046181984,-0.0007939811511410526,-5.19667671040136e-05,2,"[1.0, 0, -0.6848888888888891, 0, 1]",0.0
-0.6797777777777778,0,0.05298834540466392,0.0005712527879307017,0.00013996790513202284,1,"[1.0, 0, -0.6797777777777778, 0, 1]",0.0
-0.6797777777777778,1,-0.03275835345221765,-0.0007888168880858949,-5.1953573769363505e-05,2,"[1.0, 0, -0.6797777777777778, 0, 1]",0.0
-0.674666666666667,0,0.053026804938271596,0.0005678225663648835,0.00014039759287074756,1,"[1.0, 0, -0.674666666666667, 0, 1]",0.0
-0.674666666666667,1,-0.03282245267489711,-0.0007836355245944218,-5.194035323023977e-05,2,"[1.0, 0, -0.674666666666667, 0, 1]",0.0
-0.6695555555555557,0,0.053064974211248284,0.000564372761881827,0.0001408252606069785,1,"[1.0, 0, -0.6695555555555557, 0, 1]",0.0
-0.6695555555555557,1,-0.032886068129858254,-0.000778437189241342,-5.192710852302689e-05,2,"[1.0, 0, -0.6695555555555557, 0, 1]",0.0
-0.6644444444444444,0,0.05310285322359396,0.0005609035228369659,0.00014125088265806468,1,"[1.0, 0, -0.6644444444444444, 0, 1]",0.0
-0.6644444444444444,1,-0.03294919981710105,-0.0007732220106013649,-5.191384265388815e-05,2,"[1.0, 0, -0.6644444444444444, 0, 1]",0.0
-0.6593333333333335,0,0.053140441975308636,0.000557414997585734,0.0001416744334563917,1,"[1.0, 0, -0.6593333333333335, 0, 1]",0.0
-0.6593333333333335,1,-0.03301184773662551,-0.0007679901172492,-5.190055859893192e-05,2,"[1.0, 0, -0.6593333333333335, 0, 1]",0.0
-0.6542222222222223,0,0.053177740466392315,0.0005539073344835645,0.0001420958875512198,1,"[1.0, 0, -0.6542222222222223, 0, 1]",0.0
-0.6542222222222223,1,-0.03307401188843164,-0.0007627416377595556,-5.1887259304376284e-05,2,"[1.0, 0, -0.6542222222222223, 0, 1]",0.0
-0.6491111111111114,0,0.05321474869684499,0.0005503806818858917,0.00014251521961050783,1,"[1.0, 0, -0.6491111111111114, 0, 1]",0.0
-0.6491111111111114,1,-0.033135692272519425,-0.0007574767007071418,-5.187394768671249e-05,2,"[1.0, 0, -0.6491111111111114, 0, 1]",0.0
-0.6440000000000001,0,0.053251466666666664,0.0005468351881481483,0.00014293240442272357,1,"[1.0, 0, -0.6440000000000001, 0, 1]",0.0
-0.6440000000000001,1,-0.03319688888888889,-0.0007521954346666668,-5.186062663286732e-05,2,"[1.0, 0, -0.6440000000000001, 0, 1]",0.0
-0.6388888888888888,0,0.053287894375857334,0.0005432710016257684,0.00014334741689863952,1,"[1.0, 0, -0.6388888888888888, 0, 1]",0.0
-0.6388888888888888,1,-0.033257601737540006,-0.0007468979682128401,-5.184729900036391e-05,2,"[1.0, 0, -0.6388888888888888, 0, 1]",0.0
-0.633777777777778,0,0.05332403182441701,0.000539688270674186,0.00014376023207311495,1,"[1.0, 0, -0.633777777777778, 0, 1]",0.0
-0.633777777777778,1,-0.03331783081847279,-0.0007415844299203714,-5.18339676174816e-05,2,"[1.0, 0, -0.633777777777778, 0, 1]",0.0
-0.6286666666666667,0,0.05335987901234568,0.000536087143648834,0.00014417082510686336,1,"[1.0, 0, -0.6286666666666667, 0, 1]",0.0
-0.6286666666666667,1,-0.033377576131687244,-0.0007362549483639689,-5.182063528341428e-05,2,"[1.0, 0, -0.6286666666666667, 0, 1]",0.0
-0.6235555555555559,0,0.05339543593964334,0.0005324677689051468,0.00014457917128820637,1,"[1.0, 0, -0.6235555555555559, 0, 1]",0.0
-0.6235555555555559,1,-0.03343683767718335,-0.0007309096521183427,-5.180730476842758e-05,2,"[1.0, 0, -0.6235555555555559, 0, 1]",0.0
-0.6184444444444446,0,0.05343070260631001,0.0005288302947985573,0.00014498524603481376,1,"[1.0, 0, -0.6184444444444446, 0, 1]",0.0
-0.6184444444444446,1,-0.03349561545496113,-0.0007255486697582008,-5.179397881401489e-05,2,"[1.0, 0, -0.6184444444444446, 0, 1]",0.0
-0.6133333333333333,0,0.053465679012345675,0.0005251748696844993,0.00014538902489542803,1,"[1.0, 0, -0.6133333333333333, 0, 1]",0.0
-0.6133333333333333,1,-0.03355390946502058,-0.0007201721298582532,-5.178066013305191e-05,2,"[1.0, 0, -0.6133333333333333, 0, 1]",0.0
-0.6082222222222224,0,0.053500365157750335,0.0005215016419184069,0.0001457904835515768,1,"[1.0, 0, -0.6082222222222224, 0, 1]",0.0
-0.6082222222222224,1,-0.03361171970736168,-0.0007147801609932093,-5.1767351409950056e-05,2,"[1.0, 0, -0.6082222222222224, 0, 1]",0.0
-0.6031111111111112,0,0.053534761042524,0.0005178107598557131,0.0001461895978192697,1,"[1.0, 0, -0.6031111111111112, 0, 1]",0.0
-0.6031111111111112,1,-0.03366904618198445,-0.000709372891737777,-5.1754055300808643e-05,2,"[1.0, 0, -0.6031111111111112, 0, 1]",0.0
-0.5979999999999999,0,0.053568866666666666,0.0005141023718518518,0.00014658634365068173,1,"[1.0, 0, -0.5979999999999999, 0, 1]",0.0
-0.5979999999999999,1,-0.03372588888888889,-0.0007039504506666666,-5.174077443356579e-05,2,"[1.0, 0, -0.5979999999999999, 0, 1]",0.0
-0.592888888888889,0,0.053602682030178324,0.0005103766262622568,0.00014698069713582225,1,"[1.0, 0, -0.592888888888889, 0, 1]",0.0
-0.592888888888889,1,-0.033782247828074985,-0.000698512966354587,-5.172751140814788e-05,2,"[1.0, 0, -0.592888888888889, 0, 1]",0.0
-0.5877777777777782,0,0.05363620713305898,0.0005066336714423618,0.0001473726345041905,1,"[1.0, 0, -0.5877777777777782, 0, 1]",0.0
-0.5877777777777782,1,-0.033838122999542745,-0.0006930605673762472,-5.171426879661806e-05,2,"[1.0, 0, -0.5877777777777782, 0, 1]",0.0
-0.5826666666666664,0,0.05366944197530864,0.0005028736557475993,0.00014776213212641648,1,"[1.0, 0, -0.5826666666666664, 0, 1]",0.0
-0.5826666666666664,1,-0.033893514403292184,-0.0006875933823063554,-5.1701049143323266e-05,2,"[1.0, 0, -0.5826666666666664, 0, 1]",0.0
-0.5775555555555556,0,0.053702386556927294,0.0004990967275334045,0.00014814916651588748,1,"[1.0, 0, -0.5775555555555556, 0, 1]",0.0
-0.5775555555555556,1,-0.03394842203932327,-0.0006821115397196226,-5.168785496504e-05,2,"[1.0, 0, -0.5775555555555556, 0, 1]",0.0
-0.5724444444444448,0,0.05373504087791495,0.0004953030351552103,0.00014853371433036147,1,"[1.0, 0, -0.5724444444444448, 0, 1]",0.0
-0.5724444444444448,1,-0.034002845907636026,-0.0006766151681907572,-5.167468875111898e-05,2,"[1.0, 0, -0.5724444444444448, 0, 1]",0.0
-0.567333333333333,0,0.053767404938271604,0.0004914927269684497,0.00014891575237356564,1,"[1.0, 0, -0.567333333333333, 0, 1]",0.0
-0.567333333333333,1,-0.03405678600823046,-0.000671104396294467,-5.166155296362835e-05,2,"[1.0, 0, -0.567333333333333, 0, 1]",0.0
-0.5622222222222222,0,0.05379947873799725,0.0004876659513285576,0.00014929525759678077,1,"[1.0, 0, -0.5622222222222222, 0, 1]",0.0
-0.5622222222222222,1,-0.03411024234110654,-0.0006655793526054632,-5.164845003749576e-05,2,"[1.0, 0, -0.5622222222222222, 0, 1]",0.0
-0.5571111111111113,0,0.0538312622770919,0.00048382285659096696,0.00014967220710041245,1,"[1.0, 0, -0.5571111111111113, 0, 1]",0.0
-0.5571111111111113,1,-0.03416321490626428,-0.0006600401656984541,-5.1635382380649154e-05,2,"[1.0, 0, -0.5571111111111113, 0, 1]",0.0
-0.5520000000000005,0,0.05386275555555555,0.0004799635911111115,0.00015004657813554704,1,"[1.0, 0, -0.5520000000000005, 0, 1]",0.0
-0.5520000000000005,1,-0.0342157037037037,-0.0006544869641481487,-5.162235237415625e-05,2,"[1.0, 0, -0.5520000000000005, 0, 1]",0.0
-0.5468888888888888,0,0.053893958573388204,0.000476088303244424,0.00015041834810549444,1,"[1.0, 0, -0.5468888888888888, 0, 1]",0.0
-0.5468888888888888,1,-0.03426770873342478,-0.0006489198765292552,-5.160936237236271e-05,2,"[1.0, 0, -0.5468888888888888, 0, 1]",0.0
-0.5417777777777779,0,0.053924871330589846,0.00047219714134633957,0.000150787494567316,1,"[1.0, 0, -0.5417777777777779, 0, 1]",0.0
-0.5417777777777779,1,-0.034319229995427525,-0.0006433390314164848,-5.1596414703029334e-05,2,"[1.0, 0, -0.5417777777777779, 0, 1]",0.0
-0.5366666666666671,0,0.053955493827160486,0.0004682902537722911,0.00015115399523333916,1,"[1.0, 0, -0.5366666666666671, 0, 1]",0.0
-0.5366666666666671,1,-0.03437026748971193,-0.0006377445573845455,-5.158351166746753e-05,2,"[1.0, 0, -0.5366666666666671, 0, 1]",0.0
-0.5315555555555553,0,0.05398582606310014,0.0004643677888777116,0.00015151782797265766,1,"[1.0, 0, -0.5315555555555553, 0, 1]",0.0
-0.5315555555555553,1,-0.03442082121627801,-0.0006321365830081456,-5.157065554067397e-05,2,"[1.0, 0, -0.5315555555555553, 0, 1]",0.0
-0.5264444444444445,0,0.05401586803840878,0.0004604298950180359,0.00015187897081261702,1,"[1.0, 0, -0.5264444444444445, 0, 1]",0.0
-0.5264444444444445,1,-0.034470891175125744,-0.0006265152368619961,-5.1557848571463674e-05,2,"[1.0, 0, -0.5264444444444445, 0, 1]",0.0
-0.5213333333333336,0,0.054045619753086416,0.0004564767205486971,0.00015223740194028715,1,"[1.0, 0, -0.5213333333333336, 0, 1]",0.0
-0.5213333333333336,1,-0.03452047736625514,-0.0006208806475208051,-5.154509298260194e-05,2,"[1.0, 0, -0.5213333333333336, 0, 1]",0.0
-0.5162222222222219,0,0.05407508120713306,0.00045250841382512804,0.0001525930997039201,1,"[1.0, 0, -0.5162222222222219, 0, 1]",0.0
-0.5162222222222219,1,-0.03456957978966621,-0.000615232943559281,-5.153239097093516e-05,2,"[1.0, 0, -0.5162222222222219, 0, 1]",0.0
-0.5111111111111111,0,0.0541042524005487,0.00044852512320276377,0.00015294604261439356,1,"[1.0, 0, -0.5111111111111111, 0, 1]",0.0
-0.5111111111111111,1,-0.03461819844535894,-0.0006095722535521346,-5.151974470752002e-05,2,"[1.0, 0, -0.5111111111111111, 0, 1]",0.0
-0.5060000000000002,0,0.054133133333333326,0.00044452699703703723,0.00015329620934664097,1,"[1.0, 0, -0.5060000000000002, 0, 1]",0.0
-0.5060000000000002,1,-0.03466633333333333,-0.0006038987060740744,-5.1507156337751765e-05,2,"[1.0, 0, -0.5060000000000002, 0, 1]",0.0
-0.5008888888888894,0,0.05416172400548696,0.000440514183683382,0.00015364357874106697,1,"[1.0, 0, -0.5008888888888894, 0, 1]",0.0
-0.5008888888888894,1,-0.034713984453589385,-0.0005982124296998092,-5.149462798149111e-05,2,"[1.0, 0, -0.5008888888888894, 0, 1]",0.0
-0.49577777777777765,0,0.0541900244170096,0.000436486831497231,0.00015398812980494907,1,"[1.0, 0, -0.49577777777777765, 0, 1]",0.0
-0.49577777777777765,1,-0.034761151806127114,-0.0005925135530040473,-5.148216173318975e-05,2,"[1.0, 0, -0.49577777777777765, 0, 1]",0.0
-0.4906666666666668,0,0.05421803456790123,0.00043244508883401935,0.00015432984171382487,1,"[1.0, 0, -0.4906666666666668, 0, 1]",0.0
-0.4906666666666668,1,-0.0348078353909465,-0.0005868022045614999,-5.1469759662014844e-05,2,"[1.0, 0, -0.4906666666666668, 0, 1]",0.0
-0.48555555555555596,0,0.05424575445816186,0.0004283891040491798,0.00015466869381286567,1,"[1.0, 0, -0.48555555555555596, 0, 1]",0.0
-0.48555555555555596,1,-0.03485403520804755,-0.0005810785129468751,-5.1457423811972e-05,2,"[1.0, 0, -0.48555555555555596, 0, 1]",0.0
-0.48044444444444423,0,0.05427318408779149,0.0004243190254981454,0.0001550046656182358,1,"[1.0, 0, -0.48044444444444423, 0, 1]",0.0
-0.48044444444444423,1,-0.03489975125743027,-0.0005753426067348809,-5.144515620202718e-05,2,"[1.0, 0, -0.48044444444444423, 0, 1]",0.0
-0.4753333333333334,0,0.05430032345679012,0.00042023500153635116,0.00015533773681843766,1,"[1.0, 0, -0.4753333333333334, 0, 1]",0.0
-0.4753333333333334,1,-0.03494498353909465,-0.0005695946145002287,-5.143295882622725e-05,2,"[1.0, 0, -0.4753333333333334, 0, 1]",0.0
-0.47022222222222254,0,0.05432717256515775,0.0004161371805192301,0.000155667887275643,1,"[1.0, 0, -0.47022222222222254, 0, 1]",0.0
-0.47022222222222254,1,-0.03498973205304069,-0.0005638346648176263,-5.1420833653819275e-05,2,"[1.0, 0, -0.47022222222222254, 0, 1]",0.0
-0.4651111111111108,0,0.054353731412894374,0.00041202571080221483,0.00015599509702700974,1,"[1.0, 0, -0.4651111111111108, 0, 1]",0.0
-0.4651111111111108,1,-0.035033996799268406,-0.0005580628862617822,-5.140878262936858e-05,2,"[1.0, 0, -0.4651111111111108, 0, 1]",0.0
-0.45999999999999996,0,0.05438,0.0004079007407407407,0.00015631934628598516,1,"[1.0, 0, -0.45999999999999996, 0, 1]",0.0
-0.45999999999999996,1,-0.03507777777777778,-0.0005522794074074074,-5.139680767287554e-05,2,"[1.0, 0, -0.45999999999999996, 0, 1]",0.0
-0.4548888888888891,0,0.05440597832647462,0.0004037624186902405,0.00015664061544359465,1,"[1.0, 0, -0.4548888888888891, 0, 1]",0.0
-0.4548888888888891,1,-0.03512107498856881,-0.0005464843568292099,-5.138491067989108e-05,2,"[1.0, 0, -0.4548888888888891, 0, 1]",0.0
-0.4497777777777783,0,0.05443166639231824,0.0003996108930061478,0.00015695888506971656,1,"[1.0, 0, -0.4497777777777783, 0, 1]",0.0
-0.4497777777777783,1,-0.03516388843164151,-0.000540677863101899,-5.137309352163094e-05,2,"[1.0, 0, -0.4497777777777783, 0, 1]",0.0
-0.44466666666666654,0,0.05445706419753086,0.00039544631204389564,0.00015727413591434285,1,"[1.0, 0, -0.44466666666666654, 0, 1]",0.0
-0.44466666666666654,1,-0.03520621810699588,-0.0005348600548001827,-5.136135804508867e-05,2,"[1.0, 0, -0.44466666666666654, 0, 1]",0.0
-0.4395555555555557,0,0.05448217174211248,0.0003912688241589189,0.00015758634890882553,1,"[1.0, 0, -0.4395555555555557, 0, 1]",0.0
-0.4395555555555557,1,-0.035248064014631916,-0.0005290310604987725,-5.1349706073147425e-05,2,"[1.0, 0, -0.4395555555555557, 0, 1]",0.0
-0.43444444444444485,0,0.054506989026063095,0.00038707857770665076,0.00015789550516710955,1,"[1.0, 0, -0.43444444444444485, 0, 1]",0.0
-0.43444444444444485,1,-0.03528942615454961,-0.000523191008772376,-5.1338139404690254e-05,2,"[1.0, 0, -0.43444444444444485, 0, 1]",0.0
-0.4293333333333331,0,0.054531516049382715,0.00038287572104252383,0.000158201585986951,1,"[1.0, 0, -0.4293333333333331, 0, 1]",0.0
-0.4293333333333331,1,-0.03533030452674897,-0.0005173400281957017,-5.1326659814709525e-05,2,"[1.0, 0, -0.4293333333333331, 0, 1]",0.0
-0.4242222222222223,0,0.054555752812071326,0.00037866040252197334,0.00015850457285112131,1,"[1.0, 0, -0.4242222222222223, 0, 1]",0.0
-0.4242222222222223,1,-0.03537069913122999,-0.0005114782473434605,-5.131526905441478e-05,2,"[1.0, 0, -0.4242222222222223, 0, 1]",0.0
-0.41911111111111143,0,0.05457969931412894,0.0003744327705004321,0.00015880444742859796,1,"[1.0, 0, -0.41911111111111143, 0, 1]",0.0
-0.41911111111111143,1,-0.03541060996799268,-0.000505605794790361,-5.13039688513394e-05,2,"[1.0, 0, -0.41911111111111143, 0, 1]",0.0
-0.4139999999999997,0,0.05460335555555555,0.0003701929733333331,0.00015910119157574022,1,"[1.0, 0, -0.4139999999999997, 0, 1]",0.0
-0.4139999999999997,1,-0.03545003703703704,-0.0004997227991111107,-5.129276090944597e-05,2,"[1.0, 0, -0.4139999999999997, 0, 1]",0.0
-0.40888888888888886,0,0.05462672153635116,0.0003659411593761113,0.00015939478733745146,1,"[1.0, 0, -0.40888888888888886, 0, 1]",0.0
-0.40888888888888886,1,-0.03548898033836305,-0.0004938293888804212,-5.128164690923061e-05,2,"[1.0, 0, -0.40888888888888886, 0, 1]",0.0
-0.403777777777778,0,0.054649797256515774,0.0003616774769841997,0.00015968521694832726,1,"[1.0, 0, -0.403777777777778, 0, 1]",0.0
-0.403777777777778,1,-0.03552743987197073,-0.00048792569267300066,-5.1270628507825756e-05,2,"[1.0, 0, -0.403777777777778, 0, 1]",0.0
-0.39866666666666717,0,0.05467258271604938,0.00035740207451303197,0.0001599724628337889,1,"[1.0, 0, -0.39866666666666717, 0, 1]",0.0
-0.39866666666666717,1,-0.03556541563786007,-0.00048201183906355796,-5.1259707339101704e-05,2,"[1.0, 0, -0.39866666666666717, 0, 1]",0.0
-0.39355555555555544,0,0.054695077914951984,0.0003531151003180408,0.00016025650761120384,1,"[1.0, 0, -0.39355555555555544, 0, 1]",0.0
-0.39355555555555544,1,-0.03560290763603109,-0.0004760879566268014,-5.124888501376721e-05,2,"[1.0, 0, -0.39355555555555544, 0, 1]",0.0
-0.3884444444444446,0,0.05471728285322359,0.0003488167027546615,0.00016053733409099078,1,"[1.0, 0, -0.3884444444444446, 0, 1]",0.0
-0.3884444444444446,1,-0.03563991586648377,-0.00047015417393744195,-5.1238163119468385e-05,2,"[1.0, 0, -0.3884444444444446, 0, 1]",0.0
-0.38333333333333375,0,0.05473919753086419,0.0003445070301783268,0.00016081492527771183,1,"[1.0, 0, -0.38333333333333375, 0, 1]",0.0
-0.38333333333333375,1,-0.0356764403292181,-0.0004642106195701879,-5.122754322088662e-05,2,"[1.0, 0, -0.38333333333333375, 0, 1]",0.0
-0.378222222222222,0,0.054760821947873795,0.0003401862309444697,0.00016108926437115,1,"[1.0, 0, -0.378222222222222, 0, 1]",0.0
-0.378222222222222,1,-0.03571248102423411,-0.0004582574220997474,-5.121702685983526e-05,2,"[1.0, 0, -0.378222222222222, 0, 1]",0.0
-0.37311111111111117,0,0.0547821561042524,0.00033585445340852515,0.00016136033476737242,1,"[1.0, 0, -0.37311111111111117, 0, 1]",0.0
-0.37311111111111117,1,-0.03574803795153177,-0.0004522947101008316,-5.120661555535472e-05,2,"[1.0, 0, -0.37311111111111117, 0, 1]",0.0
-0.3680000000000003,0,0.054803199999999996,0.0003315118459259262,0.00016162812005977994,1,"[1.0, 0, -0.3680000000000003, 0, 1]",0.0
-0.3680000000000003,1,-0.035783111111111106,-0.00044632261214814855,-5.1196310803806766e-05,2,"[1.0, 0, -0.3680000000000003, 0, 1]",0.0
-0.3628888888888886,0,0.05482395363511659,0.00032715855685210563,0.00016189260404014257,1,"[1.0, 0, -0.3628888888888886, 0, 1]",0.0
-0.3628888888888886,1,-0.03581770050297211,-0.0004403412568164064,-5.1186114078967146e-05,2,"[1.0, 0, -0.3628888888888886, 0, 1]",0.0
-0.35777777777777775,0,0.054844417009602194,0.00032279473454249855,0.00016215377069962055,1,"[1.0, 0, -0.35777777777777775, 0, 1]",0.0
-0.35777777777777775,1,-0.03585180612711477,-0.00043435077268031634,-5.117602683211719e-05,2,"[1.0, 0, -0.35777777777777775, 0, 1]",0.0
-0.3526666666666669,0,0.054864590123456784,0.0003184205273525379,0.00016241160422977136,1,"[1.0, 0, -0.3526666666666669, 0, 1]",0.0
-0.3526666666666669,1,-0.03588542798353909,-0.00042835128831458644,-5.1166050492134024e-05,2,"[1.0, 0, -0.3526666666666669, 0, 1]",0.0
-0.34755555555555606,0,0.05488447297668038,0.00031403608363765725,0.00016266608902354323,1,"[1.0, 0, -0.34755555555555606, 0, 1]",0.0
-0.34755555555555606,1,-0.03591856607224508,-0.00042234293229392595,-5.115618646557975e-05,2,"[1.0, 0, -0.34755555555555606, 0, 1]",0.0
-0.34244444444444433,0,0.05490406556927297,0.0003096415517532895,0.00016291720967625365,1,"[1.0, 0, -0.34244444444444433, 0, 1]",0.0
-0.34244444444444433,1,-0.03595122039323274,-0.00041632583319304293,-5.114643613678897e-05,2,"[1.0, 0, -0.34244444444444433, 0, 1]",0.0
-0.3373333333333335,0,0.05492336790123457,0.00030523708005486983,0.00016316495098655452,1,"[1.0, 0, -0.3373333333333335, 0, 1]",0.0
-0.3373333333333335,1,-0.035983390946502054,-0.0004103001195866485,-5.113680086795536e-05,2,"[1.0, 0, -0.3373333333333335, 0, 1]",0.0
-0.33222222222222264,0,0.05494237997256515,0.00030082281689783097,0.0001634092979573827,1,"[1.0, 0, -0.33222222222222264, 0, 1]",0.0
-0.33222222222222264,1,-0.036015077732053036,-0.00040426592004945097,-5.112728199921695e-05,2,"[1.0, 0, -0.33222222222222264, 0, 1]",0.0
-0.3271111111111109,0,0.05496110178326474,0.00029639891063760587,0.00016365023579689722,1,"[1.0, 0, -0.3271111111111109, 0, 1]",0.0
-0.3271111111111109,1,-0.03604628074988569,-0.0003982233631561582,-5.1117880848739975e-05,2,"[1.0, 0, -0.3271111111111109, 0, 1]",0.0
-0.32200000000000006,0,0.05497953333333333,0.00029196550962962966,0.00016388774991940133,1,"[1.0, 0, -0.32200000000000006, 0, 1]",0.0
-0.32200000000000006,1,-0.036077,-0.00039217257748148156,-5.1108598712801646e-05,2,"[1.0, 0, -0.32200000000000006, 0, 1]",0.0
-0.3168888888888892,0,0.054997674622770915,0.0002875227622293353,0.0001641218259462514,1,"[1.0, 0, -0.3168888888888892, 0, 1]",0.0
-0.3168888888888892,1,-0.03610723548239597,-0.00038611369160012905,-5.1099436865871555e-05,2,"[1.0, 0, -0.3168888888888892, 0, 1]",0.0
-0.3117777777777775,0,0.0550155256515775,0.0002830708167921554,0.0001643524497067514,1,"[1.0, 0, -0.3117777777777775, 0, 1]",0.0
-0.3117777777777775,1,-0.03613698719707362,-0.0003800468340868089,-5.109039656069187e-05,2,"[1.0, 0, -0.3117777777777775, 0, 1]",0.0
-0.30666666666666664,0,0.05503308641975308,0.00027860982167352536,0.0001645796072390329,1,"[1.0, 0, -0.30666666666666664, 0, 1]",0.0
-0.30666666666666664,1,-0.03616625514403292,-0.0003739721335162323,-5.108147902835619e-05,2,"[1.0, 0, -0.30666666666666664, 0, 1]",0.0
-0.3015555555555558,0,0.055050356927297664,0.0002741399252288779,0.00016480328479092198,1,"[1.0, 0, -0.3015555555555558, 0, 1]",0.0
-0.3015555555555558,1,-0.036195039323273885,-0.0003678897184631072,-5.107268547838721e-05,2,"[1.0, 0, -0.3015555555555558, 0, 1]",0.0
-0.29644444444444495,0,0.055067337174211244,0.00026966127581364675,0.00016502346882079074,1,"[1.0, 0, -0.29644444444444495, 0, 1]",0.0
-0.29644444444444495,1,-0.03622333973479652,-0.0003617997175021429,-5.1064017098813174e-05,2,"[1.0, 0, -0.29644444444444495, 0, 1]",0.0
-0.2913333333333332,0,0.05508402716049383,0.0002651740217832646,0.000165240145998396,1,"[1.0, 0, -0.2913333333333332, 0, 1]",0.0
-0.2913333333333332,1,-0.036251156378600824,-0.0003557022592080474,-5.105547505624287e-05,2,"[1.0, 0, -0.2913333333333332, 0, 1]",0.0
-0.2862222222222224,0,0.0551004268861454,0.0002606783114931668,0.00016545330320570282,1,"[1.0, 0, -0.2862222222222224, 0, 1]",0.0
-0.2862222222222224,1,-0.03627848925468678,-0.00034959747215553206,-5.104706049593958e-05,2,"[1.0, 0, -0.2862222222222224, 0, 1]",0.0
-0.28111111111111153,0,0.05511653635116598,0.00025617429329878615,0.000165662927537695,1,"[1.0, 0, -0.28111111111111153, 0, 1]",0.0
-0.28111111111111153,1,-0.036305338363054405,-0.00034348548491930483,-5.103877454189364e-05,2,"[1.0, 0, -0.28111111111111153, 0, 1]",0.0
-0.2759999999999998,0,0.055132355555555554,0.0002516621155555554,0.00016586900630317038,1,"[1.0, 0, -0.2759999999999998, 0, 1]",0.0
-0.2759999999999998,1,-0.0363317037037037,-0.00033736642607407383,-5.103061829689382e-05,2,"[1.0, 0, -0.2759999999999998, 0, 1]",0.0
-0.27088888888888896,0,0.055147884499314126,0.0002471419266189098,0.00016607152702552302,1,"[1.0, 0, -0.27088888888888896, 0, 1]",0.0
-0.27088888888888896,1,-0.03635758527663466,-0.00033124042419455037,-5.1022592842597307e-05,2,"[1.0, 0, -0.27088888888888896, 0, 1]",0.0
-0.2657777777777781,0,0.055163123182441695,0.00024261387484428217,0.00016627047744351072,1,"[1.0, 0, -0.2657777777777781, 0, 1]",0.0
-0.2657777777777781,1,-0.03638298308184727,-0.00032510760785544246,-5.101469923959856e-05,2,"[1.0, 0, -0.2657777777777781, 0, 1]",0.0
-0.2606666666666664,0,0.05517807160493827,0.00023807810858710536,0.00016646584551200863,1,"[1.0, 0, -0.2606666666666664, 0, 1]",0.0
-0.2606666666666664,1,-0.036407897119341566,-0.0003189681056314583,-5.100693852749691e-05,2,"[1.0, 0, -0.2606666666666664, 0, 1]",0.0
-0.25555555555555554,0,0.05519272976680384,0.00023353477620281456,0.0001666576194027487,1,"[1.0, 0, -0.25555555555555554, 0, 1]",0.0
-0.25555555555555554,1,-0.03643232738911751,-0.00031282204609730906,-5.0999311724962674e-05,2,"[1.0, 0, -0.25555555555555554, 0, 1]",0.0
-0.2504444444444447,0,0.055207097668038406,0.00022898402604684266,0.00016684578750504524,1,"[1.0, 0, -0.2504444444444447, 0, 1]",0.0
-0.2504444444444447,1,-0.036456273891175124,-0.00030666955782770273,-5.099181982980243e-05,2,"[1.0, 0, -0.2504444444444447, 0, 1]",0.0
-0.24533333333333385,0,0.05522117530864197,0.00022442600647462326,0.00016703033842650625,1,"[1.0, 0, -0.24533333333333385, 0, 1]",0.0
-0.24533333333333385,1,-0.036479736625514396,-0.00030051076939734855,-5.098446381902251e-05,2,"[1.0, 0, -0.24533333333333385, 0, 1]",0.0
-0.24022222222222211,0,0.05523496268861454,0.0002198608658415891,0.00016721126099373057,1,"[1.0, 0, -0.24022222222222211, 0, 1]",0.0
-0.24022222222222211,1,-0.036502715592135346,-0.0002943458093809546,-5.097724464889171e-05,2,"[1.0, 0, -0.24022222222222211, 0, 1]",0.0
-0.23511111111111127,0,0.0552484598079561,0.00021528875250317547,0.00016738854425299099,1,"[1.0, 0, -0.23511111111111127, 0, 1]",0.0
-0.23511111111111127,1,-0.036525210791037946,-0.00028817480635323227,-5.097016325500233e-05,2,"[1.0, 0, -0.23511111111111127, 0, 1]",0.0
-0.23000000000000043,0,0.05526166666666666,0.00021070981481481518,0.00016756217747090362,1,"[1.0, 0, -0.23000000000000043, 0, 1]",0.0
-0.23000000000000043,1,-0.03654722222222222,-0.00028199788888888945,-5.0963220552330366e-05,2,"[1.0, 0, -0.23000000000000043, 0, 1]",0.0
-0.2248888888888887,0,0.05527458326474623,0.00020612420113194112,0.0001677321501350828,1,"[1.0, 0, -0.2248888888888887, 0, 1]",0.0
-0.2248888888888887,1,-0.03656874988568816,-0.0002758151855626342,-5.0956417435294005e-05,2,"[1.0, 0, -0.2248888888888887, 0, 1]",0.0
-0.21977777777777785,0,0.055287209602194784,0.00020153205980998838,0.00016789845195478158,1,"[1.0, 0, -0.21977777777777785, 0, 1]",0.0
-0.21977777777777785,1,-0.03658979378143575,-0.0002696268249491779,-5.094975477781113e-05,2,"[1.0, 0, -0.21977777777777785, 0, 1]",0.0
-0.214666666666667,0,0.055299545679012345,0.00019693353920438987,0.0001680610728615192,1,"[1.0, 0, -0.214666666666667, 0, 1]",0.0
-0.214666666666667,1,-0.036610353909465015,-0.00026343293562322855,-5.0943233433355636e-05,2,"[1.0, 0, -0.214666666666667, 0, 1]",0.0
-0.20955555555555527,0,0.0553115914951989,0.0001923287876705784,0.0001682200030096934,1,"[1.0, 0, -0.20955555555555527, 0, 1]",0.0
-0.20955555555555527,1,-0.03663043026977595,-0.00025723364615949434,-5.093685423501218e-05,2,"[1.0, 0, -0.20955555555555527, 0, 1]",0.0
-0.20444444444444443,0,0.05532334705075446,0.00018771795356398922,0.00016837523277717925,1,"[1.0, 0, -0.20444444444444443, 0, 1]",0.0
-0.20444444444444443,1,-0.03665002286236854,-0.0002510290851326864,-5.09306179955299e-05,2,"[1.0, 0, -0.20444444444444443, 0, 1]",0.0
-0.19933333333333358,0,0.05533481234567901,0.00018310118524005511,0.0001685267527659136,1,"[1.0, 0, -0.19933333333333358, 0, 1]",0.0
-0.19933333333333358,1,-0.0366691316872428,-0.00024481938111751284,-5.092452550737482e-05,2,"[1.0, 0, -0.19933333333333358, 0, 1]",0.0
-0.19422222222222274,0,0.05534598737997256,0.00017847863105420966,0.00016867455380246564,1,"[1.0, 0, -0.19422222222222274, 0, 1]",0.0
-0.19422222222222274,1,-0.03668775674439872,-0.0002386046626886829,-5.0918577542780984e-05,2,"[1.0, 0, -0.19422222222222274, 0, 1]",0.0
-0.189111111111111,0,0.05535687215363511,0.0001738504393618858,0.00016881862693859346,1,"[1.0, 0, -0.189111111111111, 0, 1]",0.0
-0.189111111111111,1,-0.0367058980338363,-0.00023238505842090455,-5.091277485380028e-05,2,"[1.0, 0, -0.189111111111111, 0, 1]",0.0
-0.18400000000000016,0,0.05536746666666666,0.00016921675851851867,0.00016895896345178588,1,"[1.0, 0, -0.18400000000000016, 0, 1]",0.0
-0.18400000000000016,1,-0.03672355555555555,-0.0002261606968888891,-5.090711817235116e-05,2,"[1.0, 0, -0.18400000000000016, 0, 1]",0.0
-0.17888888888888932,0,0.05537777091906721,0.0001645777368795411,0.0001690955548457912,1,"[1.0, 0, -0.17888888888888932, 0, 1]",0.0
-0.17888888888888932,1,-0.036740729309556464,-0.00021993170666734457,-5.090160821026584e-05,2,"[1.0, 0, -0.17888888888888932, 0, 1]",0.0
-0.1737777777777776,0,0.05538778491083676,0.00015993352280038595,0.00016922839285113107,1,"[1.0, 0, -0.1737777777777776, 0, 1]",0.0
-0.1737777777777776,1,-0.03675741929583905,-0.00021369821633097913,-5.0896245659336476e-05,2,"[1.0, 0, -0.1737777777777776, 0, 1]",0.0
-0.16866666666666674,0,0.055397508641975304,0.00015528426463648842,0.00016935746942560047,1,"[1.0, 0, -0.16866666666666674, 0, 1]",0.0
-0.16866666666666674,1,-0.03677362551440329,-0.00020746035445450397,-5.089103119135992e-05,2,"[1.0, 0, -0.16866666666666674, 0, 1]",0.0
-0.1635555555555559,0,0.05540694211248285,0.0001506301107432813,0.00016948277675475404,1,"[1.0, 0, -0.1635555555555559, 0, 1]",0.0
-0.1635555555555559,1,-0.0367893479652492,-0.00020121824961262722,-5.088596545818138e-05,2,"[1.0, 0, -0.1635555555555559, 0, 1]",0.0
-0.15844444444444417,0,0.05541608532235939,0.00014597120947619746,0.00016960430725237741,1,"[1.0, 0, -0.15844444444444417, 0, 1]",0.0
-0.15844444444444417,1,-0.03680458664837677,-0.00019497203038005688,-5.088104909173655e-05,2,"[1.0, 0, -0.15844444444444417, 0, 1]",0.0
-0.15333333333333332,0,0.05542493827160493,0.00014130770919067214,0.00016972205356094553,1,"[1.0, 0, -0.15333333333333332, 0, 1]",0.0
-0.15333333333333332,1,-0.03681934156378601,-0.00018872182533150432,-5.087628270409288e-05,2,"[1.0, 0, -0.15333333333333332, 0, 1]",0.0
-0.14822222222222248,0,0.05543350096021948,0.0001366397582421381,0.00016983600855206612,1,"[1.0, 0, -0.14822222222222248, 0, 1]",0.0
-0.14822222222222248,1,-0.03683361271147691,-0.00018246776304167754,-5.087166688748905e-05,2,"[1.0, 0, -0.14822222222222248, 0, 1]",0.0
-0.14311111111111163,0,0.05544177338820301,0.00013196750498602902,0.00016994616532690915,1,"[1.0, 0, -0.14311111111111163, 0, 1]",0.0
-0.14311111111111163,1,-0.03684740009144947,-0.00017620997208528575,-5.086720221437375e-05,2,"[1.0, 0, -0.14311111111111163, 0, 1]",0.0
-0.1379999999999999,0,0.05544975555555555,0.00012729109777777768,0.0001700525172166228,1,"[1.0, 0, -0.1379999999999999, 0, 1]",0.0
-0.1379999999999999,1,-0.0368607037037037,-0.00016994858103703693,-5.086288923744277e-05,2,"[1.0, 0, -0.1379999999999999, 0, 1]",0.0
-0.13288888888888906,0,0.05545744746227709,0.00012261068497281934,0.00017015505778273445,1,"[1.0, 0, -0.13288888888888906, 0, 1]",0.0
-0.13288888888888906,1,-0.0368735235482396,-0.00016368371847164237,-5.085872848967501e-05,2,"[1.0, 0, -0.13288888888888906, 0, 1]",0.0
-0.1277777777777782,0,0.055464849108367624,0.00011792641492658679,0.00017025378081753827,1,"[1.0, 0, -0.1277777777777782, 0, 1]",0.0
-0.1277777777777782,1,-0.03688585962505715,-0.00015741551296381026,-5.085472048436717e-05,2,"[1.0, 0, -0.1277777777777782, 0, 1]",0.0
-0.12266666666666648,0,0.05547196049382716,0.00011323843599451285,0.00017034868034446863,1,"[1.0, 0, -0.12266666666666648, 0, 1]",0.0
-0.12266666666666648,1,-0.03689771193415638,-0.0001511440930882485,-5.0850865715167335e-05,2,"[1.0, 0, -0.12266666666666648, 0, 1]",0.0
-0.11755555555555564,0,0.05547878161865569,0.0001085468965320328,0.00017043975061845892,1,"[1.0, 0, -0.11755555555555564, 0, 1]",0.0
-0.11755555555555564,1,-0.036909080475537266,-0.00014486958741966852,-5.0847164656107016e-05,2,"[1.0, 0, -0.11755555555555564, 0, 1]",0.0
-0.11244444444444479,0,0.05548531248285322,0.0001038519448945794,0.0001705269861262871,1,"[1.0, 0, -0.11244444444444479, 0, 1]",0.0
-0.11244444444444479,1,-0.03691996524919981,-0.00013859212453277829,-5.084361776163213e-05,2,"[1.0, 0, -0.11244444444444479, 0, 1]",0.0
-0.10733333333333306,0,0.05549155308641975,9.915372943758549e-05,0.00017061038158690644,1,"[1.0, 0, -0.10733333333333306, 0, 1]",0.0
-0.10733333333333306,1,-0.03693036625514403,-0.0001323118330022859,-5.084022546663275e-05,2,"[1.0, 0, -0.10733333333333306, 0, 1]",0.0
-0.10222222222222221,0,0.05549750342935528,9.44523985164863e-05,0.00017068993195176228,1,"[1.0, 0, -0.10222222222222221, 0, 1]",0.0
-0.10222222222222221,1,-0.03694028349336991,-0.00012602884140290265,-5.083698818647139e-05,2,"[1.0, 0, -0.10222222222222221, 0, 1]",0.0
-0.09711111111111137,0,0.055503163511659806,8.974810048671465e-05,0.00017076563240509544,1,"[1.0, 0, -0.09711111111111137, 0, 1]",0.0
-0.09711111111111137,1,-0.03694971696387746,-0.00011974327830933663,-5.083390631701023e-05,2,"[1.0, 0, -0.09711111111111137, 0, 1]",0.0
-0.09200000000000053,0,0.05550853333333333,8.504098370370419e-05,0.00017083747836423043,1,"[1.0, 0, -0.09200000000000053, 0, 1]",0.0
-0.09200000000000053,1,-0.03695866666666666,-0.00011345527229629695,-5.0830980234636936e-05,2,"[1.0, 0, -0.09200000000000053, 0, 1]",0.0
-0.0868888888888888,0,0.055513612894375855,8.033119652288767e-05,0.00017090546547985047,1,"[1.0, 0, -0.0868888888888888, 0, 1]",0.0
-0.0868888888888888,1,-0.03696713260173754,-0.00010716495193849165,-5.0828210296289404e-05,2,"[1.0, 0, -0.0868888888888888, 0, 1]",0.0
-0.08177777777777795,0,0.055518402194787375,7.561888729970041e-05,0.00017096958963625785,1,"[1.0, 0, -0.08177777777777795, 0, 1]",0.0
-0.08177777777777795,1,-0.03697511476909007,-0.00010087244581063206,-5.082559683947888e-05,2,"[1.0, 0, -0.08177777777777795, 0, 1]",0.0
-0.0766666666666671,0,0.0555229012345679,7.090420438957517e-05,0.00017102984695162074,1,"[1.0, 0, -0.0766666666666671, 0, 1]",0.0
-0.0766666666666671,1,-0.036982613168724275,-9.457788248742625e-05,-5.082314018231238e-05,2,"[1.0, 0, -0.0766666666666671, 0, 1]",0.0
-0.07155555555555537,0,0.05552711001371742,6.618729614794476e-05,0.00017108623377820516,1,"[1.0, 0, -0.07155555555555537, 0, 1]",0.0
-0.07155555555555537,1,-0.03698962780064014,-8.82813905435822e-05,-5.08208406235132e-05,2,"[1.0, 0, -0.07155555555555537, 0, 1]",0.0
-0.06644444444444453,0,0.05553102853223594,6.146831093024444e-05,0.00017113874670259373,1,"[1.0, 0, -0.06644444444444453, 0, 1]",0.0
-0.06644444444444453,1,-0.03699615866483767,-8.198309855381134e-05,-5.0818698442440704e-05,2,"[1.0, 0, -0.06644444444444453, 0, 1]",0.0
-0.061333333333333684,0,0.055534656790123454,5.674739709190705e-05,0.00017118738254588969,1,"[1.0, 0, -0.061333333333333684, 0, 1]",0.0
-0.061333333333333684,1,-0.03700220576131687,-7.568313509282165e-05,-5.081671389910853e-05,2,"[1.0, 0, -0.061333333333333684, 0, 1]",0.0
-0.05622222222222195,0,0.05553799478737997,5.202470298836534e-05,0.00017123213836390714,1,"[1.0, 0, -0.05622222222222195, 0, 1]",0.0
-0.05622222222222195,1,-0.03700776909007773,-6.938162873532119e-05,-5.0814887234201694e-05,2,"[1.0, 0, -0.05622222222222195, 0, 1]",0.0
-0.05111111111111111,0,0.055541042524005484,4.730037697505461e-05,0.00017127301144734714,1,"[1.0, 0, -0.05111111111111111, 0, 1]",0.0
-0.05111111111111111,1,-0.037012848651120256,-6.307870805602125e-05,-5.0813218669092256e-05,2,"[1.0, 0, -0.05111111111111111, 0, 1]",0.0
-0.04600000000000026,0,0.0555438,4.2574567407407656e-05,0.0001713099993219596,1,"[1.0, 0, -0.04600000000000026, 0, 1]",0.0
-0.04600000000000026,1,-0.03701744444444444,-5.6774501629629953e-05,-5.081170840585399e-05,2,"[1.0, 0, -0.04600000000000026, 0, 1]",0.0
-0.04088888888888942,0,0.05554626721536351,3.784742264085809e-05,0.0001713430997486912,1,"[1.0, 0, -0.04088888888888942, 0, 1]",0.0
-0.04088888888888942,1,-0.037021556470050294,-5.0469138030856385e-05,-5.081035662727556e-05,2,"[1.0, 0, -0.04088888888888942, 0, 1]",0.0
-0.035777777777777686,0,0.055548444170096016,3.311909103083871e-05,0.00017137231072381933,1,"[1.0, 0, -0.035777777777777686, 0, 1]",0.0
-0.035777777777777686,1,-0.03702518472793781,-4.41627458344086e-05,-5.0809163496872515e-05,2,"[1.0, 0, -0.035777777777777686, 0, 1]",0.0
-0.030666666666666842,0,0.05555033086419753,2.83897209327848e-05,0.00017139763047907175,1,"[1.0, 0, -0.030666666666666842, 0, 1]",0.0
-0.030666666666666842,1,-0.037028329218106996,-3.785545361499793e-05,-5.080812915889806e-05,2,"[1.0, 0, -0.030666666666666842, 0, 1]",0.0
-0.025555555555555998,0,0.05555192729766804,2.3659460702129147e-05,0.00017141905748173215,1,"[1.0, 0, -0.025555555555555998, 0, 1]",0.0
-0.025555555555555998,1,-0.03703098994055784,-3.154738994733242e-05,-5.0807253738352415e-05,2,"[1.0, 0, -0.025555555555555998, 0, 1]",0.0
-0.020444444444444265,0,0.05555323347050754,1.892845869430456e-05,0.00017143659043473175,1,"[1.0, 0, -0.020444444444444265, 0, 1]",0.0
-0.020444444444444265,1,-0.03703316689529035,-2.5238683406120117e-05,-5.080653734099117e-05,2,"[1.0, 0, -0.020444444444444265, 0, 1]",0.0
-0.015333333333333421,0,0.055554249382716046,1.4196863264746309e-05,0.00017145022827672686,1,"[1.0, 0, -0.015333333333333421, 0, 1]",0.0
-0.015333333333333421,1,-0.03703486008230453,-1.8929462566072354e-05,-5.080598005333218e-05,2,"[1.0, 0, -0.015333333333333421, 0, 1]",0.0
-0.010222222222222577,0,0.05555497503429355,9.464822768887185e-06,0.00017145997018216225,1,"[1.0, 0, -0.010222222222222577, 0, 1]",0.0
-0.010222222222222577,1,-0.03703606950160036,-1.2619856001897168e-05,-5.080558194266114e-05,2,"[1.0, 0, -0.010222222222222577, 0, 1]",0.0
-0.005111111111110844,0,0.05555541042524005,4.732485562159993e-06,0.00017146581556132037,1,"[1.0, 0, -0.005111111111110844, 0, 1]",0.0
-0.005111111111110844,1,-0.03703679515317787,-6.309992288302605e-06,-5.080534305703619e-05,2,"[1.0, 0, -0.005111111111110844, 0, 1]",0.0
0.0,0,0.05555555555555555,-0.0,0.0001714677640603566,1,"[1.0, 0, 0.0, 0, 1]",0.0
0.0,1,-0.037037037037037035,0.0,-5.080526342529085e-05,2,"[1.0, 0, 0.0, 0, 1]",0.0
0.005111111111110844,0,0.05555541042524005,-4.732485562159993e-06,0.00017146581556132037,1,"[1.0, 0, 0.005111111111110844, 0, 1]",0.0
0.005111111111110844,1,-0.03703679515317787,6.309992288302605e-06,-5.080534305703619e-05,2,"[1.0, 0, 0.005111111111110844, 0, 1]",0.0
0.010222222222221689,0,0.05555497503429355,-9.464822768886362e-06,0.00017145997018216225,1,"[1.0, 0, 0.010222222222221689, 0, 1]",0.0
0.010222222222221689,1,-0.03703606950160036,1.2619856001896072e-05,-5.080558194266114e-05,2,"[1.0, 0, 0.010222222222221689, 0, 1]",0.0
0.015333333333333421,0,0.055554249382716046,-1.4196863264746309e-05,0.00017145022827672686,1,"[1.0, 0, 0.015333333333333421, 0, 1]",0.0
0.015333333333333421,1,-0.03703486008230453,1.8929462566072354e-05,-5.080598005333218e-05,2,"[1.0, 0, 0.015333333333333421, 0, 1]",0.0
0.020444444444444265,0,0.05555323347050754,-1.892845869430456e-05,0.00017143659043473175,1,"[1.0, 0, 0.020444444444444265, 0, 1]",0.0
0.020444444444444265,1,-0.03703316689529035,2.5238683406120117e-05,-5.080653734099117e-05,2,"[1.0, 0, 0.020444444444444265, 0, 1]",0.0
0.02555555555555511,0,0.05555192729766804,-2.3659460702128327e-05,0.00017141905748173215,1,"[1.0, 0, 0.02555555555555511, 0, 1]",0.0
0.02555555555555511,1,-0.03703098994055784,3.1547389947331323e-05,-5.0807253738352415e-05,2,"[1.0, 0, 0.02555555555555511, 0, 1]",0.0
0.030666666666666842,0,0.05555033086419753,-2.83897209327848e-05,0.00017139763047907175,1,"[1.0, 0, 0.030666666666666842, 0, 1]",0.0
0.030666666666666842,1,-0.037028329218106996,3.785545361499793e-05,-5.080812915889806e-05,2,"[1.0, 0, 0.030666666666666842, 0, 1]",0.0
0.035777777777777686,0,0.055548444170096016,-3.311909103083871e-05,0.00017137231072381933,1,"[1.0, 0, 0.035777777777777686, 0, 1]",0.0
0.035777777777777686,1,-0.03702518472793781,4.41627458344086e-05,-5.0809163496872515e-05,2,"[1.0, 0, 0.035777777777777686, 0, 1]",0.0
0.04088888888888853,0,0.05554626721536351,-3.784742264085726e-05,0.0001713430997486912,1,"[1.0, 0, 0.04088888888888853, 0, 1]",0.0
0.04088888888888853,1,-0.037021556470050294,5.046913803085529e-05,-5.081035662727556e-05,2,"[1.0, 0, 0.04088888888888853, 0, 1]",0.0
0.04600000000000026,0,0.0555438,-4.2574567407407656e-05,0.0001713099993219596,1,"[1.0, 0, 0.04600000000000026, 0, 1]",0.0
0.04600000000000026,1,-0.03701744444444444,5.6774501629629953e-05,-5.081170840585399e-05,2,"[1.0, 0, 0.04600000000000026, 0, 1]",0.0
0.05111111111111111,0,0.055541042524005484,-4.730037697505461e-05,0.00017127301144734714,1,"[1.0, 0, 0.05111111111111111, 0, 1]",0.0
0.05111111111111111,1,-0.037012848651120256,6.307870805602125e-05,-5.0813218669092256e-05,2,"[1.0, 0, 0.05111111111111111, 0, 1]",0.0
0.05622222222222195,0,0.05553799478737997,-5.202470298836534e-05,0.00017123213836390714,1,"[1.0, 0, 0.05622222222222195, 0, 1]",0.0
0.05622222222222195,1,-0.03700776909007773,6.938162873532119e-05,-5.0814887234201694e-05,2,"[1.0, 0, 0.05622222222222195, 0, 1]",0.0
0.061333333333332796,0,0.055534656790123454,-5.674739709190623e-05,0.00017118738254588969,1,"[1.0, 0, 0.061333333333332796, 0, 1]",0.0
0.061333333333332796,1,-0.037002205761316874,7.568313509282056e-05,-5.081671389910855e-05,2,"[1.0, 0, 0.061333333333332796, 0, 1]",0.0
0.06644444444444453,0,0.05553102853223594,-6.146831093024444e-05,0.00017113874670259373,1,"[1.0, 0, 0.06644444444444453, 0, 1]",0.0
0.06644444444444453,1,-0.03699615866483767,8.198309855381134e-05,-5.0818698442440704e-05,2,"[1.0, 0, 0.06644444444444453, 0, 1]",0.0
0.07155555555555537,0,0.05552711001371742,-6.618729614794476e-05,0.00017108623377820516,1,"[1.0, 0, 0.07155555555555537, 0, 1]",0.0
0.07155555555555537,1,-0.03698962780064014,8.82813905435822e-05,-5.08208406235132e-05,2,"[1.0, 0, 0.07155555555555537, 0, 1]",0.0
0.07666666666666622,0,0.0555229012345679,-7.090420438957434e-05,0.00017102984695162074,1,"[1.0, 0, 0.07666666666666622, 0, 1]",0.0
0.07666666666666622,1,-0.036982613168724275,9.457788248742515e-05,-5.082314018231237e-05,2,"[1.0, 0, 0.07666666666666622, 0, 1]",0.0
0.08177777777777795,0,0.055518402194787375,-7.561888729970041e-05,0.00017096958963625785,1,"[1.0, 0, 0.08177777777777795, 0, 1]",0.0
0.08177777777777795,1,-0.03697511476909007,0.00010087244581063206,-5.082559683947888e-05,2,"[1.0, 0, 0.08177777777777795, 0, 1]",0.0
0.0868888888888888,0,0.055513612894375855,-8.033119652288767e-05,0.00017090546547985047,1,"[1.0, 0, 0.0868888888888888, 0, 1]",0.0
0.0868888888888888,1,-0.03696713260173754,0.00010716495193849165,-5.0828210296289404e-05,2,"[1.0, 0, 0.0868888888888888, 0, 1]",0.0
0.09199999999999964,0,0.05550853333333333,-8.504098370370337e-05,0.00017083747836423043,1,"[1.0, 0, 0.09199999999999964, 0, 1]",0.0
0.09199999999999964,1,-0.03695866666666667,0.00011345527229629585,-5.0830980234636956e-05,2,"[1.0, 0, 0.09199999999999964, 0, 1]",0.0
0.09711111111111137,0,0.055503163511659806,-8.974810048671465e-05,0.00017076563240509544,1,"[1.0, 0, 0.09711111111111137, 0, 1]",0.0
0.09711111111111137,1,-0.03694971696387746,0.00011974327830933663,-5.083390631701023e-05,2,"[1.0, 0, 0.09711111111111137, 0, 1]",0.0
0.10222222222222221,0,0.05549750342935528,-9.44523985164863e-05,0.00017068993195176228,1,"[1.0, 0, 0.10222222222222221, 0, 1]",0.0
0.10222222222222221,1,-0.03694028349336991,0.00012602884140290265,-5.083698818647139e-05,2,"[1.0, 0, 0.10222222222222221, 0, 1]",0.0
0.10733333333333306,0,0.05549155308641975,-9.915372943758549e-05,0.00017061038158690644,1,"[1.0, 0, 0.10733333333333306, 0, 1]",0.0
0.10733333333333306,1,-0.03693036625514403,0.0001323118330022859,-5.084022546663275e-05,2,"[1.0, 0, 0.10733333333333306, 0, 1]",0.0
0.1124444444444439,0,0.055485312482853225,-0.00010385194489457857,0.0001705269861262872,1,"[1.0, 0, 0.1124444444444439, 0, 1]",0.0
0.1124444444444439,1,-0.03691996524919982,0.0001385921245327772,-5.0843617761632153e-05,2,"[1.0, 0, 0.1124444444444439, 0, 1]",0.0
0.11755555555555564,0,0.05547878161865569,-0.0001085468965320328,0.00017043975061845892,1,"[1.0, 0, 0.11755555555555564, 0, 1]",0.0
0.11755555555555564,1,-0.036909080475537266,0.00014486958741966852,-5.0847164656107016e-05,2,"[1.0, 0, 0.11755555555555564, 0, 1]",0.0
0.12266666666666648,0,0.05547196049382716,-0.00011323843599451285,0.00017034868034446863,1,"[1.0, 0, 0.12266666666666648, 0, 1]",0.0
0.12266666666666648,1,-0.03689771193415638,0.0001511440930882485,-5.0850865715167335e-05,2,"[1.0, 0, 0.12266666666666648, 0, 1]",0.0
0.12777777777777732,0,0.055464849108367624,-0.00011792641492658599,0.00017025378081753827,1,"[1.0, 0, 0.12777777777777732, 0, 1]",0.0
0.12777777777777732,1,-0.03688585962505715,0.00015741551296380915,-5.085472048436716e-05,2,"[1.0, 0, 0.12777777777777732, 0, 1]",0.0
0.13288888888888906,0,0.05545744746227709,-0.00012261068497281934,0.00017015505778273445,1,"[1.0, 0, 0.13288888888888906, 0, 1]",0.0
0.13288888888888906,1,-0.0368735235482396,0.00016368371847164237,-5.085872848967501e-05,2,"[1.0, 0, 0.13288888888888906, 0, 1]",0.0
0.1379999999999999,0,0.05544975555555555,-0.00012729109777777768,0.0001700525172166228,1,"[1.0, 0, 0.1379999999999999, 0, 1]",0.0
0.1379999999999999,1,-0.0368607037037037,0.00016994858103703693,-5.086288923744277e-05,2,"[1.0, 0, 0.1379999999999999, 0, 1]",0.0
0.14311111111111074,0,0.05544177338820302,-0.00013196750498602823,0.00016994616532690923,1,"[1.0, 0, 0.14311111111111074, 0, 1]",0.0
0.14311111111111074,1,-0.036847400091449475,0.00017620997208528464,-5.086720221437377e-05,2,"[1.0, 0, 0.14311111111111074, 0, 1]",0.0
0.14822222222222248,0,0.05543350096021948,-0.0001366397582421381,0.00016983600855206612,1,"[1.0, 0, 0.14822222222222248, 0, 1]",0.0
0.14822222222222248,1,-0.03683361271147691,0.00018246776304167754,-5.087166688748905e-05,2,"[1.0, 0, 0.14822222222222248, 0, 1]",0.0
0.15333333333333332,0,0.05542493827160493,-0.00014130770919067214,0.00016972205356094553,1,"[1.0, 0, 0.15333333333333332, 0, 1]",0.0
0.15333333333333332,1,-0.03681934156378601,0.00018872182533150432,-5.087628270409288e-05,2,"[1.0, 0, 0.15333333333333332, 0, 1]",0.0
0.15844444444444417,0,0.05541608532235939,-0.00014597120947619746,0.00016960430725237741,1,"[1.0, 0, 0.15844444444444417, 0, 1]",0.0
0.15844444444444417,1,-0.03680458664837677,0.00019497203038005688,-5.088104909173655e-05,2,"[1.0, 0, 0.15844444444444417, 0, 1]",0.0
0.163555555555555,0,0.05540694211248285,-0.0001506301107432805,0.00016948277675475404,1,"[1.0, 0, 0.163555555555555, 0, 1]",0.0
0.163555555555555,1,-0.0367893479652492,0.00020121824961262614,-5.088596545818137e-05,2,"[1.0, 0, 0.163555555555555, 0, 1]",0.0
0.16866666666666674,0,0.055397508641975304,-0.00015528426463648842,0.00016935746942560047,1,"[1.0, 0, 0.16866666666666674, 0, 1]",0.0
0.16866666666666674,1,-0.03677362551440329,0.00020746035445450397,-5.089103119135992e-05,2,"[1.0, 0, 0.16866666666666674, 0, 1]",0.0
0.1737777777777776,0,0.05538778491083676,-0.00015993352280038595,0.00016922839285113107,1,"[1.0, 0, 0.1737777777777776, 0, 1]",0.0
0.1737777777777776,1,-0.03675741929583905,0.00021369821633097913,-5.0896245659336476e-05,2,"[1.0, 0, 0.1737777777777776, 0, 1]",0.0
0.17888888888888843,0,0.05537777091906721,-0.00016457773687954033,0.0001690955548457912,1,"[1.0, 0, 0.17888888888888843, 0, 1]",0.0
0.17888888888888843,1,-0.03674072930955647,0.0002199317066673435,-5.0901608210265855e-05,2,"[1.0, 0, 0.17888888888888843, 0, 1]",0.0
0.18400000000000016,0,0.05536746666666666,-0.00016921675851851867,0.00016895896345178588,1,"[1.0, 0, 0.18400000000000016, 0, 1]",0.0
0.18400000000000016,1,-0.03672355555555555,0.0002261606968888891,-5.090711817235116e-05,2,"[1.0, 0, 0.18400000000000016, 0, 1]",0.0
0.189111111111111,0,0.05535687215363511,-0.0001738504393618858,0.00016881862693859346,1,"[1.0, 0, 0.189111111111111, 0, 1]",0.0
0.189111111111111,1,-0.0367058980338363,0.00023238505842090455,-5.091277485380028e-05,2,"[1.0, 0, 0.189111111111111, 0, 1]",0.0
0.19422222222222185,0,0.05534598737997256,-0.0001784786310542089,0.00016867455380246567,1,"[1.0, 0, 0.19422222222222185, 0, 1]",0.0
0.19422222222222185,1,-0.03668775674439872,0.00023860466268868185,-5.091857754278097e-05,2,"[1.0, 0, 0.19422222222222185, 0, 1]",0.0
0.19933333333333358,0,0.05533481234567901,-0.00018310118524005511,0.0001685267527659136,1,"[1.0, 0, 0.19933333333333358, 0, 1]",0.0
0.19933333333333358,1,-0.0366691316872428,0.00024481938111751284,-5.092452550737482e-05,2,"[1.0, 0, 0.19933333333333358, 0, 1]",0.0
0.20444444444444443,0,0.05532334705075446,-0.00018771795356398922,0.00016837523277717925,1,"[1.0, 0, 0.20444444444444443, 0, 1]",0.0
0.20444444444444443,1,-0.03665002286236854,0.0002510290851326864,-5.09306179955299e-05,2,"[1.0, 0, 0.20444444444444443, 0, 1]",0.0
0.20955555555555527,0,0.0553115914951989,-0.0001923287876705784,0.0001682200030096934,1,"[1.0, 0, 0.20955555555555527, 0, 1]",0.0
0.20955555555555527,1,-0.03663043026977595,0.00025723364615949434,-5.093685423501218e-05,2,"[1.0, 0, 0.20955555555555527, 0, 1]",0.0
0.21466666666666612,0,0.055299545679012345,-0.00019693353920438908,0.00016806107286151923,1,"[1.0, 0, 0.21466666666666612, 0, 1]",0.0
0.21466666666666612,1,-0.03661035390946502,0.00026343293562322746,-5.094323343335564e-05,2,"[1.0, 0, 0.21466666666666612, 0, 1]",0.0
0.21977777777777785,0,0.055287209602194784,-0.00020153205980998838,0.00016789845195478158,1,"[1.0, 0, 0.21977777777777785, 0, 1]",0.0
0.21977777777777785,1,-0.03658979378143575,0.0002696268249491779,-5.094975477781113e-05,2,"[1.0, 0, 0.21977777777777785, 0, 1]",0.0
0.2248888888888887,0,0.05527458326474623,-0.00020612420113194112,0.0001677321501350828,1,"[1.0, 0, 0.2248888888888887, 0, 1]",0.0
0.2248888888888887,1,-0.03656874988568816,0.0002758151855626342,-5.0956417435294005e-05,2,"[1.0, 0, 0.2248888888888887, 0, 1]",0.0
0.22999999999999954,0,0.05526166666666667,-0.0002107098148148144,0.00016756217747090373,1,"[1.0, 0, 0.22999999999999954, 0, 1]",0.0
0.22999999999999954,1,-0.036547222222222224,0.0002819978888888883,-5.096322055233038e-05,2,"[1.0, 0, 0.22999999999999954, 0, 1]",0.0
0.23511111111111127,0,0.0552484598079561,-0.00021528875250317547,0.00016738854425299099,1,"[1.0, 0, 0.23511111111111127, 0, 1]",0.0
0.23511111111111127,1,-0.036525210791037946,0.00028817480635323227,-5.097016325500233e-05,2,"[1.0, 0, 0.23511111111111127, 0, 1]",0.0
0.24022222222222211,0,0.05523496268861454,-0.0002198608658415891,0.00016721126099373057,1,"[1.0, 0, 0.24022222222222211, 0, 1]",0.0
0.24022222222222211,1,-0.036502715592135346,0.0002943458093809546,-5.097724464889171e-05,2,"[1.0, 0, 0.24022222222222211, 0, 1]",0.0
0.24533333333333296,0,0.05522117530864197,-0.00022442600647462242,0.00016703033842650628,1,"[1.0, 0, 0.24533333333333296, 0, 1]",0.0
0.24533333333333296,1,-0.0364797366255144,0.0003005107693973475,-5.0984463819022515e-05,2,"[1.0, 0, 0.24533333333333296, 0, 1]",0.0
0.2504444444444447,0,0.055207097668038406,-0.00022898402604684266,0.00016684578750504524,1,"[1.0, 0, 0.2504444444444447, 0, 1]",0.0
0.2504444444444447,1,-0.036456273891175124,0.00030666955782770273,-5.099181982980243e-05,2,"[1.0, 0, 0.2504444444444447, 0, 1]",0.0
0.25555555555555554,0,0.05519272976680384,-0.00023353477620281456,0.0001666576194027487,1,"[1.0, 0, 0.25555555555555554, 0, 1]",0.0
0.25555555555555554,1,-0.03643232738911751,0.00031282204609730906,-5.0999311724962674e-05,2,"[1.0, 0, 0.25555555555555554, 0, 1]",0.0
0.2606666666666664,0,0.05517807160493827,-0.00023807810858710536,0.00016646584551200863,1,"[1.0, 0, 0.2606666666666664, 0, 1]",0.0
0.2606666666666664,1,-0.036407897119341566,0.0003189681056314583,-5.100693852749691e-05,2,"[1.0, 0, 0.2606666666666664, 0, 1]",0.0
0.2657777777777772,0,0.0551631231824417,-0.00024261387484428136,0.00016627047744351077,1,"[1.0, 0, 0.2657777777777772, 0, 1]",0.0
0.2657777777777772,1,-0.03638298308184728,0.00032510760785544137,-5.1014699239598565e-05,2,"[1.0, 0, 0.2657777777777772, 0, 1]",0.0
0.27088888888888896,0,0.055147884499314126,-0.0002471419266189098,0.00016607152702552302,1,"[1.0, 0, 0.27088888888888896, 0, 1]",0.0
0.27088888888888896,1,-0.03635758527663466,0.00033124042419455037,-5.1022592842597307e-05,2,"[1.0, 0, 0.27088888888888896, 0, 1]",0.0
0.2759999999999998,0,0.055132355555555554,-0.0002516621155555554,0.00016586900630317038,1,"[1.0, 0, 0.2759999999999998, 0, 1]",0.0
0.2759999999999998,1,-0.0363317037037037,0.00033736642607407383,-5.103061829689382e-05,2,"[1.0, 0, 0.2759999999999998, 0, 1]",0.0
0.28111111111111065,0,0.05511653635116598,-0.0002561742932987853,0.000165662927537695,1,"[1.0, 0, 0.28111111111111065, 0, 1]",0.0
0.28111111111111065,1,-0.03630533836305441,0.00034348548491930375,-5.103877454189365e-05,2,"[1.0, 0, 0.28111111111111065, 0, 1]",0.0
0.2862222222222224,0,0.0551004268861454,-0.0002606783114931668,0.00016545330320570282,1,"[1.0, 0, 0.2862222222222224, 0, 1]",0.0
0.2862222222222224,1,-0.03627848925468678,0.00034959747215553206,-5.104706049593958e-05,2,"[1.0, 0, 0.2862222222222224, 0, 1]",0.0
0.2913333333333332,0,0.05508402716049383,-0.0002651740217832646,0.000165240145998396,1,"[1.0, 0, 0.2913333333333332, 0, 1]",0.0
0.2913333333333332,1,-0.036251156378600824,0.0003557022592080474,-5.105547505624287e-05,2,"[1.0, 0, 0.2913333333333332, 0, 1]",0.0
0.29644444444444407,0,0.055067337174211244,-0.000269661275813646,0.00016502346882079076,1,"[1.0, 0, 0.29644444444444407, 0, 1]",0.0
0.29644444444444407,1,-0.03622333973479652,0.00036179971750214184,-5.1064017098813153e-05,2,"[1.0, 0, 0.29644444444444407, 0, 1]",0.0
0.3015555555555558,0,0.055050356927297664,-0.0002741399252288779,0.00016480328479092198,1,"[1.0, 0, 0.3015555555555558, 0, 1]",0.0
0.3015555555555558,1,-0.036195039323273885,0.0003678897184631072,-5.107268547838721e-05,2,"[1.0, 0, 0.3015555555555558, 0, 1]",0.0
0.30666666666666664,0,0.05503308641975308,-0.00027860982167352536,0.0001645796072390329,1,"[1.0, 0, 0.30666666666666664, 0, 1]",0.0
0.30666666666666664,1,-0.03616625514403292,0.0003739721335162323,-5.108147902835619e-05,2,"[1.0, 0, 0.30666666666666664, 0, 1]",0.0
0.3117777777777775,0,0.0550155256515775,-0.0002830708167921554,0.0001643524497067514,1,"[1.0, 0, 0.3117777777777775, 0, 1]",0.0
0.3117777777777775,1,-0.03613698719707362,0.0003800468340868089,-5.109039656069187e-05,2,"[1.0, 0, 0.3117777777777775, 0, 1]",0.0
0.31688888888888833,0,0.054997674622770915,-0.00028752276222933446,0.00016412182594625143,1,"[1.0, 0, 0.31688888888888833, 0, 1]",0.0
0.31688888888888833,1,-0.03610723548239598,0.000386113691600128,-5.109943686587156e-05,2,"[1.0, 0, 0.31688888888888833, 0, 1]",0.0
0.32200000000000006,0,0.05497953333333333,-0.00029196550962962966,0.00016388774991940133,1,"[1.0, 0, 0.32200000000000006, 0, 1]",0.0
0.32200000000000006,1,-0.036077,0.00039217257748148156,-5.1108598712801646e-05,2,"[1.0, 0, 0.32200000000000006, 0, 1]",0.0
0.3271111111111109,0,0.05496110178326474,-0.00029639891063760587,0.00016365023579689722,1,"[1.0, 0, 0.3271111111111109, 0, 1]",0.0
0.3271111111111109,1,-0.03604628074988569,0.0003982233631561582,-5.1117880848739975e-05,2,"[1.0, 0, 0.3271111111111109, 0, 1]",0.0
0.33222222222222175,0,0.05494237997256515,-0.0003008228168978302,0.00016340929795738272,1,"[1.0, 0, 0.33222222222222175, 0, 1]",0.0
0.33222222222222175,1,-0.03601507773205304,0.0004042659200494499,-5.1127281999216954e-05,2,"[1.0, 0, 0.33222222222222175, 0, 1]",0.0
0.3373333333333335,0,0.05492336790123457,-0.00030523708005486983,0.00016316495098655452,1,"[1.0, 0, 0.3373333333333335, 0, 1]",0.0
0.3373333333333335,1,-0.035983390946502054,0.0004103001195866485,-5.113680086795536e-05,2,"[1.0, 0, 0.3373333333333335, 0, 1]",0.0
0.34244444444444433,0,0.05490406556927297,-0.0003096415517532895,0.00016291720967625365,1,"[1.0, 0, 0.34244444444444433, 0, 1]",0.0
0.34244444444444433,1,-0.03595122039323274,0.00041632583319304293,-5.114643613678897e-05,2,"[1.0, 0, 0.34244444444444433, 0, 1]",0.0
0.3475555555555552,0,0.05488447297668038,-0.00031403608363765655,0.00016266608902354323,1,"[1.0, 0, 0.3475555555555552, 0, 1]",0.0
0.3475555555555552,1,-0.035918566072245084,0.000422342932293925,-5.1156186465579755e-05,2,"[1.0, 0, 0.3475555555555552, 0, 1]",0.0
0.3526666666666669,0,0.054864590123456784,-0.0003184205273525379,0.00016241160422977136,1,"[1.0, 0, 0.3526666666666669, 0, 1]",0.0
0.3526666666666669,1,-0.03588542798353909,0.00042835128831458644,-5.1166050492134024e-05,2,"[1.0, 0, 0.3526666666666669, 0, 1]",0.0
0.35777777777777775,0,0.054844417009602194,-0.00032279473454249855,0.00016215377069962055,1,"[1.0, 0, 0.35777777777777775, 0, 1]",0.0
0.35777777777777775,1,-0.03585180612711477,0.00043435077268031634,-5.117602683211719e-05,2,"[1.0, 0, 0.35777777777777775, 0, 1]",0.0
0.3628888888888886,0,0.05482395363511659,-0.00032715855685210563,0.00016189260404014257,1,"[1.0, 0, 0.3628888888888886, 0, 1]",0.0
0.3628888888888886,1,-0.03581770050297211,0.0004403412568164064,-5.1186114078967146e-05,2,"[1.0, 0, 0.3628888888888886, 0, 1]",0.0
0.36799999999999944,0,0.054803199999999996,-0.00033151184592592544,0.00016162812005977994,1,"[1.0, 0, 0.36799999999999944, 0, 1]",0.0
0.36799999999999944,1,-0.03578311111111111,0.0004463226121481474,-5.1196310803806766e-05,2,"[1.0, 0, 0.36799999999999944, 0, 1]",0.0
0.37311111111111117,0,0.0547821561042524,-0.00033585445340852515,0.00016136033476737242,1,"[1.0, 0, 0.37311111111111117, 0, 1]",0.0
0.37311111111111117,1,-0.03574803795153177,0.0004522947101008316,-5.120661555535472e-05,2,"[1.0, 0, 0.37311111111111117, 0, 1]",0.0
0.378222222222222,0,0.054760821947873795,-0.0003401862309444697,0.00016108926437115,1,"[1.0, 0, 0.378222222222222, 0, 1]",0.0
0.378222222222222,1,-0.03571248102423411,0.0004582574220997474,-5.121702685983526e-05,2,"[1.0, 0, 0.378222222222222, 0, 1]",0.0
0.38333333333333286,0,0.054739197530864196,-0.00034450703017832607,0.0001608149252777119,1,"[1.0, 0, 0.38333333333333286, 0, 1]",0.0
0.38333333333333286,1,-0.03567644032921811,0.0004642106195701869,-5.122754322088662e-05,2,"[1.0, 0, 0.38333333333333286, 0, 1]",0.0
0.3884444444444446,0,0.05471728285322359,-0.0003488167027546615,0.00016053733409099078,1,"[1.0, 0, 0.3884444444444446, 0, 1]",0.0
0.3884444444444446,1,-0.03563991586648377,0.00047015417393744195,-5.1238163119468385e-05,2,"[1.0, 0, 0.3884444444444446, 0, 1]",0.0
0.39355555555555544,0,0.054695077914951984,-0.0003531151003180408,0.00016025650761120384,1,"[1.0, 0, 0.39355555555555544, 0, 1]",0.0
0.39355555555555544,1,-0.03560290763603109,0.0004760879566268014,-5.124888501376721e-05,2,"[1.0, 0, 0.39355555555555544, 0, 1]",0.0
0.3986666666666663,0,0.054672582716049384,-0.0003574020745130312,0.000159972462833789,1,"[1.0, 0, 0.3986666666666663, 0, 1]",0.0
0.3986666666666663,1,-0.03556541563786008,0.000482011839063557,-5.1259707339101704e-05,2,"[1.0, 0, 0.3986666666666663, 0, 1]",0.0
0.403777777777778,0,0.054649797256515774,-0.0003616774769841997,0.00015968521694832726,1,"[1.0, 0, 0.403777777777778, 0, 1]",0.0
0.403777777777778,1,-0.03552743987197073,0.00048792569267300066,-5.1270628507825756e-05,2,"[1.0, 0, 0.403777777777778, 0, 1]",0.0
0.40888888888888886,0,0.05462672153635116,-0.0003659411593761113,0.00015939478733745146,1,"[1.0, 0, 0.40888888888888886, 0, 1]",0.0
0.40888888888888886,1,-0.03548898033836305,0.0004938293888804212,-5.128164690923061e-05,2,"[1.0, 0, 0.40888888888888886, 0, 1]",0.0
0.4139999999999997,0,0.05460335555555555,-0.0003701929733333331,0.00015910119157574022,1,"[1.0, 0, 0.4139999999999997, 0, 1]",0.0
0.4139999999999997,1,-0.03545003703703704,0.0004997227991111107,-5.129276090944597e-05,2,"[1.0, 0, 0.4139999999999997, 0, 1]",0.0
0.41911111111111055,0,0.05457969931412894,-0.0003744327705004313,0.00015880444742859796,1,"[1.0, 0, 0.41911111111111055, 0, 1]",0.0
0.41911111111111055,1,-0.03541060996799269,0.0005056057947903599,-5.130396885133939e-05,2,"[1.0, 0, 0.41911111111111055, 0, 1]",0.0
0.4242222222222223,0,0.054555752812071326,-0.00037866040252197334,0.00015850457285112131,1,"[1.0, 0, 0.4242222222222223, 0, 1]",0.0
0.4242222222222223,1,-0.03537069913122999,0.0005114782473434605,-5.131526905441478e-05,2,"[1.0, 0, 0.4242222222222223, 0, 1]",0.0
0.4293333333333331,0,0.054531516049382715,-0.00038287572104252383,0.000158201585986951,1,"[1.0, 0, 0.4293333333333331, 0, 1]",0.0
0.4293333333333331,1,-0.03533030452674897,0.0005173400281957017,-5.1326659814709525e-05,2,"[1.0, 0, 0.4293333333333331, 0, 1]",0.0
0.43444444444444397,0,0.0545069890260631,-0.00038707857770665,0.00015789550516710966,1,"[1.0, 0, 0.43444444444444397, 0, 1]",0.0
0.43444444444444397,1,-0.035289426154549615,0.0005231910087723749,-5.133813940469025e-05,2,"[1.0, 0, 0.43444444444444397, 0, 1]",0.0
0.4395555555555557,0,0.05448217174211248,-0.0003912688241589189,0.00015758634890882553,1,"[1.0, 0, 0.4395555555555557, 0, 1]",0.0
0.4395555555555557,1,-0.035248064014631916,0.0005290310604987725,-5.1349706073147425e-05,2,"[1.0, 0, 0.4395555555555557, 0, 1]",0.0
0.44466666666666654,0,0.05445706419753086,-0.00039544631204389564,0.00015727413591434285,1,"[1.0, 0, 0.44466666666666654, 0, 1]",0.0
0.44466666666666654,1,-0.03520621810699588,0.0005348600548001827,-5.136135804508867e-05,2,"[1.0, 0, 0.44466666666666654, 0, 1]",0.0
0.4497777777777774,0,0.054431666392318244,-0.0003996108930061471,0.00015695888506971664,1,"[1.0, 0, 0.4497777777777774, 0, 1]",0.0
0.4497777777777774,1,-0.03516388843164152,0.0005406778631018979,-5.1373093521630935e-05,2,"[1.0, 0, 0.4497777777777774, 0, 1]",0.0
0.4548888888888891,0,0.05440597832647462,-0.0004037624186902405,0.00015664061544359465,1,"[1.0, 0, 0.4548888888888891, 0, 1]",0.0
0.4548888888888891,1,-0.03512107498856881,0.0005464843568292099,-5.138491067989108e-05,2,"[1.0, 0, 0.4548888888888891, 0, 1]",0.0
0.45999999999999996,0,0.05438,-0.0004079007407407407,0.00015631934628598516,1,"[1.0, 0, 0.45999999999999996, 0, 1]",0.0
0.45999999999999996,1,-0.03507777777777778,0.0005522794074074074,-5.139680767287554e-05,2,"[1.0, 0, 0.45999999999999996, 0, 1]",0.0
0.4651111111111108,0,0.054353731412894374,-0.00041202571080221483,0.00015599509702700974,1,"[1.0, 0, 0.4651111111111108, 0, 1]",0.0
0.4651111111111108,1,-0.035033996799268406,0.0005580628862617822,-5.140878262936858e-05,2,"[1.0, 0, 0.4651111111111108, 0, 1]",0.0
0.47022222222222165,0,0.05432717256515775,-0.00041613718051922936,0.000155667887275643,1,"[1.0, 0, 0.47022222222222165, 0, 1]",0.0
0.47022222222222165,1,-0.0349897320530407,0.0005638346648176255,-5.1420833653819275e-05,2,"[1.0, 0, 0.47022222222222165, 0, 1]",0.0
0.4753333333333334,0,0.05430032345679012,-0.00042023500153635116,0.00015533773681843766,1,"[1.0, 0, 0.4753333333333334, 0, 1]",0.0
0.4753333333333334,1,-0.03494498353909465,0.0005695946145002287,-5.143295882622725e-05,2,"[1.0, 0, 0.4753333333333334, 0, 1]",0.0
0.48044444444444423,0,0.05427318408779149,-0.0004243190254981454,0.0001550046656182358,1,"[1.0, 0, 0.48044444444444423, 0, 1]",0.0
0.48044444444444423,1,-0.03489975125743027,0.0005753426067348809,-5.144515620202718e-05,2,"[1.0, 0, 0.48044444444444423, 0, 1]",0.0
0.4855555555555551,0,0.05424575445816186,-0.0004283891040491791,0.0001546686938128657,1,"[1.0, 0, 0.4855555555555551, 0, 1]",0.0
0.4855555555555551,1,-0.03485403520804756,0.0005810785129468741,-5.1457423811972e-05,2,"[1.0, 0, 0.4855555555555551, 0, 1]",0.0
0.4906666666666668,0,0.05421803456790123,-0.00043244508883401935,0.00015432984171382487,1,"[1.0, 0, 0.4906666666666668, 0, 1]",0.0
0.4906666666666668,1,-0.0348078353909465,0.0005868022045614999,-5.1469759662014844e-05,2,"[1.0, 0, 0.4906666666666668, 0, 1]",0.0
0.49577777777777765,0,0.0541900244170096,-0.000436486831497231,0.00015398812980494907,1,"[1.0, 0, 0.49577777777777765, 0, 1]",0.0
0.49577777777777765,1,-0.034761151806127114,0.0005925135530040473,-5.148216173318975e-05,2,"[1.0, 0, 0.49577777777777765, 0, 1]",0.0
0.5008888888888885,0,0.054161724005486966,-0.0004405141836833813,0.00015364357874106703,1,"[1.0, 0, 0.5008888888888885, 0, 1]",0.0
0.5008888888888885,1,-0.03471398445358939,0.0005982124296998082,-5.14946279814911e-05,2,"[1.0, 0, 0.5008888888888885, 0, 1]",0.0
0.5060000000000002,0,0.054133133333333326,-0.00044452699703703723,0.00015329620934664097,1,"[1.0, 0, 0.5060000000000002, 0, 1]",0.0
0.5060000000000002,1,-0.03466633333333333,0.0006038987060740744,-5.1507156337751765e-05,2,"[1.0, 0, 0.5060000000000002, 0, 1]",0.0
0.5111111111111111,0,0.0541042524005487,-0.00044852512320276377,0.00015294604261439356,1,"[1.0, 0, 0.5111111111111111, 0, 1]",0.0
0.5111111111111111,1,-0.03461819844535894,0.0006095722535521346,-5.151974470752002e-05,2,"[1.0, 0, 0.5111111111111111, 0, 1]",0.0
0.5162222222222219,0,0.05407508120713306,-0.00045250841382512804,0.0001525930997039201,1,"[1.0, 0, 0.5162222222222219, 0, 1]",0.0
0.5162222222222219,1,-0.03456957978966621,0.000615232943559281,-5.153239097093516e-05,2,"[1.0, 0, 0.5162222222222219, 0, 1]",0.0
0.5213333333333328,0,0.05404561975308642,-0.00045647672054869643,0.0001522374019402872,1,"[1.0, 0, 0.5213333333333328, 0, 1]",0.0
0.5213333333333328,1,-0.034520477366255145,0.0006208806475208041,-5.154509298260193e-05,2,"[1.0, 0, 0.5213333333333328, 0, 1]",0.0
0.5264444444444445,0,0.05401586803840878,-0.0004604298950180359,0.00015187897081261702,1,"[1.0, 0, 0.5264444444444445, 0, 1]",0.0
0.5264444444444445,1,-0.034470891175125744,0.0006265152368619961,-5.1557848571463674e-05,2,"[1.0, 0, 0.5264444444444445, 0, 1]",0.0
0.5315555555555553,0,0.05398582606310014,-0.0004643677888777116,0.00015151782797265766,1,"[1.0, 0, 0.5315555555555553, 0, 1]",0.0
0.5315555555555553,1,-0.03442082121627801,0.0006321365830081456,-5.157065554067397e-05,2,"[1.0, 0, 0.5315555555555553, 0, 1]",0.0
0.5366666666666662,0,0.05395549382716049,-0.0004682902537722904,0.00015115399523333922,1,"[1.0, 0, 0.5366666666666662, 0, 1]",0.0
0.5366666666666662,1,-0.034370267489711934,0.0006377445573845445,-5.158351166746752e-05,2,"[1.0, 0, 0.5366666666666662, 0, 1]",0.0
0.5417777777777779,0,0.053924871330589846,-0.00047219714134633957,0.000150787494567316,1,"[1.0, 0, 0.5417777777777779, 0, 1]",0.0
0.5417777777777779,1,-0.034319229995427525,0.0006433390314164848,-5.1596414703029334e-05,2,"[1.0, 0, 0.5417777777777779, 0, 1]",0.0
0.5468888888888888,0,0.053893958573388204,-0.000476088303244424,0.00015041834810549444,1,"[1.0, 0, 0.5468888888888888, 0, 1]",0.0
0.5468888888888888,1,-0.03426770873342478,0.0006489198765292552,-5.160936237236271e-05,2,"[1.0, 0, 0.5468888888888888, 0, 1]",0.0
0.5519999999999996,0,0.05386275555555556,-0.00047996359111111077,0.00015004657813554712,1,"[1.0, 0, 0.5519999999999996, 0, 1]",0.0
0.5519999999999996,1,-0.034215703703703707,0.0006544869641481477,-5.1622352374156236e-05,2,"[1.0, 0, 0.5519999999999996, 0, 1]",0.0
0.5571111111111113,0,0.0538312622770919,-0.00048382285659096696,0.00014967220710041245,1,"[1.0, 0, 0.5571111111111113, 0, 1]",0.0
0.5571111111111113,1,-0.03416321490626428,0.0006600401656984541,-5.1635382380649154e-05,2,"[1.0, 0, 0.5571111111111113, 0, 1]",0.0
0.5622222222222222,0,0.05379947873799725,-0.0004876659513285576,0.00014929525759678077,1,"[1.0, 0, 0.5622222222222222, 0, 1]",0.0
0.5622222222222222,1,-0.03411024234110654,0.0006655793526054632,-5.164845003749576e-05,2,"[1.0, 0, 0.5622222222222222, 0, 1]",0.0
0.567333333333333,0,0.053767404938271604,-0.0004914927269684497,0.00014891575237356564,1,"[1.0, 0, 0.567333333333333, 0, 1]",0.0
0.567333333333333,1,-0.03405678600823046,0.000671104396294467,-5.166155296362835e-05,2,"[1.0, 0, 0.567333333333333, 0, 1]",0.0
0.5724444444444439,0,0.053735040877914954,-0.0004953030351552096,0.00014853371433036158,1,"[1.0, 0, 0.5724444444444439, 0, 1]",0.0
0.5724444444444439,1,-0.03400284590763603,0.0006766151681907562,-5.167468875111896e-05,2,"[1.0, 0, 0.5724444444444439, 0, 1]",0.0
0.5775555555555556,0,0.053702386556927294,-0.0004990967275334045,0.00014814916651588748,1,"[1.0, 0, 0.5775555555555556, 0, 1]",0.0
0.5775555555555556,1,-0.03394842203932327,0.0006821115397196226,-5.168785496504e-05,2,"[1.0, 0, 0.5775555555555556, 0, 1]",0.0
0.5826666666666664,0,0.05366944197530864,-0.0005028736557475993,0.00014776213212641648,1,"[1.0, 0, 0.5826666666666664, 0, 1]",0.0
0.5826666666666664,1,-0.033893514403292184,0.0006875933823063554,-5.1701049143323266e-05,2,"[1.0, 0, 0.5826666666666664, 0, 1]",0.0
0.5877777777777773,0,0.053636207133058986,-0.0005066336714423611,0.0001473726345041906,1,"[1.0, 0, 0.5877777777777773, 0, 1]",0.0
0.5877777777777773,1,-0.03383812299954276,0.0006930605673762463,-5.1714268796618074e-05,2,"[1.0, 0, 0.5877777777777773, 0, 1]",0.0
0.592888888888889,0,0.053602682030178324,-0.0005103766262622568,0.00014698069713582225,1,"[1.0, 0, 0.592888888888889, 0, 1]",0.0
0.592888888888889,1,-0.033782247828074985,0.000698512966354587,-5.172751140814788e-05,2,"[1.0, 0, 0.592888888888889, 0, 1]",0.0
0.5979999999999999,0,0.053568866666666666,-0.0005141023718518518,0.00014658634365068173,1,"[1.0, 0, 0.5979999999999999, 0, 1]",0.0
0.5979999999999999,1,-0.03372588888888889,0.0007039504506666666,-5.174077443356579e-05,2,"[1.0, 0, 0.5979999999999999, 0, 1]",0.0
0.6031111111111107,0,0.053534761042524005,-0.0005178107598557128,0.00014618959781926977,1,"[1.0, 0, 0.6031111111111107, 0, 1]",0.0
0.6031111111111107,1,-0.033669046181984456,0.0007093728917377766,-5.175405530080865e-05,2,"[1.0, 0, 0.6031111111111107, 0, 1]",0.0
0.6082222222222224,0,0.053500365157750335,-0.0005215016419184069,0.0001457904835515768,1,"[1.0, 0, 0.6082222222222224, 0, 1]",0.0
0.6082222222222224,1,-0.03361171970736168,0.0007147801609932093,-5.1767351409950056e-05,2,"[1.0, 0, 0.6082222222222224, 0, 1]",0.0
0.6133333333333333,0,0.053465679012345675,-0.0005251748696844993,0.00014538902489542803,1,"[1.0, 0, 0.6133333333333333, 0, 1]",0.0
0.6133333333333333,1,-0.03355390946502058,0.0007201721298582532,-5.178066013305191e-05,2,"[1.0, 0, 0.6133333333333333, 0, 1]",0.0
0.6184444444444441,0,0.05343070260631001,-0.0005288302947985569,0.00014498524603481376,1,"[1.0, 0, 0.6184444444444441, 0, 1]",0.0
0.6184444444444441,1,-0.03349561545496114,0.0007255486697582005,-5.1793978814014904e-05,2,"[1.0, 0, 0.6184444444444441, 0, 1]",0.0
0.623555555555555,0,0.05339543593964335,-0.0005324677689051462,0.00014457917128820645,1,"[1.0, 0, 0.623555555555555, 0, 1]",0.0
0.623555555555555,1,-0.03343683767718336,0.0007309096521183419,-5.18073047684276e-05,2,"[1.0, 0, 0.623555555555555, 0, 1]",0.0
0.6286666666666667,0,0.05335987901234568,-0.000536087143648834,0.00014417082510686336,1,"[1.0, 0, 0.6286666666666667, 0, 1]",0.0
0.6286666666666667,1,-0.033377576131687244,0.0007362549483639689,-5.182063528341428e-05,2,"[1.0, 0, 0.6286666666666667, 0, 1]",0.0
0.6337777777777776,0,0.05332403182441701,-0.0005396882706741857,0.00014376023207311498,1,"[1.0, 0, 0.6337777777777776, 0, 1]",0.0
0.6337777777777776,1,-0.033317830818472796,0.0007415844299203709,-5.1833967617481606e-05,2,"[1.0, 0, 0.6337777777777776, 0, 1]",0.0
0.6388888888888884,0,0.05328789437585734,-0.0005432710016257681,0.00014334741689863963,1,"[1.0, 0, 0.6388888888888884, 0, 1]",0.0
0.6388888888888884,1,-0.03325760173754001,0.0007468979682128397,-5.184729900036392e-05,2,"[1.0, 0, 0.6388888888888884, 0, 1]",0.0
0.6440000000000001,0,0.053251466666666664,-0.0005468351881481483,0.00014293240442272357,1,"[1.0, 0, 0.6440000000000001, 0, 1]",0.0
0.6440000000000001,1,-0.03319688888888889,0.0007521954346666668,-5.186062663286732e-05,2,"[1.0, 0, 0.6440000000000001, 0, 1]",0.0
0.649111111111111,0,0.05321474869684499,-0.0005503806818858913,0.00014251521961050783,1,"[1.0, 0, 0.649111111111111, 0, 1]",0.0
0.649111111111111,1,-0.03313569227251943,0.0007574767007071414,-5.1873947686712494e-05,2,"[1.0, 0, 0.649111111111111, 0, 1]",0.0
0.6542222222222218,0,0.053177740466392315,-0.0005539073344835642,0.00014209588755121982,1,"[1.0, 0, 0.6542222222222218, 0, 1]",0.0
0.6542222222222218,1,-0.03307401188843165,0.0007627416377595551,-5.1887259304376284e-05,2,"[1.0, 0, 0.6542222222222218, 0, 1]",0.0
0.6593333333333327,0,0.05314044197530864,-0.0005574149975857334,0.00014167443345639176,1,"[1.0, 0, 0.6593333333333327, 0, 1]",0.0
0.6593333333333327,1,-0.03301184773662552,0.0007679901172491991,-5.190055859893193e-05,2,"[1.0, 0, 0.6593333333333327, 0, 1]",0.0
0.6644444444444444,0,0.05310285322359396,-0.0005609035228369659,0.00014125088265806468,1,"[1.0, 0, 0.6644444444444444, 0, 1]",0.0
0.6644444444444444,1,-0.03294919981710105,0.0007732220106013649,-5.191384265388815e-05,2,"[1.0, 0, 0.6644444444444444, 0, 1]",0.0
0.6695555555555552,0,0.053064974211248284,-0.0005643727618818267,0.00014082526060697854,1,"[1.0, 0, 0.6695555555555552, 0, 1]",0.0
0.6695555555555552,1,-0.032886068129858254,0.0007784371892413417,-5.1927108523026875e-05,2,"[1.0, 0, 0.6695555555555552, 0, 1]",0.0
0.6746666666666661,0,0.0530268049382716,-0.000567822566364883,0.00014039759287074762,1,"[1.0, 0, 0.6746666666666661, 0, 1]",0.0
0.6746666666666661,1,-0.032822452674897126,0.000783635524594421,-5.1940353230239784e-05,2,"[1.0, 0, 0.6746666666666661, 0, 1]",0.0
0.6797777777777778,0,0.05298834540466392,-0.0005712527879307017,0.00013996790513202284,1,"[1.0, 0, 0.6797777777777778, 0, 1]",0.0
0.6797777777777778,1,-0.03275835345221765,0.0007888168880858949,-5.1953573769363505e-05,2,"[1.0, 0, 0.6797777777777778, 0, 1]",0.0
0.6848888888888887,0,0.05294959561042524,-0.0005746632782238479,0.0001395362231866392,1,"[1.0, 0, 0.6848888888888887, 0, 1]",0.0
0.6848888888888887,1,-0.03269377046181984,0.0007939811511410521,-5.196676710401358e-05,2,"[1.0, 0, 0.6848888888888887, 0, 1]",0.0
0.6899999999999995,0,0.05291055555555556,-0.0005780538888888885,0.00013910257294174927,1,"[1.0, 0, 0.6899999999999995, 0, 1]",0.0
0.6899999999999995,1,-0.03262870370370371,0.0007991281851851845,-5.1979930167417304e-05,2,"[1.0, 0, 0.6899999999999995, 0, 1]",0.0
0.6951111111111112,0,0.052871225240054866,-0.0005814244715703908,0.0001386669804139429,1,"[1.0, 0, 0.6951111111111112, 0, 1]",0.0
0.6951111111111112,1,-0.032563153177869224,0.0008042578616435842,-5.199305986224503e-05,2,"[1.0, 0, 0.6951111111111112, 0, 1]",0.0
0.7002222222222221,0,0.05283160466392318,-0.0005847748779129197,0.00013822947172735276,1,"[1.0, 0, 0.7002222222222221, 0, 1]",0.0
0.7002222222222221,1,-0.03249711888431642,0.0008093700519415398,-5.20061530604404e-05,2,"[1.0, 0, 0.7002222222222221, 0, 1]",0.0
0.7053333333333329,0,0.052791693827160494,-0.0005881049595610423,0.00013779007311174544,1,"[1.0, 0, 0.7053333333333329, 0, 1]",0.0
0.7053333333333329,1,-0.032430600823045275,0.0008144646275043435,-5.2019206603049316e-05,2,"[1.0, 0, 0.7053333333333329, 0, 1]",0.0
0.7104444444444438,0,0.05275149272976681,-0.0005914145681593249,0.00013734881090059873,1,"[1.0, 0, 0.7104444444444438, 0, 1]",0.0
0.7104444444444438,1,-0.03236359899405579,0.0008195414597572855,-5.2032217300047564e-05,2,"[1.0, 0, 0.7104444444444438, 0, 1]",0.0
0.7155555555555555,0,0.05271100137174211,-0.0005947035553523345,0.00013690571152916482,1,"[1.0, 0, 0.7155555555555555, 0, 1]",0.0
0.7155555555555555,1,-0.03229611339734796,0.0008246004201256582,-5.204518193016728e-05,2,"[1.0, 0, 0.7155555555555555, 0, 1]",0.0
0.7206666666666663,0,0.05267021975308642,-0.0005979717727846364,0.00013646080153251978,1,"[1.0, 0, 0.7206666666666663, 0, 1]",0.0
0.7206666666666663,1,-0.03222814403292181,0.0008296413800347504,-5.2058097240722034e-05,2,"[1.0, 0, 0.7206666666666663, 0, 1]",0.0
0.7257777777777772,0,0.05262914787379973,-0.0006012190721007973,0.00013601410754359805,1,"[1.0, 0, 0.7257777777777772, 0, 1]",0.0
0.7257777777777772,1,-0.032159690900777325,0.000834664210909854,-5.207095994743066e-05,2,"[1.0, 0, 0.7257777777777772, 0, 1]",0.0
0.7308888888888889,0,0.05258778573388203,-0.0006044453049453844,0.00013556565629121333,1,"[1.0, 0, 0.7308888888888889, 0, 1]",0.0
0.7308888888888889,1,-0.03209075400091449,0.0008396687841762604,-5.208376673423999e-05,2,"[1.0, 0, 0.7308888888888889, 0, 1]",0.0
0.7359999999999998,0,0.052546133333333335,-0.0006076503229629627,0.00013511547459806606,1,"[1.0, 0, 0.7359999999999998, 0, 1]",0.0
0.7359999999999998,1,-0.03202133333333333,0.000844654971259259,-5.209651425314615e-05,2,"[1.0, 0, 0.7359999999999998, 0, 1]",0.0
0.7411111111111106,0,0.05250419067215364,-0.0006108339777980995,0.00013466358937873544,1,"[1.0, 0, 0.7411111111111106, 0, 1]",0.0
0.7411111111111106,1,-0.031951428898033846,0.0008496226435841415,-5.210919912401464e-05,2,"[1.0, 0, 0.7411111111111106, 0, 1]",0.0
0.7462222222222223,0,0.05246195775034293,-0.0006139961210953615,0.0001342100276376584,1,"[1.0, 0, 0.7462222222222223, 0, 1]",0.0
0.7462222222222223,1,-0.031881040695016,0.0008545716725761995,-5.212181793439912e-05,2,"[1.0, 0, 0.7462222222222223, 0, 1]",0.0
0.7513333333333332,0,0.052419434567901234,-0.000617136604499314,0.00013375481646709443,1,"[1.0, 0, 0.7513333333333332, 0, 1]",0.0
0.7513333333333332,1,-0.03181016872427984,0.0008595019296607222,-5.213436723935911e-05,2,"[1.0, 0, 0.7513333333333332, 0, 1]",0.0
0.756444444444444,0,0.052376621124828535,-0.000620255279654524,0.0001332979830450756,1,"[1.0, 0, 0.756444444444444, 0, 1]",0.0
0.756444444444444,1,-0.031738812985825336,0.0008644132862630014,-5.214684356127616e-05,2,"[1.0, 0, 0.756444444444444, 0, 1]",0.0
0.7615555555555549,0,0.05233351742112483,-0.0006233519982055577,0.00013283955463334313,1,"[1.0, 0, 0.7615555555555549, 0, 1]",0.0
0.7615555555555549,1,-0.0316669734796525,0.000869305613808328,-5.215924338966899e-05,2,"[1.0, 0, 0.7615555555555549, 0, 1]",0.0
0.7666666666666666,0,0.05229012345679012,-0.0006264266117969821,0.00013237955857526985,1,"[1.0, 0, 0.7666666666666666, 0, 1]",0.0
0.7666666666666666,1,-0.03159465020576131,0.0008741787837219934,-5.2171563181007145e-05,2,"[1.0, 0, 0.7666666666666666, 0, 1]",0.0
0.7717777777777775,0,0.05224643923182442,-0.0006294789720733626,0.00013191802229376852,1,"[1.0, 0, 0.7717777777777775, 0, 1]",0.0
0.7717777777777775,1,-0.03152184316415181,0.0008790326674292873,-5.2183799358523694e-05,2,"[1.0, 0, 0.7717777777777775, 0, 1]",0.0
0.7768888888888883,0,0.05220246474622771,-0.0006325089306792659,0.00013145497328918547,1,"[1.0, 0, 0.7768888888888883, 0, 1]",0.0
0.7768888888888883,1,-0.031448552354823966,0.0008838671363555008,-5.219594831202625e-05,2,"[1.0, 0, 0.7768888888888883, 0, 1]",0.0
0.782,0,0.052158199999999995,-0.0006355163392592593,0.0001309904391371811,1,"[1.0, 0, 0.782, 0, 1]",0.0
0.782,1,-0.03137477777777778,0.000888682061925926,-5.220800639770719e-05,2,"[1.0, 0, 0.782, 0, 1]",0.0
0.7871111111111109,0,0.05211364499314129,-0.0006385010494579077,0.00013052444748659598,1,"[1.0, 0, 0.7871111111111109, 0, 1]",0.0
0.7871111111111109,1,-0.03130051943301326,0.0008934773155658519,-5.22199699379522e-05,2,"[1.0, 0, 0.7871111111111109, 0, 1]",0.0
0.7922222222222217,0,0.05206879972565158,-0.0006414629129197783,0.00013005702605730211,1,"[1.0, 0, 0.7922222222222217, 0, 1]",0.0
0.7922222222222217,1,-0.03122577732053041,0.0008982527687005702,-5.223183522114787e-05,2,"[1.0, 0, 0.7922222222222217, 0, 1]",0.0
0.7973333333333334,0,0.05202366419753086,-0.0006444017812894375,0.0001295882026380413,1,"[1.0, 0, 0.7973333333333334, 0, 1]",0.0
0.7973333333333334,1,-0.031150551440329216,0.0009030082927553727,-5.224359850148785e-05,2,"[1.0, 0, 0.7973333333333334, 0, 1]",0.0
0.8024444444444443,0,0.051978238408779145,-0.0006473175062114515,0.00012911800508424892,1,"[1.0, 0, 0.8024444444444443, 0, 1]",0.0
0.8024444444444443,1,-0.031074841792409692,0.0009077437591555486,-5.2255255998777746e-05,2,"[1.0, 0, 0.8024444444444443, 0, 1]",0.0
0.8075555555555551,0,0.05193252235939643,-0.0006502099393303864,0.00012864646131586293,1,"[1.0, 0, 0.8075555555555551, 0, 1]",0.0
0.8075555555555551,1,-0.03099864837677184,0.0009124590393263896,-5.22668038982389e-05,2,"[1.0, 0, 0.8075555555555551, 0, 1]",0.0
0.812666666666666,0,0.05188651604938272,-0.0006530789322908089,0.00012817359931512008,1,"[1.0, 0, 0.812666666666666, 0, 1]",0.0
0.812666666666666,1,-0.030921971193415648,0.0009171540046931864,-5.227823835031067e-05,2,"[1.0, 0, 0.812666666666666, 0, 1]",0.0
0.8177777777777777,0,0.051840219478737994,-0.000655924336737286,0.00012769944712433682,1,"[1.0, 0, 0.8177777777777777, 0, 1]",0.0
0.8177777777777777,1,-0.030844810242341106,0.0009218285266812307,-5.228955547045171e-05,2,"[1.0, 0, 0.8177777777777777, 0, 1]",0.0
0.8228888888888886,0,0.05179363264746228,-0.0006587460043143827,0.00012722403284367735,1,"[1.0, 0, 0.8228888888888886, 0, 1]",0.0
0.8228888888888886,1,-0.030767165523548242,0.000926482476715812,-5.2300751338939805e-05,2,"[1.0, 0, 0.8228888888888886, 0, 1]",0.0
0.8279999999999994,0,0.05174675555555556,-0.0006615437866666664,0.0001267473846289062,1,"[1.0, 0, 0.8279999999999994, 0, 1]",0.0
0.8279999999999994,1,-0.030689037037037046,0.0009311157262222216,-5.231182200067048e-05,2,"[1.0, 0, 0.8279999999999994, 0, 1]",0.0
0.8331111111111111,0,0.05169958820301783,-0.0006643175354387033,0.00012626953068912774,1,"[1.0, 0, 0.8331111111111111, 0, 1]",0.0
0.8331111111111111,1,-0.030610424782807497,0.0009357281466257515,-5.23227634649544e-05,2,"[1.0, 0, 0.8331111111111111, 0, 1]",0.0
0.838222222222222,0,0.051652130589849105,-0.0006670671022750595,0.0001257904992845115,1,"[1.0, 0, 0.838222222222222, 0, 1]",0.0
0.838222222222222,1,-0.03053132876085963,0.0009403196093516909,-5.233357170531348e-05,2,"[1.0, 0, 0.838222222222222, 0, 1]",0.0
0.8433333333333328,0,0.051604382716049384,-0.0006697923388203015,0.0001253103187240029,1,"[1.0, 0, 0.8433333333333328, 0, 1]",0.0
0.8433333333333328,1,-0.03045174897119342,0.000944889985825331,-5.2344242659275634e-05,2,"[1.0, 0, 0.8433333333333328, 0, 1]",0.0
0.8484444444444446,0,0.05155634458161865,-0.0006724930967189962,0.00012482901736302009,1,"[1.0, 0, 0.8484444444444446, 0, 1]",0.0
0.8484444444444446,1,-0.030371685413808868,0.000949439147471964,-5.235477222816854e-05,2,"[1.0, 0, 0.8484444444444446, 0, 1]",0.0
0.8535555555555554,0,0.051508016186556926,-0.0006751692276157089,0.00012434662360113737,1,"[1.0, 0, 0.8535555555555554, 0, 1]",0.0
0.8535555555555554,1,-0.03029113808870599,0.0009539669657168791,-5.236515627691174e-05,2,"[1.0, 0, 0.8535555555555554, 0, 1]",0.0
0.8586666666666662,0,0.0514593975308642,-0.0006778205831550066,0.0001238631658797533,1,"[1.0, 0, 0.8586666666666662, 0, 1]",0.0
0.8586666666666662,1,-0.030210106995884778,0.0009584733119853677,-5.2375390633807845e-05,2,"[1.0, 0, 0.8586666666666662, 0, 1]",0.0
0.8637777777777771,0,0.05141048861454047,-0.0006804470149814558,0.00012337867267974578,1,"[1.0, 0, 0.8637777777777771, 0, 1]",0.0
0.8637777777777771,1,-0.03012859213534523,0.0009629580577027208,-5.238547109033225e-05,2,"[1.0, 0, 0.8637777777777771, 0, 1]",0.0
0.8688888888888888,0,0.05136128943758573,-0.0006830483747396229,0.00012289317251911247,1,"[1.0, 0, 0.8688888888888888, 0, 1]",0.0
0.8688888888888888,1,-0.030046593507087334,0.0009674210742942302,-5.2395393400921704e-05,2,"[1.0, 0, 0.8688888888888888, 0, 1]",0.0
0.8739999999999997,0,0.0513118,-0.0006856245140740739,0.00012240669395059765,1,"[1.0, 0, 0.8739999999999997, 0, 1]",0.0
0.8739999999999997,1,-0.029964111111111115,0.0009718622331851849,-5.240515328276155e-05,2,"[1.0, 0, 0.8739999999999997, 0, 1]",0.0
0.8791111111111105,0,0.05126202030178327,-0.0006881752846293753,0.00012191926555930413,1,"[1.0, 0, 0.8791111111111105, 0, 1]",0.0
0.8791111111111105,1,-0.02988114494741656,0.0009762814058008768,-5.2414746415571715e-05,2,"[1.0, 0, 0.8791111111111105, 0, 1]",0.0
0.8842222222222222,0,0.051211950342935526,-0.0006907005380500941,0.00012143091596029169,1,"[1.0, 0, 0.8842222222222222, 0, 1]",0.0
0.8842222222222222,1,-0.029797695016003656,0.0009806784635665972,-5.242416844139148e-05,2,"[1.0, 0, 0.8842222222222222, 0, 1]",0.0
0.8893333333333331,0,0.051161590123456786,-0.0006932001259807955,0.00012094167379616195,1,"[1.0, 0, 0.8893333333333331, 0, 1]",0.0
0.8893333333333331,1,-0.02971376131687243,0.000985053277907636,-5.243341496436298e-05,2,"[1.0, 0, 0.8893333333333331, 0, 1]",0.0
0.8944444444444439,0,0.05111093964334705,-0.0006956739000660466,0.00012045156773462776,1,"[1.0, 0, 0.8944444444444439, 0, 1]",0.0
0.8944444444444439,1,-0.029629343850022867,0.0009894057202492839,-5.2442481550513315e-05,2,"[1.0, 0, 0.8944444444444439, 0, 1]",0.0
0.8995555555555557,0,0.051059998902606304,-0.0006981217119504141,0.0001199606264660696,1,"[1.0, 0, 0.8995555555555557, 0, 1]",0.0
0.8995555555555557,1,-0.02954444261545496,0.0009937356620168334,-5.245136372753567e-05,2,"[1.0, 0, 0.8995555555555557, 0, 1]",0.0
0.9046666666666665,0,0.05100876790123457,-0.0007005434132784636,0.00011946887870107779,1,"[1.0, 0, 0.9046666666666665, 0, 1]",0.0
0.9046666666666665,1,-0.029459057613168724,0.0009980429746355738,-5.246005698456884e-05,2,"[1.0, 0, 0.9046666666666665, 0, 1]",0.0
0.9097777777777774,0,0.050957246639231825,-0.0007029388556947619,0.00011897635316797988,1,"[1.0, 0, 0.9097777777777774, 0, 1]",0.0
0.9097777777777774,1,-0.029373188843164158,0.001002327529530796,-5.246855677197572e-05,2,"[1.0, 0, 0.9097777777777774, 0, 1]",0.0
0.9148888888888882,0,0.050905435116598084,-0.0007053078908438752,0.00011848307861035503,1,"[1.0, 0, 0.9148888888888882, 0, 1]",0.0
0.9148888888888882,1,-0.029286836305441252,0.0010065891981277915,-5.2476858501120505e-05,2,"[1.0, 0, 0.9148888888888882, 0, 1]",0.0
0.9199999999999999,0,0.050853333333333334,-0.0007076503703703703,0.00011798908378453333,1,"[1.0, 0, 0.9199999999999999, 0, 1]",0.0
0.9199999999999999,1,-0.0292,0.0010108278518518518,-5.248495754414459e-05,2,"[1.0, 0, 0.9199999999999999, 0, 1]",0.0
0.9251111111111108,0,0.05080094128943759,-0.0007099661459188131,0.00011749439745708184,1,"[1.0, 0, 0.9251111111111108, 0, 1]",0.0
0.9251111111111108,1,-0.029112679926840426,0.001015043362128266,-5.249284923374112e-05,2,"[1.0, 0, 0.9251111111111108, 0, 1]",0.0
0.9302222222222216,0,0.05074825898491084,-0.0007122550691337699,0.0001169990484022758,1,"[1.0, 0, 0.9302222222222216, 0, 1]",0.0
0.9302222222222216,1,-0.029024876085962513,0.001019235600382326,-5.250052886292848e-05,2,"[1.0, 0, 0.9302222222222216, 0, 1]",0.0
0.9353333333333333,0,0.050695286419753086,-0.0007145169916598079,0.00011650306539955616,1,"[1.0, 0, 0.9353333333333333, 0, 1]",0.0
0.9353333333333333,1,-0.028936588477366253,0.0010234044380393232,-5.250799168482236e-05,2,"[1.0, 0, 0.9353333333333333, 0, 1]",0.0
0.9404444444444442,0,0.05064202359396433,-0.0007167517651414924,0.00011600647723097331,1,"[1.0, 0, 0.9404444444444442, 0, 1]",0.0
0.9404444444444442,1,-0.028847817101051672,0.0010275497465245473,-5.251523291240658e-05,2,"[1.0, 0, 0.9404444444444442, 0, 1]",0.0
0.945555555555555,0,0.050588470507544586,-0.0007189592412233905,0.0001155093126786161,1,"[1.0, 0, 0.945555555555555, 0, 1]",0.0
0.945555555555555,1,-0.028758561957018754,0.0010316713972632894,-5.252224771830273e-05,2,"[1.0, 0, 0.945555555555555, 0, 1]",0.0
0.9506666666666668,0,0.050534627160493825,-0.0007211392715500685,0.00011501160052202681,1,"[1.0, 0, 0.9506666666666668, 0, 1]",0.0
0.9506666666666668,1,-0.028668823045267487,0.0010357692616808412,-5.252903123453847e-05,2,"[1.0, 0, 0.9506666666666668, 0, 1]",0.0
0.9557777777777776,0,0.05048049355281207,-0.0007232917077660925,0.00011451336953560305,1,"[1.0, 0, 0.9557777777777776, 0, 1]",0.0
0.9557777777777776,1,-0.028578600365797898,0.0010398432112024927,-5.253557855231464e-05,2,"[1.0, 0, 0.9557777777777776, 0, 1]",0.0
0.9608888888888885,0,0.050426069684499315,-0.0007254164015160289,0.00011401464848598413,1,"[1.0, 0, 0.9608888888888885, 0, 1]",0.0
0.9608888888888885,1,-0.028487893918609973,0.0010438931172535347,-5.254188472177094e-05,2,"[1.0, 0, 0.9608888888888885, 0, 1]",0.0
0.9659999999999993,0,0.05037135555555556,-0.0007275132044444442,0.00011351546612942416,1,"[1.0, 0, 0.9659999999999993, 0, 1]",0.0
0.9659999999999993,1,-0.028396703703703716,0.0010479188512592587,-5.254794475175065e-05,2,"[1.0, 0, 0.9659999999999993, 0, 1]",0.0
0.971111111111111,0,0.050316351165980794,-0.000729581968195905,0.00011301585120915111,1,"[1.0, 0, 0.971111111111111, 0, 1]",0.0
0.971111111111111,1,-0.0283050297210791,0.0010519202846449559,-5.255375360956373e-05,2,"[1.0, 0, 0.971111111111111, 0, 1]",0.0
0.9762222222222219,0,0.05026105651577503,-0.0007316225444149772,0.00011251583245271165,1,"[1.0, 0, 0.9762222222222219, 0, 1]",0.0
0.9762222222222219,1,-0.028212871970736172,0.0010558972888359156,-5.2559306220748976e-05,2,"[1.0, 0, 0.9762222222222219, 0, 1]",0.0
0.9813333333333327,0,0.050205471604938275,-0.0007336347847462275,0.00011201543856930155,1,"[1.0, 0, 0.9813333333333327, 0, 1]",0.0
0.9813333333333327,1,-0.028120230452674908,0.0010598497352574299,-5.2564597468834695e-05,2,"[1.0, 0, 0.9813333333333327, 0, 1]",0.0
0.9864444444444445,0,0.05014959643347051,-0.0007356185408342223,0.00011151469824708244,1,"[1.0, 0, 0.9864444444444445, 0, 1]",0.0
0.9864444444444445,1,-0.02802710516689529,0.0010637774953347898,-5.256962219509818e-05,2,"[1.0, 0, 0.9864444444444445, 0, 1]",0.0
0.9915555555555553,0,0.050093431001371744,-0.0007375736643235278,0.00011101364015048461,1,"[1.0, 0, 0.9915555555555553, 0, 1]",0.0
0.9915555555555553,1,-0.02793349611339735,0.0010676804404932852,-5.257437519832403e-05,2,"[1.0, 0, 0.9915555555555553, 0, 1]",0.0
0.9966666666666661,0,0.05003697530864198,-0.0007395000068587104,0.00011051229291749499,1,"[1.0, 0, 0.9966666666666661, 0, 1]",0.0
0.9966666666666661,1,-0.027839403292181077,0.0010715584421582072,-5.2578851234560985e-05,2,"[1.0, 0, 0.9966666666666661, 0, 1]",0.0
1.0017777777777779,0,0.0499802293552812,-0.0007413974200843369,0.0001100106851569318,1,"[1.0, 0, 1.0017777777777779, 0, 1]",0.0
1.0017777777777779,1,-0.027744826703246454,0.0010754113717548477,-5.258304501687778e-05,2,"[1.0, 0, 1.0017777777777779, 0, 1]",0.0
1.0068888888888887,0,0.049923193141289436,-0.0007432657556449727,0.00010950884544570502,1,"[1.0, 0, 1.0068888888888887, 0, 1]",0.0
1.0068888888888887,1,-0.02764976634659351,0.001079239100708496,-5.2586951215117416e-05,2,"[1.0, 0, 1.0068888888888887, 0, 1]",0.0
1.0119999999999996,0,0.04986586666666667,-0.000745104865185185,0.00010900680232606204,1,"[1.0, 0, 1.0119999999999996, 0, 1]",0.0
1.0119999999999996,1,-0.02755422222222223,0.0010830415004444442,-5.25905644556505e-05,2,"[1.0, 0, 1.0119999999999996, 0, 1]",0.0
1.0171111111111104,0,0.0498082499314129,-0.0007469146003495399,0.00010850458430282022,1,"[1.0, 0, 1.0171111111111104, 0, 1]",0.0
1.0171111111111104,1,-0.027458194330132614,0.0010868184423879824,-5.259387932112703e-05,2,"[1.0, 0, 1.0171111111111104, 0, 1]",0.0
1.0222222222222221,0,0.049750342935528116,-0.0007486948127826042,0.0001080022198405846,1,"[1.0, 0, 1.0222222222222221, 0, 1]",0.0
1.0222222222222221,1,-0.027361682670324648,0.0010905697979644025,-5.259689035022713e-05,2,"[1.0, 0, 1.0222222222222221, 0, 1]",0.0
1.027333333333333,0,0.049692145679012346,-0.0007504453541289437,0.00010749973736095235,1,"[1.0, 0, 1.027333333333333, 0, 1]",0.0
1.027333333333333,1,-0.02726468724279836,0.0010942954385989938,-5.259959203741038e-05,2,"[1.0, 0, 1.027333333333333, 0, 1]",0.0
1.0324444444444438,0,0.049633658161865574,-0.0007521660760331249,0.00010699716523970195,1,"[1.0, 0, 1.0324444444444438, 0, 1]",0.0
1.0324444444444438,1,-0.027167208047553737,0.0010979952357170481,-5.2601978832664004e-05,2,"[1.0, 0, 1.0324444444444438, 0, 1]",0.0
1.0375555555555556,0,0.04957488038408779,-0.0007538568301397146,0.00010649453180396926,1,"[1.0, 0, 1.0375555555555556, 0, 1]",0.0
1.0375555555555556,1,-0.027069245084590764,0.0011016690607438566,-5.2604045141249706e-05,2,"[1.0, 0, 1.0375555555555556, 0, 1]",0.0
1.0426666666666664,0,0.04951581234567901,-0.0007555174680932784,0.00010599186532940943,1,"[1.0, 0, 1.0426666666666664, 0, 1]",0.0
1.0426666666666664,1,-0.02697079835390947,0.0011053167851047094,-5.260578532344927e-05,2,"[1.0, 0, 1.0426666666666664, 0, 1]",0.0
1.0477777777777773,0,0.04945645404663924,-0.0007571478415383833,0.00010548919403734411,1,"[1.0, 0, 1.0477777777777773, 0, 1]",0.0
1.0477777777777773,1,-0.02687186785550984,0.0011089382802248976,-5.2607193694308876e-05,2,"[1.0, 0, 1.0477777777777773, 0, 1]",0.0
1.052888888888889,0,0.04939680548696845,-0.0007587478021195956,0.00010498654609189497,1,"[1.0, 0, 1.052888888888889, 0, 1]",0.0
1.052888888888889,1,-0.026772453589391856,0.0011125334175297128,-5.26082645233822e-05,2,"[1.0, 0, 1.052888888888889, 0, 1]",0.0
1.0579999999999998,0,0.049336866666666666,-0.0007603172014814814,0.00010448394959710365,1,"[1.0, 0, 1.0579999999999998, 0, 1]",0.0
1.0579999999999998,1,-0.02667255555555556,0.0011161020684444442,-5.260899203447225e-05,2,"[1.0, 0, 1.0579999999999998, 0, 1]",0.0
1.0631111111111107,0,0.04927663758573388,-0.0007618558912686074,0.00010398143259403631,1,"[1.0, 0, 1.0631111111111107, 0, 1]",0.0
1.0631111111111107,1,-0.026572173754000922,0.001119644104394384,-5.2609370405371886e-05,2,"[1.0, 0, 1.0631111111111107, 0, 1]",0.0
1.0682222222222215,0,0.049216118244170104,-0.0007633637231255396,0.0001034790230578755,1,"[1.0, 0, 1.0682222222222215, 0, 1]",0.0
1.0682222222222215,1,-0.026471308184727947,0.0011231593968048226,-5.260939376760314e-05,2,"[1.0, 0, 1.0682222222222215, 0, 1]",0.0
1.0733333333333333,0,0.04915530864197531,-0.000764840548696845,0.00010297674889499678,1,"[1.0, 0, 1.0733333333333333, 0, 1]",0.0
1.0733333333333333,1,-0.026369958847736626,0.0011266478171010517,-5.2609056206155226e-05,2,"[1.0, 0, 1.0733333333333333, 0, 1]",0.0
1.078444444444444,0,0.04909420877914952,-0.0007662862196270892,0.00010247463794003261,1,"[1.0, 0, 1.078444444444444, 0, 1]",0.0
1.078444444444444,1,-0.026268125743026983,0.0011301092367083606,-5.260835175922124e-05,2,"[1.0, 0, 1.078444444444444, 0, 1]",0.0
1.083555555555555,0,0.049032818655692735,-0.0007677005875608391,0.00010197271795292035,1,"[1.0, 0, 1.083555555555555, 0, 1]",0.0
1.083555555555555,1,-0.026165808870599005,0.001133543527052041,-5.2607274417933784e-05,2,"[1.0, 0, 1.083555555555555, 0, 1]",0.0
1.0886666666666667,0,0.04897113827160494,-0.0007690835041426612,0.00010147101661593778,1,"[1.0, 0, 1.0886666666666667, 0, 1]",0.0
1.0886666666666667,1,-0.026063008230452673,0.0011369505595573844,-5.260581812609915e-05,2,"[1.0, 0, 1.0886666666666667, 0, 1]",0.0
1.0937777777777775,0,0.048909167626886144,-0.0007704348210171212,0.00010096956153072393,1,"[1.0, 0, 1.0937777777777775, 0, 1]",0.0
1.0937777777777775,1,-0.025959723822588023,0.0011403302056496806,-5.2603976779930266e-05,2,"[1.0, 0, 1.0937777777777775, 0, 1]",0.0
1.0988888888888884,0,0.048846906721536354,-0.0007717543898287862,0.00010046838021528553,1,"[1.0, 0, 1.0988888888888884, 0, 1]",0.0
1.0988888888888884,1,-0.02585595564700504,0.0011436823367542207,-5.260174422777844e-05,2,"[1.0, 0, 1.0988888888888884, 0, 1]",0.0
1.104,0,0.048784355555555554,-0.0007730420622222222,9.996750010098966e-05,1,"[1.0, 0, 1.104, 0, 1]",0.0
1.104,1,-0.0257517037037037,0.0011470068242962965,-5.259911426986382e-05,2,"[1.0, 0, 1.104, 0, 1]",0.0
1.109111111111111,0,0.04872151412894376,-0.0007742976898419956,9.946694852954271e-05,1,"[1.0, 0, 1.109111111111111, 0, 1]",0.0
1.109111111111111,1,-0.025646967992684046,0.0011503035397011975,-5.259608065800456e-05,2,"[1.0, 0, 1.109111111111111, 0, 1]",0.0
1.1142222222222218,0,0.04865838244170096,-0.0007755211243326728,9.89667527499543e-05,1,"[1.0, 0, 1.1142222222222218, 0, 1]",0.0
1.1142222222222218,1,-0.025541748513946055,0.0011535723543942146,-5.2592637095344735e-05,2,"[1.0, 0, 1.1142222222222218, 0, 1]",0.0
1.1193333333333326,0,0.048594960493827166,-0.00077671221733882,9.846693991548818e-05,1,"[1.0, 0, 1.1193333333333326, 0, 1]",0.0
1.1193333333333326,1,-0.025436045267489726,0.0011568131398006396,-5.258877723608112e-05,2,"[1.0, 0, 1.1193333333333326, 0, 1]",0.0
1.1244444444444444,0,0.048531248285322355,-0.0007778708205050043,9.796753708059795e-05,1,"[1.0, 0, 1.1244444444444444, 0, 1]",0.0
1.1244444444444444,1,-0.025329858253315046,0.0011600257673457636,-5.258449468518841e-05,2,"[1.0, 0, 1.1244444444444444, 0, 1]",0.0
1.1295555555555552,0,0.048467245816186555,-0.0007789967854757911,9.746857119785006e-05,1,"[1.0, 0, 1.1295555555555552, 0, 1]",0.0
1.1295555555555552,1,-0.025223187471422045,0.0011632101084548762,-5.257978299814347e-05,2,"[1.0, 0, 1.1295555555555552, 0, 1]",0.0
1.134666666666666,0,0.04840295308641976,-0.0007800899638957475,9.697006911483117e-05,1,"[1.0, 0, 1.134666666666666, 0, 1]",0.0
1.134666666666666,1,-0.02511603292181071,0.001166366034553269,-5.257463568064822e-05,2,"[1.0, 0, 1.134666666666666, 0, 1]",0.0
1.1397777777777778,0,0.048338370096021946,-0.0007811502074094395,9.647205757104249e-05,1,"[1.0, 0, 1.1397777777777778, 0, 1]",0.0
1.1397777777777778,1,-0.025008394604481024,0.0011694934170662329,-5.256904618835116e-05,2,"[1.0, 0, 1.1397777777777778, 0, 1]",0.0
1.1448888888888886,0,0.048273496844993144,-0.0007821773676614337,9.597456319478006e-05,1,"[1.0, 0, 1.1448888888888886, 0, 1]",0.0
1.1448888888888886,1,-0.02490027251943302,0.0011725921274190585,-5.2563007926567895e-05,2,"[1.0, 0, 1.1448888888888886, 0, 1]",0.0
1.1499999999999995,0,0.04820833333333334,-0.0007831712962962963,9.547761250000003e-05,1,"[1.0, 0, 1.1499999999999995, 0, 1]",0.0
1.1499999999999995,1,-0.024791666666666677,0.0011756620370370367,-5.255651425e-05,2,"[1.0, 0, 1.1499999999999995, 0, 1]",0.0
1.1551111111111112,0,0.04814287956104252,-0.0007841318449585938,9.498123188317076e-05,1,"[1.0, 0, 1.1551111111111112, 0, 1]",0.0
1.1551111111111112,1,-0.02468257704618198,0.0011787030173454587,-5.254955846245299e-05,2,"[1.0, 0, 1.1551111111111112, 0, 1]",0.0
1.160222222222222,0,0.048077135528120714,-0.0007850588652928923,9.448544762011082e-05,1,"[1.0, 0, 1.160222222222222, 0, 1]",0.0
1.160222222222222,1,-0.02457300365797897,0.001181714939769615,-5.25421338165529e-05,2,"[1.0, 0, 1.160222222222222, 0, 1]",0.0
1.1653333333333329,0,0.04801110123456791,-0.0007859522089437586,9.399028586281187e-05,1,"[1.0, 0, 1.1653333333333329, 0, 1]",0.0
1.1653333333333329,1,-0.024462946502057624,0.0011846976757347962,-5.2534233513461465e-05,2,"[1.0, 0, 1.1653333333333329, 0, 1]",0.0
1.1704444444444437,0,0.04794477668038409,-0.0007868117275557587,9.349577263624872e-05,1,"[1.0, 0, 1.1704444444444437, 0, 1]",0.0
1.1704444444444437,1,-0.02435240557841794,0.0011876510966662937,-5.25258507025903e-05,2,"[1.0, 0, 1.1704444444444437, 0, 1]",0.0
1.1755555555555555,0,0.04787816186556927,-0.0007876372727734593,9.300193383517473e-05,1,"[1.0, 0, 1.1755555555555555, 0, 1]",0.0
1.1755555555555555,1,-0.024241380887059898,0.0011905750739893985,-5.251697848131354e-05,2,"[1.0, 0, 1.1755555555555555, 0, 1]",0.0
1.1806666666666663,0,0.047811256790123456,-0.0007884286962414267,9.250879522090309e-05,1,"[1.0, 0, 1.1806666666666663, 0, 1]",0.0
1.1806666666666663,1,-0.024129872427983545,0.0011934694791294006,-5.250760989467951e-05,2,"[1.0, 0, 1.1806666666666663, 0, 1]",0.0
1.1857777777777772,0,0.047744061454046645,-0.0007891858496042269,9.201638241807401e-05,1,"[1.0, 0, 1.1857777777777772, 0, 1]",0.0
1.1857777777777772,1,-0.024017880201188856,0.0011963341835115916,-5.249773793512084e-05,2,"[1.0, 0, 1.1857777777777772, 0, 1]",0.0
1.1908888888888889,0,0.04767657585733882,-0.0007899085845064268,9.152472091140788e-05,1,"[1.0, 0, 1.1908888888888889, 0, 1]",0.0
1.1908888888888889,1,-0.02390540420667581,0.0011991690585612628,-5.248735554216349e-05,2,"[1.0, 0, 1.1908888888888889, 0, 1]",0.0
1.1959999999999997,0,0.0476088,-0.0007905967525925926,9.103383604244473e-05,1,"[1.0, 0, 1.1959999999999997, 0, 1]",0.0
1.1959999999999997,1,-0.02379244444444445,0.0012019739757037037,-5.2476455602134514e-05,2,"[1.0, 0, 1.1959999999999997, 0, 1]",0.0
1.2011111111111106,0,0.04754073388203018,-0.0007912502055072905,9.054375300626875e-05,1,"[1.0, 0, 1.2011111111111106, 0, 1]",0.0
1.2011111111111106,1,-0.02367900091449475,0.0012047488063642057,-5.2465030947868495e-05,2,"[1.0, 0, 1.2011111111111106, 0, 1]",0.0
1.2062222222222223,0,0.04747237750342935,-0.0007918687948950871,9.00544968482194e-05,1,"[1.0, 0, 1.2062222222222223, 0, 1]",0.0
1.2062222222222223,1,-0.0235650736168267,0.0012074934219680606,-5.2453074358412766e-05,2,"[1.0, 0, 1.2062222222222223, 0, 1]",0.0
1.2113333333333332,0,0.04740373086419753,-0.0007924523724005487,8.956609246058855e-05,1,"[1.0, 0, 1.2113333333333332, 0, 1]",0.0
1.2113333333333332,1,-0.02345066255144033,0.0012102076939405576,-5.24405785587313e-05,2,"[1.0, 0, 1.2113333333333332, 0, 1]",0.0
1.216444444444444,0,0.04733479396433471,-0.0007930007896682416,8.907856457930269e-05,1,"[1.0, 0, 1.216444444444444, 0, 1]",0.0
1.216444444444444,1,-0.023335767718335627,0.0012128914937069891,-5.242753621940749e-05,2,"[1.0, 0, 1.216444444444444, 0, 1]",0.0
1.2215555555555548,0,0.047265566803840885,-0.0007935138983427323,8.859193778059198e-05,1,"[1.0, 0, 1.2215555555555548, 0, 1]",0.0
1.2215555555555548,1,-0.02322038911751259,0.0012155446926926448,-5.241393995634539e-05,2,"[1.0, 0, 1.2215555555555548, 0, 1]",0.0
1.2266666666666666,0,0.04719604938271604,-0.0007939915500685871,8.810623647764468e-05,1,"[1.0, 0, 1.2266666666666666, 0, 1]",0.0
1.2266666666666666,1,-0.023104526748971194,0.0012181671623228167,-5.239978233047007e-05,2,"[1.0, 0, 1.2266666666666666, 0, 1]",0.0
1.2317777777777774,0,0.04712624170096022,-0.0007944335964903724,8.76214849172479e-05,1,"[1.0, 0, 1.2317777777777774, 0, 1]",0.0
1.2317777777777774,1,-0.022988180612711483,0.0012207587740227944,-5.238505584742634e-05,2,"[1.0, 0, 1.2317777777777774, 0, 1]",0.0
1.2368888888888883,0,0.04705614375857339,-0.0007948398892526546,8.713770717641355e-05,1,"[1.0, 0, 1.2368888888888883, 0, 1]",0.0
1.2368888888888883,1,-0.02287135070873344,0.0012233193992178695,-5.2369752957276505e-05,2,"[1.0, 0, 1.2368888888888883, 0, 1]",0.0
1.242,0,0.04698575555555555,-0.00079521028,8.665492715899091e-05,1,"[1.0, 0, 1.242, 0, 1]",0.0
1.242,1,-0.022754037037037038,0.0012258489093333331,-5.2353866054196584e-05,2,"[1.0, 0, 1.242, 0, 1]",0.0
1.2471111111111108,0,0.04691507709190672,-0.0007955446203769751,8.617316859226512e-05,1,"[1.0, 0, 1.2471111111111108, 0, 1]",0.0
1.2471111111111108,1,-0.02263623959762232,0.0012283471757944756,-5.233738747617158e-05,2,"[1.0, 0, 1.2471111111111108, 0, 1]",0.0
1.2522222222222217,0,0.04684410836762689,-0.000795842762028146,8.569245502354092e-05,1,"[1.0, 0, 1.2522222222222217, 0, 1]",0.0
1.2522222222222217,1,-0.022517958390489264,0.0012308140700265878,-5.232030950468916e-05,2,"[1.0, 0, 1.2522222222222217, 0, 1]",0.0
1.2573333333333334,0,0.046772849382716045,-0.0007961045565980795,8.521280981671271e-05,1,"[1.0, 0, 1.2573333333333334, 0, 1]",0.0
1.2573333333333334,1,-0.022399193415637855,0.0012332494634549609,-5.230262436443231e-05,2,"[1.0, 0, 1.2573333333333334, 0, 1]",0.0
1.2624444444444443,0,0.04670130013717421,-0.0007963298557313417,8.473425614882107e-05,1,"[1.0, 0, 1.2624444444444443, 0, 1]",0.0
1.2624444444444443,1,-0.022279944673068132,0.0012356532275048858,-5.228432422297074e-05,2,"[1.0, 0, 1.2624444444444443, 0, 1]",0.0
1.267555555555555,0,0.046629460631001374,-0.0007965185110724992,8.425681700659398e-05,1,"[1.0, 0, 1.267555555555555, 0, 1]",0.0
1.267555555555555,1,-0.022160212162780073,0.0012380252336016526,-5.226540119045067e-05,2,"[1.0, 0, 1.267555555555555, 0, 1]",0.0
1.272666666666666,0,0.04655733086419754,-0.0007966703742661179,8.37805151829751e-05,1,"[1.0, 0, 1.272666666666666, 0, 1]",0.0
1.272666666666666,1,-0.022039995884773678,0.001240365353170553,-5.224584731928393e-05,2,"[1.0, 0, 1.272666666666666, 0, 1]",0.0
1.2777777777777777,0,0.046484910836762684,-0.0007967852969567648,8.330537327363703e-05,1,"[1.0, 0, 1.2777777777777777, 0, 1]",0.0
1.2777777777777777,1,-0.021919295839048926,0.001242673457636878,-5.2225654603835285e-05,2,"[1.0, 0, 1.2777777777777777, 0, 1]",0.0
1.2828888888888885,0,0.046412200548696846,-0.0007968631307890058,8.283141367348173e-05,1,"[1.0, 0, 1.2828888888888885, 0, 1]",0.0
1.2828888888888885,1,-0.02179811202560586,0.001244949418425917,-5.2204814980108685e-05,2,"[1.0, 0, 1.2828888888888885, 0, 1]",0.0
1.2879999999999994,0,0.046339200000000004,-0.0007969037274074074,8.235865857312519e-05,1,"[1.0, 0, 1.2879999999999994, 0, 1]",0.0
1.2879999999999994,1,-0.021676444444444457,0.0012471931069629627,-5.218332032543254e-05,2,"[1.0, 0, 1.2879999999999994, 0, 1]",0.0
1.293111111111111,0,0.04626590919067215,-0.000796906938456536,8.18871299553693e-05,1,"[1.0, 0, 1.293111111111111, 0, 1]",0.0
1.293111111111111,1,-0.021554293095564697,0.001249404394673305,-5.2161162458143e-05,2,"[1.0, 0, 1.293111111111111, 0, 1]",0.0
1.298222222222222,0,0.046192328120713305,-0.0007968726155809583,8.141684959165937e-05,1,"[1.0, 0, 1.298222222222222, 0, 1]",0.0
1.298222222222222,1,-0.021431657978966626,0.001251583152982235,-5.2138333137266885e-05,2,"[1.0, 0, 1.298222222222222, 0, 1]",0.0
1.3033333333333328,0,0.04611845679012346,-0.00079680061042524,8.094783903852722e-05,1,"[1.0, 0, 1.3033333333333328, 0, 1]",0.0
1.3033333333333328,1,-0.021308539094650216,0.001253729253315043,-5.211482406220257e-05,2,"[1.0, 0, 1.3033333333333328, 0, 1]",0.0
1.3084444444444445,0,0.0460442951989026,-0.0007966907746339481,8.048011963402021e-05,1,"[1.0, 0, 1.3084444444444445, 0, 1]",0.0
1.3084444444444445,1,-0.021184936442615453,0.0012558425670970209,-5.2090626872400144e-05,2,"[1.0, 0, 1.3084444444444445, 0, 1]",0.0
1.3135555555555554,0,0.04596984334705075,-0.0007965429598516486,8.001371249411688e-05,1,"[1.0, 0, 1.3135555555555554, 0, 1]",0.0
1.3135555555555554,1,-0.021060850022862374,0.0012579229657534588,-5.206573314704002e-05,2,"[1.0, 0, 1.3135555555555554, 0, 1]",0.0
1.3186666666666662,0,0.0458951012345679,-0.0007963570177229081,7.954863850912749e-05,1,"[1.0, 0, 1.3186666666666662, 0, 1]",0.0
1.3186666666666662,1,-0.020936279835390956,0.001259970320709648,-5.2040134404710326e-05,2,"[1.0, 0, 1.3186666666666662, 0, 1]",0.0
1.323777777777777,0,0.04582006886145405,-0.000796132799892293,7.908491834008122e-05,1,"[1.0, 0, 1.323777777777777, 0, 1]",0.0
1.323777777777777,1,-0.020811225880201206,0.0012619845033908785,-5.201382210308305e-05,2,"[1.0, 0, 1.323777777777777, 0, 1]",0.0
1.3288888888888888,0,0.04574474622770919,-0.0007958701580043693,7.86225724150988e-05,1,"[1.0, 0, 1.3288888888888888, 0, 1]",0.0
1.3288888888888888,1,-0.020685688157293096,0.0012639653852224422,-5.1986787638589096e-05,2,"[1.0, 0, 1.3288888888888888, 0, 1]",0.0
1.3339999999999996,0,0.045669133333333334,-0.0007955689437037038,7.816162092575176e-05,1,"[1.0, 0, 1.3339999999999996, 0, 1]",0.0
1.3339999999999996,1,-0.020559666666666674,0.0012659128376296294,-5.1959022346091816e-05,2,"[1.0, 0, 1.3339999999999996, 0, 1]",0.0
1.3391111111111105,0,0.04559323017832648,-0.0007952290086348626,7.770208382340654e-05,1,"[1.0, 0, 1.3391111111111105, 0, 1]",0.0
1.3391111111111105,1,-0.020433161408321916,0.001267826732037731,-5.193051749855933e-05,2,"[1.0, 0, 1.3391111111111105, 0, 1]",0.0
1.3442222222222222,0,0.04551703676268861,-0.0007948502044424123,7.724398081555545e-05,1,"[1.0, 0, 1.3442222222222222, 0, 1]",0.0
1.3442222222222222,1,-0.020306172382258802,0.0012697069398720383,-5.1901264306735715e-05,2,"[1.0, 0, 1.3442222222222222, 0, 1]",0.0
1.349333333333333,0,0.045440553086419755,-0.0007944323827709191,7.678733136213319e-05,1,"[1.0, 0, 1.349333333333333, 0, 1]",0.0
1.349333333333333,1,-0.020178699588477372,0.0012715533325578414,-5.1871253918810855e-05,2,"[1.0, 0, 1.349333333333333, 0, 1]",0.0
1.354444444444444,0,0.045363779149519896,-0.0007939753952649495,7.633215467181905e-05,1,"[1.0, 0, 1.354444444444444, 0, 1]",0.0
1.354444444444444,1,-0.020050743026977607,0.0012733657815204322,-5.184047742008907e-05,2,"[1.0, 0, 1.354444444444444, 0, 1]",0.0
1.3595555555555556,0,0.04528671495198902,-0.0007934790935690697,7.587846969832538e-05,1,"[1.0, 0, 1.3595555555555556, 0, 1]",0.0
1.3595555555555556,1,-0.019922302697759485,0.0012751441581851006,-5.180892583265624e-05,2,"[1.0, 0, 1.3595555555555556, 0, 1]",0.0
1.3646666666666665,0,0.045209360493827164,-0.0007929433293278464,7.542629513667215e-05,1,"[1.0, 0, 1.3646666666666665, 0, 1]",0.0
1.3646666666666665,1,-0.01979337860082305,0.0012768883339771375,-5.177659011504614e-05,2,"[1.0, 0, 1.3646666666666665, 0, 1]",0.0
1.3697777777777773,0,0.045131715775034296,-0.0007923679541858458,7.497564941944646e-05,1,"[1.0, 0, 1.3697777777777773, 0, 1]",0.0
1.3697777777777773,1,-0.01966397073616828,0.0012785981803218342,-5.174346116190509e-05,2,"[1.0, 0, 1.3697777777777773, 0, 1]",0.0
1.3748888888888882,0,0.04505378079561043,-0.0007917528197876341,7.45265507130493e-05,1,"[1.0, 0, 1.3748888888888882, 0, 1]",0.0
1.3748888888888882,1,-0.019534079103795173,0.0012802735686444815,-5.1709529803655526e-05,2,"[1.0, 0, 1.3748888888888882, 0, 1]",0.0
1.38,0,0.04497555555555555,-0.0007910977777777779,7.407901691392701e-05,1,"[1.0, 0, 1.38, 0, 1]",0.0
1.38,1,-0.019403703703703704,0.0012819143703703703,-5.16747868061582e-05,2,"[1.0, 0, 1.38, 0, 1]",0.0
1.3851111111111107,0,0.04489704005486969,-0.0007904026798008435,7.363306564478979e-05,1,"[1.0, 0, 1.3851111111111107, 0, 1]",0.0
1.3851111111111107,1,-0.019272844535893927,0.0012835204569247912,-5.163922287037336e-05,2,"[1.0, 0, 1.3851111111111107, 0, 1]",0.0
1.3902222222222216,0,0.04481823429355282,-0.0007896673775013973,7.318871425081486e-05,1,"[1.0, 0, 1.3902222222222216, 0, 1]",0.0
1.3902222222222216,1,-0.019141501600365814,0.0012850916997330351,-5.160282863202034e-05,2,"[1.0, 0, 1.3902222222222216, 0, 1]",0.0
1.3953333333333333,0,0.04473913827160494,-0.0007888917225240055,7.27459797958366e-05,1,"[1.0, 0, 1.3953333333333333, 0, 1]",0.0
1.3953333333333333,1,-0.01900967489711934,0.0012866279702203934,-5.156559466123615e-05,2,"[1.0, 0, 1.3953333333333333, 0, 1]",0.0
1.4004444444444442,0,0.04465975198902607,-0.0007880755665132348,7.230487905852236e-05,1,"[1.0, 0, 1.4004444444444442, 0, 1]",0.0
1.4004444444444442,1,-0.018877364426154557,0.0012881291398121558,-5.152751146223259e-05,2,"[1.0, 0, 1.4004444444444442, 0, 1]",0.0
1.405555555555555,0,0.04458007544581619,-0.0007872187611136515,7.186542852853356e-05,1,"[1.0, 0, 1.405555555555555, 0, 1]",0.0
1.405555555555555,1,-0.018744570187471436,0.0012895950799336143,-5.1488569472952395e-05,2,"[1.0, 0, 1.405555555555555, 0, 1]",0.0
1.4106666666666667,0,0.0445001086419753,-0.0007863211579698217,7.142764440267347e-05,1,"[1.0, 0, 1.4106666666666667, 0, 1]",0.0
1.4106666666666667,1,-0.018611292181069956,0.0012910256620100593,-5.144875906472373e-05,2,"[1.0, 0, 1.4106666666666667, 0, 1]",0.0
1.4157777777777776,0,0.04441985157750343,-0.0007853826087263121,7.099154258102075e-05,1,"[1.0, 0, 1.4157777777777776, 0, 1]",0.0
1.4157777777777776,1,-0.018477530406950163,0.0012924207574667814,-5.140807054191378e-05,2,"[1.0, 0, 1.4157777777777776, 0, 1]",0.0
1.4208888888888884,0,0.044339304252400555,-0.000784402965027689,7.055713866304838e-05,1,"[1.0, 0, 1.4208888888888884, 0, 1]",0.0
1.4208888888888884,1,-0.018343284865112035,0.0012937802377290723,-5.136649414158089e-05,2,"[1.0, 0, 1.4208888888888884, 0, 1]",0.0
1.4259999999999993,0,0.044258466666666677,-0.0007833820785185186,7.012444794372914e-05,1,"[1.0, 0, 1.4259999999999993, 0, 1]",0.0
1.4259999999999993,1,-0.01820855555555557,0.0012951039742222221,-5.132402003312535e-05,2,"[1.0, 0, 1.4259999999999993, 0, 1]",0.0
1.431111111111111,0,0.04417733882030178,-0.0007823198008433675,6.969348540962664e-05,1,"[1.0, 0, 1.431111111111111, 0, 1]",0.0
1.431111111111111,1,-0.01807334247828075,0.001296391838371522,-5.128063831793927e-05,2,"[1.0, 0, 1.431111111111111, 0, 1]",0.0
1.4362222222222218,0,0.044095920713305904,-0.0007812159836468018,6.926426573497272e-05,1,"[1.0, 0, 1.4362222222222218, 0, 1]",0.0
1.4362222222222218,1,-0.01793764563328762,0.0012976437016022626,-5.12363390290548e-05,2,"[1.0, 0, 1.4362222222222218, 0, 1]",0.0
1.4413333333333327,0,0.04401421234567902,-0.0007800704785733885,6.883680327772978e-05,1,"[1.0, 0, 1.4413333333333327, 0, 1]",0.0
1.4413333333333327,1,-0.017801465020576147,0.0012988594353397346,-5.1191112130791284e-05,2,"[1.0, 0, 1.4413333333333327, 0, 1]",0.0
1.4464444444444444,0,0.04393221371742112,-0.000778883137267693,6.84111120756402e-05,1,"[1.0, 0, 1.4464444444444444, 0, 1]",0.0
1.4464444444444444,1,-0.01766480064014632,0.0013000389110092297,-5.114494751840122e-05,2,"[1.0, 0, 1.4464444444444444, 0, 1]",0.0
1.4515555555555553,0,0.043849924828532234,-0.0007776538113742824,6.798720584226103e-05,1,"[1.0, 0, 1.4515555555555553, 0, 1]",0.0
1.4515555555555553,1,-0.017527652491998176,0.0013011820000360377,-5.1097835017714704e-05,2,"[1.0, 0, 1.4515555555555553, 0, 1]",0.0
1.456666666666666,0,0.04376734567901235,-0.0007763823525377231,6.756509796298452e-05,1,"[1.0, 0, 1.456666666666666, 0, 1]",0.0
1.456666666666666,1,-0.017390020576131704,0.0013022885738454503,-5.104976438478294e-05,2,"[1.0, 0, 1.456666666666666, 0, 1]",0.0
1.4617777777777778,0,0.04368447626886145,-0.0007750686124025809,6.714480149104471e-05,1,"[1.0, 0, 1.4617777777777778, 0, 1]",0.0
1.4617777777777778,1,-0.017251904892546865,0.001303358503862758,-5.100072530552011e-05,2,"[1.0, 0, 1.4617777777777778, 0, 1]",0.0
1.4668888888888887,0,0.04360131659807956,-0.0007737124426134228,6.672632914351057e-05,1,"[1.0, 0, 1.4668888888888887, 0, 1]",0.0
1.4668888888888887,1,-0.017113305441243717,0.0013043916615132515,-5.095070739534441e-05,2,"[1.0, 0, 1.4668888888888887, 0, 1]",0.0
1.4719999999999995,0,0.04351786666666667,-0.000772313694814815,6.630969329726357e-05,1,"[1.0, 0, 1.4719999999999995, 0, 1]",0.0
1.4719999999999995,1,-0.016974222222222234,0.001305387918222222,-5.089970019881745e-05,2,"[1.0, 0, 1.4719999999999995, 0, 1]",0.0
1.4771111111111104,0,0.043434126474622775,-0.0007708722206513237,6.589490598496266e-05,1,"[1.0, 0, 1.4771111111111104, 0, 1]",0.0
1.4771111111111104,1,-0.016834655235482412,0.0013063471454149603,-5.084769318928257e-05,2,"[1.0, 0, 1.4771111111111104, 0, 1]",0.0
1.482222222222222,0,0.04335009602194787,-0.0007693878717675152,6.548197889099434e-05,1,"[1.0, 0, 1.482222222222222, 0, 1]",0.0
1.482222222222222,1,-0.016694604481024236,0.0013072692145167574,-5.079467576850191e-05,2,"[1.0, 0, 1.482222222222222, 0, 1]",0.0
1.487333333333333,0,0.04326577530864198,-0.0007678604998079563,6.5070923347409e-05,1,"[1.0, 0, 1.487333333333333, 0, 1]",0.0
1.487333333333333,1,-0.016554069958847745,0.0013081539969529033,-5.074063726629208e-05,2,"[1.0, 0, 1.487333333333333, 0, 1]",0.0
1.4924444444444438,0,0.043181164334705084,-0.0007662899564172131,6.466175032984276e-05,1,"[1.0, 0, 1.4924444444444438, 0, 1]",0.0
1.4924444444444438,1,-0.01641305166895292,0.0013090013641486901,-5.0685566940158855e-05,2,"[1.0, 0, 1.4924444444444438, 0, 1]",0.0
1.4975555555555555,0,0.04309626310013717,-0.0007646760932398517,6.425447045342566e-05,1,"[1.0, 0, 1.4975555555555555, 0, 1]",0.0
1.4975555555555555,1,-0.016271549611339732,0.0013098111875294077,-5.062945397493011e-05,2,"[1.0, 0, 1.4975555555555555, 0, 1]",0.0
1.5026666666666664,0,0.04301107160493827,-0.000763018761920439,6.38490939686758e-05,1,"[1.0, 0, 1.5026666666666664, 0, 1]",0.0
1.5026666666666664,1,-0.016129563786008237,0.0013105833385203473,-5.057228748238812e-05,2,"[1.0, 0, 1.5026666666666664, 0, 1]",0.0
1.5077777777777772,0,0.042925589849108374,-0.0007613178141035413,6.344563075737882e-05,1,"[1.0, 0, 1.5077777777777772, 0, 1]",0.0
1.5077777777777772,1,-0.015987094192958407,0.0013113176885468,-5.051405650090004e-05,2,"[1.0, 0, 1.5077777777777772, 0, 1]",0.0
1.512888888888889,0,0.04283981783264745,-0.0007595731014337244,6.304409032845373e-05,1,"[1.0, 0, 1.512888888888889, 0, 1]",0.0
1.512888888888889,1,-0.015844140832190212,0.0013120141090340563,-5.045474999504739e-05,2,"[1.0, 0, 1.512888888888889, 0, 1]",0.0
1.5179999999999998,0,0.04275375555555556,-0.0007577844755555556,6.264448181380507e-05,1,"[1.0, 0, 1.5179999999999998, 0, 1]",0.0
1.5179999999999998,1,-0.01570070370370371,0.0013126724714074074,-5.039435685525443e-05,2,"[1.0, 0, 1.5179999999999998, 0, 1]",0.0
1.5231111111111106,0,0.04266740301783265,-0.0007559517881136008,6.224681396415975e-05,1,"[1.0, 0, 1.5231111111111106, 0, 1]",0.0
1.5231111111111106,1,-0.015556782807498868,0.0013132926470921437,-5.03328658974148e-05,2,"[1.0, 0, 1.5231111111111106, 0, 1]",0.0
1.5282222222222215,0,0.04258076021947875,-0.0007540748907524262,6.185109514489109e-05,1,"[1.0, 0, 1.5282222222222215, 0, 1]",0.0
1.5282222222222215,1,-0.015412378143575697,0.0013138745075135566,-5.027026586251741e-05,2,"[1.0, 0, 1.5282222222222215, 0, 1]",0.0
1.5333333333333332,0,0.042493827160493824,-0.0007521536351165982,6.145733333182798e-05,1,"[1.0, 0, 1.5333333333333332, 0, 1]",0.0
1.5333333333333332,1,-0.015267489711934156,0.0013144179240969364,-5.020654541627065e-05,2,"[1.0, 0, 1.5333333333333332, 0, 1]",0.0
1.538444444444444,0,0.04240660384087792,-0.0007501878728506835,6.106553610705061e-05,1,"[1.0, 0, 1.538444444444444, 0, 1]",0.0
1.538444444444444,1,-0.015122117512574314,0.0013149227682675744,-5.014169314872582e-05,2,"[1.0, 0, 1.538444444444444, 0, 1]",0.0
1.543555555555555,0,0.04231909026063101,-0.0007481774555992483,6.0675710654671196e-05,1,"[1.0, 0, 1.543555555555555, 0, 1]",0.0
1.543555555555555,1,-0.014976261545496129,0.001315388911450761,-5.007569757389862e-05,2,"[1.0, 0, 1.543555555555555, 0, 1]",0.0
1.5486666666666666,0,0.042231286419753086,-0.0007461222350068587,6.028786375660136e-05,1,"[1.0, 0, 1.5486666666666666, 0, 1]",0.0
1.5486666666666666,1,-0.014829921810699587,0.001315816225071788,-5.00085471293901e-05,2,"[1.0, 0, 1.5486666666666666, 0, 1]",0.0
1.5537777777777775,0,0.04214319231824418,-0.0007440220627180817,5.990200178830546e-05,1,"[1.0, 0, 1.5537777777777775, 0, 1]",0.0
1.5537777777777775,1,-0.014683098308184737,0.001316204580555945,-4.994023017600575e-05,2,"[1.0, 0, 1.5537777777777775, 0, 1]",0.0
1.5588888888888883,0,0.04205480795610426,-0.0007418767903774834,5.9518130714539095e-05,1,"[1.0, 0, 1.5588888888888883, 0, 1]",0.0
1.5588888888888883,1,-0.014535791037951547,0.0013165538493285236,-4.9870734997373824e-05,2,"[1.0, 0, 1.5588888888888883, 0, 1]",0.0
1.564,0,0.04196613333333333,-0.0007396862696296296,5.913625608507445e-05,1,"[1.0, 0, 1.564, 0, 1]",0.0
1.564,1,-0.014387999999999998,0.0013168639028148148,-4.980004979956198e-05,2,"[1.0, 0, 1.564, 0, 1]",0.0
1.569111111111111,0,0.04187716844993142,-0.0007374503521190876,5.875638303041097e-05,1,"[1.0, 0, 1.569111111111111, 0, 1]",0.0
1.569111111111111,1,-0.01423972519433014,0.001317134612440109,-4.972816271069293e-05,2,"[1.0, 0, 1.569111111111111, 0, 1]",0.0
1.5742222222222217,0,0.0417879133058985,-0.0007351688894904234,5.837851625747188e-05,1,"[1.0, 0, 1.5742222222222217, 0, 1]",0.0
1.5742222222222217,1,-0.014090966620941944,0.0013173658496296974,-4.9655061780558715e-05,2,"[1.0, 0, 1.5742222222222217, 0, 1]",0.0
1.5793333333333326,0,0.04169836790123458,-0.0007328417333882034,5.8002660045287196e-05,1,"[1.0, 0, 1.5793333333333326, 0, 1]",0.0
1.5793333333333326,1,-0.013941724279835411,0.0013175574858088706,-4.958073498023374e-05,2,"[1.0, 0, 1.5793333333333326, 0, 1]",0.0
1.5844444444444443,0,0.04160853223593964,-0.0007304687354569933,5.762881824066195e-05,1,"[1.0, 0, 1.5844444444444443, 0, 1]",0.0
1.5844444444444443,1,-0.013791998171010518,0.0013177093924029194,-4.950517020168656e-05,2,"[1.0, 0, 1.5844444444444443, 0, 1]",0.0
1.5895555555555552,0,0.04151840631001372,-0.0007280497473413607,5.725699425383108e-05,1,"[1.0, 0, 1.5895555555555552, 0, 1]",0.0
1.5895555555555552,1,-0.013641788294467317,0.0013178214408371355,-4.942835525739046e-05,2,"[1.0, 0, 1.5895555555555552, 0, 1]",0.0
1.594666666666666,0,0.0414279901234568,-0.0007255846206858714,5.688719105409938e-05,1,"[1.0, 0, 1.594666666666666, 0, 1]",0.0
1.594666666666666,1,-0.01349109465020578,0.0013178935025368087,-4.9350277879932504e-05,2,"[1.0, 0, 1.594666666666666, 0, 1]",0.0
1.5997777777777777,0,0.041337283676268856,-0.0007230732071350912,5.651941116546792e-05,1,"[1.0, 0, 1.5997777777777777, 0, 1]",0.0
1.5997777777777777,1,-0.01333991723822588,0.0013179254489272298,-4.927092572162169e-05,2,"[1.0, 0, 1.5997777777777777, 0, 1]",0.0
1.6048888888888886,0,0.04124628696844993,-0.0007205153583335875,5.6153656662246615e-05,1,"[1.0, 0, 1.6048888888888886, 0, 1]",0.0
1.6048888888888886,1,-0.013188256058527671,0.0013179171514336907,-4.919028635409577e-05,2,"[1.0, 0, 1.6048888888888886, 0, 1]",0.0
1.6099999999999994,0,0.04115500000000001,-0.0007179109259259262,5.57899291646519e-05,1,"[1.0, 0, 1.6099999999999994, 0, 1]",0.0
1.6099999999999994,1,-0.013036111111111127,0.0013178684814814815,-4.9108347267926415e-05,2,"[1.0, 0, 1.6099999999999994, 0, 1]",0.0
1.6151111111111112,0,0.04106342277091906,-0.0007152597615566733,5.54282298343908e-05,1,"[1.0, 0, 1.6151111111111112, 0, 1]",0.0
1.6151111111111112,1,-0.012883482395976219,0.0013177793104958931,-4.902509587222363e-05,2,"[1.0, 0, 1.6151111111111112, 0, 1]",0.0
1.620222222222222,0,0.040971555281207134,-0.0007125617168703958,5.506855937023151e-05,1,"[1.0, 0, 1.620222222222222, 0, 1]",0.0
1.620222222222222,1,-0.012730369913123006,0.0013176495099022168,-4.89405194942387e-05,2,"[1.0, 0, 1.620222222222222, 0, 1]",0.0
1.6253333333333329,0,0.040879397530864205,-0.00070981664351166,5.471091800355841e-05,1,"[1.0, 0, 1.6253333333333329, 0, 1]",0.0
1.6253333333333329,1,-0.012576773662551454,0.001317478951125743,-4.885460537896574e-05,2,"[1.0, 0, 1.6253333333333329, 0, 1]",0.0
1.6304444444444437,0,0.04078694951989027,-0.0007070243931250322,5.43553054939144e-05,1,"[1.0, 0, 1.6304444444444437, 0, 1]",0.0
1.6304444444444437,1,-0.012422693644261566,0.001317267505591763,-4.876734068874218e-05,2,"[1.0, 0, 1.6304444444444437, 0, 1]",0.0
1.6355555555555554,0,0.04069421124828532,-0.000704184817355078,5.4001721124528364e-05,1,"[1.0, 0, 1.6355555555555554, 0, 1]",0.0
1.6355555555555554,1,-0.012268129858253318,0.001317015044725567,-4.867871250284789e-05,2,"[1.0, 0, 1.6355555555555554, 0, 1]",0.0
1.6406666666666663,0,0.040601182716049386,-0.0007012977678463652,5.3650163697829146e-05,1,"[1.0, 0, 1.6406666666666663, 0, 1]",0.0
1.6406666666666663,1,-0.012113082304526762,0.0013167214399524463,-4.858870781710317e-05,2,"[1.0, 0, 1.6406666666666663, 0, 1]",0.0
1.6457777777777771,0,0.04050786392318245,-0.0006983630962434592,5.330063153094456e-05,1,"[1.0, 0, 1.6457777777777771, 0, 1]",0.0
1.6457777777777771,1,-0.011957550983081867,0.0013163865626976917,-4.8497313543465205e-05,2,"[1.0, 0, 1.6457777777777771, 0, 1]",0.0
1.6508888888888889,0,0.040414254869684495,-0.0006953806541909263,5.295312245118707e-05,1,"[1.0, 0, 1.6508888888888889, 0, 1]",0.0
1.6508888888888889,1,-0.011801535893918611,0.0013160102843865942,-4.840451650962353e-05,2,"[1.0, 0, 1.6508888888888889, 0, 1]",0.0
1.6559999999999997,0,0.040320355555555555,-0.0006923502933333335,5.2607633791525446e-05,1,"[1.0, 0, 1.6559999999999997, 0, 1]",0.0
1.6559999999999997,1,-0.011645037037037044,0.0013155924764444444,-4.831030345859413e-05,2,"[1.0, 0, 1.6559999999999997, 0, 1]",0.0
1.6611111111111105,0,0.04022616598079562,-0.000689271865315247,5.226416238604155e-05,1,"[1.0, 0, 1.6611111111111105, 0, 1]",0.0
1.6611111111111105,1,-0.011488054412437144,0.0013151330102965332,-4.821466104831226e-05,2,"[1.0, 0, 1.6611111111111105, 0, 1]",0.0
1.6662222222222223,0,0.04013168614540466,-0.0006861452217812324,5.192270456537368e-05,1,"[1.0, 0, 1.6662222222222223, 0, 1]",0.0
1.6662222222222223,1,-0.011330588020118881,0.0013146317573681518,-4.811757585122399e-05,2,"[1.0, 0, 1.6662222222222223, 0, 1]",0.0
1.6713333333333331,0,0.04003691604938271,-0.0006829702143758574,5.158325615214593e-05,1,"[1.0, 0, 1.6713333333333331, 0, 1]",0.0
1.6713333333333331,1,-0.01117263786008231,0.0013140885890845907,-4.801903435387658e-05,2,"[1.0, 0, 1.6713333333333331, 0, 1]",0.0
1.676444444444444,0,0.039941855692729775,-0.0006797466947436879,5.124581245638295e-05,1,"[1.0, 0, 1.676444444444444, 0, 1]",0.0
1.676444444444444,1,-0.011014203932327403,0.001313503376871141,-4.791902295650745e-05,2,"[1.0, 0, 1.676444444444444, 0, 1]",0.0
1.6815555555555548,0,0.03984650507544583,-0.0006764745145292898,5.091036827091078e-05,1,"[1.0, 0, 1.6815555555555548, 0, 1]",0.0
1.6815555555555548,1,-0.010855286236854163,0.0013128759921530936,-4.781752797263207e-05,2,"[1.0, 0, 1.6815555555555548, 0, 1]",0.0
1.6866666666666665,0,0.039750864197530864,-0.0006731535253772291,5.0576917866743946e-05,1,"[1.0, 0, 1.6866666666666665, 0, 1]",0.0
1.6866666666666665,1,-0.010695884773662553,0.0013122063063557383,-4.771453562863029e-05,2,"[1.0, 0, 1.6866666666666665, 0, 1]",0.0
1.6917777777777774,0,0.03965493305898492,-0.0006697835789320737,5.0245454988458236e-05,1,"[1.0, 0, 1.6917777777777774, 0, 1]",0.0
1.6917777777777774,1,-0.010535999542752642,0.0013114941909043677,-4.761003206333198e-05,2,"[1.0, 0, 1.6917777777777774, 0, 1]",0.0
1.6968888888888882,0,0.03955871165980797,-0.000666364526838389,4.9915972849549046e-05,1,"[1.0, 0, 1.6968888888888882, 0, 1]",0.0
1.6968888888888882,1,-0.010375630544124392,0.0013107395172242717,-4.750400332760058e-05,2,"[1.0, 0, 1.6968888888888882, 0, 1]",0.0
1.702,0,0.039462199999999996,-0.0006628962207407407,4.95884641277762e-05,1,"[1.0, 0, 1.702, 0, 1]",0.0
1.702,1,-0.010214777777777777,0.0013099421567407405,-4.739643538391606e-05,2,"[1.0, 0, 1.702, 0, 1]",0.0
1.7071111111111108,0,0.03936539807956105,-0.0006593785122836968,4.9262920960494624e-05,1,"[1.0, 0, 1.7071111111111108, 0, 1]",0.0
1.7071111111111108,1,-0.010053441243712859,0.0013091019808790664,-4.728731410595652e-05,2,"[1.0, 0, 1.7071111111111108, 0, 1]",0.0
1.7122222222222216,0,0.03926830589849109,-0.0006558112531118229,4.8939334939970304e-05,1,"[1.0, 0, 1.7122222222222216, 0, 1]",0.0
1.7122222222222216,1,-0.0098916209419296,0.0013082188610645399,-4.717662527817817e-05,2,"[1.0, 0, 1.7122222222222216, 0, 1]",0.0
1.7173333333333334,0,0.039170923456790116,-0.0006521942948696846,4.861769710868293e-05,1,"[1.0, 0, 1.7173333333333334, 0, 1]",0.0
1.7173333333333334,1,-0.009729316872427982,0.001307292668722451,-4.7064354595394275e-05,2,"[1.0, 0, 1.7173333333333334, 0, 1]",0.0
1.7224444444444442,0,0.039073250754458166,-0.0006485274892018496,4.829799795461428e-05,1,"[1.0, 0, 1.7224444444444442, 0, 1]",0.0
1.7224444444444442,1,-0.009566529035208052,0.0013063232752780912,-4.695048766235311e-05,2,"[1.0, 0, 1.7224444444444442, 0, 1]",0.0
1.727555555555555,0,0.03897528779149521,-0.0006448106877528836,4.798022740652184e-05,1,"[1.0, 0, 1.727555555555555, 0, 1]",0.0
1.727555555555555,1,-0.009403257430269794,0.0013053105521567512,-4.683500999331409e-05,2,"[1.0, 0, 1.727555555555555, 0, 1]",0.0
1.732666666666666,0,0.038877034567901245,-0.0006410437421673531,4.7664374829199407e-05,1,"[1.0, 0, 1.732666666666666, 0, 1]",0.0
1.732666666666666,1,-0.009239502057613192,0.001304254370783722,-4.6717907011623136e-05,2,"[1.0, 0, 1.732666666666666, 0, 1]",0.0
1.7377777777777776,0,0.038778491083676266,-0.0006372265040898237,4.7350429018722754e-05,1,"[1.0, 0, 1.7377777777777776, 0, 1]",0.0
1.7377777777777776,1,-0.00907526291723823,0.0013031546025842945,-4.6599164049286415e-05,2,"[1.0, 0, 1.7377777777777776, 0, 1]",0.0
1.7428888888888885,0,0.03867965733882031,-0.0006333588251648634,4.7038378197681864e-05,1,"[1.0, 0, 1.7428888888888885, 0, 1]",0.0
1.7428888888888885,1,-0.00891054000914496,0.0013020111189837593,-4.64787663465431e-05,2,"[1.0, 0, 1.7428888888888885, 0, 1]",0.0
1.7479999999999993,0,0.03858053333333334,-0.0006294405570370376,4.672821001039819e-05,1,"[1.0, 0, 1.7479999999999993, 0, 1]",0.0
1.7479999999999993,1,-0.008745333333333355,0.0013008237914074077,-4.63566990514367e-05,2,"[1.0, 0, 1.7479999999999993, 0, 1]",0.0
1.753111111111111,0,0.03848111906721536,-0.0006254715513509119,4.641991151812894e-05,1,"[1.0, 0, 1.753111111111111, 0, 1]",0.0
1.753111111111111,1,-0.008579642889803382,0.0012995924912805297,-4.6232947219385095e-05,2,"[1.0, 0, 1.753111111111111, 0, 1]",0.0
1.758222222222222,0,0.038381414540466396,-0.0006214516597510545,4.611346919425648e-05,1,"[1.0, 0, 1.758222222222222, 0, 1]",0.0
1.758222222222222,1,-0.008413468678555108,0.0012983170900284175,-4.6107495812749605e-05,2,"[1.0, 0, 1.758222222222222, 0, 1]",0.0
1.7633333333333328,0,0.038281419753086424,-0.0006173807338820307,4.580886891946377e-05,1,"[1.0, 0, 1.7633333333333328, 0, 1]",0.0
1.7633333333333328,1,-0.008246810699588498,0.0012969974590763603,-4.598032970040225e-05,2,"[1.0, 0, 1.7633333333333328, 0, 1]",0.0
1.7684444444444445,0,0.03818113470507544,-0.0006132586253884063,4.550609597689602e-05,1,"[1.0, 0, 1.7684444444444445, 0, 1]",0.0
1.7684444444444445,1,-0.008079668952903518,0.0012956334698496505,-4.585143365729242e-05,2,"[1.0, 0, 1.7684444444444445, 0, 1]",0.0
1.7735555555555553,0,0.03808055939643347,-0.0006090851859147489,4.520513504730809e-05,1,"[1.0, 0, 1.7735555555555553, 0, 1]",0.0
1.7735555555555553,1,-0.007912043438500233,0.001294224993773578,-4.572079236401166e-05,2,"[1.0, 0, 1.7735555555555553, 0, 1]",0.0
1.7786666666666662,0,0.0379796938271605,-0.0006048602671056245,4.4905970204197585e-05,1,"[1.0, 0, 1.7786666666666662, 0, 1]",0.0
1.7786666666666662,1,-0.007743934156378616,0.0012927719022734342,-4.5588390406357644e-05,2,"[1.0, 0, 1.7786666666666662, 0, 1]",0.0
1.783777777777777,0,0.03787853799725653,-0.0006005837206055995,4.460858490892421e-05,1,"[1.0, 0, 1.783777777777777, 0, 1]",0.0
1.783777777777777,1,-0.007575341106538663,0.0012912740667745098,-4.545421227489661e-05,2,"[1.0, 0, 1.783777777777777, 0, 1]",0.0
1.7888888888888888,0,0.03777709190672153,-0.0005962553980592391,4.431296200581479e-05,1,"[1.0, 0, 1.7888888888888888, 0, 1]",0.0
1.7888888888888888,1,-0.007406264288980342,0.001289731358702095,-4.531824236452464e-05,2,"[1.0, 0, 1.7888888888888888, 0, 1]",0.0
1.7939999999999996,0,0.037675355555555554,-0.0005918751511111114,4.4019083717254666e-05,1,"[1.0, 0, 1.7939999999999996, 0, 1]",0.0
1.7939999999999996,1,-0.007236703703703714,0.0012881436494814815,-4.5180464974027805e-05,2,"[1.0, 0, 1.7939999999999996, 0, 1]",0.0
1.7991111111111104,0,0.03757332894375859,-0.0005874428314057822,4.372693163876414e-05,1,"[1.0, 0, 1.7991111111111104, 0, 1]",0.0
1.7991111111111104,1,-0.007066659350708757,0.0012865108105379604,-4.50408643056408e-05,2,"[1.0, 0, 1.7991111111111104, 0, 1]",0.0
1.8042222222222222,0,0.03747101207133059,-0.0005829582905878171,4.343648673406145e-05,1,"[1.0, 0, 1.8042222222222222, 0, 1]",0.0
1.8042222222222222,1,-0.006896131229995432,0.0012848327132968214,-4.489942446460428e-05,2,"[1.0, 0, 1.8042222222222222, 0, 1]",0.0
1.809333333333333,0,0.03736840493827161,-0.0005784213803017836,4.3147729330111975e-05,1,"[1.0, 0, 1.809333333333333, 0, 1]",0.0
1.809333333333333,1,-0.006725119341563796,0.0012831092291833565,-4.475612945872147e-05,2,"[1.0, 0, 1.809333333333333, 0, 1]",0.0
1.8144444444444439,0,0.037265507544581626,-0.0005738319521922476,4.286063911216244e-05,1,"[1.0, 0, 1.8144444444444439, 0, 1]",0.0
1.8144444444444439,1,-0.006553623685413828,0.0012813402296228556,-4.4610963197912734e-05,2,"[1.0, 0, 1.8144444444444439, 0, 1]",0.0
1.8195555555555556,0,0.03716231989026063,-0.0005691898579037748,4.257519511876168e-05,1,"[1.0, 0, 1.8195555555555556, 0, 1]",0.0
1.8195555555555556,1,-0.006381644261545492,0.0012795255860406102,-4.4463909493769546e-05,2,"[1.0, 0, 1.8195555555555556, 0, 1]",0.0
1.8246666666666664,0,0.03705884197530865,-0.0005644949490809331,4.229137573676734e-05,1,"[1.0, 0, 1.8246666666666664, 0, 1]",0.0
1.8246666666666664,1,-0.006209181069958856,0.0012776651698619113,-4.431495205910679e-05,2,"[1.0, 0, 1.8246666666666664, 0, 1]",0.0
1.8297777777777773,0,0.03695507379972566,-0.0005597470773682878,4.200915869633799e-05,1,"[1.0, 0, 1.8297777777777773, 0, 1]",0.0
1.8297777777777773,1,-0.00603623411065388,0.0012757588525120493,-4.416407450751397e-05,2,"[1.0, 0, 1.8297777777777773, 0, 1]",0.0
1.8348888888888881,0,0.036851015363511666,-0.0005549460944104056,4.172852106591173e-05,1,"[1.0, 0, 1.8348888888888881, 0, 1]",0.0
1.8348888888888881,1,-0.005862803383630568,0.0012738065054163155,-4.4011260352905104e-05,2,"[1.0, 0, 1.8348888888888881, 0, 1]",0.0
1.8399999999999999,0,0.036746666666666664,-0.0005500918518518521,4.144943924717035e-05,1,"[1.0, 0, 1.8399999999999999, 0, 1]",0.0
1.8399999999999999,1,-0.005688888888888896,0.0012718080000000001,-4.3856493009067376e-05,2,"[1.0, 0, 1.8399999999999999, 0, 1]",0.0
1.8451111111111107,0,0.03664202770919067,-0.000545184201337195,4.117188896998959e-05,1,"[1.0, 0, 1.8451111111111107, 0, 1]",0.0
1.8451111111111107,1,-0.005514490626428913,0.0012697632076883944,-4.369975578920859e-05,2,"[1.0, 0, 1.8451111111111107, 0, 1]",0.0
1.8502222222222215,0,0.03653709849108369,-0.0005402229945110001,4.0895845287375116e-05,1,"[1.0, 0, 1.8502222222222215, 0, 1]",0.0
1.8502222222222215,1,-0.005339608596250593,0.0012676719999067895,-4.354103190550322e-05,2,"[1.0, 0, 1.8502222222222215, 0, 1]",0.0
1.8553333333333333,0,0.03643187901234568,-0.0005352080830178328,4.062128257038445e-05,1,"[1.0, 0, 1.8553333333333333, 0, 1]",0.0
1.8553333333333333,1,-0.00516424279835391,0.0012655342480804757,-4.338030446863725e-05,2,"[1.0, 0, 1.8553333333333333, 0, 1]",0.0
1.8604444444444441,0,0.03632636927297668,-0.0005301393185022611,4.034817450303526e-05,1,"[1.0, 0, 1.8604444444444441, 0, 1]",0.0
1.8604444444444441,1,-0.004988393232738926,0.0012633498236347442,-4.321755648735184e-05,2,"[1.0, 0, 1.8604444444444441, 0, 1]",0.0
1.865555555555555,0,0.03622056927297669,-0.0005250165526088509,4.007649407719886e-05,1,"[1.0, 0, 1.865555555555555, 0, 1]",0.0
1.865555555555555,1,-0.004812059899405599,0.001261118597994886,-4.305277086798566e-05,2,"[1.0, 0, 1.865555555555555, 0, 1]",0.0
1.8706666666666667,0,0.03611447901234567,-0.0005198396369821674,3.9806213587479895e-05,1,"[1.0, 0, 1.8706666666666667, 0, 1]",0.0
1.8706666666666667,1,-0.0046352427983539085,0.0012588404425861912,-4.288593041401587e-05,2,"[1.0, 0, 1.8706666666666667, 0, 1]",0.0
1.8757777777777775,0,0.036008098491083676,-0.0005146084232667787,3.953730462608248e-05,1,"[1.0, 0, 1.8757777777777775, 0, 1]",0.0
1.8757777777777775,1,-0.004457941929583917,0.0012565152288339515,-4.271701782559808e-05,2,"[1.0, 0, 1.8757777777777775, 0, 1]",0.0
1.8808888888888884,0,0.03590142770919068,-0.0005093227631072503,3.926973807766118e-05,1,"[1.0, 0, 1.8808888888888884, 0, 1]",0.0
1.8808888888888884,1,-0.004280157293095582,0.0012541428281634577,-4.254601569910478e-05,2,"[1.0, 0, 1.8808888888888884, 0, 1]",0.0
1.8859999999999992,0,0.03579446666666668,-0.000503982508148149,3.900348411415888e-05,1,"[1.0, 0, 1.8859999999999992, 0, 1]",0.0
1.8859999999999992,1,-0.004101888888888912,0.0012517231120000006,-4.2372906526662676e-05,2,"[1.0, 0, 1.8859999999999992, 0, 1]",0.0
1.891111111111111,0,0.03568721536351166,-0.0004985875100340397,3.873851218963006e-05,1,"[1.0, 0, 1.891111111111111, 0, 1]",0.0
1.891111111111111,1,-0.003923136716963885,0.00124925595176887,-4.219767269568861e-05,2,"[1.0, 0, 1.891111111111111, 0, 1]",0.0
1.8962222222222218,0,0.03557967379972565,-0.0004931376204094908,3.8474791035050205e-05,1,"[1.0, 0, 1.8962222222222218, 0, 1]",0.0
1.8962222222222218,1,-0.0037439007773205427,0.001246741218895358,-4.202029648842457e-05,2,"[1.0, 0, 1.8962222222222218, 0, 1]",0.0
1.9013333333333327,0,0.03547184197530866,-0.00048763269091906805,3.8212288653110955e-05,1,"[1.0, 0, 1.9013333333333327, 0, 1]",0.0
1.9013333333333327,1,-0.0035641810699588716,0.0012441787848047558,-4.184076008147101e-05,2,"[1.0, 0, 1.9013333333333327, 0, 1]",0.0
1.9064444444444444,0,0.03536371989026063,-0.00048207257320733625,3.7950972313001144e-05,1,"[1.0, 0, 1.9064444444444444, 0, 1]",0.0
1.9064444444444444,1,-0.00338397759487883,0.0012415685209223523,-4.165904554531889e-05,2,"[1.0, 0, 1.9064444444444444, 0, 1]",0.0
1.9115555555555552,0,0.03525530754458162,-0.00047645711891886446,3.7690808545174186e-05,1,"[1.0, 0, 1.9115555555555552, 0, 1]",0.0
1.9115555555555552,1,-0.0032032903520804873,0.0012389102986734408,-4.147513484388122e-05,2,"[1.0, 0, 1.9115555555555552, 0, 1]",0.0
1.916666666666666,0,0.03514660493827161,-0.00047078617969821746,3.743176313610072e-05,1,"[1.0, 0, 1.916666666666666, 0, 1]",0.0
1.916666666666666,1,-0.0030221193415638087,0.0012362039894833108,-4.128900983402214e-05,2,"[1.0, 0, 1.916666666666666, 0, 1]",0.0
1.9217777777777778,0,0.03503761207133059,-0.00046505960718996094,3.717380112300766e-05,1,"[1.0, 0, 1.9217777777777778, 0, 1]",0.0
1.9217777777777778,1,-0.0028404645633287595,0.0012334494647772529,-4.110065226508571e-05,2,"[1.0, 0, 1.9217777777777778, 0, 1]",0.0
1.9268888888888887,0,0.03492832894375858,-0.0004592772530386631,3.691688678860298e-05,1,"[1.0, 0, 1.9268888888888887, 0, 1]",0.0
1.9268888888888887,1,-0.002658326017375409,0.0012306465959805587,-4.091004377842311e-05,2,"[1.0, 0, 1.9268888888888887, 0, 1]",0.0
1.9319999999999995,0,0.03481875555555557,-0.00045343896888888933,3.66609836557864e-05,1,"[1.0, 0, 1.9319999999999995, 0, 1]",0.0
1.9319999999999995,1,-0.002475703703703723,0.0012277952545185185,-4.071716590691843e-05,2,"[1.0, 0, 1.9319999999999995, 0, 1]",0.0
1.9371111111111103,0,0.03470889190672155,-0.0004475446063852065,3.640605448234603e-05,1,"[1.0, 0, 1.9371111111111103, 0, 1]",0.0
1.9371111111111103,1,-0.002292597622313701,0.001224895311816424,-4.052200007451342e-05,2,"[1.0, 0, 1.9371111111111103, 0, 1]",0.0
1.942222222222222,0,0.03459873799725652,-0.0004415940171721792,3.6152061255640895e-05,1,"[1.0, 0, 1.942222222222222, 0, 1]",0.0
1.942222222222222,1,-0.0021090077732053084,0.001221946639299565,-4.032452759573079e-05,2,"[1.0, 0, 1.942222222222222, 0, 1]",0.0
1.947333333333333,0,0.034488293827160496,-0.00043558705289437657,3.589896518726951e-05,1,"[1.0, 0, 1.947333333333333, 0, 1]",0.0
1.947333333333333,1,-0.0019249341563786146,0.0012189491083932332,-4.0124729675196496e-05,2,"[1.0, 0, 1.947333333333333, 0, 1]",0.0
1.9524444444444438,0,0.034377559396433485,-0.0004295235651963631,3.5646726707724125e-05,1,"[1.0, 0, 1.9524444444444438, 0, 1]",0.0
1.9524444444444438,1,-0.001740376771833585,0.0012159025905227184,-3.992258740716043e-05,2,"[1.0, 0, 1.9524444444444438, 0, 1]",0.0
1.9575555555555555,0,0.034266534705075444,-0.00042340340572270493,3.53953054610309e-05,1,"[1.0, 0, 1.9575555555555555, 0, 1]",0.0
1.9575555555555555,1,-0.0015553356195701917,0.0012128069571133127,-3.9718081775016264e-05,2,"[1.0, 0, 1.9575555555555555, 0, 1]",0.0
1.9626666666666663,0,0.03415521975308643,-0.00041722642611797015,3.514466029937652e-05,1,"[1.0, 0, 1.9626666666666663, 0, 1]",0.0
1.9626666666666663,1,-0.0013698106995884904,0.0012096620795903066,-3.951119365081957e-05,2,"[1.0, 0, 1.9626666666666663, 0, 1]",0.0
1.9677777777777772,0,0.0340436145404664,-0.00041099247802672443,3.489474927771979e-05,1,"[1.0, 0, 1.9677777777777772, 0, 1]",0.0
1.9677777777777772,1,-0.0011838020118884532,0.0012064678293789907,-3.930190379480501e-05,2,"[1.0, 0, 1.9677777777777772, 0, 1]",0.0
1.972888888888889,0,0.03393171906721536,-0.0004047014130935327,3.464552964839003e-05,1,"[1.0, 0, 1.972888888888889, 0, 1]",0.0
1.972888888888889,1,-0.0009973095564700524,0.0012032240779046555,-3.9090192854902126e-05,2,"[1.0, 0, 1.972888888888889, 0, 1]",0.0
1.9779999999999998,0,0.03381953333333333,-0.0003983530829629633,3.4396957855670995e-05,1,"[1.0, 0, 1.9779999999999998, 0, 1]",0.0
1.9779999999999998,1,-0.0008103333333333435,0.0011999306965925927,-3.887604136625003e-05,2,"[1.0, 0, 1.9779999999999998, 0, 1]",0.0
1.9831111111111106,0,0.033707057338820304,-0.000391947339279582,3.4148989530370464e-05,1,"[1.0, 0, 1.9831111111111106, 0, 1]",0.0
1.9831111111111106,1,-0.0006228733424782987,0.0011965875568680931,-3.865942975071051e-05,2,"[1.0, 0, 1.9831111111111106, 0, 1]",0.0
1.9882222222222214,0,0.033594291083676286,-0.0003854840336879551,3.390157948437633e-05,1,"[1.0, 0, 1.9882222222222214, 0, 1]",0.0
1.9882222222222214,1,-0.000434929583904925,0.0011931945301564468,-3.844033831638014e-05,2,"[1.0, 0, 1.9882222222222214, 0, 1]",0.0
1.9933333333333332,0,0.03348123456790124,-0.0003789630178326478,3.365468170519796e-05,1,"[1.0, 0, 1.9933333333333332, 0, 1]",0.0
1.9933333333333332,1,-0.0002465020576131738,0.001189751487882945,-3.82187472571011e-05,2,"[1.0, 0, 1.9933333333333332, 0, 1]",0.0
1.998444444444444,0,0.0333678877914952,-0.00037238414335822857,3.3408249350494214e-05,1,"[1.0, 0, 1.998444444444444, 0, 1]",0.0
1.998444444444444,1,-5.759076360312837e-05,0.001186258301472879,-3.7994636651970694e-05,2,"[1.0, 0, 1.998444444444444, 0, 1]",0.0
2.003555555555555,0,0.033254250754458176,-0.0003657472619092627,3.316223474258661e-05,1,"[1.0, 0, 2.003555555555555, 0, 1]",0.0
2.003555555555555,1,0.00013180429812525984,0.001182714842351539,-3.776798646484947e-05,2,"[1.0, 0, 2.003555555555555, 0, 1]",0.0
2.0086666666666666,0,0.03314032345679012,-0.0003590522251303155,3.2916589362958753e-05,1,"[1.0, 0, 2.0086666666666666, 0, 1]",0.0
2.0086666666666666,1,0.0003216831275720186,0.0011791209819442157,-3.7538776543868303e-05,2,"[1.0, 0, 2.0086666666666666, 0, 1]",0.0
2.0137777777777774,0,0.03302610589849109,-0.0003522988846659559,3.267126384674202e-05,1,"[1.0, 0, 2.0137777777777774, 0, 1]",0.0
2.0137777777777774,1,0.0005120457247370716,0.0011754765916762013,-3.7306986620934255e-05,2,"[1.0, 0, 2.0137777777777774, 0, 1]",0.0
2.0188888888888883,0,0.03291159807956105,-0.000345487092160749,3.2426207977186394e-05,1,"[1.0, 0, 2.0188888888888883, 0, 1]",0.0
2.0188888888888883,1,0.0007028920896204605,0.0011717815429727859,-3.7072596311234725e-05,2,"[1.0, 0, 2.0188888888888883, 0, 1]",0.0
2.024,0,0.0327968,-0.0003386166992592595,3.218137068011787e-05,1,"[1.0, 0, 2.024, 0, 1]",0.0
2.024,1,0.0008942222222222199,0.0011680357072592594,-3.683558511274078e-05,2,"[1.0, 0, 2.024, 0, 1]",0.0
2.029111111111111,0,0.03268171165980796,-0.0003316875576060566,3.1936700018381525e-05,1,"[1.0, 0, 2.029111111111111, 0, 1]",0.0
2.029111111111111,1,0.0010860361225422874,0.0011642389559609143,-3.6595932405709314e-05,2,"[1.0, 0, 2.029111111111111, 0, 1]",0.0
2.0342222222222217,0,0.03256633305898492,-0.00032469951884570513,3.1692143186270445e-05,1,"[1.0, 0, 2.0342222222222217, 0, 1]",0.0
2.0342222222222217,1,0.0012783337905806838,0.00116039116050304,-3.635361745218333e-05,2,"[1.0, 0, 2.0342222222222217, 0, 1]",0.0
2.0393333333333326,0,0.03245066419753088,-0.0003176524346227722,3.144764650394067e-05,1,"[1.0, 0, 2.0393333333333326, 0, 1]",0.0
2.0393333333333326,1,0.001471115226337416,0.001156492192310929,-3.610861939549173e-05,2,"[1.0, 0, 2.0393333333333326, 0, 1]",0.0
2.0444444444444443,0,0.03233470507544582,-0.00031054615658182225,3.1203155411812006e-05,1,"[1.0, 0, 2.0444444444444443, 0, 1]",0.0
2.0444444444444443,1,0.001664380429812519,0.0011525419228098702,-3.586091725974707e-05,2,"[1.0, 0, 2.0444444444444443, 0, 1]",0.0
2.049555555555555,0,0.032218455692729776,-0.00030338053636742455,3.0958614464954833e-05,1,"[1.0, 0, 2.049555555555555, 0, 1]",0.0
2.049555555555555,1,0.001858129401005923,0.001148540223425156,-3.5610489949342876e-05,2,"[1.0, 0, 2.049555555555555, 0, 1]",0.0
2.054666666666666,0,0.03210191604938273,-0.00029615542562414366,3.071396732746264e-05,1,"[1.0, 0, 2.054666666666666, 0, 1]",0.0
2.054666666666666,1,0.0020523621399176697,0.0011444869655820764,-3.535731624844889e-05,2,"[1.0, 0, 2.054666666666666, 0, 1]",0.0
2.0597777777777777,0,0.03198508614540466,-0.0002888706759965454,3.0469156766810663e-05,1,"[1.0, 0, 2.0597777777777777, 0, 1]",0.0
2.0597777777777777,1,0.00224707864654778,0.0011403820207059221,-3.510137482050562e-05,2,"[1.0, 0, 2.0597777777777777, 0, 1]",0.0
2.0648888888888886,0,0.031867965980795616,-0.0002815261391291986,3.0224124648200433e-05,1,"[1.0, 0, 2.0648888888888886, 0, 1]",0.0
2.0648888888888886,1,0.002442278920896185,0.0011362252602219857,-3.484264420771756e-05,2,"[1.0, 0, 2.0648888888888886, 0, 1]",0.0
2.0699999999999994,0,0.03175055555555556,-0.00027412166666666735,2.9978811928889986e-05,1,"[1.0, 0, 2.0699999999999994, 0, 1]",0.0
2.0699999999999994,1,0.002637962962962939,0.001132016555555556,-3.4581102830544616e-05,2,"[1.0, 0, 2.0699999999999994, 0, 1]",0.0
2.075111111111111,0,0.03163285486968449,-0.00026665711025351823,2.973315865251034e-05,1,"[1.0, 0, 2.075111111111111, 0, 1]",0.0
2.075111111111111,1,0.002834130772748057,0.0011277557781319242,-3.431672898719308e-05,2,"[1.0, 0, 2.075111111111111, 0, 1]",0.0
2.080222222222222,0,0.031514863923182444,-0.0002591323215343194,2.948710394336771e-05,1,"[1.0, 0, 2.080222222222222, 0, 1]",0.0
2.080222222222222,1,0.0030307823502514764,0.0011234427993763825,-3.404950085310487e-05,2,"[1.0, 0, 2.080222222222222, 0, 1]",0.0
2.085333333333333,0,0.03139658271604939,-0.00025154715215363585,2.9240586000731502e-05,1,"[1.0, 0, 2.085333333333333, 0, 1]",0.0
2.085333333333333,1,0.0032279176954732314,0.0011190774907142208,-3.377939648044535e-05,2,"[1.0, 0, 2.085333333333333, 0, 1]",0.0
2.0904444444444437,0,0.03127801124828534,-0.0002439014537560343,2.899354209310849e-05,1,"[1.0, 0, 2.0904444444444437, 0, 1]",0.0
2.0904444444444437,1,0.0034255368084133223,0.00111465972357073,-3.350639379759035e-05,2,"[1.0, 0, 2.0904444444444437, 0, 1]",0.0
2.0955555555555554,0,0.03115914951989026,-0.00023619507798607937,2.874590855250273e-05,1,"[1.0, 0, 2.0955555555555554, 0, 1]",0.0
2.0955555555555554,1,0.0036236396890717837,0.0011101893693712,-3.323047060861151e-05,2,"[1.0, 0, 2.0955555555555554, 0, 1]",0.0
2.1006666666666662,0,0.031039997530864203,-0.00022842787648834093,2.849762076866158e-05,1,"[1.0, 0, 2.1006666666666662, 0, 1]",0.0
2.1006666666666662,1,0.0038222263374485463,0.001105666299540924,-3.295160459276086e-05,2,"[1.0, 0, 2.1006666666666662, 0, 1]",0.0
2.105777777777777,0,0.030920555281207143,-0.00022059970090738298,2.824861318330724e-05,1,"[1.0, 0, 2.105777777777777, 0, 1]",0.0
2.105777777777777,1,0.004021296753543645,0.001101090385505191,-3.2669773303953385e-05,2,"[1.0, 0, 2.105777777777777, 0, 1]",0.0
2.110888888888889,0,0.030800822770919063,-0.00021271040288777112,2.7998819284354597e-05,1,"[1.0, 0, 2.110888888888889, 0, 1]",0.0
2.110888888888889,1,0.004220850937357107,0.0010964614986892919,-3.238495417024899e-05,2,"[1.0, 0, 2.110888888888889, 0, 1]",0.0
2.1159999999999997,0,0.030680800000000005,-0.00020475983407407483,2.7748171600114976e-05,1,"[1.0, 0, 2.1159999999999997, 0, 1]",0.0
2.1159999999999997,1,0.00442088888888887,0.0010917795105185191,-3.209712449333314e-05,2,"[1.0, 0, 2.1159999999999997, 0, 1]",0.0
2.1211111111111105,0,0.03056048696844994,-0.00019674784611085788,2.749660169348539e-05,1,"[1.0, 0, 2.1211111111111105, 0, 1]",0.0
2.1211111111111105,1,0.004621410608138983,0.0010870442924181614,-3.18062614479956e-05,2,"[1.0, 0, 2.1211111111111105, 0, 1]",0.0
2.1262222222222222,0,0.030439883676268858,-0.00018867429064268673,2.724404015612419e-05,1,"[1.0, 0, 2.1262222222222222, 0, 1]",0.0
2.1262222222222222,1,0.004822416095107453,0.0010822557158135107,-3.151234208160889e-05,2,"[1.0, 0, 2.1262222222222222, 0, 1]",0.0
2.131333333333333,0,0.030318990123456794,-0.0001805390193141294,2.6990416602612458e-05,1,"[1.0, 0, 2.131333333333333, 0, 1]",0.0
2.131333333333333,1,0.00502390534979423,0.0010774136521298585,-3.121534331360471e-05,2,"[1.0, 0, 2.131333333333333, 0, 1]",0.0
2.136444444444444,0,0.030197806310013724,-0.00017234188376975148,2.6735659664601102e-05,1,"[1.0, 0, 2.136444444444444, 0, 1]",0.0
2.136444444444444,1,0.005225878372199337,0.0010725179727924948,-3.0915241934949306e-05,2,"[1.0, 0, 2.136444444444444, 0, 1]",0.0
2.1415555555555548,0,0.030076332235939657,-0.000164082735654119,2.6479696984944215e-05,1,"[1.0, 0, 2.1415555555555548, 0, 1]",0.0
2.1415555555555548,1,0.005428335162322787,0.0010675685492267106,-3.061201460761779e-05,2,"[1.0, 0, 2.1415555555555548, 0, 1]",0.0
2.1466666666666665,0,0.029954567901234568,-0.00015576142661179748,2.6222455211818043e-05,1,"[1.0, 0, 2.1466666666666665, 0, 1]",0.0
2.1466666666666665,1,0.0056312757201646,0.0010625652528577965,-3.0305637864066964e-05,2,"[1.0, 0, 2.1466666666666665, 0, 1]",0.0
2.1517777777777773,0,0.029832513305898496,-0.00014737780828735534,2.596385999282623e-05,1,"[1.0, 0, 2.1517777777777773, 0, 1]",0.0
2.1517777777777773,1,0.005834700045724721,0.001057507955111044,-2.9996088106706984e-05,2,"[1.0, 0, 2.1517777777777773, 0, 1]",0.0
2.156888888888888,0,0.029710168449931424,-0.00013893173232535809,2.570383596909047e-05,1,"[1.0, 0, 2.156888888888888, 0, 1]",0.0
2.156888888888888,1,0.006038608139003178,0.0010523965274117435,-2.9683341607371673e-05,2,"[1.0, 0, 2.156888888888888, 0, 1]",0.0
2.162,0,0.02958753333333333,-0.0001304230503703706,2.5442306769327485e-05,1,"[1.0, 0, 2.162, 0, 1]",0.0
2.162,1,0.0062429999999999986,0.0010472308411851854,-2.9367374506787637e-05,2,"[1.0, 0, 2.162, 0, 1]",0.0
2.1671111111111108,0,0.02946460795610426,-0.00012185161406696225,2.517919500391193e-05,1,"[1.0, 0, 2.1671111111111108, 0, 1]",0.0
2.1671111111111108,1,0.0064478756287151134,0.001042010767856662,-2.90481628140423e-05,2,"[1.0, 0, 2.1671111111111108, 0, 1]",0.0
2.1722222222222216,0,0.029341392318244182,-0.0001132172750596973,2.491442225892478e-05,1,"[1.0, 0, 2.1722222222222216, 0, 1]",0.0
2.1722222222222216,1,0.006653235025148578,0.0010367361788514628,-2.872568240605013e-05,2,"[1.0, 0, 2.1722222222222216, 0, 1]",0.0
2.1773333333333333,0,0.02921788641975308,-0.00010451988499314122,2.4647909090188066e-05,1,"[1.0, 0, 2.1773333333333333, 0, 1]",0.0
2.1773333333333333,1,0.006859078189300413,0.0010314069455948786,-2.8399909027018264e-05,2,"[1.0, 0, 2.1773333333333333, 0, 1]",0.0
2.182444444444444,0,0.029094090260631002,-9.575929551186346e-05,2.4379575017285548e-05,1,"[1.0, 0, 2.182444444444444, 0, 1]",0.0
2.182444444444444,1,0.007065405121170543,0.001026022939512202,-2.8070818287910573e-05,2,"[1.0, 0, 2.182444444444444, 0, 1]",0.0
2.187555555555555,0,0.02897000384087792,-8.693535826042852e-05,2.4109338517568797e-05,1,"[1.0, 0, 2.187555555555555, 0, 1]",0.0
2.187555555555555,1,0.007272215820759008,0.0010205840320287223,-2.7738385665910165e-05,2,"[1.0, 0, 2.187555555555555, 0, 1]",0.0
2.192666666666666,0,0.028845627160493846,-7.804792488340345e-05,2.3837117020149785e-05,1,"[1.0, 0, 2.192666666666666, 0, 1]",0.0
2.192666666666666,1,0.007479510288065809,0.0010150900945697311,-2.740258650388123e-05,2,"[1.0, 0, 2.192666666666666, 0, 1]",0.0
2.1977777777777776,0,0.02872096021947874,-6.90968470253524e-05,2.356282689987892e-05,1,"[1.0, 0, 2.1977777777777776, 0, 1]",0.0
2.1977777777777776,1,0.007687288523090981,0.0010095409985605179,-2.706339600982907e-05,2,"[1.0, 0, 2.1977777777777776, 0, 1]",0.0
2.2028888888888885,0,0.028596003017832654,-6.008197633084456e-05,2.3286383471309533e-05,1,"[1.0, 0, 2.2028888888888885, 0, 1]",0.0
2.2028888888888885,1,0.00789555052583446,0.0010039366154263752,-2.6720789256359434e-05,2,"[1.0, 0, 2.2028888888888885, 0, 1]",0.0
2.2079999999999993,0,0.028470755555555567,-5.100316444444572e-05,2.3007700982647594e-05,1,"[1.0, 0, 2.2079999999999993, 0, 1]",0.0
2.2079999999999993,1,0.00810429629629627,0.0009982768165925934,-2.6374741180135917e-05,2,"[1.0, 0, 2.2079999999999993, 0, 1]",0.0
2.213111111111111,0,0.02834521783264746,-4.186026301072033e-05,2.2726692609687856e-05,1,"[1.0, 0, 2.213111111111111, 0, 1]",0.0
2.213111111111111,1,0.008313525834476442,0.0009925614734844625,-2.6025226581336568e-05,2,"[1.0, 0, 2.213111111111111, 0, 1]",0.0
2.218222222222222,0,0.02821938984910837,-3.2653123674237295e-05,2.2443270449735877e-05,1,"[1.0, 0, 2.218222222222222, 0, 1]",0.0
2.218222222222222,1,0.008523239140374929,0.0009867904575272745,-2.567222012310927e-05,2,"[1.0, 0, 2.218222222222222, 0, 1]",0.0
2.2233333333333327,0,0.028093271604938283,-2.3381598079562057e-05,2.2157345515515584e-05,1,"[1.0, 0, 2.2233333333333327, 0, 1]",0.0
2.2233333333333327,1,0.008733436213991745,0.0009809636401463197,-2.5315696331025454e-05,2,"[1.0, 0, 2.2233333333333327, 0, 1]",0.0
2.2284444444444444,0,0.027966863100137167,-1.4045537871259397e-05,2.186882772906313e-05,1,"[1.0, 0, 2.2284444444444444, 0, 1]",0.0
2.2284444444444444,1,0.008944117055326932,0.0009750808927668884,-2.4955629592532904e-05,2,"[1.0, 0, 2.2284444444444444, 0, 1]",0.0
2.2335555555555553,0,0.027840164334705077,-4.644794693898885e-06,2.1577625915606702e-05,1,"[1.0, 0, 2.2335555555555553, 0, 1]",0.0
2.2335555555555553,1,0.00915528166438042,0.0009691420868142734,-2.4591994156407346e-05,2,"[1.0, 0, 2.2335555555555553, 0, 1]",0.0
2.238666666666666,0,0.027713175308641983,4.820779807955017e-06,2.1283647797431747e-05,1,"[1.0, 0, 2.238666666666666, 0, 1]",0.0
2.238666666666666,1,0.009366930041152244,0.0009631470937137639,-2.4224764132202263e-05,2,"[1.0, 0, 2.238666666666666, 0, 1]",0.0
2.243777777777777,0,0.02758589602194789,1.4351333989735935e-05,2.0986799987732686e-05,1,"[1.0, 0, 2.243777777777777, 0, 1]",0.0
2.243777777777777,1,0.009579062185642404,0.000957095784890651,-2.385391348969813e-05,2,"[1.0, 0, 2.243777777777777, 0, 1]",0.0
2.2488888888888887,0,0.02745832647462277,2.3947016206878477e-05,2.0686987984450163e-05,1,"[1.0, 0, 2.2488888888888887, 0, 1]",0.0
2.2488888888888887,1,0.009791678097850927,0.0009509880317702252,-2.347941605834987e-05,2,"[1.0, 0, 2.2488888888888887, 0, 1]",0.0
2.2539999999999996,0,0.027330466666666674,3.360797481481365e-05,2.0384116164094586e-05,1,"[1.0, 0, 2.2539999999999996, 0, 1]",0.0
2.2539999999999996,1,0.010004777777777758,0.0009448237057777785,-2.3101245526733454e-05,2,"[1.0, 0, 2.2539999999999996, 0, 1]",0.0
2.2591111111111104,0,0.027202316598079573,4.333435816897704e-05,2.007808777555498e-05,1,"[1.0, 0, 2.2591111111111104, 0, 1]",0.0
2.2591111111111104,1,0.010218361225422926,0.000938602678338601,-2.2719375441990733e-05,2,"[1.0, 0, 2.2591111111111104, 0, 1]",0.0
2.264222222222222,0,0.027073876268861454,5.312631462480261e-05,1.9768804933894347e-05,1,"[1.0, 0, 2.264222222222222, 0, 1]",0.0
2.264222222222222,1,0.010432428440786456,0.0009323248208779831,-2.2333779209273464e-05,2,"[1.0, 0, 2.264222222222222, 0, 1]",0.0
2.269333333333333,0,0.026945145679012353,6.298399253772199e-05,1.9456168614130787e-05,1,"[1.0, 0, 2.269333333333333, 0, 1]",0.0
2.269333333333333,1,0.010646979423868295,0.000925990004821217,-2.1944430091186016e-05,2,"[1.0, 0, 2.269333333333333, 0, 1]",0.0
2.274444444444444,0,0.026816124828532246,7.29075402631698e-05,1.9140078645004178e-05,1,"[1.0, 0, 2.274444444444444, 0, 1]",0.0
2.274444444444444,1,0.01086201417466847,0.0009195981015935927,-2.1551301207226422e-05,2,"[1.0, 0, 2.274444444444444, 0, 1]",0.0
2.2795555555555556,0,0.026686813717421123,8.289710615658166e-05,1.8820433702729233e-05,1,"[1.0, 0, 2.2795555555555556, 0, 1]",0.0
2.2795555555555556,1,0.011077532693187016,0.0009131489826204001,-2.1154365533226613e-05,2,"[1.0, 0, 2.2795555555555556, 0, 1]",0.0
2.2846666666666664,0,0.026557212345679013,9.295283857338785e-05,1.8497131304734358e-05,1,"[1.0, 0, 2.2846666666666664, 0, 1]",0.0
2.2846666666666664,1,0.011293534979423862,0.0009066425193269321,-2.07535959007914e-05,2,"[1.0, 0, 2.2846666666666664, 0, 1]",0.0
2.2897777777777772,0,0.026427320713305905,0.00010307488586902303,1.817006780338613e-05,1,"[1.0, 0, 2.2897777777777772, 0, 1]",0.0
2.2897777777777772,1,0.011510021033379038,0.0009000785831384788,-2.034896499673568e-05,2,"[1.0, 0, 2.2897777777777772, 0, 1]",0.0
2.294888888888888,0,0.026297138820301796,0.00011326339639892142,1.7839138379700063e-05,1,"[1.0, 0, 2.294888888888888, 0, 1]",0.0
2.294888888888888,1,0.01172699085505255,0.0008934570454803309,-1.99404453625209e-05,2,"[1.0, 0, 2.294888888888888, 0, 1]",0.0
2.3,0,0.026166666666666668,0.00012351851851851809,1.7504237037037043e-05,1,"[1.0, 0, 2.3, 0, 1]",0.0
2.3,1,0.011944444444444438,0.0008867777777777781,-1.9528009393690002e-05,2,"[1.0, 0, 2.3, 0, 1]",0.0
2.3051111111111107,0,0.026035904252400554,0.00013384040058324353,1.7165256594785956e-05,1,"[1.0, 0, 2.3051111111111107, 0, 1]",0.0
2.3051111111111107,1,0.012162381801554621,0.0008800406514561131,-1.911162933930146e-05,2,"[1.0, 0, 2.3051111111111107, 0, 1]",0.0
2.3102222222222215,0,0.025904851577503444,0.0001442291909485328,1.6822088682031796e-05,1,"[1.0, 0, 2.3102222222222215, 0, 1]",0.0
2.3102222222222215,1,0.01238080292638314,0.0008732455379406266,-1.8691277301361386e-05,2,"[1.0, 0, 2.3102222222222215, 0, 1]",0.0
2.3153333333333332,0,0.025773508641975307,0.0001546850379698215,1.6474623731209993e-05,1,"[1.0, 0, 2.3153333333333332, 0, 1]",0.0
2.3153333333333332,1,0.012599707818930037,0.0008663923086566073,-1.826692523425485e-05,2,"[1.0, 0, 2.3153333333333332, 0, 1]",0.0
2.320444444444444,0,0.02564187544581619,0.0001652080900025395,1.612275097174686e-05,1,"[1.0, 0, 2.320444444444444, 0, 1]",0.0
2.320444444444444,1,0.012819096479195227,0.000859480835029349,-1.7838544944176234e-05,2,"[1.0, 0, 2.320444444444444, 0, 1]",0.0
2.325555555555555,0,0.025509951989026072,0.00017579849540212252,1.576635842368527e-05,1,"[1.0, 0, 2.325555555555555, 0, 1]",0.0
2.325555555555555,1,0.01303896890717876,0.0008525109884841412,-1.7406108088557394e-05,2,"[1.0, 0, 2.325555555555555, 0, 1]",0.0
2.3306666666666667,0,0.025377738271604933,0.0001864564025240052,1.540533289129691e-05,1,"[1.0, 0, 2.3306666666666667, 0, 1]",0.0
2.3306666666666667,1,0.013259325102880658,0.0008454826404462736,-1.6969586175495367e-05,2,"[1.0, 0, 2.3306666666666667, 0, 1]",0.0
2.3357777777777775,0,0.025245234293552812,0.00019718195972361874,1.5039559956680305e-05,1,"[1.0, 0, 2.3357777777777775, 0, 1]",0.0
2.3357777777777775,1,0.013480165066300863,0.000838395662341039,-1.652895056317874e-05,2,"[1.0, 0, 2.3357777777777775, 0, 1]",0.0
2.3408888888888884,0,0.025112440054869692,0.00020797531535639776,1.4668923973344387e-05,1,"[1.0, 0, 2.3408888888888884, 0, 1]",0.0
2.3408888888888884,1,0.01370148879743939,0.000831249925593728,-1.6084172459312236e-05,2,"[1.0, 0, 2.3408888888888884, 0, 1]",0.0
2.345999999999999,0,0.024979355555555572,0.00021883661777777596,1.4293308059778415e-05,1,"[1.0, 0, 2.345999999999999, 0, 1]",0.0
2.345999999999999,1,0.01392329629629626,0.0008240453016296307,-1.5635222920540495e-05,2,"[1.0, 0, 2.345999999999999, 0, 1]",0.0
2.351111111111111,0,0.024845980795610425,0.00022976601534318935,1.3912594093007541e-05,1,"[1.0, 0, 2.351111111111111, 0, 1]",0.0
2.351111111111111,1,0.014145587562871507,0.000816781661874037,-1.5182072851870473e-05,2,"[1.0, 0, 2.351111111111111, 0, 1]",0.0
2.3562222222222218,0,0.024712315775034303,0.00024076365640806672,1.3526662702134683e-05,1,"[1.0, 0, 2.3562222222222218, 0, 1]",0.0
2.3562222222222218,1,0.014368362597165042,0.0008094588777522406,-1.4724693006092844e-05,2,"[1.0, 0, 2.3562222222222218, 0, 1]",0.0
2.3613333333333326,0,0.024578360493827174,0.00025182968932784477,1.3135393261867558e-05,1,"[1.0, 0, 2.3613333333333326, 0, 1]",0.0
2.3613333333333326,1,0.014591621399176927,0.0008020768206895301,-1.4263053983201302e-05,2,"[1.0, 0, 2.3613333333333326, 0, 1]",0.0
2.3664444444444444,0,0.024444114951989025,0.00026296426245795855,1.273866388603237e-05,1,"[1.0, 0, 2.3664444444444444, 0, 1]",0.0
2.3664444444444444,1,0.014815363968907175,0.0007946353621111959,-1.3797126229811597e-05,2,"[1.0, 0, 2.3664444444444444, 0, 1]",0.0
2.371555555555555,0,0.024309579149519894,0.0002741675241538375,1.2336351421073267e-05,1,"[1.0, 0, 2.371555555555555, 0, 1]",0.0
2.371555555555555,1,0.015039590306355724,0.0007871343734425312,-1.332688003857895e-05,2,"[1.0, 0, 2.371555555555555, 0, 1]",0.0
2.376666666666666,0,0.024174753086419767,0.00028543962277091764,1.1928331439537216e-05,1,"[1.0, 0, 2.376666666666666, 0, 1]",0.0
2.376666666666666,1,0.015264300411522602,0.000779573726108826,-1.2852285547613774e-05,2,"[1.0, 0, 2.376666666666666, 0, 1]",0.0
2.3817777777777778,0,0.02403963676268861,0.0002967807066646345,1.1514478233545311e-05,1,"[1.0, 0, 2.3817777777777778, 0, 1]",0.0
2.3817777777777778,1,0.015489494284407865,0.000771953291535369,-1.2373312739896595e-05,2,"[1.0, 0, 2.3817777777777778, 0, 1]",0.0
2.3868888888888886,0,0.023904230178326477,0.00030819092419041724,1.1094664808250123e-05,1,"[1.0, 0, 2.3868888888888886, 0, 1]",0.0
2.3868888888888886,1,0.015715171925011415,0.0007642729411474543,-1.1889931442692057e-05,2,"[1.0, 0, 2.3868888888888886, 0, 1]",0.0
2.3919999999999995,0,0.02376853333333335,0.00031967042370370215,1.0668762875278184e-05,1,"[1.0, 0, 2.3919999999999995, 0, 1]",0.0
2.3919999999999995,1,0.015941333333333307,0.0007565325463703716,-1.1402111326960553e-05,2,"[1.0, 0, 2.3919999999999995, 0, 1]",0.0
2.3971111111111103,0,0.023632546227709203,0.0003312193535599231,1.0236642846159147e-05,1,"[1.0, 0, 2.3971111111111103, 0, 1]",0.0
2.3971111111111103,1,0.016167978509373536,0.0007487319786294105,-1.0909821906769623e-05,2,"[1.0, 0, 2.3971111111111103, 0, 1]",0.0
2.402222222222222,0,0.023496268861454048,0.0003428378621145149,9.798173825740607e-06,1,"[1.0, 0, 2.402222222222222, 0, 1]",0.0
2.402222222222222,1,0.016395107453132142,0.0007408711093498621,-1.0413032538703694e-05,2,"[1.0, 0, 2.402222222222222, 0, 1]",0.0
2.407333333333333,0,0.02335970123456791,0.0003545260977229068,9.353223605588911e-06,1,"[1.0, 0, 2.407333333333333, 0, 1]",0.0
2.407333333333333,1,0.01662272016460903,0.0007329498099570197,-9.911712421272756e-06,2,"[1.0, 0, 2.407333333333333, 0, 1]",0.0
2.4124444444444437,0,0.02322284334705077,0.00036628420874053585,8.901658657375442e-06,1,"[1.0, 0, 2.4124444444444437, 0, 1]",0.0
2.4124444444444437,1,0.016850816643804264,0.0007249679518761717,-9.405830594319095e-06,2,"[1.0, 0, 2.4124444444444437, 0, 1]",0.0
2.4175555555555555,0,0.023085695198902606,0.0003781123435228364,8.443344126249432e-06,1,"[1.0, 0, 2.4175555555555555, 0, 1]",0.0
2.4175555555555555,1,0.01707939689071787,0.0007169254065326088,-8.895355938423738e-06,2,"[1.0, 0, 2.4175555555555555, 0, 1]",0.0
2.4226666666666663,0,0.02294825679012346,0.0003900106504252392,7.978143824196568e-06,1,"[1.0, 0, 2.4226666666666663, 0, 1]",0.0
2.4226666666666663,1,0.01730846090534978,0.0007088220453516237,-8.380257174311192e-06,2,"[1.0, 0, 2.4226666666666663, 0, 1]",0.0
2.427777777777777,0,0.022810528120713318,0.00040197927780317885,7.505920223383004e-06,1,"[1.0, 0, 2.427777777777777, 0, 1]",0.0
2.427777777777777,1,0.017538008687700023,0.0007006577397585067,-7.860502862252555e-06,2,"[1.0, 0, 2.427777777777777, 0, 1]",0.0
2.432888888888889,0,0.022672509190672152,0.0004140183740120914,7.026534449485787e-06,1,"[1.0, 0, 2.432888888888889, 0, 1]",0.0
2.432888888888889,1,0.01776804023776863,0.0006924323611785469,-7.336061401467882e-06,2,"[1.0, 0, 2.432888888888889, 0, 1]",0.0
2.4379999999999997,0,0.022534200000000004,0.00042612808740740646,6.5398462750093494e-06,1,"[1.0, 0, 2.4379999999999997, 0, 1]",0.0
2.4379999999999997,1,0.01799855555555554,0.0006841457810370378,-6.806901029527383e-06,2,"[1.0, 0, 2.4379999999999997, 0, 1]",0.0
2.4431111111111106,0,0.022395600548696853,0.00043830856634456016,6.045714112587151e-06,1,"[1.0, 0, 2.4431111111111106, 0, 1]",0.0
2.4431111111111106,1,0.01822955464106079,0.0006757978707592684,-6.272989821750592e-06,2,"[1.0, 0, 2.4431111111111106, 0, 1]",0.0
2.4482222222222214,0,0.022256710836762707,0.0004505599591789847,5.5439950082700725e-06,1,"[1.0, 0, 2.4482222222222214, 0, 1]",0.0
2.4482222222222214,1,0.01846103749428437,0.000667388501770531,-5.734295690605217e-06,2,"[1.0, 0, 2.4482222222222214, 0, 1]",0.0
2.453333333333333,0,0.02211753086419753,0.0004628824142661176,5.034544634800053e-06,1,"[1.0, 0, 2.453333333333333, 0, 1]",0.0
2.453333333333333,1,0.018693004115226328,0.0006589175454961136,-5.19078638510388e-06,2,"[1.0, 0, 2.453333333333333, 0, 1]",0.0
2.458444444444444,0,0.021978060631001377,0.0004752760799613869,4.517217284870498e-06,1,"[1.0, 0, 2.458444444444444, 0, 1]",0.0
2.458444444444444,1,0.01892545450388658,0.000650384873361311,-4.64242949020062e-06,2,"[1.0, 0, 2.458444444444444, 0, 1]",0.0
2.463555555555555,0,0.02183830013717423,0.00048774110462022874,3.991865864371381e-06,1,"[1.0, 0, 2.463555555555555, 0, 1]",0.0
2.463555555555555,1,0.019158388660265174,0.0006417903567914119,-4.0891924261847675e-06,2,"[1.0, 0, 2.463555555555555, 0, 1]",0.0
2.4686666666666666,0,0.02169824938271605,0.000500277636598079,3.4583418856212307e-06,1,"[1.0, 0, 2.4686666666666666, 0, 1]",0.0
2.4686666666666666,1,0.019391806584362133,0.0006331338672117058,-3.5310424480747096e-06,2,"[1.0, 0, 2.4686666666666666, 0, 1]",0.0
2.4737777777777774,0,0.021557908367626888,0.0005128858242503673,2.916495460585027e-06,1,"[1.0, 0, 2.4737777777777774, 0, 1]",0.0
2.4737777777777774,1,0.0196257082761774,0.0006244152760474868,-2.9679466450101853e-06,2,"[1.0, 0, 2.4737777777777774, 0, 1]",0.0
2.4788888888888883,0,0.02141727709190673,0.000525565815932529,2.366175294077206e-06,1,"[1.0, 0, 2.4788888888888883, 0, 1]",0.0
2.4788888888888883,1,0.019860093735710994,0.0006156344547240437,-2.3998719396426046e-06,2,"[1.0, 0, 2.4788888888888883, 0, 1]",0.0
2.484,0,0.02127635555555555,0.00053831776,1.8072286769512829e-06,1,"[1.0, 0, 2.484, 0, 1]",0.0
2.484,1,0.02009496296296296,0.0006067912746666667,-1.8267850875249002e-06,2,"[1.0, 0, 2.484, 0, 1]",0.0
2.489111111111111,0,0.021135143758573387,0.0005511418048082096,1.2395014792755226e-06,1,"[1.0, 0, 2.489111111111111, 0, 1]",0.0
2.489111111111111,1,0.020330315957933234,0.000597885607300649,-1.2486526765000589e-06,2,"[1.0, 0, 2.489111111111111, 0, 1]",0.0
2.4942222222222217,0,0.020993641700960228,0.0005640380987125929,6.628381434936786e-07,1,"[1.0, 0, 2.4942222222222217, 0, 1]",0.0
2.4942222222222217,1,0.02056615272062183,0.0005889173240512806,-6.654411260877127e-07,2,"[1.0, 0, 2.4942222222222217, 0, 1]",0.0
2.4993333333333325,0,0.020851849382716066,0.0005770067900685852,7.708167757240284e-08,1,"[1.0, 0, 2.4993333333333325, 0, 1]",0.0
2.4993333333333325,1,0.02080247325102877,0.0005798862963438513,-7.711668687014365e-08,2,"[1.0, 0, 2.4993333333333325, 0, 1]",0.0
2.5,0,0.02083333333333333,0.0005787037037037035,1.6940658945086007e-21,1,"[1.0, 0, 2.5, 0, 1]",0.0
2.5044444444444443,0,0.02070976680384088,0.0005900480272316206,-5.179263518656449e-07,1,"[1.0, 0, 2.5044444444444443, 0, 1]",0.0
2.5044444444444443,1,0.021039277549154085,0.0005707923956036516,5.163545601232011e-07,2,"[1.0, 0, 2.5044444444444443, 0, 1]",0.0
2.509555555555555,0,0.020567393964334713,0.0006031619585571291,-1.1223458264226104e-06,1,"[1.0, 0, 2.509555555555555, 0, 1]",0.0
2.509555555555555,1,0.02127656561499769,0.0005616354932559748,1.1150067040322051e-06,2,"[1.0, 0, 2.509555555555555, 0, 1]",0.0
2.514666666666666,0,0.02042473086419755,0.0006163487324005466,-1.7363380828209889e-06,1,"[1.0, 0, 2.514666666666666, 0, 1]",0.0
2.514666666666666,1,0.021514337448559635,0.0005524154607261104,1.7188740047846268e-06,2,"[1.0, 0, 2.514666666666666, 0, 1]",0.0
2.5197777777777777,0,0.020281777503429355,0.0006296084971173093,-2.3600659198125784e-06,1,"[1.0, 0, 2.5197777777777777, 0, 1]",0.0
2.5197777777777777,1,0.02175259304983996,0.0005431321694393471,2.3279908937150706e-06,2,"[1.0, 0, 2.5197777777777777, 0, 1]",0.0
2.5248888888888885,0,0.020138533882030185,0.000642941401062845,-2.993693605101314e-06,1,"[1.0, 0, 2.5248888888888885, 0, 1]",0.0
2.5248888888888885,1,0.02199133241883857,0.0005337854908209799,2.9423919741851554e-06,2,"[1.0, 0, 2.5248888888888885, 0, 1]",0.0
2.5299999999999994,0,0.019995000000000013,0.0006563475925925906,-3.637386882281395e-06,1,"[1.0, 0, 2.5299999999999994, 0, 1]",0.0
2.5299999999999994,1,0.022230555555555524,0.0005243752962962978,3.562112022206045e-06,2,"[1.0, 0, 2.5299999999999994, 0, 1]",0.0
2.535111111111111,0,0.019851175857338817,0.0006698272200619824,-4.291312977788294e-06,1,"[1.0, 0, 2.535111111111111, 0, 1]",0.0
2.535111111111111,1,0.022470262459990856,0.0005149014572905891,4.187185987061111e-06,2,"[1.0, 0, 2.535111111111111, 0, 1]",0.0
2.540222222222222,0,0.019707061454046645,0.000683380431826448,-4.955640607863892e-06,1,"[1.0, 0, 2.540222222222222, 0, 1]",0.0
2.540222222222222,1,0.022710453132144474,0.0005053638452291494,4.817648991929865e-06,2,"[1.0, 0, 2.540222222222222, 0, 1]",0.0
2.545333333333333,0,0.01956265679012347,0.0006970073762414249,-5.630539985536927e-06,1,"[1.0, 0, 2.545333333333333, 0, 1]",0.0
2.545333333333333,1,0.02295112757201643,0.0004957623315372669,5.453536334514351e-06,2,"[1.0, 0, 2.545333333333333, 0, 1]",0.0
2.5504444444444436,0,0.019417961865569287,0.0007107082016623461,-6.316182827616042e-06,1,"[1.0, 0, 2.5504444444444436, 0, 1]",0.0
2.5504444444444436,1,0.023192285779606726,0.00048609678764023243,6.094883487665429e-06,2,"[1.0, 0, 2.5504444444444436, 0, 1]",0.0
2.5555555555555554,0,0.019272976680384087,0.0007244830564446467,-7.012742361697826e-06,1,"[1.0, 0, 2.5555555555555554, 0, 1]",0.0
2.5555555555555554,1,0.023433927754915394,0.00047636708496333617,6.741726100011078e-06,2,"[1.0, 0, 2.5555555555555554, 0, 1]",0.0
2.560666666666666,0,0.01912770123456791,0.000738332088943757,-7.72039333318834e-06,1,"[1.0, 0, 2.560666666666666, 0, 1]",0.0
2.560666666666666,1,0.023676053497942363,0.00046657309493187136,7.394099996585453e-06,2,"[1.0, 0, 2.560666666666666, 0, 1]",0.0
2.565777777777777,0,0.018982135528120732,0.0007522554475151124,-8.439312012339612e-06,1,"[1.0, 0, 2.565777777777777, 0, 1]",0.0
2.565777777777777,1,0.02391866300868766,0.0004567146889711269,8.052041179460043e-06,2,"[1.0, 0, 2.565777777777777, 0, 1]",0.0
2.570888888888889,0,0.018836279561042522,0.0007662532805141486,-9.169676201299361e-06,1,"[1.0, 0, 2.570888888888889, 0, 1]",0.0
2.570888888888889,1,0.024161756287151337,0.0004467917385063936,8.715585828375267e-06,2,"[1.0, 0, 2.570888888888889, 0, 1]",0.0
2.5759999999999996,0,0.018690133333333338,0.0007803257362962952,-9.911665241174786e-06,1,"[1.0, 0, 2.5759999999999996, 0, 1]",0.0
2.5759999999999996,1,0.024405333333333314,0.0004368041149629637,9.384770301373398e-06,2,"[1.0, 0, 2.5759999999999996, 0, 1]",0.0
2.5811111111111105,0,0.018543696844993157,0.0007944729632169871,-1.06654600191114e-05,1,"[1.0, 0, 2.5811111111111105, 0, 1]",0.0
2.5811111111111105,1,0.02464939414723362,0.00042675168976612807,1.0059631135433432e-05,2,"[1.0, 0, 2.5811111111111105, 0, 1]",0.0
2.586222222222222,0,0.018396970096021946,0.0008086951096316618,-1.1431242975385154e-05,1,"[1.0, 0, 2.586222222222222, 0, 1]",0.0
2.586222222222222,1,0.02489393872885231,0.00041663433434117414,1.074020504710671e-05,2,"[1.0, 0, 2.586222222222222, 0, 1]",0.0
2.591333333333333,0,0.018249953086419753,0.0008229923238957466,-1.220919811050815e-05,1,"[1.0, 0, 2.591333333333333, 0, 1]",0.0
2.591333333333333,1,0.025138967078189287,0.00040645192011339807,1.1426528933153213e-05,2,"[1.0, 0, 2.591333333333333, 0, 1]",0.0
2.596444444444444,0,0.01810264581618657,0.0008373647543646785,-1.2999510992350086e-05,1,"[1.0, 0, 2.596444444444444, 0, 1]",0.0
2.596444444444444,1,0.0253844791952446,0.0003962043185080877,1.2118639871180731e-05,2,"[1.0, 0, 2.596444444444444, 0, 1]",0.0
2.6015555555555547,0,0.017955048285322378,0.0008518125493938905,-1.3802368763272215e-05,1,"[1.0, 0, 2.6015555555555547, 0, 1]",0.0
2.6015555555555547,1,0.025630475080018242,0.00038589140095053446,1.2816575120283676e-05,2,"[1.0, 0, 2.6015555555555547, 0, 1]",0.0
2.6066666666666665,0,0.017807160493827162,0.0008663358573388195,-1.461796014727625e-05,1,"[1.0, 0, 2.6066666666666665, 0, 1]",0.0
2.6066666666666665,1,0.025876954732510282,0.000375513038866027,1.3520372121684211e-05,2,"[1.0, 0, 2.6066666666666665, 0, 1]",0.0
2.6117777777777773,0,0.01765898244170097,0.0008809348265548933,-1.5446475457166477e-05,1,"[1.0, 0, 2.6117777777777773, 0, 1]",0.0
2.6117777777777773,1,0.026123918152720596,0.00036506910367986025,1.4230068499373509e-05,2,"[1.0, 0, 2.6117777777777773, 0, 1]",0.0
2.616888888888888,0,0.017510514128943777,0.0008956096053975487,-1.628810660172749e-05,1,"[1.0, 0, 2.616888888888888, 0, 1]",0.0
2.616888888888888,1,0.026371365340649253,0.0003545594668173228,1.4945702060756042e-05,2,"[1.0, 0, 2.616888888888888, 0, 1]",0.0
2.622,0,0.017361755555555552,0.0009103603422222218,-1.7143047092914595e-05,1,"[1.0, 0, 2.622, 0, 1]",0.0
2.622,1,0.026619296296296294,0.0003439839997037037,1.566731079729353e-05,2,"[1.0, 0, 2.622, 0, 1]",0.0
2.6271111111111107,0,0.01721270672153636,0.0009251871853843404,-1.801149205305831e-05,1,"[1.0, 0, 2.6271111111111107, 0, 1]",0.0
2.6271111111111107,1,0.026867711019661608,0.00033334257376429837,1.6394932885150316e-05,2,"[1.0, 0, 2.6271111111111107, 0, 1]",0.0
2.6322222222222216,0,0.017063367626886157,0.0009400902832393418,-1.889363822208448e-05,1,"[1.0, 0, 2.6322222222222216, 0, 1]",0.0
2.6322222222222216,1,0.02711660951074528,0.0003226350604243944,1.712860668584144e-05,2,"[1.0, 0, 2.6322222222222216, 0, 1]",0.0
2.6373333333333333,0,0.016913738271604938,0.0009550697841426606,-1.9789683964746693e-05,1,"[1.0, 0, 2.6373333333333333, 0, 1]",0.0
2.6373333333333333,1,0.02736599176954732,0.00031186133110928265,1.786837074688015e-05,2,"[1.0, 0, 2.6373333333333333, 0, 1]",0.0
2.642444444444444,0,0.01676381865569273,0.0009701258364497273,-2.069982927787345e-05,1,"[1.0, 0, 2.642444444444444, 0, 1]",0.0
2.642444444444444,1,0.027615857796067664,0.00030102125724425536,1.861426380242748e-05,2,"[1.0, 0, 2.642444444444444, 0, 1]",0.0
2.647555555555555,0,0.01661360877914953,0.0009852585885159765,-2.162427579762996e-05,1,"[1.0, 0, 2.647555555555555, 0, 1]",0.0
2.647555555555555,1,0.027866207590306336,0.000290114710254603,1.9366324773943528e-05,2,"[1.0, 0, 2.647555555555555, 0, 1]",0.0
2.652666666666666,0,0.01646310864197533,0.0010004681886968422,-2.256322680679326e-05,1,"[1.0, 0, 2.652666666666666, 0, 1]",0.0
2.652666666666666,1,0.028117041152263322,0.00027914156156561693,2.012459277083921e-05,2,"[1.0, 0, 2.652666666666666, 0, 1]",0.0
2.6577777777777776,0,0.0163123182441701,0.001015754785347761,-2.3516887242041914e-05,1,"[1.0, 0, 2.6577777777777776, 0, 1]",0.0
2.6577777777777776,1,0.02836835848193872,0.000268101682602585,2.0889107091130024e-05,2,"[1.0, 0, 2.6577777777777776, 0, 1]",0.0
2.6628888888888884,0,0.016161237585733887,0.0010311185268241617,-2.4485463701258953e-05,1,"[1.0, 0, 2.6628888888888884, 0, 1]",0.0
2.6628888888888884,1,0.028620159579332394,0.0002569949447908019,2.165990722208968e-05,2,"[1.0, 0, 2.6628888888888884, 0, 1]",0.0
2.6679999999999993,0,0.016009866666666685,0.001046559561481479,-2.5469164450850374e-05,1,"[1.0, 0, 2.6679999999999993, 0, 1]",0.0
2.6679999999999993,1,0.02887244444444441,0.00024582121955555745,2.2437032840907232e-05,2,"[1.0, 0, 2.6679999999999993, 0, 1]",0.0
2.673111111111111,0,0.015858205486968452,0.0010620780376751505,-2.6468199433076707e-05,1,"[1.0, 0, 2.673111111111111, 0, 1]",0.0
2.673111111111111,1,0.029125213077274795,0.00023458037832213964,2.3220523815343563e-05,2,"[1.0, 0, 2.673111111111111, 0, 1]",0.0
2.678222222222222,0,0.015706254046639237,0.001077674103760604,-2.7482780273398057e-05,1,"[1.0, 0, 2.678222222222222, 0, 1]",0.0
2.678222222222222,1,0.02937846547782348,0.00022327229251584396,2.4010420204389532e-05,2,"[1.0, 0, 2.678222222222222, 0, 1]",0.0
2.6833333333333327,0,0.015554012345679026,0.0010933479080932767,-2.8513120287835224e-05,1,"[1.0, 0, 2.6833333333333327, 0, 1]",0.0
2.6833333333333327,1,0.029632201646090497,0.00021189683356195822,2.4806762258926314e-05,2,"[1.0, 0, 2.6833333333333327, 0, 1]",0.0
2.6884444444444444,0,0.015401480384087785,0.001109099599028603,-2.955943449034299e-05,1,"[1.0, 0, 2.6884444444444444, 0, 1]",0.0
2.6884444444444444,1,0.029886421582075898,0.00020045387288577295,2.5609590422386036e-05,2,"[1.0, 0, 2.6884444444444444, 0, 1]",0.0
2.6935555555555553,0,0.015248658161865575,0.001124929324922013,-3.0621939600197984e-05,1,"[1.0, 0, 2.6935555555555553, 0, 1]",0.0
2.6935555555555553,1,0.030141125285779585,0.00018894328191258183,2.6418945331413487e-05,2,"[1.0, 0, 2.6935555555555553, 0, 1]",0.0
2.698666666666666,0,0.015095545679012355,0.0011408372341289422,-3.170085404940169e-05,1,"[1.0, 0, 2.698666666666666, 0, 1]",0.0
2.698666666666666,1,0.030396312757201616,0.00017736493206767375,2.7234867816530463e-05,2,"[1.0, 0, 2.698666666666666, 0, 1]",0.0
2.703777777777777,0,0.01494214293552814,0.0011568234750048239,-3.279639799009602e-05,1,"[1.0, 0, 2.703777777777777, 0, 1]",0.0
2.703777777777777,1,0.030651983996341975,0.00016571869477634022,2.805739890279983e-05,2,"[1.0, 0, 2.703777777777777, 0, 1]",0.0
2.7088888888888887,0,0.014788449931412893,0.0011728881959050946,-3.3908793301994145e-05,1,"[1.0, 0, 2.7088888888888887, 0, 1]",0.0
2.7088888888888887,1,0.03090813900320072,0.0001540044414638696,2.8886579810491917e-05,2,"[1.0, 0, 2.7088888888888887, 0, 1]",0.0
2.7139999999999995,0,0.014634466666666672,0.0011890315451851836,-3.503826359982418e-05,1,"[1.0, 0, 2.7139999999999995, 0, 1]",0.0
2.7139999999999995,1,0.03116477777777775,0.00014222204355555652,2.9722451955751074e-05,2,"[1.0, 0, 2.7139999999999995, 0, 1]",0.0
2.7191111111111104,0,0.014480193141289455,0.001205253671200526,-3.618503424078861e-05,1,"[1.0, 0, 2.7191111111111104, 0, 1]",0.0
2.7191111111111104,1,0.03142190032007312,0.00013037137247669044,3.056505695126512e-05,2,"[1.0, 0, 2.7191111111111104, 0, 1]",0.0
2.724222222222222,0,0.014325629355281207,0.0012215547223065587,-3.734933233203664e-05,1,"[1.0, 0, 2.724222222222222, 0, 1]",0.0
2.724222222222222,1,0.03167950663008687,0.00011845229965256005,3.141443660693456e-05,2,"[1.0, 0, 2.724222222222222, 0, 1]",0.0
2.729333333333333,0,0.014170775308641984,0.001237934846858709,-3.8531386738150043e-05,1,"[1.0, 0, 2.729333333333333, 0, 1]",0.0
2.729333333333333,1,0.0319375967078189,0.00010646469650846019,3.227063293054334e-05,2,"[1.0, 0, 2.729333333333333, 0, 1]",0.0
2.734444444444444,0,0.014015631001371757,0.001254394193212414,-3.9731428088645366e-05,1,"[1.0, 0, 2.734444444444444, 0, 1]",0.0
2.734444444444444,1,0.03219617055326929,9.440843446967967e-05,3.313368812843198e-05,2,"[1.0, 0, 2.734444444444444, 0, 1]",0.0
2.7395555555555555,0,0.013860196433470508,0.0012709329097231107,-4.094968878548807e-05,1,"[1.0, 0, 2.7395555555555555, 0, 1]",0.0
2.7395555555555555,1,0.03245522816643803,8.228338496150695e-05,3.400364460617042e-05,2,"[1.0, 0, 2.7395555555555555, 0, 1]",0.0
2.7446666666666664,0,0.013704471604938276,0.001287551144746227,-4.218640301062082e-05,1,"[1.0, 0, 2.7446666666666664, 0, 1]",0.0
2.7446666666666664,1,0.03271476954732509,7.008941940923701e-05,3.488054496923293e-05,2,"[1.0, 0, 2.7446666666666664, 0, 1]",0.0
2.749777777777777,0,0.013548456515775048,0.001304249046637198,-4.344180673350772e-05,1,"[1.0, 0, 2.749777777777777, 0, 1]",0.0
2.749777777777777,1,0.03297479469593047,5.782640923815939e-05,3.5764432023674456e-05,2,"[1.0, 0, 2.749777777777777, 0, 1]",0.0
2.754888888888888,0,0.013392151165980817,0.0013210267637514578,-4.4716137718690866e-05,1,"[1.0, 0, 2.754888888888888, 0, 1]",0.0
2.754888888888888,1,0.033235303612254186,4.5494225873564734e-05,3.6655348776807905e-05,2,"[1.0, 0, 2.754888888888888, 0, 1]",0.0
2.76,0,0.013235555555555556,0.0013378844444444432,-4.6009635533361776e-05,1,"[1.0, 0, 2.76, 0, 1]",0.0
2.76,1,0.03349629629629629,3.309274074074172e-05,3.755333843788273e-05,2,"[1.0, 0, 2.76, 0, 1]",0.0
2.7651111111111106,0,0.013078669684499326,0.0013548222370715832,-4.732254155494594e-05,1,"[1.0, 0, 2.7651111111111106, 0, 1]",0.0
2.7651111111111106,1,0.03375777274805668,2.0621825264984244e-05,3.845844441876427e-05,2,"[1.0, 0, 2.7651111111111106, 0, 1]",0.0
2.7702222222222215,0,0.012921493552812094,0.0013718402899883118,-4.865509897870316e-05,1,"[1.0, 0, 2.7702222222222215, 0, 1]",0.0
2.7702222222222215,1,0.034019732967535396,8.081350871583476e-06,3.9370710334615805e-05,2,"[1.0, 0, 2.7702222222222215, 0, 1]",0.0
2.775333333333333,0,0.012764027160493824,0.001388938751550068,-5.0007552825341024e-05,1,"[1.0, 0, 2.775333333333333, 0, 1]",0.0
2.775333333333333,1,0.0342821769547325,-4.528811014174283e-06,4.0290180004580566e-05,2,"[1.0, 0, 2.775333333333333, 0, 1]",0.0
2.780444444444444,0,0.012606270507544592,0.001406117770112278,-5.138014994864107e-05,1,"[1.0, 0, 2.780444444444444, 0, 1]",0.0
2.780444444444444,1,0.03454510470964789,-1.720878896699211e-05,4.121689745246477e-05,2,"[1.0, 0, 2.780444444444444, 0, 1]",0.0
2.785555555555555,0,0.012448223593964351,0.001423377494030379,-5.277313904310233e-05,1,"[1.0, 0, 2.785555555555555, 0, 1]",0.0
2.785555555555555,1,0.03480851623228162,-2.995871156158262e-05,4.2150906907423604e-05,2,"[1.0, 0, 2.785555555555555, 0, 1]",0.0
2.7906666666666666,0,0.012289886419753086,0.0014407180716598075,-5.418677065159605e-05,1,"[1.0, 0, 2.7906666666666666, 0, 1]",0.0
2.7906666666666666,1,0.03507241152263374,-4.277870737265626e-05,4.309225280464687e-05,2,"[1.0, 0, 2.7906666666666666, 0, 1]",0.0
2.7957777777777775,0,0.01213125898491084,0.001458139651355991,-5.562129717303493e-05,1,"[1.0, 0, 2.7957777777777775, 0, 1]",0.0
2.7957777777777775,1,0.035336790580704144,-5.5668904974918066e-05,4.404097978604593e-05,2,"[1.0, 0, 2.7957777777777775, 0, 1]",0.0
2.8008888888888883,0,0.011972341289437603,0.0014756423814743667,-5.707697287005846e-05,1,"[1.0, 0, 2.8008888888888883, 0, 1]",0.0
2.8008888888888883,1,0.03560165340649288,-6.862943294307967e-05,4.499713270094339e-05,2,"[1.0, 0, 2.8008888888888883, 0, 1]",0.0
2.805999999999999,0,0.011813133333333357,0.001493226410370367,-5.85540538767298e-05,1,"[1.0, 0, 2.805999999999999, 0, 1]",0.0
2.805999999999999,1,0.035866999999999954,-8.166041985184947e-05,4.596075660676255e-05,2,"[1.0, 0, 2.805999999999999, 0, 1]",0.0
2.811111111111111,0,0.011653635116598081,0.0015108918863994297,-6.00527982062486e-05,1,"[1.0, 0, 2.811111111111111, 0, 1]",0.0
2.811111111111111,1,0.036132830361225415,-9.476199427593953e-05,4.693189676971877e-05,2,"[1.0, 0, 2.811111111111111, 0, 1]",0.0
2.8162222222222217,0,0.011493846639231836,0.0015286389579169828,-6.157346575867599e-05,1,"[1.0, 0, 2.8162222222222217, 0, 1]",0.0
2.8162222222222217,1,0.036399144490169164,-0.00010793428479005478,4.791059866551134e-05,2,"[1.0, 0, 2.8162222222222217, 0, 1]",0.0
2.8213333333333326,0,0.011333767901234588,0.0015464677732784605,-6.311631832867606e-05,1,"[1.0, 0, 2.8213333333333326, 0, 1]",0.0
2.8213333333333326,1,0.03666594238683123,-0.0001211774199689048,4.889690798001827e-05,2,"[1.0, 0, 2.8213333333333326, 0, 1]",0.0
2.8264444444444443,0,0.01117339890260631,0.0015643784808393021,-6.46816196132702e-05,1,"[1.0, 0, 2.8264444444444443, 0, 1]",0.0
2.8264444444444443,1,0.03693322405121169,-0.00013449152838720317,4.9890870609990985e-05,2,"[1.0, 0, 2.8264444444444443, 0, 1]",0.0
2.831555555555555,0,0.011012739643347064,0.0015823712289549342,-6.626963521960389e-05,1,"[1.0, 0, 2.831555555555555, 0, 1]",0.0
2.831555555555555,1,0.03720098948331045,-0.00014787673861965363,5.0892532663749785e-05,2,"[1.0, 0, 2.831555555555555, 0, 1]",0.0
2.836666666666666,0,0.010851790123456807,0.001600446165980793,-6.788063267273123e-05,1,"[1.0, 0, 2.836666666666666, 0, 1]",0.0
2.836666666666666,1,0.03746923868312753,-0.0001613331792409675,5.190194046188242e-05,2,"[1.0, 0, 2.836666666666666, 0, 1]",0.0
2.8417777777777777,0,0.010690550342935527,0.0016186034402723157,-6.95148814234107e-05,1,"[1.0, 0, 2.8417777777777777, 0, 1]",0.0
2.8417777777777777,1,0.03773797165066299,-0.00017486097882585597,5.291914053794274e-05,2,"[1.0, 0, 2.8417777777777777, 0, 1]",0.0
2.8468888888888886,0,0.010529020301783272,0.0016368432001849292,-7.117265285591487e-05,1,"[1.0, 0, 2.8468888888888886, 0, 1]",0.0
2.8468888888888886,1,0.038007188385916754,-0.00018846026594902397,5.394417963914995e-05,2,"[1.0, 0, 2.8468888888888886, 0, 1]",0.0
2.8519999999999994,0,0.010367200000000007,0.0016551655940740724,-7.285422029585714e-05,1,"[1.0, 0, 2.8519999999999994, 0, 1]",0.0
2.8519999999999994,1,0.03827688888888886,-0.0002021311691851839,5.4977104727090964e-05,2,"[1.0, 0, 2.8519999999999994, 0, 1]",0.0
2.8571111111111103,0,0.01020508943758576,0.0016735707702951754,-7.455985901802867e-05,1,"[1.0, 0, 2.8571111111111103, 0, 1]",0.0
2.8571111111111103,1,0.03854707315957928,-0.00021587381710904275,5.6017962978422334e-05,2,"[1.0, 0, 2.8571111111111103, 0, 1]",0.0
2.862222222222222,0,0.010042688614540468,0.001692058877203677,-7.628984625425303e-05,1,"[1.0, 0, 2.862222222222222, 0, 1]",0.0
2.862222222222222,1,0.0388177411979881,-0.00022968833829531323,5.706680178557473e-05,2,"[1.0, 0, 2.862222222222222, 0, 1]",0.0
2.867333333333333,0,0.009879997530864215,0.0017106300631550045,-7.804446120125121e-05,1,"[1.0, 0, 2.867333333333333, 0, 1]",0.0
2.867333333333333,1,0.039088893004115194,-0.0002435748613186995,5.8123668757456834e-05,2,"[1.0, 0, 2.867333333333333, 0, 1]",0.0
2.8724444444444437,0,0.009717016186556952,0.0017292844765045949,-7.982398502852473e-05,1,"[1.0, 0, 2.8724444444444437, 0, 1]",0.0
2.8724444444444437,1,0.03936052857796063,-0.000257533514753914,5.918861172016332e-05,2,"[1.0, 0, 2.8724444444444437, 0, 1]",0.0
2.8775555555555554,0,0.009553744581618659,0.0017480222656078843,-8.162870088624994e-05,1,"[1.0, 0, 2.8775555555555554, 0, 1]",0.0
2.8775555555555554,1,0.03963264791952445,-0.0002715644271756671,6.026167871768159e-05,2,"[1.0, 0, 2.8775555555555554, 0, 1]",0.0
2.8826666666666663,0,0.00939018271604939,0.0017668435788203002,-8.345889391318642e-05,1,"[1.0, 0, 2.8826666666666663, 0, 1]",0.0
2.8826666666666663,1,0.03990525102880656,-0.00028566772715866366,6.134291801260029e-05,2,"[1.0, 0, 2.8826666666666663, 0, 1]",0.0
2.887777777777777,0,0.009226330589849126,0.0017857485644972792,-8.531485124460207e-05,1,"[1.0, 0, 2.887777777777777, 0, 1]",0.0
2.887777777777777,1,0.04017833790580701,-0.0002998435432776149,6.243237808682056e-05,2,"[1.0, 0, 2.887777777777777, 0, 1]",0.0
2.892888888888889,0,0.009062188203017837,0.001804737370994258,-8.719686202020983e-05,1,"[1.0, 0, 2.892888888888889, 0, 1]",0.0
2.892888888888889,1,0.04045190855052583,-0.0003140920041072322,6.35301076422668e-05,2,"[1.0, 0, 2.892888888888889, 0, 1]",0.0
2.8979999999999997,0,0.008897755555555567,0.001823810146666665,-8.910521739211819e-05,1,"[1.0, 0, 2.8979999999999997, 0, 1]",0.0
2.8979999999999997,1,0.040725962962962936,-0.000328413238222221,6.463615560159901e-05,2,"[1.0, 0, 2.8979999999999997, 0, 1]",0.0
2.9031111111111105,0,0.008733032647462287,0.001842967039869937,-9.10402105327985e-05,1,"[1.0, 0, 2.9031111111111105, 0, 1]",0.0
2.9031111111111105,1,0.0410005011431184,-0.0003428073741972926,6.575057110892783e-05,2,"[1.0, 0, 2.9031111111111105, 0, 1]",0.0
2.9082222222222214,0,0.008568019478738025,0.0018622081989595046,-9.300213664306338e-05,1,"[1.0, 0, 2.9082222222222214, 0, 1]",0.0
2.9082222222222214,1,0.04127552309099218,-0.0003572745406071542,6.687340353052869e-05,2,"[1.0, 0, 2.9082222222222214, 0, 1]",0.0
2.913333333333333,0,0.008402716049382725,0.0018815337722908078,-9.499129296006182e-05,1,"[1.0, 0, 2.913333333333333, 0, 1]",0.0
2.913333333333333,1,0.041551028806584345,-0.0003718148660265192,6.80047024555591e-05,2,"[1.0, 0, 2.913333333333333, 0, 1]",0.0
2.918444444444444,0,0.008237122359396443,0.0019009439082192732,-9.700797876528505e-05,1,"[1.0, 0, 2.918444444444444, 0, 1]",0.0
2.918444444444444,1,0.04182701828989481,-0.00038642847903009214,6.914451769677548e-05,2,"[1.0, 0, 2.918444444444444, 0, 1]",0.0
2.923555555555555,0,0.008071238408779165,0.0019204387551003375,-9.90524953925906e-05,1,"[1.0, 0, 2.923555555555555, 0, 1]",0.0
2.923555555555555,1,0.042103491540923604,-0.00040111550819258357,7.029289929125309e-05,2,"[1.0, 0, 2.923555555555555, 0, 1]",0.0
2.9286666666666665,0,0.007905064197530863,0.0019400184612894367,-0.00010112514623623744,1,"[1.0, 0, 2.9286666666666665, 0, 1]",0.0
2.9286666666666665,1,0.04238044855967077,-0.00041587608208870533,7.144989750110604e-05,2,"[1.0, 0, 2.9286666666666665, 0, 1]",0.0
2.9337777777777774,0,0.007738599725651579,0.0019596831751419997,-0.00010322623675893538,1,"[1.0, 0, 2.9337777777777774, 0, 1]",0.0
2.9337777777777774,1,0.042657889346136235,-0.00043071032929316245,7.261556281420816e-05,2,"[1.0, 0, 2.9337777777777774, 0, 1]",0.0
2.938888888888888,0,0.0075718449931413065,0.001979433045013461,-0.00010535607449991058,1,"[1.0, 0, 2.938888888888888, 0, 1]",0.0
2.938888888888888,1,0.042935813900320044,-0.00044561837838066507,7.378994594491686e-05,2,"[1.0, 0, 2.938888888888888, 0, 1]",0.0
2.944,0,0.007404799999999996,0.0019992682192592585,-0.00010751496908298376,1,"[1.0, 0, 2.944, 0, 1]",0.0
2.944,1,0.04321422222222221,-0.00046060035792592536,7.497309783479645e-05,2,"[1.0, 0, 2.944, 0, 1]",0.0
2.949111111111111,0,0.0072374647462277175,0.0020191888462348204,-0.00010970323222466097,1,"[1.0, 0, 2.949111111111111, 0, 1]",0.0
2.949111111111111,1,0.04349311431184269,-0.0004756563965036482,7.616506965334349e-05,2,"[1.0, 0, 2.949111111111111, 0, 1]",0.0
2.9542222222222216,0,0.007069839231824429,0.002039195074295583,-0.00011192117774224226,1,"[1.0, 0, 2.9542222222222216, 0, 1]",0.0
2.9542222222222216,1,0.0437724901691815,-0.0004907866226885455,7.736591279871373e-05,2,"[1.0, 0, 2.9542222222222216, 0, 1]",0.0
2.9593333333333325,0,0.006901923456790152,0.002059287051796978,-0.00011416912156194067,1,"[1.0, 0, 2.9593333333333325, 0, 1]",0.0
2.9593333333333325,1,0.044052349794238624,-0.0005059911650553239,7.85756788984497e-05,2,"[1.0, 0, 2.9593333333333325, 0, 1]",0.0
2.964444444444444,0,0.0067337174211248366,0.0020794649270944455,-0.0001164473817270183,1,"[1.0, 0, 2.964444444444444, 0, 1]",0.0
2.964444444444444,1,0.04433269318701416,-0.0005212701521786979,7.979441981021033e-05,2,"[1.0, 0, 2.964444444444444, 0, 1]",0.0
2.969555555555555,0,0.006565221124828539,0.002099728848543411,-0.00011875627840593258,1,"[1.0, 0, 2.969555555555555, 0, 1]",0.0
2.969555555555555,1,0.04461352034750797,-0.0005366237126333707,8.102218762249978e-05,2,"[1.0, 0, 2.969555555555555, 0, 1]",0.0
2.974666666666666,0,0.006396434567901253,0.0021200789644993108,-0.00012109613390050204,1,"[1.0, 0, 2.974666666666666, 0, 1]",0.0
2.974666666666666,1,0.04489483127572012,-0.0005520519749940534,8.225903465540117e-05,2,"[1.0, 0, 2.974666666666666, 0, 1]",0.0
2.9797777777777776,0,0.006227357750342936,0.0021405154233175823,-0.00012346727265408176,1,"[1.0, 0, 2.9797777777777776, 0, 1]",0.0
2.9797777777777776,1,0.04517662597165065,-0.0005675550678354577,8.350501346130822e-05,2,"[1.0, 0, 2.9797777777777776, 0, 1]",0.0
2.9848888888888885,0,0.0060579906721536445,0.0021610383733536537,-0.00012587002125975365,1,"[1.0, 0, 2.9848888888888885, 0, 1]",0.0
2.9848888888888885,1,0.04545890443529947,-0.000583133119732289,8.47601768256592e-05,2,"[1.0, 0, 2.9848888888888885, 0, 1]",0.0
2.9899999999999993,0,0.00588833333333335,0.0021816479629629595,-0.00012830470846853293,1,"[1.0, 0, 2.9899999999999993, 0, 1]",0.0
2.9899999999999993,1,0.045741666666666625,-0.0005987862592592569,8.60245777676733e-05,2,"[1.0, 0, 2.9899999999999993, 0, 1]",0.0
2.995111111111111,0,0.005718385733882024,0.0022023443405009397,-0.0001307716651975874,1,"[1.0, 0, 2.995111111111111, 0, 1]",0.0
2.995111111111111,1,0.04602491266575218,-0.0006145146149910752,8.72982695410869e-05,2,"[1.0, 0, 2.995111111111111, 0, 1]",0.0
3.000222222222222,0,0.00554814787379973,0.0022231276543230186,-0.00013327122453846821,1,"[1.0, 0, 3.000222222222222, 0, 1]",0.0
3.000222222222222,1,0.046308642432556,-0.0006303183155024463,8.858130563489059e-05,2,"[1.0, 0, 3.000222222222222, 0, 1]",0.0
3.0053333333333327,0,0.005377619753086434,0.0022439980527846335,-0.00013580372176536052,1,"[1.0, 0, 3.0053333333333327, 0, 1]",0.0
3.0053333333333327,1,0.046592855967078156,-0.0006461974893680821,8.987373977407003e-05,2,"[1.0, 0, 3.0053333333333327, 0, 1]",0.0
3.0104444444444436,0,0.005206801371742134,0.0022649556842412196,-0.0001383694943433431,1,"[1.0, 0, 3.0104444444444436, 0, 1]",0.0
3.0104444444444436,1,0.04687755326931865,-0.0006621522651626922,9.117562592034539e-05,2,"[1.0, 0, 3.0104444444444436, 0, 1]",0.0
3.0155555555555553,0,0.005035692729766811,0.0022860006970482124,-0.00014096888193666427,1,"[1.0, 0, 3.0155555555555553, 0, 1]",0.0
3.0155555555555553,1,0.047162734339277534,-0.0006781827714609889,9.248701827291339e-05,2,"[1.0, 0, 3.0155555555555553, 0, 1]",0.0
3.020666666666666,0,0.0048642938271605055,0.002307133239561041,-0.00014360222641703052,1,"[1.0, 0, 3.020666666666666, 0, 1]",0.0
3.020666666666666,1,0.0474483991769547,-0.000694289136837676,9.380797126918952e-05,2,"[1.0, 0, 3.020666666666666, 0, 1]",0.0
3.025777777777777,0,0.004692604663923197,0.0023283534601351388,-0.00014626987187191161,1,"[1.0, 0, 3.025777777777777, 0, 1]",0.0
3.025777777777777,1,0.047734547782350215,-0.0007104714898674638,9.513853958555387e-05,2,"[1.0, 0, 3.025777777777777, 0, 1]",0.0
3.0308888888888887,0,0.004520625240054872,0.0023496615071259453,-0.00014897216461285848,1,"[1.0, 0, 3.0308888888888887, 0, 1]",0.0
3.0308888888888887,1,0.0480211801554641,-0.0007267299591250648,9.647877813809535e-05,2,"[1.0, 0, 3.0308888888888887, 0, 1]",0.0
3.0359999999999996,0,0.004348355555555565,0.002371057528888887,-0.00015170945318383292,1,"[1.0, 0, 3.0359999999999996, 0, 1]",0.0
3.0359999999999996,1,0.048308296296296266,-0.0007430646731851837,9.782874208335843e-05,2,"[1.0, 0, 3.0359999999999996, 0, 1]",0.0
3.0411111111111104,0,0.004175795610425262,0.0023925416737793997,-0.00015448208836955587,1,"[1.0, 0, 3.0411111111111104, 0, 1]",0.0
3.0411111111111104,1,0.04859589620484678,-0.000759475760622531,9.918848681909236e-05,2,"[1.0, 0, 3.0411111111111104, 0, 1]",0.0
3.046222222222222,0,0.004002945404663921,0.002414114090152923,-0.00015729042320386733,1,"[1.0, 0, 3.046222222222222, 0, 1]",0.0
3.046222222222222,1,0.048883979881115674,-0.0007759633500118203,0.00010055806798499953,2,"[1.0, 0, 3.046222222222222, 0, 1]",0.0
3.051333333333333,0,0.0038298049382716123,0.0024357749263648814,-0.00016013481297809756,1,"[1.0, 0, 3.051333333333333, 0, 1]",0.0
3.051333333333333,1,0.04917254732510286,-0.0007925275699277534,0.00010193754146348573,2,"[1.0, 0, 3.051333333333333, 0, 1]",0.0
3.056444444444444,0,0.0036563742112483075,0.0024575243307707125,-0.00016301561524945923,1,"[1.0, 0, 3.056444444444444, 0, 1]",0.0
3.056444444444444,1,0.04946159853680837,-0.0008091685489450429,0.00010332696338041298,2,"[1.0, 0, 3.056444444444444, 0, 1]",0.0
3.0615555555555547,0,0.0034826532235939928,0.0024793624517258504,-0.00016593318984944744,1,"[1.0, 0, 3.0615555555555547, 0, 1]",0.0
3.0615555555555547,1,0.04975113351623223,-0.0008258864156383988,0.00010472639010585211,2,"[1.0, 0, 3.0615555555555547, 0, 1]",0.0
3.0666666666666664,0,0.0033086419753086405,0.0025012894375857327,-0.0001688878988922569,1,"[1.0, 0, 3.0666666666666664, 0, 1]",0.0
3.0666666666666664,1,0.05004115226337448,-0.0008426812985825324,0.0001061358782548374,2,"[1.0, 0, 3.0666666666666664, 0, 1]",0.0
3.0717777777777773,0,0.003134340466392334,0.0025233054367057844,-0.0001718801067832105,1,"[1.0, 0, 3.0717777777777773, 0, 1]",0.0
3.0717777777777773,1,0.050331654778234994,-0.0008595533263521463,0.00010755548468812081,2,"[1.0, 0, 3.0717777777777773, 0, 1]",0.0
3.076888888888888,0,0.0029597486968450173,0.002545410597441443,-0.00017491018022720687,1,"[1.0, 0, 3.076888888888888, 0, 1]",0.0
3.076888888888888,1,0.05062264106081385,-0.0008765026275219534,0.00010898526651293123,2,"[1.0, 0, 3.076888888888888, 0, 1]",0.0
3.082,0,0.0027848666666666633,0.002567605068148147,-0.00017797848823717781,1,"[1.0, 0, 3.082, 0, 1]",0.0
3.082,1,0.050914111111111104,-0.0008935293306666658,0.00011042528108373124,2,"[1.0, 0, 3.082, 0, 1]",0.0
3.0871111111111107,0,0.002609694375857348,0.0025898889971813217,-0.00018108540214255888,1,"[1.0, 0, 3.0871111111111107, 0, 1]",0.0
3.0871111111111107,1,0.05120606492912663,-0.0009106335643609866,0.00011187558600297569,2,"[1.0, 0, 3.0871111111111107, 0, 1]",0.0
3.0922222222222215,0,0.0024342318244170297,0.0026122625328964047,-0.0001842312955977796,1,"[1.0, 0, 3.0922222222222215, 0, 1]",0.0
3.0922222222222215,1,0.0514985025148605,-0.0009278154571796279,0.00011333623912187435,2,"[1.0, 0, 3.0922222222222215, 0, 1]",0.0
3.0973333333333333,0,0.002258479012345674,0.0026347258236488333,-0.00018741654459076288,1,"[1.0, 0, 3.0973333333333333, 0, 1]",0.0
3.0973333333333333,1,0.05179142386831276,-0.000945075137697302,0.0001148072985411527,2,"[1.0, 0, 3.0973333333333333, 0, 1]",0.0
3.102444444444444,0,0.0020824359396433498,0.0026572790177940334,-0.0001906415274514382,1,"[1.0, 0, 3.102444444444444, 0, 1]",0.0
3.102444444444444,1,0.05208482898948329,-0.0009624127344887113,0.00011628882261181442,2,"[1.0, 0, 3.102444444444444, 0, 1]",0.0
3.107555555555555,0,0.0019061026063100367,0.002679922263687443,-0.00019390662486027407,1,"[1.0, 0, 3.107555555555555, 0, 1]",0.0
3.107555555555555,1,0.05237871787837216,-0.0009798283761285691,0.00011778086993590771,2,"[1.0, 0, 3.107555555555555, 0, 1]",0.0
3.112666666666666,0,0.0017294790123457068,0.0027026557096844943,-0.00019721221985681862,1,"[1.0, 0, 3.112666666666666, 0, 1]",0.0
3.112666666666666,1,0.05267309053497936,-0.0009973221911915829,0.00011928349936728948,2,"[1.0, 0, 3.112666666666666, 0, 1]",0.0
3.1177777777777775,0,0.0015525651577503463,0.002725479504140628,-0.00020055869784825882,1,"[1.0, 0, 3.1177777777777775, 0, 1]",0.0
3.1177777777777775,1,0.05296794695930497,-0.0010148943082524675,0.00012079677001239333,2,"[1.0, 0, 3.1177777777777775, 0, 1]",0.0
3.1228888888888884,0,0.0013753610425240106,0.002748393795411266,-0.00020394644661798805,1,"[1.0, 0, 3.1228888888888884, 0, 1]",0.0
3.1228888888888884,1,0.053263287151348856,-0.0010325448558859236,0.00012232074123099619,2,"[1.0, 0, 3.1228888888888884, 0, 1]",0.0
3.1279999999999992,0,0.001197866666666686,0.0027713987318518487,-0.00020737585633419665,1,"[1.0, 0, 3.1279999999999992, 0, 1]",0.0
3.1279999999999992,1,0.05355911111111107,-0.001050273962666664,0.00012385547263698985,2,"[1.0, 0, 3.1279999999999992, 0, 1]",0.0
3.133111111111111,0,0.0010200820301783306,0.0027944944618178104,-0.000210847319558468,1,"[1.0, 0, 3.133111111111111, 0, 1]",0.0
3.133111111111111,1,0.05385541883859166,-0.0010680817571694003,0.00012540102409915076,2,"[1.0, 0, 3.133111111111111, 0, 1]",0.0
3.138222222222222,0,0.0008420071330590001,0.002817681133664582,-0.00021436123125439233,1,"[1.0, 0, 3.138222222222222, 0, 1]",0.0
3.138222222222222,1,0.05415221033379054,-0.0010859683679688378,0.00012695745574191163,2,"[1.0, 0, 3.138222222222222, 0, 1]",0.0
3.1433333333333326,0,0.0006636419753086598,0.002840958895747596,-0.0002179179887961955,1,"[1.0, 0, 3.1433333333333326, 0, 1]",0.0
3.1433333333333326,1,0.054449485596707786,-0.0011039339236396867,0.00012852482794613586,2,"[1.0, 0, 3.1433333333333326, 0, 1]",0.0
3.1484444444444444,0,0.00048498655692728876,0.002864327896422294,-0.0002215179919773812,1,"[1.0, 0, 3.1484444444444444, 0, 1]",0.0
3.1484444444444444,1,0.0547472446273434,-0.00112197855275666,0.00013010320134989104,2,"[1.0, 0, 3.1484444444444444, 0, 1]",0.0
3.1535555555555552,0,0.0003060408779149565,0.0028877882840440973,-0.00022516164301938303,1,"[1.0, 0, 3.1535555555555552, 0, 1]",0.0
3.1535555555555552,1,0.05504548742569729,-0.0011401023838944594,0.0001316926368492247,2,"[1.0, 0, 3.1535555555555552, 0, 1]",0.0
3.158666666666666,0,0.00012680493827162131,0.002911340206968446,-0.00022884934658023997,1,"[1.0, 0, 3.158666666666666, 0, 1]",0.0
3.158666666666666,1,0.0553442139917695,-0.0011583055456277978,0.00013329319559894274,2,"[1.0, 0, 3.158666666666666, 0, 1]",0.0
3.163777777777777,0,-5.272126200271676e-05,0.002934983813550775,-0.00023258150976327674,1,"[1.0, 0, 3.163777777777777, 0, 1]",0.0
3.163777777777777,1,0.055643424325560076,-0.0011765881665313854,0.00013490493901338667,2,"[1.0, 0, 3.163777777777777, 0, 1]",0.0
3.1688888888888886,0,-0.00023253772290809244,0.002958719252146521,-0.00023635854212580325,1,"[1.0, 0, 3.1688888888888886, 0, 1]",0.0
3.1688888888888886,1,0.05594311842706903,-0.0011949503751799346,0.00013652792876721334,2,"[1.0, 0, 3.1688888888888886, 0, 1]",0.0
3.1739999999999995,0,-0.0004126444444444363,0.0029825466711111094,-0.00024018085568782425,1,"[1.0, 0, 3.1739999999999995, 0, 1]",0.0
3.1739999999999995,1,0.05624329629629628,-0.0012133923001481468,0.0001381622267961755,2,"[1.0, 0, 3.1739999999999995, 0, 1]",0.0
3.1791111111111103,0,-0.0005930414266117762,0.0030064662187999757,-0.00024404886494076936,1,"[1.0, 0, 3.1791111111111103, 0, 1]",0.0
3.1791111111111103,1,0.05654395793324184,-0.0012319140700107342,0.00013980789529790475,2,"[1.0, 0, 3.1791111111111103, 0, 1]",0.0
3.184222222222222,0,-0.0007737286694101536,0.003030478043568561,-0.0002479629868562326,1,"[1.0, 0, 3.184222222222222, 0, 1]",0.0
3.184222222222222,1,0.05684510333790581,-0.0012505158133424101,0.0001414649967326951,2,"[1.0, 0, 3.184222222222222, 0, 1]",0.0
3.189333333333333,0,-0.0009547061728394993,0.0030545822937722887,-0.00025192364089472296,1,"[1.0, 0, 3.189333333333333, 0, 1]",0.0
3.189333333333333,1,0.05714673251028804,-0.001269197658717877,0.0001431335938242855,2,"[1.0, 0, 3.189333333333333, 0, 1]",0.0
3.1944444444444438,0,-0.0011359739368998478,0.0030787791177665966,-0.0002559312490144382,1,"[1.0, 0, 3.1944444444444438, 0, 1]",0.0
3.1944444444444438,1,0.057448845450388614,-0.001287959734711847,0.00014481374956064883,2,"[1.0, 0, 3.1944444444444438, 0, 1]",0.0
3.1995555555555555,0,-0.001317531961591227,0.0031030686639069247,-0.00025998623568004566,1,"[1.0, 0, 3.1995555555555555, 0, 1]",0.0
3.1995555555555555,1,0.057751442158207586,-0.001306802169899033,0.00014650552719477726,2,"[1.0, 0, 3.1995555555555555, 0, 1]",0.0
3.2046666666666663,0,-0.0014993802469135745,0.0031274510805486943,-0.00026408902787147516,1,"[1.0, 0, 3.2046666666666663, 0, 1]",0.0
3.2046666666666663,1,0.05805452263374483,-0.001325725092854136,0.00014820899024547008,2,"[1.0, 0, 3.2046666666666663, 0, 1]",0.0
3.209777777777777,0,-0.0016815187928669248,0.003151926516047348,-0.00026824005509273646,1,"[1.0, 0, 3.209777777777777, 0, 1]",0.0
3.209777777777777,1,0.05835808687700042,-0.0013447286321518718,0.00014992420249812518,2,"[1.0, 0, 3.209777777777777, 0, 1]",0.0
3.214888888888888,0,-0.001863947599451278,0.003176495118758315,-0.0002724397493807387,1,"[1.0, 0, 3.214888888888888, 0, 1]",0.0
3.214888888888888,1,0.05866213488797434,-0.0013638129163669461,0.00015165122800552905,2,"[1.0, 0, 3.214888888888888, 0, 1]",0.0
3.2199999999999998,0,-0.002046666666666662,0.003201157037037036,-0.00027668854531413313,1,"[1.0, 0, 3.2199999999999998, 0, 1]",0.0
3.2199999999999998,1,0.05896666666666664,-0.0013829780740740728,0.0001533901310886493,2,"[1.0, 0, 3.2199999999999998, 0, 1]",0.0
3.2251111111111106,0,-0.002229675994513014,0.0032259124192389344,-0.0002809868800221615,1,"[1.0, 0, 3.2251111111111106, 0, 1]",0.0
3.2251111111111106,1,0.05927168221307724,-0.0014022242338479545,0.00015514097633742728,2,"[1.0, 0, 3.2251111111111106, 0, 1]",0.0
3.2302222222222214,0,-0.002412975582990383,0.003250761413719449,-0.00028533519319352845,1,"[1.0, 0, 3.2302222222222214, 0, 1]",0.0
3.2302222222222214,1,0.059577181527206174,-0.0014215515242633038,0.00015690382861157406,2,"[1.0, 0, 3.2302222222222214, 0, 1]",0.0
3.235333333333333,0,-0.0025965654320987616,0.0032757041688340175,-0.0002897339270852804,1,"[1.0, 0, 3.235333333333333, 0, 1]",0.0
3.235333333333333,1,0.05988316460905348,-0.0014409600738948317,0.00015867875304136604,2,"[1.0, 0, 3.235333333333333, 0, 1]",0.0
3.240444444444444,0,-0.0027804455418381224,0.0033007408329380657,-0.0002941835265316985,1,"[1.0, 0, 3.240444444444444, 0, 1]",0.0
3.240444444444444,1,0.06018963145861908,-0.0014604500113172428,0.00016046581502844162,2,"[1.0, 0, 3.240444444444444, 0, 1]",0.0
3.245555555555555,0,-0.002964615912208486,0.0033258715543870313,-0.0002986844389532124,1,"[1.0, 0, 3.245555555555555, 0, 1]",0.0
3.245555555555555,1,0.06049658207590301,-0.0014800214651052488,0.00016226508024660058,2,"[1.0, 0, 3.245555555555555, 0, 1]",0.0
3.2506666666666657,0,-0.003149076543209846,0.0033510964815363464,-0.0003032371143653205,1,"[1.0, 0, 3.2506666666666657, 0, 1]",0.0
3.2506666666666657,1,0.06080401646090529,-0.0014996745638335583,0.00016407661464260367,2,"[1.0, 0, 3.2506666666666657, 0, 1]",0.0
3.2557777777777774,0,-0.003333827434842236,0.0033764157627414497,-0.00030784200538752984,1,"[1.0, 0, 3.2557777777777774, 0, 1]",0.0
3.2557777777777774,1,0.06111193461362595,-0.0015194094360768834,0.00016590048443697368,2,"[1.0, 0, 3.2557777777777774, 0, 1]",0.0
3.2608888888888883,0,-0.0035188685871056086,0.0034018295463577675,-0.00031249956725230415,1,"[1.0, 0, 3.2608888888888883, 0, 1]",0.0
3.2608888888888883,1,0.061420336534064895,-0.0015392262104099283,0.0001677367561247966,2,"[1.0, 0, 3.2608888888888883, 0, 1]",0.0
3.265999999999999,0,-0.00370419999999997,0.0034273379807407355,-0.00031721025781403364,1,"[1.0, 0, 3.265999999999999, 0, 1]",0.0
3.265999999999999,1,0.06172922222222216,-0.0015591250154074034,0.0001695854964765273,2,"[1.0, 0, 3.265999999999999, 0, 1]",0.0
3.271111111111111,0,-0.003889821673525376,0.0034529412142457945,-0.00032197453755801393,1,"[1.0, 0, 3.271111111111111, 0, 1]",0.0
3.271111111111111,1,0.06203859167809783,-0.0015791059796440234,0.0001714467725387937,2,"[1.0, 0, 3.271111111111111, 0, 1]",0.0
3.2762222222222217,0,-0.004075733607681743,0.0034786393952283665,-0.00032679286960943574,1,"[1.0, 0, 3.2762222222222217, 0, 1]",0.0
3.2762222222222217,1,0.06234844490169178,-0.001599169231694489,0.000173320651635201,2,"[1.0, 0, 3.2762222222222217, 0, 1]",0.0
3.2813333333333325,0,-0.004261935802469113,0.0035044326720438915,-0.00033166571974239945,1,"[1.0, 0, 3.2813333333333325, 0, 1]",0.0
3.2813333333333325,1,0.06265878189300406,-0.0016193149001335128,0.0001752072013671419,2,"[1.0, 0, 3.2813333333333325, 0, 1]",0.0
3.2864444444444443,0,-0.004448428257887514,0.003530321193047806,-0.00033659355638893313,1,"[1.0, 0, 3.2864444444444443, 0, 1]",0.0
3.2864444444444443,1,0.06296960265203473,-0.0016395431135358082,0.00017710648961460402,2,"[1.0, 0, 3.2864444444444443, 0, 1]",0.0
3.291555555555555,0,-0.00463521097393689,0.003556305106595537,-0.00034157685064802794,1,"[1.0, 0, 3.291555555555555, 0, 1]",0.0
3.291555555555555,1,0.0632809071787837,-0.0016598540004760772,0.00017901858453697855,2,"[1.0, 0, 3.291555555555555, 0, 1]",0.0
3.296666666666666,0,-0.004822283950617269,0.0035823845610425203,-0.0003466160762946913,1,"[1.0, 0, 3.296666666666666, 0, 1]",0.0
3.296666666666666,1,0.06359269547325098,-0.0016802476895290326,0.00018094355457387354,2,"[1.0, 0, 3.296666666666666, 0, 1]",0.0
3.301777777777777,0,-0.005009647187928644,0.00360855970474419,-0.00035171170978900984,1,"[1.0, 0, 3.301777777777777, 0, 1]",0.0
3.301777777777777,1,0.06390496753543662,-0.0017007243092693825,0.00018288146844592541,2,"[1.0, 0, 3.301777777777777, 0, 1]",0.0
3.3068888888888885,0,-0.005197300685871049,0.0036348306860559854,-0.0003568642302852285,1,"[1.0, 0, 3.3068888888888885, 0, 1]",0.0
3.3068888888888885,1,0.06421772336534062,-0.0017212839882718403,0.00018483239515561242,2,"[1.0, 0, 3.3068888888888885, 0, 1]",0.0
3.3119999999999994,0,-0.00538524444444443,0.003661197653333329,-0.0003620741196408391,1,"[1.0, 0, 3.3119999999999994, 0, 1]",0.0
3.3119999999999994,1,0.06453096296296293,-0.0017419268551111082,0.0001867964039880696,2,"[1.0, 0, 3.3119999999999994, 0, 1]",0.0
3.3171111111111102,0,-0.005573478463648807,0.003687660754931662,-0.000367341862425694,1,"[1.0, 0, 3.3171111111111102, 0, 1]",0.0
3.3171111111111102,1,0.06484468632830355,-0.001762653038361899,0.00018877356451190517,2,"[1.0, 0, 3.3171111111111102, 0, 1]",0.0
3.322222222222222,0,-0.005762002743484221,0.0037142201392064197,-0.0003726679459311215,1,"[1.0, 0, 3.322222222222222, 0, 1]",0.0
3.322222222222222,1,0.06515889346136258,-0.001783462666598925,0.00019076394658001935,2,"[1.0, 0, 3.322222222222222, 0, 1]",0.0
3.327333333333333,0,-0.005950817283950603,0.0037408759545130284,-0.00037805286017906023,1,"[1.0, 0, 3.327333333333333, 0, 1]",0.0
3.327333333333333,1,0.06547358436213989,-0.0018043558683968881,0.0001927676203304197,2,"[1.0, 0, 3.327333333333333, 0, 1]",0.0
3.3324444444444437,0,-0.006139922085047982,0.003767628349206925,-0.0003834970979312121,1,"[1.0, 0, 3.3324444444444437, 0, 1]",0.0
3.3324444444444437,1,0.06578875903063551,-0.0018253327723305015,0.00019478465618704446,2,"[1.0, 0, 3.3324444444444437, 0, 1]",0.0
3.3375555555555554,0,-0.0063293171467764045,0.0037944774716435494,-0.00038900115469820334,1,"[1.0, 0, 3.3375555555555554, 0, 1]",0.0
3.3375555555555554,1,0.06610441746684954,-0.0018463935069744778,0.00019681512486058336,2,"[1.0, 0, 3.3375555555555554, 0, 1]",0.0
3.3426666666666662,0,-0.006519002469135796,0.003821423470178324,-0.00039456552874875744,1,"[1.0, 0, 3.3426666666666662, 0, 1]",0.0
3.3426666666666662,1,0.06642055967078186,-0.001867538200903519,0.00019885909734929753,2,"[1.0, 0, 3.3426666666666662, 0, 1]",0.0
3.347777777777777,0,-0.006708978052126176,0.0038484664931666876,-0.00040019072111889347,1,"[1.0, 0, 3.347777777777777, 0, 1]",0.0
3.347777777777777,1,0.0667371856424325,-0.001888766982692337,0.00020091664493984636,2,"[1.0, 0, 3.347777777777777, 0, 1]",0.0
3.352888888888888,0,-0.006899243895747566,0.003875606688964075,-0.00040587723562112647,1,"[1.0, 0, 3.352888888888888, 0, 1]",0.0
3.352888888888888,1,0.0670542953818015,-0.001910079980915642,0.00020298783920811144,2,"[1.0, 0, 3.352888888888888, 0, 1]",0.0
3.3579999999999997,0,-0.007089799999999993,0.003902844205925924,-0.00041162557885368877,1,"[1.0, 0, 3.3579999999999997, 0, 1]",0.0
3.3579999999999997,1,0.06737188888888887,-0.0019314773241481467,0.00020507275202002258,2,"[1.0, 0, 3.3579999999999997, 0, 1]",0.0
3.3631111111111105,0,-0.007280646364883389,0.003930179192407659,-0.00041743626020975986,1,"[1.0, 0, 3.3631111111111105, 0, 1]",0.0
3.3631111111111105,1,0.06768996616369452,-0.0019529591409645527,0.00020717145553238473,2,"[1.0, 0, 3.3631111111111105, 0, 1]",0.0
3.3682222222222213,0,-0.007471782990397774,0.003957611796764716,-0.00042330979188671844,1,"[1.0, 0, 3.3682222222222213, 0, 1]",0.0
3.3682222222222213,1,0.06800852720621851,-0.0019745255599395713,0.00020928402219370912,2,"[1.0, 0, 3.3682222222222213, 0, 1]",0.0
3.373333333333333,0,-0.007663209876543203,0.003985142167352537,-0.00042924668889540376,1,"[1.0, 0, 3.373333333333333, 0, 1]",0.0
3.373333333333333,1,0.06832757201646089,-0.0019961767096479187,0.00021141052474504124,2,"[1.0, 0, 3.373333333333333, 0, 1]",0.0
3.378444444444444,0,-0.007854927023319608,0.004012770452526543,-0.00043524746906938456,1,"[1.0, 0, 3.378444444444444, 0, 1]",0.0
3.378444444444444,1,0.06864710059442154,-0.0020179127186642936,0.00021355103622079256,2,"[1.0, 0, 3.378444444444444, 0, 1]",0.0
3.3835555555555548,0,-0.008046934430727001,0.004040496800642173,-0.00044131265307425783,1,"[1.0, 0, 3.3835555555555548, 0, 1]",0.0
3.3835555555555548,1,0.06896711294010054,-0.0020397337155634095,0.0002157056299495744,2,"[1.0, 0, 3.3835555555555548, 0, 1]",0.0
3.3886666666666665,0,-0.00823923209876544,0.004068321360054869,-0.00044744276441694857,1,"[1.0, 0, 3.3886666666666665, 0, 1]",0.0
3.3886666666666665,1,0.06928760905349794,-0.0020616398289199814,0.0002178743795550308,2,"[1.0, 0, 3.3886666666666665, 0, 1]",0.0
3.3937777777777773,0,-0.008431820027434839,0.004096244279120051,-0.0004536383294550232,1,"[1.0, 0, 3.3937777777777773, 0, 1]",0.0
3.3937777777777773,1,0.0696085889346136,-0.0020836311873087083,0.00022005735895667234,2,"[1.0, 0, 3.3937777777777773, 0, 1]",0.0
3.398888888888888,0,-0.008624698216735227,0.004124265706193157,-0.0004598998774060299,1,"[1.0, 0, 3.398888888888888, 0, 1]",0.0
3.398888888888888,1,0.06993005258344759,-0.002105707919304303,0.00022225464237071613,2,"[1.0, 0, 3.398888888888888, 0, 1]",0.0
3.404,0,-0.008817866666666674,0.004152385789629629,-0.00046622794035684073,1,"[1.0, 0, 3.404, 0, 1]",0.0
3.404,1,0.070252,-0.002127870153481481,0.00022446630431092074,2,"[1.0, 0, 3.404, 0, 1]",0.0
3.4091111111111108,0,-0.009011325377229068,0.004180604677784887,-0.0004726230532730077,1,"[1.0, 0, 3.4091111111111108, 0, 1]",0.0
3.4091111111111108,1,0.07057443118427066,-0.0021501180184149414,0.0002266924195894247,2,"[1.0, 0, 3.4091111111111108, 0, 1]",0.0
3.4142222222222216,0,-0.009205074348422479,0.004208922519014374,-0.00047908575400814506,1,"[1.0, 0, 3.4142222222222216, 0, 1]",0.0
3.4142222222222216,1,0.07089734613625967,-0.002172451642679399,0.00022893306331758895,2,"[1.0, 0, 3.4142222222222216, 0, 1]",0.0
3.4193333333333324,0,-0.009399113580246879,0.0042373394616735185,-0.00048561658331331087,1,"[1.0, 0, 3.4193333333333324, 0, 1]",0.0
3.4193333333333324,1,0.07122074485596701,-0.002194871154849561,0.00023118831090683718,2,"[1.0, 0, 3.4193333333333324, 0, 1]",0.0
3.4244444444444433,0,-0.009593443072702296,0.00426585565411776,-0.0004922160848464141,1,"[1.0, 0, 3.4244444444444433, 0, 1]",0.0
3.4244444444444433,1,0.0715446273433927,-0.0022173766835001385,0.0002334582380694983,2,"[1.0, 0, 3.4244444444444433, 0, 1]",0.0
3.429555555555554,0,-0.009788062825788701,0.004294471244702527,-0.0004988848051816269,1,"[1.0, 0, 3.429555555555554, 0, 1]",0.0
3.429555555555554,1,0.07186899359853671,-0.0022399683572058397,0.00023574292081965026,2,"[1.0, 0, 3.429555555555554, 0, 1]",0.0
3.4346666666666668,0,-0.00998297283950618,0.004323186381783264,-0.0005056232938188205,1,"[1.0, 0, 3.4346666666666668, 0, 1]",0.0
3.4346666666666668,1,0.07219384362139918,-0.0022626463045413805,0.00023804243547396748,2,"[1.0, 0, 3.4346666666666668, 0, 1]",0.0
3.4397777777777776,0,-0.010178173113854591,0.004352001213715387,-0.0005124321031929996,1,"[1.0, 0, 3.4397777777777776, 0, 1]",0.0
3.4397777777777776,1,0.07251917741197986,-0.002285410654081456,0.00024035685865256236,2,"[1.0, 0, 3.4397777777777776, 0, 1]",0.0
3.4448888888888884,0,-0.010373663648834006,0.004380915888854339,-0.0005193117886837754,1,"[1.0, 0, 3.4448888888888884, 0, 1]",0.0
3.4448888888888884,1,0.0728449949702789,-0.0023082615344007834,0.0002426862672798395,2,"[1.0, 0, 3.4448888888888884, 0, 1]",0.0
3.4499999999999993,0,-0.010569444444444423,0.004409930555555551,-0.0005262629086248273,1,"[1.0, 0, 3.4499999999999993, 0, 1]",0.0
3.4499999999999993,1,0.07317129629629625,-0.00233119907407407,0.00024503073858533984,2,"[1.0, 0, 3.4499999999999993, 0, 1]",0.0
3.45511111111111,0,-0.01076551550068583,0.004439045362174459,-0.0005332860243133956,1,"[1.0, 0, 3.45511111111111, 0, 1]",0.0
3.45511111111111,1,0.07349808139003193,-0.002354223401676027,0.00024739035010459343,2,"[1.0, 0, 3.45511111111111, 0, 1]",0.0
3.460222222222221,0,-0.010961876817558253,0.004468260457066497,-0.0005403817000197792,1,"[1.0, 0, 3.460222222222221, 0, 1]",0.0
3.460222222222221,1,0.07382535025148597,-0.002377334645781362,0.0002497651796799705,2,"[1.0, 0, 3.460222222222221, 0, 1]",0.0
3.4653333333333336,0,-0.011158528395061748,0.004497575988587108,-0.000547550502996855,1,"[1.0, 0, 3.4653333333333336, 0, 1]",0.0
3.4653333333333336,1,0.07415310288065845,-0.0024005329349647934,0.000252155305461534,2,"[1.0, 0, 3.4653333333333336, 0, 1]",0.0
3.4704444444444444,0,-0.011355470233196163,0.004526992105091704,-0.0005547930034895957,1,"[1.0, 0, 3.4704444444444444, 0, 1]",0.0
3.4704444444444444,1,0.07448133927754914,-0.002423818397801013,0.000254560805907892,2,"[1.0, 0, 3.4704444444444444, 0, 1]",0.0
3.4755555555555553,0,-0.011552702331961595,0.00455650895493573,-0.0005621097747446298,1,"[1.0, 0, 3.4755555555555553, 0, 1]",0.0
3.4755555555555553,1,0.07481005944215818,-0.0024471911628647387,0.00025698175978705704,2,"[1.0, 0, 3.4755555555555553, 0, 1]",0.0
3.480666666666666,0,-0.011750224691358016,0.004586126686474619,-0.0005695013930197874,1,"[1.0, 0, 3.480666666666666, 0, 1]",0.0
3.480666666666666,1,0.07513926337448557,-0.0024706513587306783,0.0002594182461773001,2,"[1.0, 0, 3.480666666666666, 0, 1]",0.0
3.485777777777777,0,-0.011948037311385426,0.004615845448063805,-0.0005769684375936757,1,"[1.0, 0, 3.485777777777777, 0, 1]",0.0
3.485777777777777,1,0.07546895107453126,-0.002494199113973543,0.0002618703444680077,2,"[1.0, 0, 3.485777777777777, 0, 1]",0.0
3.490888888888888,0,-0.012146140192043853,0.0046456653880587225,-0.0005845114907752625,1,"[1.0, 0, 3.490888888888888, 0, 1]",0.0
3.490888888888888,1,0.0757991225422953,-0.0025178345571680413,0.00026433813436054377,2,"[1.0, 0, 3.490888888888888, 0, 1]",0.0
3.4959999999999987,0,-0.012344533333333296,0.004675586654814807,-0.0005921311379134778,1,"[1.0, 0, 3.4959999999999987, 0, 1]",0.0
3.4959999999999987,1,0.07612977777777769,-0.0025415578168888823,0.00026682169586910776,2,"[1.0, 0, 3.4959999999999987, 0, 1]",0.0
3.5011111111111113,0,-0.012543216735253784,0.0047056093966874974,-0.0005998279674068273,1,"[1.0, 0, 3.5011111111111113, 0, 1]",0.0
3.5011111111111113,1,0.07646091678097851,-0.0025653690217107825,0.00026932110932159783,2,"[1.0, 0, 3.5011111111111113, 0, 1]",0.0
3.506222222222222,0,-0.01274219039780522,0.0047357337620322106,-0.0006076025707130138,1,"[1.0, 0, 3.506222222222222, 0, 1]",0.0
3.506222222222222,1,0.07679253955189758,-0.0025892683002084367,0.00027183645536047114,2,"[1.0, 0, 3.506222222222222, 0, 1]",0.0
3.511333333333333,0,-0.012941454320987644,0.0047659598992043865,-0.0006154555423585901,1,"[1.0, 0, 3.511333333333333, 0, 1]",0.0
3.511333333333333,1,0.07712464609053495,-0.0026132557809565595,0.00027436781494361137,2,"[1.0, 0, 3.511333333333333, 0, 1]",0.0
3.516444444444444,0,-0.013141008504801072,0.004796287956559464,-0.0006233874799486097,1,"[1.0, 0, 3.516444444444444, 0, 1]",0.0
3.516444444444444,1,0.07745723639689067,-0.0026373315925298617,0.00027691526934519337,2,"[1.0, 0, 3.516444444444444, 0, 1]",0.0
3.5215555555555547,0,-0.013340852949245516,0.004826718082452873,-0.000631398984176294,1,"[1.0, 0, 3.5215555555555547, 0, 1]",0.0
3.5215555555555547,1,0.07779031047096474,-0.0026614958635030523,0.00027947890015654825,2,"[1.0, 0, 3.5215555555555547, 0, 1]",0.0
3.5266666666666655,0,-0.013540987654320949,0.004857250425240046,-0.0006394906588327193,1,"[1.0, 0, 3.5266666666666655, 0, 1]",0.0
3.5266666666666655,1,0.07812386831275711,-0.0026857487224508396,0.00028205878928703207,2,"[1.0, 0, 3.5266666666666655, 0, 1]",0.0
3.5317777777777764,0,-0.013741412620027385,0.0048878851332764236,-0.0006476631108165176,1,"[1.0, 0, 3.5317777777777764, 0, 1]",0.0
3.5317777777777764,1,0.07845790992226785,-0.0027100902979479346,0.0002846550189648968,2,"[1.0, 0, 3.5317777777777764, 0, 1]",0.0
3.536888888888889,0,-0.013942127846364893,0.004918622354917442,-0.0006559169501435842,1,"[1.0, 0, 3.536888888888889, 0, 1]",0.0
3.536888888888889,1,0.07879243529949703,-0.002734520718569053,0.0002872676717381592,2,"[1.0, 0, 3.536888888888889, 0, 1]",0.0
3.542,0,-0.014143133333333335,0.0049494622385185165,-0.0006642527899568004,1,"[1.0, 0, 3.542, 0, 1]",0.0
3.542,1,0.07912744444444443,-0.0027590401128888874,0.0002898968304754703,2,"[1.0, 0, 3.542, 0, 1]",0.0
3.5471111111111107,0,-0.01434442908093278,0.004980404932435094,-0.000672671246535788,1,"[1.0, 0, 3.5471111111111107, 0, 1]",0.0
3.5471111111111107,1,0.07946293735711017,-0.002783648609482157,0.0002925425783669937,2,"[1.0, 0, 3.5471111111111107, 0, 1]",0.0
3.5522222222222215,0,-0.014546015089163214,0.005011450585022604,-0.00068117293930665,1,"[1.0, 0, 3.5522222222222215, 0, 1]",0.0
3.5522222222222215,1,0.07979891403749423,-0.002808346336923568,0.00029520499892527635,2,"[1.0, 0, 3.5522222222222215, 0, 1]",0.0
3.5573333333333323,0,-0.014747891358024665,0.005042599344636483,-0.0006897584908517469,1,"[1.0, 0, 3.5573333333333323, 0, 1]",0.0
3.5573333333333323,1,0.08013537448559664,-0.0028331334237878328,0.00029788417598612476,2,"[1.0, 0, 3.5573333333333323, 0, 1]",0.0
3.562444444444443,0,-0.014950057887517104,0.005073851359632161,-0.0006984285269194751,1,"[1.0, 0, 3.562444444444443, 0, 1]",0.0
3.562444444444443,1,0.08047231870141737,-0.0028580099986496577,0.0003005801937094819,2,"[1.0, 0, 3.562444444444443, 0, 1]",0.0
3.567555555555556,0,-0.015152514677640616,0.005105206778365087,-0.0007071836764340703,1,"[1.0, 0, 3.567555555555556, 0, 1]",0.0
3.567555555555556,1,0.08080974668495657,-0.002882976190083762,0.0003032931365803067,2,"[1.0, 0, 3.567555555555556, 0, 1]",0.0
3.5726666666666667,0,-0.015355261728395075,0.005136665749190672,-0.0007160245715054035,1,"[1.0, 0, 3.5726666666666667, 0, 1]",0.0
3.5726666666666667,1,0.08114765843621399,-0.0029080321266648375,0.0003060230894094487,2,"[1.0, 0, 3.5726666666666667, 0, 1]",0.0
3.5777777777777775,0,-0.015558299039780524,0.005168228420464358,-0.000724951847438825,1,"[1.0, 0, 3.5777777777777775, 0, 1]",0.0
3.5777777777777775,1,0.08148605395518974,-0.002933177936967602,0.00030877013733453425,2,"[1.0, 0, 3.5777777777777775, 0, 1]",0.0
3.5828888888888883,0,-0.01576162661179696,0.0051998949405415796,-0.0007339661427449914,1,"[1.0, 0, 3.5828888888888883, 0, 1]",0.0
3.5828888888888883,1,0.08182493324188382,-0.0029584137495667637,0.00031153436582084646,2,"[1.0, 0, 3.5828888888888883, 0, 1]",0.0
3.587999999999999,0,-0.01596524444444443,0.005231665457777774,-0.0007430680991497235,1,"[1.0, 0, 3.587999999999999, 0, 1]",0.0
3.587999999999999,1,0.08216429629629625,-0.002983739693037033,0.00031431586066220737,2,"[1.0, 0, 3.587999999999999, 0, 1]",0.0
3.59311111111111,0,-0.016169152537722872,0.005263540120528368,-0.000752258361603869,1,"[1.0, 0, 3.59311111111111, 0, 1]",0.0
3.59311111111111,1,0.08250414311842699,-0.003009155895953119,0.00031711470798186206,2,"[1.0, 0, 3.59311111111111, 0, 1]",0.0
3.598222222222221,0,-0.01637335089163232,0.005295519077148799,-0.000761537578293189,1,"[1.0, 0, 3.598222222222221, 0, 1]",0.0
3.598222222222221,1,0.08284447370827608,-0.0030346624868897287,0.00031993099423336687,2,"[1.0, 0, 3.598222222222221, 0, 1]",0.0
3.6033333333333335,0,-0.01657783950617285,0.005327602475994514,-0.0007709064006482546,1,"[1.0, 0, 3.6033333333333335, 0, 1]",0.0
3.6033333333333335,1,0.08318528806584363,-0.0030602595944215823,0.00032276480620147484,2,"[1.0, 0, 3.6033333333333335, 0, 1]",0.0
3.6084444444444443,0,-0.016782618381344303,0.005359790465420919,-0.0007803654833543411,1,"[1.0, 0, 3.6084444444444443, 0, 1]",0.0
3.6084444444444443,1,0.08352658619112938,-0.0030859473471233703,0.00032561623100301997,2,"[1.0, 0, 3.6084444444444443, 0, 1]",0.0
3.613555555555555,0,-0.01698768751714677,0.005392083193783464,-0.0007899154843613748,1,"[1.0, 0, 3.613555555555555, 0, 1]",0.0
3.613555555555555,1,0.08386836808413349,-0.0031117258735698125,0.00032848535608781494,2,"[1.0, 0, 3.613555555555555, 0, 1]",0.0
3.618666666666666,0,-0.01719304691358023,0.00542448080943758,-0.0007995570648938555,1,"[1.0, 0, 3.618666666666666, 0, 1]",0.0
3.618666666666666,1,0.08421063374485592,-0.0031375953023356157,0.0003313722692395346,2,"[1.0, 0, 3.618666666666666, 0, 1]",0.0
3.623777777777777,0,-0.01739869657064469,0.005456983460738704,-0.0008092908894608125,1,"[1.0, 0, 3.623777777777777, 0, 1]",0.0
3.623777777777777,1,0.08455338317329669,-0.003163555761995491,0.00033427705857661194,2,"[1.0, 0, 3.623777777777777, 0, 1]",0.0
3.6288888888888877,0,-0.017604636488340153,0.005489591296042263,-0.0008191176258657675,1,"[1.0, 0, 3.6288888888888877, 0, 1]",0.0
3.6288888888888877,1,0.0848966163694558,-0.0031896073811241454,0.00033719981255312943,2,"[1.0, 0, 3.6288888888888877, 0, 1]",0.0
3.6339999999999986,0,-0.01781086666666662,0.005522304463703694,-0.0008290379452167196,1,"[1.0, 0, 3.6339999999999986, 0, 1]",0.0
3.6339999999999986,1,0.08524033333333324,-0.0032157502882962886,0.00034014061995971443,2,"[1.0, 0, 3.6339999999999986, 0, 1]",0.0
3.639111111111111,0,-0.018017387105624158,0.005555123112078442,-0.0008390525219361389,1,"[1.0, 0, 3.639111111111111, 0, 1]",0.0
3.639111111111111,1,0.08558453406492914,-0.00324198461208664,0.0003430995699244349,2,"[1.0, 0, 3.639111111111111, 0, 1]",0.0
3.644222222222222,0,-0.018224197805212616,0.005588047389521921,-0.0008491620337709632,1,"[1.0, 0, 3.644222222222222, 0, 1]",0.0
3.644222222222222,1,0.08592921856424324,-0.0032683104810698896,0.0003460767519136934,2,"[1.0, 0, 3.644222222222222, 0, 1]",0.0
3.649333333333333,0,-0.018431298765432078,0.005621077444389571,-0.0008593671618026367,1,"[1.0, 0, 3.649333333333333, 0, 1]",0.0
3.649333333333333,1,0.08627438683127568,-0.0032947280238207564,0.00034907225573313163,2,"[1.0, 0, 3.649333333333333, 0, 1]",0.0
3.6544444444444437,0,-0.018638689986282556,0.005654213425036828,-0.0008696685904571385,1,"[1.0, 0, 3.6544444444444437, 0, 1]",0.0
3.6544444444444437,1,0.08662003886602646,-0.0033212373689139483,0.000352086171528525,2,"[1.0, 0, 3.6544444444444437, 0, 1]",0.0
3.6595555555555546,0,-0.018846371467764023,0.005687455479819127,-0.0008800670075150319,1,"[1.0, 0, 3.6595555555555546, 0, 1]",0.0
3.6595555555555546,1,0.08696617466849559,-0.0033478386449241767,0.00035511858978668517,2,"[1.0, 0, 3.6595555555555546, 0, 1]",0.0
3.6646666666666654,0,-0.019054343209876493,0.005720803757091899,-0.0008905631041215291,1,"[1.0, 0, 3.6646666666666654, 0, 1]",0.0
3.6646666666666654,1,0.08731279423868303,-0.0033745319804261474,0.00035816960133636116,2,"[1.0, 0, 3.6646666666666654, 0, 1]",0.0
3.669777777777778,0,-0.01926260521262005,0.005754258405210589,-0.0009011575747965762,1,"[1.0, 0, 3.669777777777778, 0, 1]",0.0
3.669777777777778,1,0.08765989757658894,-0.0034013175039945822,0.00036123929734914527,2,"[1.0, 0, 3.669777777777778, 0, 1]",0.0
3.674888888888889,0,-0.01947115747599451,0.005787819572530609,-0.0009118511174449285,1,"[1.0, 0, 3.674888888888889, 0, 1]",0.0
3.674888888888889,1,0.08800748468221306,-0.0034281953442041684,0.00036432776934037196,2,"[1.0, 0, 3.674888888888889, 0, 1]",0.0
3.6799999999999997,0,-0.01967999999999999,0.005821487407407405,-0.0009226444333662806,1,"[1.0, 0, 3.6799999999999997, 0, 1]",0.0
3.6799999999999997,1,0.08835555555555552,-0.0034551656296296276,0.0003674351091700309,2,"[1.0, 0, 3.6799999999999997, 0, 1]",0.0
3.6851111111111106,0,-0.01988913278463647,0.0058552620581964095,-0.0009335382272653718,1,"[1.0, 0, 3.6851111111111106, 0, 1]",0.0
3.6851111111111106,1,0.08870411019661634,-0.0034822284888456675,0.0003705614090436702,2,"[1.0, 0, 3.6851111111111106, 0, 1]",0.0
3.6902222222222214,0,-0.020098555829903955,0.005889143673253054,-0.0009445332072621237,1,"[1.0, 0, 3.6902222222222214, 0, 1]",0.0
3.6902222222222214,1,0.08905314860539545,-0.0035093840504269967,0.0003737067615133036,2,"[1.0, 0, 3.6902222222222214, 0, 1]",0.0
3.6953333333333322,0,-0.02030826913580243,0.005923132400932778,-0.0009556300849017928,1,"[1.0, 0, 3.6953333333333322, 0, 1]",0.0
3.6953333333333322,1,0.08940267078189293,-0.0035366324429483248,0.00037687125947832417,2,"[1.0, 0, 3.6953333333333322, 0, 1]",0.0
3.700444444444443,0,-0.020518272702331905,0.005957228389591007,-0.0009668295751651273,1,"[1.0, 0, 3.700444444444443, 0, 1]",0.0
3.700444444444443,1,0.08975267672610873,-0.003563973794984361,0.0003800549961864109,2,"[1.0, 0, 3.700444444444443, 0, 1]",0.0
3.7055555555555557,0,-0.020728566529492468,0.005991431787583195,-0.0009781323964785562,1,"[1.0, 0, 3.7055555555555557, 0, 1]",0.0
3.7055555555555557,1,0.090103166438043,-0.0035914082351098248,0.0003832580652344452,2,"[1.0, 0, 3.7055555555555557, 0, 1]",0.0
3.7106666666666666,0,-0.02093915061728395,0.006025742743264744,-0.000989539270724356,1,"[1.0, 0, 3.7106666666666666, 0, 1]",0.0
3.7106666666666666,1,0.09045413991769546,-0.0036189358918994044,0.00038648056056941735,2,"[1.0, 0, 3.7106666666666666, 0, 1]",0.0
3.7157777777777774,0,-0.021150024965706435,0.006060161404991105,-0.001001050923250888,1,"[1.0, 0, 3.7157777777777774, 0, 1]",0.0
3.7157777777777774,1,0.09080559716506628,-0.00364655689392782,0.00038972257648935095,2,"[1.0, 0, 3.7157777777777774, 0, 1]",0.0
3.7208888888888882,0,-0.021361189574759923,0.006094687921117712,-0.0010126680828827955,1,"[1.0, 0, 3.7208888888888882, 0, 1]",0.0
3.7208888888888882,1,0.0911575381801554,-0.003674271369769781,0.0003929842076442101,2,"[1.0, 0, 3.7208888888888882, 0, 1]",0.0
3.725999999999999,0,-0.021572644444444414,0.0061293224399999935,-0.0010243914819312427,1,"[1.0, 0, 3.725999999999999, 0, 1]",0.0
3.725999999999999,1,0.0915099629629629,-0.003702079447999995,0.0003962655490368241,2,"[1.0, 0, 3.725999999999999, 0, 1]",0.0
3.73111111111111,0,-0.021784389574759908,0.006164065109993387,-0.0010362218562041663,1,"[1.0, 0, 3.73111111111111, 0, 1]",0.0
3.73111111111111,1,0.09186287151348871,-0.0037299812571931724,0.0003995666960237974,2,"[1.0, 0, 3.73111111111111, 0, 1]",0.0
3.736222222222221,0,-0.02199642496570639,0.0061989160794533255,-0.0010481599450165322,1,"[1.0, 0, 3.736222222222221, 0, 1]",0.0
3.736222222222221,1,0.09221626383173287,-0.003757976925924021,0.0004028877443164383,2,"[1.0, 0, 3.736222222222221, 0, 1]",0.0
3.7413333333333334,0,-0.02220875061728396,0.006233875496735253,-0.0010602064912006157,1,"[1.0, 0, 3.7413333333333334, 0, 1]",0.0
3.7413333333333334,1,0.09257013991769547,-0.003786066582767261,0.00040622878998167357,2,"[1.0, 0, 3.7413333333333334, 0, 1]",0.0
3.7464444444444442,0,-0.022421366529492462,0.006268943510194582,-0.0010723622411162803,1,"[1.0, 0, 3.7464444444444442, 0, 1]",0.0
3.7464444444444442,1,0.09292449977137629,-0.003814250356297582,0.0004095899294429713,2,"[1.0, 0, 3.7464444444444442, 0, 1]",0.0
3.751555555555555,0,-0.02263427270233194,0.0063041202681867565,-0.0010846279446612979,1,"[1.0, 0, 3.751555555555555, 0, 1]",0.0
3.751555555555555,1,0.09327934339277544,-0.003842528375089703,0.0004129712594812687,2,"[1.0, 0, 3.751555555555555, 0, 1]",0.0
3.756666666666666,0,-0.022847469135802448,0.006339405919067208,-0.001097004355281657,1,"[1.0, 0, 3.756666666666666, 0, 1]",0.0
3.756666666666666,1,0.09363467078189294,-0.0038709007677183303,0.0004163728772358944,2,"[1.0, 0, 3.756666666666666, 0, 1]",0.0
3.7617777777777768,0,-0.023060955829903945,0.006374800611191376,-0.001109492229981897,1,"[1.0, 0, 3.7617777777777768, 0, 1]",0.0
3.7617777777777768,1,0.09399048193872878,-0.0038993676627581786,0.00041979488020549153,2,"[1.0, 0, 3.7617777777777768, 0, 1]",0.0
3.7668888888888876,0,-0.023274732784636445,0.006410304492914689,-0.0011220923293354518,1,"[1.0, 0, 3.7668888888888876, 0, 1]",0.0
3.7668888888888876,1,0.09434677686328294,-0.003927929188783952,0.00042323736624895025,2,"[1.0, 0, 3.7668888888888876, 0, 1]",0.0
3.7720000000000002,0,-0.023488800000000018,0.006445917712592593,-0.0011348054174950182,1,"[1.0, 0, 3.7720000000000002, 0, 1]",0.0
3.7720000000000002,1,0.09470355555555557,-0.003956585474370371,0.0004267004335863345,2,"[1.0, 0, 3.7720000000000002, 0, 1]",0.0
3.777111111111111,0,-0.023703157475994524,0.0064816404185805004,-0.001147632262202911,1,"[1.0, 0, 3.777111111111111, 0, 1]",0.0
3.777111111111111,1,0.09506081801554639,-0.003985336648092127,0.00043018418079980624,2,"[1.0, 0, 3.777111111111111, 0, 1]",0.0
3.782222222222222,0,-0.02391780521262002,0.006517472759233853,-0.001160573634801476,1,"[1.0, 0, 3.782222222222222, 0, 1]",0.0
3.782222222222222,1,0.09541856424325557,-0.004014182838523936,0.0004336887068345678,2,"[1.0, 0, 3.782222222222222, 0, 1]",0.0
3.7873333333333328,0,-0.02413274320987653,0.006553414882908089,-0.0011736303102434797,1,"[1.0, 0, 3.7873333333333328, 0, 1]",0.0
3.7873333333333328,1,0.0957767942386831,-0.0040431241742405095,0.0004372141109997849,2,"[1.0, 0, 3.7873333333333328, 0, 1]",0.0
3.7924444444444436,0,-0.024347971467764032,0.006589466937958639,-0.0011868030671025244,1,"[1.0, 0, 3.7924444444444436, 0, 1]",0.0
3.7924444444444436,1,0.09613550800182893,-0.004072160783816555,0.0004407604929695228,2,"[1.0, 0, 3.7924444444444436, 0, 1]",0.0
3.7975555555555545,0,-0.024563489986282536,0.006625629072740934,-0.0012000926875834815,1,"[1.0, 0, 3.7975555555555545, 0, 1]",0.0
3.7975555555555545,1,0.0964947055326931,-0.004101292795826781,0.00044432795278368366,2,"[1.0, 0, 3.7975555555555545, 0, 1]",0.0
3.8026666666666653,0,-0.024779298765432042,0.0066619014356104145,-0.0012134999575329404,1,"[1.0, 0, 3.8026666666666653, 0, 1]",0.0
3.8026666666666653,1,0.09685438683127562,-0.0041305203388459,0.0004479165908489396,2,"[1.0, 0, 3.8026666666666653, 0, 1]",0.0
3.807777777777778,0,-0.024995397805212635,0.0066982841749225214,-0.0012270256664496631,1,"[1.0, 0, 3.807777777777778, 0, 1]",0.0
3.807777777777778,1,0.09721455189757658,-0.004159843541448627,0.0004515265079396731,2,"[1.0, 0, 3.807777777777778, 0, 1]",0.0
3.8128888888888888,0,-0.025211787105624148,0.006734777439032667,-0.0012406706074950472,1,"[1.0, 0, 3.8128888888888888, 0, 1]",0.0
3.8128888888888888,1,0.09757520073159578,-0.004189262532209656,0.00045515780519891046,2,"[1.0, 0, 3.8128888888888888, 0, 1]",0.0
3.8179999999999996,0,-0.025428466666666663,0.006771381376296293,-0.001254435577503634,1,"[1.0, 0, 3.8179999999999996, 0, 1]",0.0
3.8179999999999996,1,0.09793633333333332,-0.004218777439703702,0.00045881058413926797,2,"[1.0, 0, 3.8179999999999996, 0, 1]",0.0
3.8231111111111105,0,-0.025645436488340168,0.006808096135068835,-0.0012683213769935965,1,"[1.0, 0, 3.8231111111111105, 0, 1]",0.0
3.8231111111111105,1,0.09829794970278916,-0.004248388392505474,0.00046248494664388924,2,"[1.0, 0, 3.8231111111111105, 0, 1]",0.0
3.8282222222222213,0,-0.02586269657064469,0.006844921863705729,-0.001282328810177256,1,"[1.0, 0, 3.8282222222222213, 0, 1]",0.0
3.8282222222222213,1,0.09866004983996335,-0.004278095519189685,0.0004661809949673898,2,"[1.0, 0, 3.8282222222222213, 0, 1]",0.0
3.833333333333332,0,-0.0260802469135802,0.006881858710562403,-0.0012964586849716108,1,"[1.0, 0, 3.833333333333332, 0, 1]",0.0
3.833333333333332,1,0.09902263374485587,-0.00430789894833104,0.0004698988317367994,2,"[1.0, 0, 3.833333333333332, 0, 1]",0.0
3.838444444444443,0,-0.026298087517146712,0.006918906823994299,-0.0013107118130088842,1,"[1.0, 0, 3.838444444444443, 0, 1]",0.0
3.838444444444443,1,0.09938570141746675,-0.00433779880850425,0.0004736385599525077,2,"[1.0, 0, 3.838444444444443, 0, 1]",0.0
3.8435555555555556,0,-0.02651621838134431,0.006956066352356856,-0.0013250890096470796,1,"[1.0, 0, 3.8435555555555556, 0, 1]",0.0
3.8435555555555556,1,0.09974925285779607,-0.004367795228284035,0.00047740028298920954,2,"[1.0, 0, 3.8435555555555556, 0, 1]",0.0
3.8486666666666665,0,-0.02673463950617283,0.006993337444005485,-0.0013395910939805384,1,"[1.0, 0, 3.8486666666666665, 0, 1]",0.0
3.8486666666666665,1,0.1001132880658436,-0.004397888336245083,0.0004811841045968523,2,"[1.0, 0, 3.8486666666666665, 0, 1]",0.0
3.8537777777777773,0,-0.026953350891632352,0.007030720247295631,-0.0013542188888505532,1,"[1.0, 0, 3.8537777777777773, 0, 1]",0.0
3.8537777777777773,1,0.10047780704160947,-0.004428078260962113,0.00048499012890158724,2,"[1.0, 0, 3.8537777777777773, 0, 1]",0.0
3.858888888888888,0,-0.027172352537722877,0.00706821491058273,-0.0013689732208559471,1,"[1.0, 0, 3.858888888888888, 0, 1]",0.0
3.858888888888888,1,0.10084280978509366,-0.004458365131009835,0.000488818460406718,2,"[1.0, 0, 3.858888888888888, 0, 1]",0.0
3.863999999999999,0,-0.027391644444444405,0.007105821582222215,-0.001383854920363694,1,"[1.0, 0, 3.863999999999999, 0, 1]",0.0
3.863999999999999,1,0.10120829629629621,-0.004488749074962958,0.0004926692039936511,2,"[1.0, 0, 3.863999999999999, 0, 1]",0.0
3.86911111111111,0,-0.027611226611796935,0.007143540410569517,-0.0013988648215195426,1,"[1.0, 0, 3.86911111111111, 0, 1]",0.0
3.86911111111111,1,0.10157426657521709,-0.004519230221396189,0.0004965424649228498,2,"[1.0, 0, 3.86911111111111, 0, 1]",0.0
3.8742222222222225,0,-0.027831099039780538,0.0071813715439800856,-0.001414003762258669,1,"[1.0, 0, 3.8742222222222225, 0, 1]",0.0
3.8742222222222225,1,0.10194072062185644,-0.004549808698884251,0.0005004383488347873,2,"[1.0, 0, 3.8742222222222225, 0, 1]",0.0
3.8793333333333333,0,-0.028051261728395074,0.0072193151308093265,-0.0014292725843163092,1,"[1.0, 0, 3.8793333333333333, 0, 1]",0.0
3.8793333333333333,1,0.10230765843621398,-0.004580484636001829,0.0005043569617508988,2,"[1.0, 0, 3.8793333333333333, 0, 1]",0.0
3.884444444444444,0,-0.0282717146776406,0.0072573713194126884,-0.0014446721332384595,1,"[1.0, 0, 3.884444444444444, 0, 1]",0.0
3.884444444444444,1,0.10267508001828987,-0.0046112581613236454,0.0005082984100745452,2,"[1.0, 0, 3.884444444444444, 0, 1]",0.0
3.889555555555555,0,-0.028492457887517128,0.007295540258145601,-0.0014602032583925402,1,"[1.0, 0, 3.889555555555555, 0, 1]",0.0
3.889555555555555,1,0.10304298536808407,-0.004642129403424405,0.0005122628005919646,2,"[1.0, 0, 3.889555555555555, 0, 1]",0.0
3.894666666666666,0,-0.02871349135802466,0.007333822095363504,-0.0014758668129781032,1,"[1.0, 0, 3.894666666666666, 0, 1]",0.0
3.894666666666666,1,0.10341137448559665,-0.004673098490878823,0.0005162502404732343,2,"[1.0, 0, 3.894666666666666, 0, 1]",0.0
3.8997777777777767,0,-0.028934815089163193,0.0073722169794218275,-0.001491663654037538,1,"[1.0, 0, 3.8997777777777767, 0, 1]",0.0
3.8997777777777767,1,0.10378024737082753,-0.004704165552261607,0.0005202608372732259,2,"[1.0, 0, 3.8997777777777767, 0, 1]",0.0
3.9048888888888875,0,-0.02915642908093273,0.007410725058676003,-0.0015075946424668006,1,"[1.0, 0, 3.9048888888888875, 0, 1]",0.0
3.9048888888888875,1,0.10414960402377677,-0.004735330716147463,0.0005242946989325764,2,"[1.0, 0, 3.9048888888888875, 0, 1]",0.0
3.91,0,-0.029378333333333354,0.007449346481481482,-0.0015236606430261632,1,"[1.0, 0, 3.91, 0, 1]",0.0
3.91,1,0.10451944444444444,-0.004766594111111112,0.0005283519337786409,2,"[1.0, 0, 3.91, 0, 1]",0.0
3.915111111111111,0,-0.029600527846364882,0.007488081396193669,-0.0015398625243509415,1,"[1.0, 0, 3.915111111111111, 0, 1]",0.0
3.915111111111111,1,0.10488976863283034,-0.004797955865727243,0.0005324326505264598,2,"[1.0, 0, 3.915111111111111, 0, 1]",0.0
3.920222222222222,0,-0.029823012620027428,0.007526929951168009,-0.0015562011589622985,1,"[1.0, 0, 3.920222222222222, 0, 1]",0.0
3.920222222222222,1,0.10526057658893456,-0.004829416108570574,0.0005365369582797275,2,"[1.0, 0, 3.920222222222222, 0, 1]",0.0
3.9253333333333327,0,-0.030045787654320963,0.007565892294759939,-0.0015726774232780077,1,"[1.0, 0, 3.9253333333333327, 0, 1]",0.0
3.9253333333333327,1,0.10563186831275714,-0.004860974968215817,0.0005406649665317556,2,"[1.0, 0, 3.9253333333333327, 0, 1]",0.0
3.9304444444444435,0,-0.030268852949245514,0.007604968575324893,-0.0015892921976232524,1,"[1.0, 0, 3.9304444444444435, 0, 1]",0.0
3.9304444444444435,1,0.10600364380429805,-0.004892632573237679,0.0005448167851664403,2,"[1.0, 0, 3.9304444444444435, 0, 1]",0.0
3.9355555555555544,0,-0.030492208504801055,0.007644158941218299,-0.0016060463662414344,1,"[1.0, 0, 3.9355555555555544, 0, 1]",0.0
3.9355555555555544,1,0.10637590306355729,-0.004924389052210868,0.0005489925244592325,2,"[1.0, 0, 3.9355555555555544, 0, 1]",0.0
3.940666666666665,0,-0.0307158543209876,0.007683463540795597,-0.0016229408173050082,1,"[1.0, 0, 3.940666666666665, 0, 1]",0.0
3.940666666666665,1,0.10674864609053486,-0.0049562445337100955,0.000553192295078108,2,"[1.0, 0, 3.940666666666665, 0, 1]",0.0
3.945777777777778,0,-0.030939790397805214,0.007722882522412231,-0.0016399764429263152,1,"[1.0, 0, 3.945777777777778, 0, 1]",0.0
3.945777777777778,1,0.1071218728852309,-0.004988199146310081,0.0005574162080845404,2,"[1.0, 0, 3.945777777777778, 0, 1]",0.0
3.9508888888888887,0,-0.031164016735253777,0.007762416034423613,-0.0016571541391684232,1,"[1.0, 0, 3.9508888888888887, 0, 1]",0.0
3.9508888888888887,1,0.10749558344764515,-0.005020253018585512,0.0005616643749344678,2,"[1.0, 0, 3.9508888888888887, 0, 1]",0.0
3.9559999999999995,0,-0.031388533333333316,0.0078020642251851804,-0.0016744748060560167,1,"[1.0, 0, 3.9559999999999995, 0, 1]",0.0
3.9559999999999995,1,0.10786977777777773,-0.005052406279111108,0.000565936907479276,2,"[1.0, 0, 3.9559999999999995, 0, 1]",0.0
3.9611111111111104,0,-0.03161334019204387,0.007841827243052372,-0.0016919393475862687,1,"[1.0, 0, 3.9611111111111104, 0, 1]",0.0
3.9611111111111104,1,0.10824445587562864,-0.005084659056461577,0.0005702339179667669,2,"[1.0, 0, 3.9611111111111104, 0, 1]",0.0
3.966222222222221,0,-0.03183843731138543,0.007881705236380624,-0.0017095486717397348,1,"[1.0, 0, 3.966222222222221, 0, 1]",0.0
3.966222222222221,1,0.10861961774119791,-0.005117011479211632,0.0005745555190421379,2,"[1.0, 0, 3.966222222222221, 0, 1]",0.0
3.971333333333332,0,-0.032063824691357976,0.007921698353525368,-0.0017273036904912613,1,"[1.0, 0, 3.971333333333332, 0, 1]",0.0
3.971333333333332,1,0.10899526337448551,-0.005149463675935978,0.0005789018237489587,2,"[1.0, 0, 3.971333333333332, 0, 1]",0.0
3.9764444444444447,0,-0.03228950233196161,0.007961806742842047,-0.0017452053198209175,1,"[1.0, 0, 3.9764444444444447, 0, 1]",0.0
3.9764444444444447,1,0.10937139277549154,-0.005182015775209335,0.0005832729455301528,2,"[1.0, 0, 3.9764444444444447, 0, 1]",0.0
3.9815555555555555,0,-0.03251547023319616,0.00800203055268607,-0.0017632544797249105,1,"[1.0, 0, 3.9815555555555555, 0, 1]",0.0
3.9815555555555555,1,0.1097480059442158,-0.005214667905606394,0.0005876689982289705,2,"[1.0, 0, 3.9815555555555555, 0, 1]",0.0
3.9866666666666664,0,-0.03274172839506172,0.00804236993141289,-0.0017814520942265727,1,"[1.0, 0, 3.9866666666666664, 0, 1]",0.0
3.9866666666666664,1,0.11012510288065841,-0.005247420195701871,0.0005920900960899825,2,"[1.0, 0, 3.9866666666666664, 0, 1]",0.0
3.991777777777777,0,-0.032968276817558276,0.008082825027377933,-0.0017997990913872996,1,"[1.0, 0, 3.991777777777777, 0, 1]",0.0
3.991777777777777,1,0.11050268358481935,-0.005280272774070479,0.0005965363537600517,2,"[1.0, 0, 3.991777777777777, 0, 1]",0.0
3.996888888888888,0,-0.03319511550068584,0.008123395988936636,-0.0018182964033175407,1,"[1.0, 0, 3.996888888888888, 0, 1]",0.0
3.996888888888888,1,0.11088074805669859,-0.005313225769286925,0.0006010078862893215,2,"[1.0, 0, 3.996888888888888, 0, 1]",0.0
4.001999999999999,0,-0.0334222444444444,0.008164082964444435,-0.0018369449661877937,1,"[1.0, 0, 4.001999999999999, 0, 1]",0.0
4.001999999999999,1,0.11125929629629622,-0.005346279309925919,0.0006055048091322067,2,"[1.0, 0, 4.001999999999999, 0, 1]",0.0
4.00711111111111,0,-0.033649663648833955,0.008204886102256758,-0.0018557457202396056,1,"[1.0, 0, 4.00711111111111, 0, 1]",0.0
4.00711111111111,1,0.11163832830361214,-0.0053794335245621674,0.0006100272381483689,2,"[1.0, 0, 4.00711111111111, 0, 1]",0.0
4.012222222222222,0,-0.03387737311385461,0.008245805550729056,-0.001874699609796612,1,"[1.0, 0, 4.012222222222222, 0, 1]",0.0
4.012222222222222,1,0.11201784407864654,-0.005412688541770395,0.0006145752896037141,2,"[1.0, 0, 4.012222222222222, 0, 1]",0.0
4.017333333333333,0,-0.03410537283950618,0.008286841458216733,-0.0018938075832755394,1,"[1.0, 0, 4.017333333333333, 0, 1]",0.0
4.017333333333333,1,0.11239784362139918,-0.005446044490125285,0.0006191490801713764,2,"[1.0, 0, 4.017333333333333, 0, 1]",0.0
4.022444444444444,0,-0.034333662825788744,0.008327993973075239,-0.0019130705931972984,1,"[1.0, 0, 4.022444444444444, 0, 1]",0.0
4.022444444444444,1,0.11277832693187012,-0.0054795014982015585,0.0006237487269327092,2,"[1.0, 0, 4.022444444444444, 0, 1]",0.0
4.027555555555555,0,-0.03456224307270231,0.008369263243660005,-0.001932489596198021,1,"[1.0, 0, 4.027555555555555, 0, 1]",0.0
4.027555555555555,1,0.11315929401005939,-0.005513059694573925,0.0006283743473782806,2,"[1.0, 0, 4.027555555555555, 0, 1]",0.0
4.032666666666666,0,-0.03479111358024689,0.008410649418326466,-0.0019520655530401456,1,"[1.0, 0, 4.032666666666666, 0, 1]",0.0
4.032666666666666,1,0.11354074485596702,-0.005546719207817095,0.0006330260594088633,2,"[1.0, 0, 4.032666666666666, 0, 1]",0.0
4.037777777777777,0,-0.03502027434842245,0.008452152645430054,-0.0019717994286235097,1,"[1.0, 0, 4.037777777777777, 0, 1]",0.0
4.037777777777777,1,0.11392267946959295,-0.005580480166505773,0.0006377039813364282,2,"[1.0, 0, 4.037777777777777, 0, 1]",0.0
4.042888888888887,0,-0.03524972537722902,0.008493773073326208,-0.0019916921919964606,1,"[1.0, 0, 4.042888888888887, 0, 1]",0.0
4.042888888888887,1,0.11430509785093723,-0.005614342699214675,0.000642408231885141,2,"[1.0, 0, 4.042888888888887, 0, 1]",0.0
4.048,0,-0.03547946666666667,0.008535510850370367,-0.002011744816366974,1,"[1.0, 0, 4.048, 0, 1]",0.0
4.048,1,0.11468799999999998,-0.005648306934518517,0.0006471389301923623,2,"[1.0, 0, 4.048, 0, 1]",0.0
4.053111111111111,0,-0.03570949821673526,0.008577366124917949,-0.002031958279113773,1,"[1.0, 0, 4.053111111111111, 0, 1]",0.0
4.053111111111111,1,0.11507138591678095,-0.00568237300099199,0.0006518961958096348,2,"[1.0, 0, 4.053111111111111, 0, 1]",0.0
4.058222222222222,0,-0.03593982002743483,0.008619339045324385,-0.0020523335617975034,1,"[1.0, 0, 4.058222222222222, 0, 1]",0.0
4.058222222222222,1,0.11545525560128025,-0.005716541027209804,0.0006566801487036984,2,"[1.0, 0, 4.058222222222222, 0, 1]",0.0
4.063333333333333,0,-0.0361704320987654,0.008661429759945122,-0.002072871650171891,1,"[1.0, 0, 4.063333333333333, 0, 1]",0.0
4.063333333333333,1,0.11583960905349788,-0.005750811141746679,0.0006614909092574759,2,"[1.0, 0, 4.063333333333333, 0, 1]",0.0
4.068444444444443,0,-0.03640133443072699,0.00870363841713559,-0.002093573534194903,1,"[1.0, 0, 4.068444444444443, 0, 1]",0.0
4.068444444444443,1,0.11622444627343384,-0.0057851834731773195,0.000666328598271085,2,"[1.0, 0, 4.068444444444443, 0, 1]",0.0
4.073555555555554,0,-0.03663252702331957,0.008745965165251222,-0.002114440208039955,1,"[1.0, 0, 4.073555555555554, 0, 1]",0.0
4.073555555555554,1,0.11660976726108815,-0.005819658150076437,0.0006711933369628376,2,"[1.0, 0, 4.073555555555554, 0, 1]",0.0
4.078666666666667,0,-0.036864009876543216,0.008788410152647462,-0.002135472670107112,1,"[1.0, 0, 4.078666666666667, 0, 1]",0.0
4.078666666666667,1,0.11699557201646091,-0.005854235301018747,0.0006760852469702438,2,"[1.0, 0, 4.078666666666667, 0, 1]",0.0
4.083777777777778,0,-0.03709578299039781,0.008830973527679723,-0.002156671923034294,1,"[1.0, 0, 4.083777777777778, 0, 1]",0.0
4.083777777777778,1,0.11738186053955191,-0.005888915054578944,0.0006810044503510156,2,"[1.0, 0, 4.083777777777778, 0, 1]",0.0
4.088888888888889,0,-0.037327846364883385,0.008873655438703444,-0.0021780389737085333,1,"[1.0, 0, 4.088888888888889, 0, 1]",0.0
4.088888888888889,1,0.11776863283036118,-0.0059236975393317385,0.0006859510695840772,2,"[1.0, 0, 4.088888888888889, 0, 1]",0.0
4.093999999999999,0,-0.037560199999999974,0.008916456034074068,-0.002199574833277215,1,"[1.0, 0, 4.093999999999999, 0, 1]",0.0
4.093999999999999,1,0.11815588888888884,-0.005958582883851846,0.0006909252275705757,2,"[1.0, 0, 4.093999999999999, 0, 1]",0.0
4.09911111111111,0,-0.03779284389574755,0.00895937546214702,-0.0022212805171593257,1,"[1.0, 0, 4.09911111111111, 0, 1]",0.0
4.09911111111111,1,0.1185436287151348,-0.005993571216713975,0.0006959270476348807,2,"[1.0, 0, 4.09911111111111, 0, 1]",0.0
4.104222222222221,0,-0.03802577805212616,0.009002413871277743,-0.002243157045056745,1,"[1.0, 0, 4.104222222222221, 0, 1]",0.0
4.104222222222221,1,0.11893185230909914,-0.006028662666492837,0.0007009566535256069,2,"[1.0, 0, 4.104222222222221, 0, 1]",0.0
4.109333333333332,0,-0.038259002469135744,0.009045571409821661,-0.002265205440965522,1,"[1.0, 0, 4.109333333333332, 0, 1]",0.0
4.109333333333332,1,0.11932055967078178,-0.006063857361763136,0.0007060141694166158,2,"[1.0, 0, 4.109333333333332, 0, 1]",0.0
4.114444444444445,0,-0.038492517146776414,0.009088848226134228,-0.0022874267331872,1,"[1.0, 0, 4.114444444444445, 0, 1]",0.0
4.114444444444445,1,0.1197097508001829,-0.0060991554310995955,0.0007110997199080364,2,"[1.0, 0, 4.114444444444445, 0, 1]",0.0
4.119555555555555,0,-0.038726322085048004,0.009132244468570845,-0.0023098219543400953,1,"[1.0, 0, 4.119555555555555, 0, 1]",0.0
4.119555555555555,1,0.12009942569730223,-0.006134557003076901,0.0007162134300272721,2,"[1.0, 0, 4.119555555555555, 0, 1]",0.0
4.124666666666666,0,-0.038960417283950596,0.009175760285486964,-0.002332392141370678,1,"[1.0, 0, 4.124666666666666, 0, 1]",0.0
4.124666666666666,1,0.12048958436213988,-0.0061700622062697726,0.0007213554252300249,2,"[1.0, 0, 4.124666666666666, 0, 1]",0.0
4.129777777777777,0,-0.03919480274348419,0.009219395825238013,-0.0023551383355648868,1,"[1.0, 0, 4.129777777777777, 0, 1]",0.0
4.129777777777777,1,0.12088022679469584,-0.006205671169252918,0.0007265258314013061,2,"[1.0, 0, 4.129777777777777, 0, 1]",0.0
4.134888888888888,0,-0.039429478463648804,0.009263151236179434,-0.0023780615825595,1,"[1.0, 0, 4.134888888888888, 0, 1]",0.0
4.134888888888888,1,0.12127135299497019,-0.006241384020601053,0.0007317247748564585,2,"[1.0, 0, 4.134888888888888, 0, 1]",0.0
4.139999999999999,0,-0.039664444444444405,0.009307026666666657,-0.0024011629323535053,1,"[1.0, 0, 4.139999999999999, 0, 1]",0.0
4.139999999999999,1,0.12166296296296286,-0.006277200888888881,0.0007369523823421724,2,"[1.0, 0, 4.139999999999999, 0, 1]",0.0
4.14511111111111,0,-0.039899700685870995,0.009351022265055112,-0.002424443439319488,1,"[1.0, 0, 4.14511111111111, 0, 1]",0.0
4.14511111111111,1,0.12205505669867386,-0.006313121902691111,0.0007422087810375086,2,"[1.0, 0, 4.14511111111111, 0, 1]",0.0
4.150222222222222,0,-0.04013524718792867,0.009395138179700249,-0.0024479041622150486,1,"[1.0, 0, 4.150222222222222, 0, 1]",0.0
4.150222222222222,1,0.12244763420210333,-0.006349147190582466,0.0007474940985549203,2,"[1.0, 0, 4.150222222222222, 0, 1]",0.0
4.155333333333333,0,-0.04037108395061727,0.009439374558957473,-0.0024715461641941824,1,"[1.0, 0, 4.155333333333333, 0, 1]",0.0
4.155333333333333,1,0.122840695473251,-0.006385276881137629,0.0007528084629412725,2,"[1.0, 0, 4.155333333333333, 0, 1]",0.0
4.160444444444444,0,-0.04060721097393688,0.009483731551182232,-0.0024953705128187573,1,"[1.0, 0, 4.160444444444444, 0, 1]",0.0
4.160444444444444,1,0.12323424051211701,-0.0064215111029313245,0.000758152002678874,2,"[1.0, 0, 4.160444444444444, 0, 1]",0.0
4.165555555555555,0,-0.040843628257887496,0.009528209304729963,-0.00251937828006993,1,"[1.0, 0, 4.165555555555555, 0, 1]",0.0
4.165555555555555,1,0.12362826931870136,-0.00645784998453826,0.0007635248466864976,2,"[1.0, 0, 4.165555555555555, 0, 1]",0.0
4.170666666666666,0,-0.0410803358024691,0.009572807967956095,-0.002543570542359608,1,"[1.0, 0, 4.170666666666666, 0, 1]",0.0
4.170666666666666,1,0.12402278189300403,-0.006494293654533143,0.0007689271243204083,2,"[1.0, 0, 4.170666666666666, 0, 1]",0.0
4.1757777777777765,0,-0.04131733360768171,0.009617527689216062,-0.002567948380541929,1,"[1.0, 0, 4.1757777777777765, 0, 1]",0.0
4.1757777777777765,1,0.12441777823502506,-0.0065308422414906845,0.0007743589653753937,2,"[1.0, 0, 4.1757777777777765, 0, 1]",0.0
4.180888888888889,0,-0.04155462167352539,0.009662368616865313,-0.0025925128799247515,1,"[1.0, 0, 4.180888888888889, 0, 1]",0.0
4.180888888888889,1,0.1248132583447645,-0.006567495873985605,0.0007798205000857884,2,"[1.0, 0, 4.180888888888889, 0, 1]",0.0
4.186,0,-0.0417922,0.00970733089925926,-0.002617265130281128,1,"[1.0, 0, 4.186, 0, 1]",0.0
4.186,1,0.12520922222222222,-0.006604254680592593,0.0007853118591265116,2,"[1.0, 0, 4.186, 0, 1]",0.0
4.191111111111111,0,-0.04203006858710562,0.009752414684753338,-0.002642206225860859,1,"[1.0, 0, 4.191111111111111, 0, 1]",0.0
4.191111111111111,1,0.12560566986739824,-0.006641118789886364,0.0007908331736140928,2,"[1.0, 0, 4.191111111111111, 0, 1]",0.0
4.196222222222222,0,-0.04226822743484224,0.009797620121702986,-0.002667337265402001,1,"[1.0, 0, 4.196222222222222, 0, 1]",0.0
4.196222222222222,1,0.1260026012802926,-0.006678088330441629,0.0007963845751077121,2,"[1.0, 0, 4.196222222222222, 0, 1]",0.0
4.2013333333333325,0,-0.042506676543209845,0.00984294735846364,-0.0026926593521424164,1,"[1.0, 0, 4.2013333333333325, 0, 1]",0.0
4.2013333333333325,1,0.1264000164609053,-0.006715163430833098,0.0008019661956102293,2,"[1.0, 0, 4.2013333333333325, 0, 1]",0.0
4.206444444444443,0,-0.042745415912208456,0.009888396543390732,-0.002718173593831326,1,"[1.0, 0, 4.206444444444443, 0, 1]",0.0
4.206444444444443,1,0.1267979154092363,-0.006752344219635481,0.0008075781675692174,2,"[1.0, 0, 4.206444444444443, 0, 1]",0.0
4.211555555555554,0,-0.042984445541838084,0.009933967824839697,-0.0027438811027408827,1,"[1.0, 0, 4.211555555555554, 0, 1]",0.0
4.211555555555554,1,0.12719629812528568,-0.006789630825423486,0.0008132206238780136,2,"[1.0, 0, 4.211555555555554, 0, 1]",0.0
4.216666666666667,0,-0.043223765432098785,0.009979661351165982,-0.002769782995677767,1,"[1.0, 0, 4.216666666666667, 0, 1]",0.0
4.216666666666667,1,0.1275951646090535,-0.006827023376771836,0.000818893697876739,2,"[1.0, 0, 4.216666666666667, 0, 1]",0.0
4.221777777777778,0,-0.043463375582990404,0.01002547727072499,-0.00279588039399475,1,"[1.0, 0, 4.221777777777778, 0, 1]",0.0
4.221777777777778,1,0.12799451486053953,-0.006864522002255211,0.000824597523353349,2,"[1.0, 0, 4.221777777777778, 0, 1]",0.0
4.2268888888888885,0,-0.04370327599451303,0.010071415731872169,-0.0028221744236023635,1,"[1.0, 0, 4.2268888888888885, 0, 1]",0.0
4.2268888888888885,1,0.1283943488797439,-0.006902126830448337,0.0008303322345446756,2,"[1.0, 0, 4.2268888888888885, 0, 1]",0.0
4.231999999999999,0,-0.04394346666666664,0.010117476882962953,-0.0028486662149804884,1,"[1.0, 0, 4.231999999999999, 0, 1]",0.0
4.231999999999999,1,0.12879466666666659,-0.006939837989925919,0.0008360979661374639,2,"[1.0, 0, 4.231999999999999, 0, 1]",0.0
4.23711111111111,0,-0.04418394759945127,0.010163660872352783,-0.002875356903190013,1,"[1.0, 0, 4.23711111111111, 0, 1]",0.0
4.23711111111111,1,0.12919546822130765,-0.006977655609262673,0.000841894853269421,2,"[1.0, 0, 4.23711111111111, 0, 1]",0.0
4.242222222222221,0,-0.0444247187928669,0.010209967848397084,-0.0029022476278844746,1,"[1.0, 0, 4.242222222222221, 0, 1]",0.0
4.242222222222221,1,0.12959675354366704,-0.007015579817033303,0.0008477230315302548,2,"[1.0, 0, 4.242222222222221, 0, 1]",0.0
4.247333333333332,0,-0.04466578024691352,0.010256397959451288,-0.0029293395333217422,1,"[1.0, 0, 4.247333333333332, 0, 1]",0.0
4.247333333333332,1,0.12999852263374476,-0.007053610741812518,0.000853582636962725,2,"[1.0, 0, 4.247333333333332, 0, 1]",0.0
4.2524444444444445,0,-0.044907131961591226,0.01030295135387085,-0.002956633768375712,1,"[1.0, 0, 4.2524444444444445, 0, 1]",0.0
4.2524444444444445,1,0.13040077549154092,-0.00709174851217504,0.0008594738060636879,2,"[1.0, 0, 4.2524444444444445, 0, 1]",0.0
4.257555555555555,0,-0.04514877393689985,0.010349628180011174,-0.0029841314865479605,1,"[1.0, 0, 4.257555555555555, 0, 1]",0.0
4.257555555555555,1,0.1308035121170553,-0.007129993256695555,0.0008653966757851445,2,"[1.0, 0, 4.257555555555555, 0, 1]",0.0
4.262666666666666,0,-0.04539070617283948,0.010396428586227703,-0.003011833845979511,1,"[1.0, 0, 4.262666666666666, 0, 1]",0.0
4.262666666666666,1,0.13120673251028803,-0.007168345103948785,0.0008713513835352932,2,"[1.0, 0, 4.262666666666666, 0, 1]",0.0
4.267777777777777,0,-0.04563292866941013,0.010443352720875874,-0.003039742009462534,1,"[1.0, 0, 4.267777777777777, 0, 1]",0.0
4.267777777777777,1,0.13161043667123906,-0.0072068041825094345,0.0008773380671795782,2,"[1.0, 0, 4.267777777777777, 0, 1]",0.0
4.272888888888888,0,-0.04587544142661176,0.01049040073231112,-0.0030678571444520872,1,"[1.0, 0, 4.272888888888888, 0, 1]",0.0
4.272888888888888,1,0.13201462459990845,-0.007245370620952218,0.0008833568650417427,2,"[1.0, 0, 4.272888888888888, 0, 1]",0.0
4.277999999999999,0,-0.04611824444444439,0.010537572768888875,-0.003096180423077875,1,"[1.0, 0, 4.277999999999999, 0, 1]",0.0
4.277999999999999,1,0.13241929629629617,-0.00728404454785184,0.0008894079159048826,2,"[1.0, 0, 4.277999999999999, 0, 1]",0.0
4.283111111111111,0,-0.04636133772290811,0.01058486897896459,-0.003124713022156028,1,"[1.0, 0, 4.283111111111111, 0, 1]",0.0
4.283111111111111,1,0.1328244517604024,-0.00732282609178303,0.0008954913590125024,2,"[1.0, 0, 4.283111111111111, 0, 1]",0.0
4.288222222222222,0,-0.04660472126200274,0.01063228951089366,-0.0031534561232008378,1,"[1.0, 0, 4.288222222222222, 0, 1]",0.0
4.288222222222222,1,0.13323009099222677,-0.00736171538132046,0.0009016073340695643,2,"[1.0, 0, 4.288222222222222, 0, 1]",0.0
4.293333333333333,0,-0.04684839506172839,0.010679834513031545,-0.003182410912436631,1,"[1.0, 0, 4.293333333333333, 0, 1]",0.0
4.293333333333333,1,0.1336362139917695,-0.0074007125450388615,0.0009077559812435574,2,"[1.0, 0, 4.293333333333333, 0, 1]",0.0
4.298444444444444,0,-0.04709235912208502,0.010727504133733672,-0.0032115785808095195,1,"[1.0, 0, 4.298444444444444, 0, 1]",0.0
4.298444444444444,1,0.13404282075903057,-0.007439817711512941,0.0009139374411655471,2,"[1.0, 0, 4.298444444444444, 0, 1]",0.0
4.303555555555555,0,-0.047336613443072675,0.010775298521355475,-0.0032409603239992504,1,"[1.0, 0, 4.303555555555555, 0, 1]",0.0
4.303555555555555,1,0.13444991129401,-0.0074790310093174085,0.0009201518549312405,2,"[1.0, 0, 4.303555555555555, 0, 1]",0.0
4.3086666666666655,0,-0.04758115802469132,0.01082321782425239,-0.0032705573424310404,1,"[1.0, 0, 4.3086666666666655, 0, 1]",0.0
4.3086666666666655,1,0.1348574855967077,-0.007518352567026969,0.0009263993641020426,2,"[1.0, 0, 4.3086666666666655, 0, 1]",0.0
4.313777777777776,0,-0.04782599286694096,0.010871262190779846,-0.0033003708412874277,1,"[1.0, 0, 4.313777777777776, 0, 1]",0.0
4.313777777777776,1,0.13526554366712382,-0.007557782513216335,0.0009326801107061246,2,"[1.0, 0, 4.313777777777776, 0, 1]",0.0
4.318888888888889,0,-0.04807111796982169,0.0109194317692933,-0.0033304020305201546,1,"[1.0, 0, 4.318888888888889, 0, 1]",0.0
4.318888888888889,1,0.13567408550525836,-0.007597320976460228,0.0009389942372394803,2,"[1.0, 0, 4.318888888888889, 0, 1]",0.0
4.324,0,-0.04831653333333334,0.010967726708148145,-0.003360652124862001,1,"[1.0, 0, 4.324, 0, 1]",0.0
4.324,1,0.1360831111111111,-0.007636968085333332,0.0009453418866669932,2,"[1.0, 0, 4.324, 0, 1]",0.0
4.329111111111111,0,-0.04856223895747598,0.011016147155699837,-0.0033911223438387495,1,"[1.0, 0, 4.329111111111111, 0, 1]",0.0
4.329111111111111,1,0.13649262048468216,-0.007676723968410367,0.0009517232024235105,2,"[1.0, 0, 4.329111111111111, 0, 1]",0.0
4.3342222222222215,0,-0.04880823484224962,0.011064693260303805,-0.003421813911781044,1,"[1.0, 0, 4.3342222222222215, 0, 1]",0.0
4.3342222222222215,1,0.13690261362597156,-0.007716588754266042,0.0009581383284149019,2,"[1.0, 0, 4.3342222222222215, 0, 1]",0.0
4.339333333333332,0,-0.04905452098765428,0.01111336517031549,-0.003452728057836338,1,"[1.0, 0, 4.339333333333332, 0, 1]",0.0
4.339333333333332,1,0.13731309053497934,-0.007756562571475072,0.0009645874090191313,2,"[1.0, 0, 4.339333333333332, 0, 1]",0.0
4.344444444444443,0,-0.04930109739368993,0.011162163034090318,-0.003483866015980816,1,"[1.0, 0, 4.344444444444443, 0, 1]",0.0
4.344444444444443,1,0.13772405121170542,-0.0077966455486121605,0.0009710705890873231,2,"[1.0, 0, 4.344444444444443, 0, 1]",0.0
4.349555555555554,0,-0.04954796406035658,0.011211086999983726,-0.003515229025031357,1,"[1.0, 0, 4.349555555555554, 0, 1]",0.0
4.349555555555554,1,0.13813549565614985,-0.007836837814252016,0.0009775880139448437,2,"[1.0, 0, 4.349555555555554, 0, 1]",0.0
4.354666666666667,0,-0.04979512098765433,0.011260137216351166,-0.00354681832865751,1,"[1.0, 0, 4.354666666666667, 0, 1]",0.0
4.354666666666667,1,0.13854742386831276,-0.007877139496969365,0.0009841398293923605,2,"[1.0, 0, 4.354666666666667, 0, 1]",0.0
4.3597777777777775,0,-0.05004256817558299,0.01130931383154803,-0.003578635175393421,1,"[1.0, 0, 4.3597777777777775, 0, 1]",0.0
4.3597777777777775,1,0.13895983584819385,-0.007917550725338885,0.0009907261817069237,2,"[1.0, 0, 4.3597777777777775, 0, 1]",0.0
4.364888888888888,0,-0.05029030562414265,0.011358616993929782,-0.003610680818649914,1,"[1.0, 0, 4.364888888888888, 0, 1]",0.0
4.364888888888888,1,0.13937273159579328,-0.007958071627935305,0.0009973472176430388,2,"[1.0, 0, 4.364888888888888, 0, 1]",0.0
4.369999999999999,0,-0.05053833333333331,0.011408046851851842,-0.003642956516726423,1,"[1.0, 0, 4.369999999999999, 0, 1]",0.0
4.369999999999999,1,0.13978611111111106,-0.007998702333333328,0.0010040030844337508,2,"[1.0, 0, 4.369999999999999, 0, 1]",0.0
4.37511111111111,0,-0.050786651303154975,0.011457603553669654,-0.0036754635328230634,1,"[1.0, 0, 4.37511111111111, 0, 1]",0.0
4.37511111111111,1,0.14019997439414714,-0.008039442970107665,0.0010106939297917052,2,"[1.0, 0, 4.37511111111111, 0, 1]",0.0
4.380222222222221,0,-0.05103525953360763,0.011507287247738645,-0.0037082031350526346,1,"[1.0, 0, 4.380222222222221, 0, 1]",0.0
4.380222222222221,1,0.14061432144490157,-0.008080293666833027,0.001017419901910245,2,"[1.0, 0, 4.380222222222221, 0, 1]",0.0
4.3853333333333335,0,-0.051284158024691384,0.011557098082414266,-0.003741176596452702,1,"[1.0, 0, 4.3853333333333335, 0, 1]",0.0
4.3853333333333335,1,0.1410291522633745,-0.008121254552084133,0.001024181149464482,2,"[1.0, 0, 4.3853333333333335, 0, 1]",0.0
4.390444444444444,0,-0.051533346776406044,0.011607036206051921,-0.0037743851949976134,1,"[1.0, 0, 4.390444444444444, 0, 1]",0.0
4.390444444444444,1,0.1414444668495656,-0.008162325754435672,0.0010309778216123634,2,"[1.0, 0, 4.390444444444444, 0, 1]",0.0
4.395555555555555,0,-0.051782825788751694,0.011657101767007055,-0.0038078302136106365,1,"[1.0, 0, 4.395555555555555, 0, 1]",0.0
4.395555555555555,1,0.14186026520347503,-0.008203507402462357,0.0010378100679957903,2,"[1.0, 0, 4.395555555555555, 0, 1]",0.0
4.400666666666666,0,-0.05203259506172836,0.011707294913635109,-0.0038415129401760213,1,"[1.0, 0, 4.400666666666666, 0, 1]",0.0
4.400666666666666,1,0.1422765473251028,-0.008244799624738905,0.00104467803874167,2,"[1.0, 0, 4.400666666666666, 0, 1]",0.0
4.405777777777777,0,-0.05228265459533604,0.011757615794291512,-0.003875434667551103,1,"[1.0, 0, 4.405777777777777, 0, 1]",0.0
4.405777777777777,1,0.14269331321444895,-0.008286202549840024,0.0010515818844630141,2,"[1.0, 0, 4.405777777777777, 0, 1]",0.0
4.410888888888888,0,-0.0525330043895747,0.011808064557331693,-0.003909596693578428,1,"[1.0, 0, 4.410888888888888, 0, 1]",0.0
4.410888888888888,1,0.14311056287151339,-0.008327716306340419,0.0010585217562600205,2,"[1.0, 0, 4.410888888888888, 0, 1]",0.0
4.415999999999999,0,-0.05278364444444439,0.011858641351111096,-0.003944000321097903,1,"[1.0, 0, 4.415999999999999, 0, 1]",0.0
4.415999999999999,1,0.14352829629629618,-0.008369341022814803,0.0010654978057211672,2,"[1.0, 0, 4.415999999999999, 0, 1]",0.0
4.421111111111111,0,-0.053034574759945136,0.011909346323985165,-0.00397864685795893,1,"[1.0, 0, 4.421111111111111, 0, 1]",0.0
4.421111111111111,1,0.14394651348879742,-0.008411076827837897,0.0010725101849242938,2,"[1.0, 0, 4.421111111111111, 0, 1]",0.0
4.426222222222222,0,-0.053285795336076816,0.011960179624309298,-0.004013537617032544,1,"[1.0, 0, 4.426222222222222, 0, 1]",0.0
4.426222222222222,1,0.14436521444901687,-0.008452923849984383,0.0010795590464376965,2,"[1.0, 0, 4.426222222222222, 0, 1]",0.0
4.431333333333333,0,-0.0535373061728395,0.012011141400438954,-0.004048673916223654,1,"[1.0, 0, 4.431333333333333, 0, 1]",0.0
4.431333333333333,1,0.1447843991769547,-0.008494882217828986,0.0010866445433212195,2,"[1.0, 0, 4.431333333333333, 0, 1]",0.0
4.436444444444444,0,-0.05378910727023317,0.012062231800729557,-0.004084057078483179,1,"[1.0, 0, 4.436444444444444, 0, 1]",0.0
4.436444444444444,1,0.14520406767261082,-0.008536952059946413,0.001093766829127341,2,"[1.0, 0, 4.436444444444444, 0, 1]",0.0
4.441555555555555,0,-0.05404119862825785,0.012113450973536544,-0.00411968843182028,1,"[1.0, 0, 4.441555555555555, 0, 1]",0.0
4.441555555555555,1,0.1456242199359853,-0.00857913350491137,0.0011009260579022823,2,"[1.0, 0, 4.441555555555555, 0, 1]",0.0
4.446666666666665,0,-0.054293580246913525,0.01216479906721535,-0.004155569309314569,1,"[1.0, 0, 4.446666666666665, 0, 1]",0.0
4.446666666666665,1,0.14604485596707809,-0.008621426681298573,0.001108122384187084,2,"[1.0, 0, 4.446666666666665, 0, 1]",0.0
4.451777777777776,0,-0.054546252126200206,0.01221627623012141,-0.004191701049128353,1,"[1.0, 0, 4.451777777777776, 0, 1]",0.0
4.451777777777776,1,0.1464659757658892,-0.008663831717682726,0.0011153559630187175,2,"[1.0, 0, 4.451777777777776, 0, 1]",0.0
4.456888888888889,0,-0.05479921426611799,0.01226788261061017,-0.0042280849945188735,1,"[1.0, 0, 4.456888888888889, 0, 1]",0.0
4.456888888888889,1,0.14688757933241883,-0.008706348742638554,0.0011226269499311778,2,"[1.0, 0, 4.456888888888889, 0, 1]",0.0
4.462,0,-0.05505246666666666,0.012319618357037033,-0.004264722493850544,1,"[1.0, 0, 4.462, 0, 1]",0.0
4.462,1,0.14730966666666664,-0.008748977884740739,0.0011299355009565734,2,"[1.0, 0, 4.462, 0, 1]",0.0
4.467111111111111,0,-0.05530600932784635,0.012371483617757448,-0.004301614900607287,1,"[1.0, 0, 4.467111111111111, 0, 1]",0.0
4.467111111111111,1,0.14773223776863278,-0.008791719272564,0.001137281772626245,2,"[1.0, 0, 4.467111111111111, 0, 1]",0.0
4.472222222222221,0,-0.05555984224965703,0.012423478541126853,-0.004338763573404774,1,"[1.0, 0, 4.472222222222221, 0, 1]",0.0
4.472222222222221,1,0.14815529263831725,-0.008834573034683053,0.00114466592197185,2,"[1.0, 0, 4.472222222222221, 0, 1]",0.0
4.477333333333332,0,-0.055813965432098725,0.012475603275500673,-0.004376169876002741,1,"[1.0, 0, 4.477333333333332, 0, 1]",0.0
4.477333333333332,1,0.14857883127572008,-0.008877539299672601,0.0011520881065264798,2,"[1.0, 0, 4.477333333333332, 0, 1]",0.0
4.482444444444443,0,-0.05606837887517141,0.012527857969234347,-0.004413835177317316,1,"[1.0, 0, 4.482444444444443, 0, 1]",0.0
4.482444444444443,1,0.1490028536808412,-0.008920618196107354,0.0011595484843257482,2,"[1.0, 0, 4.482444444444443, 0, 1]",0.0
4.487555555555556,0,-0.05632308257887518,0.01258024277068333,-0.004451760851433358,1,"[1.0, 0, 4.487555555555556, 0, 1]",0.0
4.487555555555556,1,0.14942735985368083,-0.008963809852562041,0.0011670472139089123,2,"[1.0, 0, 4.487555555555556, 0, 1]",0.0
4.492666666666667,0,-0.056578076543209885,0.012632757828203015,-0.004489948277616747,1,"[1.0, 0, 4.492666666666667, 0, 1]",0.0
4.492666666666667,1,0.14985234979423867,-0.009007114397611338,0.001174584454319966,2,"[1.0, 0, 4.492666666666667, 0, 1]",0.0
4.497777777777777,0,-0.05683336076817558,0.012685403290148852,-0.004528398840326828,1,"[1.0, 0, 4.497777777777777, 0, 1]",0.0
4.497777777777777,1,0.1502778235025148,-0.009050531959829968,0.0011821603651087542,2,"[1.0, 0, 4.497777777777777, 0, 1]",0.0
4.502888888888888,0,-0.05708893525377226,0.01273817930487628,-0.004567113929228736,1,"[1.0, 0, 4.502888888888888, 0, 1]",0.0
4.502888888888888,1,0.1507037809785093,-0.00909406266779264,0.0011897751063320878,2,"[1.0, 0, 4.502888888888888, 0, 1]",0.0
4.507999999999999,0,-0.05734479999999996,0.012791086020740729,-0.004606094939205791,1,"[1.0, 0, 4.507999999999999, 0, 1]",0.0
4.507999999999999,1,0.15113022222222214,-0.009137706650074065,0.0011974288385548405,2,"[1.0, 0, 4.507999999999999, 0, 1]",0.0
4.51311111111111,0,-0.05760095500685866,0.012844123586097635,-0.004645343270371906,1,"[1.0, 0, 4.51311111111111, 0, 1]",0.0
4.51311111111111,1,0.1515571472336533,-0.009181464035248953,0.0012051217228510685,2,"[1.0, 0, 4.51311111111111, 0, 1]",0.0
4.518222222222221,0,-0.05785740027434837,0.012897292149302427,-0.004684860328083996,1,"[1.0, 0, 4.518222222222221, 0, 1]",0.0
4.518222222222221,1,0.1519845560128028,-0.00922533495189201,0.0012128539208051286,2,"[1.0, 0, 4.518222222222221, 0, 1]",0.0
4.523333333333333,0,-0.058114135802469144,0.01295059185871056,-0.004724647522954434,1,"[1.0, 0, 4.523333333333333, 0, 1]",0.0
4.523333333333333,1,0.15241244855967076,-0.00926931952857796,0.00122062559451278,2,"[1.0, 0, 4.523333333333333, 0, 1]",0.0
4.528444444444444,0,-0.05837116159122084,0.013004022862677433,-0.004764706270863438,1,"[1.0, 0, 4.528444444444444, 0, 1]",0.0
4.528444444444444,1,0.15284082487425693,-0.009313417893881484,0.0012284369065823078,2,"[1.0, 0, 4.528444444444444, 0, 1]",0.0
4.533555555555555,0,-0.058628477640603555,0.013057585309558497,-0.0048050379929716015,1,"[1.0, 0, 4.533555555555555, 0, 1]",0.0
4.533555555555555,1,0.15326968495656146,-0.009357630176377309,0.001236288020135637,2,"[1.0, 0, 4.533555555555555, 0, 1]",0.0
4.538666666666666,0,-0.05888608395061724,0.01311127934770918,-0.00484564411573232,1,"[1.0, 0, 4.538666666666666, 0, 1]",0.0
4.538666666666666,1,0.1536990288065843,-0.00940195650464014,0.0012441790988094517,2,"[1.0, 0, 4.538666666666666, 0, 1]",0.0
4.543777777777777,0,-0.05914398052126196,0.013165105125484924,-0.0048865260709043045,1,"[1.0, 0, 4.543777777777777, 0, 1]",0.0
4.543777777777777,1,0.15412885642432547,-0.009446397007244686,0.0012521103067563186,2,"[1.0, 0, 4.543777777777777, 0, 1]",0.0
4.548888888888888,0,-0.05940216735253767,0.013219062791241156,-0.0049276852955640535,1,"[1.0, 0, 4.548888888888888, 0, 1]",0.0
4.548888888888888,1,0.154559167809785,-0.009490951812765658,0.0012600818086457967,2,"[1.0, 0, 4.548888888888888, 0, 1]",0.0
4.5539999999999985,0,-0.05966064444444437,0.013273152493333313,-0.004969123232118394,1,"[1.0, 0, 4.5539999999999985, 0, 1]",0.0
4.5539999999999985,1,0.15498996296296283,-0.009535621049777763,0.0012680937696655688,2,"[1.0, 0, 4.5539999999999985, 0, 1]",0.0
4.559111111111111,0,-0.05991941179698217,0.013327374380116849,-0.005010841328317019,1,"[1.0, 0, 4.559111111111111, 0, 1]",0.0
4.559111111111111,1,0.15542124188385917,-0.009580404846855729,0.0012761463555225616,2,"[1.0, 0, 4.559111111111111, 0, 1]",0.0
4.564222222222222,0,-0.0601784694101509,0.01338172859994716,-0.005052841037264965,1,"[1.0, 0, 4.564222222222222, 0, 1]",0.0
4.564222222222222,1,0.1558530045724737,-0.009625303332574232,0.0012842397324440624,2,"[1.0, 0, 4.564222222222222, 0, 1]",0.0
4.569333333333333,0,-0.060437817283950604,0.013436215301179694,-0.005095123817435259,1,"[1.0, 0, 4.569333333333333, 0, 1]",0.0
4.569333333333333,1,0.15628525102880655,-0.009670316635507999,0.001292374067178859,2,"[1.0, 0, 4.569333333333333, 0, 1]",0.0
4.574444444444444,0,-0.0606974554183813,0.013490834632169879,-0.00513769113268144,1,"[1.0, 0, 4.574444444444444, 0, 1]",0.0
4.574444444444444,1,0.1567179812528577,-0.00971544488423173,0.0013005495269983584,2,"[1.0, 0, 4.574444444444444, 0, 1]",0.0
4.5795555555555545,0,-0.06095738381344304,0.013545586741273168,-0.0051805444522501675,1,"[1.0, 0, 4.5795555555555545, 0, 1]",0.0
4.5795555555555545,1,0.15715119524462726,-0.009760688207320147,0.0013087662796977145,2,"[1.0, 0, 4.5795555555555545, 0, 1]",0.0
4.584666666666665,0,-0.06121760246913574,0.013600471776844977,-0.00522368525079378,1,"[1.0, 0, 4.584666666666665, 0, 1]",0.0
4.584666666666665,1,0.1575848930041151,-0.00980604673334795,0.0013170244935969554,2,"[1.0, 0, 4.584666666666665, 0, 1]",0.0
4.589777777777778,0,-0.06147811138545954,0.013655489887240765,-0.005267115008382978,1,"[1.0, 0, 4.589777777777778, 0, 1]",0.0
4.589777777777778,1,0.15801907453132144,-0.00985152059088987,0.0013253243375421246,2,"[1.0, 0, 4.589777777777778, 0, 1]",0.0
4.594888888888889,0,-0.06173891056241426,0.01371064122081593,-0.005310835210519355,1,"[1.0, 0, 4.594888888888889, 0, 1]",0.0
4.594888888888889,1,0.15845373982624597,-0.009897109908520583,0.0013336659809063947,2,"[1.0, 0, 4.594888888888889, 0, 1]",0.0
4.6,0,-0.061999999999999986,0.013765925925925921,-0.005354847348148144,1,"[1.0, 0, 4.6, 0, 1]",0.0
4.6,1,0.15888888888888886,-0.00994281481481481,0.001342049593591221,2,"[1.0, 0, 4.6, 0, 1]",0.0
