parameter,branch,g2,g3,discriminant,character,operator_ascending,constant
-1.0,0,-1.0,0.48148148148148145,-7.259259259259259,2,"[-1.0, 0, 1]",0.0
-0.9980555555555556,0,-0.9980555555555556,0.48083333333333333,-7.2365967519075785,2,"[-1.0, 0, 1]",0.0
-0.9961111111111111,0,-0.9961111111111111,0.48018518518518516,-7.213979570816186,2,"[-1.0, 0, 1]",0.0
-0.9941666666666666,0,-0.9941666666666666,0.479537037037037,-7.191407671874999,2,"[-1.0, 0, 1]",0.0
-0.9922222222222222,0,-0.9922222222222222,0.47888888888888886,-7.168881010973936,2,"[-1.0, 0, 1]",0.0
-0.9902777777777778,0,-0.9902777777777778,0.47824074074074074,-7.146399544002916,2,"[-1.0, 0, 1]",0.0
-0.9883333333333333,0,-0.9883333333333333,0.47759259259259257,-7.123963226851852,2,"[-1.0, 0, 1]",0.0
-0.9863888888888889,0,-0.9863888888888889,0.4769444444444444,-7.101572015410664,2,"[-1.0, 0, 1]",0.0
-0.9844444444444445,0,-0.9844444444444445,0.4762962962962963,-7.079225865569272,2,"[-1.0, 0, 1]",0.0
-0.9825,0,-0.9825,0.47564814814814815,-7.056924733217593,2,"[-1.0, 0, 1]",0.0
-0.9805555555555555,0,-0.9805555555555555,0.475,-7.034668574245542,2,"[-1.0, 0, 1]",0.0
-0.9786111111111111,0,-0.9786111111111111,0.4743518518518518,-7.012457344543037,2,"[-1.0, 0, 1]",0.0
-0.9766666666666667,0,-0.9766666666666667,0.4737037037037037,-6.990291,2,"[-1.0, 0, 1]",0.0
-0.9747222222222223,0,-0.9747222222222223,0.47305555555555556,-6.968169496506345,2,"[-1.0, 0, 1]",0.0
-0.9727777777777777,0,-0.9727777777777777,0.4724074074074074,-6.946092789951988,2,"[-1.0, 0, 1]",0.0
-0.9708333333333333,0,-0.9708333333333333,0.4717592592592592,-6.92406083622685,2,"[-1.0, 0, 1]",0.0
-0.9688888888888889,0,-0.9688888888888889,0.4711111111111111,-6.90207359122085,2,"[-1.0, 0, 1]",0.0
-0.9669444444444445,0,-0.9669444444444445,0.47046296296296297,-6.880131010823902,2,"[-1.0, 0, 1]",0.0
-0.965,0,-0.965,0.4698148148148148,-6.858233050925925,2,"[-1.0, 0, 1]",0.0
-0.9630555555555556,0,-0.9630555555555556,0.4691666666666666,-6.836379667416837,2,"[-1.0, 0, 1]",0.0
-0.9611111111111111,0,-0.9611111111111111,0.4685185185185185,-6.814570816186556,2,"[-1.0, 0, 1]",0.0
-0.9591666666666667,0,-0.9591666666666667,0.4678703703703704,-6.792806453125001,2,"[-1.0, 0, 1]",0.0
-0.9572222222222222,0,-0.9572222222222222,0.4672222222222222,-6.771086534122085,2,"[-1.0, 0, 1]",0.0
-0.9552777777777778,0,-0.9552777777777778,0.46657407407407403,-6.749411015067729,2,"[-1.0, 0, 1]",0.0
-0.9533333333333334,0,-0.9533333333333334,0.4659259259259259,-6.727779851851851,2,"[-1.0, 0, 1]",0.0
-0.9513888888888888,0,-0.9513888888888888,0.46527777777777773,-6.706193000364368,2,"[-1.0, 0, 1]",0.0
-0.9494444444444444,0,-0.9494444444444444,0.4646296296296296,-6.684650416495198,2,"[-1.0, 0, 1]",0.0
-0.9475,0,-0.9475,0.46398148148148144,-6.663152056134257,2,"[-1.0, 0, 1]",0.0
-0.9455555555555556,0,-0.9455555555555556,0.4633333333333333,-6.6416978751714675,2,"[-1.0, 0, 1]",0.0
-0.9436111111111111,0,-0.9436111111111111,0.46268518518518514,-6.620287829496741,2,"[-1.0, 0, 1]",0.0
-0.9416666666666667,0,-0.9416666666666667,0.462037037037037,-6.598921875,2,"[-1.0, 0, 1]",0.0
-0.9397222222222222,0,-0.9397222222222222,0.46138888888888885,-6.5775999675711585,2,"[-1.0, 0, 1]",0.0
-0.9377777777777778,0,-0.9377777777777778,0.46074074074074073,-6.556322063100137,2,"[-1.0, 0, 1]",0.0
-0.9358333333333333,0,-0.9358333333333333,0.46009259259259255,-6.535088117476851,2,"[-1.0, 0, 1]",0.0
-0.9338888888888889,0,-0.9338888888888889,0.45944444444444443,-6.513898086591221,2,"[-1.0, 0, 1]",0.0
-0.9319444444444445,0,-0.9319444444444445,0.45879629629629626,-6.4927519263331614,2,"[-1.0, 0, 1]",0.0
-0.93,0,-0.93,0.45814814814814814,-6.471649592592593,2,"[-1.0, 0, 1]",0.0
-0.9280555555555555,0,-0.9280555555555555,0.45749999999999996,-6.45059104125943,2,"[-1.0, 0, 1]",0.0
-0.9261111111111111,0,-0.9261111111111111,0.45685185185185184,-6.429576228223594,2,"[-1.0, 0, 1]",0.0
-0.9241666666666667,0,-0.9241666666666667,0.45620370370370367,-6.408605109374999,2,"[-1.0, 0, 1]",0.0
-0.9222222222222223,0,-0.9222222222222223,0.45555555555555555,-6.387677640603567,2,"[-1.0, 0, 1]",0.0
-0.9202777777777778,0,-0.9202777777777778,0.45490740740740737,-6.36679377779921,2,"[-1.0, 0, 1]",0.0
-0.9183333333333333,0,-0.9183333333333333,0.45425925925925925,-6.345953476851852,2,"[-1.0, 0, 1]",0.0
-0.9163888888888889,0,-0.9163888888888889,0.4536111111111111,-6.325156693651405,2,"[-1.0, 0, 1]",0.0
-0.9144444444444444,0,-0.9144444444444444,0.4529629629629629,-6.30440338408779,2,"[-1.0, 0, 1]",0.0
-0.9125,0,-0.9125,0.4523148148148148,-6.283693504050925,2,"[-1.0, 0, 1]",0.0
-0.9105555555555556,0,-0.9105555555555556,0.45166666666666666,-6.2630270094307265,2,"[-1.0, 0, 1]",0.0
-0.9086111111111111,0,-0.9086111111111111,0.4510185185185185,-6.242403856117111,2,"[-1.0, 0, 1]",0.0
-0.9066666666666667,0,-0.9066666666666667,0.45037037037037037,-6.221824,2,"[-1.0, 0, 1]",0.0
-0.9047222222222222,0,-0.9047222222222222,0.4497222222222222,-6.201287396969306,2,"[-1.0, 0, 1]",0.0
-0.9027777777777778,0,-0.9027777777777778,0.44907407407407407,-6.1807940029149515,2,"[-1.0, 0, 1]",0.0
-0.9008333333333334,0,-0.9008333333333334,0.4484259259259259,-6.160343773726852,2,"[-1.0, 0, 1]",0.0
-0.8988888888888888,0,-0.8988888888888888,0.4477777777777777,-6.139936665294924,2,"[-1.0, 0, 1]",0.0
-0.8969444444444444,0,-0.8969444444444444,0.4471296296296296,-6.119572633509088,2,"[-1.0, 0, 1]",0.0
-0.895,0,-0.895,0.4464814814814815,-6.099251634259259,2,"[-1.0, 0, 1]",0.0
-0.8930555555555556,0,-0.8930555555555556,0.4458333333333333,-6.078973623435356,2,"[-1.0, 0, 1]",0.0
-0.8911111111111111,0,-0.8911111111111111,0.44518518518518513,-6.058738556927295,2,"[-1.0, 0, 1]",0.0
-0.8891666666666667,0,-0.8891666666666667,0.444537037037037,-6.038546390624999,2,"[-1.0, 0, 1]",0.0
-0.8872222222222222,0,-0.8872222222222222,0.4438888888888889,-6.0183970804183815,2,"[-1.0, 0, 1]",0.0
-0.8852777777777778,0,-0.8852777777777778,0.4432407407407407,-5.998290582197359,2,"[-1.0, 0, 1]",0.0
-0.8833333333333333,0,-0.8833333333333333,0.44259259259259254,-5.978226851851851,2,"[-1.0, 0, 1]",0.0
-0.8813888888888889,0,-0.8813888888888889,0.4419444444444444,-5.958205845271776,2,"[-1.0, 0, 1]",0.0
-0.8794444444444445,0,-0.8794444444444445,0.4412962962962963,-5.93822751834705,2,"[-1.0, 0, 1]",0.0
-0.8775,0,-0.8775,0.4406481481481481,-5.918291826967591,2,"[-1.0, 0, 1]",0.0
-0.8755555555555555,0,-0.8755555555555555,0.43999999999999995,-5.898398727023318,2,"[-1.0, 0, 1]",0.0
-0.8736111111111111,0,-0.8736111111111111,0.4393518518518518,-5.878548174404148,2,"[-1.0, 0, 1]",0.0
-0.8716666666666667,0,-0.8716666666666667,0.4387037037037037,-5.858740125,2,"[-1.0, 0, 1]",0.0
-0.8697222222222223,0,-0.8697222222222223,0.43805555555555553,-5.838974534700788,2,"[-1.0, 0, 1]",0.0
-0.8677777777777778,0,-0.8677777777777778,0.43740740740740736,-5.819251359396432,2,"[-1.0, 0, 1]",0.0
-0.8658333333333333,0,-0.8658333333333333,0.43675925925925924,-5.799570554976851,2,"[-1.0, 0, 1]",0.0
-0.8638888888888889,0,-0.8638888888888889,0.4361111111111111,-5.779932077331962,2,"[-1.0, 0, 1]",0.0
-0.8619444444444444,0,-0.8619444444444444,0.43546296296296294,-5.760335882351679,2,"[-1.0, 0, 1]",0.0
-0.86,0,-0.86,0.43481481481481477,-5.740781925925925,2,"[-1.0, 0, 1]",0.0
-0.8580555555555556,0,-0.8580555555555556,0.43416666666666665,-5.721270163944615,2,"[-1.0, 0, 1]",0.0
-0.8561111111111112,0,-0.8561111111111112,0.4335185185185185,-5.7018005522976685,2,"[-1.0, 0, 1]",0.0
-0.8541666666666666,0,-0.8541666666666666,0.43287037037037035,-5.682373046874999,2,"[-1.0, 0, 1]",0.0
-0.8522222222222222,0,-0.8522222222222222,0.4322222222222222,-5.6629876035665285,2,"[-1.0, 0, 1]",0.0
-0.8502777777777778,0,-0.8502777777777778,0.43157407407407405,-5.643644178262174,2,"[-1.0, 0, 1]",0.0
-0.8483333333333334,0,-0.8483333333333334,0.43092592592592593,-5.624342726851852,2,"[-1.0, 0, 1]",0.0
-0.8463888888888889,0,-0.8463888888888889,0.43027777777777776,-5.60508320522548,2,"[-1.0, 0, 1]",0.0
-0.8444444444444444,0,-0.8444444444444444,0.4296296296296296,-5.5858655692729755,2,"[-1.0, 0, 1]",0.0
-0.8425,0,-0.8425,0.42898148148148146,-5.566689774884259,2,"[-1.0, 0, 1]",0.0
-0.8405555555555555,0,-0.8405555555555555,0.4283333333333333,-5.547555777949244,2,"[-1.0, 0, 1]",0.0
-0.8386111111111111,0,-0.8386111111111111,0.42768518518518517,-5.528463534357853,2,"[-1.0, 0, 1]",0.0
-0.8366666666666667,0,-0.8366666666666667,0.427037037037037,-5.509412999999999,2,"[-1.0, 0, 1]",0.0
-0.8347222222222223,0,-0.8347222222222223,0.4263888888888889,-5.490404130765603,2,"[-1.0, 0, 1]",0.0
-0.8327777777777778,0,-0.8327777777777778,0.42574074074074075,-5.471436882544582,2,"[-1.0, 0, 1]",0.0
-0.8308333333333333,0,-0.8308333333333333,0.4250925925925926,-5.452511211226852,2,"[-1.0, 0, 1]",0.0
-0.8288888888888889,0,-0.8288888888888889,0.4244444444444444,-5.433627072702331,2,"[-1.0, 0, 1]",0.0
-0.8269444444444445,0,-0.8269444444444445,0.4237962962962963,-5.41478442286094,2,"[-1.0, 0, 1]",0.0
-0.825,0,-0.825,0.4231481481481481,-5.395983217592592,2,"[-1.0, 0, 1]",0.0
-0.8230555555555555,0,-0.8230555555555555,0.4225,-5.377223412787208,2,"[-1.0, 0, 1]",0.0
-0.8211111111111111,0,-0.8211111111111111,0.4218518518518518,-5.3585049643347045,2,"[-1.0, 0, 1]",0.0
-0.8191666666666667,0,-0.8191666666666667,0.4212037037037037,-5.339827828125,2,"[-1.0, 0, 1]",0.0
-0.8172222222222223,0,-0.8172222222222223,0.42055555555555557,-5.3211919600480115,2,"[-1.0, 0, 1]",0.0
-0.8152777777777778,0,-0.8152777777777778,0.4199074074074074,-5.302597315993655,2,"[-1.0, 0, 1]",0.0
-0.8133333333333334,0,-0.8133333333333334,0.4192592592592592,-5.284043851851852,2,"[-1.0, 0, 1]",0.0
-0.8113888888888889,0,-0.8113888888888889,0.4186111111111111,-5.265531523512517,2,"[-1.0, 0, 1]",0.0
-0.8094444444444444,0,-0.8094444444444444,0.4179629629629629,-5.247060286865568,2,"[-1.0, 0, 1]",0.0
-0.8075,0,-0.8075,0.4173148148148148,-5.2286300978009255,2,"[-1.0, 0, 1]",0.0
-0.8055555555555556,0,-0.8055555555555556,0.41666666666666663,-5.210240912208504,2,"[-1.0, 0, 1]",0.0
-0.803611111111111,0,-0.803611111111111,0.41601851851851845,-5.191892685978222,2,"[-1.0, 0, 1]",0.0
-0.8016666666666666,0,-0.8016666666666666,0.41537037037037033,-5.173585374999999,2,"[-1.0, 0, 1]",0.0
-0.7997222222222222,0,-0.7997222222222222,0.4147222222222222,-5.155318935163752,2,"[-1.0, 0, 1]",0.0
-0.7977777777777778,0,-0.7977777777777778,0.41407407407407404,-5.137093322359395,2,"[-1.0, 0, 1]",0.0
-0.7958333333333334,0,-0.7958333333333334,0.4134259259259259,-5.1189084924768515,2,"[-1.0, 0, 1]",0.0
-0.7938888888888889,0,-0.7938888888888889,0.41277777777777774,-5.100764401406035,2,"[-1.0, 0, 1]",0.0
-0.7919444444444445,0,-0.7919444444444445,0.4121296296296296,-5.082661005036866,2,"[-1.0, 0, 1]",0.0
-0.79,0,-0.79,0.41148148148148145,-5.064598259259259,2,"[-1.0, 0, 1]",0.0
-0.7880555555555555,0,-0.7880555555555555,0.4108333333333333,-5.046576119963134,2,"[-1.0, 0, 1]",0.0
-0.7861111111111111,0,-0.7861111111111111,0.41018518518518515,-5.028594543038409,2,"[-1.0, 0, 1]",0.0
-0.7841666666666667,0,-0.7841666666666667,0.40953703703703703,-5.010653484375,2,"[-1.0, 0, 1]",0.0
-0.7822222222222223,0,-0.7822222222222223,0.40888888888888886,-4.9927528998628254,2,"[-1.0, 0, 1]",0.0
-0.7802777777777778,0,-0.7802777777777778,0.40824074074074074,-4.974892745391804,2,"[-1.0, 0, 1]",0.0
-0.7783333333333333,0,-0.7783333333333333,0.40759259259259256,-4.957072976851851,2,"[-1.0, 0, 1]",0.0
-0.7763888888888889,0,-0.7763888888888889,0.40694444444444444,-4.939293550132887,2,"[-1.0, 0, 1]",0.0
-0.7744444444444445,0,-0.7744444444444445,0.40629629629629627,-4.921554421124828,2,"[-1.0, 0, 1]",0.0
-0.7725,0,-0.7725,0.4056481481481481,-4.903855545717591,2,"[-1.0, 0, 1]",0.0
-0.7705555555555555,0,-0.7705555555555555,0.40499999999999997,-4.886196879801097,2,"[-1.0, 0, 1]",0.0
-0.7686111111111111,0,-0.7686111111111111,0.40435185185185185,-4.86857837926526,2,"[-1.0, 0, 1]",0.0
-0.7666666666666666,0,-0.7666666666666666,0.4037037037037037,-4.850999999999999,2,"[-1.0, 0, 1]",0.0
-0.7647222222222222,0,-0.7647222222222222,0.4030555555555555,-4.833461697895232,2,"[-1.0, 0, 1]",0.0
-0.7627777777777778,0,-0.7627777777777778,0.4024074074074074,-4.8159634288408775,2,"[-1.0, 0, 1]",0.0
-0.7608333333333334,0,-0.7608333333333334,0.40175925925925926,-4.798505148726851,2,"[-1.0, 0, 1]",0.0
-0.758888888888889,0,-0.758888888888889,0.4011111111111111,-4.781086813443072,2,"[-1.0, 0, 1]",0.0
-0.7569444444444444,0,-0.7569444444444444,0.4004629629629629,-4.763708378879457,2,"[-1.0, 0, 1]",0.0
-0.755,0,-0.755,0.3998148148148148,-4.746369800925925,2,"[-1.0, 0, 1]",0.0
-0.7530555555555556,0,-0.7530555555555556,0.39916666666666667,-4.729071035472394,2,"[-1.0, 0, 1]",0.0
-0.7511111111111111,0,-0.7511111111111111,0.3985185185185185,-4.7118120384087785,2,"[-1.0, 0, 1]",0.0
-0.7491666666666666,0,-0.7491666666666666,0.3978703703703703,-4.694592765624998,2,"[-1.0, 0, 1]",0.0
-0.7472222222222222,0,-0.7472222222222222,0.3972222222222222,-4.677413173010973,2,"[-1.0, 0, 1]",0.0
-0.7452777777777777,0,-0.7452777777777777,0.396574074074074,-4.660273216456617,2,"[-1.0, 0, 1]",0.0
-0.7433333333333334,0,-0.7433333333333334,0.3959259259259259,-4.643172851851851,2,"[-1.0, 0, 1]",0.0
-0.7413888888888889,0,-0.7413888888888889,0.39527777777777773,-4.62611203508659,2,"[-1.0, 0, 1]",0.0
-0.7394444444444445,0,-0.7394444444444445,0.3946296296296296,-4.609090722050754,2,"[-1.0, 0, 1]",0.0
-0.7375,0,-0.7375,0.3939814814814815,-4.592108868634259,2,"[-1.0, 0, 1]",0.0
-0.7355555555555555,0,-0.7355555555555555,0.3933333333333333,-4.575166430727023,2,"[-1.0, 0, 1]",0.0
-0.7336111111111111,0,-0.7336111111111111,0.39268518518518514,-4.558263364218963,2,"[-1.0, 0, 1]",0.0
-0.7316666666666667,0,-0.7316666666666667,0.392037037037037,-4.5413996249999995,2,"[-1.0, 0, 1]",0.0
-0.7297222222222222,0,-0.7297222222222222,0.39138888888888884,-4.524575168960047,2,"[-1.0, 0, 1]",0.0
-0.7277777777777779,0,-0.7277777777777779,0.3907407407407407,-4.507789951989025,2,"[-1.0, 0, 1]",0.0
-0.7258333333333333,0,-0.7258333333333333,0.39009259259259255,-4.491043929976851,2,"[-1.0, 0, 1]",0.0
-0.7238888888888889,0,-0.7238888888888889,0.3894444444444444,-4.474337058813442,2,"[-1.0, 0, 1]",0.0
-0.7219444444444445,0,-0.7219444444444445,0.3887962962962963,-4.457669294388717,2,"[-1.0, 0, 1]",0.0
-0.72,0,-0.72,0.38814814814814813,-4.441040592592593,2,"[-1.0, 0, 1]",0.0
-0.7180555555555556,0,-0.7180555555555556,0.38749999999999996,-4.424450909314985,2,"[-1.0, 0, 1]",0.0
-0.7161111111111111,0,-0.7161111111111111,0.38685185185185184,-4.407900200445816,2,"[-1.0, 0, 1]",0.0
-0.7141666666666666,0,-0.7141666666666666,0.38620370370370366,-4.391388421874999,2,"[-1.0, 0, 1]",0.0
-0.7122222222222223,0,-0.7122222222222223,0.38555555555555554,-4.374915529492455,2,"[-1.0, 0, 1]",0.0
-0.7102777777777778,0,-0.7102777777777778,0.38490740740740736,-4.358481479188099,2,"[-1.0, 0, 1]",0.0
-0.7083333333333333,0,-0.7083333333333333,0.3842592592592592,-4.34208622685185,2,"[-1.0, 0, 1]",0.0
-0.706388888888889,0,-0.706388888888889,0.3836111111111111,-4.325729728373629,2,"[-1.0, 0, 1]",0.0
-0.7044444444444444,0,-0.7044444444444444,0.38296296296296295,-4.309411939643346,2,"[-1.0, 0, 1]",0.0
-0.7025,0,-0.7025,0.3823148148148148,-4.2931328165509255,2,"[-1.0, 0, 1]",0.0
-0.7005555555555556,0,-0.7005555555555556,0.38166666666666665,-4.2768923149862825,2,"[-1.0, 0, 1]",0.0
-0.6986111111111111,0,-0.6986111111111111,0.3810185185185185,-4.260690390839334,2,"[-1.0, 0, 1]",0.0
-0.6966666666666667,0,-0.6966666666666667,0.38037037037037036,-4.244527,2,"[-1.0, 0, 1]",0.0
-0.6947222222222222,0,-0.6947222222222222,0.3797222222222222,-4.228402098358195,2,"[-1.0, 0, 1]",0.0
-0.6927777777777777,0,-0.6927777777777777,0.379074074074074,-4.21231564180384,2,"[-1.0, 0, 1]",0.0
-0.6908333333333334,0,-0.6908333333333334,0.37842592592592594,-4.196267586226853,2,"[-1.0, 0, 1]",0.0
-0.6888888888888889,0,-0.6888888888888889,0.37777777777777777,-4.180257887517146,2,"[-1.0, 0, 1]",0.0
-0.6869444444444445,0,-0.6869444444444445,0.3771296296296296,-4.164286501564642,2,"[-1.0, 0, 1]",0.0
-0.685,0,-0.685,0.3764814814814815,-4.148353384259259,2,"[-1.0, 0, 1]",0.0
-0.6830555555555555,0,-0.6830555555555555,0.3758333333333333,-4.132458491490911,2,"[-1.0, 0, 1]",0.0
-0.6811111111111111,0,-0.6811111111111111,0.3751851851851852,-4.116601779149519,2,"[-1.0, 0, 1]",0.0
-0.6791666666666667,0,-0.6791666666666667,0.374537037037037,-4.100783203124999,2,"[-1.0, 0, 1]",0.0
-0.6772222222222222,0,-0.6772222222222222,0.3738888888888888,-4.085002719307269,2,"[-1.0, 0, 1]",0.0
-0.6752777777777779,0,-0.6752777777777779,0.37324074074074076,-4.069260283586249,2,"[-1.0, 0, 1]",0.0
-0.6733333333333333,0,-0.6733333333333333,0.3725925925925926,-4.0535558518518515,2,"[-1.0, 0, 1]",0.0
-0.6713888888888889,0,-0.6713888888888889,0.3719444444444444,-4.037889379993998,2,"[-1.0, 0, 1]",0.0
-0.6694444444444445,0,-0.6694444444444445,0.3712962962962963,-4.022260823902607,2,"[-1.0, 0, 1]",0.0
-0.6675,0,-0.6675,0.3706481481481481,-4.006670139467592,2,"[-1.0, 0, 1]",0.0
-0.6655555555555556,0,-0.6655555555555556,0.37,-3.991117282578875,2,"[-1.0, 0, 1]",0.0
-0.6636111111111112,0,-0.6636111111111112,0.3693518518518518,-3.975602209126371,2,"[-1.0, 0, 1]",0.0
-0.6616666666666666,0,-0.6616666666666666,0.36870370370370364,-3.9601248749999987,2,"[-1.0, 0, 1]",0.0
-0.6597222222222222,0,-0.6597222222222222,0.3680555555555555,-3.944685236089677,2,"[-1.0, 0, 1]",0.0
-0.6577777777777778,0,-0.6577777777777778,0.3674074074074074,-3.9292832482853224,2,"[-1.0, 0, 1]",0.0
-0.6558333333333333,0,-0.6558333333333333,0.36675925925925923,-3.913918867476851,2,"[-1.0, 0, 1]",0.0
-0.653888888888889,0,-0.653888888888889,0.3661111111111111,-3.898592049554184,2,"[-1.0, 0, 1]",0.0
-0.6519444444444444,0,-0.6519444444444444,0.36546296296296293,-3.883302750407235,2,"[-1.0, 0, 1]",0.0
-0.65,0,-0.65,0.3648148148148148,-3.868050925925926,2,"[-1.0, 0, 1]",0.0
-0.6480555555555556,0,-0.6480555555555556,0.36416666666666664,-3.852836532000171,2,"[-1.0, 0, 1]",0.0
-0.6461111111111111,0,-0.6461111111111111,0.36351851851851846,-3.837659524519889,2,"[-1.0, 0, 1]",0.0
-0.6441666666666667,0,-0.6441666666666667,0.36287037037037034,-3.8225198593749994,2,"[-1.0, 0, 1]",0.0
-0.6422222222222222,0,-0.6422222222222222,0.3622222222222222,-3.8074174924554183,2,"[-1.0, 0, 1]",0.0
-0.6402777777777777,0,-0.6402777777777777,0.36157407407407405,-3.7923523796510623,2,"[-1.0, 0, 1]",0.0
-0.6383333333333334,0,-0.6383333333333334,0.36092592592592593,-3.777324476851852,2,"[-1.0, 0, 1]",0.0
-0.6363888888888889,0,-0.6363888888888889,0.36027777777777775,-3.7623337399477013,2,"[-1.0, 0, 1]",0.0
-0.6344444444444445,0,-0.6344444444444445,0.35962962962962963,-3.7473801248285326,2,"[-1.0, 0, 1]",0.0
-0.6325000000000001,0,-0.6325000000000001,0.35898148148148146,-3.732463587384259,2,"[-1.0, 0, 1]",0.0
-0.6305555555555555,0,-0.6305555555555555,0.3583333333333333,-3.7175840835047995,2,"[-1.0, 0, 1]",0.0
-0.6286111111111111,0,-0.6286111111111111,0.35768518518518516,-3.7027415690800747,2,"[-1.0, 0, 1]",0.0
-0.6266666666666667,0,-0.6266666666666667,0.35703703703703704,-3.687936,2,"[-1.0, 0, 1]",0.0
-0.6247222222222222,0,-0.6247222222222222,0.35638888888888887,-3.6731673321544918,2,"[-1.0, 0, 1]",0.0
-0.6227777777777778,0,-0.6227777777777778,0.3557407407407407,-3.6584355214334696,2,"[-1.0, 0, 1]",0.0
-0.6208333333333333,0,-0.6208333333333333,0.35509259259259257,-3.6437405237268514,2,"[-1.0, 0, 1]",0.0
-0.6188888888888888,0,-0.6188888888888888,0.3544444444444444,-3.629082294924553,2,"[-1.0, 0, 1]",0.0
-0.6169444444444445,0,-0.6169444444444445,0.3537962962962963,-3.6144607909164947,2,"[-1.0, 0, 1]",0.0
-0.615,0,-0.615,0.3531481481481481,-3.5998759675925913,2,"[-1.0, 0, 1]",0.0
-0.6130555555555556,0,-0.6130555555555556,0.3525,-3.5853277808427637,2,"[-1.0, 0, 1]",0.0
-0.6111111111111112,0,-0.6111111111111112,0.35185185185185186,-3.570816186556928,2,"[-1.0, 0, 1]",0.0
-0.6091666666666666,0,-0.6091666666666666,0.3512037037037037,-3.5563411406249994,2,"[-1.0, 0, 1]",0.0
-0.6072222222222222,0,-0.6072222222222222,0.3505555555555555,-3.541902598936899,2,"[-1.0, 0, 1]",0.0
-0.6052777777777778,0,-0.6052777777777778,0.3499074074074074,-3.527500517382544,2,"[-1.0, 0, 1]",0.0
-0.6033333333333333,0,-0.6033333333333333,0.3492592592592592,-3.513134851851851,2,"[-1.0, 0, 1]",0.0
-0.601388888888889,0,-0.601388888888889,0.3486111111111111,-3.498805558234739,2,"[-1.0, 0, 1]",0.0
-0.5994444444444444,0,-0.5994444444444444,0.3479629629629629,-3.484512592421124,2,"[-1.0, 0, 1]",0.0
-0.5975,0,-0.5975,0.3473148148148148,-3.4702559103009256,2,"[-1.0, 0, 1]",0.0
-0.5955555555555556,0,-0.5955555555555556,0.3466666666666667,-3.4560354677640603,2,"[-1.0, 0, 1]",0.0
-0.5936111111111111,0,-0.5936111111111111,0.3460185185185185,-3.4418512207004457,2,"[-1.0, 0, 1]",0.0
-0.5916666666666667,0,-0.5916666666666667,0.3453703703703703,-3.427703124999999,2,"[-1.0, 0, 1]",0.0
-0.5897222222222223,0,-0.5897222222222223,0.3447222222222222,-3.41359113655264,2,"[-1.0, 0, 1]",0.0
-0.5877777777777777,0,-0.5877777777777777,0.34407407407407403,-3.3995152112482843,2,"[-1.0, 0, 1]",0.0
-0.5858333333333334,0,-0.5858333333333334,0.3434259259259259,-3.385475304976852,2,"[-1.0, 0, 1]",0.0
-0.5838888888888889,0,-0.5838888888888889,0.34277777777777774,-3.371471373628257,2,"[-1.0, 0, 1]",0.0
-0.5819444444444444,0,-0.5819444444444444,0.34212962962962956,-3.35750337309242,2,"[-1.0, 0, 1]",0.0
-0.5800000000000001,0,-0.5800000000000001,0.3414814814814815,-3.3435712592592592,2,"[-1.0, 0, 1]",0.0
-0.5780555555555555,0,-0.5780555555555555,0.3408333333333333,-3.3296749880186898,2,"[-1.0, 0, 1]",0.0
-0.5761111111111111,0,-0.5761111111111111,0.34018518518518515,-3.31581451526063,2,"[-1.0, 0, 1]",0.0
-0.5741666666666667,0,-0.5741666666666667,0.339537037037037,-3.301989796875,2,"[-1.0, 0, 1]",0.0
-0.5722222222222222,0,-0.5722222222222222,0.33888888888888885,-3.288200788751714,2,"[-1.0, 0, 1]",0.0
-0.5702777777777778,0,-0.5702777777777778,0.33824074074074073,-3.2744474467806928,2,"[-1.0, 0, 1]",0.0
-0.5683333333333334,0,-0.5683333333333334,0.33759259259259256,-3.260729726851851,2,"[-1.0, 0, 1]",0.0
-0.5663888888888888,0,-0.5663888888888888,0.3369444444444444,-3.2470475848551086,2,"[-1.0, 0, 1]",0.0
-0.5644444444444445,0,-0.5644444444444445,0.3362962962962963,-3.233400976680384,2,"[-1.0, 0, 1]",0.0
-0.5625,0,-0.5625,0.33564814814814814,-3.2197898582175926,2,"[-1.0, 0, 1]",0.0
-0.5605555555555556,0,-0.5605555555555556,0.33499999999999996,-3.2062141853566524,2,"[-1.0, 0, 1]",0.0
-0.5586111111111112,0,-0.5586111111111112,0.33435185185185184,-3.192673913987483,2,"[-1.0, 0, 1]",0.0
-0.5566666666666666,0,-0.5566666666666666,0.33370370370370367,-3.1791689999999995,2,"[-1.0, 0, 1]",0.0
-0.5547222222222222,0,-0.5547222222222222,0.33305555555555555,-3.1656993992841223,2,"[-1.0, 0, 1]",0.0
-0.5527777777777778,0,-0.5527777777777778,0.3324074074074074,-3.152265067729766,2,"[-1.0, 0, 1]",0.0
-0.5508333333333333,0,-0.5508333333333333,0.3317592592592592,-3.1388659612268506,2,"[-1.0, 0, 1]",0.0
-0.548888888888889,0,-0.548888888888889,0.33111111111111113,-3.1255020356652956,2,"[-1.0, 0, 1]",0.0
-0.5469444444444445,0,-0.5469444444444445,0.33046296296296296,-3.112173246935013,2,"[-1.0, 0, 1]",0.0
-0.545,0,-0.545,0.3298148148148148,-3.0988795509259255,2,"[-1.0, 0, 1]",0.0
-0.5430555555555556,0,-0.5430555555555556,0.32916666666666666,-3.085620903527949,2,"[-1.0, 0, 1]",0.0
-0.5411111111111111,0,-0.5411111111111111,0.3285185185185185,-3.072397260631001,2,"[-1.0, 0, 1]",0.0
-0.5391666666666667,0,-0.5391666666666667,0.32787037037037037,-3.059208578125,2,"[-1.0, 0, 1]",0.0
-0.5372222222222223,0,-0.5372222222222223,0.3272222222222222,-3.0460548118998623,2,"[-1.0, 0, 1]",0.0
-0.5352777777777777,0,-0.5352777777777777,0.326574074074074,-3.0329359178455064,2,"[-1.0, 0, 1]",0.0
-0.5333333333333333,0,-0.5333333333333333,0.3259259259259259,-3.0198518518518513,2,"[-1.0, 0, 1]",0.0
-0.5313888888888889,0,-0.5313888888888889,0.3252777777777778,-3.0068025698088134,2,"[-1.0, 0, 1]",0.0
-0.5294444444444444,0,-0.5294444444444444,0.3246296296296296,-2.993788027606309,2,"[-1.0, 0, 1]",0.0
-0.5275000000000001,0,-0.5275000000000001,0.3239814814814815,-2.9808081811342593,2,"[-1.0, 0, 1]",0.0
-0.5255555555555556,0,-0.5255555555555556,0.3233333333333333,-2.967862986282578,2,"[-1.0, 0, 1]",0.0
-0.5236111111111111,0,-0.5236111111111111,0.3226851851851852,-2.9549523989411863,2,"[-1.0, 0, 1]",0.0
-0.5216666666666667,0,-0.5216666666666667,0.322037037037037,-2.9420763749999996,2,"[-1.0, 0, 1]",0.0
-0.5197222222222222,0,-0.5197222222222222,0.32138888888888884,-2.929234870348936,2,"[-1.0, 0, 1]",0.0
-0.5177777777777778,0,-0.5177777777777778,0.3207407407407407,-2.9164278408779145,2,"[-1.0, 0, 1]",0.0
-0.5158333333333334,0,-0.5158333333333334,0.3200925925925926,-2.903655242476852,2,"[-1.0, 0, 1]",0.0
-0.5138888888888888,0,-0.5138888888888888,0.3194444444444444,-2.890917031035665,2,"[-1.0, 0, 1]",0.0
-0.5119444444444445,0,-0.5119444444444445,0.3187962962962963,-2.8782131624442733,2,"[-1.0, 0, 1]",0.0
-0.51,0,-0.51,0.3181481481481481,-2.865543592592592,2,"[-1.0, 0, 1]",0.0
-0.5080555555555556,0,-0.5080555555555556,0.3175,-2.852908277370542,2,"[-1.0, 0, 1]",0.0
-0.5061111111111112,0,-0.5061111111111112,0.31685185185185183,-2.8403071726680382,2,"[-1.0, 0, 1]",0.0
-0.5041666666666667,0,-0.5041666666666667,0.31620370370370365,-2.827740234374999,2,"[-1.0, 0, 1]",0.0
-0.5022222222222222,0,-0.5022222222222222,0.31555555555555553,-2.815207418381344,2,"[-1.0, 0, 1]",0.0
-0.5002777777777778,0,-0.5002777777777778,0.3149074074074074,-2.8027086805769894,2,"[-1.0, 0, 1]",0.0
-0.4983333333333333,0,-0.4983333333333333,0.31425925925925924,-2.790243976851851,2,"[-1.0, 0, 1]",0.0
-0.4963888888888889,0,-0.4963888888888889,0.31361111111111106,-2.7778132630958496,2,"[-1.0, 0, 1]",0.0
-0.49444444444444446,0,-0.49444444444444446,0.31296296296296294,-2.7654164951989024,2,"[-1.0, 0, 1]",0.0
-0.49250000000000005,0,-0.49250000000000005,0.3123148148148148,-2.7530536290509264,2,"[-1.0, 0, 1]",0.0
-0.4905555555555555,0,-0.4905555555555555,0.31166666666666665,-2.7407246205418376,2,"[-1.0, 0, 1]",0.0
-0.4886111111111111,0,-0.4886111111111111,0.31101851851851847,-2.728429425561556,2,"[-1.0, 0, 1]",0.0
-0.4866666666666667,0,-0.4866666666666667,0.31037037037037035,-2.7161679999999997,2,"[-1.0, 0, 1]",0.0
-0.4847222222222223,0,-0.4847222222222223,0.30972222222222223,-2.7039402997470847,2,"[-1.0, 0, 1]",0.0
-0.48277777777777775,0,-0.48277777777777775,0.30907407407407406,-2.6917462806927293,2,"[-1.0, 0, 1]",0.0
-0.48083333333333333,0,-0.48083333333333333,0.3084259259259259,-2.679585898726851,2,"[-1.0, 0, 1]",0.0
-0.4788888888888889,0,-0.4788888888888889,0.30777777777777776,-2.6674591097393687,2,"[-1.0, 0, 1]",0.0
-0.4769444444444445,0,-0.4769444444444445,0.30712962962962964,-2.655365869620199,2,"[-1.0, 0, 1]",0.0
-0.475,0,-0.475,0.30648148148148147,-2.643306134259259,2,"[-1.0, 0, 1]",0.0
-0.47305555555555556,0,-0.47305555555555556,0.3058333333333333,-2.631279859546467,2,"[-1.0, 0, 1]",0.0
-0.47111111111111115,0,-0.47111111111111115,0.30518518518518517,-2.6192870013717418,2,"[-1.0, 0, 1]",0.0
-0.46916666666666673,0,-0.46916666666666673,0.30453703703703705,-2.6073275156250006,2,"[-1.0, 0, 1]",0.0
-0.4672222222222222,0,-0.4672222222222222,0.3038888888888889,-2.595401358196159,2,"[-1.0, 0, 1]",0.0
-0.4652777777777778,0,-0.4652777777777778,0.3032407407407407,-2.583508484975136,2,"[-1.0, 0, 1]",0.0
-0.4633333333333334,0,-0.4633333333333334,0.3025925925925926,-2.571648851851852,2,"[-1.0, 0, 1]",0.0
-0.46138888888888896,0,-0.46138888888888896,0.30194444444444446,-2.5598224147162214,2,"[-1.0, 0, 1]",0.0
-0.45944444444444443,0,-0.45944444444444443,0.3012962962962963,-2.5480291294581616,2,"[-1.0, 0, 1]",0.0
-0.4575,0,-0.4575,0.3006481481481481,-2.536268951967592,2,"[-1.0, 0, 1]",0.0
-0.4555555555555556,0,-0.4555555555555556,0.3,-2.5245418381344304,2,"[-1.0, 0, 1]",0.0
-0.4536111111111111,0,-0.4536111111111111,0.2993518518518518,-2.512847743848593,2,"[-1.0, 0, 1]",0.0
-0.45166666666666666,0,-0.45166666666666666,0.2987037037037037,-2.501186625,2,"[-1.0, 0, 1]",0.0
-0.44972222222222225,0,-0.44972222222222225,0.2980555555555555,-2.4895584374785664,2,"[-1.0, 0, 1]",0.0
-0.44777777777777783,0,-0.44777777777777783,0.2974074074074074,-2.4779631371742115,2,"[-1.0, 0, 1]",0.0
-0.4458333333333333,0,-0.4458333333333333,0.2967592592592592,-2.466400679976851,2,"[-1.0, 0, 1]",0.0
-0.4438888888888889,0,-0.4438888888888889,0.2961111111111111,-2.454871021776406,2,"[-1.0, 0, 1]",0.0
-0.4419444444444445,0,-0.4419444444444445,0.2954629629629629,-2.443374118462791,2,"[-1.0, 0, 1]",0.0
-0.44000000000000006,0,-0.44000000000000006,0.2948148148148148,-2.431909925925926,2,"[-1.0, 0, 1]",0.0
-0.43805555555555553,0,-0.43805555555555553,0.29416666666666663,-2.4204784000557265,2,"[-1.0, 0, 1]",0.0
-0.4361111111111111,0,-0.4361111111111111,0.2935185185185185,-2.4090794967421125,2,"[-1.0, 0, 1]",0.0
-0.4341666666666667,0,-0.4341666666666667,0.29287037037037034,-2.3977131718749995,2,"[-1.0, 0, 1]",0.0
-0.4322222222222223,0,-0.4322222222222223,0.2922222222222222,-2.386379381344307,2,"[-1.0, 0, 1]",0.0
-0.43027777777777776,0,-0.43027777777777776,0.29157407407407404,-2.3750780810399514,2,"[-1.0, 0, 1]",0.0
-0.42833333333333334,0,-0.42833333333333334,0.2909259259259259,-2.363809226851852,2,"[-1.0, 0, 1]",0.0
-0.42638888888888893,0,-0.42638888888888893,0.29027777777777775,-2.352572774669924,2,"[-1.0, 0, 1]",0.0
-0.4244444444444445,0,-0.4244444444444445,0.2896296296296296,-2.341368680384088,2,"[-1.0, 0, 1]",0.0
-0.4225,0,-0.4225,0.28898148148148145,-2.3301968998842586,2,"[-1.0, 0, 1]",0.0
-0.42055555555555557,0,-0.42055555555555557,0.28833333333333333,-2.3190573890603567,2,"[-1.0, 0, 1]",0.0
-0.41861111111111116,0,-0.41861111111111116,0.28768518518518515,-2.3079501038022974,2,"[-1.0, 0, 1]",0.0
-0.41666666666666663,0,-0.41666666666666663,0.287037037037037,-2.296874999999999,2,"[-1.0, 0, 1]",0.0
-0.4147222222222222,0,-0.4147222222222222,0.28638888888888886,-2.285832033543381,2,"[-1.0, 0, 1]",0.0
-0.4127777777777778,0,-0.4127777777777778,0.28574074074074074,-2.2748211603223596,2,"[-1.0, 0, 1]",0.0
-0.4108333333333334,0,-0.4108333333333334,0.28509259259259256,-2.263842336226851,2,"[-1.0, 0, 1]",0.0
-0.40888888888888886,0,-0.40888888888888886,0.2844444444444444,-2.2528955171467757,2,"[-1.0, 0, 1]",0.0
-0.40694444444444444,0,-0.40694444444444444,0.28379629629629627,-2.24198065897205,2,"[-1.0, 0, 1]",0.0
-0.405,0,-0.405,0.28314814814814815,-2.2310977175925926,2,"[-1.0, 0, 1]",0.0
-0.4030555555555556,0,-0.4030555555555556,0.2825,-2.2202466488983195,2,"[-1.0, 0, 1]",0.0
-0.4011111111111111,0,-0.4011111111111111,0.2818518518518518,-2.2094274087791486,2,"[-1.0, 0, 1]",0.0
-0.39916666666666667,0,-0.39916666666666667,0.2812037037037037,-2.198639953125,2,"[-1.0, 0, 1]",0.0
-0.39722222222222225,0,-0.39722222222222225,0.28055555555555556,-2.187884237825789,2,"[-1.0, 0, 1]",0.0
-0.39527777777777784,0,-0.39527777777777784,0.2799074074074074,-2.1771602187714327,2,"[-1.0, 0, 1]",0.0
-0.3933333333333333,0,-0.3933333333333333,0.2792592592592592,-2.1664678518518508,2,"[-1.0, 0, 1]",0.0
-0.3913888888888889,0,-0.3913888888888889,0.2786111111111111,-2.155807092956961,2,"[-1.0, 0, 1]",0.0
-0.3894444444444445,0,-0.3894444444444445,0.27796296296296297,-2.145177897976681,2,"[-1.0, 0, 1]",0.0
-0.38750000000000007,0,-0.38750000000000007,0.2773148148148148,-2.1345802228009254,2,"[-1.0, 0, 1]",0.0
-0.38555555555555554,0,-0.38555555555555554,0.2766666666666666,-2.124014023319615,2,"[-1.0, 0, 1]",0.0
-0.3836111111111111,0,-0.3836111111111111,0.2760185185185185,-2.113479255422668,2,"[-1.0, 0, 1]",0.0
-0.3816666666666667,0,-0.3816666666666667,0.2753703703703704,-2.1029758750000003,2,"[-1.0, 0, 1]",0.0
-0.3797222222222223,0,-0.3797222222222223,0.2747222222222222,-2.0925038379415293,2,"[-1.0, 0, 1]",0.0
-0.37777777777777777,0,-0.37777777777777777,0.274074074074074,-2.0820631001371734,2,"[-1.0, 0, 1]",0.0
-0.37583333333333335,0,-0.37583333333333335,0.2734259259259259,-2.071653617476852,2,"[-1.0, 0, 1]",0.0
-0.37388888888888894,0,-0.37388888888888894,0.2727777777777778,-2.0612753458504804,2,"[-1.0, 0, 1]",0.0
-0.3719444444444444,0,-0.3719444444444444,0.2721296296296296,-2.050928241147976,2,"[-1.0, 0, 1]",0.0
-0.37,0,-0.37,0.27148148148148143,-2.040612259259259,2,"[-1.0, 0, 1]",0.0
-0.3680555555555556,0,-0.3680555555555556,0.2708333333333333,-2.0303273560742454,2,"[-1.0, 0, 1]",0.0
-0.36611111111111116,0,-0.36611111111111116,0.2701851851851852,-2.020073487482853,2,"[-1.0, 0, 1]",0.0
-0.36416666666666664,0,-0.36416666666666664,0.269537037037037,-2.0098506093749995,2,"[-1.0, 0, 1]",0.0
-0.3622222222222222,0,-0.3622222222222222,0.26888888888888884,-1.999658677640603,2,"[-1.0, 0, 1]",0.0
-0.3602777777777778,0,-0.3602777777777778,0.2682407407407407,-1.9894976481695816,2,"[-1.0, 0, 1]",0.0
-0.3583333333333334,0,-0.3583333333333334,0.2675925925925926,-1.9793674768518523,2,"[-1.0, 0, 1]",0.0
-0.35638888888888887,0,-0.35638888888888887,0.26694444444444443,-1.9692681195773316,2,"[-1.0, 0, 1]",0.0
-0.35444444444444445,0,-0.35444444444444445,0.26629629629629625,-1.9591995322359388,2,"[-1.0, 0, 1]",0.0
-0.35250000000000004,0,-0.35250000000000004,0.26564814814814813,-1.9491616707175923,2,"[-1.0, 0, 1]",0.0
-0.3505555555555556,0,-0.3505555555555556,0.265,-1.9391544909122087,2,"[-1.0, 0, 1]",0.0
-0.3486111111111111,0,-0.3486111111111111,0.26435185185185184,-1.9291779487097047,2,"[-1.0, 0, 1]",0.0
-0.3466666666666667,0,-0.3466666666666667,0.26370370370370366,-1.9192319999999996,2,"[-1.0, 0, 1]",0.0
-0.34472222222222226,0,-0.34472222222222226,0.26305555555555554,-1.909316600673011,2,"[-1.0, 0, 1]",0.0
-0.34277777777777785,0,-0.34277777777777785,0.2624074074074074,-1.899431706618656,2,"[-1.0, 0, 1]",0.0
-0.3408333333333333,0,-0.3408333333333333,0.26175925925925925,-1.8895772737268515,2,"[-1.0, 0, 1]",0.0
-0.3388888888888889,0,-0.3388888888888889,0.26111111111111107,-1.8797532578875167,2,"[-1.0, 0, 1]",0.0
-0.3369444444444445,0,-0.3369444444444445,0.26046296296296295,-1.869959614990569,2,"[-1.0, 0, 1]",0.0
-0.33499999999999996,0,-0.33499999999999996,0.2598148148148148,-1.8601963009259253,2,"[-1.0, 0, 1]",0.0
-0.33305555555555555,0,-0.33305555555555555,0.25916666666666666,-1.8504632715835043,2,"[-1.0, 0, 1]",0.0
-0.33111111111111113,0,-0.33111111111111113,0.2585185185185185,-1.840760482853223,2,"[-1.0, 0, 1]",0.0
-0.3291666666666667,0,-0.3291666666666667,0.25787037037037036,-1.8310878906249997,2,"[-1.0, 0, 1]",0.0
-0.3272222222222222,0,-0.3272222222222222,0.2572222222222222,-1.821445450788751,2,"[-1.0, 0, 1]",0.0
-0.3252777777777778,0,-0.3252777777777778,0.25657407407407407,-1.8118331192343962,2,"[-1.0, 0, 1]",0.0
-0.32333333333333336,0,-0.32333333333333336,0.2559259259259259,-1.8022508518518512,2,"[-1.0, 0, 1]",0.0
-0.32138888888888895,0,-0.32138888888888895,0.25527777777777777,-1.7926986045310356,2,"[-1.0, 0, 1]",0.0
-0.3194444444444444,0,-0.3194444444444444,0.2546296296296296,-1.7831763331618653,2,"[-1.0, 0, 1]",0.0
-0.3175,0,-0.3175,0.2539814814814815,-1.7736839936342592,2,"[-1.0, 0, 1]",0.0
-0.3155555555555556,0,-0.3155555555555556,0.2533333333333333,-1.7642215418381342,2,"[-1.0, 0, 1]",0.0
-0.3136111111111112,0,-0.3136111111111112,0.2526851851851852,-1.7547889336634086,2,"[-1.0, 0, 1]",0.0
-0.31166666666666665,0,-0.31166666666666665,0.252037037037037,-1.7453861249999998,2,"[-1.0, 0, 1]",0.0
-0.30972222222222223,0,-0.30972222222222223,0.2513888888888889,-1.7360130717378257,2,"[-1.0, 0, 1]",0.0
-0.3077777777777778,0,-0.3077777777777778,0.2507407407407407,-1.7266697297668032,2,"[-1.0, 0, 1]",0.0
-0.3058333333333334,0,-0.3058333333333334,0.2500925925925926,-1.7173560549768518,2,"[-1.0, 0, 1]",0.0
-0.3038888888888889,0,-0.3038888888888889,0.2494444444444444,-1.708072003257887,2,"[-1.0, 0, 1]",0.0
-0.30194444444444446,0,-0.30194444444444446,0.2487962962962963,-1.6988175304998285,2,"[-1.0, 0, 1]",0.0
-0.30000000000000004,0,-0.30000000000000004,0.24814814814814815,-1.6895925925925925,2,"[-1.0, 0, 1]",0.0
-0.29805555555555563,0,-0.29805555555555563,0.2475,-1.6803971454260973,2,"[-1.0, 0, 1]",0.0
-0.2961111111111111,0,-0.2961111111111111,0.24685185185185182,-1.6712311448902601,2,"[-1.0, 0, 1]",0.0
-0.2941666666666667,0,-0.2941666666666667,0.2462037037037037,-1.662094546875,2,"[-1.0, 0, 1]",0.0
-0.29222222222222227,0,-0.29222222222222227,0.24555555555555555,-1.652987307270233,2,"[-1.0, 0, 1]",0.0
-0.29027777777777775,0,-0.29027777777777775,0.24490740740740738,-1.6439093819658777,2,"[-1.0, 0, 1]",0.0
-0.28833333333333333,0,-0.28833333333333333,0.24425925925925923,-1.6348607268518514,2,"[-1.0, 0, 1]",0.0
-0.2863888888888889,0,-0.2863888888888889,0.2436111111111111,-1.6258412978180727,2,"[-1.0, 0, 1]",0.0
-0.2844444444444445,0,-0.2844444444444445,0.24296296296296296,-1.6168510507544582,2,"[-1.0, 0, 1]",0.0
-0.2825,0,-0.2825,0.2423148148148148,-1.6078899415509256,2,"[-1.0, 0, 1]",0.0
-0.28055555555555556,0,-0.28055555555555556,0.24166666666666664,-1.5989579260973932,2,"[-1.0, 0, 1]",0.0
-0.27861111111111114,0,-0.27861111111111114,0.24101851851851852,-1.5900549602837792,2,"[-1.0, 0, 1]",0.0
-0.2766666666666667,0,-0.2766666666666667,0.24037037037037037,-1.5811810000000002,2,"[-1.0, 0, 1]",0.0
-0.2747222222222222,0,-0.2747222222222222,0.2397222222222222,-1.5723360011359737,2,"[-1.0, 0, 1]",0.0
-0.2727777777777778,0,-0.2727777777777778,0.23907407407407405,-1.5635199195816185,2,"[-1.0, 0, 1]",0.0
-0.27083333333333337,0,-0.27083333333333337,0.23842592592592593,-1.5547327112268519,2,"[-1.0, 0, 1]",0.0
-0.26888888888888896,0,-0.26888888888888896,0.23777777777777778,-1.5459743319615913,2,"[-1.0, 0, 1]",0.0
-0.26694444444444443,0,-0.26694444444444443,0.2371296296296296,-1.5372447376757543,2,"[-1.0, 0, 1]",0.0
-0.265,0,-0.265,0.23648148148148146,-1.5285438842592591,2,"[-1.0, 0, 1]",0.0
-0.2630555555555556,0,-0.2630555555555556,0.23583333333333334,-1.5198717276020233,2,"[-1.0, 0, 1]",0.0
-0.2611111111111112,0,-0.2611111111111112,0.2351851851851852,-1.5112282235939642,2,"[-1.0, 0, 1]",0.0
-0.25916666666666666,0,-0.25916666666666666,0.23453703703703702,-1.5026133281249998,2,"[-1.0, 0, 1]",0.0
-0.25722222222222224,0,-0.25722222222222224,0.23388888888888887,-1.4940269970850477,2,"[-1.0, 0, 1]",0.0
-0.2552777777777778,0,-0.2552777777777778,0.23324074074074075,-1.4854691863640261,2,"[-1.0, 0, 1]",0.0
-0.2533333333333334,0,-0.2533333333333334,0.2325925925925926,-1.476939851851852,2,"[-1.0, 0, 1]",0.0
-0.2513888888888889,0,-0.2513888888888889,0.23194444444444443,-1.4684389494384427,2,"[-1.0, 0, 1]",0.0
-0.24944444444444447,0,-0.24944444444444447,0.23129629629629628,-1.4599664350137171,2,"[-1.0, 0, 1]",0.0
-0.24750000000000005,0,-0.24750000000000005,0.23064814814814816,-1.4515222644675927,2,"[-1.0, 0, 1]",0.0
-0.24555555555555553,0,-0.24555555555555553,0.22999999999999998,-1.443106393689986,2,"[-1.0, 0, 1]",0.0
-0.2436111111111111,0,-0.2436111111111111,0.22935185185185183,-1.434718778570816,2,"[-1.0, 0, 1]",0.0
-0.2416666666666667,0,-0.2416666666666667,0.2287037037037037,-1.4263593749999997,2,"[-1.0, 0, 1]",0.0
-0.23972222222222228,0,-0.23972222222222228,0.22805555555555557,-1.4180281388674556,2,"[-1.0, 0, 1]",0.0
-0.23777777777777775,0,-0.23777777777777775,0.2274074074074074,-1.4097250260631,2,"[-1.0, 0, 1]",0.0
-0.23583333333333334,0,-0.23583333333333334,0.22675925925925924,-1.4014499924768515,2,"[-1.0, 0, 1]",0.0
-0.23388888888888892,0,-0.23388888888888892,0.2261111111111111,-1.393202993998628,2,"[-1.0, 0, 1]",0.0
-0.2319444444444445,0,-0.2319444444444445,0.22546296296296298,-1.3849839865183473,2,"[-1.0, 0, 1]",0.0
-0.22999999999999998,0,-0.22999999999999998,0.2248148148148148,-1.376792925925926,2,"[-1.0, 0, 1]",0.0
-0.22805555555555557,0,-0.22805555555555557,0.22416666666666665,-1.3686297681112825,2,"[-1.0, 0, 1]",0.0
-0.22611111111111115,0,-0.22611111111111115,0.2235185185185185,-1.3604944689643346,2,"[-1.0, 0, 1]",0.0
-0.22416666666666674,0,-0.22416666666666674,0.22287037037037039,-1.3523869843750003,2,"[-1.0, 0, 1]",0.0
-0.2222222222222222,0,-0.2222222222222222,0.2222222222222222,-1.3443072702331962,2,"[-1.0, 0, 1]",0.0
-0.2202777777777778,0,-0.2202777777777778,0.22157407407407406,-1.3362552824288407,2,"[-1.0, 0, 1]",0.0
-0.21833333333333338,0,-0.21833333333333338,0.22092592592592591,-1.3282309768518517,2,"[-1.0, 0, 1]",0.0
-0.21638888888888896,0,-0.21638888888888896,0.2202777777777778,-1.3202343093921471,2,"[-1.0, 0, 1]",0.0
-0.21444444444444444,0,-0.21444444444444444,0.21962962962962962,-1.3122652359396434,2,"[-1.0, 0, 1]",0.0
-0.21250000000000002,0,-0.21250000000000002,0.21898148148148147,-1.3043237123842593,2,"[-1.0, 0, 1]",0.0
-0.2105555555555556,0,-0.2105555555555556,0.21833333333333332,-1.296409694615912,2,"[-1.0, 0, 1]",0.0
-0.20861111111111108,0,-0.20861111111111108,0.21768518518518515,-1.2885231385245195,2,"[-1.0, 0, 1]",0.0
-0.20666666666666667,0,-0.20666666666666667,0.21703703703703703,-1.280664,2,"[-1.0, 0, 1]",0.0
-0.20472222222222225,0,-0.20472222222222225,0.21638888888888888,-1.27283223493227,2,"[-1.0, 0, 1]",0.0
-0.20277777777777783,0,-0.20277777777777783,0.21574074074074073,-1.2650277992112482,2,"[-1.0, 0, 1]",0.0
-0.2008333333333333,0,-0.2008333333333333,0.21509259259259256,-1.2572506487268515,2,"[-1.0, 0, 1]",0.0
-0.1988888888888889,0,-0.1988888888888889,0.21444444444444444,-1.2495007393689987,2,"[-1.0, 0, 1]",0.0
-0.19694444444444448,0,-0.19694444444444448,0.2137962962962963,-1.2417780270276062,2,"[-1.0, 0, 1]",0.0
-0.19500000000000006,0,-0.19500000000000006,0.21314814814814814,-1.2340824675925925,2,"[-1.0, 0, 1]",0.0
-0.19305555555555554,0,-0.19305555555555554,0.21249999999999997,-1.2264140169538746,2,"[-1.0, 0, 1]",0.0
-0.19111111111111112,0,-0.19111111111111112,0.21185185185185185,-1.2187726310013718,2,"[-1.0, 0, 1]",0.0
-0.1891666666666667,0,-0.1891666666666667,0.2112037037037037,-1.211158265625,2,"[-1.0, 0, 1]",0.0
-0.1872222222222223,0,-0.1872222222222223,0.21055555555555555,-1.2035708767146776,2,"[-1.0, 0, 1]",0.0
-0.18527777777777776,0,-0.18527777777777776,0.20990740740740738,-1.196010420160322,2,"[-1.0, 0, 1]",0.0
-0.18333333333333335,0,-0.18333333333333335,0.20925925925925926,-1.1884768518518518,2,"[-1.0, 0, 1]",0.0
-0.18138888888888893,0,-0.18138888888888893,0.2086111111111111,-1.180970127679184,2,"[-1.0, 0, 1]",0.0
-0.17944444444444452,0,-0.17944444444444452,0.20796296296296296,-1.1734902035322359,2,"[-1.0, 0, 1]",0.0
-0.1775,0,-0.1775,0.20731481481481479,-1.1660370353009255,2,"[-1.0, 0, 1]",0.0
-0.17555555555555558,0,-0.17555555555555558,0.20666666666666667,-1.1586105788751715,2,"[-1.0, 0, 1]",0.0
-0.17361111111111116,0,-0.17361111111111116,0.20601851851851852,-1.1512107901448903,2,"[-1.0, 0, 1]",0.0
-0.17166666666666675,0,-0.17166666666666675,0.20537037037037037,-1.1438376250000002,2,"[-1.0, 0, 1]",0.0
-0.16972222222222222,0,-0.16972222222222222,0.2047222222222222,-1.1364910393304182,2,"[-1.0, 0, 1]",0.0
-0.1677777777777778,0,-0.1677777777777778,0.20407407407407407,-1.129170989026063,2,"[-1.0, 0, 1]",0.0
-0.1658333333333334,0,-0.1658333333333334,0.20342592592592593,-1.1218774299768517,2,"[-1.0, 0, 1]",0.0
-0.16388888888888886,0,-0.16388888888888886,0.20277777777777775,-1.114610318072702,2,"[-1.0, 0, 1]",0.0
-0.16194444444444445,0,-0.16194444444444445,0.2021296296296296,-1.107369609203532,2,"[-1.0, 0, 1]",0.0
-0.16000000000000003,0,-0.16000000000000003,0.20148148148148148,-1.1001552592592594,2,"[-1.0, 0, 1]",0.0
-0.15805555555555562,0,-0.15805555555555562,0.20083333333333334,-1.0929672241298012,2,"[-1.0, 0, 1]",0.0
-0.1561111111111111,0,-0.1561111111111111,0.20018518518518516,-1.0858054597050752,2,"[-1.0, 0, 1]",0.0
-0.15416666666666667,0,-0.15416666666666667,0.199537037037037,-1.0786699218749995,2,"[-1.0, 0, 1]",0.0
-0.15222222222222226,0,-0.15222222222222226,0.1988888888888889,-1.0715605665294925,2,"[-1.0, 0, 1]",0.0
-0.15027777777777784,0,-0.15027777777777784,0.19824074074074075,-1.0644773495584705,2,"[-1.0, 0, 1]",0.0
-0.14833333333333332,0,-0.14833333333333332,0.19759259259259257,-1.0574202268518516,2,"[-1.0, 0, 1]",0.0
-0.1463888888888889,0,-0.1463888888888889,0.19694444444444442,-1.050389154299554,2,"[-1.0, 0, 1]",0.0
-0.1444444444444445,0,-0.1444444444444445,0.1962962962962963,-1.0433840877914953,2,"[-1.0, 0, 1]",0.0
-0.14250000000000007,0,-0.14250000000000007,0.19564814814814815,-1.0364049832175926,2,"[-1.0, 0, 1]",0.0
-0.14055555555555554,0,-0.14055555555555554,0.19499999999999998,-1.0294517964677639,2,"[-1.0, 0, 1]",0.0
-0.13861111111111113,0,-0.13861111111111113,0.19435185185185183,-1.0225244834319271,2,"[-1.0, 0, 1]",0.0
-0.13666666666666671,0,-0.13666666666666671,0.1937037037037037,-1.0156230000000002,2,"[-1.0, 0, 1]",0.0
-0.1347222222222223,0,-0.1347222222222223,0.19305555555555556,-1.0087473020619,2,"[-1.0, 0, 1]",0.0
-0.13277777777777777,0,-0.13277777777777777,0.1924074074074074,-1.0018973455075444,2,"[-1.0, 0, 1]",0.0
-0.13083333333333336,0,-0.13083333333333336,0.19175925925925924,-0.9950730862268516,2,"[-1.0, 0, 1]",0.0
-0.12888888888888894,0,-0.12888888888888894,0.19111111111111112,-0.9882744801097396,2,"[-1.0, 0, 1]",0.0
-0.12694444444444442,0,-0.12694444444444442,0.19046296296296295,-0.9815014830461246,2,"[-1.0, 0, 1]",0.0
-0.125,0,-0.125,0.1898148148148148,-0.9747540509259258,2,"[-1.0, 0, 1]",0.0
-0.12305555555555558,0,-0.12305555555555558,0.18916666666666665,-0.9680321396390602,2,"[-1.0, 0, 1]",0.0
-0.12111111111111117,0,-0.12111111111111117,0.18851851851851853,-0.9613357050754459,2,"[-1.0, 0, 1]",0.0
-0.11916666666666664,0,-0.11916666666666664,0.18787037037037035,-0.9546647031249998,2,"[-1.0, 0, 1]",0.0
-0.11722222222222223,0,-0.11722222222222223,0.1872222222222222,-0.9480190896776404,2,"[-1.0, 0, 1]",0.0
-0.11527777777777781,0,-0.11527777777777781,0.18657407407407406,-0.9413988206232853,2,"[-1.0, 0, 1]",0.0
-0.1133333333333334,0,-0.1133333333333334,0.18592592592592594,-0.934803851851852,2,"[-1.0, 0, 1]",0.0
-0.11138888888888887,0,-0.11138888888888887,0.18527777777777776,-0.9282341392532577,2,"[-1.0, 0, 1]",0.0
-0.10944444444444446,0,-0.10944444444444446,0.18462962962962962,-0.9216896387174209,2,"[-1.0, 0, 1]",0.0
-0.10750000000000004,0,-0.10750000000000004,0.18398148148148147,-0.9151703061342592,2,"[-1.0, 0, 1]",0.0
-0.10555555555555562,0,-0.10555555555555562,0.18333333333333335,-0.9086760973936902,2,"[-1.0, 0, 1]",0.0
-0.1036111111111111,0,-0.1036111111111111,0.18268518518518517,-0.9022069683856309,2,"[-1.0, 0, 1]",0.0
-0.10166666666666668,0,-0.10166666666666668,0.18203703703703702,-0.895762875,2,"[-1.0, 0, 1]",0.0
-0.09972222222222227,0,-0.09972222222222227,0.18138888888888888,-0.8893437731267146,2,"[-1.0, 0, 1]",0.0
-0.09777777777777785,0,-0.09777777777777785,0.18074074074074076,-0.8829496186556929,2,"[-1.0, 0, 1]",0.0
-0.09583333333333333,0,-0.09583333333333333,0.18009259259259258,-0.8765803674768519,2,"[-1.0, 0, 1]",0.0
-0.09388888888888891,0,-0.09388888888888891,0.17944444444444443,-0.8702359754801097,2,"[-1.0, 0, 1]",0.0
-0.0919444444444445,0,-0.0919444444444445,0.17879629629629631,-0.8639163985553842,2,"[-1.0, 0, 1]",0.0
-0.09000000000000008,0,-0.09000000000000008,0.17814814814814817,-0.8576215925925929,2,"[-1.0, 0, 1]",0.0
-0.08805555555555555,0,-0.08805555555555555,0.1775,-0.8513515134816529,2,"[-1.0, 0, 1]",0.0
-0.08611111111111114,0,-0.08611111111111114,0.17685185185185184,-0.8451061171124827,2,"[-1.0, 0, 1]",0.0
-0.08416666666666672,0,-0.08416666666666672,0.17620370370370372,-0.8388853593750003,2,"[-1.0, 0, 1]",0.0
-0.0822222222222222,0,-0.0822222222222222,0.17555555555555555,-0.8326891961591221,2,"[-1.0, 0, 1]",0.0
-0.08027777777777778,0,-0.08027777777777778,0.1749074074074074,-0.8265175833547667,2,"[-1.0, 0, 1]",0.0
-0.07833333333333337,0,-0.07833333333333337,0.17425925925925925,-0.8203704768518518,2,"[-1.0, 0, 1]",0.0
-0.07638888888888895,0,-0.07638888888888895,0.17361111111111113,-0.8142478325402952,2,"[-1.0, 0, 1]",0.0
-0.07444444444444442,0,-0.07444444444444442,0.17296296296296296,-0.8081496063100138,2,"[-1.0, 0, 1]",0.0
-0.07250000000000001,0,-0.07250000000000001,0.1723148148148148,-0.8020757540509258,2,"[-1.0, 0, 1]",0.0
-0.0705555555555556,0,-0.0705555555555556,0.17166666666666666,-0.7960262316529493,2,"[-1.0, 0, 1]",0.0
-0.06861111111111118,0,-0.06861111111111118,0.17101851851851854,-0.7900009950060017,2,"[-1.0, 0, 1]",0.0
-0.06666666666666665,0,-0.06666666666666665,0.17037037037037037,-0.784,2,"[-1.0, 0, 1]",0.0
-0.06472222222222224,0,-0.06472222222222224,0.16972222222222222,-0.7780232025248627,2,"[-1.0, 0, 1]",0.0
-0.06277777777777782,0,-0.06277777777777782,0.16907407407407407,-0.7720705584705075,2,"[-1.0, 0, 1]",0.0
-0.060833333333333406,0,-0.060833333333333406,0.16842592592592595,-0.766142023726852,2,"[-1.0, 0, 1]",0.0
-0.05888888888888888,0,-0.05888888888888888,0.16777777777777778,-0.7602375541838134,2,"[-1.0, 0, 1]",0.0
-0.056944444444444464,0,-0.056944444444444464,0.16712962962962963,-0.75435710573131,2,"[-1.0, 0, 1]",0.0
-0.05500000000000005,0,-0.05500000000000005,0.16648148148148148,-0.7485006342592593,2,"[-1.0, 0, 1]",0.0
-0.053055555555555634,0,-0.053055555555555634,0.16583333333333336,-0.7426680956575791,2,"[-1.0, 0, 1]",0.0
-0.05111111111111111,0,-0.05111111111111111,0.16518518518518518,-0.7368594458161866,2,"[-1.0, 0, 1]",0.0
-0.04916666666666669,0,-0.04916666666666669,0.16453703703703704,-0.7310746406249999,2,"[-1.0, 0, 1]",0.0
-0.047222222222222276,0,-0.047222222222222276,0.1638888888888889,-0.7253136359739369,2,"[-1.0, 0, 1]",0.0
-0.04527777777777775,0,-0.04527777777777775,0.16324074074074071,-0.7195763877529147,2,"[-1.0, 0, 1]",0.0
-0.043333333333333335,0,-0.043333333333333335,0.1625925925925926,-0.7138628518518518,2,"[-1.0, 0, 1]",0.0
-0.04138888888888892,0,-0.04138888888888892,0.16194444444444445,-0.7081729841606653,2,"[-1.0, 0, 1]",0.0
-0.039444444444444504,0,-0.039444444444444504,0.1612962962962963,-0.702506740569273,2,"[-1.0, 0, 1]",0.0
-0.03749999999999998,0,-0.03749999999999998,0.16064814814814812,-0.6968640769675923,2,"[-1.0, 0, 1]",0.0
-0.03555555555555556,0,-0.03555555555555556,0.16,-0.6912449492455419,2,"[-1.0, 0, 1]",0.0
-0.03361111111111115,0,-0.03361111111111115,0.15935185185185186,-0.6856493132930386,2,"[-1.0, 0, 1]",0.0
-0.03166666666666673,0,-0.03166666666666673,0.1587037037037037,-0.6800771250000001,2,"[-1.0, 0, 1]",0.0
-0.029722222222222205,0,-0.029722222222222205,0.15805555555555553,-0.674528340256344,2,"[-1.0, 0, 1]",0.0
-0.02777777777777779,0,-0.02777777777777779,0.1574074074074074,-0.669002914951989,2,"[-1.0, 0, 1]",0.0
-0.025833333333333375,0,-0.025833333333333375,0.15675925925925926,-0.6635008049768519,2,"[-1.0, 0, 1]",0.0
-0.02388888888888896,0,-0.02388888888888896,0.15611111111111112,-0.6580219662208504,2,"[-1.0, 0, 1]",0.0
-0.021944444444444433,0,-0.021944444444444433,0.15546296296296294,-0.6525663545739024,2,"[-1.0, 0, 1]",0.0
-0.020000000000000018,0,-0.020000000000000018,0.15481481481481482,-0.647133925925926,2,"[-1.0, 0, 1]",0.0
-0.018055555555555602,0,-0.018055555555555602,0.15416666666666667,-0.6417246361668383,2,"[-1.0, 0, 1]",0.0
-0.016111111111111187,0,-0.016111111111111187,0.15351851851851853,-0.636338441186557,2,"[-1.0, 0, 1]",0.0
-0.01416666666666666,0,-0.01416666666666666,0.15287037037037035,-0.6309752968749999,2,"[-1.0, 0, 1]",0.0
-0.012222222222222245,0,-0.012222222222222245,0.15222222222222223,-0.6256351591220851,2,"[-1.0, 0, 1]",0.0
-0.01027777777777783,0,-0.01027777777777783,0.15157407407407408,-0.6203179838177297,2,"[-1.0, 0, 1]",0.0
-0.008333333333333415,0,-0.008333333333333415,0.15092592592592594,-0.615023726851852,2,"[-1.0, 0, 1]",0.0
-0.006388888888888888,0,-0.006388888888888888,0.15027777777777776,-0.6097523441143688,2,"[-1.0, 0, 1]",0.0
-0.004444444444444473,0,-0.004444444444444473,0.14962962962962964,-0.604503791495199,2,"[-1.0, 0, 1]",0.0
-0.0025000000000000577,0,-0.0025000000000000577,0.1489814814814815,-0.5992780248842593,2,"[-1.0, 0, 1]",0.0
-0.0005555555555555314,0,-0.0005555555555555314,0.14833333333333332,-0.5940750001714676,2,"[-1.0, 0, 1]",0.0
0.001388888888888884,0,0.001388888888888884,0.14768518518518517,-0.588894673246742,2,"[-1.0, 0, 1]",0.0
0.0033333333333334103,0,0.0033333333333334103,0.147037037037037,-0.5837369999999997,2,"[-1.0, 0, 1]",0.0
0.005277777777777715,0,0.005277777777777715,0.1463888888888889,-0.5786019363211592,2,"[-1.0, 0, 1]",0.0
0.007222222222222241,0,0.007222222222222241,0.14574074074074073,-0.573489438100137,2,"[-1.0, 0, 1]",0.0
0.009166666666666545,0,0.009166666666666545,0.14509259259259263,-0.5683994612268521,2,"[-1.0, 0, 1]",0.0
0.011111111111111072,0,0.011111111111111072,0.14444444444444446,-0.563331961591221,2,"[-1.0, 0, 1]",0.0
0.013055555555555598,0,0.013055555555555598,0.14379629629629628,-0.5582868950831618,2,"[-1.0, 0, 1]",0.0
0.014999999999999902,0,0.014999999999999902,0.14314814814814816,-0.5532642175925927,2,"[-1.0, 0, 1]",0.0
0.01694444444444443,0,0.01694444444444443,0.1425,-0.5482638850094307,2,"[-1.0, 0, 1]",0.0
0.018888888888888955,0,0.018888888888888955,0.1418518518518518,-0.5432858532235937,2,"[-1.0, 0, 1]",0.0
0.02083333333333326,0,0.02083333333333326,0.14120370370370372,-0.5383300781250001,2,"[-1.0, 0, 1]",0.0
0.022777777777777786,0,0.022777777777777786,0.14055555555555554,-0.5333965156035665,2,"[-1.0, 0, 1]",0.0
0.02472222222222209,0,0.02472222222222209,0.13990740740740745,-0.5284851215492115,2,"[-1.0, 0, 1]",0.0
0.026666666666666616,0,0.026666666666666616,0.13925925925925928,-0.523595851851852,2,"[-1.0, 0, 1]",0.0
0.028611111111111143,0,0.028611111111111143,0.1386111111111111,-0.5187286624014059,2,"[-1.0, 0, 1]",0.0
0.030555555555555447,0,0.030555555555555447,0.13796296296296298,-0.5138835090877917,2,"[-1.0, 0, 1]",0.0
0.03249999999999997,0,0.03249999999999997,0.1373148148148148,-0.5090603478009258,2,"[-1.0, 0, 1]",0.0
0.0344444444444445,0,0.0344444444444445,0.13666666666666663,-0.5042591344307268,2,"[-1.0, 0, 1]",0.0
0.036388888888888804,0,0.036388888888888804,0.13601851851851854,-0.4994798248671127,2,"[-1.0, 0, 1]",0.0
0.03833333333333333,0,0.03833333333333333,0.13537037037037036,-0.494722375,2,"[-1.0, 0, 1]",0.0
0.04027777777777786,0,0.04027777777777786,0.1347222222222222,-0.489986740719307,2,"[-1.0, 0, 1]",0.0
0.04222222222222216,0,0.04222222222222216,0.1340740740740741,-0.4852728779149521,2,"[-1.0, 0, 1]",0.0
0.04416666666666669,0,0.04416666666666669,0.13342592592592592,-0.4805807424768519,2,"[-1.0, 0, 1]",0.0
0.04611111111111099,0,0.04611111111111099,0.1327777777777778,-0.4759102902949247,2,"[-1.0, 0, 1]",0.0
0.04805555555555552,0,0.04805555555555552,0.13212962962962962,-0.4712614772590878,2,"[-1.0, 0, 1]",0.0
0.050000000000000044,0,0.050000000000000044,0.13148148148148145,-0.466634259259259,2,"[-1.0, 0, 1]",0.0
0.05194444444444435,0,0.05194444444444435,0.13083333333333336,-0.46202859218535686,2,"[-1.0, 0, 1]",0.0
0.053888888888888875,0,0.053888888888888875,0.13018518518518518,-0.45744443192729767,2,"[-1.0, 0, 1]",0.0
0.0558333333333334,0,0.0558333333333334,0.129537037037037,-0.45288173437499984,2,"[-1.0, 0, 1]",0.0
0.057777777777777706,0,0.057777777777777706,0.12888888888888891,-0.44834045541838147,2,"[-1.0, 0, 1]",0.0
0.05972222222222223,0,0.05972222222222223,0.12824074074074074,-0.4438205509473594,2,"[-1.0, 0, 1]",0.0
0.061666666666666536,0,0.061666666666666536,0.12759259259259262,-0.439321976851852,2,"[-1.0, 0, 1]",0.0
0.06361111111111106,0,0.06361111111111106,0.12694444444444444,-0.4348446890217764,2,"[-1.0, 0, 1]",0.0
0.06555555555555559,0,0.06555555555555559,0.12629629629629627,-0.4303886433470505,2,"[-1.0, 0, 1]",0.0
0.0674999999999999,0,0.0674999999999999,0.12564814814814818,-0.4259537957175928,2,"[-1.0, 0, 1]",0.0
0.06944444444444442,0,0.06944444444444442,0.125,-0.4215401020233196,2,"[-1.0, 0, 1]",0.0
0.07138888888888895,0,0.07138888888888895,0.12435185185185182,-0.41714751815414935,2,"[-1.0, 0, 1]",0.0
0.07333333333333325,0,0.07333333333333325,0.12370370370370373,-0.4127760000000002,2,"[-1.0, 0, 1]",0.0
0.07527777777777778,0,0.07527777777777778,0.12305555555555556,-0.40842550345078876,2,"[-1.0, 0, 1]",0.0
0.07722222222222208,0,0.07722222222222208,0.12240740740740745,-0.40409598439643374,2,"[-1.0, 0, 1]",0.0
0.07916666666666661,0,0.07916666666666661,0.12175925925925928,-0.399787398726852,2,"[-1.0, 0, 1]",0.0
0.08111111111111113,0,0.08111111111111113,0.1211111111111111,-0.3954997023319615,2,"[-1.0, 0, 1]",0.0
0.08305555555555544,0,0.08305555555555544,0.120462962962963,-0.39123285110168055,2,"[-1.0, 0, 1]",0.0
0.08499999999999996,0,0.08499999999999996,0.11981481481481482,-0.38698680092592597,2,"[-1.0, 0, 1]",0.0
0.08694444444444449,0,0.08694444444444449,0.11916666666666664,-0.38276150769461575,2,"[-1.0, 0, 1]",0.0
0.0888888888888888,0,0.0888888888888888,0.11851851851851855,-0.37855692729766827,2,"[-1.0, 0, 1]",0.0
0.09083333333333332,0,0.09083333333333332,0.11787037037037038,-0.374373015625,2,"[-1.0, 0, 1]",0.0
0.09277777777777785,0,0.09277777777777785,0.1172222222222222,-0.3702097285665294,2,"[-1.0, 0, 1]",0.0
0.09472222222222215,0,0.09472222222222215,0.1165740740740741,-0.36606702201217434,2,"[-1.0, 0, 1]",0.0
0.09666666666666668,0,0.09666666666666668,0.11592592592592592,-0.36194485185185177,2,"[-1.0, 0, 1]",0.0
0.09861111111111098,0,0.09861111111111098,0.11527777777777781,-0.3578431739754804,2,"[-1.0, 0, 1]",0.0
0.10055555555555551,0,0.10055555555555551,0.11462962962962964,-0.3537619442729767,2,"[-1.0, 0, 1]",0.0
0.10250000000000004,0,0.10250000000000004,0.11398148148148146,-0.3497011186342591,2,"[-1.0, 0, 1]",0.0
0.10444444444444434,0,0.10444444444444434,0.11333333333333337,-0.34566065294924575,2,"[-1.0, 0, 1]",0.0
0.10638888888888887,0,0.10638888888888887,0.1126851851851852,-0.3416405031078532,2,"[-1.0, 0, 1]",0.0
0.10833333333333339,0,0.10833333333333339,0.11203703703703702,-0.3376406249999999,2,"[-1.0, 0, 1]",0.0
0.1102777777777777,0,0.1102777777777777,0.11138888888888891,-0.3336609745156037,2,"[-1.0, 0, 1]",0.0
0.11222222222222222,0,0.11222222222222222,0.11074074074074074,-0.3297015075445816,2,"[-1.0, 0, 1]",0.0
0.11416666666666653,0,0.11416666666666653,0.11009259259259263,-0.3257621799768521,2,"[-1.0, 0, 1]",0.0
0.11611111111111105,0,0.11611111111111105,0.10944444444444446,-0.321842947702332,2,"[-1.0, 0, 1]",0.0
0.11805555555555558,0,0.11805555555555558,0.10879629629629628,-0.3179437666109396,2,"[-1.0, 0, 1]",0.0
0.11999999999999988,0,0.11999999999999988,0.10814814814814819,-0.31406459259259284,2,"[-1.0, 0, 1]",0.0
0.12194444444444441,0,0.12194444444444441,0.10750000000000001,-0.31020538153720856,2,"[-1.0, 0, 1]",0.0
0.12388888888888894,0,0.12388888888888894,0.10685185185185184,-0.306366089334705,2,"[-1.0, 0, 1]",0.0
0.12583333333333324,0,0.12583333333333324,0.10620370370370373,-0.3025466718750002,2,"[-1.0, 0, 1]",0.0
0.12777777777777777,0,0.12777777777777777,0.10555555555555556,-0.298747085048011,2,"[-1.0, 0, 1]",0.0
0.1297222222222223,0,0.1297222222222223,0.10490740740740738,-0.29496728474365547,2,"[-1.0, 0, 1]",0.0
0.1316666666666666,0,0.1316666666666666,0.10425925925925927,-0.29120722685185196,2,"[-1.0, 0, 1]",0.0
0.13361111111111112,0,0.13361111111111112,0.1036111111111111,-0.2874668672625171,2,"[-1.0, 0, 1]",0.0
0.13555555555555543,0,0.13555555555555543,0.102962962962963,-0.28374616186556956,2,"[-1.0, 0, 1]",0.0
0.13749999999999996,0,0.13749999999999996,0.10231481481481483,-0.28004506655092604,2,"[-1.0, 0, 1]",0.0
0.13944444444444448,0,0.13944444444444448,0.10166666666666666,-0.2763635372085047,2,"[-1.0, 0, 1]",0.0
0.1413888888888888,0,0.1413888888888888,0.10101851851851855,-0.2727015297282238,2,"[-1.0, 0, 1]",0.0
0.1433333333333333,0,0.1433333333333333,0.10037037037037037,-0.269059,2,"[-1.0, 0, 1]",0.0
0.14527777777777784,0,0.14527777777777784,0.0997222222222222,-0.26543590391375155,2,"[-1.0, 0, 1]",0.0
0.14722222222222214,0,0.14722222222222214,0.09907407407407409,-0.2618321973593965,2,"[-1.0, 0, 1]",0.0
0.14916666666666667,0,0.14916666666666667,0.09842592592592592,-0.2582478362268518,2,"[-1.0, 0, 1]",0.0
0.15111111111111097,0,0.15111111111111097,0.09777777777777782,-0.2546827764060359,2,"[-1.0, 0, 1]",0.0
0.1530555555555555,0,0.1530555555555555,0.09712962962962965,-0.25113697378686567,2,"[-1.0, 0, 1]",0.0
0.15500000000000003,0,0.15500000000000003,0.09648148148148147,-0.24761038425925921,2,"[-1.0, 0, 1]",0.0
0.15694444444444433,0,0.15694444444444433,0.09583333333333337,-0.2441029637131346,2,"[-1.0, 0, 1]",0.0
0.15888888888888886,0,0.15888888888888886,0.09518518518518519,-0.24061466803840884,2,"[-1.0, 0, 1]",0.0
0.16083333333333338,0,0.16083333333333338,0.09453703703703702,-0.23714545312499988,2,"[-1.0, 0, 1]",0.0
0.1627777777777777,0,0.1627777777777777,0.09388888888888891,-0.2336952748628259,2,"[-1.0, 0, 1]",0.0
0.16472222222222221,0,0.16472222222222221,0.09324074074074074,-0.2302640891418038,2,"[-1.0, 0, 1]",0.0
0.16666666666666674,0,0.16666666666666674,0.09259259259259256,-0.22685185185185167,2,"[-1.0, 0, 1]",0.0
0.16861111111111104,0,0.16861111111111104,0.09194444444444447,-0.22345851888288765,2,"[-1.0, 0, 1]",0.0
0.17055555555555557,0,0.17055555555555557,0.09129629629629629,-0.22008404612482851,2,"[-1.0, 0, 1]",0.0
0.17249999999999988,0,0.17249999999999988,0.09064814814814819,-0.2167283894675928,2,"[-1.0, 0, 1]",0.0
0.1744444444444444,0,0.1744444444444444,0.09000000000000001,-0.21339150480109742,2,"[-1.0, 0, 1]",0.0
0.17638888888888893,0,0.17638888888888893,0.08935185185185184,-0.21007334801526056,2,"[-1.0, 0, 1]",0.0
0.17833333333333323,0,0.17833333333333323,0.08870370370370373,-0.2067738750000001,2,"[-1.0, 0, 1]",0.0
0.18027777777777776,0,0.18027777777777776,0.08805555555555555,-0.20349304164523319,2,"[-1.0, 0, 1]",0.0
0.18222222222222229,0,0.18222222222222229,0.08740740740740738,-0.20023080384087777,2,"[-1.0, 0, 1]",0.0
0.1841666666666666,0,0.1841666666666666,0.08675925925925929,-0.196987117476852,2,"[-1.0, 0, 1]",0.0
0.18611111111111112,0,0.18611111111111112,0.08611111111111111,-0.19376193844307268,2,"[-1.0, 0, 1]",0.0
0.18805555555555542,0,0.18805555555555542,0.085462962962963,-0.19055522262945837,2,"[-1.0, 0, 1]",0.0
0.18999999999999995,0,0.18999999999999995,0.08481481481481483,-0.18736692592592596,2,"[-1.0, 0, 1]",0.0
0.19194444444444447,0,0.19194444444444447,0.08416666666666665,-0.18419700422239366,2,"[-1.0, 0, 1]",0.0
0.19388888888888878,0,0.19388888888888878,0.08351851851851855,-0.1810454134087793,2,"[-1.0, 0, 1]",0.0
0.1958333333333333,0,0.1958333333333333,0.08287037037037037,-0.17791210937500002,2,"[-1.0, 0, 1]",0.0
0.19777777777777783,0,0.19777777777777783,0.0822222222222222,-0.17479704801097382,2,"[-1.0, 0, 1]",0.0
0.19972222222222213,0,0.19972222222222213,0.0815740740740741,-0.1717001852066188,2,"[-1.0, 0, 1]",0.0
0.20166666666666666,0,0.20166666666666666,0.08092592592592593,-0.16862147685185186,2,"[-1.0, 0, 1]",0.0
0.2036111111111112,0,0.2036111111111112,0.08027777777777775,-0.1655608788365911,2,"[-1.0, 0, 1]",0.0
0.2055555555555555,0,0.2055555555555555,0.07962962962962965,-0.16251834705075455,2,"[-1.0, 0, 1]",0.0
0.20750000000000002,0,0.20750000000000002,0.07898148148148147,-0.1594938373842592,2,"[-1.0, 0, 1]",0.0
0.20944444444444432,0,0.20944444444444432,0.07833333333333337,-0.1564873057270235,2,"[-1.0, 0, 1]",0.0
0.21138888888888885,0,0.21138888888888885,0.07768518518518519,-0.15349870796896434,2,"[-1.0, 0, 1]",0.0
0.21333333333333337,0,0.21333333333333337,0.07703703703703701,-0.1505279999999999,2,"[-1.0, 0, 1]",0.0
0.21527777777777768,0,0.21527777777777768,0.07638888888888892,-0.14757513771004818,2,"[-1.0, 0, 1]",0.0
0.2172222222222222,0,0.2172222222222222,0.07574074074074075,-0.1446400769890261,2,"[-1.0, 0, 1]",0.0
0.21916666666666673,0,0.21916666666666673,0.07509259259259257,-0.14172277372685177,2,"[-1.0, 0, 1]",0.0
0.22111111111111104,0,0.22111111111111104,0.07444444444444447,-0.13882318381344316,2,"[-1.0, 0, 1]",0.0
0.22305555555555556,0,0.22305555555555556,0.07379629629629629,-0.1359412631387174,2,"[-1.0, 0, 1]",0.0
0.22499999999999987,0,0.22499999999999987,0.07314814814814818,-0.13307696759259274,2,"[-1.0, 0, 1]",0.0
0.2269444444444444,0,0.2269444444444444,0.07250000000000001,-0.13023025306498634,2,"[-1.0, 0, 1]",0.0
0.22888888888888892,0,0.22888888888888892,0.07185185185185183,-0.12740107544581614,2,"[-1.0, 0, 1]",0.0
0.23083333333333322,0,0.23083333333333322,0.07120370370370374,-0.12458939062500016,2,"[-1.0, 0, 1]",0.0
0.23277777777777775,0,0.23277777777777775,0.07055555555555557,-0.12179515449245547,2,"[-1.0, 0, 1]",0.0
0.23472222222222228,0,0.23472222222222228,0.06990740740740739,-0.11901832293810005,2,"[-1.0, 0, 1]",0.0
0.23666666666666658,0,0.23666666666666658,0.06925925925925928,-0.11625885185185197,2,"[-1.0, 0, 1]",0.0
0.2386111111111111,0,0.2386111111111111,0.06861111111111111,-0.11351669712362826,2,"[-1.0, 0, 1]",0.0
0.2405555555555554,0,0.2405555555555554,0.067962962962963,-0.11079181464334723,2,"[-1.0, 0, 1]",0.0
0.24249999999999994,0,0.24249999999999994,0.06731481481481483,-0.10808416030092599,2,"[-1.0, 0, 1]",0.0
0.24444444444444446,0,0.24444444444444446,0.06666666666666665,-0.10539368998628253,2,"[-1.0, 0, 1]",0.0
0.24638888888888877,0,0.24638888888888877,0.06601851851851856,-0.10272035958933486,2,"[-1.0, 0, 1]",0.0
0.2483333333333333,0,0.2483333333333333,0.06537037037037038,-0.10006412500000006,2,"[-1.0, 0, 1]",0.0
0.2502777777777778,0,0.2502777777777778,0.06472222222222221,-0.09742494210819612,2,"[-1.0, 0, 1]",0.0
0.2522222222222221,0,0.2522222222222221,0.0640740740740741,-0.094802766803841,2,"[-1.0, 0, 1]",0.0
0.25416666666666665,0,0.25416666666666665,0.06342592592592593,-0.09219755497685186,2,"[-1.0, 0, 1]",0.0
0.2561111111111112,0,0.2561111111111112,0.06277777777777775,-0.08960926251714665,2,"[-1.0, 0, 1]",0.0
0.2580555555555555,0,0.2580555555555555,0.062129629629629646,-0.08703784531464341,2,"[-1.0, 0, 1]",0.0
0.26,0,0.26,0.06148148148148147,-0.08448325925925923,2,"[-1.0, 0, 1]",0.0
0.2619444444444443,0,0.2619444444444443,0.06083333333333338,-0.08194546024091239,2,"[-1.0, 0, 1]",0.0
0.26388888888888884,0,0.26388888888888884,0.0601851851851852,-0.07942440414951996,2,"[-1.0, 0, 1]",0.0
0.26583333333333337,0,0.26583333333333337,0.05953703703703703,-0.07692004687499997,2,"[-1.0, 0, 1]",0.0
0.26777777777777767,0,0.26777777777777767,0.05888888888888892,-0.07443234430727036,2,"[-1.0, 0, 1]",0.0
0.2697222222222222,0,0.2697222222222222,0.058240740740740746,-0.07196125233624831,2,"[-1.0, 0, 1]",0.0
0.2716666666666667,0,0.2716666666666667,0.05759259259259257,-0.06950672685185177,2,"[-1.0, 0, 1]",0.0
0.273611111111111,0,0.273611111111111,0.056944444444444464,-0.0670687237439987,2,"[-1.0, 0, 1]",0.0
0.27555555555555555,0,0.27555555555555555,0.05629629629629629,-0.06464719890260628,2,"[-1.0, 0, 1]",0.0
0.27749999999999986,0,0.27749999999999986,0.0556481481481482,-0.06224210821759278,2,"[-1.0, 0, 1]",0.0
0.2794444444444444,0,0.2794444444444444,0.05500000000000002,-0.05985340757887525,2,"[-1.0, 0, 1]",0.0
0.2813888888888889,0,0.2813888888888889,0.054351851851851846,-0.05748105287637173,2,"[-1.0, 0, 1]",0.0
0.2833333333333332,0,0.2833333333333332,0.05370370370370374,-0.05512500000000013,2,"[-1.0, 0, 1]",0.0
0.28527777777777774,0,0.28527777777777774,0.053055555555555564,-0.05278520483967768,2,"[-1.0, 0, 1]",0.0
0.28722222222222227,0,0.28722222222222227,0.05240740740740739,-0.05046162328532229,2,"[-1.0, 0, 1]",0.0
0.28916666666666657,0,0.28916666666666657,0.05175925925925928,-0.04815421122685193,2,"[-1.0, 0, 1]",0.0
0.2911111111111111,0,0.2911111111111111,0.05111111111111111,-0.04586292455418381,2,"[-1.0, 0, 1]",0.0
0.2930555555555556,0,0.2930555555555556,0.05046296296296293,-0.043587719157235826,2,"[-1.0, 0, 1]",0.0
0.29499999999999993,0,0.29499999999999993,0.04981481481481484,-0.04132855092592601,2,"[-1.0, 0, 1]",0.0
0.29694444444444446,0,0.29694444444444446,0.049166666666666664,-0.039085375750171465,2,"[-1.0, 0, 1]",0.0
0.29888888888888876,0,0.29888888888888876,0.04851851851851856,-0.03685814951989041,2,"[-1.0, 0, 1]",0.0
0.3008333333333333,0,0.3008333333333333,0.04787037037037038,-0.034646828125000036,2,"[-1.0, 0, 1]",0.0
0.3027777777777778,0,0.3027777777777778,0.04722222222222221,-0.03245136745541834,2,"[-1.0, 0, 1]",0.0
0.3047222222222221,0,0.3047222222222221,0.0465740740740741,-0.030271723401063197,2,"[-1.0, 0, 1]",0.0
0.30666666666666664,0,0.30666666666666664,0.045925925925925926,-0.02810785185185186,2,"[-1.0, 0, 1]",0.0
0.30861111111111117,0,0.30861111111111117,0.04527777777777775,-0.025959708697702248,2,"[-1.0, 0, 1]",0.0
0.3105555555555555,0,0.3105555555555555,0.04462962962962966,-0.023827249828532328,2,"[-1.0, 0, 1]",0.0
0.3125,0,0.3125,0.04398148148148148,-0.021710431134259266,2,"[-1.0, 0, 1]",0.0
0.3144444444444443,0,0.3144444444444443,0.043333333333333376,-0.019609208504801245,2,"[-1.0, 0, 1]",0.0
0.31638888888888883,0,0.31638888888888883,0.0426851851851852,-0.0175235378300755,2,"[-1.0, 0, 1]",0.0
0.31833333333333336,0,0.31833333333333336,0.042037037037037026,-0.015453374999999964,2,"[-1.0, 0, 1]",0.0
0.32027777777777766,0,0.32027777777777766,0.04138888888888892,-0.013398675904492563,2,"[-1.0, 0, 1]",0.0
0.3222222222222222,0,0.3222222222222222,0.040740740740740744,-0.011359396433470524,2,"[-1.0, 0, 1]",0.0
0.3241666666666667,0,0.3241666666666667,0.04009259259259257,-0.009335492476851781,2,"[-1.0, 0, 1]",0.0
0.326111111111111,0,0.326111111111111,0.039444444444444476,-0.0073269199245542815,2,"[-1.0, 0, 1]",0.0
0.32805555555555554,0,0.32805555555555554,0.0387962962962963,-0.00533363466649521,2,"[-1.0, 0, 1]",0.0
0.33000000000000007,0,0.33000000000000007,0.038148148148148125,-0.003355592592592521,2,"[-1.0, 0, 1]",0.0
0.3319444444444444,0,0.3319444444444444,0.03750000000000002,-0.0013927495927641212,2,"[-1.0, 0, 1]",0.0
0.3333333333333,0,0.3333333333333,0.03703703703704814,-3.3306690738754696e-14,2,"[-1.0, 0, 1]",0.0
0.3338888888888889,0,0.3338888888888889,0.036851851851851844,0.0005549384430727222,2,"[-1.0, 0, 1]",0.0
0.3358333333333332,0,0.3358333333333332,0.03620370370370374,0.002487515624999888,2,"[-1.0, 0, 1]",0.0
0.33777777777777773,0,0.33777777777777773,0.03555555555555556,0.004405026063100108,2,"[-1.0, 0, 1]",0.0
0.33972222222222226,0,0.33972222222222226,0.03490740740740739,0.006307513867455462,2,"[-1.0, 0, 1]",0.0
0.34166666666666656,0,0.34166666666666656,0.034259259259259295,0.008195023148148045,2,"[-1.0, 0, 1]",0.0
0.3436111111111111,0,0.3436111111111111,0.03361111111111112,0.010067598015260606,2,"[-1.0, 0, 1]",0.0
0.3455555555555556,0,0.3455555555555556,0.032962962962962944,0.011925282578875224,2,"[-1.0, 0, 1]",0.0
0.3474999999999999,0,0.3474999999999999,0.03231481481481484,0.013768120949074005,2,"[-1.0, 0, 1]",0.0
0.34944444444444445,0,0.34944444444444445,0.03166666666666666,0.01559615723593965,2,"[-1.0, 0, 1]",0.0
0.35138888888888875,0,0.35138888888888875,0.031018518518518556,0.017409435549554066,2,"[-1.0, 0, 1]",0.0
0.3533333333333333,0,0.3533333333333333,0.03037037037037038,0.01920799999999996,2,"[-1.0, 0, 1]",0.0
0.3552777777777778,0,0.3552777777777778,0.029722222222222205,0.020991894697359435,2,"[-1.0, 0, 1]",0.0
0.3572222222222221,0,0.3572222222222221,0.029074074074074113,0.022761163751714573,2,"[-1.0, 0, 1]",0.0
0.35916666666666663,0,0.35916666666666663,0.028425925925925938,0.024515851273148113,2,"[-1.0, 0, 1]",0.0
0.36111111111111116,0,0.36111111111111116,0.027777777777777762,0.02625600137174216,2,"[-1.0, 0, 1]",0.0
0.36305555555555546,0,0.36305555555555546,0.027129629629629656,0.0279816581575788,2,"[-1.0, 0, 1]",0.0
0.365,0,0.365,0.02648148148148148,0.029692865740740735,2,"[-1.0, 0, 1]",0.0
0.3669444444444443,0,0.3669444444444443,0.025833333333333375,0.0313896682313099,2,"[-1.0, 0, 1]",0.0
0.3688888888888888,0,0.3688888888888888,0.0251851851851852,0.03307210973936896,2,"[-1.0, 0, 1]",0.0
0.37083333333333335,0,0.37083333333333335,0.024537037037037024,0.034740234375000026,2,"[-1.0, 0, 1]",0.0
0.37277777777777765,0,0.37277777777777765,0.02388888888888893,0.03639408624828522,2,"[-1.0, 0, 1]",0.0
0.3747222222222222,0,0.3747222222222222,0.023240740740740756,0.03803370946930723,2,"[-1.0, 0, 1]",0.0
0.3766666666666667,0,0.3766666666666667,0.02259259259259258,0.03965914814814818,2,"[-1.0, 0, 1]",0.0
0.378611111111111,0,0.378611111111111,0.02194444444444449,0.041270446394890165,2,"[-1.0, 0, 1]",0.0
0.38055555555555554,0,0.38055555555555554,0.021296296296296313,0.042867648319615884,2,"[-1.0, 0, 1]",0.0
0.38250000000000006,0,0.38250000000000006,0.020648148148148138,0.044450798032407444,2,"[-1.0, 0, 1]",0.0
0.38444444444444437,0,0.38444444444444437,0.020000000000000018,0.046019939643346996,2,"[-1.0, 0, 1]",0.0
0.3863888888888889,0,0.3863888888888889,0.019351851851851842,0.04757511726251716,2,"[-1.0, 0, 1]",0.0
0.3883333333333332,0,0.3883333333333332,0.01870370370370375,0.04911637499999989,2,"[-1.0, 0, 1]",0.0
0.3902777777777777,0,0.3902777777777777,0.018055555555555575,0.050643756965877876,2,"[-1.0, 0, 1]",0.0
0.39222222222222225,0,0.39222222222222225,0.0174074074074074,0.05215730727023321,2,"[-1.0, 0, 1]",0.0
0.39416666666666655,0,0.39416666666666655,0.016759259259259307,0.053657070023148054,2,"[-1.0, 0, 1]",0.0
0.3961111111111111,0,0.3961111111111111,0.01611111111111113,0.05514308933470504,2,"[-1.0, 0, 1]",0.0
0.3980555555555556,0,0.3980555555555556,0.015462962962962956,0.056615409314986306,2,"[-1.0, 0, 1]",0.0
0.3999999999999999,0,0.3999999999999999,0.014814814814814836,0.058074074074074014,2,"[-1.0, 0, 1]",0.0
0.40194444444444444,0,0.40194444444444444,0.01416666666666666,0.059519127722050764,2,"[-1.0, 0, 1]",0.0
0.40388888888888874,0,0.40388888888888874,0.013518518518518569,0.06095061436899852,2,"[-1.0, 0, 1]",0.0
0.40583333333333327,0,0.40583333333333327,0.012870370370370393,0.06236857812499995,2,"[-1.0, 0, 1]",0.0
0.4077777777777778,0,0.4077777777777778,0.012222222222222218,0.06377306310013718,2,"[-1.0, 0, 1]",0.0
0.4097222222222221,0,0.4097222222222221,0.011574074074074125,0.06516411340449237,2,"[-1.0, 0, 1]",0.0
0.4116666666666666,0,0.4116666666666666,0.01092592592592595,0.0665417731481481,2,"[-1.0, 0, 1]",0.0
0.41361111111111115,0,0.41361111111111115,0.010277777777777775,0.06790608644118659,2,"[-1.0, 0, 1]",0.0
0.41555555555555546,0,0.41555555555555546,0.009629629629629655,0.06925709739368992,2,"[-1.0, 0, 1]",0.0
0.4175,0,0.4175,0.00898148148148148,0.07059485011574072,2,"[-1.0, 0, 1]",0.0
0.4194444444444445,0,0.4194444444444445,0.008333333333333304,0.07191938871742116,2,"[-1.0, 0, 1]",0.0
0.4213888888888888,0,0.4213888888888888,0.0076851851851852115,0.07323075730881339,2,"[-1.0, 0, 1]",0.0
0.42333333333333334,0,0.42333333333333334,0.007037037037037036,0.074529,2,"[-1.0, 0, 1]",0.0
0.42527777777777764,0,0.42527777777777764,0.006388888888888944,0.07581416090106301,2,"[-1.0, 0, 1]",0.0
0.42722222222222217,0,0.42722222222222217,0.0057407407407407685,0.077086284122085,2,"[-1.0, 0, 1]",0.0
0.4291666666666667,0,0.4291666666666667,0.005092592592592593,0.07834541377314817,2,"[-1.0, 0, 1]",0.0
0.431111111111111,0,0.431111111111111,0.004444444444444473,0.07959159396433463,2,"[-1.0, 0, 1]",0.0
0.4330555555555555,0,0.4330555555555555,0.0037962962962962976,0.08082486880572701,2,"[-1.0, 0, 1]",0.0
0.43500000000000005,0,0.43500000000000005,0.003148148148148122,0.08204528240740745,2,"[-1.0, 0, 1]",0.0
0.43694444444444436,0,0.43694444444444436,0.00250000000000003,0.0832528788794581,2,"[-1.0, 0, 1]",0.0
0.4388888888888889,0,0.4388888888888889,0.0018518518518518545,0.0844477023319616,2,"[-1.0, 0, 1]",0.0
0.4408333333333332,0,0.4408333333333332,0.0012037037037037623,0.08562979687499991,2,"[-1.0, 0, 1]",0.0
0.4427777777777777,0,0.4427777777777777,0.0005555555555555869,0.08679920661865566,2,"[-1.0, 0, 1]",0.0
0.44472222222222224,0,0.44472222222222224,-9.259259259258856e-05,0.08795597567301099,2,"[-1.0, 0, 1]",0.0
0.44666666666666655,0,0.44666666666666655,-0.0007407407407407085,0.08910014814814808,2,"[-1.0, 0, 1]",0.0
0.44861111111111107,0,0.44861111111111107,-0.001388888888888884,0.0902317681541495,2,"[-1.0, 0, 1]",0.0
0.4505555555555556,0,0.4505555555555556,-0.0020370370370370594,0.09135087980109742,2,"[-1.0, 0, 1]",0.0
0.4524999999999999,0,0.4524999999999999,-0.0026851851851851516,0.09245752719907402,2,"[-1.0, 0, 1]",0.0
0.45444444444444443,0,0.45444444444444443,-0.003333333333333327,0.09355175445816186,2,"[-1.0, 0, 1]",0.0
0.45638888888888896,0,0.45638888888888896,-0.0039814814814815025,0.09463360568844312,2,"[-1.0, 0, 1]",0.0
0.45833333333333326,0,0.45833333333333326,-0.004629629629629595,0.09570312499999996,2,"[-1.0, 0, 1]",0.0
0.4602777777777778,0,0.4602777777777778,-0.00527777777777777,0.09676035650291495,2,"[-1.0, 0, 1]",0.0
0.4622222222222221,0,0.4622222222222221,-0.00592592592592589,0.09780534430727016,2,"[-1.0, 0, 1]",0.0
0.4641666666666666,0,0.4641666666666666,-0.0065740740740740655,0.09883813252314812,2,"[-1.0, 0, 1]",0.0
0.46611111111111114,0,0.46611111111111114,-0.007222222222222241,0.099858765260631,2,"[-1.0, 0, 1]",0.0
0.46805555555555545,0,0.46805555555555545,-0.007870370370370333,0.10086728662980105,2,"[-1.0, 0, 1]",0.0
0.47,0,0.47,-0.008518518518518509,0.10186374074074073,2,"[-1.0, 0, 1]",0.0
0.4719444444444445,0,0.4719444444444445,-0.009166666666666684,0.10284817170353226,2,"[-1.0, 0, 1]",0.0
0.4738888888888888,0,0.4738888888888888,-0.009814814814814776,0.10382062362825785,2,"[-1.0, 0, 1]",0.0
0.47583333333333333,0,0.47583333333333333,-0.010462962962962952,0.104781140625,2,"[-1.0, 0, 1]",0.0
0.47777777777777763,0,0.47777777777777763,-0.011111111111111072,0.1057297668038408,2,"[-1.0, 0, 1]",0.0
0.47972222222222216,0,0.47972222222222216,-0.011759259259259247,0.10666654627486279,2,"[-1.0, 0, 1]",0.0
0.4816666666666667,0,0.4816666666666667,-0.012407407407407423,0.10759152314814814,2,"[-1.0, 0, 1]",0.0
0.483611111111111,0,0.483611111111111,-0.013055555555555515,0.1085047415337791,2,"[-1.0, 0, 1]",0.0
0.4855555555555555,0,0.4855555555555555,-0.01370370370370369,0.10940624554183812,2,"[-1.0, 0, 1]",0.0
0.48750000000000004,0,0.48750000000000004,-0.014351851851851866,0.11029607928240744,2,"[-1.0, 0, 1]",0.0
0.48944444444444435,0,0.48944444444444435,-0.014999999999999958,0.11117428686556924,2,"[-1.0, 0, 1]",0.0
0.4913888888888889,0,0.4913888888888889,-0.015648148148148133,0.11204091240140604,2,"[-1.0, 0, 1]",0.0
0.4933333333333332,0,0.4933333333333332,-0.016296296296296253,0.11289599999999993,2,"[-1.0, 0, 1]",0.0
0.4952777777777777,0,0.4952777777777777,-0.01694444444444443,0.11373959377143344,2,"[-1.0, 0, 1]",0.0
0.49722222222222223,0,0.49722222222222223,-0.017592592592592604,0.11457173782578875,2,"[-1.0, 0, 1]",0.0
0.49916666666666654,0,0.49916666666666654,-0.018240740740740696,0.1153924762731481,2,"[-1.0, 0, 1]",0.0
0.5011111111111111,0,0.5011111111111111,-0.018888888888888872,0.11620185322359396,2,"[-1.0, 0, 1]",0.0
0.5030555555555556,0,0.5030555555555556,-0.019537037037037047,0.1169999127872085,2,"[-1.0, 0, 1]",0.0
0.5049999999999999,0,0.5049999999999999,-0.02018518518518514,0.11778669907407403,2,"[-1.0, 0, 1]",0.0
0.5069444444444444,0,0.5069444444444444,-0.020833333333333315,0.11856225619427299,2,"[-1.0, 0, 1]",0.0
0.508888888888889,0,0.508888888888889,-0.02148148148148149,0.11932662825788755,2,"[-1.0, 0, 1]",0.0
0.5108333333333333,0,0.5108333333333333,-0.02212962962962961,0.12007985937499996,2,"[-1.0, 0, 1]",0.0
0.5127777777777778,0,0.5127777777777778,-0.022777777777777786,0.12082199365569271,2,"[-1.0, 0, 1]",0.0
0.5147222222222221,0,0.5147222222222221,-0.023425925925925878,0.12155307521004795,2,"[-1.0, 0, 1]",0.0
0.5166666666666666,0,0.5166666666666666,-0.024074074074074053,0.12227314814814812,2,"[-1.0, 0, 1]",0.0
0.5186111111111111,0,0.5186111111111111,-0.02472222222222223,0.12298225658007547,2,"[-1.0, 0, 1]",0.0
0.5205555555555554,0,0.5205555555555554,-0.02537037037037032,0.1236804446159122,2,"[-1.0, 0, 1]",0.0
0.5225,0,0.5225,-0.026018518518518496,0.12436775636574074,2,"[-1.0, 0, 1]",0.0
0.5244444444444445,0,0.5244444444444445,-0.026666666666666672,0.1250442359396434,2,"[-1.0, 0, 1]",0.0
0.5263888888888888,0,0.5263888888888888,-0.027314814814814792,0.1257099274477023,2,"[-1.0, 0, 1]",0.0
0.5283333333333333,0,0.5283333333333333,-0.027962962962962967,0.126364875,2,"[-1.0, 0, 1]",0.0
0.5302777777777776,0,0.5302777777777776,-0.02861111111111106,0.12700912270661863,2,"[-1.0, 0, 1]",0.0
0.5322222222222222,0,0.5322222222222222,-0.029259259259259235,0.12764271467764057,2,"[-1.0, 0, 1]",0.0
0.5341666666666667,0,0.5341666666666667,-0.02990740740740741,0.12826569502314816,2,"[-1.0, 0, 1]",0.0
0.536111111111111,0,0.536111111111111,-0.030555555555555503,0.12887810785322357,2,"[-1.0, 0, 1]",0.0
0.5380555555555555,0,0.5380555555555555,-0.031203703703703678,0.12947999727794926,2,"[-1.0, 0, 1]",0.0
0.54,0,0.54,-0.03185185185185185,0.1300714074074074,2,"[-1.0, 0, 1]",0.0
0.5419444444444443,0,0.5419444444444443,-0.03249999999999997,0.13065238235168034,2,"[-1.0, 0, 1]",0.0
0.5438888888888889,0,0.5438888888888889,-0.03314814814814815,0.13122296622085045,2,"[-1.0, 0, 1]",0.0
0.5458333333333334,0,0.5458333333333334,-0.033796296296296324,0.131783203125,2,"[-1.0, 0, 1]",0.0
0.5477777777777777,0,0.5477777777777777,-0.034444444444444416,0.13233313717421125,2,"[-1.0, 0, 1]",0.0
0.5497222222222222,0,0.5497222222222222,-0.03509259259259259,0.13287281247856653,2,"[-1.0, 0, 1]",0.0
0.5516666666666665,0,0.5516666666666665,-0.035740740740740684,0.13340227314814815,2,"[-1.0, 0, 1]",0.0
0.553611111111111,0,0.553611111111111,-0.03638888888888886,0.13392156329303842,2,"[-1.0, 0, 1]",0.0
0.5555555555555556,0,0.5555555555555556,-0.037037037037037035,0.13443072702331965,2,"[-1.0, 0, 1]",0.0
0.5574999999999999,0,0.5574999999999999,-0.037685185185185155,0.13492980844907404,2,"[-1.0, 0, 1]",0.0
0.5594444444444444,0,0.5594444444444444,-0.03833333333333333,0.13541885168038406,2,"[-1.0, 0, 1]",0.0
0.5613888888888889,0,0.5613888888888889,-0.038981481481481506,0.13589790082733194,2,"[-1.0, 0, 1]",0.0
0.5633333333333332,0,0.5633333333333332,-0.0396296296296296,0.136367,2,"[-1.0, 0, 1]",0.0
0.5652777777777778,0,0.5652777777777778,-0.04027777777777777,0.1368261933084705,2,"[-1.0, 0, 1]",0.0
0.5672222222222221,0,0.5672222222222221,-0.040925925925925866,0.1372755248628258,2,"[-1.0, 0, 1]",0.0
0.5691666666666666,0,0.5691666666666666,-0.04157407407407404,0.13771503877314817,2,"[-1.0, 0, 1]",0.0
0.5711111111111111,0,0.5711111111111111,-0.04222222222222222,0.1381447791495199,2,"[-1.0, 0, 1]",0.0
0.5730555555555554,0,0.5730555555555554,-0.042870370370370336,0.13856479010202327,2,"[-1.0, 0, 1]",0.0
0.575,0,0.575,-0.04351851851851851,0.13897511574074073,2,"[-1.0, 0, 1]",0.0
0.5769444444444445,0,0.5769444444444445,-0.04416666666666669,0.13937580017575446,2,"[-1.0, 0, 1]",0.0
0.5788888888888888,0,0.5788888888888888,-0.04481481481481478,0.13976688751714675,2,"[-1.0, 0, 1]",0.0
0.5808333333333333,0,0.5808333333333333,-0.045462962962962955,0.140148421875,2,"[-1.0, 0, 1]",0.0
0.5827777777777778,0,0.5827777777777778,-0.04611111111111113,0.14052044735939645,2,"[-1.0, 0, 1]",0.0
0.5847222222222221,0,0.5847222222222221,-0.04675925925925922,0.1408830080804184,2,"[-1.0, 0, 1]",0.0
0.5866666666666667,0,0.5866666666666667,-0.0474074074074074,0.1412361481481482,2,"[-1.0, 0, 1]",0.0
0.588611111111111,0,0.588611111111111,-0.04805555555555552,0.14157991167266798,2,"[-1.0, 0, 1]",0.0
0.5905555555555555,0,0.5905555555555555,-0.048703703703703694,0.14191434276406034,2,"[-1.0, 0, 1]",0.0
0.5925,0,0.5925,-0.04935185185185187,0.1422394855324074,2,"[-1.0, 0, 1]",0.0
0.5944444444444443,0,0.5944444444444443,-0.04999999999999996,0.14255538408779148,2,"[-1.0, 0, 1]",0.0
0.5963888888888889,0,0.5963888888888889,-0.05064814814814814,0.14286208254029492,2,"[-1.0, 0, 1]",0.0
0.5983333333333334,0,0.5983333333333334,-0.05129629629629631,0.143159625,2,"[-1.0, 0, 1]",0.0
0.6002777777777777,0,0.6002777777777777,-0.051944444444444404,0.14344805557698903,2,"[-1.0, 0, 1]",0.0
0.6022222222222222,0,0.6022222222222222,-0.05259259259259258,0.14372741838134434,2,"[-1.0, 0, 1]",0.0
0.6041666666666665,0,0.6041666666666665,-0.0532407407407407,0.14399775752314808,2,"[-1.0, 0, 1]",0.0
0.606111111111111,0,0.606111111111111,-0.053888888888888875,0.14425911711248285,2,"[-1.0, 0, 1]",0.0
0.6080555555555556,0,0.6080555555555556,-0.05453703703703705,0.14451154125943072,2,"[-1.0, 0, 1]",0.0
0.6099999999999999,0,0.6099999999999999,-0.05518518518518514,0.14475507407407406,2,"[-1.0, 0, 1]",0.0
0.6119444444444444,0,0.6119444444444444,-0.05583333333333332,0.1449897596664952,2,"[-1.0, 0, 1]",0.0
0.6138888888888889,0,0.6138888888888889,-0.056481481481481494,0.1452156421467764,2,"[-1.0, 0, 1]",0.0
0.6158333333333332,0,0.6158333333333332,-0.057129629629629586,0.14543276562500002,2,"[-1.0, 0, 1]",0.0
0.6177777777777778,0,0.6177777777777778,-0.05777777777777776,0.1456411742112483,2,"[-1.0, 0, 1]",0.0
0.6197222222222223,0,0.6197222222222223,-0.05842592592592594,0.14584091201560362,2,"[-1.0, 0, 1]",0.0
0.6216666666666666,0,0.6216666666666666,-0.05907407407407406,0.14603202314814812,2,"[-1.0, 0, 1]",0.0
0.6236111111111111,0,0.6236111111111111,-0.05972222222222223,0.1462145517189643,2,"[-1.0, 0, 1]",0.0
0.6255555555555554,0,0.6255555555555554,-0.060370370370370324,0.14638854183813443,2,"[-1.0, 0, 1]",0.0
0.6275,0,0.6275,-0.0610185185185185,0.14655403761574073,2,"[-1.0, 0, 1]",0.0
0.6294444444444445,0,0.6294444444444445,-0.061666666666666675,0.1467110831618656,2,"[-1.0, 0, 1]",0.0
0.6313888888888888,0,0.6313888888888888,-0.06231481481481477,0.14685972258659125,2,"[-1.0, 0, 1]",0.0
0.6333333333333333,0,0.6333333333333333,-0.06296296296296294,0.14700000000000002,2,"[-1.0, 0, 1]",0.0
0.6352777777777778,0,0.6352777777777778,-0.06361111111111112,0.14713195951217423,2,"[-1.0, 0, 1]",0.0
0.6372222222222221,0,0.6372222222222221,-0.06425925925925924,0.14725564523319612,2,"[-1.0, 0, 1]",0.0
0.6391666666666667,0,0.6391666666666667,-0.06490740740740741,0.14737110127314812,2,"[-1.0, 0, 1]",0.0
0.641111111111111,0,0.641111111111111,-0.0655555555555555,0.14747837174211248,2,"[-1.0, 0, 1]",0.0
0.6430555555555555,0,0.6430555555555555,-0.06620370370370368,0.14757750075017145,2,"[-1.0, 0, 1]",0.0
0.645,0,0.645,-0.06685185185185186,0.1476685324074074,2,"[-1.0, 0, 1]",0.0
0.6469444444444443,0,0.6469444444444443,-0.06749999999999995,0.1477515108239026,2,"[-1.0, 0, 1]",0.0
0.6488888888888888,0,0.6488888888888888,-0.06814814814814812,0.14782648010973942,2,"[-1.0, 0, 1]",0.0
0.6508333333333334,0,0.6508333333333334,-0.0687962962962963,0.14789348437500005,2,"[-1.0, 0, 1]",0.0
0.6527777777777777,0,0.6527777777777777,-0.06944444444444442,0.14795256772976675,2,"[-1.0, 0, 1]",0.0
0.6547222222222222,0,0.6547222222222222,-0.0700925925925926,0.1480037742841221,2,"[-1.0, 0, 1]",0.0
0.6566666666666665,0,0.6566666666666665,-0.07074074074074069,0.14804714814814815,2,"[-1.0, 0, 1]",0.0
0.658611111111111,0,0.658611111111111,-0.07138888888888886,0.1480827334319273,2,"[-1.0, 0, 1]",0.0
0.6605555555555556,0,0.6605555555555556,-0.07203703703703704,0.1481105742455418,2,"[-1.0, 0, 1]",0.0
0.6624999999999999,0,0.6624999999999999,-0.07268518518518513,0.14813071469907413,2,"[-1.0, 0, 1]",0.0
0.6644444444444444,0,0.6644444444444444,-0.0733333333333333,0.14814319890260635,2,"[-1.0, 0, 1]",0.0
0.6663888888888889,0,0.6663888888888889,-0.07398148148148148,0.1481480709662209,2,"[-1.0, 0, 1]",0.0
0.6683333333333332,0,0.6683333333333332,-0.0746296296296296,0.14814537499999997,2,"[-1.0, 0, 1]",0.0
0.6702777777777778,0,0.6702777777777778,-0.07527777777777778,0.148135155114026,2,"[-1.0, 0, 1]",0.0
0.6722222222222223,0,0.6722222222222223,-0.07592592592592595,0.14811745541838128,2,"[-1.0, 0, 1]",0.0
0.6741666666666666,0,0.6741666666666666,-0.07657407407407404,0.14809232002314815,2,"[-1.0, 0, 1]",0.0
0.6761111111111111,0,0.6761111111111111,-0.07722222222222222,0.14805979303840874,2,"[-1.0, 0, 1]",0.0
0.6780555555555554,0,0.6780555555555554,-0.07787037037037031,0.1480199185742456,2,"[-1.0, 0, 1]",0.0
0.6799999999999999,0,0.6799999999999999,-0.07851851851851849,0.14797274074074082,2,"[-1.0, 0, 1]",0.0
0.6819444444444445,0,0.6819444444444445,-0.07916666666666666,0.14791830364797673,2,"[-1.0, 0, 1]",0.0
0.6838888888888888,0,0.6838888888888888,-0.07981481481481478,0.14785665140603563,2,"[-1.0, 0, 1]",0.0
0.6858333333333333,0,0.6858333333333333,-0.08046296296296296,0.147787828125,2,"[-1.0, 0, 1]",0.0
0.6877777777777778,0,0.6877777777777778,-0.08111111111111113,0.1477118779149519,2,"[-1.0, 0, 1]",0.0
0.6897222222222221,0,0.6897222222222221,-0.08175925925925923,0.14762884488597391,2,"[-1.0, 0, 1]",0.0
0.6916666666666667,0,0.6916666666666667,-0.0824074074074074,0.14753877314814814,2,"[-1.0, 0, 1]",0.0
0.693611111111111,0,0.693611111111111,-0.0830555555555555,0.14744170681155697,2,"[-1.0, 0, 1]",0.0
0.6955555555555555,0,0.6955555555555555,-0.08370370370370367,0.1473376899862826,2,"[-1.0, 0, 1]",0.0
0.6975,0,0.6975,-0.08435185185185184,0.14722676678240745,2,"[-1.0, 0, 1]",0.0
0.6994444444444443,0,0.6994444444444443,-0.08499999999999996,0.1471089813100137,2,"[-1.0, 0, 1]",0.0
0.7013888888888888,0,0.7013888888888888,-0.08564814814814814,0.14698437767918376,2,"[-1.0, 0, 1]",0.0
0.7033333333333334,0,0.7033333333333334,-0.08629629629629632,0.14685299999999996,2,"[-1.0, 0, 1]",0.0
0.7052777777777777,0,0.7052777777777777,-0.08694444444444441,0.14671489238254462,2,"[-1.0, 0, 1]",0.0
0.7072222222222222,0,0.7072222222222222,-0.08759259259259258,0.14657009893689987,2,"[-1.0, 0, 1]",0.0
0.7091666666666667,0,0.7091666666666667,-0.08824074074074076,0.14641866377314813,2,"[-1.0, 0, 1]",0.0
0.711111111111111,0,0.711111111111111,-0.08888888888888885,0.14626063100137182,2,"[-1.0, 0, 1]",0.0
0.7130555555555556,0,0.7130555555555556,-0.08953703703703703,0.14609604473165302,2,"[-1.0, 0, 1]",0.0
0.7149999999999999,0,0.7149999999999999,-0.09018518518518515,0.14592494907407402,2,"[-1.0, 0, 1]",0.0
0.7169444444444444,0,0.7169444444444444,-0.09083333333333332,0.14574738813871735,2,"[-1.0, 0, 1]",0.0
0.7188888888888889,0,0.7188888888888889,-0.0914814814814815,0.14556340603566528,2,"[-1.0, 0, 1]",0.0
0.7208333333333332,0,0.7208333333333332,-0.09212962962962959,0.14537304687500002,2,"[-1.0, 0, 1]",0.0
0.7227777777777777,0,0.7227777777777777,-0.09277777777777776,0.14517635476680388,2,"[-1.0, 0, 1]",0.0
0.7247222222222223,0,0.7247222222222223,-0.09342592592592594,0.1449733738211591,2,"[-1.0, 0, 1]",0.0
0.7266666666666666,0,0.7266666666666666,-0.09407407407407403,0.14476414814814823,2,"[-1.0, 0, 1]",0.0
0.7286111111111111,0,0.7286111111111111,-0.09472222222222221,0.1445487218578533,2,"[-1.0, 0, 1]",0.0
0.7305555555555554,0,0.7305555555555554,-0.09537037037037033,0.14432713906035663,2,"[-1.0, 0, 1]",0.0
0.7324999999999999,0,0.7324999999999999,-0.0960185185185185,0.1440994438657407,2,"[-1.0, 0, 1]",0.0
0.7344444444444445,0,0.7344444444444445,-0.09666666666666668,0.1438656803840877,2,"[-1.0, 0, 1]",0.0
0.7363888888888888,0,0.7363888888888888,-0.09731481481481477,0.1436258927254801,2,"[-1.0, 0, 1]",0.0
0.7383333333333333,0,0.7383333333333333,-0.09796296296296295,0.14338012500000002,2,"[-1.0, 0, 1]",0.0
0.7402777777777778,0,0.7402777777777778,-0.09861111111111112,0.14312842131772974,2,"[-1.0, 0, 1]",0.0
0.7422222222222221,0,0.7422222222222221,-0.09925925925925921,0.14287082578875182,2,"[-1.0, 0, 1]",0.0
0.7441666666666666,0,0.7441666666666666,-0.09990740740740739,0.1426073825231482,2,"[-1.0, 0, 1]",0.0
0.7461111111111112,0,0.7461111111111112,-0.10055555555555556,0.14233813563100145,2,"[-1.0, 0, 1]",0.0
0.7480555555555555,0,0.7480555555555555,-0.10120370370370368,0.14206312922239367,2,"[-1.0, 0, 1]",0.0
0.75,0,0.75,-0.10185185185185186,0.14178240740740733,2,"[-1.0, 0, 1]",0.0
0.7519444444444443,0,0.7519444444444443,-0.10249999999999992,0.14149601429612502,2,"[-1.0, 0, 1]",0.0
0.7538888888888888,0,0.7538888888888888,-0.1031481481481481,0.14120399399862843,2,"[-1.0, 0, 1]",0.0
0.7558333333333334,0,0.7558333333333334,-0.10379629629629628,0.14090639062500016,2,"[-1.0, 0, 1]",0.0
0.7577777777777777,0,0.7577777777777777,-0.1044444444444444,0.14060324828532245,2,"[-1.0, 0, 1]",0.0
0.7597222222222222,0,0.7597222222222222,-0.10509259259259257,0.14029461108967772,2,"[-1.0, 0, 1]",0.0
0.7616666666666667,0,0.7616666666666667,-0.10574074074074075,0.13998052314814824,2,"[-1.0, 0, 1]",0.0
0.763611111111111,0,0.763611111111111,-0.10638888888888887,0.1396610285708162,2,"[-1.0, 0, 1]",0.0
0.7655555555555555,0,0.7655555555555555,-0.10703703703703704,0.139336171467764,2,"[-1.0, 0, 1]",0.0
0.7674999999999998,0,0.7674999999999998,-0.1076851851851851,0.13900599594907426,2,"[-1.0, 0, 1]",0.0
0.7694444444444444,0,0.7694444444444444,-0.10833333333333328,0.1386705461248287,2,"[-1.0, 0, 1]",0.0
0.7713888888888889,0,0.7713888888888889,-0.10898148148148146,0.13832986610510994,2,"[-1.0, 0, 1]",0.0
0.7733333333333332,0,0.7733333333333332,-0.10962962962962958,0.13798400000000005,2,"[-1.0, 0, 1]",0.0
0.7752777777777777,0,0.7752777777777777,-0.11027777777777775,0.13763299191958167,2,"[-1.0, 0, 1]",0.0
0.7772222222222223,0,0.7772222222222223,-0.11092592592592593,0.137276885973937,2,"[-1.0, 0, 1]",0.0
0.7791666666666666,0,0.7791666666666666,-0.11157407407407405,0.13691572627314813,2,"[-1.0, 0, 1]",0.0
0.7811111111111111,0,0.7811111111111111,-0.11222222222222222,0.13654955692729764,2,"[-1.0, 0, 1]",0.0
0.7830555555555554,0,0.7830555555555554,-0.11287037037037029,0.13617842204646796,2,"[-1.0, 0, 1]",0.0
0.7849999999999999,0,0.7849999999999999,-0.11351851851851846,0.13580236574074095,2,"[-1.0, 0, 1]",0.0
0.7869444444444444,0,0.7869444444444444,-0.11416666666666664,0.13542143212019908,2,"[-1.0, 0, 1]",0.0
0.7888888888888888,0,0.7888888888888888,-0.11481481481481476,0.1350356652949246,2,"[-1.0, 0, 1]",0.0
0.7908333333333333,0,0.7908333333333333,-0.11546296296296293,0.13464510937500007,2,"[-1.0, 0, 1]",0.0
0.7927777777777778,0,0.7927777777777778,-0.11611111111111111,0.1342498084705076,2,"[-1.0, 0, 1]",0.0
0.7947222222222221,0,0.7947222222222221,-0.11675925925925923,0.13384980669152946,2,"[-1.0, 0, 1]",0.0
0.7966666666666666,0,0.7966666666666666,-0.1174074074074074,0.13344514814814806,2,"[-1.0, 0, 1]",0.0
0.7986111111111112,0,0.7986111111111112,-0.11805555555555558,0.13303587695044572,2,"[-1.0, 0, 1]",0.0
0.8005555555555555,0,0.8005555555555555,-0.11870370370370364,0.13262203720850507,2,"[-1.0, 0, 1]",0.0
0.8025,0,0.8025,-0.11935185185185182,0.1322036730324076,2,"[-1.0, 0, 1]",0.0
0.8044444444444443,0,0.8044444444444443,-0.11999999999999994,0.13178082853223605,2,"[-1.0, 0, 1]",0.0
0.8063888888888888,0,0.8063888888888888,-0.12064814814814812,0.13135354781807274,2,"[-1.0, 0, 1]",0.0
0.8083333333333333,0,0.8083333333333333,-0.12129629629629629,0.13092187500000008,2,"[-1.0, 0, 1]",0.0
0.8102777777777777,0,0.8102777777777777,-0.12194444444444441,0.13048585418810016,2,"[-1.0, 0, 1]",0.0
0.8122222222222222,0,0.8122222222222222,-0.12259259259259259,0.1300455294924554,2,"[-1.0, 0, 1]",0.0
0.8141666666666667,0,0.8141666666666667,-0.12324074074074076,0.12960094502314806,2,"[-1.0, 0, 1]",0.0
0.816111111111111,0,0.816111111111111,-0.12388888888888883,0.1291521448902609,2,"[-1.0, 0, 1]",0.0
0.8180555555555555,0,0.8180555555555555,-0.124537037037037,0.1286991732038753,2,"[-1.0, 0, 1]",0.0
0.8199999999999998,0,0.8199999999999998,-0.12518518518518512,0.12824207407407412,2,"[-1.0, 0, 1]",0.0
0.8219444444444444,0,0.8219444444444444,-0.1258333333333333,0.1277808916109397,2,"[-1.0, 0, 1]",0.0
0.8238888888888889,0,0.8238888888888889,-0.12648148148148147,0.12731566992455418,2,"[-1.0, 0, 1]",0.0
0.8258333333333332,0,0.8258333333333332,-0.1271296296296296,0.12684645312500004,2,"[-1.0, 0, 1]",0.0
0.8277777777777777,0,0.8277777777777777,-0.12777777777777777,0.12637328532235942,2,"[-1.0, 0, 1]",0.0
0.8297222222222222,0,0.8297222222222222,-0.12842592592592594,0.12589621062671458,2,"[-1.0, 0, 1]",0.0
0.8316666666666666,0,0.8316666666666666,-0.129074074074074,0.12541527314814843,2,"[-1.0, 0, 1]",0.0
0.8336111111111111,0,0.8336111111111111,-0.12972222222222218,0.12493051699674229,2,"[-1.0, 0, 1]",0.0
0.8355555555555556,0,0.8355555555555556,-0.13037037037037036,0.12444198628257908,2,"[-1.0, 0, 1]",0.0
0.8374999999999999,0,0.8374999999999999,-0.13101851851851848,0.12394972511574087,2,"[-1.0, 0, 1]",0.0
0.8394444444444444,0,0.8394444444444444,-0.13166666666666665,0.12345377760631004,2,"[-1.0, 0, 1]",0.0
0.8413888888888887,0,0.8413888888888887,-0.13231481481481477,0.12295418786436901,2,"[-1.0, 0, 1]",0.0
0.8433333333333333,0,0.8433333333333333,-0.13296296296296295,0.12245099999999992,2,"[-1.0, 0, 1]",0.0
0.8452777777777778,0,0.8452777777777778,-0.13361111111111112,0.1219442581232853,2,"[-1.0, 0, 1]",0.0
0.8472222222222221,0,0.8472222222222221,-0.1342592592592592,0.12143400634430751,2,"[-1.0, 0, 1]",0.0
0.8491666666666666,0,0.8491666666666666,-0.13490740740740736,0.12092028877314842,2,"[-1.0, 0, 1]",0.0
0.8511111111111112,0,0.8511111111111112,-0.13555555555555554,0.12040314951989045,2,"[-1.0, 0, 1]",0.0
0.8530555555555555,0,0.8530555555555555,-0.13620370370370366,0.11988263269461608,2,"[-1.0, 0, 1]",0.0
0.855,0,0.855,-0.13685185185185184,0.1193587824074075,2,"[-1.0, 0, 1]",0.0
0.8569444444444443,0,0.8569444444444443,-0.13749999999999996,0.11883164276834701,2,"[-1.0, 0, 1]",0.0
0.8588888888888888,0,0.8588888888888888,-0.13814814814814813,0.11830125788751711,2,"[-1.0, 0, 1]",0.0
0.8608333333333333,0,0.8608333333333333,-0.1387962962962963,0.11776767187499992,2,"[-1.0, 0, 1]",0.0
0.8627777777777776,0,0.8627777777777776,-0.13944444444444437,0.11723092884087816,2,"[-1.0, 0, 1]",0.0
0.8647222222222222,0,0.8647222222222222,-0.14009259259259255,0.1166910728952334,2,"[-1.0, 0, 1]",0.0
0.8666666666666667,0,0.8666666666666667,-0.14074074074074072,0.11614814814814833,2,"[-1.0, 0, 1]",0.0
0.868611111111111,0,0.868611111111111,-0.14138888888888884,0.11560219870970523,2,"[-1.0, 0, 1]",0.0
0.8705555555555555,0,0.8705555555555555,-0.14203703703703702,0.11505326868998644,2,"[-1.0, 0, 1]",0.0
0.8725,0,0.8725,-0.1426851851851852,0.11450140219907412,2,"[-1.0, 0, 1]",0.0
0.8744444444444444,0,0.8744444444444444,-0.1433333333333333,0.11394664334705074,2,"[-1.0, 0, 1]",0.0
0.8763888888888889,0,0.8763888888888889,-0.1439814814814815,0.11338903624399865,2,"[-1.0, 0, 1]",0.0
0.8783333333333332,0,0.8783333333333332,-0.14462962962962955,0.11282862500000024,2,"[-1.0, 0, 1]",0.0
0.8802777777777777,0,0.8802777777777777,-0.14527777777777773,0.11226545372513741,2,"[-1.0, 0, 1]",0.0
0.8822222222222222,0,0.8822222222222222,-0.1459259259259259,0.11169956652949264,2,"[-1.0, 0, 1]",0.0
0.8841666666666665,0,0.8841666666666665,-0.14657407407407402,0.1111310075231483,2,"[-1.0, 0, 1]",0.0
0.8861111111111111,0,0.8861111111111111,-0.1472222222222222,0.11055982081618665,2,"[-1.0, 0, 1]",0.0
0.8880555555555556,0,0.8880555555555556,-0.14787037037037037,0.10998605051869004,2,"[-1.0, 0, 1]",0.0
0.8899999999999999,0,0.8899999999999999,-0.1485185185185185,0.10940974074074061,2,"[-1.0, 0, 1]",0.0
0.8919444444444444,0,0.8919444444444444,-0.14916666666666667,0.10883093559242107,2,"[-1.0, 0, 1]",0.0
0.8938888888888887,0,0.8938888888888887,-0.14981481481481473,0.10824967918381379,2,"[-1.0, 0, 1]",0.0
0.8958333333333333,0,0.8958333333333333,-0.1504629629629629,0.10766601562500022,2,"[-1.0, 0, 1]",0.0
0.8977777777777778,0,0.8977777777777778,-0.15111111111111108,0.1070799890260633,2,"[-1.0, 0, 1]",0.0
0.8997222222222221,0,0.8997222222222221,-0.1517592592592592,0.10649164349708506,2,"[-1.0, 0, 1]",0.0
0.9016666666666666,0,0.9016666666666666,-0.15240740740740738,0.1059010231481482,2,"[-1.0, 0, 1]",0.0
0.9036111111111111,0,0.9036111111111111,-0.15305555555555556,0.10530817208933474,2,"[-1.0, 0, 1]",0.0
0.9055555555555554,0,0.9055555555555554,-0.15370370370370368,0.10471313443072705,2,"[-1.0, 0, 1]",0.0
0.9075,0,0.9075,-0.15435185185185185,0.10411595428240739,2,"[-1.0, 0, 1]",0.0
0.9094444444444445,0,0.9094444444444445,-0.15500000000000003,0.10351667575445811,2,"[-1.0, 0, 1]",0.0
0.9113888888888888,0,0.9113888888888888,-0.1556481481481481,0.10291534295696192,2,"[-1.0, 0, 1]",0.0
0.9133333333333333,0,0.9133333333333333,-0.15629629629629627,0.10231200000000018,2,"[-1.0, 0, 1]",0.0
0.9152777777777776,0,0.9152777777777776,-0.1569444444444444,0.10170669099365581,2,"[-1.0, 0, 1]",0.0
0.9172222222222222,0,0.9172222222222222,-0.15759259259259256,0.10109946004801118,2,"[-1.0, 0, 1]",0.0
0.9191666666666667,0,0.9191666666666667,-0.15824074074074074,0.1004903512731482,2,"[-1.0, 0, 1]",0.0
0.921111111111111,0,0.921111111111111,-0.15888888888888886,0.09987940877914947,2,"[-1.0, 0, 1]",0.0
0.9230555555555555,0,0.9230555555555555,-0.15953703703703703,0.09926667667609734,2,"[-1.0, 0, 1]",0.0
0.925,0,0.925,-0.1601851851851852,0.09865219907407397,2,"[-1.0, 0, 1]",0.0
0.9269444444444443,0,0.9269444444444443,-0.16083333333333327,0.09803602008316215,2,"[-1.0, 0, 1]",0.0
0.9288888888888889,0,0.9288888888888889,-0.16148148148148145,0.09741818381344336,2,"[-1.0, 0, 1]",0.0
0.9308333333333332,0,0.9308333333333332,-0.16212962962962957,0.0967987343750002,2,"[-1.0, 0, 1]",0.0
0.9327777777777777,0,0.9327777777777777,-0.16277777777777774,0.09617771587791513,2,"[-1.0, 0, 1]",0.0
0.9347222222222222,0,0.9347222222222222,-0.16342592592592592,0.0955551724322703,2,"[-1.0, 0, 1]",0.0
0.9366666666666665,0,0.9366666666666665,-0.16407407407407404,0.09493114814814818,2,"[-1.0, 0, 1]",0.0
0.9386111111111111,0,0.9386111111111111,-0.16472222222222221,0.09430568713563103,2,"[-1.0, 0, 1]",0.0
0.9405555555555556,0,0.9405555555555556,-0.1653703703703704,0.09367883350480088,2,"[-1.0, 0, 1]",0.0
0.9424999999999999,0,0.9424999999999999,-0.16601851851851845,0.09305063136574099,2,"[-1.0, 0, 1]",0.0
0.9444444444444444,0,0.9444444444444444,-0.16666666666666663,0.09242112482853249,2,"[-1.0, 0, 1]",0.0
0.9463888888888887,0,0.9463888888888887,-0.16731481481481475,0.09179035800325808,2,"[-1.0, 0, 1]",0.0
0.9483333333333333,0,0.9483333333333333,-0.16796296296296293,0.09115837500000012,2,"[-1.0, 0, 1]",0.0
0.9502777777777778,0,0.9502777777777778,-0.1686111111111111,0.090525219928841,2,"[-1.0, 0, 1]",0.0
0.9522222222222221,0,0.9522222222222221,-0.16925925925925922,0.08989093689986283,2,"[-1.0, 0, 1]",0.0
0.9541666666666666,0,0.9541666666666666,-0.1699074074074074,0.08925557002314821,2,"[-1.0, 0, 1]",0.0
0.9561111111111111,0,0.9561111111111111,-0.17055555555555557,0.08861916340877907,2,"[-1.0, 0, 1]",0.0
0.9580555555555554,0,0.9580555555555554,-0.17120370370370364,0.08798176116683842,2,"[-1.0, 0, 1]",0.0
0.96,0,0.96,-0.1718518518518518,0.08734340740740765,2,"[-1.0, 0, 1]",0.0
0.9619444444444445,0,0.9619444444444445,-0.1725,0.08670414624056955,2,"[-1.0, 0, 1]",0.0
0.9638888888888888,0,0.9638888888888888,-0.1731481481481481,0.08606402177640626,2,"[-1.0, 0, 1]",0.0
0.9658333333333333,0,0.9658333333333333,-0.17379629629629628,0.08542307812500005,2,"[-1.0, 0, 1]",0.0
0.9677777777777776,0,0.9677777777777776,-0.1744444444444444,0.0847813593964335,2,"[-1.0, 0, 1]",0.0
0.9697222222222222,0,0.9697222222222222,-0.17509259259259258,0.08413890970078874,2,"[-1.0, 0, 1]",0.0
0.9716666666666667,0,0.9716666666666667,-0.17574074074074075,0.08349577314814816,2,"[-1.0, 0, 1]",0.0
0.973611111111111,0,0.973611111111111,-0.17638888888888882,0.08285199384859432,2,"[-1.0, 0, 1]",0.0
0.9755555555555555,0,0.9755555555555555,-0.177037037037037,0.08220761591220882,2,"[-1.0, 0, 1]",0.0
0.9775,0,0.9775,-0.17768518518518517,0.08156268344907447,2,"[-1.0, 0, 1]",0.0
0.9794444444444443,0,0.9794444444444443,-0.1783333333333333,0.08091724056927307,2,"[-1.0, 0, 1]",0.0
0.9813888888888889,0,0.9813888888888889,-0.17898148148148146,0.08027133138288767,2,"[-1.0, 0, 1]",0.0
0.9833333333333332,0,0.9833333333333332,-0.17962962962962958,0.07962499999999995,2,"[-1.0, 0, 1]",0.0
0.9852777777777777,0,0.9852777777777777,-0.18027777777777776,0.07897829053069261,2,"[-1.0, 0, 1]",0.0
0.9872222222222222,0,0.9872222222222222,-0.18092592592592593,0.0783312470850478,2,"[-1.0, 0, 1]",0.0
0.9891666666666665,0,0.9891666666666665,-0.181574074074074,0.07768391377314854,2,"[-1.0, 0, 1]",0.0
0.991111111111111,0,0.991111111111111,-0.18222222222222217,0.07703633470507565,2,"[-1.0, 0, 1]",0.0
0.9930555555555556,0,0.9930555555555556,-0.18287037037037035,0.07638855399091249,2,"[-1.0, 0, 1]",0.0
0.9949999999999999,0,0.9949999999999999,-0.18351851851851847,0.07574061574074098,2,"[-1.0, 0, 1]",0.0
0.9969444444444444,0,0.9969444444444444,-0.18416666666666665,0.07509256406464337,2,"[-1.0, 0, 1]",0.0
0.9988888888888889,0,0.9988888888888889,-0.18481481481481482,0.07444444307270226,2,"[-1.0, 0, 1]",0.0
1.0008333333333335,0,1.0008333333333335,-0.185462962962963,0.073796296875,2,"[-1.0, 0, 1]",0.0
1.0027777777777778,0,1.0027777777777778,-0.18611111111111112,0.07314816958161863,2,"[-1.0, 0, 1]",0.0
1.004722222222222,0,1.004722222222222,-0.18675925925925918,0.07250010530264095,2,"[-1.0, 0, 1]",0.0
1.0066666666666668,0,1.0066666666666668,-0.18740740740740747,0.07185214814814811,2,"[-1.0, 0, 1]",0.0
1.0086111111111111,0,1.0086111111111111,-0.18805555555555553,0.0712043422282238,2,"[-1.0, 0, 1]",0.0
1.0105555555555554,0,1.0105555555555554,-0.18870370370370365,0.0705567316529494,2,"[-1.0, 0, 1]",0.0
1.0124999999999997,0,1.0124999999999997,-0.18935185185185177,0.06990936053240737,2,"[-1.0, 0, 1]",0.0
1.0144444444444445,0,1.0144444444444445,-0.19,0.06926227297668042,2,"[-1.0, 0, 1]",0.0
1.0163888888888888,0,1.0163888888888888,-0.19064814814814812,0.06861551309585046,2,"[-1.0, 0, 1]",0.0
1.018333333333333,0,1.018333333333333,-0.1912962962962962,0.0679691250000003,2,"[-1.0, 0, 1]",0.0
1.0202777777777778,0,1.0202777777777778,-0.19194444444444447,0.0673231527992112,2,"[-1.0, 0, 1]",0.0
1.0222222222222221,0,1.0222222222222221,-0.19259259259259254,0.06667764060356673,2,"[-1.0, 0, 1]",0.0
1.0241666666666664,0,1.0241666666666664,-0.19324074074074066,0.0660326325231484,2,"[-1.0, 0, 1]",0.0
1.0261111111111112,0,1.0261111111111112,-0.1938888888888889,0.06538817266803876,2,"[-1.0, 0, 1]",0.0
1.0280555555555555,0,1.0280555555555555,-0.194537037037037,0.06474430514831986,2,"[-1.0, 0, 1]",0.0
1.0299999999999998,0,1.0299999999999998,-0.19518518518518513,0.06410107407407417,2,"[-1.0, 0, 1]",0.0
1.0319444444444446,0,1.0319444444444446,-0.19583333333333336,0.06345852355538417,2,"[-1.0, 0, 1]",0.0
1.0338888888888889,0,1.0338888888888889,-0.19648148148148148,0.06281669770233189,2,"[-1.0, 0, 1]",0.0
1.0358333333333332,0,1.0358333333333332,-0.19712962962962954,0.06217564062500025,2,"[-1.0, 0, 1]",0.0
1.037777777777778,0,1.037777777777778,-0.19777777777777783,0.06153539643347039,2,"[-1.0, 0, 1]",0.0
1.0397222222222222,0,1.0397222222222222,-0.1984259259259259,0.0608960092378259,2,"[-1.0, 0, 1]",0.0
1.0416666666666665,0,1.0416666666666665,-0.19907407407407401,0.06025752314814836,2,"[-1.0, 0, 1]",0.0
1.0436111111111113,0,1.0436111111111113,-0.19972222222222225,0.059619982274520256,2,"[-1.0, 0, 1]",0.0
1.0455555555555556,0,1.0455555555555556,-0.20037037037037037,0.05898343072702339,2,"[-1.0, 0, 1]",0.0
1.0474999999999999,0,1.0474999999999999,-0.20101851851851849,0.05834791261574046,2,"[-1.0, 0, 1]",0.0
1.0494444444444442,0,1.0494444444444442,-0.20166666666666655,0.05771347205075483,2,"[-1.0, 0, 1]",0.0
1.051388888888889,0,1.051388888888889,-0.20231481481481484,0.05708015314214676,2,"[-1.0, 0, 1]",0.0
1.0533333333333332,0,1.0533333333333332,-0.2029629629629629,0.0564480000000005,2,"[-1.0, 0, 1]",0.0
1.0552777777777775,0,1.0552777777777775,-0.20361111111111102,0.05581705673439652,2,"[-1.0, 0, 1]",0.0
1.0572222222222223,0,1.0572222222222223,-0.20425925925925925,0.055187367455418634,2,"[-1.0, 0, 1]",0.0
1.0591666666666666,0,1.0591666666666666,-0.20490740740740737,0.05455897627314821,2,"[-1.0, 0, 1]",0.0
1.061111111111111,0,1.061111111111111,-0.2055555555555555,0.053931927297667936,2,"[-1.0, 0, 1]",0.0
1.0630555555555556,0,1.0630555555555556,-0.20620370370370372,0.05330626463906052,2,"[-1.0, 0, 1]",0.0
1.065,0,1.065,-0.20685185185185184,0.05268203240740732,2,"[-1.0, 0, 1]",0.0
1.0669444444444443,0,1.0669444444444443,-0.2074999999999999,0.052059274712791925,2,"[-1.0, 0, 1]",0.0
1.068888888888889,0,1.068888888888889,-0.2081481481481482,0.05143803566529481,2,"[-1.0, 0, 1]",0.0
1.0708333333333333,0,1.0708333333333333,-0.20879629629629626,0.05081835937500023,2,"[-1.0, 0, 1]",0.0
1.0727777777777776,0,1.0727777777777776,-0.20944444444444438,0.05020028995198911,2,"[-1.0, 0, 1]",0.0
1.0747222222222224,0,1.0747222222222224,-0.2100925925925926,0.04958387150634436,2,"[-1.0, 0, 1]",0.0
1.0766666666666667,0,1.0766666666666667,-0.21074074074074073,0.048969148148148456,2,"[-1.0, 0, 1]",0.0
1.078611111111111,0,1.078611111111111,-0.21138888888888885,0.04835616398748277,2,"[-1.0, 0, 1]",0.0
1.0805555555555557,0,1.0805555555555557,-0.21203703703703708,0.047744963134430884,2,"[-1.0, 0, 1]",0.0
1.0825,0,1.0825,-0.2126851851851852,0.04713558969907394,2,"[-1.0, 0, 1]",0.0
1.0844444444444443,0,1.0844444444444443,-0.21333333333333326,0.04652808779149553,2,"[-1.0, 0, 1]",0.0
1.0863888888888886,0,1.0863888888888886,-0.21398148148148138,0.04592250152177657,2,"[-1.0, 0, 1]",0.0
1.0883333333333334,0,1.0883333333333334,-0.21462962962962961,0.0453188750000002,2,"[-1.0, 0, 1]",0.0
1.0902777777777777,0,1.0902777777777777,-0.21527777777777773,0.04471725233624846,2,"[-1.0, 0, 1]",0.0
1.092222222222222,0,1.092222222222222,-0.21592592592592585,0.04411767764060359,2,"[-1.0, 0, 1]",0.0
1.0941666666666667,0,1.0941666666666667,-0.21657407407407409,0.0435201950231483,2,"[-1.0, 0, 1]",0.0
1.096111111111111,0,1.096111111111111,-0.2172222222222222,0.04292484859396417,2,"[-1.0, 0, 1]",0.0
1.0980555555555553,0,1.0980555555555553,-0.21787037037037027,0.04233168246313479,2,"[-1.0, 0, 1]",0.0
1.1,0,1.1,-0.21851851851851856,0.041740740740740856,2,"[-1.0, 0, 1]",0.0
1.1019444444444444,0,1.1019444444444444,-0.21916666666666662,0.041152067536865955,2,"[-1.0, 0, 1]",0.0
1.1038888888888887,0,1.1038888888888887,-0.21981481481481474,0.04056570696159145,2,"[-1.0, 0, 1]",0.0
1.1058333333333334,0,1.1058333333333334,-0.22046296296296297,0.03998170312500027,2,"[-1.0, 0, 1]",0.0
1.1077777777777778,0,1.1077777777777778,-0.2211111111111111,0.03940010013717443,2,"[-1.0, 0, 1]",0.0
1.109722222222222,0,1.109722222222222,-0.2217592592592592,0.0388209421081962,2,"[-1.0, 0, 1]",0.0
1.1116666666666668,0,1.1116666666666668,-0.22240740740740744,0.03824427314814827,2,"[-1.0, 0, 1]",0.0
1.113611111111111,0,1.113611111111111,-0.22305555555555556,0.037670137367112444,2,"[-1.0, 0, 1]",0.0
1.1155555555555554,0,1.1155555555555554,-0.22370370370370363,0.03709857887517187,2,"[-1.0, 0, 1]",0.0
1.1175000000000002,0,1.1175000000000002,-0.2243518518518519,0.03652964178240725,2,"[-1.0, 0, 1]",0.0
1.1194444444444445,0,1.1194444444444445,-0.22499999999999998,0.035963370198903055,2,"[-1.0, 0, 1]",0.0
1.1213888888888888,0,1.1213888888888888,-0.2256481481481481,0.03539980823473954,2,"[-1.0, 0, 1]",0.0
1.123333333333333,0,1.123333333333333,-0.22629629629629622,0.034839000000000064,2,"[-1.0, 0, 1]",0.0
1.1252777777777778,0,1.1252777777777778,-0.22694444444444445,0.03428098960476689,2,"[-1.0, 0, 1]",0.0
1.1272222222222221,0,1.1272222222222221,-0.22759259259259257,0.03372582115912226,2,"[-1.0, 0, 1]",0.0
1.1291666666666664,0,1.1291666666666664,-0.22824074074074063,0.03317353877314866,2,"[-1.0, 0, 1]",0.0
1.1311111111111112,0,1.1311111111111112,-0.22888888888888892,0.032624186556927226,2,"[-1.0, 0, 1]",0.0
1.1330555555555555,0,1.1330555555555555,-0.22953703703703698,0.032077808620542436,2,"[-1.0, 0, 1]",0.0
1.1349999999999998,0,1.1349999999999998,-0.2301851851851851,0.03153444907407432,2,"[-1.0, 0, 1]",0.0
1.1369444444444445,0,1.1369444444444445,-0.23083333333333333,0.030994152027606692,2,"[-1.0, 0, 1]",0.0
1.1388888888888888,0,1.1388888888888888,-0.23148148148148145,0.03045696159122091,2,"[-1.0, 0, 1]",0.0
1.1408333333333331,0,1.1408333333333331,-0.23212962962962957,0.029922921874999897,2,"[-1.0, 0, 1]",0.0
1.142777777777778,0,1.142777777777778,-0.2327777777777778,0.029392076989026128,2,"[-1.0, 0, 1]",0.0
1.1447222222222222,0,1.1447222222222222,-0.23342592592592593,0.028864471043381412,2,"[-1.0, 0, 1]",0.0
1.1466666666666665,0,1.1466666666666665,-0.234074074074074,0.02834014814814867,2,"[-1.0, 0, 1]",0.0
1.1486111111111112,0,1.1486111111111112,-0.23472222222222228,0.0278191524134086,2,"[-1.0, 0, 1]",0.0
1.1505555555555556,0,1.1505555555555556,-0.23537037037037034,0.027301527949245896,2,"[-1.0, 0, 1]",0.0
1.1524999999999999,0,1.1524999999999999,-0.23601851851851846,0.026787318865740817,2,"[-1.0, 0, 1]",0.0
1.1544444444444442,0,1.1544444444444442,-0.23666666666666658,0.026276569272976724,2,"[-1.0, 0, 1]",0.0
1.156388888888889,0,1.156388888888889,-0.2373148148148148,0.025769323281035872,2,"[-1.0, 0, 1]",0.0
1.1583333333333332,0,1.1583333333333332,-0.23796296296296293,0.02526562500000007,2,"[-1.0, 0, 1]",0.0
1.1602777777777775,0,1.1602777777777775,-0.238611111111111,0.024765518539952458,2,"[-1.0, 0, 1]",0.0
1.1622222222222223,0,1.1622222222222223,-0.23925925925925928,0.02426904801097396,2,"[-1.0, 0, 1]",0.0
1.1641666666666666,0,1.1641666666666666,-0.23990740740740735,0.023776257523148603,2,"[-1.0, 0, 1]",0.0
1.1661111111111109,0,1.1661111111111109,-0.24055555555555547,0.02328719118655731,2,"[-1.0, 0, 1]",0.0
1.1680555555555556,0,1.1680555555555556,-0.2412037037037037,0.022801893111283,2,"[-1.0, 0, 1]",0.0
1.17,0,1.17,-0.24185185185185182,0.022320407407407483,2,"[-1.0, 0, 1]",0.0
1.1719444444444442,0,1.1719444444444442,-0.24249999999999994,0.021842778185013456,2,"[-1.0, 0, 1]",0.0
1.173888888888889,0,1.173888888888889,-0.24314814814814817,0.02136904955418384,2,"[-1.0, 0, 1]",0.0
1.1758333333333333,0,1.1758333333333333,-0.2437962962962963,0.020899265624999774,2,"[-1.0, 0, 1]",0.0
1.1777777777777776,0,1.1777777777777776,-0.24444444444444435,0.02043347050754485,2,"[-1.0, 0, 1]",0.0
1.1797222222222223,0,1.1797222222222223,-0.24509259259259264,0.01997170831189976,2,"[-1.0, 0, 1]",0.0
1.1816666666666666,0,1.1816666666666666,-0.2457407407407407,0.01951402314814854,2,"[-1.0, 0, 1]",0.0
1.183611111111111,0,1.183611111111111,-0.24638888888888882,0.019060459126371887,2,"[-1.0, 0, 1]",0.0
1.1855555555555557,0,1.1855555555555557,-0.24703703703703705,0.018611060356653386,2,"[-1.0, 0, 1]",0.0
1.1875,0,1.1875,-0.24768518518518517,0.01816587094907418,2,"[-1.0, 0, 1]",0.0
1.1894444444444443,0,1.1894444444444443,-0.2483333333333333,0.017724935013717413,2,"[-1.0, 0, 1]",0.0
1.1913888888888886,0,1.1913888888888886,-0.24898148148148136,0.01728829666066578,2,"[-1.0, 0, 1]",0.0
1.1933333333333334,0,1.1933333333333334,-0.24962962962962965,0.016855999999999982,2,"[-1.0, 0, 1]",0.0
1.1952777777777777,0,1.1952777777777777,-0.2502777777777777,0.01642808914180427,2,"[-1.0, 0, 1]",0.0
1.197222222222222,0,1.197222222222222,-0.25092592592592583,0.016004608196159564,2,"[-1.0, 0, 1]",0.0
1.1991666666666667,0,1.1991666666666667,-0.25157407407407406,0.015585601273148786,2,"[-1.0, 0, 1]",0.0
1.201111111111111,0,1.201111111111111,-0.2522222222222222,0.0151711124828533,2,"[-1.0, 0, 1]",0.0
1.2030555555555553,0,1.2030555555555553,-0.2528703703703703,0.014761185935356469,2,"[-1.0, 0, 1]",0.0
1.205,0,1.205,-0.25351851851851853,0.01435586574074077,2,"[-1.0, 0, 1]",0.0
1.2069444444444444,0,1.2069444444444444,-0.25416666666666665,0.013955196009087567,2,"[-1.0, 0, 1]",0.0
1.2088888888888887,0,1.2088888888888887,-0.2548148148148147,0.013559220850480447,2,"[-1.0, 0, 1]",0.0
1.2108333333333334,0,1.2108333333333334,-0.255462962962963,0.013167984374999664,2,"[-1.0, 0, 1]",0.0
1.2127777777777777,0,1.2127777777777777,-0.25611111111111107,0.012781530692730358,2,"[-1.0, 0, 1]",0.0
1.214722222222222,0,1.214722222222222,-0.2567592592592592,0.012399903913751897,2,"[-1.0, 0, 1]",0.0
1.2166666666666668,0,1.2166666666666668,-0.2574074074074074,0.012023148148148532,2,"[-1.0, 0, 1]",0.0
1.218611111111111,0,1.218611111111111,-0.25805555555555554,0.011651307506001629,2,"[-1.0, 0, 1]",0.0
1.2205555555555554,0,1.2205555555555554,-0.25870370370370366,0.011284426097393663,2,"[-1.0, 0, 1]",0.0
1.2225000000000001,0,1.2225000000000001,-0.2593518518518519,0.010922548032407553,2,"[-1.0, 0, 1]",0.0
1.2244444444444444,0,1.2244444444444444,-0.26,0.010565717421124665,2,"[-1.0, 0, 1]",0.0
1.2263888888888888,0,1.2263888888888888,-0.2606481481481481,0.010213978373628807,2,"[-1.0, 0, 1]",0.0
1.228333333333333,0,1.228333333333333,-0.2612962962962962,0.009867375000000234,2,"[-1.0, 0, 1]",0.0
1.2302777777777778,0,1.2302777777777778,-0.2619444444444444,0.00952595141032253,2,"[-1.0, 0, 1]",0.0
1.232222222222222,0,1.232222222222222,-0.26259259259259254,0.00918975171467773,2,"[-1.0, 0, 1]",0.0
1.2341666666666664,0,1.2341666666666664,-0.26324074074074066,0.008858820023147862,2,"[-1.0, 0, 1]",0.0
1.2361111111111112,0,1.2361111111111112,-0.2638888888888889,0.008533200445816291,2,"[-1.0, 0, 1]",0.0
1.2380555555555555,0,1.2380555555555555,-0.264537037037037,0.008212937092763939,2,"[-1.0, 0, 1]",0.0
1.2399999999999998,0,1.2399999999999998,-0.2651851851851851,0.00789807407407439,2,"[-1.0, 0, 1]",0.0
1.2419444444444445,0,1.2419444444444445,-0.26583333333333337,0.007588655499828345,2,"[-1.0, 0, 1]",0.0
1.2438888888888888,0,1.2438888888888888,-0.26648148148148143,0.007284725480110277,2,"[-1.0, 0, 1]",0.0
1.2458333333333331,0,1.2458333333333331,-0.26712962962962955,0.0069863281250002185,2,"[-1.0, 0, 1]",0.0
1.2477777777777779,0,1.2477777777777779,-0.2677777777777778,0.006693507544581978,2,"[-1.0, 0, 1]",0.0
1.2497222222222222,0,1.2497222222222222,-0.2684259259259259,0.006406307848937143,2,"[-1.0, 0, 1]",0.0
1.2516666666666665,0,1.2516666666666665,-0.269074074074074,0.006124773148147966,2,"[-1.0, 0, 1]",0.0
1.2536111111111112,0,1.2536111111111112,-0.26972222222222225,0.005848947552297812,2,"[-1.0, 0, 1]",0.0
1.2555555555555555,0,1.2555555555555555,-0.27037037037037037,0.005578875171467601,2,"[-1.0, 0, 1]",0.0
1.2574999999999998,0,1.2574999999999998,-0.27101851851851844,0.0053146001157411416,2,"[-1.0, 0, 1]",0.0
1.2594444444444446,0,1.2594444444444446,-0.2716666666666667,0.005056166495198466,2,"[-1.0, 0, 1]",0.0
1.261388888888889,0,1.261388888888889,-0.2723148148148148,0.004803618419924938,2,"[-1.0, 0, 1]",0.0
1.2633333333333332,0,1.2633333333333332,-0.2729629629629629,0.004557000000000144,2,"[-1.0, 0, 1]",0.0
1.2652777777777775,0,1.2652777777777775,-0.273611111111111,0.00431635534550745,2,"[-1.0, 0, 1]",0.0
1.2672222222222222,0,1.2672222222222222,-0.27425925925925926,0.004081728566529552,2,"[-1.0, 0, 1]",0.0
1.2691666666666666,0,1.2691666666666666,-0.2749074074074074,0.0038531637731478163,2,"[-1.0, 0, 1]",0.0
1.2711111111111109,0,1.2711111111111109,-0.27555555555555544,0.0036307050754467163,2,"[-1.0, 0, 1]",0.0
1.2730555555555556,0,1.2730555555555556,-0.27620370370370373,0.0034143965835045087,2,"[-1.0, 0, 1]",0.0
1.275,0,1.275,-0.2768518518518518,0.003204282407407888,2,"[-1.0, 0, 1]",0.0
1.2769444444444442,0,1.2769444444444442,-0.2774999999999999,0.003000406657235999,2,"[-1.0, 0, 1]",0.0
1.278888888888889,0,1.278888888888889,-0.27814814814814814,0.0028028134430728713,2,"[-1.0, 0, 1]",0.0
1.2808333333333333,0,1.2808333333333333,-0.27879629629629626,0.0026115468749998705,2,"[-1.0, 0, 1]",0.0
1.2827777777777776,0,1.2827777777777776,-0.2794444444444444,0.002426651063100138,2,"[-1.0, 0, 1]",0.0
1.2847222222222223,0,1.2847222222222223,-0.2800925925925926,0.0022481701174554836,2,"[-1.0, 0, 1]",0.0
1.2866666666666666,0,1.2866666666666666,-0.28074074074074074,0.002076148148147716,2,"[-1.0, 0, 1]",0.0
1.288611111111111,0,1.288611111111111,-0.2813888888888888,0.00191062926526131,2,"[-1.0, 0, 1]",0.0
1.2905555555555557,0,1.2905555555555557,-0.2820370370370371,0.0017516575788749655,2,"[-1.0, 0, 1]",0.0
1.2925,0,1.2925,-0.28268518518518515,0.0015992771990744892,2,"[-1.0, 0, 1]",0.0
1.2944444444444443,0,1.2944444444444443,-0.28333333333333327,0.0014535322359399139,2,"[-1.0, 0, 1]",0.0
1.296388888888889,0,1.296388888888889,-0.2839814814814815,0.0013144667995548254,2,"[-1.0, 0, 1]",0.0
1.2983333333333333,0,1.2983333333333333,-0.2846296296296296,0.0011821250000001449,2,"[-1.0, 0, 1]",0.0
1.3002777777777776,0,1.3002777777777776,-0.28527777777777774,0.001056550947359458,2,"[-1.0, 0, 1]",0.0
1.302222222222222,0,1.302222222222222,-0.2859259259259258,0.0009377887517150185,2,"[-1.0, 0, 1]",0.0
1.3041666666666667,0,1.3041666666666667,-0.2865740740740741,0.0008258825231481914,2,"[-1.0, 0, 1]",0.0
1.306111111111111,0,1.306111111111111,-0.28722222222222216,0.0007208763717421185,2,"[-1.0, 0, 1]",0.0
1.3080555555555553,0,1.3080555555555553,-0.2878703703703703,0.0006228144075790532,2,"[-1.0, 0, 1]",0.0
1.31,0,1.31,-0.2885185185185185,0.0005317407407412489,2,"[-1.0, 0, 1]",0.0
1.3119444444444444,0,1.3119444444444444,-0.2891666666666666,0.000447699481310071,2,"[-1.0, 0, 1]",0.0
1.3138888888888887,0,1.3138888888888887,-0.28981481481481475,0.0003707347393686611,2,"[-1.0, 0, 1]",0.0
1.3158333333333334,0,1.3158333333333334,-0.290462962962963,0.00030089062500016084,2,"[-1.0, 0, 1]",0.0
1.3177777777777777,0,1.3177777777777777,-0.2911111111111111,0.00023821124828504736,2,"[-1.0, 0, 1]",0.0
1.319722222222222,0,1.319722222222222,-0.29175925925925916,0.00018274071930735047,2,"[-1.0, 0, 1]",0.0
1.3216666666666668,0,1.3216666666666668,-0.29240740740740745,0.00013452314814799138,2,"[-1.0, 0, 1]",0.0
1.323611111111111,0,1.323611111111111,-0.2930555555555555,9.360264489055581e-05,2,"[-1.0, 0, 1]",0.0
1.3255555555555554,0,1.3255555555555554,-0.29370370370370363,6.0023319615964965e-05,2,"[-1.0, 0, 1]",0.0
1.3275000000000001,0,1.3275000000000001,-0.29435185185185186,3.3829282407804584e-05,2,"[-1.0, 0, 1]",0.0
1.3294444444444444,0,1.3294444444444444,-0.295,1.5064643346995865e-05,2,"[-1.0, 0, 1]",0.0
1.3313888888888887,0,1.3313888888888887,-0.2956481481481481,3.773512516680455e-06,2,"[-1.0, 0, 1]",0.0
1.3333333333333,0,1.3333333333333,-0.2962962962962852,-4.440892098500626e-16,2,"[-1.0, 0, 1]",0.0
1.3352777777777778,0,1.3352777777777778,-0.29694444444444446,3.788215877431611e-06,2,"[-1.0, 0, 1]",0.0
1.337222222222222,0,1.337222222222222,-0.2975925925925925,1.5182270233449202e-05,2,"[-1.0, 0, 1]",0.0
1.3391666666666664,0,1.3391666666666664,-0.29824074074074064,3.4226273148529884e-05,2,"[-1.0, 0, 1]",0.0
1.3411111111111111,0,1.3411111111111111,-0.29888888888888887,6.0964334705371215e-05,2,"[-1.0, 0, 1]",0.0
1.3430555555555554,0,1.3430555555555554,-0.299537037037037,9.544056498667075e-05,2,"[-1.0, 0, 1]",0.0
1.3449999999999998,0,1.3449999999999998,-0.3001851851851851,0.00013769907407379378,2,"[-1.0, 0, 1]",0.0
1.3469444444444445,0,1.3469444444444445,-0.30083333333333334,0.00018778397205121422,2,"[-1.0, 0, 1]",0.0
1.3488888888888888,0,1.3488888888888888,-0.30148148148148146,0.000245739368998521,2,"[-1.0, 0, 1]",0.0
1.350833333333333,0,1.350833333333333,-0.3021296296296295,0.00031160937500063213,2,"[-1.0, 0, 1]",0.0
1.3527777777777779,0,1.3527777777777779,-0.3027777777777778,0.00038543810013713653,2,"[-1.0, 0, 1]",0.0
1.3547222222222222,0,1.3547222222222222,-0.3034259259259259,0.0004672696544929522,2,"[-1.0, 0, 1]",0.0
1.3566666666666665,0,1.3566666666666665,-0.304074074074074,0.0005571481481481122,2,"[-1.0, 0, 1]",0.0
1.3586111111111112,0,1.3586111111111112,-0.3047222222222222,0.0006551176911870904,2,"[-1.0, 0, 1]",0.0
1.3605555555555555,0,1.3605555555555555,-0.30537037037037035,0.0007612223936903639,2,"[-1.0, 0, 1]",0.0
1.3624999999999998,0,1.3624999999999998,-0.30601851851851847,0.0008755063657406303,2,"[-1.0, 0, 1]",0.0
1.3644444444444446,0,1.3644444444444446,-0.3066666666666667,0.0009980137174214754,2,"[-1.0, 0, 1]",0.0
1.3663888888888889,0,1.3663888888888889,-0.3073148148148148,0.0011287885588133761,2,"[-1.0, 0, 1]",0.0
1.3683333333333332,0,1.3683333333333332,-0.3079629629629629,0.0012678750000003625,2,"[-1.0, 0, 1]",0.0
1.370277777777778,0,1.370277777777778,-0.30861111111111117,0.0014153171510629114,2,"[-1.0, 0, 1]",0.0
1.3722222222222222,0,1.3722222222222222,-0.30925925925925923,0.001571159122085497,2,"[-1.0, 0, 1]",0.0
1.3741666666666665,0,1.3741666666666665,-0.30990740740740735,0.0017354450231481522,2,"[-1.0, 0, 1]",0.0
1.3761111111111108,0,1.3761111111111108,-0.3105555555555555,0.0019082189643344627,2,"[-1.0, 0, 1]",0.0
1.3780555555555556,0,1.3780555555555556,-0.3112037037037037,0.002089525055727126,2,"[-1.0, 0, 1]",0.0
1.38,0,1.38,-0.3118518518518518,0.0022794074074075077,2,"[-1.0, 0, 1]",0.0
1.3819444444444442,0,1.3819444444444442,-0.3124999999999999,0.002477910129458305,2,"[-1.0, 0, 1]",0.0
1.383888888888889,0,1.383888888888889,-0.3131481481481482,0.0026850773319613275,2,"[-1.0, 0, 1]",0.0
1.3858333333333333,0,1.3858333333333333,-0.31379629629629624,0.0029009531250001608,2,"[-1.0, 0, 1]",0.0
1.3877777777777776,0,1.3877777777777776,-0.31444444444444436,0.003125581618655726,2,"[-1.0, 0, 1]",0.0
1.3897222222222223,0,1.3897222222222223,-0.3150925925925926,0.0033590069230120534,2,"[-1.0, 0, 1]",0.0
1.3916666666666666,0,1.3916666666666666,-0.3157407407407407,0.0036012731481487315,2,"[-1.0, 0, 1]",0.0
1.393611111111111,0,1.393611111111111,-0.31638888888888883,0.003852424404149346,2,"[-1.0, 0, 1]",0.0
1.3955555555555557,0,1.3955555555555557,-0.31703703703703706,0.004112504801097927,2,"[-1.0, 0, 1]",0.0
1.3975,0,1.3975,-0.3176851851851852,0.004381558449074063,2,"[-1.0, 0, 1]",0.0
1.3994444444444443,0,1.3994444444444443,-0.31833333333333325,0.004659629458162229,2,"[-1.0, 0, 1]",0.0
1.401388888888889,0,1.401388888888889,-0.31898148148148153,0.004946761938442901,2,"[-1.0, 0, 1]",0.0
1.4033333333333333,0,1.4033333333333333,-0.3196296296296296,0.005243000000000553,2,"[-1.0, 0, 1]",0.0
1.4052777777777776,0,1.4052777777777776,-0.3202777777777777,0.005548387752915218,2,"[-1.0, 0, 1]",0.0
1.4072222222222224,0,1.4072222222222224,-0.32092592592592595,0.0058629693072704825,2,"[-1.0, 0, 1]",0.0
1.4091666666666667,0,1.4091666666666667,-0.32157407407407407,0.006186788773148155,2,"[-1.0, 0, 1]",0.0
1.411111111111111,0,1.411111111111111,-0.3222222222222222,0.006519890260630934,2,"[-1.0, 0, 1]",0.0
1.4130555555555553,0,1.4130555555555553,-0.32287037037037025,0.006862317879801516,2,"[-1.0, 0, 1]",0.0
1.415,0,1.415,-0.32351851851851854,0.007214115740740823,2,"[-1.0, 0, 1]",0.0
1.4169444444444443,0,1.4169444444444443,-0.3241666666666666,0.007575327953532884,2,"[-1.0, 0, 1]",0.0
1.4188888888888886,0,1.4188888888888886,-0.3248148148148147,0.007945998628258177,2,"[-1.0, 0, 1]",0.0
1.4208333333333334,0,1.4208333333333334,-0.32546296296296295,0.008326171875000732,2,"[-1.0, 0, 1]",0.0
1.4227777777777777,0,1.4227777777777777,-0.3261111111111111,0.008715891803841025,2,"[-1.0, 0, 1]",0.0
1.424722222222222,0,1.424722222222222,-0.3267592592592592,0.009115202524862642,2,"[-1.0, 0, 1]",0.0
1.4266666666666667,0,1.4266666666666667,-0.3274074074074074,0.009524148148148281,2,"[-1.0, 0, 1]",0.0
1.428611111111111,0,1.428611111111111,-0.32805555555555554,0.009942772783778864,2,"[-1.0, 0, 1]",0.0
1.4305555555555554,0,1.4305555555555554,-0.3287037037037036,0.010371120541838419,2,"[-1.0, 0, 1]",0.0
1.4325,0,1.4325,-0.3293518518518519,0.01080923553240698,2,"[-1.0, 0, 1]",0.0
1.4344444444444444,0,1.4344444444444444,-0.32999999999999996,0.011257161865569909,2,"[-1.0, 0, 1]",0.0
1.4363888888888887,0,1.4363888888888887,-0.3306481481481481,0.011714943651405907,2,"[-1.0, 0, 1]",0.0
1.4383333333333335,0,1.4383333333333335,-0.3312962962962963,0.01218262500000078,2,"[-1.0, 0, 1]",0.0
1.4402777777777778,0,1.4402777777777778,-0.33194444444444443,0.012660250021433672,2,"[-1.0, 0, 1]",0.0
1.442222222222222,0,1.442222222222222,-0.33259259259259255,0.013147862825788614,2,"[-1.0, 0, 1]",0.0
1.4441666666666664,0,1.4441666666666664,-0.3332407407407406,0.013645507523148748,2,"[-1.0, 0, 1]",0.0
1.4461111111111111,0,1.4461111111111111,-0.3338888888888889,0.014153228223594105,2,"[-1.0, 0, 1]",0.0
1.4480555555555554,0,1.4480555555555554,-0.33453703703703697,0.014671069037208717,2,"[-1.0, 0, 1]",0.0
1.4499999999999997,0,1.4499999999999997,-0.3351851851851851,0.015199074074073948,2,"[-1.0, 0, 1]",0.0
1.4519444444444445,0,1.4519444444444445,-0.3358333333333333,0.015737287444273385,2,"[-1.0, 0, 1]",0.0
1.4538888888888888,0,1.4538888888888888,-0.33648148148148144,0.016285753257887503,2,"[-1.0, 0, 1]",0.0
1.455833333333333,0,1.455833333333333,-0.33712962962962956,0.01684451562499989,2,"[-1.0, 0, 1]",0.0
1.4577777777777778,0,1.4577777777777778,-0.3377777777777778,0.01741361865569324,2,"[-1.0, 0, 1]",0.0
1.4597222222222221,0,1.4597222222222221,-0.3384259259259259,0.017993106460048036,2,"[-1.0, 0, 1]",0.0
1.4616666666666664,0,1.4616666666666664,-0.339074074074074,0.018583023148148303,2,"[-1.0, 0, 1]",0.0
1.4636111111111112,0,1.4636111111111112,-0.33972222222222226,0.019183412830075408,2,"[-1.0, 0, 1]",0.0
1.4655555555555555,0,1.4655555555555555,-0.3403703703703703,0.019794319615912492,2,"[-1.0, 0, 1]",0.0
1.4674999999999998,0,1.4674999999999998,-0.34101851851851844,0.020415787615740477,2,"[-1.0, 0, 1]",0.0
1.4694444444444446,0,1.4694444444444446,-0.3416666666666667,0.02104786093964428,2,"[-1.0, 0, 1]",0.0
1.4713888888888889,0,1.4713888888888889,-0.3423148148148148,0.021690583697702603,2,"[-1.0, 0, 1]",0.0
1.4733333333333332,0,1.4733333333333332,-0.3429629629629629,0.02234399999999992,2,"[-1.0, 0, 1]",0.0
1.475277777777778,0,1.475277777777778,-0.34361111111111114,0.023008153956618926,2,"[-1.0, 0, 1]",0.0
1.4772222222222222,0,1.4772222222222222,-0.34425925925925926,0.023683089677640545,2,"[-1.0, 0, 1]",0.0
1.4791666666666665,0,1.4791666666666665,-0.34490740740740733,0.024368851273148806,2,"[-1.0, 0, 1]",0.0
1.4811111111111108,0,1.4811111111111108,-0.34555555555555545,0.02506548285322374,2,"[-1.0, 0, 1]",0.0
1.4830555555555556,0,1.4830555555555556,-0.3462037037037037,0.025773028527949826,2,"[-1.0, 0, 1]",0.0
1.4849999999999999,0,1.4849999999999999,-0.3468518518518518,0.026491532407407536,2,"[-1.0, 0, 1]",0.0
1.4869444444444442,0,1.4869444444444442,-0.3474999999999999,0.027221038601680014,2,"[-1.0, 0, 1]",0.0
1.488888888888889,0,1.488888888888889,-0.34814814814814815,0.0279615912208504,2,"[-1.0, 0, 1]",0.0
1.4908333333333332,0,1.4908333333333332,-0.34879629629629627,0.02871323437499962,2,"[-1.0, 0, 1]",0.0
1.4927777777777775,0,1.4927777777777775,-0.34944444444444434,0.029476012174211697,2,"[-1.0, 0, 1]",0.0
1.4947222222222223,0,1.4947222222222223,-0.3500925925925926,0.030249968728566223,2,"[-1.0, 0, 1]",0.0
1.4966666666666666,0,1.4966666666666666,-0.3507407407407407,0.03103514814814856,2,"[-1.0, 0, 1]",0.0
1.498611111111111,0,1.498611111111111,-0.3513888888888888,0.031831594543038744,2,"[-1.0, 0, 1]",0.0
1.5005555555555556,0,1.5005555555555556,-0.35203703703703704,0.03263935202331991,2,"[-1.0, 0, 1]",0.0
1.5025,0,1.5025,-0.3526851851851851,0.03345846469907521,2,"[-1.0, 0, 1]",0.0
1.5044444444444443,0,1.5044444444444443,-0.3533333333333333,0.034288976680383776,2,"[-1.0, 0, 1]",0.0
1.506388888888889,0,1.506388888888889,-0.35398148148148145,0.0351309320773332,2,"[-1.0, 0, 1]",0.0
1.5083333333333333,0,1.5083333333333333,-0.35462962962962963,0.0359843750000004,2,"[-1.0, 0, 1]",0.0
1.5102777777777776,0,1.5102777777777776,-0.3552777777777777,0.03684934955847119,2,"[-1.0, 0, 1]",0.0
1.5122222222222224,0,1.5122222222222224,-0.355925925925926,0.03772589986282604,2,"[-1.0, 0, 1]",0.0
1.5141666666666667,0,1.5141666666666667,-0.35657407407407404,0.03861407002314898,2,"[-1.0, 0, 1]",0.0
1.516111111111111,0,1.516111111111111,-0.3572222222222221,0.039513904149520496,2,"[-1.0, 0, 1]",0.0
1.5180555555555553,0,1.5180555555555553,-0.3578703703703703,0.04042544635202283,2,"[-1.0, 0, 1]",0.0
1.52,0,1.52,-0.35851851851851846,0.04134874074074224,2,"[-1.0, 0, 1]",0.0
1.5219444444444443,0,1.5219444444444443,-0.35916666666666663,0.042283831425754315,2,"[-1.0, 0, 1]",0.0
1.5238888888888886,0,1.5238888888888886,-0.3598148148148147,0.043230762517147525,2,"[-1.0, 0, 1]",0.0
1.5258333333333334,0,1.5258333333333334,-0.360462962962963,0.04418957812500013,2,"[-1.0, 0, 1]",0.0
1.5277777777777777,0,1.5277777777777777,-0.36111111111111105,0.0451603223593966,2,"[-1.0, 0, 1]",0.0
1.529722222222222,0,1.529722222222222,-0.3617592592592591,0.04614303933041963,2,"[-1.0, 0, 1]",0.0
1.5316666666666667,0,1.5316666666666667,-0.3624074074074074,0.04713777314814882,2,"[-1.0, 0, 1]",0.0
1.533611111111111,0,1.533611111111111,-0.36305555555555546,0.04814456792266952,2,"[-1.0, 0, 1]",0.0
1.5355555555555553,0,1.5355555555555553,-0.36370370370370364,0.04916346776406044,2,"[-1.0, 0, 1]",0.0
1.5375,0,1.5375,-0.3643518518518518,0.050194516782408716,2,"[-1.0, 0, 1]",0.0
1.5394444444444444,0,1.5394444444444444,-0.365,0.05123775908779171,2,"[-1.0, 0, 1]",0.0
1.5413888888888887,0,1.5413888888888887,-0.36564814814814806,0.052293238790294794,2,"[-1.0, 0, 1]",0.0
1.5433333333333334,0,1.5433333333333334,-0.36629629629629634,0.053361000000000214,2,"[-1.0, 0, 1]",0.0
1.5452777777777778,0,1.5452777777777778,-0.3669444444444444,0.05444108682698934,2,"[-1.0, 0, 1]",0.0
1.547222222222222,0,1.547222222222222,-0.36759259259259247,0.05553354338134575,2,"[-1.0, 0, 1]",0.0
1.5491666666666668,0,1.5491666666666668,-0.36824074074074076,0.0566384137731486,2,"[-1.0, 0, 1]",0.0
1.551111111111111,0,1.551111111111111,-0.3688888888888888,0.05775574211248413,2,"[-1.0, 0, 1]",0.0
1.5530555555555554,0,1.5530555555555554,-0.369537037037037,0.058885572509430606,2,"[-1.0, 0, 1]",0.0
1.5549999999999997,0,1.5549999999999997,-0.37018518518518506,0.06002794907407427,2,"[-1.0, 0, 1]",0.0
1.5569444444444445,0,1.5569444444444445,-0.37083333333333335,0.06118291591649516,2,"[-1.0, 0, 1]",0.0
1.5588888888888888,0,1.5588888888888888,-0.3714814814814814,0.06235051714677731,2,"[-1.0, 0, 1]",0.0
1.560833333333333,0,1.560833333333333,-0.3721296296296295,0.06353079687500163,2,"[-1.0, 0, 1]",0.0
1.5627777777777778,0,1.5627777777777778,-0.37277777777777776,0.0647237992112486,2,"[-1.0, 0, 1]",0.0
1.5647222222222221,0,1.5647222222222221,-0.37342592592592583,0.06592956826560448,2,"[-1.0, 0, 1]",0.0
1.5666666666666664,0,1.5666666666666664,-0.374074074074074,0.06714814814814796,2,"[-1.0, 0, 1]",0.0
1.5686111111111112,0,1.5686111111111112,-0.3747222222222222,0.06837958296896574,2,"[-1.0, 0, 1]",0.0
1.5705555555555555,0,1.5705555555555555,-0.37537037037037035,0.06962391683813429,2,"[-1.0, 0, 1]",0.0
1.5724999999999998,0,1.5724999999999998,-0.3760185185185184,0.07088119386574121,2,"[-1.0, 0, 1]",0.0
1.5744444444444445,0,1.5744444444444445,-0.3766666666666667,0.07215145816186563,2,"[-1.0, 0, 1]",0.0
1.5763888888888888,0,1.5763888888888888,-0.37731481481481477,0.07343475383659159,2,"[-1.0, 0, 1]",0.0
1.5783333333333331,0,1.5783333333333331,-0.37796296296296283,0.07473112500000134,2,"[-1.0, 0, 1]",0.0
1.580277777777778,0,1.580277777777778,-0.3786111111111111,0.07604061576217491,2,"[-1.0, 0, 1]",0.0
1.5822222222222222,0,1.5822222222222222,-0.3792592592592592,0.07736327023319767,2,"[-1.0, 0, 1]",0.0
1.5841666666666665,0,1.5841666666666665,-0.37990740740740736,0.07869913252314786,2,"[-1.0, 0, 1]",0.0
1.5861111111111112,0,1.5861111111111112,-0.38055555555555554,0.08004824674211353,2,"[-1.0, 0, 1]",0.0
1.5880555555555556,0,1.5880555555555556,-0.3812037037037037,0.08141065700017158,2,"[-1.0, 0, 1]",0.0
1.5899999999999999,0,1.5899999999999999,-0.3818518518518518,0.08278640740740828,2,"[-1.0, 0, 1]",0.0
1.5919444444444442,0,1.5919444444444442,-0.38249999999999984,0.08417554207390365,2,"[-1.0, 0, 1]",0.0
1.593888888888889,0,1.593888888888889,-0.3831481481481481,0.08557810510973995,2,"[-1.0, 0, 1]",0.0
1.5958333333333332,0,1.5958333333333332,-0.3837962962962962,0.08699414062500122,2,"[-1.0, 0, 1]",0.0
1.5977777777777775,0,1.5977777777777775,-0.38444444444444437,0.08842369272976658,2,"[-1.0, 0, 1]",0.0
1.5997222222222223,0,1.5997222222222223,-0.38509259259259254,0.08986680553412363,2,"[-1.0, 0, 1]",0.0
1.6016666666666666,0,1.6016666666666666,-0.3857407407407407,0.09132352314814796,2,"[-1.0, 0, 1]",0.0
1.6036111111111109,0,1.6036111111111109,-0.3863888888888888,0.09279388968192848,2,"[-1.0, 0, 1]",0.0
1.6055555555555556,0,1.6055555555555556,-0.38703703703703707,0.09427794924554167,2,"[-1.0, 0, 1]",0.0
1.6075,0,1.6075,-0.38768518518518513,0.09577574594907468,2,"[-1.0, 0, 1]",0.0
1.6094444444444442,0,1.6094444444444442,-0.3883333333333332,0.09728732390260753,2,"[-1.0, 0, 1]",0.0
1.611388888888889,0,1.611388888888889,-0.3889814814814815,0.09881272721622203,2,"[-1.0, 0, 1]",0.0
1.6133333333333333,0,1.6133333333333333,-0.38962962962962955,0.10035200000000088,2,"[-1.0, 0, 1]",0.0
1.6152777777777776,0,1.6152777777777776,-0.3902777777777777,0.1019051863640259,2,"[-1.0, 0, 1]",0.0
1.6172222222222223,0,1.6172222222222223,-0.3909259259259259,0.10347233041838333,2,"[-1.0, 0, 1]",0.0
1.6191666666666666,0,1.6191666666666666,-0.3915740740740741,0.10505347627314876,2,"[-1.0, 0, 1]",0.0
1.621111111111111,0,1.621111111111111,-0.39222222222222214,0.10664866803840933,2,"[-1.0, 0, 1]",0.0
1.6230555555555557,0,1.6230555555555557,-0.3928703703703704,0.10825794982424508,2,"[-1.0, 0, 1]",0.0
1.625,0,1.625,-0.3935185185185185,0.10988136574074137,2,"[-1.0, 0, 1]",0.0
1.6269444444444443,0,1.6269444444444443,-0.39416666666666655,0.11151895989797822,2,"[-1.0, 0, 1]",0.0
1.6288888888888886,0,1.6288888888888886,-0.39481481481481473,0.11317077640603479,2,"[-1.0, 0, 1]",0.0
1.6308333333333334,0,1.6308333333333334,-0.3954629629629629,0.11483685937500177,2,"[-1.0, 0, 1]",0.0
1.6327777777777777,0,1.6327777777777777,-0.3961111111111111,0.11651725291495207,2,"[-1.0, 0, 1]",0.0
1.634722222222222,0,1.634722222222222,-0.39675925925925914,0.11821200113597463,2,"[-1.0, 0, 1]",0.0
1.6366666666666667,0,1.6366666666666667,-0.39740740740740743,0.1199211481481477,2,"[-1.0, 0, 1]",0.0
1.638611111111111,0,1.638611111111111,-0.3980555555555555,0.12164473806155751,2,"[-1.0, 0, 1]",0.0
1.6405555555555553,0,1.6405555555555553,-0.39870370370370356,0.12338281498628412,2,"[-1.0, 0, 1]",0.0
1.6425,0,1.6425,-0.39935185185185185,0.12513542303240843,2,"[-1.0, 0, 1]",0.0
1.6444444444444444,0,1.6444444444444444,-0.3999999999999999,0.12690260631001582,2,"[-1.0, 0, 1]",0.0
1.6463888888888887,0,1.6463888888888887,-0.4006481481481481,0.12868440892918365,2,"[-1.0, 0, 1]",0.0
1.6483333333333334,0,1.6483333333333334,-0.40129629629629626,0.13048087500000172,2,"[-1.0, 0, 1]",0.0
1.6502777777777777,0,1.6502777777777777,-0.40194444444444444,0.13229204863254385,2,"[-1.0, 0, 1]",0.0
1.652222222222222,0,1.652222222222222,-0.4025925925925925,0.13411797393690073,2,"[-1.0, 0, 1]",0.0
1.6541666666666668,0,1.6541666666666668,-0.4032407407407408,0.13595869502314883,2,"[-1.0, 0, 1]",0.0
1.656111111111111,0,1.656111111111111,-0.40388888888888885,0.13781425600137265,2,"[-1.0, 0, 1]",0.0
1.6580555555555554,0,1.6580555555555554,-0.4045370370370369,0.13968470098165486,2,"[-1.0, 0, 1]",0.0
1.6600000000000001,0,1.6600000000000001,-0.4051851851851852,0.1415700740740755,2,"[-1.0, 0, 1]",0.0
1.6619444444444444,0,1.6619444444444444,-0.40583333333333327,0.14347041938871907,2,"[-1.0, 0, 1]",0.0
1.6638888888888888,0,1.6638888888888888,-0.40648148148148144,0.14538578103566557,2,"[-1.0, 0, 1]",0.0
1.665833333333333,0,1.665833333333333,-0.4071296296296295,0.14731620312500127,2,"[-1.0, 0, 1]",0.0
1.6677777777777778,0,1.6677777777777778,-0.4077777777777778,0.14926172976680352,2,"[-1.0, 0, 1]",0.0
1.669722222222222,0,1.669722222222222,-0.40842592592592586,0.15122240507116036,2,"[-1.0, 0, 1]",0.0
1.6716666666666664,0,1.6716666666666664,-0.4090740740740739,0.15319827314814916,2,"[-1.0, 0, 1]",0.0
1.6736111111111112,0,1.6736111111111112,-0.4097222222222222,0.1551893781078535,2,"[-1.0, 0, 1]",0.0
1.6755555555555555,0,1.6755555555555555,-0.4103703703703703,0.15719576406035785,2,"[-1.0, 0, 1]",0.0
1.6774999999999998,0,1.6774999999999998,-0.41101851851851845,0.15921747511574047,2,"[-1.0, 0, 1]",0.0
1.6794444444444445,0,1.6794444444444445,-0.4116666666666666,0.1612545553840885,2,"[-1.0, 0, 1]",0.0
1.6813888888888888,0,1.6813888888888888,-0.4123148148148148,0.1633070489754802,2,"[-1.0, 0, 1]",0.0
1.6833333333333331,0,1.6833333333333331,-0.41296296296296287,0.16537500000000005,2,"[-1.0, 0, 1]",0.0
1.6852777777777779,0,1.6852777777777779,-0.41361111111111115,0.16745845256772984,2,"[-1.0, 0, 1]",0.0
1.6872222222222222,0,1.6872222222222222,-0.4142592592592592,0.16955745078875228,2,"[-1.0, 0, 1]",0.0
1.6891666666666665,0,1.6891666666666665,-0.4149074074074073,0.17167203877314918,2,"[-1.0, 0, 1]",0.0
1.6911111111111112,0,1.6911111111111112,-0.41555555555555557,0.17380226063100146,2,"[-1.0, 0, 1]",0.0
1.6930555555555555,0,1.6930555555555555,-0.41620370370370363,0.17594816047239537,2,"[-1.0, 0, 1]",0.0
1.6949999999999998,0,1.6949999999999998,-0.4168518518518518,0.1781097824074065,2,"[-1.0, 0, 1]",0.0
1.6969444444444446,0,1.6969444444444446,-0.4175,0.18028717054612642,2,"[-1.0, 0, 1]",0.0
1.698888888888889,0,1.698888888888889,-0.41814814814814816,0.18248036899862807,2,"[-1.0, 0, 1]",0.0
1.7008333333333332,0,1.7008333333333332,-0.4187962962962962,0.18468942187500126,2,"[-1.0, 0, 1]",0.0
1.7027777777777775,0,1.7027777777777775,-0.4194444444444443,0.18691437328532334,2,"[-1.0, 0, 1]",0.0
1.7047222222222222,0,1.7047222222222222,-0.4200925925925926,0.1891552673396779,2,"[-1.0, 0, 1]",0.0
1.7066666666666666,0,1.7066666666666666,-0.42074074074074064,0.19141214814814944,2,"[-1.0, 0, 1]",0.0
1.7086111111111109,0,1.7086111111111109,-0.4213888888888888,0.19368505982081619,2,"[-1.0, 0, 1]",0.0
1.7105555555555556,0,1.7105555555555556,-0.422037037037037,0.19597404646776528,2,"[-1.0, 0, 1]",0.0
1.7125,0,1.7125,-0.42268518518518516,0.19827915219907322,2,"[-1.0, 0, 1]",0.0
1.7144444444444442,0,1.7144444444444442,-0.42333333333333323,0.2006004211248289,2,"[-1.0, 0, 1]",0.0
1.716388888888889,0,1.716388888888889,-0.4239814814814815,0.2029378973551097,2,"[-1.0, 0, 1]",0.0
1.7183333333333333,0,1.7183333333333333,-0.4246296296296296,0.20529162500000098,2,"[-1.0, 0, 1]",0.0
1.7202777777777776,0,1.7202777777777776,-0.42527777777777764,0.20766164816958277,2,"[-1.0, 0, 1]",0.0
1.7222222222222223,0,1.7222222222222223,-0.42592592592592593,0.21004801097393777,2,"[-1.0, 0, 1]",0.0
1.7241666666666666,0,1.7241666666666666,-0.426574074074074,0.21245075752315046,2,"[-1.0, 0, 1]",0.0
1.726111111111111,0,1.726111111111111,-0.42722222222222217,0.2148699319272973,2,"[-1.0, 0, 1]",0.0
1.7280555555555557,0,1.7280555555555557,-0.42787037037037035,0.21730557829646902,2,"[-1.0, 0, 1]",0.0
1.73,0,1.73,-0.4285185185185185,0.21975774074074028,2,"[-1.0, 0, 1]",0.0
1.7319444444444443,0,1.7319444444444443,-0.4291666666666666,0.22222646337019913,2,"[-1.0, 0, 1]",0.0
1.7338888888888886,0,1.7338888888888886,-0.42981481481481465,0.2247117902949256,2,"[-1.0, 0, 1]",0.0
1.7358333333333333,0,1.7358333333333333,-0.43046296296296294,0.22721376562500062,2,"[-1.0, 0, 1]",0.0
1.7377777777777776,0,1.7377777777777776,-0.431111111111111,0.22973243347050953,2,"[-1.0, 0, 1]",0.0
1.739722222222222,0,1.739722222222222,-0.4317592592592592,0.23226783794152883,2,"[-1.0, 0, 1]",0.0
1.7416666666666667,0,1.7416666666666667,-0.43240740740740735,0.2348200231481501,2,"[-1.0, 0, 1]",0.0
1.743611111111111,0,1.743611111111111,-0.4330555555555555,0.23738903320044535,2,"[-1.0, 0, 1]",0.0
1.7455555555555553,0,1.7455555555555553,-0.4337037037037036,0.2399749122085062,2,"[-1.0, 0, 1]",0.0
1.7475,0,1.7475,-0.4343518518518519,0.24257770428240732,2,"[-1.0, 0, 1]",0.0
1.7494444444444444,0,1.7494444444444444,-0.43499999999999994,0.24519745353223588,2,"[-1.0, 0, 1]",0.0
1.7513888888888887,0,1.7513888888888887,-0.435648148148148,0.24783420406807366,2,"[-1.0, 0, 1]",0.0
1.7533333333333334,0,1.7533333333333334,-0.4362962962962963,0.2504880000000016,2,"[-1.0, 0, 1]",0.0
1.7552777777777777,0,1.7552777777777777,-0.43694444444444436,0.2531588854381015,2,"[-1.0, 0, 1]",0.0
1.757222222222222,0,1.757222222222222,-0.43759259259259253,0.2558469044924552,2,"[-1.0, 0, 1]",0.0
1.7591666666666668,0,1.7591666666666668,-0.4382407407407407,0.25855210127314976,2,"[-1.0, 0, 1]",0.0
1.761111111111111,0,1.761111111111111,-0.4388888888888889,0.26127451989025996,2,"[-1.0, 0, 1]",0.0
1.7630555555555554,0,1.7630555555555554,-0.43953703703703695,0.2640142044538756,2,"[-1.0, 0, 1]",0.0
1.7650000000000001,0,1.7650000000000001,-0.44018518518518523,0.266771199074074,2,"[-1.0, 0, 1]",0.0
1.7669444444444444,0,1.7669444444444444,-0.4408333333333333,0.26954554786093965,2,"[-1.0, 0, 1]",0.0
1.7688888888888887,0,1.7688888888888887,-0.44148148148148136,0.2723372949245553,2,"[-1.0, 0, 1]",0.0
1.770833333333333,0,1.770833333333333,-0.44212962962962954,0.2751464843749991,2,"[-1.0, 0, 1]",0.0
1.7727777777777778,0,1.7727777777777778,-0.4427777777777777,0.27797316032236097,2,"[-1.0, 0, 1]",0.0
1.774722222222222,0,1.774722222222222,-0.4434259259259259,0.28081736687671466,2,"[-1.0, 0, 1]",0.0
1.7766666666666664,0,1.7766666666666664,-0.44407407407407395,0.2836791481481482,2,"[-1.0, 0, 1]",0.0
1.7786111111111111,0,1.7786111111111111,-0.44472222222222224,0.28655854824674165,2,"[-1.0, 0, 1]",0.0
1.7805555555555554,0,1.7805555555555554,-0.4453703703703703,0.28945561128257946,2,"[-1.0, 0, 1]",0.0
1.7824999999999998,0,1.7824999999999998,-0.44601851851851837,0.29237038136574256,2,"[-1.0, 0, 1]",0.0
1.7844444444444445,0,1.7844444444444445,-0.44666666666666666,0.2953029026063101,2,"[-1.0, 0, 1]",0.0
1.7863888888888888,0,1.7863888888888888,-0.4473148148148147,0.2982532191143701,2,"[-1.0, 0, 1]",0.0
1.788333333333333,0,1.788333333333333,-0.4479629629629629,0.301221374999999,2,"[-1.0, 0, 1]",0.0
1.7902777777777779,0,1.7902777777777779,-0.44861111111111107,0.3042074143732876,2,"[-1.0, 0, 1]",0.0
1.7922222222222222,0,1.7922222222222222,-0.44925925925925925,0.3072113813443069,2,"[-1.0, 0, 1]",0.0
1.7941666666666665,0,1.7941666666666665,-0.4499074074074073,0.3102333200231495,2,"[-1.0, 0, 1]",0.0
1.7961111111111112,0,1.7961111111111112,-0.4505555555555556,0.31327327451989007,2,"[-1.0, 0, 1]",0.0
1.7980555555555555,0,1.7980555555555555,-0.45120370370370366,0.3163312889446166,2,"[-1.0, 0, 1]",0.0
1.7999999999999998,0,1.7999999999999998,-0.4518518518518517,0.31940740740740825,2,"[-1.0, 0, 1]",0.0
1.8019444444444446,0,1.8019444444444446,-0.4525,0.32250167401834773,2,"[-1.0, 0, 1]",0.0
1.8038888888888889,0,1.8038888888888889,-0.4531481481481481,0.3256141328875186,2,"[-1.0, 0, 1]",0.0
1.8058333333333332,0,1.8058333333333332,-0.45379629629629625,0.32874482812500005,2,"[-1.0, 0, 1]",0.0
1.8077777777777775,0,1.8077777777777775,-0.4544444444444443,0.3318938038408774,2,"[-1.0, 0, 1]",0.0
1.8097222222222222,0,1.8097222222222222,-0.4550925925925926,0.3350611041452334,2,"[-1.0, 0, 1]",0.0
1.8116666666666665,0,1.8116666666666665,-0.45574074074074067,0.3382467731481489,2,"[-1.0, 0, 1]",0.0
1.8136111111111108,0,1.8136111111111108,-0.45638888888888873,0.34145085495970573,2,"[-1.0, 0, 1]",0.0
1.8155555555555556,0,1.8155555555555556,-0.457037037037037,0.3446733936899875,2,"[-1.0, 0, 1]",0.0
1.8175,0,1.8175,-0.4576851851851851,0.347914433449076,2,"[-1.0, 0, 1]",0.0
1.8194444444444442,0,1.8194444444444442,-0.45833333333333326,0.3511740183470504,2,"[-1.0, 0, 1]",0.0
1.821388888888889,0,1.821388888888889,-0.45898148148148143,0.3544521924940005,2,"[-1.0, 0, 1]",0.0
1.8233333333333333,0,1.8233333333333333,-0.4596296296296296,0.3577489999999992,2,"[-1.0, 0, 1]",0.0
1.8252777777777776,0,1.8252777777777776,-0.4602777777777777,0.3610644849751372,2,"[-1.0, 0, 1]",0.0
1.8272222222222223,0,1.8272222222222223,-0.46092592592592596,0.3643986915294928,2,"[-1.0, 0, 1]",0.0
1.8291666666666666,0,1.8291666666666666,-0.461574074074074,0.3677516637731486,2,"[-1.0, 0, 1]",0.0
1.831111111111111,0,1.831111111111111,-0.4622222222222221,0.3711234458161874,2,"[-1.0, 0, 1]",0.0
1.8330555555555557,0,1.8330555555555557,-0.4628703703703704,0.37451408176869005,2,"[-1.0, 0, 1]",0.0
1.835,0,1.835,-0.46351851851851844,0.37792361574074196,2,"[-1.0, 0, 1]",0.0
1.8369444444444443,0,1.8369444444444443,-0.4641666666666666,0.38135209184242047,2,"[-1.0, 0, 1]",0.0
1.838888888888889,0,1.838888888888889,-0.4648148148148148,0.3847995541838154,2,"[-1.0, 0, 1]",0.0
1.8408333333333333,0,1.8408333333333333,-0.46546296296296297,0.38826604687499966,2,"[-1.0, 0, 1]",0.0
1.8427777777777776,0,1.8427777777777776,-0.46611111111111103,0.39175161402606307,2,"[-1.0, 0, 1]",0.0
1.844722222222222,0,1.844722222222222,-0.4667592592592591,0.39525629974708565,2,"[-1.0, 0, 1]",0.0
1.8466666666666667,0,1.8466666666666667,-0.4674074074074074,0.39878014814814833,2,"[-1.0, 0, 1]",0.0
1.848611111111111,0,1.848611111111111,-0.46805555555555545,0.40232320333933647,2,"[-1.0, 0, 1]",0.0
1.8505555555555553,0,1.8505555555555553,-0.4687037037037036,0.40588550943072654,2,"[-1.0, 0, 1]",0.0
1.8525,0,1.8525,-0.4693518518518518,0.40946711053240925,2,"[-1.0, 0, 1]",0.0
1.8544444444444443,0,1.8544444444444443,-0.47,0.4130680507544575,2,"[-1.0, 0, 1]",0.0
1.8563888888888886,0,1.8563888888888886,-0.47064814814814804,0.41668837420696114,2,"[-1.0, 0, 1]",0.0
1.8583333333333334,0,1.8583333333333334,-0.4712962962962963,0.42032812500000016,2,"[-1.0, 0, 1]",0.0
1.8602777777777777,0,1.8602777777777777,-0.4719444444444444,0.4239873472436564,2,"[-1.0, 0, 1]",0.0
1.862222222222222,0,1.862222222222222,-0.47259259259259245,0.4276660850480125,2,"[-1.0, 0, 1]",0.0
1.8641666666666667,0,1.8641666666666667,-0.47324074074074074,0.43136438252314857,2,"[-1.0, 0, 1]",0.0
1.866111111111111,0,1.866111111111111,-0.4738888888888888,0.4350822837791517,2,"[-1.0, 0, 1]",0.0
1.8680555555555554,0,1.8680555555555554,-0.474537037037037,0.4388198329260966,2,"[-1.0, 0, 1]",0.0
1.87,0,1.87,-0.47518518518518515,0.44257707407407665,2,"[-1.0, 0, 1]",0.0
1.8719444444444444,0,1.8719444444444444,-0.47583333333333333,0.4463540513331621,2,"[-1.0, 0, 1]",0.0
1.8738888888888887,0,1.8738888888888887,-0.4764814814814814,0.4501508088134436,2,"[-1.0, 0, 1]",0.0
1.8758333333333335,0,1.8758333333333335,-0.4771296296296297,0.45396739062499947,2,"[-1.0, 0, 1]",0.0
1.8777777777777778,0,1.8777777777777778,-0.47777777777777775,0.4578038408779159,2,"[-1.0, 0, 1]",0.0
1.879722222222222,0,1.879722222222222,-0.4784259259259258,0.46166020368227123,2,"[-1.0, 0, 1]",0.0
1.8816666666666664,0,1.8816666666666664,-0.479074074074074,0.4655365231481481,2,"[-1.0, 0, 1]",0.0
1.8836111111111111,0,1.8836111111111111,-0.47972222222222216,0.46943284338563274,2,"[-1.0, 0, 1]",0.0
1.8855555555555554,0,1.8855555555555554,-0.48037037037037034,0.4733492085048008,2,"[-1.0, 0, 1]",0.0
1.8874999999999997,0,1.8874999999999997,-0.4810185185185184,0.4772856626157411,2,"[-1.0, 0, 1]",0.0
1.8894444444444445,0,1.8894444444444445,-0.4816666666666667,0.48124224982853203,2,"[-1.0, 0, 1]",0.0
1.8913888888888888,0,1.8913888888888888,-0.48231481481481475,0.485219014253258,2,"[-1.0, 0, 1]",0.0
1.893333333333333,0,1.893333333333333,-0.4829629629629628,0.48921600000000076,2,"[-1.0, 0, 1]",0.0
1.8952777777777778,0,1.8952777777777778,-0.4836111111111111,0.4932332511788413,2,"[-1.0, 0, 1]",0.0
1.8972222222222221,0,1.8972222222222221,-0.48425925925925917,0.4972708118998641,2,"[-1.0, 0, 1]",0.0
1.8991666666666664,0,1.8991666666666664,-0.48490740740740734,0.5013287262731465,2,"[-1.0, 0, 1]",0.0
1.9011111111111112,0,1.9011111111111112,-0.4855555555555555,0.505407038408781,2,"[-1.0, 0, 1]",0.0
1.9030555555555555,0,1.9030555555555555,-0.4862037037037037,0.5095057924168378,2,"[-1.0, 0, 1]",0.0
1.9049999999999998,0,1.9049999999999998,-0.48685185185185176,0.5136250324074076,2,"[-1.0, 0, 1]",0.0
1.9069444444444446,0,1.9069444444444446,-0.48750000000000004,0.5177648024905697,2,"[-1.0, 0, 1]",0.0
1.9088888888888889,0,1.9088888888888889,-0.4881481481481481,0.5219251467764066,2,"[-1.0, 0, 1]",0.0
1.9108333333333332,0,1.9108333333333332,-0.4887962962962962,0.526106109375001,2,"[-1.0, 0, 1]",0.0
1.912777777777778,0,1.912777777777778,-0.48944444444444446,0.5303077343964349,2,"[-1.0, 0, 1]",0.0
1.9147222222222222,0,1.9147222222222222,-0.4900925925925925,0.5345300659507908,2,"[-1.0, 0, 1]",0.0
1.9166666666666665,0,1.9166666666666665,-0.4907407407407407,0.538773148148147,2,"[-1.0, 0, 1]",0.0
1.9186111111111108,0,1.9186111111111108,-0.49138888888888876,0.5430370250985934,2,"[-1.0, 0, 1]",0.0
1.9205555555555556,0,1.9205555555555556,-0.49203703703703705,0.5473217409122091,2,"[-1.0, 0, 1]",0.0
1.9224999999999999,0,1.9224999999999999,-0.4926851851851851,0.5516273396990741,2,"[-1.0, 0, 1]",0.0
1.9244444444444442,0,1.9244444444444442,-0.4933333333333332,0.5559538655692737,2,"[-1.0, 0, 1]",0.0
1.926388888888889,0,1.926388888888889,-0.49398148148148147,0.5603013626328881,2,"[-1.0, 0, 1]",0.0
1.9283333333333332,0,1.9283333333333332,-0.49462962962962953,0.5646698750000008,2,"[-1.0, 0, 1]",0.0
1.9302777777777775,0,1.9302777777777775,-0.4952777777777777,0.5690594467806918,2,"[-1.0, 0, 1]",0.0
1.9322222222222223,0,1.9322222222222223,-0.4959259259259259,0.5734701220850509,2,"[-1.0, 0, 1]",0.0
1.9341666666666666,0,1.9341666666666666,-0.49657407407407406,0.5779019450231475,2,"[-1.0, 0, 1]",0.0
1.936111111111111,0,1.936111111111111,-0.4972222222222221,0.5823549597050759,2,"[-1.0, 0, 1]",0.0
1.9380555555555556,0,1.9380555555555556,-0.4978703703703704,0.5868292102409116,2,"[-1.0, 0, 1]",0.0
1.94,0,1.94,-0.49851851851851847,0.5913247407407418,2,"[-1.0, 0, 1]",0.0
1.9419444444444443,0,1.9419444444444443,-0.49916666666666654,0.5958415953146448,2,"[-1.0, 0, 1]",0.0
1.943888888888889,0,1.943888888888889,-0.4998148148148148,0.6003798180727031,2,"[-1.0, 0, 1]",0.0
1.9458333333333333,0,1.9458333333333333,-0.5004629629629629,0.6049394531250014,2,"[-1.0, 0, 1]",0.0
1.9477777777777776,0,1.9477777777777776,-0.5011111111111111,0.6095205445816179,2,"[-1.0, 0, 1]",0.0
1.9497222222222224,0,1.9497222222222224,-0.5017592592592592,0.6141231365526432,2,"[-1.0, 0, 1]",0.0
1.9516666666666667,0,1.9516666666666667,-0.5024074074074074,0.6187472731481485,2,"[-1.0, 0, 1]",0.0
1.953611111111111,0,1.953611111111111,-0.5030555555555555,0.6233929984782236,2,"[-1.0, 0, 1]",0.0
1.9555555555555553,0,1.9555555555555553,-0.5037037037037035,0.6280603566529503,2,"[-1.0, 0, 1]",0.0
1.9575,0,1.9575,-0.5043518518518518,0.6327493917824087,2,"[-1.0, 0, 1]",0.0
1.9594444444444443,0,1.9594444444444443,-0.5049999999999999,0.6374601479766815,2,"[-1.0, 0, 1]",0.0
1.9613888888888886,0,1.9613888888888886,-0.5056481481481481,0.6421926693458486,2,"[-1.0, 0, 1]",0.0
1.9633333333333334,0,1.9633333333333334,-0.5062962962962962,0.6469470000000017,2,"[-1.0, 0, 1]",0.0
1.9652777777777777,0,1.9652777777777777,-0.5069444444444444,0.651723184049211,2,"[-1.0, 0, 1]",0.0
1.967222222222222,0,1.967222222222222,-0.5075925925925925,0.6565212656035664,2,"[-1.0, 0, 1]",0.0
1.9691666666666667,0,1.9691666666666667,-0.5082407407407408,0.6613412887731478,2,"[-1.0, 0, 1]",0.0
1.971111111111111,0,1.971111111111111,-0.5088888888888888,0.6661832976680389,2,"[-1.0, 0, 1]",0.0
1.9730555555555553,0,1.9730555555555553,-0.5095370370370369,0.6710473363983205,2,"[-1.0, 0, 1]",0.0
1.975,0,1.975,-0.5101851851851852,0.6759334490740754,2,"[-1.0, 0, 1]",0.0
1.9769444444444444,0,1.9769444444444444,-0.5108333333333333,0.6808416798053862,2,"[-1.0, 0, 1]",0.0
1.9788888888888887,0,1.9788888888888887,-0.5114814814814814,0.6857720727023313,2,"[-1.0, 0, 1]",0.0
1.9808333333333334,0,1.9808333333333334,-0.5121296296296296,0.6907246718750022,2,"[-1.0, 0, 1]",0.0
1.9827777777777778,0,1.9827777777777778,-0.5127777777777778,0.69569952143347,2,"[-1.0, 0, 1]",0.0
1.984722222222222,0,1.984722222222222,-0.5134259259259258,0.7006966654878273,2,"[-1.0, 0, 1]",0.0
1.9866666666666664,0,1.9866666666666664,-0.5140740740740739,0.7057161481481495,2,"[-1.0, 0, 1]",0.0
1.988611111111111,0,1.988611111111111,-0.5147222222222222,0.7107580135245213,2,"[-1.0, 0, 1]",0.0
1.9905555555555554,0,1.9905555555555554,-0.5153703703703703,0.7158223057270243,2,"[-1.0, 0, 1]",0.0
1.9924999999999997,0,1.9924999999999997,-0.5160185185185184,0.7209090688657405,2,"[-1.0, 0, 1]",0.0
1.9944444444444445,0,1.9944444444444445,-0.5166666666666666,0.7260183470507569,2,"[-1.0, 0, 1]",0.0
1.9963888888888888,0,1.9963888888888888,-0.5173148148148148,0.7311501843921473,2,"[-1.0, 0, 1]",0.0
1.998333333333333,0,1.998333333333333,-0.5179629629629628,0.7363046249999998,2,"[-1.0, 0, 1]",0.0
2.000277777777778,0,2.000277777777778,-0.5186111111111111,0.7414817129843954,2,"[-1.0, 0, 1]",0.0
2.002222222222222,0,2.002222222222222,-0.5192592592592592,0.7466814924554184,2,"[-1.0, 0, 1]",0.0
2.0041666666666664,0,2.0041666666666664,-0.5199074074074073,0.7519040075231489,2,"[-1.0, 0, 1]",0.0
2.006111111111111,0,2.006111111111111,-0.5205555555555555,0.7571493022976696,2,"[-1.0, 0, 1]",0.0
2.0080555555555555,0,2.0080555555555555,-0.5212037037037036,0.7624174208890615,2,"[-1.0, 0, 1]",0.0
2.01,0,2.01,-0.5218518518518518,0.7677084074074063,2,"[-1.0, 0, 1]",0.0
2.0119444444444445,0,2.0119444444444445,-0.5225,0.7730223059627939,2,"[-1.0, 0, 1]",0.0
2.013888888888889,0,2.013888888888889,-0.5231481481481481,0.7783591606652944,2,"[-1.0, 0, 1]",0.0
2.015833333333333,0,2.015833333333333,-0.5237962962962962,0.7837190156250005,2,"[-1.0, 0, 1]",0.0
2.017777777777778,0,2.017777777777778,-0.5244444444444445,0.7891019149519893,2,"[-1.0, 0, 1]",0.0
2.019722222222222,0,2.019722222222222,-0.5250925925925926,0.7945079027563464,2,"[-1.0, 0, 1]",0.0
2.0216666666666665,0,2.0216666666666665,-0.5257407407407406,0.7999370231481508,2,"[-1.0, 0, 1]",0.0
2.023611111111111,0,2.023611111111111,-0.5263888888888888,0.8053893202374809,2,"[-1.0, 0, 1]",0.0
2.0255555555555556,0,2.0255555555555556,-0.527037037037037,0.8108648381344334,2,"[-1.0, 0, 1]",0.0
2.0275,0,2.0275,-0.5276851851851851,0.8163636209490743,2,"[-1.0, 0, 1]",0.0
2.029444444444444,0,2.029444444444444,-0.5283333333333332,0.821885712791496,2,"[-1.0, 0, 1]",0.0
2.031388888888889,0,2.031388888888889,-0.5289814814814815,0.8274311577717759,2,"[-1.0, 0, 1]",0.0
2.033333333333333,0,2.033333333333333,-0.5296296296296296,0.8330000000000002,2,"[-1.0, 0, 1]",0.0
2.0352777777777775,0,2.0352777777777775,-0.5302777777777776,0.838592283586248,2,"[-1.0, 0, 1]",0.0
2.0372222222222223,0,2.0372222222222223,-0.5309259259259259,0.8442080526406048,2,"[-1.0, 0, 1]",0.0
2.0391666666666666,0,2.0391666666666666,-0.531574074074074,0.8498473512731497,2,"[-1.0, 0, 1]",0.0
2.041111111111111,0,2.041111111111111,-0.5322222222222222,0.8555102235939636,2,"[-1.0, 0, 1]",0.0
2.0430555555555556,0,2.0430555555555556,-0.5328703703703703,0.8611967137131362,2,"[-1.0, 0, 1]",0.0
2.045,0,2.045,-0.5335185185185185,0.8669068657407397,2,"[-1.0, 0, 1]",0.0
2.0469444444444442,0,2.0469444444444442,-0.5341666666666666,0.8726407237868665,2,"[-1.0, 0, 1]",0.0
2.048888888888889,0,2.048888888888889,-0.5348148148148149,0.8783983319615905,2,"[-1.0, 0, 1]",0.0
2.0508333333333333,0,2.0508333333333333,-0.5354629629629629,0.8841797343750004,2,"[-1.0, 0, 1]",0.0
2.0527777777777776,0,2.0527777777777776,-0.536111111111111,0.8899849751371764,2,"[-1.0, 0, 1]",0.0
2.0547222222222223,0,2.0547222222222223,-0.5367592592592593,0.8958140983581986,2,"[-1.0, 0, 1]",0.0
2.0566666666666666,0,2.0566666666666666,-0.5374074074074073,0.9016671481481504,2,"[-1.0, 0, 1]",0.0
2.058611111111111,0,2.058611111111111,-0.5380555555555555,0.907544168617112,2,"[-1.0, 0, 1]",0.0
2.0605555555555553,0,2.0605555555555553,-0.5387037037037036,0.9134452038751704,2,"[-1.0, 0, 1]",0.0
2.0625,0,2.0625,-0.5393518518518519,0.9193702980324074,2,"[-1.0, 0, 1]",0.0
2.0644444444444443,0,2.0644444444444443,-0.5399999999999999,0.9253194951989032,2,"[-1.0, 0, 1]",0.0
2.0663888888888886,0,2.0663888888888886,-0.540648148148148,0.9312928394847422,2,"[-1.0, 0, 1]",0.0
2.0683333333333334,0,2.0683333333333334,-0.5412962962962963,0.9372903750000008,2,"[-1.0, 0, 1]",0.0
2.0702777777777777,0,2.0702777777777777,-0.5419444444444443,0.9433121458547689,2,"[-1.0, 0, 1]",0.0
2.072222222222222,0,2.072222222222222,-0.5425925925925925,0.9493581961591211,2,"[-1.0, 0, 1]",0.0
2.0741666666666667,0,2.0741666666666667,-0.5432407407407407,0.95542857002315,2,"[-1.0, 0, 1]",0.0
2.076111111111111,0,2.076111111111111,-0.5438888888888889,0.9615233115569266,2,"[-1.0, 0, 1]",0.0
2.0780555555555553,0,2.0780555555555553,-0.5445370370370369,0.9676424648705435,2,"[-1.0, 0, 1]",0.0
2.08,0,2.08,-0.5451851851851852,0.9737860740740736,2,"[-1.0, 0, 1]",0.0
2.0819444444444444,0,2.0819444444444444,-0.5458333333333333,0.9799541832776058,2,"[-1.0, 0, 1]",0.0
2.0838888888888887,0,2.0838888888888887,-0.5464814814814813,0.9861468365912227,2,"[-1.0, 0, 1]",0.0
2.0858333333333334,0,2.0858333333333334,-0.5471296296296296,0.992364078125,2,"[-1.0, 0, 1]",0.0
2.0877777777777777,0,2.0877777777777777,-0.5477777777777777,0.9986059519890276,2,"[-1.0, 0, 1]",0.0
2.089722222222222,0,2.089722222222222,-0.5484259259259259,1.004872502293379,2,"[-1.0, 0, 1]",0.0
2.091666666666667,0,2.091666666666667,-0.549074074074074,1.0111637731481498,2,"[-1.0, 0, 1]",0.0
2.093611111111111,0,2.093611111111111,-0.5497222222222222,1.017479808663408,2,"[-1.0, 0, 1]",0.0
2.0955555555555554,0,2.0955555555555554,-0.5503703703703703,1.0238206529492455,2,"[-1.0, 0, 1]",0.0
2.0974999999999997,0,2.0974999999999997,-0.5510185185185184,1.0301863501157413,2,"[-1.0, 0, 1]",0.0
2.0994444444444444,0,2.0994444444444444,-0.5516666666666666,1.0365769442729764,2,"[-1.0, 0, 1]",0.0
2.1013888888888888,0,2.1013888888888888,-0.5523148148148147,1.042992479531037,2,"[-1.0, 0, 1]",0.0
2.103333333333333,0,2.103333333333333,-0.5529629629629629,1.0494329999999987,2,"[-1.0, 0, 1]",0.0
2.105277777777778,0,2.105277777777778,-0.553611111111111,1.0558985497899531,2,"[-1.0, 0, 1]",0.0
2.107222222222222,0,2.107222222222222,-0.5542592592592592,1.062389173010974,2,"[-1.0, 0, 1]",0.0
2.1091666666666664,0,2.1091666666666664,-0.5549074074074073,1.0689049137731477,2,"[-1.0, 0, 1]",0.0
2.111111111111111,0,2.111111111111111,-0.5555555555555556,1.0754458161865568,2,"[-1.0, 0, 1]",0.0
2.1130555555555555,0,2.1130555555555555,-0.5562037037037036,1.0820119243612822,2,"[-1.0, 0, 1]",0.0
2.1149999999999998,0,2.1149999999999998,-0.5568518518518517,1.0886032824074086,2,"[-1.0, 0, 1]",0.0
2.1169444444444445,0,2.1169444444444445,-0.5575,1.0952199344350149,2,"[-1.0, 0, 1]",0.0
2.118888888888889,0,2.118888888888889,-0.5581481481481481,1.1018619245541856,2,"[-1.0, 0, 1]",0.0
2.120833333333333,0,2.120833333333333,-0.5587962962962962,1.1085292968749982,2,"[-1.0, 0, 1]",0.0
2.122777777777778,0,2.122777777777778,-0.5594444444444444,1.1152220955075478,2,"[-1.0, 0, 1]",0.0
2.124722222222222,0,2.124722222222222,-0.5600925925925926,1.121940364561901,2,"[-1.0, 0, 1]",0.0
2.1266666666666665,0,2.1266666666666665,-0.5607407407407407,1.1286841481481478,2,"[-1.0, 0, 1]",0.0
2.1286111111111112,0,2.1286111111111112,-0.5613888888888889,1.1354534903763724,2,"[-1.0, 0, 1]",0.0
2.1305555555555555,0,2.1305555555555555,-0.562037037037037,1.1422484353566542,2,"[-1.0, 0, 1]",0.0
2.1325,0,2.1325,-0.5626851851851851,1.1490690271990758,2,"[-1.0, 0, 1]",0.0
2.134444444444444,0,2.134444444444444,-0.5633333333333332,1.1559153100137163,2,"[-1.0, 0, 1]",0.0
2.136388888888889,0,2.136388888888889,-0.5639814814814814,1.162787327910669,2,"[-1.0, 0, 1]",0.0
2.138333333333333,0,2.138333333333333,-0.5646296296296296,1.169685124999999,2,"[-1.0, 0, 1]",0.0
2.1402777777777775,0,2.1402777777777775,-0.5652777777777777,1.1766087453918033,2,"[-1.0, 0, 1]",0.0
2.1422222222222222,0,2.1422222222222222,-0.5659259259259259,1.183558233196159,2,"[-1.0, 0, 1]",0.0
2.1441666666666666,0,2.1441666666666666,-0.566574074074074,1.1905336325231488,2,"[-1.0, 0, 1]",0.0
2.146111111111111,0,2.146111111111111,-0.5672222222222221,1.1975349874828556,2,"[-1.0, 0, 1]",0.0
2.1480555555555556,0,2.1480555555555556,-0.5678703703703704,1.2045623421853584,2,"[-1.0, 0, 1]",0.0
2.15,0,2.15,-0.5685185185185184,1.2116157407407435,2,"[-1.0, 0, 1]",0.0
2.151944444444444,0,2.151944444444444,-0.5691666666666666,1.2186952272590865,2,"[-1.0, 0, 1]",0.0
2.153888888888889,0,2.153888888888889,-0.5698148148148148,1.2258008458504825,2,"[-1.0, 0, 1]",0.0
2.1558333333333333,0,2.1558333333333333,-0.570462962962963,1.232932640625,2,"[-1.0, 0, 1]",0.0
2.1577777777777776,0,2.1577777777777776,-0.571111111111111,1.240090655692729,2,"[-1.0, 0, 1]",0.0
2.1597222222222223,0,2.1597222222222223,-0.5717592592592593,1.2472749351637518,2,"[-1.0, 0, 1]",0.0
2.1616666666666666,0,2.1616666666666666,-0.5724074074074074,1.2544855231481495,2,"[-1.0, 0, 1]",0.0
2.163611111111111,0,2.163611111111111,-0.5730555555555554,1.2617224637560014,2,"[-1.0, 0, 1]",0.0
2.1655555555555557,0,2.1655555555555557,-0.5737037037037037,1.2689858010973953,2,"[-1.0, 0, 1]",0.0
2.1675,0,2.1675,-0.5743518518518518,1.2762755792824088,2,"[-1.0, 0, 1]",0.0
2.1694444444444443,0,2.1694444444444443,-0.575,1.2835918424211243,2,"[-1.0, 0, 1]",0.0
2.1713888888888886,0,2.1713888888888886,-0.575648148148148,1.2909346346236283,2,"[-1.0, 0, 1]",0.0
2.1733333333333333,0,2.1733333333333333,-0.5762962962962963,1.2983039999999981,2,"[-1.0, 0, 1]",0.0
2.1752777777777776,0,2.1752777777777776,-0.5769444444444444,1.3056999826603235,2,"[-1.0, 0, 1]",0.0
2.177222222222222,0,2.177222222222222,-0.5775925925925924,1.3131226267146783,2,"[-1.0, 0, 1]",0.0
2.1791666666666667,0,2.1791666666666667,-0.5782407407407407,1.3205719762731487,2,"[-1.0, 0, 1]",0.0
2.181111111111111,0,2.181111111111111,-0.5788888888888888,1.3280480754458193,2,"[-1.0, 0, 1]",0.0
2.1830555555555553,0,2.1830555555555553,-0.579537037037037,1.335550968342762,2,"[-1.0, 0, 1]",0.0
2.185,0,2.185,-0.5801851851851851,1.3430806990740773,2,"[-1.0, 0, 1]",0.0
2.1869444444444444,0,2.1869444444444444,-0.5808333333333333,1.3506373117498285,2,"[-1.0, 0, 1]",0.0
2.1888888888888887,0,2.1888888888888887,-0.5814814814814814,1.3582208504801088,2,"[-1.0, 0, 1]",0.0
2.1908333333333334,0,2.1908333333333334,-0.5821296296296297,1.3658313593750009,2,"[-1.0, 0, 1]",0.0
2.1927777777777777,0,2.1927777777777777,-0.5827777777777777,1.3734688825445822,2,"[-1.0, 0, 1]",0.0
2.194722222222222,0,2.194722222222222,-0.5834259259259258,1.381133464098939,2,"[-1.0, 0, 1]",0.0
2.1966666666666668,0,2.1966666666666668,-0.5840740740740741,1.3888251481481486,2,"[-1.0, 0, 1]",0.0
2.198611111111111,0,2.198611111111111,-0.5847222222222221,1.396543978802299,2,"[-1.0, 0, 1]",0.0
2.2005555555555554,0,2.2005555555555554,-0.5853703703703703,1.4042900001714678,2,"[-1.0, 0, 1]",0.0
2.2025,0,2.2025,-0.5860185185185185,1.4120632563657427,2,"[-1.0, 0, 1]",0.0
2.2044444444444444,0,2.2044444444444444,-0.5866666666666667,1.4198637914951977,2,"[-1.0, 0, 1]",0.0
2.2063888888888887,0,2.2063888888888887,-0.5873148148148147,1.4276916496699243,2,"[-1.0, 0, 1]",0.0
2.208333333333333,0,2.208333333333333,-0.5879629629629628,1.4355468750000018,2,"[-1.0, 0, 1]",0.0
2.210277777777778,0,2.210277777777778,-0.5886111111111111,1.4434295115955091,2,"[-1.0, 0, 1]",0.0
2.212222222222222,0,2.212222222222222,-0.5892592592592591,1.451339603566531,2,"[-1.0, 0, 1]",0.0
2.2141666666666664,0,2.2141666666666664,-0.5899074074074073,1.4592771950231462,2,"[-1.0, 0, 1]",0.0
2.216111111111111,0,2.216111111111111,-0.5905555555555555,1.4672423300754485,2,"[-1.0, 0, 1]",0.0
2.2180555555555554,0,2.2180555555555554,-0.5912037037037037,1.4752350528335043,2,"[-1.0, 0, 1]",0.0
2.2199999999999998,0,2.2199999999999998,-0.5918518518518517,1.4832554074074071,2,"[-1.0, 0, 1]",0.0
2.2219444444444445,0,2.2219444444444445,-0.5925,1.491303437907236,2,"[-1.0, 0, 1]",0.0
2.223888888888889,0,2.223888888888889,-0.5931481481481481,1.499379188443072,2,"[-1.0, 0, 1]",0.0
2.225833333333333,0,2.225833333333333,-0.5937962962962962,1.5074827031249995,2,"[-1.0, 0, 1]",0.0
2.227777777777778,0,2.227777777777778,-0.5944444444444444,1.5156140260631012,2,"[-1.0, 0, 1]",0.0
2.229722222222222,0,2.229722222222222,-0.5950925925925925,1.523773201367458,2,"[-1.0, 0, 1]",0.0
2.2316666666666665,0,2.2316666666666665,-0.5957407407407407,1.5319602731481456,2,"[-1.0, 0, 1]",0.0
2.233611111111111,0,2.233611111111111,-0.5963888888888889,1.5401752855152626,2,"[-1.0, 0, 1]",0.0
2.2355555555555555,0,2.2355555555555555,-0.597037037037037,1.5484182825788757,2,"[-1.0, 0, 1]",0.0
2.2375,0,2.2375,-0.5976851851851851,1.5566893084490747,2,"[-1.0, 0, 1]",0.0
2.2394444444444446,0,2.2394444444444446,-0.5983333333333334,1.5649884072359406,2,"[-1.0, 0, 1]",0.0
2.241388888888889,0,2.241388888888889,-0.5989814814814814,1.573315623049556,2,"[-1.0, 0, 1]",0.0
2.243333333333333,0,2.243333333333333,-0.5996296296296295,1.5816710000000018,2,"[-1.0, 0, 1]",0.0
2.2452777777777775,0,2.2452777777777775,-0.6002777777777777,1.5900545821973573,2,"[-1.0, 0, 1]",0.0
2.2472222222222222,0,2.2472222222222222,-0.6009259259259259,1.5984664137517175,2,"[-1.0, 0, 1]",0.0
2.2491666666666665,0,2.2491666666666665,-0.601574074074074,1.6069065387731474,2,"[-1.0, 0, 1]",0.0
2.251111111111111,0,2.251111111111111,-0.6022222222222221,1.615375001371742,2,"[-1.0, 0, 1]",0.0
2.2530555555555556,0,2.2530555555555556,-0.6028703703703704,1.6238718456575771,2,"[-1.0, 0, 1]",0.0
2.255,0,2.255,-0.6035185185185185,1.6323971157407406,2,"[-1.0, 0, 1]",0.0
2.256944444444444,0,2.256944444444444,-0.6041666666666665,1.6409508557313117,2,"[-1.0, 0, 1]",0.0
2.258888888888889,0,2.258888888888889,-0.6048148148148148,1.6495331097393713,2,"[-1.0, 0, 1]",0.0
2.2608333333333333,0,2.2608333333333333,-0.6054629629629629,1.6581439218750003,2,"[-1.0, 0, 1]",0.0
2.2627777777777776,0,2.2627777777777776,-0.606111111111111,1.666783336248285,2,"[-1.0, 0, 1]",0.0
2.2647222222222223,0,2.2647222222222223,-0.6067592592592592,1.6754513969693097,2,"[-1.0, 0, 1]",0.0
2.2666666666666666,0,2.2666666666666666,-0.6074074074074074,1.6841481481481466,2,"[-1.0, 0, 1]",0.0
2.268611111111111,0,2.268611111111111,-0.6080555555555555,1.692873633894889,2,"[-1.0, 0, 1]",0.0
2.2705555555555557,0,2.2705555555555557,-0.6087037037037037,1.701627898319618,2,"[-1.0, 0, 1]",0.0
2.2725,0,2.2725,-0.6093518518518518,1.710410985532409,2,"[-1.0, 0, 1]",0.0
2.2744444444444443,0,2.2744444444444443,-0.6099999999999999,1.7192229396433483,2,"[-1.0, 0, 1]",0.0
2.2763888888888886,0,2.2763888888888886,-0.610648148148148,1.728063804762515,2,"[-1.0, 0, 1]",0.0
2.2783333333333333,0,2.2783333333333333,-0.6112962962962962,1.7369336250000025,2,"[-1.0, 0, 1]",0.0
2.2802777777777776,0,2.2802777777777776,-0.6119444444444444,1.7458324444658757,2,"[-1.0, 0, 1]",0.0
2.282222222222222,0,2.282222222222222,-0.6125925925925925,1.7547603072702316,2,"[-1.0, 0, 1]",0.0
2.2841666666666667,0,2.2841666666666667,-0.6132407407407408,1.7637172575231492,2,"[-1.0, 0, 1]",0.0
2.286111111111111,0,2.286111111111111,-0.6138888888888888,1.772703339334706,2,"[-1.0, 0, 1]",0.0
2.2880555555555553,0,2.2880555555555553,-0.6145370370370369,1.7817185968149865,2,"[-1.0, 0, 1]",0.0
2.29,0,2.29,-0.6151851851851852,1.7907630740740732,2,"[-1.0, 0, 1]",0.0
2.2919444444444443,0,2.2919444444444443,-0.6158333333333332,1.7998368152220525,2,"[-1.0, 0, 1]",0.0
2.2938888888888886,0,2.2938888888888886,-0.6164814814814814,1.8089398643689965,2,"[-1.0, 0, 1]",0.0
2.2958333333333334,0,2.2958333333333334,-0.6171296296296296,1.8180722656250037,2,"[-1.0, 0, 1]",0.0
2.2977777777777777,0,2.2977777777777777,-0.6177777777777778,1.8272340631001356,2,"[-1.0, 0, 1]",0.0
2.299722222222222,0,2.299722222222222,-0.6184259259259258,1.8364253009044926,2,"[-1.0, 0, 1]",0.0
2.3016666666666667,0,2.3016666666666667,-0.6190740740740741,1.8456460231481486,2,"[-1.0, 0, 1]",0.0
2.303611111111111,0,2.303611111111111,-0.6197222222222222,1.8548962739411863,2,"[-1.0, 0, 1]",0.0
2.3055555555555554,0,2.3055555555555554,-0.6203703703703702,1.8641760973936918,2,"[-1.0, 0, 1]",0.0
2.3075,0,2.3075,-0.6210185185185185,1.8734855376157427,2,"[-1.0, 0, 1]",0.0
2.3094444444444444,0,2.3094444444444444,-0.6216666666666666,1.8828246387174215,2,"[-1.0, 0, 1]",0.0
2.3113888888888887,0,2.3113888888888887,-0.6223148148148148,1.8921934448088127,2,"[-1.0, 0, 1]",0.0
2.313333333333333,0,2.313333333333333,-0.6229629629629628,1.901591999999999,2,"[-1.0, 0, 1]",0.0
2.3152777777777778,0,2.3152777777777778,-0.6236111111111111,1.9110203484010633,2,"[-1.0, 0, 1]",0.0
2.317222222222222,0,2.317222222222222,-0.6242592592592592,1.9204785341220845,2,"[-1.0, 0, 1]",0.0
2.3191666666666664,0,2.3191666666666664,-0.6249074074074072,1.929966601273149,2,"[-1.0, 0, 1]",0.0
2.321111111111111,0,2.321111111111111,-0.6255555555555555,1.9394845939643357,2,"[-1.0, 0, 1]",0.0
2.3230555555555554,0,2.3230555555555554,-0.6262037037037036,1.9490325563057294,2,"[-1.0, 0, 1]",0.0
2.3249999999999997,0,2.3249999999999997,-0.6268518518518518,1.9586105324074072,2,"[-1.0, 0, 1]",0.0
2.3269444444444445,0,2.3269444444444445,-0.6275,1.968218566379461,2,"[-1.0, 0, 1]",0.0
2.328888888888889,0,2.328888888888889,-0.6281481481481481,1.9778567023319624,2,"[-1.0, 0, 1]",0.0
2.330833333333333,0,2.330833333333333,-0.6287962962962962,1.9875249843750016,2,"[-1.0, 0, 1]",0.0
2.332777777777778,0,2.332777777777778,-0.6294444444444445,1.997223456618654,2,"[-1.0, 0, 1]",0.0
2.334722222222222,0,2.334722222222222,-0.6300925925925925,2.006952163173011,2,"[-1.0, 0, 1]",0.0
2.3366666666666664,0,2.3366666666666664,-0.6307407407407406,2.016711148148149,2,"[-1.0, 0, 1]",0.0
2.338611111111111,0,2.338611111111111,-0.6313888888888889,2.0265004556541513,2,"[-1.0, 0, 1]",0.0
2.3405555555555555,0,2.3405555555555555,-0.632037037037037,2.036320129801098,2,"[-1.0, 0, 1]",0.0
2.3425,0,2.3425,-0.6326851851851851,2.046170214699073,2,"[-1.0, 0, 1]",0.0
2.3444444444444446,0,2.3444444444444446,-0.6333333333333333,2.0560507544581643,2,"[-1.0, 0, 1]",0.0
2.346388888888889,0,2.346388888888889,-0.6339814814814815,2.0659617931884426,2,"[-1.0, 0, 1]",0.0
2.348333333333333,0,2.348333333333333,-0.6346296296296295,2.075903375000001,2,"[-1.0, 0, 1]",0.0
2.3502777777777775,0,2.3502777777777775,-0.6352777777777776,2.0858755440029153,2,"[-1.0, 0, 1]",0.0
2.352222222222222,0,2.352222222222222,-0.6359259259259259,2.0958783443072715,2,"[-1.0, 0, 1]",0.0
2.3541666666666665,0,2.3541666666666665,-0.636574074074074,2.105911820023149,2,"[-1.0, 0, 1]",0.0
2.356111111111111,0,2.356111111111111,-0.6372222222222221,2.11597601526063,2,"[-1.0, 0, 1]",0.0
2.3580555555555556,0,2.3580555555555556,-0.6378703703703703,2.126070974129803,2,"[-1.0, 0, 1]",0.0
2.36,0,2.36,-0.6385185185185185,2.13619674074074,2,"[-1.0, 0, 1]",0.0
2.361944444444444,0,2.361944444444444,-0.6391666666666665,2.146353359203532,2,"[-1.0, 0, 1]",0.0
2.363888888888889,0,2.363888888888889,-0.6398148148148148,2.1565408736282574,2,"[-1.0, 0, 1]",0.0
2.3658333333333332,0,2.3658333333333332,-0.6404629629629629,2.166759328125,2,"[-1.0, 0, 1]",0.0
2.3677777777777775,0,2.3677777777777775,-0.641111111111111,2.1770087668038425,2,"[-1.0, 0, 1]",0.0
2.3697222222222223,0,2.3697222222222223,-0.6417592592592593,2.187289233774864,2,"[-1.0, 0, 1]",0.0
2.3716666666666666,0,2.3716666666666666,-0.6424074074074073,2.1976007731481513,2,"[-1.0, 0, 1]",0.0
2.373611111111111,0,2.373611111111111,-0.6430555555555555,2.2079434290337776,2,"[-1.0, 0, 1]",0.0
2.3755555555555556,0,2.3755555555555556,-0.6437037037037037,2.218317245541842,2,"[-1.0, 0, 1]",0.0
2.3775,0,2.3775,-0.6443518518518518,2.228722266782407,2,"[-1.0, 0, 1]",0.0
2.3794444444444443,0,2.3794444444444443,-0.6449999999999999,2.2391585368655686,2,"[-1.0, 0, 1]",0.0
2.381388888888889,0,2.381388888888889,-0.6456481481481482,2.2496260999014073,2,"[-1.0, 0, 1]",0.0
2.3833333333333333,0,2.3833333333333333,-0.6462962962962963,2.2601250000000004,2,"[-1.0, 0, 1]",0.0
2.3852777777777776,0,2.3852777777777776,-0.6469444444444443,2.2706552812714342,2,"[-1.0, 0, 1]",0.0
2.387222222222222,0,2.387222222222222,-0.6475925925925925,2.281216987825788,2,"[-1.0, 0, 1]",0.0
2.3891666666666667,0,2.3891666666666667,-0.6482407407407407,2.2918101637731496,2,"[-1.0, 0, 1]",0.0
2.391111111111111,0,2.391111111111111,-0.6488888888888888,2.302434853223593,2,"[-1.0, 0, 1]",0.0
2.3930555555555553,0,2.3930555555555553,-0.6495370370370369,2.313091100287208,2,"[-1.0, 0, 1]",0.0
2.395,0,2.395,-0.6501851851851852,2.3237789490740752,2,"[-1.0, 0, 1]",0.0
2.3969444444444443,0,2.3969444444444443,-0.6508333333333333,2.3344984436942724,2,"[-1.0, 0, 1]",0.0
2.3988888888888886,0,2.3988888888888886,-0.6514814814814813,2.3452496282578874,2,"[-1.0, 0, 1]",0.0
2.4008333333333334,0,2.4008333333333334,-0.6521296296296296,2.356032546875003,2,"[-1.0, 0, 1]",0.0
2.4027777777777777,0,2.4027777777777777,-0.6527777777777777,2.3668472436556947,2,"[-1.0, 0, 1]",0.0
2.404722222222222,0,2.404722222222222,-0.6534259259259259,2.377693762710047,2,"[-1.0, 0, 1]",0.0
2.4066666666666667,0,2.4066666666666667,-0.654074074074074,2.3885721481481514,2,"[-1.0, 0, 1]",0.0
2.408611111111111,0,2.408611111111111,-0.6547222222222222,2.399482444080073,2,"[-1.0, 0, 1]",0.0
2.4105555555555553,0,2.4105555555555553,-0.6553703703703703,2.4104246946159122,2,"[-1.0, 0, 1]",0.0
2.4125,0,2.4125,-0.6560185185185186,2.421398943865741,2,"[-1.0, 0, 1]",0.0
2.4144444444444444,0,2.4144444444444444,-0.6566666666666666,2.432405235939644,2,"[-1.0, 0, 1]",0.0
2.4163888888888887,0,2.4163888888888887,-0.6573148148148147,2.4434436149477037,2,"[-1.0, 0, 1]",0.0
2.4183333333333334,0,2.4183333333333334,-0.657962962962963,2.454514125000001,2,"[-1.0, 0, 1]",0.0
2.4202777777777778,0,2.4202777777777778,-0.658611111111111,2.465616810206619,2,"[-1.0, 0, 1]",0.0
2.422222222222222,0,2.422222222222222,-0.6592592592592592,2.47675171467764,2,"[-1.0, 0, 1]",0.0
2.4241666666666664,0,2.4241666666666664,-0.6599074074074073,2.4879188825231466,2,"[-1.0, 0, 1]",0.0
2.426111111111111,0,2.426111111111111,-0.6605555555555556,2.499118357853222,2,"[-1.0, 0, 1]",0.0
2.4280555555555554,0,2.4280555555555554,-0.6612037037037036,2.51035018477795,2,"[-1.0, 0, 1]",0.0
2.4299999999999997,0,2.4299999999999997,-0.6618518518518517,2.5216144074074087,2,"[-1.0, 0, 1]",0.0
2.4319444444444445,0,2.4319444444444445,-0.6625,2.532911069851682,2,"[-1.0, 0, 1]",0.0
2.4338888888888888,0,2.4338888888888888,-0.663148148148148,2.5442402162208513,2,"[-1.0, 0, 1]",0.0
2.435833333333333,0,2.435833333333333,-0.6637962962962962,2.555601890624999,2,"[-1.0, 0, 1]",0.0
2.437777777777778,0,2.437777777777778,-0.6644444444444444,2.5669961371742147,2,"[-1.0, 0, 1]",0.0
2.439722222222222,0,2.439722222222222,-0.6650925925925926,2.5784229999785655,2,"[-1.0, 0, 1]",0.0
2.4416666666666664,0,2.4416666666666664,-0.6657407407407406,2.589882523148148,2,"[-1.0, 0, 1]",0.0
2.443611111111111,0,2.443611111111111,-0.6663888888888889,2.6013747507930383,2,"[-1.0, 0, 1]",0.0
2.4455555555555555,0,2.4455555555555555,-0.667037037037037,2.6128997270233185,2,"[-1.0, 0, 1]",0.0
2.4475,0,2.4475,-0.667685185185185,2.624457495949075,2,"[-1.0, 0, 1]",0.0
2.4494444444444445,0,2.4494444444444445,-0.6683333333333333,2.6360481016803856,2,"[-1.0, 0, 1]",0.0
2.451388888888889,0,2.451388888888889,-0.6689814814814814,2.6476715883273343,2,"[-1.0, 0, 1]",0.0
2.453333333333333,0,2.453333333333333,-0.6696296296296296,2.6593279999999986,2,"[-1.0, 0, 1]",0.0
2.455277777777778,0,2.455277777777778,-0.6702777777777778,2.6710173808084736,2,"[-1.0, 0, 1]",0.0
2.457222222222222,0,2.457222222222222,-0.6709259259259259,2.6827397748628243,2,"[-1.0, 0, 1]",0.0
2.4591666666666665,0,2.4591666666666665,-0.671574074074074,2.6944952262731476,2,"[-1.0, 0, 1]",0.0
2.461111111111111,0,2.461111111111111,-0.672222222222222,2.706283779149519,2,"[-1.0, 0, 1]",0.0
2.4630555555555556,0,2.4630555555555556,-0.6728703703703703,2.7181054776020233,2,"[-1.0, 0, 1]",0.0
2.465,0,2.465,-0.6735185185185184,2.7299603657407427,2,"[-1.0, 0, 1]",0.0
2.466944444444444,0,2.466944444444444,-0.6741666666666666,2.741848487675753,2,"[-1.0, 0, 1]",0.0
2.468888888888889,0,2.468888888888889,-0.6748148148148148,2.753769887517148,2,"[-1.0, 0, 1]",0.0
2.470833333333333,0,2.470833333333333,-0.6754629629629629,2.765724609374999,2,"[-1.0, 0, 1]",0.0
2.4727777777777775,0,2.4727777777777775,-0.676111111111111,2.777712697359396,2,"[-1.0, 0, 1]",0.0
2.4747222222222223,0,2.4747222222222223,-0.6767592592592593,2.789734195580417,2,"[-1.0, 0, 1]",0.0
2.4766666666666666,0,2.4766666666666666,-0.6774074074074073,2.8017891481481474,2,"[-1.0, 0, 1]",0.0
2.478611111111111,0,2.478611111111111,-0.6780555555555554,2.8138775991726686,2,"[-1.0, 0, 1]",0.0
2.4805555555555556,0,2.4805555555555556,-0.6787037037037037,2.8259995927640613,2,"[-1.0, 0, 1]",0.0
2.4825,0,2.4825,-0.6793518518518518,2.8381551730324084,2,"[-1.0, 0, 1]",0.0
2.4844444444444442,0,2.4844444444444442,-0.6799999999999999,2.850344384087789,2,"[-1.0, 0, 1]",0.0
2.486388888888889,0,2.486388888888889,-0.6806481481481481,2.862567270040298,2,"[-1.0, 0, 1]",0.0
2.4883333333333333,0,2.4883333333333333,-0.6812962962962963,2.874823874999999,2,"[-1.0, 0, 1]",0.0
2.4902777777777776,0,2.4902777777777776,-0.6819444444444444,2.8871142430769883,2,"[-1.0, 0, 1]",0.0
2.4922222222222223,0,2.4922222222222223,-0.6825925925925926,2.8994384183813455,2,"[-1.0, 0, 1]",0.0
2.4941666666666666,0,2.4941666666666666,-0.6832407407407407,2.911796445023148,2,"[-1.0, 0, 1]",0.0
2.496111111111111,0,2.496111111111111,-0.6838888888888888,2.9241883671124853,2,"[-1.0, 0, 1]",0.0
2.4980555555555553,0,2.4980555555555553,-0.6845370370370369,2.936614228759428,2,"[-1.0, 0, 1]",0.0
2.5,0,2.5,-0.6851851851851851,2.949074074074076,2,"[-1.0, 0, 1]",0.0
