parameter,branch,g2,g3,discriminant,character,operator_ascending,constant
-0.12,0,-0.0008797593595261234,-1.7012358622304954e-05,-8.495262436049517e-09,2,"[0.06931830903790087, -0.04556851311953353, -0.12, 1.0, 1]",0.0
-0.11957222222222222,0,-0.0008778319810967681,-1.695316357637105e-05,-8.436511048775647e-09,2,"[0.06917299017193967, -0.04550740200842242, -0.11957222222222222, 1.0, 1]",0.0
-0.11914444444444444,0,-0.000875906635932159,-1.6894105103322497e-05,-8.378097718409191e-09,2,"[0.06902781770104022, -0.0454462908973113, -0.11914444444444444, 1.0, 1]",0.0
-0.11871666666666666,0,-0.0008739833240322962,-1.68351830465979e-05,-8.320020891350972e-09,2,"[0.06888279162520247, -0.04538517978620019, -0.11871666666666666, 1.0, 1]",0.0
-0.11828888888888889,0,-0.0008720620453971796,-1.677639724963588e-05,-8.26227901934768e-09,2,"[0.06873791194442645, -0.04532406867508908, -0.11828888888888889, 1.0, 1]",0.0
-0.11786111111111111,0,-0.0008701428000268092,-1.671774755587505e-05,-8.204870559479598e-09,2,"[0.06859317865871217, -0.04526295756397797, -0.11786111111111111, 1.0, 1]",0.0
-0.11743333333333333,0,-0.0008682255879211851,-1.665923380875402e-05,-8.147793974148387e-09,2,"[0.0684485917680596, -0.04520184645286686, -0.11743333333333333, 1.0, 1]",0.0
-0.11700555555555556,0,-0.0008663104090803072,-1.6600855851711404e-05,-8.091047731064887e-09,2,"[0.06830415127246878, -0.04514073534175575, -0.11700555555555556, 1.0, 1]",0.0
-0.11657777777777778,0,-0.0008643972635041755,-1.654261352818583e-05,-8.034630303236902e-09,2,"[0.06815985717193968, -0.04507962423064464, -0.11657777777777778, 1.0, 1]",0.0
-0.11614999999999999,0,-0.00086248615119279,-1.6484506681615894e-05,-7.978540168956992e-09,2,"[0.06801570946647231, -0.045018513119533525, -0.11614999999999999, 1.0, 1]",0.0
-0.11572222222222221,0,-0.0008605770721461508,-1.6426535155440224e-05,-7.922775811790353e-09,2,"[0.06787170815606666, -0.04495740200842241, -0.11572222222222221, 1.0, 1]",0.0
-0.11529444444444444,0,-0.0008586700263642577,-1.636869879309743e-05,-7.867335720562616e-09,2,"[0.06772785324072275, -0.0448962908973113, -0.11529444444444444, 1.0, 1]",0.0
-0.11486666666666666,0,-0.000856765013847111,-1.6310997438026126e-05,-7.81221838934772e-09,2,"[0.06758414472044055, -0.04483517978620019, -0.11486666666666666, 1.0, 1]",0.0
-0.11443888888888888,0,-0.0008548620345947104,-1.6253430933664927e-05,-7.757422317455771e-09,2,"[0.0674405825952201, -0.04477406867508908, -0.11443888888888888, 1.0, 1]",0.0
-0.1140111111111111,0,-0.0008529610886070561,-1.6195999123452446e-05,-7.702946009420943e-09,2,"[0.06729716686506138, -0.04471295756397797, -0.1140111111111111, 1.0, 1]",0.0
-0.11358333333333333,0,-0.000851062175884148,-1.6138701850827304e-05,-7.648787974989368e-09,2,"[0.06715389752996437, -0.04465184645286686, -0.11358333333333333, 1.0, 1]",0.0
-0.11315555555555555,0,-0.0008491652964259862,-1.608153895922811e-05,-7.594946729107039e-09,2,"[0.0670107745899291, -0.04459073534175575, -0.11315555555555555, 1.0, 1]",0.0
-0.11272777777777777,0,-0.0008472704502325706,-1.6024510292093474e-05,-7.541420791907735e-09,2,"[0.06686779804495555, -0.04452962423064463, -0.11272777777777777, 1.0, 1]",0.0
-0.1123,0,-0.0008453776373039011,-1.5967615692862018e-05,-7.488208688700992e-09,2,"[0.06672496789504373, -0.04446851311953352, -0.1123, 1.0, 1]",0.0
-0.11187222222222222,0,-0.000843486857639978,-1.591085500497236e-05,-7.435308949960019e-09,2,"[0.06658228414019365, -0.044407402008422414, -0.11187222222222222, 1.0, 1]",0.0
-0.11144444444444444,0,-0.000841598111240801,-1.5854228071863103e-05,-7.382720111309681e-09,2,"[0.06643974678040529, -0.044346290897311305, -0.11144444444444444, 1.0, 1]",0.0
-0.11101666666666667,0,-0.0008397113981063703,-1.579773473697287e-05,-7.330440713514481e-09,2,"[0.06629735581567865, -0.044285179786200196, -0.11101666666666667, 1.0, 1]",0.0
-0.11058888888888889,0,-0.0008378267182366858,-1.5741374843740273e-05,-7.278469302466558e-09,2,"[0.06615511124601375, -0.04422406867508908, -0.11058888888888889, 1.0, 1]",0.0
-0.1101611111111111,0,-0.0008359440716317474,-1.5685148235603923e-05,-7.2268044291736896e-09,2,"[0.06601301307141058, -0.044162957563977964, -0.1101611111111111, 1.0, 1]",0.0
-0.10973333333333332,0,-0.0008340634582915554,-1.5629054756002442e-05,-7.175444649747329e-09,2,"[0.06587106129186912, -0.044101846452866855, -0.10973333333333332, 1.0, 1]",0.0
-0.10930555555555554,0,-0.0008321848782161096,-1.557309424837444e-05,-7.1243885253906245e-09,2,"[0.06572925590738941, -0.044040735341755746, -0.10930555555555554, 1.0, 1]",0.0
-0.10887777777777777,0,-0.0008303083314054099,-1.551726655615853e-05,-7.073634622386483e-09,2,"[0.06558759691797142, -0.04397962423064464, -0.10887777777777777, 1.0, 1]",0.0
-0.10844999999999999,0,-0.0008284338178594566,-1.5461571522793335e-05,-7.02318151208564e-09,2,"[0.06544608432361516, -0.04391851311953353, -0.10844999999999999, 1.0, 1]",0.0
-0.10802222222222221,0,-0.0008265613375782496,-1.5406008991717453e-05,-6.97302777089472e-09,2,"[0.06530471812432063, -0.04385740200842241, -0.10802222222222221, 1.0, 1]",0.0
-0.10759444444444444,0,-0.0008246908905617887,-1.5350578806369516e-05,-6.923171980264359e-09,2,"[0.06516349832008783, -0.0437962908973113, -0.10759444444444444, 1.0, 1]",0.0
-0.10716666666666666,0,-0.000822822476810074,-1.529528081018813e-05,-6.873612726677286e-09,2,"[0.06502242491091675, -0.04373517978620019, -0.10716666666666666, 1.0, 1]",0.0
-0.10673888888888888,0,-0.0008209560963231055,-1.5240114846611913e-05,-6.8243486016364584e-09,2,"[0.0648814978968074, -0.04367406867508908, -0.10673888888888888, 1.0, 1]",0.0
-0.1063111111111111,0,-0.0008190917491008833,-1.5185080759079474e-05,-6.775378201653192e-09,2,"[0.06474071727775979, -0.04361295756397797, -0.1063111111111111, 1.0, 1]",0.0
-0.10588333333333333,0,-0.0008172294351434072,-1.5130178391029432e-05,-6.726700128235317e-09,2,"[0.06460008305377389, -0.04355184645286686, -0.10588333333333333, 1.0, 1]",0.0
-0.10545555555555555,0,-0.0008153691544506775,-1.5075407585900402e-05,-6.678312987875336e-09,2,"[0.06445959522484973, -0.04349073534175575, -0.10545555555555555, 1.0, 1]",0.0
-0.10502777777777778,0,-0.0008135109070226941,-1.5020768187130997e-05,-6.630215392038607e-09,2,"[0.0643192537909873, -0.043429624230644635, -0.10502777777777778, 1.0, 1]",0.0
-0.1046,0,-0.0008116546928594566,-1.4966260038159829e-05,-6.582405957151523e-09,2,"[0.06417905875218659, -0.043368513119533526, -0.1046, 1.0, 1]",0.0
-0.10417222222222222,0,-0.0008098005119609657,-1.4911882982425519e-05,-6.5348833045897385e-09,2,"[0.06403901010844762, -0.04330740200842241, -0.10417222222222222, 1.0, 1]",0.0
-0.10374444444444444,0,-0.0008079483643272207,-1.4857636863366672e-05,-6.4876460606663646e-09,2,"[0.06389910785977036, -0.0432462908973113, -0.10374444444444444, 1.0, 1]",0.0
-0.10331666666666667,0,-0.0008060982499582222,-1.4803521524421913e-05,-6.440692856620231e-09,2,"[0.06375935200615485, -0.04318517978620019, -0.10331666666666667, 1.0, 1]",0.0
-0.10288888888888889,0,-0.0008042501688539697,-1.4749536809029849e-05,-6.394022328604099e-09,2,"[0.06361974254760105, -0.04312406867508908, -0.10288888888888889, 1.0, 1]",0.0
-0.10246111111111111,0,-0.0008024041210144636,-1.4695682560629098e-05,-6.34763311767296e-09,2,"[0.06348027948410899, -0.043062957563977974, -0.10246111111111111, 1.0, 1]",0.0
-0.10203333333333334,0,-0.0008005601064397037,-1.4641958622658278e-05,-6.301523869772286e-09,2,"[0.06334096281567866, -0.04300184645286686, -0.10203333333333334, 1.0, 1]",0.0
-0.10160555555555555,0,-0.0007987181251296898,-1.4588364838555993e-05,-6.255693235726317e-09,2,"[0.06320179254231005, -0.04294073534175574, -0.10160555555555555, 1.0, 1]",0.0
-0.10117777777777777,0,-0.0007968781770844224,-1.4534901051760865e-05,-6.210139871226392e-09,2,"[0.06306276866400318, -0.04287962423064463, -0.10117777777777777, 1.0, 1]",0.0
-0.10074999999999999,0,-0.0007950402623039012,-1.448156710571151e-05,-6.1648624368192385e-09,2,"[0.06292389118075802, -0.042818513119533524, -0.10074999999999999, 1.0, 1]",0.0
-0.10032222222222222,0,-0.0007932043807881261,-1.4428362843846543e-05,-6.1198595978953195e-09,2,"[0.0627851600925746, -0.042757402008422415, -0.10032222222222222, 1.0, 1]",0.0
-0.09989444444444444,0,-0.0007913705325370973,-1.4375288109604569e-05,-6.075130024677162e-09,2,"[0.0626465753994529, -0.042696290897311306, -0.09989444444444444, 1.0, 1]",0.0
-0.09946666666666666,0,-0.0007895387175508148,-1.4322342746424208e-05,-6.030672392207741e-09,2,"[0.06250813710139294, -0.04263517978620019, -0.09946666666666666, 1.0, 1]",0.0
-0.09903888888888888,0,-0.0007877089358292784,-1.426952659774408e-05,-5.9864853803388464e-09,2,"[0.062369845198394704, -0.04257406867508908, -0.09903888888888888, 1.0, 1]",0.0
-0.09861111111111111,0,-0.0007858811873724882,-1.42168395070028e-05,-5.942567673719452e-09,2,"[0.06223169969045819, -0.042512957563977966, -0.09861111111111111, 1.0, 1]",0.0
-0.09818333333333333,0,-0.0007840554721804443,-1.4164281317638969e-05,-5.898917961784127e-09,2,"[0.06209370057758341, -0.04245184645286686, -0.09818333333333333, 1.0, 1]",0.0
-0.09775555555555555,0,-0.0007822317902531468,-1.4111851873091218e-05,-5.855534938741477e-09,2,"[0.06195584785977037, -0.04239073534175575, -0.09775555555555555, 1.0, 1]",0.0
-0.09732777777777778,0,-0.0007804101415905952,-1.4059551016798145e-05,-5.812417303562521e-09,2,"[0.06181814153701905, -0.04232962423064464, -0.09732777777777778, 1.0, 1]",0.0
-0.09689999999999999,0,-0.00077859052619279,-1.400737859219838e-05,-5.769563759969195e-09,2,"[0.061680581609329446, -0.04226851311953352, -0.09689999999999999, 1.0, 1]",0.0
-0.09647222222222221,0,-0.000776772944059731,-1.3955334442730523e-05,-5.726973016422756e-09,2,"[0.061543168076701585, -0.042207402008422414, -0.09647222222222221, 1.0, 1]",0.0
-0.09604444444444443,0,-0.0007749573951914183,-1.3903418411833205e-05,-5.684643786112298e-09,2,"[0.06140590093913544, -0.0421462908973113, -0.09604444444444443, 1.0, 1]",0.0
-0.09561666666666666,0,-0.0007731438795878518,-1.3851630342945028e-05,-5.6425747869432e-09,2,"[0.06126878019663103, -0.04208517978620019, -0.09561666666666666, 1.0, 1]",0.0
-0.09518888888888888,0,-0.0007713323972490314,-1.3799970079504611e-05,-5.600764741525653e-09,2,"[0.061131805849188356, -0.04202406867508908, -0.09518888888888888, 1.0, 1]",0.0
-0.0947611111111111,0,-0.0007695229481749573,-1.3748437464950567e-05,-5.559212377163157e-09,2,"[0.0609949778968074, -0.04196295756397797, -0.0947611111111111, 1.0, 1]",0.0
-0.09433333333333332,0,-0.0007677155323656294,-1.3697032342721516e-05,-5.517916425841063e-09,2,"[0.06085829633948818, -0.04190184645286686, -0.09433333333333332, 1.0, 1]",0.0
-0.09390555555555555,0,-0.0007659101498210479,-1.3645754556256062e-05,-5.476875624215094e-09,2,"[0.06072176117723069, -0.041840735341755746, -0.09390555555555555, 1.0, 1]",0.0
-0.09347777777777777,0,-0.0007641068005412125,-1.359460394899283e-05,-5.4360887135999254e-09,2,"[0.060585372410034914, -0.04177962423064464, -0.09347777777777777, 1.0, 1]",0.0
-0.09305,0,-0.0007623054845261233,-1.354358036437043e-05,-5.395554439957733e-09,2,"[0.060449130037900874, -0.04171851311953352, -0.09305, 1.0, 1]",0.0
-0.09262222222222222,0,-0.0007605062017757804,-1.3492683645827476e-05,-5.35527155388679e-09,2,"[0.060313034060828566, -0.04165740200842241, -0.09262222222222222, 1.0, 1]",0.0
-0.09219444444444444,0,-0.0007587089522901836,-1.3441913636802583e-05,-5.315238810610058e-09,2,"[0.060177084478817984, -0.0415962908973113, -0.09219444444444444, 1.0, 1]",0.0
-0.09176666666666666,0,-0.0007569137360693332,-1.3391270180734367e-05,-5.2754549699638e-09,2,"[0.06004128129186913, -0.041535179786200194, -0.09176666666666666, 1.0, 1]",0.0
-0.09133888888888889,0,-0.000755120553113229,-1.3340753121061436e-05,-5.235918796386205e-09,2,"[0.059905624499982005, -0.041474068675089085, -0.09133888888888889, 1.0, 1]",0.0
-0.09091111111111111,0,-0.000753329403421871,-1.3290362301222416e-05,-5.196629058906037e-09,2,"[0.05977011410315661, -0.04141295756397797, -0.09091111111111111, 1.0, 1]",0.0
-0.09048333333333333,0,-0.0007515402869952591,-1.3240097564655916e-05,-5.157584531131272e-09,2,"[0.059634750101392936, -0.04135184645286686, -0.09048333333333333, 1.0, 1]",0.0
-0.09005555555555556,0,-0.0007497532038333937,-1.3189958754800545e-05,-5.11878399123777e-09,2,"[0.059499532494691004, -0.041290735341755744, -0.09005555555555556, 1.0, 1]",0.0
-0.08962777777777778,0,-0.0007479681539362742,-1.3139945715094925e-05,-5.080226221957973e-09,2,"[0.05936446128305079, -0.041229624230644635, -0.08962777777777778, 1.0, 1]",0.0
-0.0892,0,-0.0007461851373039011,-1.3090058288977665e-05,-5.041910010569576e-09,2,"[0.059229536466472305, -0.041168513119533526, -0.0892, 1.0, 1]",0.0
-0.08877222222222222,0,-0.0007444041539362743,-1.3040296319887388e-05,-5.003834148884257e-09,2,"[0.05909475804495555, -0.04110740200842242, -0.08877222222222222, 1.0, 1]",0.0
-0.08834444444444445,0,-0.0007426252038333936,-1.29906596512627e-05,-4.965997433236382e-09,2,"[0.05896012601850052, -0.04104629089731131, -0.08834444444444445, 1.0, 1]",0.0
-0.08791666666666667,0,-0.0007408482869952593,-1.2941148126542221e-05,-4.9283986644717614e-09,2,"[0.058825640387107234, -0.04098517978620019, -0.08791666666666667, 1.0, 1]",0.0
-0.08748888888888888,0,-0.0007390734034218709,-1.2891761589164557e-05,-4.89103664793638e-09,2,"[0.05869130115077566, -0.040924068675089076, -0.08748888888888888, 1.0, 1]",0.0
-0.0870611111111111,0,-0.000737300553113229,-1.2842499882568336e-05,-4.853910193465192e-09,2,"[0.05855710830950581, -0.04086295756397797, -0.0870611111111111, 1.0, 1]",0.0
-0.08663333333333333,0,-0.0007355297360693333,-1.2793362850192161e-05,-4.8170181153708656e-09,2,"[0.0584230618632977, -0.04080184645286686, -0.08663333333333333, 1.0, 1]",0.0
-0.08620555555555555,0,-0.0007337609522901837,-1.2744350335474654e-05,-4.780359232432604e-09,2,"[0.05828916181215132, -0.04074073534175575, -0.08620555555555555, 1.0, 1]",0.0
-0.08577777777777777,0,-0.0007319942017757805,-1.2695462181854425e-05,-4.7439323678849345e-09,2,"[0.058155408156066665, -0.04067962423064464, -0.08577777777777777, 1.0, 1]",0.0
-0.08535,0,-0.0007302294845261234,-1.264669823277009e-05,-4.707736349406546e-09,2,"[0.05802180089504373, -0.040618513119533524, -0.08535, 1.0, 1]",0.0
-0.08492222222222222,0,-0.0007284668005412125,-1.2598058331660262e-05,-4.671770009109107e-09,2,"[0.05788834002908254, -0.040557402008422415, -0.08492222222222222, 1.0, 1]",0.0
-0.08449444444444444,0,-0.0007267061498210479,-1.254954232196356e-05,-4.636032183526135e-09,2,"[0.057755025558183064, -0.0404962908973113, -0.08449444444444444, 1.0, 1]",0.0
-0.08406666666666666,0,-0.0007249475323656295,-1.2501150047118591e-05,-4.600521713601838e-09,2,"[0.05762185748234532, -0.04043517978620019, -0.08406666666666666, 1.0, 1]",0.0
-0.08363888888888887,0,-0.0007231909481749574,-1.2452881350563978e-05,-4.5652374446800105e-09,2,"[0.057488835801569306, -0.04037406867508908, -0.08363888888888887, 1.0, 1]",0.0
-0.0832111111111111,0,-0.0007214363972490314,-1.240473607573833e-05,-4.530178226492912e-09,2,"[0.057355960515855016, -0.04031295756397797, -0.0832111111111111, 1.0, 1]",0.0
-0.08278333333333332,0,-0.0007196838795878517,-1.2356714066080262e-05,-4.4953429131501815e-09,2,"[0.05722323162520246, -0.040251846452866856, -0.08278333333333332, 1.0, 1]",0.0
-0.08235555555555554,0,-0.0007179333951914182,-1.2308815165028394e-05,-4.460730363127753e-09,2,"[0.057090649129611634, -0.04019073534175575, -0.08235555555555554, 1.0, 1]",0.0
-0.08192777777777777,0,-0.0007161849440597309,-1.2261039216021332e-05,-4.426339439256781e-09,2,"[0.056958213029082536, -0.04012962423064463, -0.08192777777777777, 1.0, 1]",0.0
-0.08149999999999999,0,-0.00071443852619279,-1.2213386062497697e-05,-4.3921690087126055e-09,2,"[0.05682592332361516, -0.04006851311953352, -0.08149999999999999, 1.0, 1]",0.0
-0.08107222222222221,0,-0.0007126941415905952,-1.21658555478961e-05,-4.3582179430036965e-09,2,"[0.056693780013209516, -0.04000740200842241, -0.08107222222222221, 1.0, 1]",0.0
-0.08064444444444444,0,-0.0007109517902531466,-1.2118447515655157e-05,-4.324485117960639e-09,2,"[0.0565617830978656, -0.039946290897311304, -0.08064444444444444, 1.0, 1]",0.0
-0.08021666666666666,0,-0.0007092114721804443,-1.2071161809213482e-05,-4.2909694137251196e-09,2,"[0.056429932577583414, -0.039885179786200195, -0.08021666666666666, 1.0, 1]",0.0
-0.07978888888888888,0,-0.0007074731873724882,-1.2023998272009694e-05,-4.25766971473893e-09,2,"[0.05629822845236296, -0.03982406867508908, -0.07978888888888888, 1.0, 1]",0.0
-0.0793611111111111,0,-0.0007057369358292783,-1.1976956747482399e-05,-4.224584909732976e-09,2,"[0.05616667072220423, -0.03976295756397797, -0.0793611111111111, 1.0, 1]",0.0
-0.07893333333333333,0,-0.0007040027175508148,-1.1930037079070218e-05,-4.191713891716328e-09,2,"[0.056035259387107225, -0.039701846452866854, -0.07893333333333333, 1.0, 1]",0.0
-0.07850555555555555,0,-0.0007022705325370973,-1.1883239110211763e-05,-4.1590555579652486e-09,2,"[0.055903994447071954, -0.039640735341755745, -0.07850555555555555, 1.0, 1]",0.0
-0.07807777777777777,0,-0.0007005403807881261,-1.1836562684345649e-05,-4.126608810012259e-09,2,"[0.05577287590209841, -0.039579624230644636, -0.07807777777777777, 1.0, 1]",0.0
-0.07765,0,-0.0006988122623039011,-1.1790007644910491e-05,-4.094372553635212e-09,2,"[0.0556419037521866, -0.03951851311953353, -0.07765, 1.0, 1]",0.0
-0.07722222222222222,0,-0.0006970861770844224,-1.1743573835344904e-05,-4.06234569884638e-09,2,"[0.055511077997336504, -0.03945740200842242, -0.07722222222222222, 1.0, 1]",0.0
-0.07679444444444444,0,-0.00069536212512969,-1.1697261099087497e-05,-4.0305271598815456e-09,2,"[0.055380398637548144, -0.0393962908973113, -0.07679444444444444, 1.0, 1]",0.0
-0.07636666666666667,0,-0.0006936401064397035,-1.1651069279576893e-05,-3.998915855189142e-09,2,"[0.055249865672821516, -0.03933517978620019, -0.07636666666666667, 1.0, 1]",0.0
-0.07593888888888889,0,-0.0006919201210144636,-1.1604998220251705e-05,-3.967510707419356e-09,2,"[0.05511947910315661, -0.03927406867508908, -0.07593888888888889, 1.0, 1]",0.0
-0.07551111111111111,0,-0.0006902021688539698,-1.1559047764550543e-05,-3.936310643413281e-09,2,"[0.05498923892855344, -0.03921295756397797, -0.07551111111111111, 1.0, 1]",0.0
-0.07508333333333334,0,-0.0006884862499582222,-1.1513217755912024e-05,-3.905314594192077e-09,2,"[0.054859145149011995, -0.03915184645286686, -0.07508333333333334, 1.0, 1]",0.0
-0.07465555555555556,0,-0.0006867723643272207,-1.1467508037774761e-05,-3.87452149494614e-09,2,"[0.05472919776453227, -0.03909073534175575, -0.07465555555555556, 1.0, 1]",0.0
-0.07422777777777778,0,-0.0006850605119609656,-1.1421918453577374e-05,-3.843930285024288e-09,2,"[0.05459939677511429, -0.03902962423064464, -0.07422777777777778, 1.0, 1]",0.0
-0.07379999999999999,0,-0.0006833506928594567,-1.1376448846758468e-05,-3.8135399079229535e-09,2,"[0.05446974218075802, -0.038968513119533525, -0.07379999999999999, 1.0, 1]",0.0
-0.07337222222222221,0,-0.000681642907022694,-1.1331099060756665e-05,-3.7833493112754085e-09,2,"[0.05434023398146348, -0.03890740200842241, -0.07337222222222221, 1.0, 1]",0.0
-0.07294444444444444,0,-0.0006799371544506775,-1.1285868939010577e-05,-3.753357446840981e-09,2,"[0.05421087217723068, -0.0388462908973113, -0.07294444444444444, 1.0, 1]",0.0
-0.07251666666666666,0,-0.0006782334351434073,-1.1240758324958824e-05,-3.723563270494306e-09,2,"[0.05408165676805961, -0.03878517978620019, -0.07251666666666666, 1.0, 1]",0.0
-0.07208888888888888,0,-0.0006765317491008833,-1.119576706204001e-05,-3.693965742214563e-09,2,"[0.05395258775395026, -0.03872406867508908, -0.07208888888888888, 1.0, 1]",0.0
-0.0716611111111111,0,-0.0006748320963231055,-1.115089499369276e-05,-3.6645638260747727e-09,2,"[0.05382366513490264, -0.03866295756397797, -0.0716611111111111, 1.0, 1]",0.0
-0.07123333333333333,0,-0.000673134476810074,-1.1106141963355681e-05,-3.6353564902310527e-09,2,"[0.053694888910916755, -0.03860184645286686, -0.07123333333333333, 1.0, 1]",0.0
-0.07080555555555555,0,-0.0006714388905617887,-1.106150781446739e-05,-3.606342706911931e-09,2,"[0.053566259081992584, -0.03854073534175575, -0.07080555555555555, 1.0, 1]",0.0
-0.07037777777777778,0,-0.0006697453375782496,-1.1016992390466503e-05,-3.577521452407655e-09,2,"[0.053437775648130154, -0.03847962423064463, -0.07037777777777778, 1.0, 1]",0.0
-0.06994999999999998,0,-0.0006680538178594566,-1.0972595534791631e-05,-3.5488917070595095e-09,2,"[0.05330943860932945, -0.03841851311953352, -0.06994999999999998, 1.0, 1]",0.0
-0.06952222222222221,0,-0.0006663643314054101,-1.0928317090881392e-05,-3.5204524552491646e-09,2,"[0.05318124796559047, -0.038357402008422414, -0.06952222222222221, 1.0, 1]",0.0
-0.06909444444444443,0,-0.0006646768782161095,-1.08841569021744e-05,-3.492202685388024e-09,2,"[0.053053203716913216, -0.038296290897311305, -0.06909444444444443, 1.0, 1]",0.0
-0.06866666666666665,0,-0.0006629914582915555,-1.084011481210927e-05,-3.464141389906592e-09,2,"[0.0529253058632977, -0.03823517978620019, -0.06866666666666665, 1.0, 1]",0.0
-0.06823888888888888,0,-0.0006613080716317474,-1.0796190664124615e-05,-3.436267565243855e-09,2,"[0.05279755440474391, -0.03817406867508908, -0.06823888888888888, 1.0, 1]",0.0
-0.0678111111111111,0,-0.0006596267182366857,-1.0752384301659051e-05,-3.4085802118366802e-09,2,"[0.05266994934125184, -0.038112957563977964, -0.0678111111111111, 1.0, 1]",0.0
-0.06738333333333332,0,-0.0006579473981063702,-1.0708695568151187e-05,-3.381078334109215e-09,2,"[0.05254249067282151, -0.038051846452866855, -0.06738333333333332, 1.0, 1]",0.0
-0.06695555555555555,0,-0.000656270111240801,-1.0665124307039646e-05,-3.3537609404623264e-09,2,"[0.0524151783994529, -0.037990735341755746, -0.06695555555555555, 1.0, 1]",0.0
-0.06652777777777777,0,-0.0006545948576399779,-1.0621670361763038e-05,-3.326627043263021e-09,2,"[0.052288012521146024, -0.03792962423064464, -0.06652777777777777, 1.0, 1]",0.0
-0.06609999999999999,0,-0.0006529216373039012,-1.057833357575998e-05,-3.2996756588339066e-09,2,"[0.05216099303790088, -0.03786851311953353, -0.06609999999999999, 1.0, 1]",0.0
-0.06567222222222222,0,-0.0006512504502325705,-1.0535113792469085e-05,-3.2729058074426514e-09,2,"[0.052034119949717454, -0.03780740200842241, -0.06567222222222222, 1.0, 1]",0.0
-0.06524444444444444,0,-0.0006495812964259862,-1.0492010855328964e-05,-3.2463165132914666e-09,2,"[0.05190739325659576, -0.0377462908973113, -0.06524444444444444, 1.0, 1]",0.0
-0.06481666666666666,0,-0.000647914175884148,-1.0449024607778235e-05,-3.2199068045066017e-09,2,"[0.0517808129585358, -0.03768517978620019, -0.06481666666666666, 1.0, 1]",0.0
-0.06438888888888888,0,-0.0006462490886070562,-1.0406154893255516e-05,-3.1936757131278455e-09,2,"[0.05165437905553756, -0.03762406867508908, -0.06438888888888888, 1.0, 1]",0.0
-0.06396111111111111,0,-0.0006445860345947105,-1.0363401555199415e-05,-3.167622275098049e-09,2,"[0.05152809154760105, -0.03756295756397797, -0.06396111111111111, 1.0, 1]",0.0
-0.06353333333333333,0,-0.000642925013847111,-1.032076443704855e-05,-3.1417455302526635e-09,2,"[0.05140195043472627, -0.03750184645286686, -0.06353333333333333, 1.0, 1]",0.0
-0.06310555555555555,0,-0.0006412660263642578,-1.0278243382241534e-05,-3.1160445223092862e-09,2,"[0.05127595571691322, -0.03744073534175575, -0.06310555555555555, 1.0, 1]",0.0
-0.06267777777777778,0,-0.0006396090721461508,-1.0235838234216987e-05,-3.090518298857228e-09,2,"[0.0511501073941619, -0.037379624230644636, -0.06267777777777778, 1.0, 1]",0.0
-0.06224999999999999,0,-0.00063795415119279,-1.0193548836413512e-05,-3.065165911347078e-09,2,"[0.0510244054664723, -0.037318513119533527, -0.06224999999999999, 1.0, 1]",0.0
-0.061822222222222216,0,-0.0006363012635041754,-1.0151375032269735e-05,-3.039986415080316e-09,2,"[0.05089884993384444, -0.03725740200842241, -0.061822222222222216, 1.0, 1]",0.0
-0.06139444444444444,0,-0.0006346504090803072,-1.0109316665224266e-05,-3.014978869198895e-09,2,"[0.0507734407962783, -0.0371962908973113, -0.06139444444444444, 1.0, 1]",0.0
-0.06096666666666666,0,-0.000633001587921185,-1.0067373578715721e-05,-2.990142336674875e-09,2,"[0.05064817805377389, -0.03713517978620019, -0.06096666666666666, 1.0, 1]",0.0
-0.060538888888888885,0,-0.0006313548000268092,-1.002554561618271e-05,-2.965475884300047e-09,2,"[0.05052306170633121, -0.037074068675089084, -0.060538888888888885, 1.0, 1]",0.0
-0.0601111111111111,0,-0.0006297100453971796,-9.983832621063852e-06,-2.9409785826755887e-09,2,"[0.050398091753950255, -0.03701295756397797, -0.0601111111111111, 1.0, 1]",0.0
-0.059683333333333324,0,-0.0006280673240322962,-9.942234436797761e-06,-2.9166495062017193e-09,2,"[0.050273268196631034, -0.03695184645286686, -0.059683333333333324, 1.0, 1]",0.0
-0.05925555555555555,0,-0.000626426635932159,-9.900750906823051e-06,-2.892487733067374e-09,2,"[0.05014859103437354, -0.03689073534175574, -0.05925555555555555, 1.0, 1]",0.0
-0.05882777777777777,0,-0.0006247879810967681,-9.859381874578337e-06,-2.8684923452398967e-09,2,"[0.050024060267177775, -0.036829624230644634, -0.05882777777777777, 1.0, 1]",0.0
-0.058399999999999994,0,-0.0006231513595261233,-9.818127183502233e-06,-2.8446624284547413e-09,2,"[0.04989967589504374, -0.036768513119533525, -0.058399999999999994, 1.0, 1]",0.0
-0.05797222222222222,0,-0.0006215167712202249,-9.77698667703335e-06,-2.8209970722051837e-09,2,"[0.04977543791797143, -0.036707402008422416, -0.05797222222222222, 1.0, 1]",0.0
-0.05754444444444444,0,-0.0006198842161790726,-9.73596019861031e-06,-2.797495369732067e-09,2,"[0.04965134633596084, -0.03664629089731131, -0.05754444444444444, 1.0, 1]",0.0
-0.05711666666666666,0,-0.0006182536944026666,-9.695047591671724e-06,-2.7741564180135275e-09,2,"[0.04952740114901199, -0.03658517978620019, -0.05711666666666666, 1.0, 1]",0.0
-0.056688888888888886,0,-0.0006166252058910067,-9.654248699656204e-06,-2.7509793177547665e-09,2,"[0.04940360235712486, -0.03652406867508908, -0.056688888888888886, 1.0, 1]",0.0
-0.05626111111111111,0,-0.0006149987506440932,-9.613563366002367e-06,-2.7279631733778206e-09,2,"[0.04927994996029947, -0.036462957563977966, -0.05626111111111111, 1.0, 1]",0.0
-0.05583333333333333,0,-0.0006133743286619259,-9.572991434148828e-06,-2.7051070930113465e-09,2,"[0.0491564439585358, -0.03640184645286686, -0.05583333333333333, 1.0, 1]",0.0
-0.055405555555555555,0,-0.0006117519399445047,-9.5325327475342e-06,-2.682410188480422e-09,2,"[0.04903308435183386, -0.03634073534175575, -0.055405555555555555, 1.0, 1]",0.0
-0.054977777777777764,0,-0.0006101315844918298,-9.492187149597096e-06,-2.6598715752963618e-09,2,"[0.04890987114019364, -0.03627962423064464, -0.054977777777777764, 1.0, 1]",0.0
-0.05454999999999999,0,-0.000608513262303901,-9.451954483776137e-06,-2.637490372646551e-09,2,"[0.04878680432361516, -0.03621851311953352, -0.05454999999999999, 1.0, 1]",0.0
-0.05412222222222221,0,-0.0006068969733807187,-9.41183459350993e-06,-2.6152657033842756e-09,2,"[0.04866388390209841, -0.036157402008422414, -0.05412222222222221, 1.0, 1]",0.0
-0.053694444444444434,0,-0.0006052827177222824,-9.371827322237096e-06,-2.593196694018594e-09,2,"[0.048541109875643376, -0.036096290897311305, -0.053694444444444434, 1.0, 1]",0.0
-0.05326666666666666,0,-0.0006036704953285924,-9.331932513396245e-06,-2.571282474704196e-09,2,"[0.04841848224425008, -0.03603517978620019, -0.05326666666666666, 1.0, 1]",0.0
-0.05283888888888888,0,-0.0006020603061996487,-9.292150010425992e-06,-2.5495221792312943e-09,2,"[0.04829600100791851, -0.03597406867508908, -0.05283888888888888, 1.0, 1]",0.0
-0.0524111111111111,0,-0.0006004521503354511,-9.252479656764952e-06,-2.527914945015522e-09,2,"[0.04817366616664867, -0.03591295756397797, -0.0524111111111111, 1.0, 1]",0.0
-0.051983333333333326,0,-0.0005988460277359999,-9.212921295851743e-06,-2.506459913087846e-09,2,"[0.04805147772044056, -0.03585184645286686, -0.051983333333333326, 1.0, 1]",0.0
-0.05155555555555555,0,-0.0005972419384012948,-9.173474771124975e-06,-2.48515622808449e-09,2,"[0.047929435669294175, -0.035790735341755746, -0.05155555555555555, 1.0, 1]",0.0
-0.05112777777777777,0,-0.0005956398823313359,-9.134139926023265e-06,-2.4640030382368807e-09,2,"[0.04780754001320952, -0.03572962423064464, -0.05112777777777777, 1.0, 1]",0.0
-0.050699999999999995,0,-0.0005940398595261233,-9.094916603985224e-06,-2.4429994953615952e-09,2,"[0.04768579075218659, -0.03566851311953353, -0.050699999999999995, 1.0, 1]",0.0
-0.05027222222222222,0,-0.000592441869985657,-9.055804648449473e-06,-2.422144754850343e-09,2,"[0.04756418788622539, -0.03560740200842241, -0.05027222222222222, 1.0, 1]",0.0
-0.04984444444444444,0,-0.0005908459137099368,-9.016803902854624e-06,-2.401437975659934e-09,2,"[0.04744273141532592, -0.0355462908973113, -0.04984444444444444, 1.0, 1]",0.0
-0.049416666666666664,0,-0.0005892519906989628,-8.977914210639285e-06,-2.380878320302279e-09,2,"[0.047321421339488176, -0.035485179786200194, -0.049416666666666664, 1.0, 1]",0.0
-0.04898888888888889,0,-0.0005876601009527352,-8.939135415242078e-06,-2.3604649548344106e-09,2,"[0.047200257658712164, -0.035424068675089085, -0.04898888888888889, 1.0, 1]",0.0
-0.04856111111111111,0,-0.0005860702444712537,-8.900467360101616e-06,-2.3401970488484973e-09,2,"[0.04707924037299788, -0.03536295756397797, -0.04856111111111111, 1.0, 1]",0.0
-0.048133333333333334,0,-0.0005844824212545185,-8.861909888656512e-06,-2.320073775461883e-09,2,"[0.04695836948234532, -0.03530184645286686, -0.048133333333333334, 1.0, 1]",0.0
-0.04770555555555554,0,-0.0005828966313025294,-8.823462844345382e-06,-2.3000943113071443e-09,2,"[0.04683764498675449, -0.035240735341755744, -0.04770555555555554, 1.0, 1]",0.0
-0.047277777777777766,0,-0.0005813128746152865,-8.78512607060684e-06,-2.2802578365221555e-09,2,"[0.046717066886225386, -0.035179624230644635, -0.047277777777777766, 1.0, 1]",0.0
-0.04684999999999999,0,-0.0005797311511927901,-8.746899410879497e-06,-2.2605635347401673e-09,2,"[0.04659663518075802, -0.035118513119533526, -0.04684999999999999, 1.0, 1]",0.0
-0.04642222222222221,0,-0.0005781514610350396,-8.708782708601978e-06,-2.2410105930799068e-09,2,"[0.046476349870352374, -0.03505740200842242, -0.04642222222222221, 1.0, 1]",0.0
-0.045994444444444435,0,-0.0005765738041420355,-8.670775807212887e-06,-2.221598202135676e-09,2,"[0.046356210955008456, -0.0349962908973113, -0.045994444444444435, 1.0, 1]",0.0
-0.04556666666666666,0,-0.0005749981805137777,-8.632878550150843e-06,-2.202325555967486e-09,2,"[0.04623621843472627, -0.03493517978620019, -0.04556666666666666, 1.0, 1]",0.0
-0.04513888888888888,0,-0.000573424590150266,-8.595090780854457e-06,-2.183191852091186e-09,2,"[0.04611637230950581, -0.03487406867508908, -0.04513888888888888, 1.0, 1]",0.0
-0.044711111111111104,0,-0.0005718530330515005,-8.55741234276235e-06,-2.1641962914686214e-09,2,"[0.045996672579347087, -0.03481295756397797, -0.044711111111111104, 1.0, 1]",0.0
-0.04428333333333333,0,-0.0005702835092174813,-8.519843079313131e-06,-2.1453380784977876e-09,2,"[0.045877119244250086, -0.03475184645286686, -0.04428333333333333, 1.0, 1]",0.0
-0.04385555555555555,0,-0.0005687160186482083,-8.482382833945417e-06,-2.126616421003018e-09,2,"[0.04575771230421481, -0.03469073534175575, -0.04385555555555555, 1.0, 1]",0.0
-0.043427777777777773,0,-0.0005671505613436816,-8.44503145009782e-06,-2.108030530225174e-09,2,"[0.045638451759241264, -0.03462962423064464, -0.043427777777777773, 1.0, 1]",0.0
-0.043,0,-0.0005655871373039011,-8.40778877120896e-06,-2.0895796208118514e-09,2,"[0.04551933760932945, -0.034568513119533524, -0.043, 1.0, 1]",0.0
-0.04257222222222222,0,-0.0005640257465288668,-8.370654640717444e-06,-2.0712629108075968e-09,2,"[0.04540036985447936, -0.034507402008422415, -0.04257222222222222, 1.0, 1]",0.0
-0.04214444444444444,0,-0.0005624663890185788,-8.333628902061894e-06,-2.0530796216441522e-09,2,"[0.045281548494691, -0.034446290897311306, -0.04214444444444444, 1.0, 1]",0.0
-0.041716666666666666,0,-0.0005609090647730369,-8.29671139868092e-06,-2.035028978130694e-09,2,"[0.04516287352996437, -0.03438517978620019, -0.041716666666666666, 1.0, 1]",0.0
-0.041288888888888875,0,-0.0005593537737922413,-8.259901974013135e-06,-2.017110208444099e-09,2,"[0.045044344960299465, -0.03432406867508908, -0.041288888888888875, 1.0, 1]",0.0
-0.0408611111111111,0,-0.0005578005160761919,-8.223200471497158e-06,-1.9993225441192244e-09,2,"[0.044925962785696286, -0.03426295756397797, -0.0408611111111111, 1.0, 1]",0.0
-0.04043333333333332,0,-0.0005562492916248887,-8.186606734571602e-06,-1.981665220039193e-09,2,"[0.044807727006154846, -0.034201846452866856, -0.04043333333333332, 1.0, 1]",0.0
-0.040005555555555544,0,-0.0005547001004383318,-8.150120606675082e-06,-1.964137474425702e-09,2,"[0.044689637621675125, -0.03414073534175575, -0.040005555555555544, 1.0, 1]",0.0
-0.03957777777777777,0,-0.0005531529425165211,-8.113741931246212e-06,-1.946738548829338e-09,2,"[0.04457169463225714, -0.03407962423064464, -0.03957777777777777, 1.0, 1]",0.0
-0.03914999999999999,0,-0.0005516078178594567,-8.077470551723604e-06,-1.9294676881199105e-09,2,"[0.044453898037900876, -0.03401851311953352, -0.03914999999999999, 1.0, 1]",0.0
-0.03872222222222221,0,-0.0005500647264671385,-8.041306311545877e-06,-1.9123241404768044e-09,2,"[0.044336247838606346, -0.03395740200842241, -0.03872222222222221, 1.0, 1]",0.0
-0.038294444444444437,0,-0.0005485236683395664,-8.005249054151643e-06,-1.895307157379329e-09,2,"[0.044218744034373536, -0.033896290897311304, -0.038294444444444437, 1.0, 1]",0.0
-0.03786666666666666,0,-0.0005469846434767406,-7.969298622979514e-06,-1.8784159935971036e-09,2,"[0.044101386625202466, -0.033835179786200195, -0.03786666666666666, 1.0, 1]",0.0
-0.03743888888888888,0,-0.0005454476518786611,-7.93345486146811e-06,-1.8616499071804419e-09,2,"[0.043984175611093114, -0.03377406867508908, -0.03743888888888888, 1.0, 1]",0.0
-0.037011111111111106,0,-0.0005439126935453277,-7.897717613056044e-06,-1.8450081594507522e-09,2,"[0.043867110992045495, -0.03371295756397797, -0.037011111111111106, 1.0, 1]",0.0
-0.03658333333333333,0,-0.0005423797684767406,-7.862086721181928e-06,-1.8284900149909557e-09,2,"[0.04375019276805961, -0.03365184645286686, -0.03658333333333333, 1.0, 1]",0.0
-0.03615555555555555,0,-0.0005408488766728998,-7.826562029284377e-06,-1.8120947416359191e-09,2,"[0.04363342093913544, -0.033590735341755745, -0.03615555555555555, 1.0, 1]",0.0
-0.035727777777777775,0,-0.0005393200181338051,-7.791143380802008e-06,-1.7958216104628973e-09,2,"[0.043516795505273015, -0.033529624230644636, -0.035727777777777775, 1.0, 1]",0.0
-0.0353,0,-0.0005377931928594567,-7.755830619173434e-06,-1.7796698957819915e-09,2,"[0.043400316466472307, -0.03346851311953353, -0.0353, 1.0, 1]",0.0
-0.03487222222222222,0,-0.0005362684008498545,-7.72062358783727e-06,-1.7636388751266223e-09,2,"[0.04328398382273333, -0.03340740200842242, -0.03487222222222222, 1.0, 1]",0.0
-0.034444444444444444,0,-0.0005347456421049985,-7.685522130232132e-06,-1.7477278292440167e-09,2,"[0.04316779757405608, -0.0333462908973113, -0.034444444444444444, 1.0, 1]",0.0
-0.03401666666666665,0,-0.0005332249166248887,-7.650526089796628e-06,-1.7319360420857052e-09,2,"[0.04305175772044056, -0.03328517978620019, -0.03401666666666665, 1.0, 1]",0.0
-0.033588888888888876,0,-0.0005317062244095252,-7.61563530996938e-06,-1.716262800798045e-09,2,"[0.042935864261886766, -0.03322406867508908, -0.033588888888888876, 1.0, 1]",0.0
-0.0331611111111111,0,-0.0005301895654589079,-7.580849634189e-06,-1.7007073957127386e-09,2,"[0.0428201171983947, -0.03316295756397797, -0.0331611111111111, 1.0, 1]",0.0
-0.03273333333333332,0,-0.0005286749397730369,-7.546168905894103e-06,-1.6852691203373808e-09,2,"[0.04270451652996437, -0.03310184645286686, -0.03273333333333332, 1.0, 1]",0.0
-0.032305555555555546,0,-0.0005271623473519121,-7.511592968523302e-06,-1.6699472713460156e-09,2,"[0.04258906225659576, -0.03304073534175575, -0.032305555555555546, 1.0, 1]",0.0
-0.03187777777777777,0,-0.0005256517881955335,-7.477121665515212e-06,-1.6547411485697046e-09,2,"[0.04247375437828888, -0.032979624230644634, -0.03187777777777777, 1.0, 1]",0.0
-0.03144999999999999,0,-0.0005241432623039012,-7.442754840308449e-06,-1.639650054987115e-09,2,"[0.042358592895043734, -0.032918513119533525, -0.03144999999999999, 1.0, 1]",0.0
-0.031022222222222215,0,-0.000522636769677015,-7.4084923363416275e-06,-1.624673296715114e-09,2,"[0.04224357780686031, -0.032857402008422416, -0.031022222222222215, 1.0, 1]",0.0
-0.030594444444444438,0,-0.000521132310314875,-7.374333997053359e-06,-1.6098101829993828e-09,2,"[0.042128709113738616, -0.0327962908973113, -0.030594444444444438, 1.0, 1]",0.0
-0.03016666666666666,0,-0.0005196298842174813,-7.340279665882261e-06,-1.5950600262050447e-09,2,"[0.04201398681567865, -0.03273517978620019, -0.03016666666666666, 1.0, 1]",0.0
-0.029738888888888884,0,-0.0005181294913848338,-7.306329186266947e-06,-1.5804221418073032e-09,2,"[0.041899410912680415, -0.03267406867508908, -0.029738888888888884, 1.0, 1]",0.0
-0.029311111111111107,0,-0.0005166311318169326,-7.272482401646033e-06,-1.5658958483820979e-09,2,"[0.04178498140474391, -0.03261295756397797, -0.029311111111111107, 1.0, 1]",0.0
-0.02888333333333333,0,-0.0005151348055137776,-7.238739155458132e-06,-1.5514804675967714e-09,2,"[0.04167069829186913, -0.03255184645286686, -0.02888333333333333, 1.0, 1]",0.0
-0.028455555555555553,0,-0.0005136405124753689,-7.205099291141856e-06,-1.5371753242007527e-09,2,"[0.04155656157405608, -0.03249073534175575, -0.028455555555555553, 1.0, 1]",0.0
-0.028027777777777776,0,-0.0005121482527017064,-7.171562652135824e-06,-1.5229797460162553e-09,2,"[0.04144257125130476, -0.03242962423064464, -0.028027777777777776, 1.0, 1]",0.0
-0.027599999999999986,0,-0.00051065802619279,-7.1381290818786495e-06,-1.5088930639289848e-09,2,"[0.04132872732361516, -0.032368513119533524, -0.027599999999999986, 1.0, 1]",0.0
-0.02717222222222221,0,-0.0005091698329486199,-7.104798423808946e-06,-1.494914611878864e-09,2,"[0.0412150297909873, -0.032307402008422414, -0.02717222222222221, 1.0, 1]",0.0
-0.026744444444444432,0,-0.0005076836729691961,-7.071570521365328e-06,-1.4810437268507716e-09,2,"[0.041101478653421154, -0.032246290897311305, -0.026744444444444432, 1.0, 1]",0.0
-0.026316666666666655,0,-0.0005061995462545183,-7.038445217986412e-06,-1.4672797488652958e-09,2,"[0.040988073910916745, -0.03218517978620019, -0.026316666666666655, 1.0, 1]",0.0
-0.025888888888888878,0,-0.000504717452804587,-7.00542235711081e-06,-1.4536220209694986e-09,2,"[0.04087481556347407, -0.03212406867508908, -0.025888888888888878, 1.0, 1]",0.0
-0.0254611111111111,0,-0.0005032373926194017,-6.972501782177137e-06,-1.4400698892276963e-09,2,"[0.04076170361109312, -0.03206295756397797, -0.0254611111111111, 1.0, 1]",0.0
-0.025033333333333324,0,-0.0005017593656989628,-6.9396833366240095e-06,-1.4266227027122572e-09,2,"[0.04064873805377389, -0.032001846452866856, -0.025033333333333324, 1.0, 1]",0.0
-0.024605555555555547,0,-0.0005002833720432701,-6.90696686389004e-06,-1.413279813494405e-09,2,"[0.04053591889151639, -0.03194073534175575, -0.024605555555555547, 1.0, 1]",0.0
-0.02417777777777777,0,-0.0004988094116523236,-6.874352207413845e-06,-1.4000405766350447e-09,2,"[0.040423246124320626, -0.03187962423064464, -0.02417777777777777, 1.0, 1]",0.0
-0.023749999999999993,0,-0.0004973374845261234,-6.841839210634036e-06,-1.3869043501755966e-09,2,"[0.04031071975218659, -0.03181851311953353, -0.023749999999999993, 1.0, 1]",0.0
-0.023322222222222216,0,-0.0004958675906646693,-6.809427716989229e-06,-1.3738704951288486e-09,2,"[0.04019833977511428, -0.03175740200842241, -0.023322222222222216, 1.0, 1]",0.0
-0.02289444444444444,0,-0.0004943997300679615,-6.777117569918039e-06,-1.3609383754698208e-09,2,"[0.040086106193103696, -0.031696290897311304, -0.02289444444444444, 1.0, 1]",0.0
-0.022466666666666663,0,-0.0004929339027359999,-6.744908612859082e-06,-1.3481073581266409e-09,2,"[0.03997401900615485, -0.031635179786200195, -0.022466666666666663, 1.0, 1]",0.0
-0.022038888888888886,0,-0.0004914701086687845,-6.71280068925097e-06,-1.335376812971439e-09,2,"[0.039862078214267724, -0.03157406867508908, -0.022038888888888886, 1.0, 1]",0.0
-0.02161111111111111,0,-0.0004900083478663154,-6.680793642532318e-06,-1.3227461128112536e-09,2,"[0.03975028381744232, -0.03151295756397797, -0.02161111111111111, 1.0, 1]",0.0
-0.021183333333333332,0,-0.0004885486203285925,-6.648887316141741e-06,-1.310214633378951e-09,2,"[0.039638635815678655, -0.03145184645286686, -0.021183333333333332, 1.0, 1]",0.0
-0.020755555555555555,0,-0.0004870909260556158,-6.617081553517854e-06,-1.2977817533241607e-09,2,"[0.039527134208976716, -0.03139073534175575, -0.020755555555555555, 1.0, 1]",0.0
-0.020327777777777764,0,-0.0004856352650473853,-6.58537619809927e-06,-1.2854468542042217e-09,2,"[0.039415778997336504, -0.031329624230644636, -0.020327777777777764, 1.0, 1]",0.0
-0.019899999999999987,0,-0.0004841816373039011,-6.553771093324606e-06,-1.273209320475149e-09,2,"[0.03930457018075802, -0.03126851311953353, -0.019899999999999987, 1.0, 1]",0.0
-0.01947222222222221,0,-0.00048273004282516313,-6.522266082632473e-06,-1.261068539482603e-09,2,"[0.03919350775924126, -0.031207402008422414, -0.01947222222222221, 1.0, 1]",0.0
-0.019044444444444433,0,-0.00048128048161117135,-6.49086100946149e-06,-1.2490239014528878e-09,2,"[0.039082591732786234, -0.031146290897311302, -0.019044444444444433, 1.0, 1]",0.0
-0.018616666666666656,0,-0.0004798329536619258,-6.459555717250269e-06,-1.2370747994839487e-09,2,"[0.03897182210139294, -0.031085179786200193, -0.018616666666666656, 1.0, 1]",0.0
-0.01818888888888888,0,-0.00047838745897742647,-6.4283500494374244e-06,-1.2252206295363942e-09,2,"[0.03886119886506137, -0.03102406867508908, -0.01818888888888888, 1.0, 1]",0.0
-0.017761111111111103,0,-0.0004769439975576734,-6.397243849461572e-06,-1.213460790424527e-09,2,"[0.038750722023791526, -0.030962957563977968, -0.017761111111111103, 1.0, 1]",0.0
-0.017333333333333326,0,-0.00047550256940266655,-6.366236960761323e-06,-1.2017946838073895e-09,2,"[0.038640391577583415, -0.03090184645286686, -0.017333333333333326, 1.0, 1]",0.0
-0.01690555555555555,0,-0.00047406317451240593,-6.335329226775295e-06,-1.1902217141798272e-09,2,"[0.03853020752643703, -0.030840735341755746, -0.01690555555555555, 1.0, 1]",0.0
-0.016477777777777772,0,-0.00047262581288689154,-6.3045204909421056e-06,-1.1787412888635595e-09,2,"[0.03842016987035238, -0.030779624230644637, -0.016477777777777772, 1.0, 1]",0.0
-0.016049999999999995,0,-0.00047119048452612335,-6.2738105967003614e-06,-1.1673528179982672e-09,2,"[0.03831027860932945, -0.030718513119533525, -0.016049999999999995, 1.0, 1]",0.0
-0.015622222222222218,0,-0.0004697571894301014,-6.243199387488683e-06,-1.1560557145326995e-09,2,"[0.03820053374336825, -0.030657402008422416, -0.015622222222222218, 1.0, 1]",0.0
-0.015194444444444441,0,-0.00046832592759882567,-6.2126867067456834e-06,-1.1448493942157853e-09,2,"[0.038090935272468776, -0.030596290897311303, -0.015194444444444441, 1.0, 1]",0.0
-0.014766666666666664,0,-0.0004668966990322962,-6.182272397909976e-06,-1.1337332755877662e-09,2,"[0.037981483196631034, -0.03053517978620019, -0.014766666666666664, 1.0, 1]",0.0
-0.014338888888888887,0,-0.00046546950373051296,-6.151956304420177e-06,-1.1227067799713397e-09,2,"[0.03787217751585502, -0.030474068675089082, -0.014338888888888887, 1.0, 1]",0.0
-0.013911111111111096,0,-0.00046404434169347586,-6.121738269714898e-06,-1.1117693314628163e-09,2,"[0.037763018230140735, -0.03041295756397797, -0.013911111111111096, 1.0, 1]",0.0
-0.01348333333333332,0,-0.00046262121292118505,-6.091618137232758e-06,-1.1009203569232952e-09,2,"[0.03765400533948818, -0.030351846452866857, -0.01348333333333332, 1.0, 1]",0.0
-0.013055555555555542,0,-0.0004612001174136405,-6.061595750412369e-06,-1.0901592859698462e-09,2,"[0.03754513884389735, -0.030290735341755748, -0.013055555555555542, 1.0, 1]",0.0
-0.012627777777777766,0,-0.0004597810551708421,-6.031670952692346e-06,-1.0794855509667117e-09,2,"[0.03743641874336825, -0.030229624230644635, -0.012627777777777766, 1.0, 1]",0.0
-0.012199999999999989,0,-0.00045836402619278997,-6.0018435875113035e-06,-1.0688985870165219e-09,2,"[0.037327845037900875, -0.030168513119533523, -0.012199999999999989, 1.0, 1]",0.0
-0.011772222222222212,0,-0.00045694903047948407,-5.9721134983078546e-06,-1.0583978319515207e-09,2,"[0.03721941772749523, -0.030107402008422414, -0.011772222222222212, 1.0, 1]",0.0
-0.011344444444444435,0,-0.0004555360680309244,-5.942480528520616e-06,-1.04798272632481e-09,2,"[0.037111136812151314, -0.0300462908973113, -0.011344444444444435, 1.0, 1]",0.0
-0.010916666666666658,0,-0.000454125138847111,-5.912944521588201e-06,-1.0376527134016046e-09,2,"[0.037003002291869126, -0.029985179786200192, -0.010916666666666658, 1.0, 1]",0.0
-0.010488888888888881,0,-0.00045271624292804376,-5.883505320949224e-06,-1.0274072391505018e-09,2,"[0.03689501416664867, -0.02992406867508908, -0.010488888888888881, 1.0, 1]",0.0
-0.010061111111111104,0,-0.0004513093802737228,-5.8541627700423e-06,-1.0172457522347673e-09,2,"[0.03678717243648994, -0.02986295756397797, -0.010061111111111104, 1.0, 1]",0.0
-0.009633333333333327,0,-0.000449904550884148,-5.824916712306045e-06,-1.0071677040036322e-09,2,"[0.03667947710139294, -0.02980184645286686, -0.009633333333333327, 1.0, 1]",0.0
-0.00920555555555555,0,-0.0004485017547593195,-5.795766991179073e-06,-9.97172548483604e-10,2,"[0.03657192816135767, -0.029740735341755746, -0.00920555555555555, 1.0, 1]",0.0
-0.008777777777777773,0,-0.0004471009918992372,-5.766713450099996e-06,-9.872597423697943e-10,2,"[0.03646452561638412, -0.029679624230644637, -0.008777777777777773, 1.0, 1]",0.0
-0.008349999999999996,0,-0.0004457022623039011,-5.737755932507429e-06,-9.774287450172582e-10,2,"[0.0363572694664723, -0.029618513119533525, -0.008349999999999996, 1.0, 1]",0.0
-0.00792222222222222,0,-0.0004443055659733113,-5.7088942818399894e-06,-9.6767901843235e-10,2,"[0.03625015971162222, -0.029557402008422416, -0.00792222222222222, 1.0, 1]",0.0
-0.0074944444444444425,0,-0.0004429109029074677,-5.68012834153629e-06,-9.580100272640881e-10,2,"[0.036143196351833856, -0.029496290897311303, -0.0074944444444444425, 1.0, 1]",0.0
-0.0070666666666666655,0,-0.00044151827310637027,-5.651457955034945e-06,-9.484212387955393e-10,2,"[0.03603637938710723, -0.029435179786200194, -0.0070666666666666655, 1.0, 1]",0.0
-0.006638888888888875,0,-0.0004401276765700191,-5.622882965774568e-06,-9.389121229352138e-10,2,"[0.03592970881744232, -0.029374068675089078, -0.006638888888888875, 1.0, 1]",0.0
-0.006211111111111098,0,-0.0004387391132984141,-5.594403217193777e-06,-9.294821522084768e-10,2,"[0.035823184642839144, -0.02931295756397797, -0.006211111111111098, 1.0, 1]",0.0
-0.005783333333333321,0,-0.0004373525832915554,-5.5660185527311835e-06,-9.20130801748971e-10,2,"[0.0357168068632977, -0.029251846452866857, -0.005783333333333321, 1.0, 1]",0.0
-0.005355555555555544,0,-0.00043596808654944297,-5.537728815825404e-06,-9.108575492900547e-10,2,"[0.035610575478817984, -0.029190735341755748, -0.005355555555555544, 1.0, 1]",0.0
-0.004927777777777767,0,-0.0004345856230720767,-5.50953384991505e-06,-9.016618751562537e-10,2,"[0.03550449048939999, -0.029129624230644635, -0.004927777777777767, 1.0, 1]",0.0
-0.00449999999999999,0,-0.0004332051928594567,-5.48143349843874e-06,-8.925432622547297e-10,2,"[0.035398551895043734, -0.029068513119533526, -0.00449999999999999, 1.0, 1]",0.0
-0.004072222222222213,0,-0.00043182679591158285,-5.453427604835086e-06,-8.835011960667565e-10,2,"[0.0352927596957492, -0.029007402008422414, -0.004072222222222213, 1.0, 1]",0.0
-0.0036444444444444363,0,-0.0004304504322284553,-5.425516012542703e-06,-8.745351646392166e-10,2,"[0.035187113891516394, -0.0289462908973113, -0.0036444444444444363, 1.0, 1]",0.0
-0.0032166666666666593,0,-0.00042907610181007396,-5.397698565000206e-06,-8.656446585761086e-10,2,"[0.03508161448234532, -0.028885179786200192, -0.0032166666666666593, 1.0, 1]",0.0
-0.0027888888888888824,0,-0.00042770380465643885,-5.36997510564621e-06,-8.568291710300693e-10,2,"[0.03497626146823597, -0.02882406867508908, -0.0027888888888888824, 1.0, 1]",0.0
-0.0023611111111111055,0,-0.00042633354076755,-5.342345477919327e-06,-8.480881976939083e-10,2,"[0.03487105484918836, -0.02876295756397797, -0.0023611111111111055, 1.0, 1]",0.0
-0.0019333333333333286,0,-0.0004249653101434073,-5.314809525258174e-06,-8.394212367921598e-10,2,"[0.03476599462520246, -0.028701846452866858, -0.0019333333333333286, 1.0, 1]",0.0
-0.0015055555555555517,0,-0.00042359911278401084,-5.287367091101366e-06,-8.30827789072647e-10,2,"[0.034661080796278304, -0.02864073534175575, -0.0015055555555555517, 1.0, 1]",0.0
-0.0010777777777777747,0,-0.00042223494868936064,-5.260018018887516e-06,-8.223073577980564e-10,2,"[0.034556313362415866, -0.028579624230644637, -0.0010777777777777747, 1.0, 1]",0.0
-0.0006499999999999978,0,-0.0004208728178594567,-5.232762152055238e-06,-8.138594487375342e-10,2,"[0.03445169232361516, -0.028518513119533524, -0.0006499999999999978, 1.0, 1]",0.0
-0.000222222222222207,0,-0.0004195127202942989,-5.205599334043145e-06,-8.05483570158289e-10,2,"[0.03434721767987618, -0.028457402008422412, -0.000222222222222207, 1.0, 1]",0.0
0.00020555555555556992,0,-0.00041815465599388737,-5.178529408289858e-06,-7.97179232817215e-10,2,"[0.034242889431198936, -0.028396290897311303, 0.00020555555555556992, 1.0, 1]",0.0
0.0006333333333333468,0,-0.00041679862495822207,-5.151552218233987e-06,-7.889459499525217e-10,2,"[0.034138707577583416, -0.02833517978620019, 0.0006333333333333468, 1.0, 1]",0.0
0.0010611111111111238,0,-0.000415444627187303,-5.124667607314147e-06,-7.80783237275385e-10,2,"[0.03403467211902962, -0.02827406867508908, 0.0010611111111111238, 1.0, 1]",0.0
0.0014888888888889007,0,-0.0004140926626811302,-5.097875418968951e-06,-7.726906129616074e-10,2,"[0.03393078305553756, -0.02821295756397797, 0.0014888888888889007, 1.0, 1]",0.0
0.0019166666666666776,0,-0.0004127427314397036,-5.071175496637017e-06,-7.646675976432962e-10,2,"[0.033827040387107224, -0.028151846452866856, 0.0019166666666666776, 1.0, 1]",0.0
0.0023444444444444545,0,-0.0004113948334630232,-5.044567683756957e-06,-7.567137144005501e-10,2,"[0.03372344411373862, -0.028090735341755747, 0.0023444444444444545, 1.0, 1]",0.0
0.0027722222222222315,0,-0.00041004896875108905,-5.018051823767385e-06,-7.48828488753166e-10,2,"[0.03361999423543174, -0.028029624230644635, 0.0027722222222222315, 1.0, 1]",0.0
0.0032000000000000084,0,-0.0004087051373039011,-4.991627760106918e-06,-7.41011448652355e-10,2,"[0.03351669075218659, -0.027968513119533526, 0.0032000000000000084, 1.0, 1]",0.0
0.0036277777777777853,0,-0.0004073633391214594,-4.96529533621417e-06,-7.332621244724756e-10,2,"[0.03341353366400317, -0.027907402008422413, 0.0036277777777777853, 1.0, 1]",0.0
0.004055555555555562,0,-0.00040602357420376395,-4.939054395527755e-06,-7.255800490027779e-10,2,"[0.033310522970881475, -0.027846290897311304, 0.004055555555555562, 1.0, 1]",0.0
0.004483333333333339,0,-0.0004046858425508147,-4.912904781486285e-06,-7.179647574391651e-10,2,"[0.03320765867282151, -0.027785179786200192, 0.004483333333333339, 1.0, 1]",0.0
0.004911111111111116,0,-0.00040335014416261166,-4.886846337528379e-06,-7.104157873759673e-10,2,"[0.033104940769823274, -0.02772406867508908, 0.004911111111111116, 1.0, 1]",0.0
0.005338888888888893,0,-0.0004020164790391549,-4.8608789070926495e-06,-7.029326787977273e-10,2,"[0.033002369261886766, -0.02766295756397797, 0.005338888888888893, 1.0, 1]",0.0
0.00576666666666667,0,-0.00040068484718044434,-4.835002333617711e-06,-6.955149740710052e-10,2,"[0.03289994414901199, -0.027601846452866858, 0.00576666666666667, 1.0, 1]",0.0
0.006194444444444447,0,-0.00039935524858648,-4.809216460542178e-06,-6.881622179361922e-10,2,"[0.032797665431198934, -0.02754073534175575, 0.006194444444444447, 1.0, 1]",0.0
0.006622222222222224,0,-0.00039802768325726193,-4.783521131304665e-06,-6.808739574993413e-10,2,"[0.03269553310844761, -0.027479624230644636, 0.006622222222222224, 1.0, 1]",0.0
0.007050000000000001,0,-0.00039670215119279003,-4.757916189343787e-06,-6.736497422240112e-10,2,"[0.03259354718075802, -0.027418513119533527, 0.007050000000000001, 1.0, 1]",0.0
0.007477777777777778,0,-0.00039537865239306437,-4.732401478098157e-06,-6.664891239231229e-10,2,"[0.032491707648130155, -0.027357402008422415, 0.007477777777777778, 1.0, 1]",0.0
0.007905555555555555,0,-0.00039405718685808495,-4.706976841006392e-06,-6.593916567508338e-10,2,"[0.032390014510564016, -0.027296290897311302, 0.007905555555555555, 1.0, 1]",0.0
0.008333333333333331,0,-0.0003927377545878518,-4.681642121507105e-06,-6.523568971944214e-10,2,"[0.03228846776805961, -0.027235179786200193, 0.008333333333333331, 1.0, 1]",0.0
0.008761111111111108,0,-0.0003914203555823648,-4.656397163038909e-06,-6.453844040661833e-10,2,"[0.03218706742061693, -0.02717406867508908, 0.008761111111111108, 1.0, 1]",0.0
0.009188888888888885,0,-0.00039010498984162403,-4.631241809040423e-06,-6.384737384953529e-10,2,"[0.032085813468235976, -0.027112957563977972, 0.009188888888888885, 1.0, 1]",0.0
0.009616666666666662,0,-0.0003887916573656295,-4.6061759029502576e-06,-6.31624463920024e-10,2,"[0.031984705910916754, -0.02705184645286686, 0.009616666666666662, 1.0, 1]",0.0
0.010044444444444467,0,-0.0003874803581543812,-4.581199288207027e-06,-6.248361460790952e-10,2,"[0.03188374474865925, -0.026990735341755744, 0.010044444444444467, 1.0, 1]",0.0
0.010472222222222244,0,-0.0003861710922078791,-4.55631180824935e-06,-6.181083530042256e-10,2,"[0.03178292998146348, -0.026929624230644635, 0.010472222222222244, 1.0, 1]",0.0
0.01090000000000002,0,-0.0003848638595261233,-4.5315133065158375e-06,-6.114406550118023e-10,2,"[0.031682261609329444, -0.026868513119533522, 0.01090000000000002, 1.0, 1]",0.0
0.011327777777777798,0,-0.0003835586601091137,-4.506803626445106e-06,-6.048326246949263e-10,2,"[0.03158173963225713, -0.026807402008422413, 0.011327777777777798, 1.0, 1]",0.0
0.011755555555555575,0,-0.0003822554939568503,-4.482182611475768e-06,-5.982838369154087e-10,2,"[0.031481364050246555, -0.0267462908973113, 0.011755555555555575, 1.0, 1]",0.0
0.012183333333333352,0,-0.0003809543610693332,-4.457650105046439e-06,-5.91793868795784e-10,2,"[0.031381134863297695, -0.02668517978620019, 0.012183333333333352, 1.0, 1]",0.0
0.012611111111111128,0,-0.00037965526144656227,-4.433205950595734e-06,-5.85362299711335e-10,2,"[0.031281052071410576, -0.02662406867508908, 0.012611111111111128, 1.0, 1]",0.0
0.013038888888888905,0,-0.0003783581950885376,-4.408849991562268e-06,-5.789887112821323e-10,2,"[0.031181115674585175, -0.026562957563977967, 0.013038888888888905, 1.0, 1]",0.0
0.013466666666666682,0,-0.00037706316199525913,-4.384582071384654e-06,-5.726726873650875e-10,2,"[0.031081325672821507, -0.026501846452866858, 0.013466666666666682, 1.0, 1]",0.0
0.01389444444444446,0,-0.00037577016216672687,-4.360402033501508e-06,-5.664138140460231e-10,2,"[0.030981682066119568, -0.026440735341755745, 0.01389444444444446, 1.0, 1]",0.0
0.014322222222222236,0,-0.0003744791956029409,-4.336309721351444e-06,-5.602116796317516e-10,2,"[0.03088218485447936, -0.026379624230644636, 0.014322222222222236, 1.0, 1]",0.0
0.014750000000000013,0,-0.0003731902623039011,-4.312304978373074e-06,-5.540658746421722e-10,2,"[0.030782834037900875, -0.026318513119533524, 0.014750000000000013, 1.0, 1]",0.0
0.01517777777777779,0,-0.0003719033622696076,-4.288387648005018e-06,-5.479759918023816e-10,2,"[0.03068362961638412, -0.026257402008422415, 0.01517777777777779, 1.0, 1]",0.0
0.015605555555555567,0,-0.0003706184955000602,-4.2645575736858866e-06,-5.419416260347954e-10,2,"[0.030584571589929093, -0.026196290897311302, 0.015605555555555567, 1.0, 1]",0.0
0.016033333333333344,0,-0.0003693356619952591,-4.2408145988542945e-06,-5.359623744512877e-10,2,"[0.030485659958535798, -0.02613517978620019, 0.016033333333333344, 1.0, 1]",0.0
0.01646111111111112,0,-0.0003680548617552043,-4.217158566948857e-06,-5.300378363453418e-10,2,"[0.030386894722204225, -0.02607406867508908, 0.01646111111111112, 1.0, 1]",0.0
0.016888888888888898,0,-0.0003667760947798956,-4.193589321408189e-06,-5.241676131842163e-10,2,"[0.030288275880934384, -0.026012957563977968, 0.016888888888888898, 1.0, 1]",0.0
0.017316666666666675,0,-0.0003654993610693332,-4.1701067056709045e-06,-5.183513086011241e-10,2,"[0.030189803434726274, -0.02595184645286686, 0.017316666666666675, 1.0, 1]",0.0
0.01774444444444445,0,-0.00036422466062351706,-4.146710563175619e-06,-5.125885283874268e-10,2,"[0.03009147738357989, -0.025890735341755747, 0.01774444444444445, 1.0, 1]",0.0
0.01817222222222223,0,-0.0003629519934424471,-4.123400737360944e-06,-5.068788804848415e-10,2,"[0.029993297727495233, -0.025829624230644638, 0.01817222222222223, 1.0, 1]",0.0
0.018600000000000005,0,-0.00036168135952612337,-4.100177071665498e-06,-5.012219749776635e-10,2,"[0.029895264466472303, -0.025768513119533525, 0.018600000000000005, 1.0, 1]",0.0
0.019027777777777782,0,-0.00036041275887454584,-4.077039409527893e-06,-4.956174240850006e-10,2,"[0.029797377600511106, -0.025707402008422413, 0.019027777777777782, 1.0, 1]",0.0
0.01945555555555556,0,-0.00035914619148771454,-4.053987594386745e-06,-4.900648421530241e-10,2,"[0.029699637129611635, -0.025646290897311304, 0.01945555555555556, 1.0, 1]",0.0
0.019883333333333336,0,-0.00035788165736562954,-4.031021469680667e-06,-4.84563845647231e-10,2,"[0.029602043053773893, -0.02558517978620019, 0.019883333333333336, 1.0, 1]",0.0
0.020311111111111113,0,-0.0003566191565082907,-4.008140878848276e-06,-4.791140531447227e-10,2,"[0.029504595372997877, -0.025524068675089082, 0.020311111111111113, 1.0, 1]",0.0
0.02073888888888889,0,-0.0003553586889156981,-3.985345665328184e-06,-4.73715085326496e-10,2,"[0.029407294087283594, -0.02546295756397797, 0.02073888888888889, 1.0, 1]",0.0
0.021166666666666667,0,-0.00035410025458785176,-3.962635672559006e-06,-4.683665649697482e-10,2,"[0.029310139196631037, -0.02540184645286686, 0.021166666666666667, 1.0, 1]",0.0
0.021594444444444444,0,-0.0003528438535247516,-3.940010743979358e-06,-4.6306811694019846e-10,2,"[0.02921313070104021, -0.02534073534175575, 0.021594444444444444, 1.0, 1]",0.0
0.02202222222222222,0,-0.0003515894857263977,-3.917470723027853e-06,-4.5781936818441917e-10,2,"[0.029116268600511107, -0.025279624230644636, 0.02202222222222222, 1.0, 1]",0.0
0.022449999999999998,0,-0.00035033715119279005,-3.895015453143106e-06,-4.526199477221849e-10,2,"[0.029019552895043734, -0.025218513119533527, 0.022449999999999998, 1.0, 1]",0.0
0.022877777777777775,0,-0.00034908684992392857,-3.872644777763732e-06,-4.4746948663883333e-10,2,"[0.02892298358463809, -0.025157402008422414, 0.022877777777777775, 1.0, 1]",0.0
0.02330555555555555,0,-0.0003478385819198134,-3.850358540328345e-06,-4.423676180776415e-10,2,"[0.028826560669294177, -0.025096290897311305, 0.02330555555555555, 1.0, 1]",0.0
0.02373333333333333,0,-0.0003465923471804444,-3.82815658427556e-06,-4.373139772322141e-10,2,"[0.02873028414901199, -0.025035179786200193, 0.02373333333333333, 1.0, 1]",0.0
0.024161111111111133,0,-0.00034534814570582153,-3.8060387530439893e-06,-4.323082013388874e-10,2,"[0.028634154023791526, -0.024974068675089077, 0.024161111111111133, 1.0, 1]",0.0
0.02458888888888891,0,-0.00034410597749594496,-3.784004890072251e-06,-4.273499296691488e-10,2,"[0.028538170293632793, -0.024912957563977968, 0.02458888888888891, 1.0, 1]",0.0
0.025016666666666687,0,-0.0003428658425508147,-3.762054838798959e-06,-4.224388035220653e-10,2,"[0.028442332958535793, -0.024851846452866855, 0.025016666666666687, 1.0, 1]",0.0
0.025444444444444464,0,-0.0003416277408704306,-3.7401884426627258e-06,-4.175744662167298e-10,2,"[0.02834664201850052, -0.024790735341755746, 0.025444444444444464, 1.0, 1]",0.0
0.02587222222222224,0,-0.0003403916724547927,-3.7184055451021678e-06,-4.1275656308472247e-10,2,"[0.028251097473526977, -0.024729624230644634, 0.02587222222222224, 1.0, 1]",0.0
0.026300000000000018,0,-0.0003391576373039011,-3.696705989555898e-06,-4.0798474146258167e-10,2,"[0.02815569932361516, -0.024668513119533525, 0.026300000000000018, 1.0, 1]",0.0
0.026727777777777795,0,-0.00033792563541775567,-3.6750896194625324e-06,-4.0325865068429343e-10,2,"[0.028060447568765072, -0.024607402008422413, 0.026727777777777795, 1.0, 1]",0.0
0.02715555555555557,0,-0.00033669566679635655,-3.653556278260684e-06,-3.985779420737915e-10,2,"[0.02796534220897671, -0.0245462908973113, 0.02715555555555557, 1.0, 1]",0.0
0.02758333333333335,0,-0.00033546773143970356,-3.632105809388969e-06,-3.9394226893747396e-10,2,"[0.02787038324425008, -0.02448517978620019, 0.02758333333333335, 1.0, 1]",0.0
0.028011111111111126,0,-0.00033424182934779686,-3.610738056286001e-06,-3.8935128655673157e-10,2,"[0.02777557067458518, -0.02442406867508908, 0.028011111111111126, 1.0, 1]",0.0
0.028438888888888902,0,-0.00033301796052063635,-3.5894528623903945e-06,-3.848046521804922e-10,2,"[0.027680904499982003, -0.02436295756397797, 0.028438888888888902, 1.0, 1]",0.0
0.02886666666666668,0,-0.0003317961249582221,-3.5682500711407646e-06,-3.803020250177776e-10,2,"[0.027586384720440556, -0.024301846452866857, 0.02886666666666668, 1.0, 1]",0.0
0.029294444444444456,0,-0.00033057632266055405,-3.5471295259757245e-06,-3.7584306623027505e-10,2,"[0.02749201133596084, -0.024240735341755748, 0.029294444444444456, 1.0, 1]",0.0
0.029722222222222233,0,-0.00032935855362763226,-3.5260910703338907e-06,-3.7142743892492313e-10,2,"[0.02739778434654285, -0.024179624230644636, 0.029722222222222233, 1.0, 1]",0.0
0.03015000000000001,0,-0.00032814281785945666,-3.505134547653876e-06,-3.670548081465104e-10,2,"[0.02730370375218659, -0.024118513119533523, 0.03015000000000001, 1.0, 1]",0.0
0.030577777777777787,0,-0.0003269291153560273,-3.484259801374297e-06,-3.627248408702896e-10,2,"[0.027209769552892057, -0.024057402008422414, 0.030577777777777787, 1.0, 1]",0.0
0.031005555555555564,0,-0.0003257174461173442,-3.463466674933766e-06,-3.5843720599460415e-10,2,"[0.027115981748659253, -0.0239962908973113, 0.031005555555555564, 1.0, 1]",0.0
0.03143333333333334,0,-0.0003245078101434073,-3.4427550117708985e-06,-3.5419157433353063e-10,2,"[0.027022340339488176, -0.023935179786200193, 0.03143333333333334, 1.0, 1]",0.0
0.03186111111111112,0,-0.0003233002074342166,-3.4221246553243086e-06,-3.499876186095331e-10,2,"[0.026928845325378828, -0.02387406867508908, 0.03186111111111112, 1.0, 1]",0.0
0.032288888888888895,0,-0.0003220946379897722,-3.4015754490326116e-06,-3.4582501344613363e-10,2,"[0.026835496706331213, -0.02381295756397797, 0.032288888888888895, 1.0, 1]",0.0
0.03271666666666667,0,-0.00032089110181007395,-3.381107236334422e-06,-3.4170343536059447e-10,2,"[0.02674229448234532, -0.02375184645286686, 0.03271666666666667, 1.0, 1]",0.0
0.03314444444444445,0,-0.000319689598895122,-3.360719860668354e-06,-3.3762256275661615e-10,2,"[0.02664923865342116, -0.023690735341755746, 0.03314444444444445, 1.0, 1]",0.0
0.033572222222222226,0,-0.00031849012924491625,-3.3404131654730213e-06,-3.335820759170487e-10,2,"[0.026556329219558725, -0.023629624230644637, 0.033572222222222226, 1.0, 1]",0.0
0.034,0,-0.0003172926928594567,-3.3201869941870406e-06,-3.2958165699661707e-10,2,"[0.02646356618075802, -0.023568513119533525, 0.034, 1.0, 1]",0.0
0.03442777777777778,0,-0.0003160972897387434,-3.3000411902490237e-06,-3.2562099001466e-10,2,"[0.026370949537019045, -0.023507402008422416, 0.03442777777777778, 1.0, 1]",0.0
0.034855555555555556,0,-0.00031490391988277635,-3.279975597097587e-06,-3.2169976084788417e-10,2,"[0.026278479288341795, -0.023446290897311303, 0.034855555555555556, 1.0, 1]",0.0
0.03528333333333333,0,-0.00031371258329155547,-3.2599900581713457e-06,-3.178176572231312e-10,2,"[0.02618615543472627, -0.023385179786200194, 0.03528333333333333, 1.0, 1]",0.0
0.03571111111111111,0,-0.00031252327996508084,-3.2400844169089124e-06,-3.13974368710158e-10,2,"[0.02609397797617248, -0.023324068675089082, 0.03571111111111111, 1.0, 1]",0.0
0.03613888888888889,0,-0.00031133600990335245,-3.220258516748903e-06,-3.1016958671443396e-10,2,"[0.02600194691268042, -0.02326295756397797, 0.03613888888888889, 1.0, 1]",0.0
0.036566666666666664,0,-0.0003101507731063703,-3.2005122011299313e-06,-3.0640300446994855e-10,2,"[0.025910062244250083, -0.02320184645286686, 0.036566666666666664, 1.0, 1]",0.0
0.03699444444444444,0,-0.00030896756957413433,-3.1808453134906117e-06,-3.0267431703203575e-10,2,"[0.025818323970881477, -0.023140735341755748, 0.03699444444444444, 1.0, 1]",0.0
0.037422222222222246,0,-0.00030778639930664455,-3.161257697269559e-06,-2.9898322127021065e-10,2,"[0.025726732092574596, -0.023079624230644635, 0.037422222222222246, 1.0, 1]",0.0
0.03785000000000002,0,-0.00030660726230390107,-3.1417491959053873e-06,-2.9532941586102107e-10,2,"[0.02563528660932944, -0.023018513119533523, 0.03785000000000002, 1.0, 1]",0.0
0.0382777777777778,0,-0.0003054301585659038,-3.1223196528367134e-06,-2.9171260128091324e-10,2,"[0.025543987521146023, -0.02295740200842241, 0.0382777777777778, 1.0, 1]",0.0
0.038705555555555576,0,-0.0003042550880926528,-3.1029689115021493e-06,-2.8813247979910957e-10,2,"[0.02545283482802433, -0.0228962908973113, 0.038705555555555576, 1.0, 1]",0.0
0.03913333333333335,0,-0.000303082050884148,-3.08369681534031e-06,-2.8458875547050383e-10,2,"[0.025361828529964364, -0.022835179786200192, 0.03913333333333335, 1.0, 1]",0.0
0.03956111111111113,0,-0.00030191104694038943,-3.064503207789811e-06,-2.8108113412856715e-10,2,"[0.02527096862696613, -0.02277406867508908, 0.03956111111111113, 1.0, 1]",0.0
0.03998888888888891,0,-0.0003007420762613771,-3.0453879322892668e-06,-2.776093233782698e-10,2,"[0.02518025511902962, -0.022712957563977967, 0.03998888888888891, 1.0, 1]",0.0
0.040416666666666684,0,-0.00029957513884711095,-3.0263508322772914e-06,-2.741730325890161e-10,2,"[0.025089688006154843, -0.02265184645286686, 0.040416666666666684, 1.0, 1]",0.0
0.04084444444444446,0,-0.00029841023469759104,-3.0073917511924984e-06,-2.707719728875938e-10,2,"[0.02499926728834179, -0.022590735341755746, 0.04084444444444446, 1.0, 1]",0.0
0.04127222222222224,0,-0.00029724736381281743,-2.988510532473504e-06,-2.674058571511378e-10,2,"[0.024908992965590467, -0.022529624230644633, 0.04127222222222224, 1.0, 1]",0.0
0.041700000000000015,0,-0.00029608652619279,-2.969707019558922e-06,-2.640744000001062e-10,2,"[0.024818865037900872, -0.022468513119533524, 0.041700000000000015, 1.0, 1]",0.0
0.04212777777777779,0,-0.00029492772183750877,-2.9509810558873663e-06,-2.6077731779127257e-10,2,"[0.024728883505273008, -0.022407402008422415, 0.04212777777777779, 1.0, 1]",0.0
0.04255555555555557,0,-0.0002937709507469738,-2.932332484897453e-06,-2.5751432861073127e-10,2,"[0.02463904836770687, -0.022346290897311303, 0.04255555555555557, 1.0, 1]",0.0
0.042983333333333346,0,-0.00029261621292118507,-2.913761150027795e-06,-2.542851522669152e-10,2,"[0.024549359625202462, -0.02228517978620019, 0.042983333333333346, 1.0, 1]",0.0
0.04341111111111112,0,-0.00029146350836014255,-2.8952668947170083e-06,-2.51089510283631e-10,2,"[0.024459817277759782, -0.02222406867508908, 0.04341111111111112, 1.0, 1]",0.0
0.0438388888888889,0,-0.0002903128370638462,-2.8768495624037066e-06,-2.4792712589310443e-10,2,"[0.02437042132537883, -0.02216295756397797, 0.0438388888888889, 1.0, 1]",0.0
0.044266666666666676,0,-0.0002891641990322962,-2.858508996526504e-06,-2.447977240290426e-10,2,"[0.024281171768059606, -0.022101846452866857, 0.044266666666666676, 1.0, 1]",0.0
0.04469444444444445,0,-0.00028801759426549234,-2.840245040524016e-06,-2.4170103131970896e-10,2,"[0.024192068605802107, -0.022040735341755748, 0.04469444444444445, 1.0, 1]",0.0
0.04512222222222223,0,-0.00028687302276343474,-2.8220575378348573e-06,-2.386367760810125e-10,2,"[0.02410311183860634, -0.02197962423064464, 0.04512222222222223, 1.0, 1]",0.0
0.04555000000000001,0,-0.0002857304845261233,-2.8039463318976406e-06,-2.356046883096102e-10,2,"[0.024014301466472307, -0.021918513119533526, 0.04555000000000001, 1.0, 1]",0.0
0.045977777777777784,0,-0.0002845899795535582,-2.785911266150983e-06,-2.3260449967602563e-10,2,"[0.023925637489399992, -0.021857402008422414, 0.045977777777777784, 1.0, 1]",0.0
0.04640555555555556,0,-0.0002834515078457393,-2.7679521840334974e-06,-2.296359435177784e-10,2,"[0.02383711990738941, -0.021796290897311305, 0.04640555555555556, 1.0, 1]",0.0
0.04683333333333334,0,-0.00028231506940266655,-2.7500689289837984e-06,-2.266987548325304e-10,2,"[0.02374874872044056, -0.021735179786200192, 0.04683333333333334, 1.0, 1]",0.0
0.047261111111111115,0,-0.0002811806642243401,-2.732261344440501e-06,-2.2379267027124484e-10,2,"[0.02366052392855343, -0.02167406867508908, 0.047261111111111115, 1.0, 1]",0.0
0.04768888888888889,0,-0.0002800482923107599,-2.71452927384222e-06,-2.2091742813135906e-10,2,"[0.023572445531728037, -0.02161295756397797, 0.04768888888888889, 1.0, 1]",0.0
0.04811666666666667,0,-0.00027891795366192585,-2.696872560627569e-06,-2.180727683499715e-10,2,"[0.02348451352996437, -0.02155184645286686, 0.04811666666666667, 1.0, 1]",0.0
0.048544444444444446,0,-0.00027778964827783806,-2.679291048235163e-06,-2.1525843249704325e-10,2,"[0.023396727923262427, -0.02149073534175575, 0.048544444444444446, 1.0, 1]",0.0
0.04897222222222222,0,-0.0002766633761584965,-2.661784580103617e-06,-2.124741637686131e-10,2,"[0.023309088711622218, -0.021429624230644637, 0.04897222222222222, 1.0, 1]",0.0
0.0494,0,-0.00027553913730390115,-2.644352999671545e-06,-2.0971970698002611e-10,2,"[0.023221595895043735, -0.021368513119533528, 0.0494, 1.0, 1]",0.0
0.049827777777777776,0,-0.00027441693171405203,-2.626996150377562e-06,-2.069948085591775e-10,2,"[0.023134249473526977, -0.021307402008422415, 0.049827777777777776, 1.0, 1]",0.0
0.05025555555555555,0,-0.00027329675938894915,-2.609713875660282e-06,-2.0429921653976877e-10,2,"[0.023047049447071952, -0.021246290897311303, 0.05025555555555555, 1.0, 1]",0.0
0.05068333333333333,0,-0.0002721786203285925,-2.5925060189583197e-06,-2.0163268055457978e-10,2,"[0.022959995815678653, -0.021185179786200194, 0.05068333333333333, 1.0, 1]",0.0
0.05111111111111111,0,-0.00027106251453298206,-2.57537242371029e-06,-1.98994951828753e-10,2,"[0.022873088579347084, -0.021124068675089085, 0.05111111111111111, 1.0, 1]",0.0
0.05153888888888891,0,-0.00026994844200211785,-2.558312933354806e-06,-1.9638578317309282e-10,2,"[0.02278632773807724, -0.02106295756397797, 0.05153888888888891, 1.0, 1]",0.0
0.05196666666666669,0,-0.0002688364027359999,-2.5413273913304844e-06,-1.9380492897737916e-10,2,"[0.022699713291869126, -0.021001846452866856, 0.05196666666666669, 1.0, 1]",0.0
0.052394444444444466,0,-0.00026772639673462815,-2.5244156410759384e-06,-1.9125214520369336e-10,2,"[0.022613245240722744, -0.020940735341755744, 0.052394444444444466, 1.0, 1]",0.0
0.05282222222222224,0,-0.0002666184239980026,-2.5075775260297837e-06,-1.887271893797603e-10,2,"[0.022526923584638085, -0.020879624230644635, 0.05282222222222224, 1.0, 1]",0.0
0.05325000000000002,0,-0.0002655124845261233,-2.4908128896306334e-06,-1.862298205923027e-10,2,"[0.02244074832361516, -0.020818513119533526, 0.05325000000000002, 1.0, 1]",0.0
0.053677777777777796,0,-0.0002644085783189903,-2.474121575317103e-06,-1.8375979948041062e-10,2,"[0.02235471945765396, -0.020757402008422413, 0.053677777777777796, 1.0, 1]",0.0
0.05410555555555557,0,-0.0002633067053766034,-2.4575034265278067e-06,-1.8131688822892403e-10,2,"[0.02226883698675449, -0.0206962908973113, 0.05410555555555557, 1.0, 1]",0.0
0.05453333333333335,0,-0.00026220686569896284,-2.4409582867013586e-06,-1.7890085056183026e-10,2,"[0.02218310091091675, -0.020635179786200192, 0.05453333333333335, 1.0, 1]",0.0
0.05496111111111113,0,-0.00026110905928606844,-2.424485999276375e-06,-1.7651145173567488e-10,2,"[0.022097511230140733, -0.02057406867508908, 0.05496111111111113, 1.0, 1]",0.0
0.055388888888888904,0,-0.0002600132861379203,-2.408086407691467e-06,-1.7414845853298598e-10,2,"[0.022012067944426447, -0.020512957563977967, 0.055388888888888904, 1.0, 1]",0.0
0.05581666666666668,0,-0.00025891954625451843,-2.391759355385253e-06,-1.7181163925571471e-10,2,"[0.02192677105377389, -0.020451846452866858, 0.05581666666666668, 1.0, 1]",0.0
0.05624444444444446,0,-0.0002578278396358627,-2.3755046857963456e-06,-1.6950076371868646e-10,2,"[0.02184162055818306, -0.02039073534175575, 0.05624444444444446, 1.0, 1]",0.0
0.056672222222222235,0,-0.0002567381662819532,-2.3593222423633585e-06,-1.67215603243069e-10,2,"[0.021756616457653963, -0.020329624230644636, 0.056672222222222235, 1.0, 1]",0.0
0.05710000000000001,0,-0.00025565052619279003,-2.3432118685249086e-06,-1.649559306498534e-10,2,"[0.02167175875218659, -0.020268513119533524, 0.05710000000000001, 1.0, 1]",0.0
0.05752777777777779,0,-0.000254564919368373,-2.3271734077196084e-06,-1.6272152025334803e-10,2,"[0.021587047441780947, -0.020207402008422415, 0.05752777777777779, 1.0, 1]",0.0
0.057955555555555566,0,-0.0002534813458087022,-2.3112067033860732e-06,-1.605121478546887e-10,2,"[0.02150248252643703, -0.020146290897311302, 0.057955555555555566, 1.0, 1]",0.0
0.05838333333333334,0,-0.0002523998055137777,-2.295311598962918e-06,-1.583275907353609e-10,2,"[0.02141806400615484, -0.02008517978620019, 0.05838333333333334, 1.0, 1]",0.0
0.05881111111111112,0,-0.00025132029848359935,-2.279487937888756e-06,-1.5616762765073678e-10,2,"[0.021333791880934386, -0.02002406867508908, 0.05881111111111112, 1.0, 1]",0.0
0.059238888888888896,0,-0.00025024282471816726,-2.263735563602203e-06,-1.5403203882362643e-10,2,"[0.021249666150775656, -0.019962957563977972, 0.059238888888888896, 1.0, 1]",0.0
0.05966666666666667,0,-0.0002491673842174814,-2.248054319541873e-06,-1.5192060593784222e-10,2,"[0.021165686815678653, -0.01990184645286686, 0.05966666666666667, 1.0, 1]",0.0
0.06009444444444445,0,-0.00024809397698154174,-2.2324440491463813e-06,-1.498331121317784e-10,2,"[0.021081853875643382, -0.019840735341755747, 0.06009444444444445, 1.0, 1]",0.0
0.06052222222222223,0,-0.0002470226030103483,-2.2169045958543413e-06,-1.4776934199200328e-10,2,"[0.020998167330669837, -0.019779624230644638, 0.06052222222222223, 1.0, 1]",0.0
0.060950000000000004,0,-0.00024595326230390113,-2.2014358031043678e-06,-1.4572908154686663e-10,2,"[0.020914627180758018, -0.019718513119533525, 0.060950000000000004, 1.0, 1]",0.0
0.06137777777777778,0,-0.0002448859548622002,-2.1860375143350767e-06,-1.4371211826012065e-10,2,"[0.02083123342590793, -0.019657402008422413, 0.06137777777777778, 1.0, 1]",0.0
0.06180555555555556,0,-0.00024382068068524543,-2.1707095729850805e-06,-1.417182410245541e-10,2,"[0.02074798606611957, -0.019596290897311304, 0.06180555555555556, 1.0, 1]",0.0
0.062233333333333335,0,-0.00024275743977303694,-2.1554518224929947e-06,-1.3974724015564212e-10,2,"[0.02066488510139294, -0.019535179786200195, 0.062233333333333335, 1.0, 1]",0.0
0.06266111111111111,0,-0.0002416962321255747,-2.140264106297434e-06,-1.377989073852085e-10,2,"[0.02058193053172804, -0.019474068675089082, 0.06266111111111111, 1.0, 1]",0.0
0.06308888888888889,0,-0.00024063705774285862,-2.1251462678370126e-06,-1.3587303585510266e-10,2,"[0.020499122357124862, -0.01941295756397797, 0.06308888888888889, 1.0, 1]",0.0
0.06351666666666667,0,-0.0002395799166248888,-2.1100981505503455e-06,-1.339694201108906e-10,2,"[0.020416460577583416, -0.01935184645286686, 0.06351666666666667, 1.0, 1]",0.0
0.06394444444444444,0,-0.00023852480877166522,-2.0951195978760467e-06,-1.320878560955597e-10,2,"[0.0203339451931037, -0.01929073534175575, 0.06394444444444444, 1.0, 1]",0.0
0.06437222222222222,0,-0.00023747173418318783,-2.0802104532527315e-06,-1.302281411432374e-10,2,"[0.020251576203685707, -0.019229624230644636, 0.06437222222222222, 1.0, 1]",0.0
0.06480000000000002,0,-0.00023642069285945665,-2.0653705601190125e-06,-1.2839007397292414e-10,2,"[0.020169353609329446, -0.019168513119533524, 0.06480000000000002, 1.0, 1]",0.0
0.0652277777777778,0,-0.00023537168480047173,-2.050599761913506e-06,-1.265734546822405e-10,2,"[0.02008727741003491, -0.01910740200842241, 0.0652277777777778, 1.0, 1]",0.0
0.06565555555555558,0,-0.00023432471000623306,-2.0358979020748274e-06,-1.2477808474118752e-10,2,"[0.020005347605802106, -0.019046290897311302, 0.06565555555555558, 1.0, 1]",0.0
0.06608333333333336,0,-0.0002332797684767406,-2.0212648240415896e-06,-1.2300376698592162e-10,2,"[0.019923564196631032, -0.01898517978620019, 0.06608333333333336, 1.0, 1]",0.0
0.06651111111111113,0,-0.00023223686021199439,-2.0067003712524077e-06,-1.212503056125435e-10,2,"[0.019841927182521684, -0.018924068675089077, 0.06651111111111113, 1.0, 1]",0.0
0.06693888888888891,0,-0.00023119598521199438,-1.9922043871458956e-06,-1.1951750617090098e-10,2,"[0.019760436563474065, -0.018862957563977968, 0.06693888888888891, 1.0, 1]",0.0
0.06736666666666669,0,-0.0002301571434767406,-1.977776715160669e-06,-1.178051755584057e-10,2,"[0.019679092339488176, -0.01880184645286686, 0.06736666666666669, 1.0, 1]",0.0
0.06779444444444446,0,-0.00022912033500623307,-1.963417198735341e-06,-1.1611312201386386e-10,2,"[0.019597894510564012, -0.018740735341755747, 0.06779444444444446, 1.0, 1]",0.0
0.06822222222222224,0,-0.00022808555980047176,-1.9491256813085275e-06,-1.1444115511132112e-10,2,"[0.019516843076701578, -0.018679624230644634, 0.06822222222222224, 1.0, 1]",0.0
0.06865000000000002,0,-0.00022705281785945667,-1.9349020063188424e-06,-1.1278908575392118e-10,2,"[0.019435938037900877, -0.018618513119533525, 0.06865000000000002, 1.0, 1]",0.0
0.0690777777777778,0,-0.0002260221091831878,-1.9207460172049e-06,-1.1115672616777864e-10,2,"[0.019355179394161898, -0.018557402008422413, 0.0690777777777778, 1.0, 1]",0.0
0.06950555555555557,0,-0.00022499343377166517,-1.9066575574053158e-06,-1.0954388989586596e-10,2,"[0.019274567145484648, -0.0184962908973113, 0.06950555555555557, 1.0, 1]",0.0
0.06993333333333335,0,-0.00022396679162488877,-1.8926364703587035e-06,-1.0795039179191365e-10,2,"[0.01919410129186913, -0.01843517978620019, 0.06993333333333335, 1.0, 1]",0.0
0.07036111111111112,0,-0.00022294218274285861,-1.8786825995036782e-06,-1.0637604801432557e-10,2,"[0.019113781833315337, -0.018374068675089082, 0.07036111111111112, 1.0, 1]",0.0
0.0707888888888889,0,-0.00022191960712557464,-1.8647957882788533e-06,-1.0482067602010723e-10,2,"[0.01903360876982327, -0.01831295756397797, 0.0707888888888889, 1.0, 1]",0.0
0.07121666666666668,0,-0.0002208990647730369,-1.8509758801228445e-06,-1.032840945588089e-10,2,"[0.01895358210139294, -0.018251846452866857, 0.07121666666666668, 1.0, 1]",0.0
0.07164444444444446,0,-0.00021988055568524542,-1.8372227184742662e-06,-1.0176612366648206e-10,2,"[0.01887370182802433, -0.018190735341755748, 0.07164444444444446, 1.0, 1]",0.0
0.07207222222222223,0,-0.00021886407986220017,-1.8235361467717324e-06,-1.0026658465965004e-10,2,"[0.018793967949717452, -0.018129624230644636, 0.07207222222222223, 1.0, 1]",0.0
0.07250000000000001,0,-0.0002178496373039011,-1.809916008453858e-06,-9.878530012929297e-11,2,"[0.018714380466472304, -0.018068513119533523, 0.07250000000000001, 1.0, 1]",0.0
0.07292777777777779,0,-0.00021683722801034828,-1.7963621469592576e-06,-9.732209393484637e-11,2,"[0.018634939378288883, -0.018007402008422414, 0.07292777777777779, 1.0, 1]",0.0
0.07335555555555556,0,-0.00021582685198154173,-1.782874405726545e-06,-9.58767911982136e-11,2,"[0.01855564468516719, -0.017946290897311305, 0.07335555555555556, 1.0, 1]",0.0
0.07378333333333334,0,-0.00021481850921748136,-1.7694526281943363e-06,-9.444921829779308e-11,2,"[0.018476496387107227, -0.017885179786200193, 0.07378333333333334, 1.0, 1]",0.0
0.07421111111111112,0,-0.00021381219971816723,-1.7560966578012447e-06,-9.303920286251825e-11,2,"[0.01839749448410899, -0.01782406867508908, 0.07421111111111112, 1.0, 1]",0.0
0.0746388888888889,0,-0.00021280792348359935,-1.7428063379858852e-06,-9.164657376591277e-11,2,"[0.01831863897617248, -0.01776295756397797, 0.0746388888888889, 1.0, 1]",0.0
0.07506666666666667,0,-0.00021180568051377768,-1.7295815121868722e-06,-9.027116112015899e-11,2,"[0.018239929863297703, -0.01770184645286686, 0.07506666666666667, 1.0, 1]",0.0
0.07549444444444445,0,-0.00021080547080870222,-1.7164220238428206e-06,-8.891279627018064e-11,2,"[0.01816136714548465, -0.017640735341755746, 0.07549444444444445, 1.0, 1]",0.0
0.07592222222222222,0,-0.00020980729436837303,-1.7033277163923446e-06,-8.757131178773934e-11,2,"[0.018082950822733326, -0.017579624230644637, 0.07592222222222222, 1.0, 1]",0.0
0.07635,0,-0.00020881115119279002,-1.6902984332740582e-06,-8.62465414655453e-11,2,"[0.018004680895043736, -0.01751851311953353, 0.07635, 1.0, 1]",0.0
0.07677777777777778,0,-0.00020781704128195326,-1.6773340179265775e-06,-8.49383203113822e-11,2,"[0.017926557362415867, -0.017457402008422416, 0.07677777777777778, 1.0, 1]",0.0
0.07720555555555556,0,-0.00020682496463586274,-1.6644343137885156e-06,-8.364648454224526e-11,2,"[0.01784858022484973, -0.017396290897311303, 0.07720555555555556, 1.0, 1]",0.0
0.07763333333333333,0,-0.00020583492125451843,-1.6515991642984878e-06,-8.237087157849436e-11,2,"[0.017770749482345322, -0.017335179786200194, 0.07763333333333333, 1.0, 1]",0.0
0.07806111111111111,0,-0.00020484691113792033,-1.6388284128951078e-06,-8.111132003802034e-11,2,"[0.017693065134902642, -0.017274068675089082, 0.07806111111111111, 1.0, 1]",0.0
0.07848888888888889,0,-0.00020386093428606848,-1.626121903016991e-06,-7.986766973042581e-11,2,"[0.017615527182521688, -0.01721295756397797, 0.07848888888888889, 1.0, 1]",0.0
0.07891666666666669,0,-0.0002028769906989628,-1.613479478102751e-06,-7.863976165121947e-11,2,"[0.017538135625202463, -0.017151846452866857, 0.07891666666666669, 1.0, 1]",0.0
0.07934444444444447,0,-0.0002018950803766034,-1.6009009815910033e-06,-7.742743797602502e-11,2,"[0.017460890462944963, -0.017090735341755744, 0.07934444444444447, 1.0, 1]",0.0
0.07977222222222224,0,-0.00020091520331899025,-1.5883862569203632e-06,-7.623054205480355e-11,2,"[0.017383791695749197, -0.017029624230644635, 0.07977222222222224, 1.0, 1]",0.0
0.08020000000000002,0,-0.0001999373595261233,-1.5759351475294432e-06,-7.504891840608988e-11,2,"[0.01730683932361516, -0.016968513119533523, 0.08020000000000002, 1.0, 1]",0.0
0.0806277777777778,0,-0.00019896154899800262,-1.5635474968568594e-06,-7.388241271124362e-11,2,"[0.01723003334654285, -0.01690740200842241, 0.0806277777777778, 1.0, 1]",0.0
0.08105555555555558,0,-0.00019798777173462813,-1.5512231483412255e-06,-7.273087180871327e-11,2,"[0.017153373764532263, -0.0168462908973113, 0.08105555555555558, 1.0, 1]",0.0
0.08148333333333335,0,-0.00019701602773599986,-1.5389619454211563e-06,-7.159414368831507e-11,2,"[0.017076860577583414, -0.016785179786200193, 0.08148333333333335, 1.0, 1]",0.0
0.08191111111111113,0,-0.00019604631700211782,-1.5267637315352664e-06,-7.047207748552533e-11,2,"[0.017000493785696288, -0.01672406867508908, 0.08191111111111113, 1.0, 1]",0.0
0.0823388888888889,0,-0.00019507863953298202,-1.51462835012217e-06,-6.936452347578708e-11,2,"[0.01692427338887089, -0.016662957563977968, 0.0823388888888889, 1.0, 1]",0.0
0.08276666666666668,0,-0.00019411299532859244,-1.5025556446204824e-06,-6.827133306883059e-11,2,"[0.016848199387107222, -0.01660184645286686, 0.08276666666666668, 1.0, 1]",0.0
0.08319444444444446,0,-0.00019314938438894915,-1.4905454584688172e-06,-6.719235880300774e-11,2,"[0.016772271780405284, -0.016540735341755746, 0.08319444444444446, 1.0, 1]",0.0
0.08362222222222224,0,-0.00019218780671405203,-1.47859763510579e-06,-6.612745433964081e-11,2,"[0.016696490568765075, -0.016479624230644634, 0.08362222222222224, 1.0, 1]",0.0
0.08405000000000001,0,-0.0001912282623039011,-1.466712017970014e-06,-6.507647445738455e-11,2,"[0.016620855752186588, -0.016418513119533525, 0.08405000000000001, 1.0, 1]",0.0
0.08447777777777779,0,-0.00019027075115849644,-1.454888450500105e-06,-6.403927504660321e-11,2,"[0.016545367330669834, -0.016357402008422416, 0.08447777777777779, 1.0, 1]",0.0
0.08490555555555557,0,-0.000189315273277838,-1.443126776134677e-06,-6.301571310376055e-11,2,"[0.01647002530421481, -0.016296290897311303, 0.08490555555555557, 1.0, 1]",0.0
0.08533333333333334,0,-0.0001883618286619258,-1.4314268383123446e-06,-6.200564672582459e-11,2,"[0.01639482967282151, -0.01623517978620019, 0.08533333333333334, 1.0, 1]",0.0
0.08576111111111112,0,-0.00018741041731075986,-1.419788480471722e-06,-6.100893510468599e-11,2,"[0.01631978043648994, -0.01617406867508908, 0.08576111111111112, 1.0, 1]",0.0
0.0861888888888889,0,-0.0001864610392243401,-1.4082115460514243e-06,-6.002543852159049e-11,2,"[0.0162448775952201, -0.01611295756397797, 0.0861888888888889, 1.0, 1]",0.0
0.08661666666666668,0,-0.00018551369440266655,-1.3966958784900655e-06,-5.905501834158546e-11,2,"[0.016170121149011986, -0.016051846452866857, 0.08661666666666668, 1.0, 1]",0.0
0.08704444444444445,0,-0.00018456838284573927,-1.3852413212262609e-06,-5.8097537007980294e-11,2,"[0.0160955110978656, -0.015990735341755748, 0.08704444444444445, 1.0, 1]",0.0
0.08747222222222223,0,-0.00018362510455355817,-1.3738477176986242e-06,-5.7152858036820775e-11,2,"[0.01602104744178095, -0.01592962423064464, 0.08747222222222223, 1.0, 1]",0.0
0.0879,0,-0.00018268385952612334,-1.3625149113457706e-06,-5.6220846011377686e-11,2,"[0.01594673018075802, -0.015868513119533526, 0.0879, 1.0, 1]",0.0
0.08832777777777778,0,-0.00018174464776343476,-1.3512427456063138e-06,-5.5301366576649e-11,2,"[0.01587255931479682, -0.015807402008422414, 0.08832777777777778, 1.0, 1]",0.0
0.08875555555555556,0,-0.00018080746926549236,-1.3400310639188694e-06,-5.4394286433876605e-11,2,"[0.01579853484389735, -0.015746290897311305, 0.08875555555555556, 1.0, 1]",0.0
0.08918333333333334,0,-0.0001798723240322962,-1.3288797097220512e-06,-5.34994733350764e-11,2,"[0.015724656768059606, -0.015685179786200192, 0.08918333333333334, 1.0, 1]",0.0
0.08961111111111111,0,-0.00017893921206384628,-1.317788526454474e-06,-5.261679607758293e-11,2,"[0.015650925087283593, -0.015624068675089081, 0.08961111111111111, 1.0, 1]",0.0
0.09003888888888889,0,-0.00017800813336014254,-1.3067573575547523e-06,-5.174612449860766e-11,2,"[0.015577339801569307, -0.01556295756397797, 0.09003888888888889, 1.0, 1]",0.0
0.09046666666666667,0,-0.00017707908792118508,-1.2957860464615008e-06,-5.088732946981145e-11,2,"[0.01550390091091675, -0.01550184645286686, 0.09046666666666667, 1.0, 1]",0.0
0.09089444444444444,0,-0.00017615207574697388,-1.2848744366133334e-06,-5.0040282891890813e-11,2,"[0.015430608415325921, -0.01544073534175575, 0.09089444444444444, 1.0, 1]",0.0
0.09132222222222222,0,-0.00017522709683750884,-1.2740223714488654e-06,-4.920485768917848e-11,2,"[0.015357462314796823, -0.015379624230644639, 0.09132222222222222, 1.0, 1]",0.0
0.09175,0,-0.00017430415119279008,-1.2632296944067117e-06,-4.838092780425764e-11,2,"[0.01528446260932945, -0.015318513119533528, 0.09175, 1.0, 1]",0.0
0.0921777777777778,0,-0.00017338323881281738,-1.2524962489254845e-06,-4.756836819259012e-11,2,"[0.0152116092989238, -0.015257402008422412, 0.0921777777777778, 1.0, 1]",0.0
0.09260555555555558,0,-0.0001724643596975911,-1.241821878443802e-06,-4.676705481715939e-11,2,"[0.015138902383579886, -0.015196290897311301, 0.09260555555555558, 1.0, 1]",0.0
0.09303333333333336,0,-0.000171547513847111,-1.2312064264002756e-06,-4.597686464312598e-11,2,"[0.015066341863297698, -0.01513517978620019, 0.09303333333333336, 1.0, 1]",0.0
0.09346111111111113,0,-0.00017063270126137708,-1.2206497362335213e-06,-4.5197675632498594e-11,2,"[0.014993927738077239, -0.01507406867508908, 0.09346111111111113, 1.0, 1]",0.0
0.09388888888888891,0,-0.0001697199219403894,-1.2101516513821539e-06,-4.442936673881809e-11,2,"[0.01492166000791851, -0.015012957563977969, 0.09388888888888891, 1.0, 1]",0.0
0.09431666666666669,0,-0.00016880917588414797,-1.1997120152847869e-06,-4.36718179018558e-11,2,"[0.01484953867282151, -0.014951846452866856, 0.09431666666666669, 1.0, 1]",0.0
0.09474444444444446,0,-0.00016790046309265278,-1.1893306713800357e-06,-4.292491004232601e-11,2,"[0.014777563732786235, -0.014890735341755746, 0.09474444444444446, 1.0, 1]",0.0
0.09517222222222224,0,-0.00016699378356590388,-1.1790074631065143e-06,-4.218852505661209e-11,2,"[0.01470573518781269, -0.014829624230644635, 0.09517222222222224, 1.0, 1]",0.0
0.09560000000000002,0,-0.00016608913730390112,-1.1687422339028373e-06,-4.1462545811506936e-11,2,"[0.014634053037900874, -0.014768513119533524, 0.09560000000000002, 1.0, 1]",0.0
0.0960277777777778,0,-0.0001651865243066446,-1.1585348272076192e-06,-4.0746856138967205e-11,2,"[0.014562517283050785, -0.014707402008422413, 0.0960277777777778, 1.0, 1]",0.0
0.09645555555555557,0,-0.0001642859445741343,-1.1483850864594751e-06,-4.004134083088162e-11,2,"[0.014491127923262428, -0.014646290897311303, 0.09645555555555557, 1.0, 1]",0.0
0.09688333333333335,0,-0.00016338739810637022,-1.1382928550970196e-06,-3.934588563385326e-11,2,"[0.014419884958535793, -0.014585179786200192, 0.09688333333333335, 1.0, 1]",0.0
0.09731111111111113,0,-0.00016249088490335241,-1.1282579765588663e-06,-3.866037724399572e-11,2,"[0.014348788388870892, -0.01452406867508908, 0.09731111111111113, 1.0, 1]",0.0
0.0977388888888889,0,-0.00016159640496508085,-1.1182802942836299e-06,-3.798470330174356e-11,2,"[0.01427783821426772, -0.014462957563977969, 0.0977388888888889, 1.0, 1]",0.0
0.09816666666666668,0,-0.00016070395829155548,-1.1083596517099257e-06,-3.731875238667651e-11,2,"[0.014207034434726273, -0.014401846452866858, 0.09816666666666668, 1.0, 1]",0.0
0.09859444444444446,0,-0.0001598135448827763,-1.0984958922763679e-06,-3.6662414012357616e-11,2,"[0.014136377050246552, -0.014340735341755747, 0.09859444444444446, 1.0, 1]",0.0
0.09902222222222223,0,-0.00015892516473874334,-1.0886888594215708e-06,-3.60155786211856e-11,2,"[0.014065866060828564, -0.014279624230644637, 0.09902222222222223, 1.0, 1]",0.0
0.09945000000000001,0,-0.0001580388178594567,-1.078938396584149e-06,-3.537813757926105e-11,2,"[0.013995501466472302, -0.014218513119533526, 0.09945000000000001, 1.0, 1]",0.0
0.09987777777777779,0,-0.00015715450424491617,-1.0692443472027173e-06,-3.4749983171266685e-11,2,"[0.01392528326717777, -0.014157402008422415, 0.09987777777777779, 1.0, 1]",0.0
0.10030555555555556,0,-0.000156272223895122,-1.0596065547158896e-06,-3.413100859536152e-11,2,"[0.013855211462944966, -0.014096290897311303, 0.10030555555555556, 1.0, 1]",0.0
0.10073333333333334,0,-0.00015539197681007397,-1.050024862562282e-06,-3.3521107958089166e-11,2,"[0.013785286053773892, -0.014035179786200192, 0.10073333333333334, 1.0, 1]",0.0
0.10116111111111112,0,-0.00015451376298977217,-1.040499114180507e-06,-3.2920176269299886e-11,2,"[0.013715507039664544, -0.013974068675089081, 0.10116111111111112, 1.0, 1]",0.0
0.1015888888888889,0,-0.0001536375824342166,-1.0310291530091803e-06,-3.232810943708701e-11,2,"[0.013645874420616926, -0.01391295756397797, 0.1015888888888889, 1.0, 1]",0.0
0.10201666666666667,0,-0.0001527634351434073,-1.0216148224869161e-06,-3.1744804262736977e-11,2,"[0.013576388196631033, -0.01385184645286686, 0.10201666666666667, 1.0, 1]",0.0
0.10244444444444445,0,-0.00015189132111734417,-1.0122559660523294e-06,-3.117015843569357e-11,2,"[0.013507048367706873, -0.013790735341755749, 0.10244444444444445, 1.0, 1]",0.0
0.10287222222222223,0,-0.0001510212403560274,-1.0029524271440347e-06,-3.060407052853609e-11,2,"[0.013437854933844438, -0.013729624230644638, 0.10287222222222223, 1.0, 1]",0.0
0.1033,0,-0.0001501531928594567,-9.937040492006459e-07,-3.0046439991971465e-11,2,"[0.013368807895043733, -0.013668513119533526, 0.1033, 1.0, 1]",0.0
0.10372777777777778,0,-0.00014928717862763228,-9.84510675660778e-07,-2.9497167149840564e-11,2,"[0.013299907251304754, -0.013607402008422415, 0.10372777777777778, 1.0, 1]",0.0
0.10415555555555556,0,-0.00014842319766055411,-9.75372149963045e-07,-2.895615319413823e-11,2,"[0.013231153002627508, -0.013546290897311304, 0.10415555555555556, 1.0, 1]",0.0
0.10458333333333333,0,-0.00014756124995822214,-9.66288315546062e-07,-2.842330018004748e-11,2,"[0.013162545149011988, -0.013485179786200193, 0.10458333333333333, 1.0, 1]",0.0
0.10501111111111111,0,-0.0001467013355206364,-9.572590158484443e-07,-2.7898511020987665e-11,2,"[0.013094083690458194, -0.013424068675089083, 0.10501111111111111, 1.0, 1]",0.0
0.10543888888888889,0,-0.0001458434543477969,-9.482840943088046e-07,-2.7381689483676466e-11,2,"[0.013025768626966132, -0.013362957563977972, 0.10543888888888889, 1.0, 1]",0.0
0.10586666666666666,0,-0.00014498760643970364,-9.393633943657587e-07,-2.6872740183206268e-11,2,"[0.012957599958535796, -0.013301846452866861, 0.10586666666666666, 1.0, 1]",0.0
0.10629444444444447,0,-0.00014413379179635652,-9.304967594579205e-07,-2.6371568578134058e-11,2,"[0.012889577685167186, -0.013240735341755745, 0.10629444444444447, 1.0, 1]",0.0
0.10672222222222225,0,-0.0001432820104177557,-9.216840330239053e-07,-2.5878080965585702e-11,2,"[0.012821701806860309, -0.013179624230644634, 0.10672222222222225, 1.0, 1]",0.0
0.10715000000000002,0,-0.0001424322623039011,-9.12925058502327e-07,-2.5392184476373915e-11,2,"[0.012753972323615158, -0.013118513119533524, 0.10715000000000002, 1.0, 1]",0.0
0.1075777777777778,0,-0.00014158454745479275,-9.042196793318005e-07,-2.4913787070130463e-11,2,"[0.01268638923543174, -0.013057402008422413, 0.1075777777777778, 1.0, 1]",0.0
0.10800555555555558,0,-0.0001407388658704306,-8.955677389509406e-07,-2.444279753045221e-11,2,"[0.012618952542310047, -0.012996290897311302, 0.10800555555555558, 1.0, 1]",0.0
0.10843333333333335,0,-0.00013989521755081467,-8.86969080798361e-07,-2.3979125460061164e-11,2,"[0.01255166224425008, -0.01293517978620019, 0.10843333333333335, 1.0, 1]",0.0
0.10886111111111113,0,-0.000139053602495945,-8.784235483126765e-07,-2.3522681275978665e-11,2,"[0.012484518341251846, -0.012874068675089079, 0.10886111111111113, 1.0, 1]",0.0
0.10928888888888891,0,-0.0001382140207058215,-8.699309849325026e-07,-2.3073376204713383e-11,2,"[0.012417520833315335, -0.012812957563977968, 0.10928888888888891, 1.0, 1]",0.0
0.10971666666666668,0,-0.00013737647218044436,-8.614912340964525e-07,-2.2631122277463337e-11,2,"[0.012350669720440556, -0.01275184645286686, 0.10971666666666668, 1.0, 1]",0.0
0.11014444444444446,0,-0.00013654095691981334,-8.531041392431418e-07,-2.219583232533206e-11,2,"[0.012283965002627507, -0.012690735341755747, 0.11014444444444446, 1.0, 1]",0.0
0.11057222222222224,0,-0.00013570747492392857,-8.44769543811184e-07,-2.1767419974558532e-11,2,"[0.012217406679876183, -0.012629624230644634, 0.11057222222222224, 1.0, 1]",0.0
0.11100000000000002,0,-0.00013487602619279,-8.364872912391944e-07,-2.134579964176134e-11,2,"[0.012150994752186589, -0.012568513119533525, 0.11100000000000002, 1.0, 1]",0.0
0.11142777777777779,0,-0.0001340466107263977,-8.282572249657868e-07,-2.09308865291966e-11,2,"[0.012084729219558724, -0.012507402008422413, 0.11142777777777779, 1.0, 1]",0.0
0.11185555555555557,0,-0.0001332192285247516,-8.20079188429577e-07,-2.0522596620030114e-11,2,"[0.012018610081992585, -0.012446290897311304, 0.11185555555555557, 1.0, 1]",0.0
0.11228333333333335,0,-0.00013239387958785174,-8.119530250691787e-07,-2.0120846673623225e-11,2,"[0.011952637339488176, -0.012385179786200191, 0.11228333333333335, 1.0, 1]",0.0
0.11271111111111112,0,-0.00013157056391569812,-8.038785783232066e-07,-1.972555422083294e-11,2,"[0.011886810992045499, -0.012324068675089082, 0.11271111111111112, 1.0, 1]",0.0
0.1131388888888889,0,-0.00013074928150829068,-7.95855691630275e-07,-1.9336637559325913e-11,2,"[0.011821131039664545, -0.01226295756397797, 0.1131388888888889, 1.0, 1]",0.0
0.11356666666666668,0,-0.0001299300323656295,-7.878842084289986e-07,-1.895401574890646e-11,2,"[0.01175559748234532, -0.012201846452866857, 0.11356666666666668, 1.0, 1]",0.0
0.11399444444444445,0,-0.0001291128164877146,-7.799639721579919e-07,-1.8577608606858498e-11,2,"[0.011690210320087824, -0.012140735341755748, 0.11399444444444445, 1.0, 1]",0.0
0.11442222222222223,0,-0.00012829763387454582,-7.720948262558699e-07,-1.8207336703301596e-11,2,"[0.011624969552892057, -0.012079624230644636, 0.11442222222222223, 1.0, 1]",0.0
0.11485000000000001,0,-0.0001274844845261234,-7.642766141612465e-07,-1.784312135656087e-11,2,"[0.011559875180758017, -0.012018513119533527, 0.11485000000000001, 1.0, 1]",0.0
0.11527777777777778,0,-0.00012667336844244712,-7.565091793127367e-07,-1.7484884628551024e-11,2,"[0.01149492720368571, -0.011957402008422414, 0.11527777777777778, 1.0, 1]",0.0
0.11570555555555556,0,-0.00012586428562351708,-7.487923651489546e-07,-1.7132549320174268e-11,2,"[0.011430125621675127, -0.011896290897311305, 0.11570555555555556, 1.0, 1]",0.0
0.11613333333333334,0,-0.00012505723606933322,-7.411260151085149e-07,-1.6786038966732278e-11,2,"[0.011365470434726271, -0.011835179786200193, 0.11613333333333334, 1.0, 1]",0.0
0.11656111111111112,0,-0.00012425221977989566,-7.335099726300325e-07,-1.6445277833352203e-11,2,"[0.011300961642839148, -0.01177406867508908, 0.11656111111111112, 1.0, 1]",0.0
0.11698888888888889,0,-0.00012344923675520428,-7.259440811521216e-07,-1.6110190910426483e-11,2,"[0.011236599246013751, -0.011712957563977971, 0.11698888888888889, 1.0, 1]",0.0
0.11741666666666667,0,-0.0001226482869952592,-7.184281841133968e-07,-1.578070390906689e-11,2,"[0.011172383244250083, -0.011651846452866859, 0.11741666666666667, 1.0, 1]",0.0
0.11784444444444445,0,-0.00012184937050006026,-7.109621249524722e-07,-1.5456743256572386e-11,2,"[0.011108313637548144, -0.01159073534175575, 0.11784444444444445, 1.0, 1]",0.0
0.11827222222222222,0,-0.0001210524872696076,-7.035457471079636e-07,-1.5138236091911135e-11,2,"[0.011044390425907932, -0.011529624230644638, 0.11827222222222222, 1.0, 1]",0.0
0.1187,0,-0.00012025763730390114,-6.961788940184843e-07,-1.4825110261216245e-11,2,"[0.010980613609329448, -0.011468513119533529, 0.1187, 1.0, 1]",0.0
0.11912777777777778,0,-0.00011946482060294091,-6.88861409122649e-07,-1.4517294313295832e-11,2,"[0.010916983187812694, -0.011407402008422416, 0.11912777777777778, 1.0, 1]",0.0
0.11955555555555558,0,-0.00011867403716672687,-6.815931358590722e-07,-1.4214717495156846e-11,2,"[0.010853499161357662, -0.0113462908973113, 0.11955555555555558, 1.0, 1]",0.0
0.11998333333333336,0,-0.00011788528699525913,-6.743739176663693e-07,-1.3917309747543e-11,2,"[0.010790161529964364, -0.011285179786200191, 0.11998333333333336, 1.0, 1]",0.0
0.12041111111111114,0,-0.00011709857008853757,-6.672035979831541e-07,-1.362500170048656e-11,2,"[0.010726970293632797, -0.011224068675089079, 0.12041111111111114, 1.0, 1]",0.0
0.12083888888888891,0,-0.00011631388644656225,-6.600820202480415e-07,-1.3337724668874325e-11,2,"[0.010663925452362954, -0.01116295756397797, 0.12083888888888891, 1.0, 1]",0.0
0.12126666666666669,0,-0.00011553123606933318,-6.530090278996461e-07,-1.3055410648027433e-11,2,"[0.01060102700615484, -0.011101846452866857, 0.12126666666666669, 1.0, 1]",0.0
0.12169444444444447,0,-0.00011475061895685034,-6.45984464376582e-07,-1.2777992309295207e-11,2,"[0.010538274955008458, -0.011040735341755745, 0.12169444444444447, 1.0, 1]",0.0
0.12212222222222224,0,-0.00011397203510911375,-6.39008173117464e-07,-1.2505402995663077e-11,2,"[0.010475669298923802, -0.010979624230644636, 0.12212222222222224, 1.0, 1]",0.0
0.12255000000000002,0,-0.00011319548452612334,-6.320799975609061e-07,-1.2237576717374342e-11,2,"[0.010413210037900873, -0.010918513119533523, 0.12255000000000002, 1.0, 1]",0.0
0.1229777777777778,0,-0.00011242096720787917,-6.251997811455239e-07,-1.1974448147566107e-11,2,"[0.010350897171939676, -0.010857402008422414, 0.1229777777777778, 1.0, 1]",0.0
0.12340555555555557,0,-0.0001116484831543812,-6.183673673099312e-07,-1.1715952617918996e-11,2,"[0.010288730701040204, -0.010796290897311302, 0.12340555555555557, 1.0, 1]",0.0
0.12383333333333335,0,-0.00011087803236562951,-6.115825994927428e-07,-1.1462026114321054e-11,2,"[0.01022671062520246, -0.010735179786200193, 0.12383333333333335, 1.0, 1]",0.0
0.12426111111111113,0,-0.00011010961484162406,-6.048453211325729e-07,-1.121260527254554e-11,2,"[0.01016483694442645, -0.01067406867508908, 0.12426111111111113, 1.0, 1]",0.0
0.1246888888888889,0,-0.00010934323058236475,-5.981553756680362e-07,-1.096762737394273e-11,2,"[0.01010310965871216, -0.010612957563977968, 0.1246888888888889, 1.0, 1]",0.0
0.12511666666666668,0,-0.00010857887958785174,-5.915126065377475e-07,-1.0727030341145757e-11,2,"[0.010041528768059603, -0.010551846452866859, 0.12511666666666668, 1.0, 1]",0.0
0.12554444444444446,0,-0.00010781656185808496,-5.849168571803215e-07,-1.0490752733790342e-11,2,"[0.009980094272468779, -0.010490735341755746, 0.12554444444444446, 1.0, 1]",0.0
0.12597222222222224,0,-0.00010705627739306437,-5.783679710343719e-07,-1.0258733744248589e-11,2,"[0.009918806171939673, -0.010429624230644637, 0.12597222222222224, 1.0, 1]",0.0
0.1264,0,-0.00010629802619278997,-5.71865791538514e-07,-1.0030913193376841e-11,2,"[0.0098576644664723, -0.010368513119533525, 0.1264, 1.0, 1]",0.0
0.1268277777777778,0,-0.00010554180825726191,-5.65410162131362e-07,-9.807231526277364e-12,2,"[0.00979666915606666, -0.010307402008422416, 0.1268277777777778, 1.0, 1]",0.0
0.12725555555555557,0,-0.00010478762358648004,-5.590009262515305e-07,-9.587629808074142e-12,2,"[0.009735820240722743, -0.010246290897311303, 0.12725555555555557, 1.0, 1]",0.0
0.12768333333333334,0,-0.00010403547218044436,-5.526379273376346e-07,-9.372049719702665e-12,2,"[0.009675117720440558, -0.01018517978620019, 0.12768333333333334, 1.0, 1]",0.0
0.12811111111111112,0,-0.00010328535403915492,-5.463210088282877e-07,-9.160433553713602e-12,2,"[0.0096145615952201, -0.010124068675089082, 0.12811111111111112, 1.0, 1]",0.0
0.1285388888888889,0,-0.00010253726916261167,-5.40050014162105e-07,-8.952724210090632e-12,2,"[0.009554151865061367, -0.01006295756397797, 0.1285388888888889, 1.0, 1]",0.0
0.12896666666666667,0,-0.00010179121755081466,-5.338247867777012e-07,-8.74886519208214e-12,2,"[0.00949388852996437, -0.01000184645286686, 0.12896666666666667, 1.0, 1]",0.0
0.12939444444444445,0,-0.000101047199203764,-5.276451701136901e-07,-8.548800602046918e-12,2,"[0.009433771589929092, -0.009940735341755748, 0.12939444444444445, 1.0, 1]",0.0
0.12982222222222223,0,-0.00010030521412145946,-5.215110076086878e-07,-8.352475137313968e-12,2,"[0.009373801044955547, -0.009879624230644639, 0.12982222222222223, 1.0, 1]",0.0
0.13025000000000003,0,-9.956526230390107e-05,-5.154221427013066e-07,-8.159834086056057e-12,2,"[0.009313976895043732, -0.009818513119533523, 0.13025000000000003, 1.0, 1]",0.0
0.13067777777777778,0,-9.882734375108907e-05,-5.093784188301633e-07,-7.97082332317767e-12,2,"[0.009254299140193642, -0.009757402008422414, 0.13067777777777778, 1.0, 1]",0.0
0.1311055555555556,0,-9.809145846302321e-05,-5.033796794338707e-07,-7.785389306216431e-12,2,"[0.009194767780405282, -0.009696290897311301, 0.1311055555555556, 1.0, 1]",0.0
0.13153333333333334,0,-9.735760643970359e-05,-4.974257679510445e-07,-7.603479071259028e-12,2,"[0.009135382815678654, -0.009635179786200192, 0.13153333333333334, 1.0, 1]",0.0
0.13196111111111114,0,-9.66257876811302e-05,-4.915165278202983e-07,-7.42504022887073e-12,2,"[0.009076144246013745, -0.00957406867508908, 0.13196111111111114, 1.0, 1]",0.0
0.1323888888888889,0,-9.589600218730312e-05,-4.856518024802481e-07,-7.250020960039213e-12,2,"[0.009017052071410576, -0.009512957563977971, 0.1323888888888889, 1.0, 1]",0.0
0.1328166666666667,0,-9.516824995822206e-05,-4.798314353695063e-07,-7.078370012132035e-12,2,"[0.008958106291869126, -0.009451846452866855, 0.1328166666666667, 1.0, 1]",0.0
0.13324444444444444,0,-9.444253099388745e-05,-4.740552699266893e-07,-6.910036694868545e-12,2,"[0.00889930690738941, -0.00939073534175575, 0.13324444444444444, 1.0, 1]",0.0
0.13367222222222225,0,-9.371884529429893e-05,-4.6832314959041006e-07,-6.7449708763052985e-12,2,"[0.008840653917971418, -0.009329624230644634, 0.13367222222222225, 1.0, 1]",0.0
0.1341,0,-9.29971928594567e-05,-4.626349177992853e-07,-6.58312297883592e-12,2,"[0.008782147323615163, -0.009268513119533528, 0.1341, 1.0, 1]",0.0
0.1345277777777778,0,-9.227757368936065e-05,-4.569904179919272e-07,-6.424443975204523e-12,2,"[0.008723787124320623, -0.009207402008422412, 0.1345277777777778, 1.0, 1]",0.0
0.13495555555555555,0,-9.15599877840109e-05,-4.513894936069521e-07,-6.268885384533567e-12,2,"[0.008665573320087827, -0.009146290897311306, 0.13495555555555555, 1.0, 1]",0.0
0.13538333333333336,0,-9.084443514340728e-05,-4.4583198808297315e-07,-6.11639926836529e-12,2,"[0.008607505910916746, -0.00908517978620019, 0.13538333333333336, 1.0, 1]",0.0
0.1358111111111111,0,-9.013091576755001e-05,-4.4031774485860605e-07,-5.966938226717484e-12,2,"[0.008549584896807398, -0.009024068675089085, 0.1358111111111111, 1.0, 1]",0.0
0.1362388888888889,0,-8.941942965643888e-05,-4.348466073724641e-07,-5.820455394152972e-12,2,"[0.00849181027775978, -0.008962957563977969, 0.1362388888888889, 1.0, 1]",0.0
0.13666666666666666,0,-8.870997681007398e-05,-4.294184190631637e-07,-5.676904435863358e-12,2,"[0.008434182053773893, -0.00890184645286686, 0.13666666666666666, 1.0, 1]",0.0
0.13709444444444446,0,-8.800255722845533e-05,-4.240330233693173e-07,-5.5362395437664444e-12,2,"[0.008376700224849723, -0.008840735341755748, 0.13709444444444446, 1.0, 1]",0.0
0.1375222222222222,0,-8.729717091158292e-05,-4.1869026372954117e-07,-5.3984154326180145e-12,2,"[0.008319364790987296, -0.008779624230644639, 0.1375222222222222, 1.0, 1]",0.0
0.13795000000000002,0,-8.659381785945669e-05,-4.133899835824484e-07,-5.263387336137243e-12,2,"[0.00826217575218659, -0.008718513119533526, 0.13795000000000002, 1.0, 1]",0.0
0.13837777777777777,0,-8.589249807207676e-05,-4.081320263666547e-07,-5.131111003146415e-12,2,"[0.008205133108447612, -0.008657402008422417, 0.13837777777777777, 1.0, 1]",0.0
0.13880555555555557,0,-8.519321154944301e-05,-4.0291623552077376e-07,-5.001542693724379e-12,2,"[0.008148236859770362, -0.008596290897311301, 0.13880555555555557, 1.0, 1]",0.0
0.13923333333333332,0,-8.449595829155545e-05,-3.977424544834206e-07,-4.874639175374186e-12,2,"[0.008091487006154849, -0.008535179786200196, 0.13923333333333332, 1.0, 1]",0.0
0.13966111111111112,0,-8.380073829841414e-05,-3.9261052669320967e-07,-4.750357719204607e-12,2,"[0.008034883547601047, -0.00847406867508908, 0.13966111111111112, 1.0, 1]",0.0
0.14008888888888893,0,-8.310755157001906e-05,-3.8752029558875506e-07,-4.6286560961256774e-12,2,"[0.007978426484108986, -0.008412957563977967, 0.14008888888888893, 1.0, 1]",0.0
0.14051666666666668,0,-8.241639810637028e-05,-3.8247160460867253e-07,-4.509492573058278e-12,2,"[0.007922115815678657, -0.008351846452866858, 0.14051666666666668, 1.0, 1]",0.0
0.14094444444444448,0,-8.172727790746763e-05,-3.774642971915751e-07,-4.392825909157576e-12,2,"[0.00786595154231004, -0.008290735341755742, 0.14094444444444448, 1.0, 1]",0.0
0.14137222222222223,0,-8.104019097331133e-05,-3.724982167760788e-07,-4.2786153520506736e-12,2,"[0.00780993366400317, -0.008229624230644637, 0.14137222222222223, 1.0, 1]",0.0
0.14180000000000004,0,-8.035513730390105e-05,-3.6757320680079653e-07,-4.166820634087987e-12,2,"[0.007754062180758015, -0.00816851311953352, 0.14180000000000004, 1.0, 1]",0.0
0.1422277777777778,0,-7.967211689923723e-05,-3.6268911070434445e-07,-4.057401968608905e-12,2,"[0.007698337092574593, -0.008107402008422415, 0.1422277777777778, 1.0, 1]",0.0
0.1426555555555556,0,-7.899112975931944e-05,-3.5784577192533564e-07,-3.95032004622114e-12,2,"[0.007642758399452901, -0.0080462908973113, 0.1426555555555556, 1.0, 1]",0.0
0.14308333333333334,0,-7.831217588414804e-05,-3.530430339023865e-07,-3.8455360310943734e-12,2,"[0.007587326101392941, -0.007985179786200194, 0.14308333333333334, 1.0, 1]",0.0
0.14351111111111114,0,-7.763525527372279e-05,-3.4828074007410906e-07,-3.743011557267576e-12,2,"[0.0075320401983947, -0.007924068675089078, 0.14351111111111114, 1.0, 1]",0.0
0.1439388888888889,0,-7.696036792804382e-05,-3.435587338791204e-07,-3.642708724970681e-12,2,"[0.007476900690458192, -0.007862957563977972, 0.1439388888888889, 1.0, 1]",0.0
0.1443666666666667,0,-7.628751384711099e-05,-3.3887685875603325e-07,-3.5445900969598705e-12,2,"[0.0074219075775834135, -0.007801846452866856, 0.1443666666666667, 1.0, 1]",0.0
0.14479444444444445,0,-7.561669303092445e-05,-3.342349581434628e-07,-3.448618694867179e-12,2,"[0.007367060859770361, -0.007740735341755747, 0.14479444444444445, 1.0, 1]",0.0
0.14522222222222225,0,-7.494790547948405e-05,-3.296328754800234e-07,-3.3547579955638794e-12,2,"[0.007312360537019037, -0.007679624230644635, 0.14522222222222225, 1.0, 1]",0.0
0.14565,0,-7.428115119279e-05,-3.250704542043305e-07,-3.2629719275379837e-12,2,"[0.007257806609329447, -0.007618513119533526, 0.14565, 1.0, 1]",0.0
0.1460777777777778,0,-7.361643017084212e-05,-3.2054753775499753e-07,-3.173224867285616e-12,2,"[0.007203399076701582, -0.007557402008422413, 0.1460777777777778, 1.0, 1]",0.0
0.14650555555555556,0,-7.295374241364055e-05,-3.160639695706395e-07,-3.085481635716526e-12,2,"[0.007149137939135443, -0.007496290897311304, 0.14650555555555556, 1.0, 1]",0.0
0.14693333333333336,0,-7.229308792118506e-05,-3.1161959308987034e-07,-2.999707494573461e-12,2,"[0.007095023196631033, -0.007435179786200188, 0.14693333333333336, 1.0, 1]",0.0
0.1473611111111111,0,-7.163446669347591e-05,-3.0721425175130575e-07,-2.9158681428656544e-12,2,"[0.0070410548491883496, -0.007374068675089083, 0.1473611111111111, 1.0, 1]",0.0
0.14778888888888891,0,-7.09778787305129e-05,-3.0284778899355907e-07,-2.8339297133161482e-12,2,"[0.006987232896807395, -0.007312957563977967, 0.14778888888888891, 1.0, 1]",0.0
0.14821666666666666,0,-7.032332403229618e-05,-2.9852004825524614e-07,-2.7538587688233025e-12,2,"[0.0069335573394881805, -0.007251846452866861, 0.14821666666666666, 1.0, 1]",0.0
0.14864444444444447,0,-6.96708025988257e-05,-2.942308729749798e-07,-2.6756222989360922e-12,2,"[0.006880028177230685, -0.007190735341755745, 0.14864444444444447, 1.0, 1]",0.0
0.14907222222222222,0,-6.902031443010146e-05,-2.8998010659137635e-07,-2.599187716343611e-12,2,"[0.006826645410034915, -0.00712962423064464, 0.14907222222222222, 1.0, 1]",0.0
0.14950000000000002,0,-6.837185952612336e-05,-2.857675925430492e-07,-2.5245228533783525e-12,2,"[0.0067734090379008745, -0.007068513119533524, 0.14950000000000002, 1.0, 1]",0.0
0.14992777777777777,0,-6.772543788689155e-05,-2.8159317426861357e-07,-2.451595958533671e-12,2,"[0.00672031906082857, -0.007007402008422418, 0.14992777777777777, 1.0, 1]",0.0
0.15035555555555558,0,-6.708104951240587e-05,-2.774566952066835e-07,-2.380375692995092e-12,2,"[0.0066673754788179815, -0.0069462908973113024, 0.15035555555555558, 1.0, 1]",0.0
0.15078333333333332,0,-6.64386944026666e-05,-2.7335799879587337e-07,-2.3108311271857194e-12,2,"[0.0066145782918691325, -0.0068851797862001934, 0.15078333333333332, 1.0, 1]",0.0
0.15121111111111113,0,-6.579837255767346e-05,-2.69296928474798e-07,-2.2429317373255717e-12,2,"[0.006561927499982006, -0.006824068675089081, 0.15121111111111113, 1.0, 1]",0.0
0.15163888888888888,0,-6.51600839774265e-05,-2.652733276820728e-07,-2.1766474020049502e-12,2,"[0.0065094231031566085, -0.006762957563977972, 0.15163888888888888, 1.0, 1]",0.0
0.15206666666666668,0,-6.452382866192579e-05,-2.6128703985631027e-07,-2.1119483987717256e-12,2,"[0.006457065101392941, -0.0067018464528668595, 0.15206666666666668, 1.0, 1]",0.0
0.15249444444444443,0,-6.388960661117137e-05,-2.5733790843612703e-07,-2.0488054007327728e-12,2,"[0.0064048534946910055, -0.0066407353417557505, 0.15249444444444443, 1.0, 1]",0.0
0.15292222222222224,0,-6.325741782516308e-05,-2.534257768601366e-07,-1.9871894731691947e-12,2,"[0.006352788283050786, -0.0065796242306446345, 0.15292222222222224, 1.0, 1]",0.0
0.15335,0,-6.262726230390114e-05,-2.4955048856695343e-07,-1.927072070165706e-12,2,"[0.006300869466472306, -0.006518513119533529, 0.15335, 1.0, 1]",0.0
0.1537777777777778,0,-6.199914004738534e-05,-2.4571188699519225e-07,-1.8684250312539268e-12,2,"[0.006249097044955552, -0.006457402008422413, 0.1537777777777778, 1.0, 1]",0.0
0.1542055555555556,0,-6.137305105561577e-05,-2.419098155834676e-07,-1.8112205780696939e-12,2,"[0.006197471018500517, -0.006396290897311301, 0.1542055555555556, 1.0, 1]",0.0
0.15463333333333334,0,-6.0748995328592504e-05,-2.381441177703945e-07,-1.7554313110243591e-12,2,"[0.006145991387107225, -0.0063351797862001916, 0.15463333333333334, 1.0, 1]",0.0
0.15506111111111115,0,-6.012697286631531e-05,-2.344146369945867e-07,-1.7010302059900603e-12,2,"[0.006094658150775652, -0.006274068675089076, 0.15506111111111115, 1.0, 1]",0.0
0.1554888888888889,0,-5.9506983668784525e-05,-2.3072121669465954e-07,-1.647990610999049e-12,2,"[0.0060434713095058115, -0.00621295756397797, 0.1554888888888889, 1.0, 1]",0.0
0.1559166666666667,0,-5.8889027735999815e-05,-2.270637003092266e-07,-1.5962862429569112e-12,2,"[0.005992430863297697, -0.006151846452866854, 0.1559166666666667, 1.0, 1]",0.0
0.15634444444444445,0,-5.8273105067961455e-05,-2.2344193127690347e-07,-1.5458911843698987e-12,2,"[0.005941536812151319, -0.006090735341755749, 0.15634444444444445, 1.0, 1]",0.0
0.15677222222222226,0,-5.7659215664669335e-05,-2.1985575303630347e-07,-1.4967798800861271e-12,2,"[0.005890789156066653, -0.006029624230644633, 0.15677222222222226, 1.0, 1]",0.0
0.1572,0,-5.7047359526123456e-05,-2.163050090260427e-07,-1.4489271340508985e-12,2,"[0.005840187895043734, -0.005968513119533527, 0.1572, 1.0, 1]",0.0
0.1576277777777778,0,-5.64375366523236e-05,-2.1278954268473402e-07,-1.4023081060758729e-12,2,"[0.005789733029082533, -0.005907402008422411, 0.1576277777777778, 1.0, 1]",0.0
0.15805555555555556,0,-5.5829747043270204e-05,-2.093091974509934e-07,-1.3568983086223916e-12,2,"[0.005739424558183062, -0.005846290897311306, 0.15805555555555556, 1.0, 1]",0.0
0.15848333333333336,0,-5.522399069896283e-05,-2.0586381676343423e-07,-1.3126736035986314e-12,2,"[0.005689262482345317, -0.00578517978620019, 0.15848333333333336, 1.0, 1]",0.0
0.15891111111111111,0,-5.462026761940181e-05,-2.0245324406067223e-07,-1.2696101991709e-12,2,"[0.0056392468015693115, -0.005724068675089084, 0.15891111111111111, 1.0, 1]",0.0
0.15933888888888892,0,-5.401857780458697e-05,-1.9907732278132053e-07,-1.2276846465887883e-12,2,"[0.005589377515855018, -0.005662957563977968, 0.15933888888888892, 1.0, 1]",0.0
0.15976666666666667,0,-5.341892125451843e-05,-1.9573589636399499e-07,-1.1868738370244479e-12,2,"[0.005539654625202464, -0.005601846452866859, 0.15976666666666667, 1.0, 1]",0.0
0.16019444444444447,0,-5.282129796919596e-05,-1.9242880824730943e-07,-1.1471549984257378e-12,2,"[0.005490078129611636, -0.005540735341755747, 0.16019444444444447, 1.0, 1]",0.0
0.16062222222222222,0,-5.22257079486199e-05,-1.891559018698786e-07,-1.1085056923834599e-12,2,"[0.005440648029082534, -0.005479624230644638, 0.16062222222222222, 1.0, 1]",0.0
0.16105000000000003,0,-5.1632151192789973e-05,-1.859170206703167e-07,-1.0709038110125233e-12,2,"[0.005391364323615158, -0.005418513119533525, 0.16105000000000003, 1.0, 1]",0.0
0.16147777777777778,0,-5.1040627701706286e-05,-1.8271200808723924e-07,-1.034327573847154e-12,2,"[0.005342227013209522, -0.005357402008422416, 0.16147777777777778, 1.0, 1]",0.0
0.16190555555555558,0,-5.045113747536895e-05,-1.7954070755925933e-07,-9.987555247500298e-13,2,"[0.005293236097865597, -0.0052962908973113, 0.16190555555555558, 1.0, 1]",0.0
0.16233333333333333,0,-4.986368051377763e-05,-1.7640296252499276e-07,-9.641665288354935e-13,2,"[0.00524439157758342, -0.005235179786200195, 0.16233333333333333, 1.0, 1]",0.0
0.16276111111111113,0,-4.927825681693267e-05,-1.7329861642305344e-07,-9.305397694066779e-13,2,"[0.005195693452362957, -0.005174068675089079, 0.16276111111111113, 1.0, 1]",0.0
0.16318888888888888,0,-4.869486638483394e-05,-1.702275126920561e-07,-8.978547449066764e-13,2,"[0.005147141722204228, -0.005112957563977973, 0.16318888888888888, 1.0, 1]",0.0
0.1636166666666667,0,-4.811350921748135e-05,-1.6718949477061498e-07,-8.660912658836804e-13,2,"[0.005098736387107221, -0.005051846452866857, 0.1636166666666667, 1.0, 1]",0.0
0.16404444444444444,0,-4.753418531487511e-05,-1.641844060973452e-07,-8.35229451970131e-13,2,"[0.0050504774470719535, -0.004990735341755752, 0.16404444444444444, 1.0, 1]",0.0
0.16447222222222224,0,-4.6956894677015e-05,-1.6121209011086074e-07,-8.05249728875828e-13,2,"[0.005002364902098405, -0.004929624230644636, 0.16447222222222224, 1.0, 1]",0.0
0.1649,0,-4.638163730390113e-05,-1.582723902497767e-07,-7.761328253950789e-13,2,"[0.0049543987521865895, -0.00486851311953353, 0.1649, 1.0, 1]",0.0
0.1653277777777778,0,-4.58084131955335e-05,-1.5536514995270655e-07,-7.478597704277884e-13,2,"[0.004906578997336503, -0.004807402008422414, 0.1653277777777778, 1.0, 1]",0.0
0.16575555555555554,0,-4.523722235191211e-05,-1.5249021265826664e-07,-7.204118900146067e-13,2,"[0.004858905637548143, -0.004746290897311305, 0.16575555555555554, 1.0, 1]",0.0
0.16618333333333335,0,-4.4668064773036855e-05,-1.496474218050698e-07,-6.937708043859777e-13,2,"[0.004811378672821512, -0.004685179786200193, 0.16618333333333335, 1.0, 1]",0.0
0.1666111111111111,0,-4.4100940458908e-05,-1.4683662083173114e-07,-6.679184250252846e-13,2,"[0.004763998103156614, -0.004624068675089084, 0.1666111111111111, 1.0, 1]",0.0
0.1670388888888889,0,-4.353584940952528e-05,-1.4405765317686518e-07,-6.428369517459082e-13,2,"[0.004716763928553427, -0.004562957563977971, 0.1670388888888889, 1.0, 1]",0.0
0.16746666666666665,0,-4.297279162488875e-05,-1.413103622790873e-07,-6.185088697823242e-13,2,"[0.004669676149011988, -0.004501846452866862, 0.16746666666666665, 1.0, 1]",0.0
0.16789444444444446,0,-4.2411767104998566e-05,-1.3859459157701057e-07,-5.949169468951494e-13,2,"[0.004622734764532271, -0.0044407353417557464, 0.16789444444444446, 1.0, 1]",0.0
0.16832222222222226,0,-4.185277584985446e-05,-1.3591018450924996e-07,-5.720442304902381e-13,2,"[0.0045759397751142725, -0.004379624230644634, 0.16832222222222226, 1.0, 1]",0.0
0.16875,0,-4.12958178594567e-05,-1.3325698451442133e-07,-5.498740447517367e-13,2,"[0.0045292911807580175, -0.004318513119533525, 0.16875, 1.0, 1]",0.0
0.16917777777777782,0,-4.0740893133805025e-05,-1.3063483503113748e-07,-5.283899877890999e-13,2,"[0.004482788981463485, -0.0042574020084224125, 0.16917777777777782, 1.0, 1]",0.0
0.16960555555555556,0,-4.018800167289975e-05,-1.2804357949801375e-07,-5.075759287981823e-13,2,"[0.004436433177230678, -0.0041962908973113035, 0.16960555555555556, 1.0, 1]",0.0
0.17003333333333337,0,-3.963714347674061e-05,-1.2548306135366492e-07,-4.874160052362456e-13,2,"[0.004390223768059601, -0.0041351797862001875, 0.17003333333333337, 1.0, 1]",0.0
0.17046111111111112,0,-3.908831854532776e-05,-1.2295312403670512e-07,-4.67894620010993e-13,2,"[0.004344160753950263, -0.004074068675089082, 0.17046111111111112, 1.0, 1]",0.0
0.17088888888888892,0,-3.85415268786611e-05,-1.204536109857489e-07,-4.489964386835948e-13,2,"[0.004298244134902634, -0.004012957563977966, 0.17088888888888892, 1.0, 1]",0.0
0.17131666666666667,0,-3.799676847674057e-05,-1.179843656394109e-07,-4.3070638668570256e-13,2,"[0.004252473910916751, -0.0039518464528668605, 0.17131666666666667, 1.0, 1]",0.0
0.17174444444444448,0,-3.7454043339566444e-05,-1.1554523143630544e-07,-4.13009646550455e-13,2,"[0.004206850081992584, -0.0038907353417557446, 0.17174444444444448, 1.0, 1]",0.0
0.17217222222222223,0,-3.6913351467138505e-05,-1.1313605181504753e-07,-3.9589165515748105e-13,2,"[0.00416137264813015, -0.003829624230644639, 0.17217222222222223, 1.0, 1]",0.0
0.17260000000000003,0,-3.63746928594567e-05,-1.1075667021425079e-07,-3.7933810099188234e-13,2,"[0.004116041609329442, -0.003768513119533523, 0.17260000000000003, 1.0, 1]",0.0
0.17302777777777778,0,-3.583806751652119e-05,-1.0840693007253135e-07,-3.63334921417243e-13,2,"[0.004070856965590473, -0.0037074020084224175, 0.17302777777777778, 1.0, 1]",0.0
0.17345555555555559,0,-3.530347543833181e-05,-1.0608667482850218e-07,-3.478682999625716e-13,2,"[0.004025818716913217, -0.0036462908973113016, 0.17345555555555559, 1.0, 1]",0.0
0.17388333333333333,0,-3.477091662488878e-05,-1.0379574792077873e-07,-3.329246636233084e-13,2,"[0.0039809268632977, -0.0035851797862001926, 0.17388333333333333, 1.0, 1]",0.0
0.17431111111111114,0,-3.424039107619188e-05,-1.0153399278797508e-07,-3.184906801762634e-13,2,"[0.003936181404743909, -0.00352406867508908, 0.17431111111111114, 1.0, 1]",0.0
0.1747388888888889,0,-3.371189879224133e-05,-9.930125286870641e-08,-3.045532555085903e-13,2,"[0.003891582341251844, -0.003462957563977971, 0.1747388888888889, 1.0, 1]",0.0
0.1751666666666667,0,-3.318543977303692e-05,-9.709737160158626e-08,-2.9109953096071703e-13,2,"[0.003847129672821508, -0.0034018464528668586, 0.1751666666666667, 1.0, 1]",0.0
0.17559444444444444,0,-3.266101401857874e-05,-9.492219242523006e-08,-2.7811688068330994e-13,2,"[0.003802823399452905, -0.0033407353417557496, 0.17559444444444444, 1.0, 1]",0.0
0.17602222222222225,0,-3.2138621528866916e-05,-9.277555877825175e-08,-2.6559290900818886e-13,2,"[0.003758663521146021, -0.0032796242306446337, 0.17602222222222225, 1.0, 1]",0.0
0.17645,0,-3.1618262303901115e-05,-9.065731409926651e-08,-2.5351544783326724e-13,2,"[0.0037146500379008768, -0.003218513119533528, 0.17645, 1.0, 1]",0.0
0.1768777777777778,0,-3.109993634368166e-05,-8.85673018268881e-08,-2.4187255402146266e-13,2,"[0.003670782949717455, -0.003157402008422412, 0.1768777777777778, 1.0, 1]",0.0
0.17730555555555555,0,-3.058364364820845e-05,-8.650536539973153e-08,-2.3065250681361884e-13,2,"[0.003627062256595759, -0.0030962908973113067, 0.17730555555555555, 1.0, 1]",0.0
0.17773333333333335,0,-3.006938421748137e-05,-8.447134825641108e-08,-2.1984380525540314e-13,2,"[0.0035834879585357957, -0.0030351797862001907, 0.17773333333333335, 1.0, 1]",0.0
0.1781611111111111,0,-2.955715805150064e-05,-8.246509383554212e-08,-2.0943516563821417e-13,2,"[0.0035400600555375653, -0.002974068675089085, 0.1781611111111111, 1.0, 1]",0.0
0.1785888888888889,0,-2.9046965150266043e-05,-8.048644557573779e-08,-1.9941551895405543e-13,2,"[0.003496778547601047, -0.0029129575639779692, 0.1785888888888889, 1.0, 1]",0.0
0.17901666666666666,0,-2.8538805513777686e-05,-7.8535246915614e-08,-1.8977400836444356e-13,2,"[0.003453643434726275, -0.0028518464528668637, 0.17901666666666666, 1.0, 1]",0.0
0.17944444444444446,0,-2.803267914203557e-05,-7.661134129378434e-08,-1.8049998668326088e-13,2,"[0.0034106547169132223, -0.0027907353417557478, 0.17944444444444446, 1.0, 1]",0.0
0.1798722222222222,0,-2.7528586035039694e-05,-7.471457214886371e-08,-1.7158301387364073e-13,2,"[0.003367812394161899, -0.0027296242306446387, 0.1798722222222222, 1.0, 1]",0.0
0.18030000000000002,0,-2.702652619278995e-05,-7.284478291946668e-08,-1.6301285455882178e-13,2,"[0.0033251164664723012, -0.0026685131195335263, 0.18030000000000002, 1.0, 1]",0.0
0.18072777777777776,0,-2.6526499615286557e-05,-7.100181704420756e-08,-1.5477947554700413e-13,2,"[0.00328256693384444, -0.0026074020084224173, 0.18072777777777776, 1.0, 1]",0.0
0.18115555555555557,0,-2.602850630252946e-05,-6.918551796170156e-08,-1.4687304337019945e-13,2,"[0.0032401637962782975, -0.002546290897311305, 0.18115555555555557, 1.0, 1]",0.0
0.18158333333333337,0,-2.5532546254518384e-05,-6.739572911056203e-08,-1.392839218370609e-13,2,"[0.003197907053773888, -0.002485179786200189, 0.18158333333333337, 1.0, 1]",0.0
0.18201111111111112,0,-2.5038619471253712e-05,-6.563229392940482e-08,-1.3200266959973352e-13,2,"[0.003155796706331211, -0.00242406867508908, 0.18201111111111112, 1.0, 1]",0.0
0.18243888888888893,0,-2.4546725952735173e-05,-6.389505585684334e-08,-1.2502003773465926e-13,2,"[0.0031138327539502533, -0.0023629575639779674, 0.18243888888888893, 1.0, 1]",0.0
0.18286666666666668,0,-2.4056865698962875e-05,-6.218385833149305e-08,-1.1832696733741298e-13,2,"[0.0030720151966310352, -0.0023018464528668584, 0.18286666666666668, 1.0, 1]",0.0
0.18329444444444448,0,-2.3569038709936763e-05,-6.049854479196812e-08,-1.1191458713150043e-13,2,"[0.003030344034373536, -0.002240735341755746, 0.18329444444444448, 1.0, 1]",0.0
0.18372222222222223,0,-2.3083244985656946e-05,-5.883895867688274e-08,-1.057742110911673e-13,2,"[0.0029888192671777697, -0.002179624230644637, 0.18372222222222223, 1.0, 1]",0.0
0.18415000000000004,0,-2.2599484526123316e-05,-5.720494342485216e-08,-9.989733607819793e-14,2,"[0.002947440895043729, -0.002118513119533521, 0.18415000000000004, 1.0, 1]",0.0
0.18457777777777779,0,-2.211775733133598e-05,-5.559634247449039e-08,-9.427563949269767e-14,2,"[0.0029062089179714215, -0.0020574020084224154, 0.18457777777777779, 1.0, 1]",0.0
0.1850055555555556,0,-2.163806340129478e-05,-5.4012999264412e-08,-8.890097693787959e-14,2,"[0.0028651233359608327, -0.0019962908973112994, 0.1850055555555556, 1.0, 1]",0.0
0.18543333333333334,0,-2.1160402735999925e-05,-5.245475723323178e-08,-8.376537989883868e-14,2,"[0.0028241841490119907, -0.001935179786200194, 0.18543333333333334, 1.0, 1]",0.0
0.18586111111111114,0,-2.0684775335451204e-05,-5.092145981956373e-08,-7.886105343531499e-14,2,"[0.0027833913571248606, -0.001874068675089078, 0.18586111111111114, 1.0, 1]",0.0
0.1862888888888889,0,-2.0211181199648724e-05,-4.941295046202329e-08,-7.418037388846086e-14,2,"[0.0027427449602994633, -0.0018129575639779724, 0.1862888888888889, 1.0, 1]",0.0
0.1867166666666667,0,-1.9739620328592484e-05,-4.792907259922404e-08,-6.971588660158365e-14,2,"[0.002702244958535792, -0.0017518464528668565, 0.1867166666666667, 1.0, 1]",0.0
0.18714444444444445,0,-1.927009272228254e-05,-4.646966966978168e-08,-6.546030365490216e-14,2,"[0.0026618913518338602, -0.001690735341755751, 0.18714444444444445, 1.0, 1]",0.0
0.18757222222222225,0,-1.8802598380718728e-05,-4.503458511230959e-08,-6.14065016142726e-14,2,"[0.0026216841401936405, -0.001629624230644635, 0.18757222222222225, 1.0, 1]",0.0
0.188,0,-1.8337137303901156e-05,-4.3623662365422804e-08,-5.754751929393016e-14,2,"[0.0025816233236151606, -0.001568513119533526, 0.188, 1.0, 1]",0.0
0.1884277777777778,0,-1.787370949182977e-05,-4.2236744867735876e-08,-5.387655553320655e-14,2,"[0.0025417089020984066, -0.0015074020084224135, 0.1884277777777778, 1.0, 1]",0.0
0.18885555555555555,0,-1.7412314944504682e-05,-4.087367605786331e-08,-5.0386966987247575e-14,2,"[0.0025019408756433784, -0.0014462908973113045, 0.18885555555555555, 1.0, 1]",0.0
0.18928333333333336,0,-1.695295366192578e-05,-3.953429937441954e-08,-4.707226593172169e-14,2,"[0.002462319244250083, -0.001385179786200192, 0.18928333333333336, 1.0, 1]",0.0
0.1897111111111111,0,-1.6495625644093225e-05,-3.821845825601953e-08,-4.392611808152333e-14,2,"[0.0024228440079185135, -0.001324068675089083, 0.1897111111111111, 1.0, 1]",0.0
0.1901388888888889,0,-1.6040330891006695e-05,-3.6925996141276924e-08,-4.0942340423462675e-14,2,"[0.002383515166648663, -0.001262957563977967, 0.1901388888888889, 1.0, 1]",0.0
0.19056666666666666,0,-1.5587069402666514e-05,-3.5656756468807466e-08,-3.8114899062960796e-14,2,"[0.002344332720440559, -0.0012018464528668615, 0.19056666666666666, 1.0, 1]",0.0
0.19099444444444447,0,-1.5135841179072683e-05,-3.441058267722453e-08,-3.543790708471945e-14,2,"[0.002305296669294174, -0.0011407353417557456, 0.19099444444444447, 1.0, 1]",0.0
0.19142222222222222,0,-1.4686646220224875e-05,-3.318731820514345e-08,-3.2905622427402385e-14,2,"[0.002266407013209515, -0.00107962423064464, 0.19142222222222222, 1.0, 1]",0.0
0.19185000000000002,0,-1.4239484526123362e-05,-3.1986806491178615e-08,-3.051244577229531e-14,2,"[0.0022276637521865886, -0.001018513119533524, 0.19185000000000002, 1.0, 1]",0.0
0.19227777777777777,0,-1.3794356096768145e-05,-3.080889097394444e-08,-2.8252918445965323e-14,2,"[0.002189066886225395, -0.0009574020084224186, 0.19227777777777777, 1.0, 1]",0.0
0.19270555555555557,0,-1.3351260932159006e-05,-2.965341509205539e-08,-2.612172033691156e-14,2,"[0.0021506164153259136, -0.0008962908973113026, 0.19270555555555557, 1.0, 1]",0.0
0.19313333333333332,0,-1.291019903229627e-05,-2.8520222284126248e-08,-2.4113667826209456e-14,2,"[0.0021123123394881788, -0.0008351797862001971, 0.19313333333333332, 1.0, 1]",0.0
0.19356111111111113,0,-1.2471170397179558e-05,-2.740915598877102e-08,-2.2223711732144384e-14,2,"[0.002074154658712163, -0.0007740686750890811, 0.19356111111111113, 1.0, 1]",0.0
0.19398888888888888,0,-1.2034175026809303e-05,-2.6320059644605075e-08,-2.0446935268844563e-14,2,"[0.002036143372997873, -0.0007129575639779721, 0.19398888888888888, 1.0, 1]",0.0
0.19441666666666668,0,-1.1599212921185073e-05,-2.525277669024214e-08,-1.8778552018897253e-14,2,"[0.0019982784823453226, -0.0006518464528668597, 0.19441666666666668, 1.0, 1]",0.0
0.1948444444444445,0,-1.1166284080307192e-05,-2.4207150564297384e-08,-1.7213903919968276e-14,2,"[0.0019605599867544843, -0.0005907353417557437, 0.1948444444444445, 1.0, 1]",0.0
0.19527222222222224,0,-1.0735388504175443e-05,-2.3183024705384915e-08,-1.574845926540487e-14,2,"[0.0019229878862253857, -0.0005296242306446382, 0.19527222222222224, 1.0, 1]",0.0
0.19570000000000004,0,-1.0306526192790043e-05,-2.218024255211968e-08,-1.4377810718838324e-14,2,"[0.001885562180758013, -0.00046851311953352223, 0.19570000000000004, 1.0, 1]",0.0
0.1961277777777778,0,-9.87969714615083e-06,-2.1198647543115967e-08,-1.3097673342774174e-14,2,"[0.0018482828703523732, -0.0004074020084224132, 0.1961277777777778, 1.0, 1]",0.0
0.1965555555555556,0,-9.45490136425775e-06,-2.023808311698799e-08,-1.1903882641178303e-14,2,"[0.0018111499550084592, -0.00034629089731130075, 0.1965555555555556, 1.0, 1]",0.0
0.19698333333333334,0,-9.032138847111073e-06,-1.9298392712351166e-08,-1.0792392616056184e-14,2,"[0.001774163434726271, -0.00028517978620019174, 0.19698333333333334, 1.0, 1]",0.0
0.19741111111111115,0,-8.61140959471042e-06,-1.8379419767819035e-08,-9.759273838019826e-15,2,"[0.0017373233095058088, -0.00022406867508907927, 0.19741111111111115, 1.0, 1]",0.0
0.1978388888888889,0,-8.19271360705617e-06,-1.7481007722006998e-08,-8.800711530855413e-15,2,"[0.0017006295793470863, -0.00016295756397797026, 0.1978388888888889, 1.0, 1]",0.0
0.1982666666666667,0,-7.776050884147998e-06,-1.660300001352875e-08,-7.913003670075311e-15,2,"[0.0016640822442500758, -0.00010184645286685431, 0.1982666666666667, 1.0, 1]",0.0
0.19869444444444445,0,-7.3614214259861755e-06,-1.574524008099979e-08,-7.092559095470451e-15,2,"[0.001627681304214812, -4.073534175574878e-05, 0.19869444444444445, 1.0, 1]",0.0
0.19912222222222226,0,-6.9488252325704855e-06,-1.490757136303396e-08,-6.335895637648379e-15,2,"[0.00159142675924126, 2.0375769355367168e-05, 0.19912222222222226, 1.0, 1]",0.0
0.19955,0,-6.5382623039010905e-06,-1.4089837298245742e-08,-5.639638258569667e-15,2,"[0.001555318609329448, 8.14868804664727e-05, 0.19955, 1.0, 1]",0.0
0.1999777777777778,0,-6.1297326399779905e-06,-1.3291881325250238e-08,-5.0005172060745634e-15,2,"[0.0015193568544793618, 0.00014259799157758865, 0.1999777777777778, 1.0, 1]",0.0
0.2,0,-6.108565875329779e-06,-1.3250966544237316e-08,-4.968817639665216e-15,2,"[0.0015174927113702635, 0.00014577259475218735, 0.2, 1.0, 1]",0.0
0.20016,0,-5.956327145171083e-06,-1.295794123764477e-08,-4.744840090301806e-15,2,"[0.001504082543206997, 0.00016862973760933125, 0.20016, 1.0, 1]",0.0
0.20032,0,-5.80437285945673e-06,-1.2667651563693385e-08,-4.5282273375379205e-15,2,"[0.001490692855043732, 0.0001914868804664717, 0.20032, 1.0, 1]",0.0
0.20040555555555556,0,-5.723236240800969e-06,-1.2513546882661914e-08,-4.415366182401606e-15,2,"[0.0014835414946910014, 0.0002037091026886942, 0.20040555555555556, 1.0, 1]",0.0
0.20048000000000002,0,-5.652703018186884e-06,-1.2380089330382919e-08,-4.3188196295189174e-15,2,"[0.0014773236468804685, 0.00021434402332361907, 0.20048000000000002, 1.0, 1]",0.0
0.20064,0,-5.50131762136149e-06,-1.2095246345713613e-08,-4.116459175201382e-15,2,"[0.0014639749187172063, 0.0002372011661807595, 0.20064, 1.0, 1]",0.0
0.2008,0,-5.350216668980603e-06,-1.1813114417685108e-08,-3.92099013120081e-15,2,"[0.0014506466705539456, 0.0002600583090379034, 0.2008, 1.0, 1]",0.0
0.20083333333333336,0,-5.318773106370296e-06,-1.1754677409094545e-08,-3.88112052670013e-15,2,"[0.0014478725299643669, 0.00026482021379981013, 0.20083333333333336, 1.0, 1]",0.0
0.20096,0,-5.19940016104406e-06,-1.1533685354297409e-08,-3.732258588678897e-15,2,"[0.0014373389023906724, 0.00028291545189504386, 0.20096, 1.0, 1]",0.0
0.20112000000000002,0,-5.048868097551969e-06,-1.1256950963550735e-08,-3.5501125602684517e-15,2,"[0.0014240516142274076, 0.00030577259475219123, 0.20112000000000002, 1.0, 1]",0.0
0.2012611111111111,0,-4.91634323668581e-06,-1.1015116343163645e-08,-3.3948154115367774e-15,2,"[0.0014123499602994721, 0.00032593132491091567, 0.2012611111111111, 1.0, 1]",0.0
0.20128000000000001,0,-4.89862047850433e-06,-1.098290305344523e-08,-3.3744019670364778e-15,2,"[0.0014107848060641373, 0.0003286297376093317, 0.20128000000000001, 1.0, 1]",0.0
0.20144,0,-4.748657303901144e-06,-1.0711533431980646e-08,-3.204978625485611e-15,2,"[0.0013975384779008754, 0.0003514868804664721, 0.20144, 1.0, 1]",0.0
0.2016,0,-4.59897857374241e-06,-1.0442833907157112e-08,-3.0416962345945e-15,2,"[0.0013843126297376149, 0.000374344023323616, 0.2016, 1.0, 1]",0.0
0.20168888888888892,0,-4.5159466317475105e-06,-1.0294707123482812e-08,-2.9535840533909456e-15,2,"[0.0013769737856962894, 0.0003870424360220316, 0.20168888888888892, 1.0, 1]",0.0
0.20176000000000002,0,-4.449584288028182e-06,-1.0176796286974357e-08,-2.8844103628955887e-15,2,"[0.001371107261574342, 0.00039720116618075993, 0.20176000000000002, 1.0, 1]",0.0
0.20192000000000002,0,-4.300474446758298e-06,-9.913412379432427e-09,-2.7329784355920464e-15,2,"[0.0013579223734110774, 0.00042005830903790384, 0.20192000000000002, 1.0, 1]",0.0
0.20208,0,-4.1516490499328125e-06,-9.652673992531761e-09,-2.587259721712665e-15,2,"[0.0013447579652478142, 0.0004429154518950443, 0.20208, 1.0, 1]",0.0
0.20211666666666667,0,-4.117583291555506e-06,-9.59329318866753e-09,-2.5546559371475945e-15,2,"[0.0013417440061548463, 0.0004481535471331406, 0.20211666666666667, 1.0, 1]",0.0
0.20224,0,-4.003108097551888e-06,-9.394572934272017e-09,-2.4471153213043814e-15,2,"[0.0013316140370845525, 0.0004657725947521882, 0.20224, 1.0, 1]",0.0
0.20240000000000002,0,-3.854851589615469e-06,-9.139101012653186e-09,-2.3124081526643382e-15,2,"[0.0013184905889212853, 0.0004886297376093321, 0.20240000000000002, 1.0, 1]",0.0
0.20254444444444447,0,-3.7212532161095798e-06,-8.910717977331842e-09,-2.195355054578457e-15,2,"[0.0013066606216751292, 0.0005092646582442531, 0.20254444444444447, 1.0, 1]",0.0
0.20256000000000002,0,-3.706879526123286e-06,-8.886250035675299e-09,-2.183002939609501e-15,2,"[0.0013053876207580195, 0.000511486880466476, 0.20256000000000002, 1.0, 1]",0.0
0.20272,0,-3.559191907075718e-06,-8.636011811338212e-09,-2.058766198784682e-15,2,"[0.0012923051325947552, 0.0005343440233236164, 0.20272, 1.0, 1]",0.0
0.20288,0,-3.411788732472548e-06,-8.388378147642498e-09,-1.939566227009301e-15,2,"[0.0012792431244314922, 0.0005572011661807603, 0.20288, 1.0, 1]",0.0
0.20297222222222222,0,-3.326956405410057e-06,-8.246824928090105e-09,-1.8730981568190524e-15,2,"[0.001271723632257138, 0.0005703757693553621, 0.20297222222222222, 1.0, 1]",0.0
0.20304,0,-3.2646700023138304e-06,-8.143340852587483e-09,-1.825273088661219e-15,2,"[0.0012662015962682238, 0.0005800583090379008, 0.20304, 1.0, 1]",0.0
0.20320000000000002,0,-3.117835716599511e-06,-7.900891734173494e-09,-1.7157586031007871e-15,2,"[0.0012531805481049568, 0.0006029154518950482, 0.20320000000000002, 1.0, 1]",0.0
0.20336,0,-2.9712858753296436e-06,-7.661022600400548e-09,-1.6108963321315726e-15,2,"[0.0012401799799416913, 0.0006257725947521886, 0.20336, 1.0, 1]",0.0
0.20340000000000003,0,-2.9346928594566665e-06,-7.601457479557384e-09,-1.5853930208373632e-15,2,"[0.0012369330379008725, 0.0006314868804664746, 0.20340000000000003, 1.0, 1]",0.0
0.20352,0,-2.8250204785042828e-06,-7.42372525926831e-09,-1.510561567499999e-15,2,"[0.0012271998917784271, 0.000648629737609329, 0.20352, 1.0, 1]",0.0
0.20368,0,-2.6790395261233743e-06,-7.188991518777213e-09,-1.4146313184337494e-15,2,"[0.0012142402836151645, 0.000671486880466473, 0.20368, 1.0, 1]",0.0
0.20382777777777777,0,-2.544462578249571e-06,-6.9744590703479135e-09,-1.3298367298945361e-15,2,"[0.0012022888386063468, 0.0006925979915775836, 0.20382777777777777, 1.0, 1]",0.0
0.20384000000000002,0,-2.5333430181868097e-06,-6.95681318692715e-09,-1.3229842992174895e-15,2,"[0.0012013011554518963, 0.0006943440233236169, 0.20384000000000002, 1.0, 1]",0.0
0.20400000000000001,0,-2.3879309546947516e-06,-6.727182071718119e-09,-1.2355009168077121e-15,2,"[0.0011883825072886295, 0.0007172011661807608, 0.20400000000000001, 1.0, 1]",0.0
0.20416,0,-2.2428033356471457e-06,-6.500089981149907e-09,-1.1520632584854877e-15,2,"[0.0011754843391253642, 0.0007400583090379012, 0.20416, 1.0, 1]",0.0
0.20425555555555558,0,-2.156265561788608e-06,-6.3656731390760996e-09,-1.1041139679994126e-15,2,"[0.00116779103437354, 0.0007537091026886995, 0.20425555555555558, 1.0, 1]",0.0
0.20432,0,-2.0979601610439922e-06,-6.275528723222512e-09,-1.072555079547816e-15,2,"[0.0011626066509621003, 0.0007629154518950451, 0.20432, 1.0, 1]",0.0
0.20448000000000002,0,-1.9534014308852368e-06,-6.0534901059362505e-09,-9.968617910371476e-16,2,"[0.0011497494427988308, 0.000785772594752189, 0.20448000000000002, 1.0, 1]",0.0
0.20464000000000002,0,-1.8091271451709337e-06,-5.833965937291028e-09,-9.248704475089462e-16,2,"[0.0011369127146355698, 0.0008086297376093329, 0.20464000000000002, 1.0, 1]",0.0
0.20468333333333333,0,-1.7701018100739398e-06,-5.774943124356625e-09,-9.059953283553368e-16,2,"[0.0011334396252024592, 0.0008148202137998051, 0.20468333333333333, 1.0, 1]",0.0
0.2048,0,-1.6651373039010828e-06,-5.6169480252867375e-09,-8.564697348379513e-16,2,"[0.0011240964664722963, 0.0008314868804664734, 0.2048, 1.0, 1]",0.0
0.20496,0,-1.5214319070757385e-06,-5.40242817792347e-09,-7.915499580626717e-16,2,"[0.0011113006983090382, 0.0008543440233236173, 0.20496, 1.0, 1]",0.0
0.20511111111111113,0,-1.3859713231055668e-06,-5.202112464804e-09,-7.333356357994877e-16,2,"[0.0010992346110931112, 0.000875931324910921, 0.20511111111111113, 1.0, 1]",0.0
0.20512000000000002,0,-1.378010954694738e-06,-5.190398203201124e-09,-7.30003029268003e-16,2,"[0.0010985254101457745, 0.0008772011661807612, 0.20512000000000002, 1.0, 1]",0.0
0.20528000000000002,0,-1.234874446758244e-06,-4.980849909119399e-09,-6.717224555062904e-16,2,"[0.0010857706019825053, 0.0009000583090379051, 0.20528000000000002, 1.0, 1]",0.0
0.20544,0,-1.0920223832662024e-06,-4.7737751036791196e-09,-6.166033267570366e-16,2,"[0.0010730362738192445, 0.0009229154518950455, 0.20544, 1.0, 1]",0.0
0.20553888888888888,0,-1.0038741008832719e-06,-4.647024599032999e-09,-5.840722832352487e-16,2,"[0.0010651759920455028, 0.0009370424360220266, 0.20553888888888888, 1.0, 1]",0.0
0.2056,0,-9.494547642185588e-07,-4.569165594879663e-09,-5.645423039238781e-16,2,"[0.0010603224256559712, 0.000945772594752186, 0.2056, 1.0, 1]",0.0
0.20576,0,-8.071715896154218e-07,-4.367013190721236e-09,-5.154376068711812e-16,2,"[0.0010476290574927133, 0.0009686297376093299, 0.20576, 1.0, 1]",0.0
0.20592000000000002,0,-6.651728594566286e-07,-4.167309699203634e-09,-4.691890024980066e-16,2,"[0.001034956169329443, 0.0009914868804664738, 0.20592000000000002, 1.0, 1]",0.0
0.2059666666666667,0,-6.238101434073804e-07,-4.1095229656579345e-09,-4.562235820569582e-16,2,"[0.0010312637680596065, 0.0009981535471331425, 0.2059666666666667, 1.0, 1]",0.0
0.20608,0,-5.234585737423961e-07,-3.970046928326861e-09,-4.2569779285086645e-16,2,"[0.001022303761166174, 0.0010143440233236177, 0.20608, 1.0, 1]",0.0
0.20624,0,-3.8202873247256174e-07,-3.7752166860913165e-09,-3.848668032746602e-16,2,"[0.0010096718330029203, 0.0010372011661807581, 0.20624, 1.0, 1]",0.0
0.20639444444444444,0,-2.457794506775671e-07,-3.5894510032933544e-09,-3.4788712656777777e-16,2,"[0.00099749793913545, 0.001059264658244248, 0.20639444444444444, 1.0, 1]",0.0
0.2064,0,-2.4088333564717965e-07,-3.5828107804968007e-09,-3.4660037060168254e-16,2,"[0.0009970603848396542, 0.001060058309037902, 0.2064, 1.0, 1]",0.0
0.20656000000000002,0,-1.0002238326619565e-07,-3.392821019543108e-09,-3.1080433137929376e-16,2,"[0.0009844694166763895, 0.001082915451895046, 0.20656000000000002, 1.0, 1]",0.0
0.20672000000000001,0,4.055412467028185e-08,-3.2052392112304477e-09,-2.773860101358329e-16,2,"[0.0009718989285131263, 0.0011057725947521899, 0.20672000000000001, 1.0, 1]",0.0
0.20682222222222224,0,1.302179773059512e-07,-3.0866521505539965e-09,-2.5723817239003925e-16,2,"[0.0009638785052730123, 0.001120375769355364, 0.20682222222222224, 1.0, 1]",0.0
0.20688,0,1.8084618816230705e-07,-3.020057163558618e-09,-2.4625420768461267e-16,2,"[0.0009593489203498506, 0.0011286297376093303, 0.20688, 1.0, 1]",0.0
0.20704,0,3.2085380720998837e-07,-2.83726668452782e-09,-2.173191894665256e-16,2,"[0.0009468193921865903, 0.0011514868804664742, 0.20704, 1.0, 1]",0.0
0.20720000000000002,0,4.60576981813109e-07,-2.6568595821380407e-09,-1.9049267393070548e-16,2,"[0.0009343103440233175, 0.0011743440233236181, 0.20720000000000002, 1.0, 1]",0.0
0.20725,0,5.041821405432829e-07,-2.600969846053819e-09,-1.825280288681895e-16,2,"[0.0009304054664723005, 0.0011814868804664695, 0.20725, 1.0, 1]",0.0
0.20736000000000002,0,6.000157119718857e-07,-2.4788276643891946e-09,-1.656878209536381e-16,2,"[0.00092182177586006, 0.001197201166180762, 0.20736000000000002, 1.0, 1]",0.0
0.20752,0,7.391699976861017e-07,-2.303162739281374e-09,-1.4281922029658674e-16,2,"[0.00090935368769679, 0.0012200583090379025, 0.20752, 1.0, 1]",0.0
0.2076777777777778,0,8.761130390343738e-07,-2.132247528408225e-09,-1.220824654649729e-16,2,"[0.0008970788227333285, 0.0012425979915775855, 0.2076777777777778, 1.0, 1]",0.0
0.20768,0,8.780398389559739e-07,-2.1298566148143884e-09,-1.2180288010123053e-16,2,"[0.0008969060795335285, 0.001242915451895043, 0.20768, 1.0, 1]",0.0
0.20784000000000002,0,1.0166252357813937e-06,-1.9589010989886136e-09,-1.0255621542377934e-16,2,"[0.0008844789513702683, 0.0012657725947521903, 0.20784000000000002, 1.0, 1]",0.0
0.20800000000000002,0,1.1549261881623613e-06,-1.7902879998035862e-09,-8.499803680713214e-17,2,"[0.0008720723032069957, 0.0012886297376093307, 0.20800000000000002, 1.0, 1]",0.0
0.20810555555555554,0,1.246010672779224e-06,-1.6803286362310929e-09,-7.430013214952528e-17,2,"[0.0008638985740560823, 0.0013037091026886945, 0.20810555555555554, 1.0, 1]",0.0
0.20816,0,1.2929426960988765e-06,-1.6240091252595806e-09,-6.904853889168442e-17,2,"[0.0008596861350437385, 0.0013114868804664746, 0.20816, 1.0, 1]",0.0
0.20832,0,1.4306747595908853e-06,-1.4600562833565988e-09,-5.4629289064156705e-17,2,"[0.0008473204468804618, 0.001334344023323615, 0.20832, 1.0, 1]",0.0
0.20848,0,1.568122378638496e-06,-1.298421282094364e-09,-4.1663216144855937e-17,2,"[0.0008349752387172005, 0.001357201166180759, 0.20848, 1.0, 1]",0.0
0.20853333333333335,0,1.6138750417778874e-06,-1.2450566081371473e-09,-3.765099377898398e-17,2,"[0.000830864720440555, 0.001364820213799807, 0.20853333333333335, 1.0, 1]",0.0
0.20864000000000002,0,1.7052855532417085e-06,-1.1390959294733353e-09,-3.007459911331233e-17,2,"[0.0008226505105539406, 0.0013800583090379029, 0.20864000000000002, 1.0, 1]",0.0
0.2088,0,1.8421642834004145e-06,-9.820720334932394e-10,-1.978905587204169e-17,2,"[0.0008103462623906682, 0.0014029154518950468, 0.2088, 1.0, 1]",0.0
0.20896,0,1.9787585691147225e-06,-8.273414021539847e-10,-1.0733532048795617e-17,2,"[0.0007980624942274112, 0.0014257725947521872, 0.20896, 1.0, 1]",0.0
0.20896111111111115,0,1.9797061460303644e-06,-8.262748827409359e-10,-1.0674778472323909e-17,2,"[0.0007979772618867675, 0.001425931324910923, 0.20896111111111115, 1.0, 1]",0.0
0.20912,0,2.115068410384524e-06,-6.748958434559326e-10,-2.8362898370588213e-18,2,"[0.0007857992060641417, 0.0014486297376093311, 0.20912, 1.0, 1]",0.0
0.2091836734694,0,2.169235040965585e-06,-6.148625399417963e-10,5.283534579673722e-28,2,"[0.0007809246147429186, 0.0014577259475236151, 0.2091836734694, 1.0, 1]",0.0
0.20928000000000002,0,2.2510938072099274e-06,-5.247271653986328e-10,3.97310312520868e-18,2,"[0.0007735563979008736, 0.001471486880466475, 0.20928000000000002, 1.0, 1]",0.0
0.2093888888888889,0,2.343503985536492e-06,-4.238268986572677e-10,8.020560022906434e-18,2,"[0.0007652361983947059, 0.0014870424360220284, 0.2093888888888889, 1.0, 1]",0.0
0.20944000000000002,0,2.3868347595909327e-06,-3.768271759824438e-10,9.763784838390852e-18,2,"[0.000761334069737607, 0.001494344023323619, 0.20944000000000002, 1.0, 1]",0.0
0.2096,0,2.5222912675273773e-06,-2.3118768320701078e-10,1.460360998584366e-17,2,"[0.0007491322215743418, 0.0015172011661807594, 0.2096, 1.0, 1]",0.0
0.20976,0,2.6574633310194238e-06,-8.780049507268757e-11,1.855916094013753e-17,2,"[0.000736950853411078, 0.0015400583090378998, 0.20976, 1.0, 1]",0.0
0.2098166666666667,0,2.705268560296379e-06,-3.7556094500318834e-11,1.9760365971197446e-17,2,"[0.0007326415299643632, 0.0015481535471331444, 0.2098166666666667, 1.0, 1]",0.0
0.20992,0,2.792350950067018e-06,5.3342580420528545e-11,2.1695758731031032e-17,2,"[0.0007247899652478157, 0.0015629154518950437, 0.20992, 1.0, 1]",0.0
0.21008000000000002,0,2.9269541246702683e-06,1.922497352729856e-10,2.4077473975113144e-17,2,"[0.0007126495570845479, 0.0015857725947521877, 0.21008000000000002, 1.0, 1]",0.0
0.21024,0,3.061272854828958e-06,3.289291614843364e-10,2.5767137767135658e-17,2,"[0.0007005296289212815, 0.0016086297376093316, 0.21024, 1.0, 1]",0.0
0.21024444444444446,0,3.0649998703101335e-06,3.32694091115449e-10,2.5804791296888162e-17,2,"[0.0007001932565957603, 0.0016092646582442534, 0.21024444444444446, 1.0, 1]",0.0
0.2104,0,3.1953071405432494e-06,4.633890510549247e-10,2.6826352533050203e-17,2,"[0.0006884301807580165, 0.001631486880466472, 0.2104, 1.0, 1]",0.0
0.21056000000000002,0,3.329056981813143e-06,5.956375959844913e-10,2.7315502844729875e-17,2,"[0.000676351212594753, 0.0016543440233236194, 0.21056000000000002, 1.0, 1]",0.0
0.21067222222222226,0,3.422697915577593e-06,6.870802195749794e-10,2.7350291239339512e-17,2,"[0.0006678913782888832, 0.0016703757693553659, 0.21067222222222226, 1.0, 1]",0.0
0.21072000000000002,0,3.46252237863853e-06,7.25682988272955e-10,2.729376619636844e-17,2,"[0.0006642927244314839, 0.0016772011661807598, 0.21072000000000002, 1.0, 1]",0.0
0.21088,0,3.5957033310194645e-06,8.535334199204013e-10,2.681912374258172e-17,2,"[0.0006522547162682232, 0.0017000583090379037, 0.21088, 1.0, 1]",0.0
0.21104,0,3.728599838955947e-06,9.791970829269142e-10,2.5948370998192143e-17,2,"[0.000640237188104964, 0.0017229154518950442, 0.21104, 1.0, 1]",0.0
0.2111,0,3.778362696098812e-06,1.0257588522641638e-09,2.55311060153361e-17,2,"[0.000635735895043732, 0.0017314868804664749, 0.2111, 1.0, 1]",0.0
0.2112,0,3.8612119024481395e-06,1.10268216929274e-09,2.4737128499706325e-17,2,"[0.0006282401399416854, 0.001745772594752188, 0.2112, 1.0, 1]",0.0
0.21136000000000002,0,3.993539521495663e-06,1.2239968710173823e-09,2.3239852428506588e-17,2,"[0.0006162635717784221, 0.001768629737609332, 0.21136000000000002, 1.0, 1]",0.0
0.21152,0,4.1255826960987885e-06,1.3431493801010078e-09,2.150984519568366e-17,2,"[0.0006043074836151602, 0.0017914868804664759, 0.21152, 1.0, 1]",0.0
0.21152777777777781,0,4.131994211873898e-06,1.3488865505684512e-09,2.142072848880171e-17,2,"[0.0006037268068603135, 0.0017925979915775873, 0.21152777777777781, 1.0, 1]",0.0
0.21168,0,4.257341426257624e-06,1.4601478885436177e-09,1.9599265988594653e-17,2,"[0.0005923718754518997, 0.0018143440233236163, 0.21168, 1.0, 1]",0.0
0.21184,0,4.388815711971899e-06,1.575000588345373e-09,1.7559141279063808e-17,2,"[0.0005804567472886338, 0.0018372011661807568, 0.21184, 1.0, 1]",0.0
0.21195555555555556,0,4.4835924629026895e-06,1.6566198758731427e-09,1.603335784777909e-17,2,"[0.000571864113738621, 0.0018537091026886963, 0.21195555555555556, 1.0, 1]",0.0
0.21200000000000002,0,4.520005553241668e-06,1.6877156715061896e-09,1.5439375293378997e-17,2,"[0.0005685620991253693, 0.0018600583090379041, 0.21200000000000002, 1.0, 1]",0.0
0.21216000000000002,0,4.650910950067147e-06,1.7983013300261505e-09,1.3288760443872227e-17,2,"[0.0005566879309620992, 0.0018829154518950446, 0.21216000000000002, 1.0, 1]",0.0
0.21232,0,4.781531902448119e-06,1.906765755904862e-09,1.1154987722250992e-17,2,"[0.0005448342427988306, 0.0019057725947521885, 0.21232, 1.0, 1]",0.0
0.21238333333333337,0,4.833157449185294e-06,1.94911538956377e-09,1.0325339288690581e-17,2,"[0.0005401478156786474, 0.0019148202137998123, 0.21238333333333337, 1.0, 1]",0.0
0.21248,0,4.911868410384639e-06,2.0131171411427135e-09,9.08465705451578e-18,2,"[0.0005330010346355704, 0.001928629737609329, 0.21248, 1.0, 1]",0.0
0.21264,0,5.041920473876653e-06,2.117363677739628e-09,7.123287617744472e-18,2,"[0.0005211883064722977, 0.0019514868804664728, 0.21264, 1.0, 1]",0.0
0.21280000000000002,0,5.1716880929243226e-06,2.2195135576956023e-09,5.315328118442602e-18,2,"[0.0005093960583090335, 0.0019743440233236167, 0.21280000000000002, 1.0, 1]",0.0
0.21281111111111112,0,5.180689170721604e-06,2.2265296530257262e-09,5.196589707881837e-18,2,"[0.0005085779126804135, 0.001975931324910918, 0.21281111111111112, 1.0, 1]",0.0
0.21296,0,5.301171267527486e-06,2.319574973010642e-09,3.704167032575587e-18,2,"[0.0004976242901457706, 0.0019972011661807607, 0.21296, 1.0, 1]",0.0
0.21312,0,5.430369997686197e-06,2.4175561156846667e-09,2.3321428073799616e-18,2,"[0.00048587300198250916, 0.002020058309037901, 0.21312, 1.0, 1]",0.0
0.21323888888888892,0,5.526187627511781e-06,2.4890192276446105e-09,1.4920094004442733e-18,2,"[0.00047715440474391246, 0.0020370424360220338, 0.21323888888888892, 1.0, 1]",0.0
0.21328,0,5.559284283400455e-06,2.513465177717678e-09,1.2405540247698136e-18,2,"[0.00047414219381924916, 0.002042915451895045, 0.21328, 1.0, 1]",0.0
0.21344000000000002,0,5.687914124670316e-06,2.607310351109752e-09,4.696695264823427e-19,2,"[0.0004624318656559767, 0.002065772594752189, 0.21344000000000002, 1.0, 1]",0.0
0.2136,0,5.816259521495724e-06,2.699099827860813e-09,5.873850092128631e-20,2,"[0.00045074201749271264, 0.002088629737609333, 0.2136, 1.0, 1]",0.0
0.21366666666666667,0,5.869652819555664e-06,2.7367406748055973e-09,2.8797663534506296e-21,2,"[0.0004458772918691234, 0.0020981535471331393, 0.21366666666666667, 1.0, 1]",0.0
0.2136854741897,0,5.884706823925398e-06,2.7472954360106987e-09,1.1364527415840201e-29,2,"[0.00044450553330400294, 0.0021008403361378984, 0.2136854741897, 1.0, 1]",0.0
0.21376,0,5.94432047387668e-06,2.7888417999710104e-09,4.600053163639005e-20,2,"[0.00043907264932945, 0.0021114868804664733, 0.21376, 1.0, 1]",0.0
0.21392,0,6.072096981813129e-06,2.8765444594401944e-09,4.686956075955333e-19,2,"[0.00042742376116618186, 0.0021343440233236137, 0.21392, 1.0, 1]",0.0
0.21408000000000002,0,6.199589045305235e-06,2.9622159982683624e-09,1.3630740950484257e-18,2,"[0.00041579535300291515, 0.002157201166180761, 0.21408000000000002, 1.0, 1]",0.0
0.21409444444444448,0,6.2110847468533595e-06,2.969850555894429e-09,1.4682470237741597e-18,2,"[0.00041474657405607407, 0.0021592646582442553, 0.21409444444444448, 1.0, 1]",0.0
0.21424,0,6.326796664352888e-06,3.0458646084555956e-09,2.764406671066553e-18,2,"[0.00040418742483964987, 0.0021800583090379015, 0.21424, 1.0, 1]",0.0
0.2144,0,6.453719838955981e-06,3.127498482001819e-09,4.706994218887267e-18,2,"[0.000392599976676386, 0.0022029154518950454, 0.2144, 1.0, 1]",0.0
0.21452222222222223,0,6.55048340940476e-06,3.1885054322965796e-09,6.576291929790016e-18,2,"[0.00038376225130475755, 0.002220375769355361, 0.21452222222222223, 1.0, 1]",0.0
0.21456,0,6.5803585691147294e-06,3.20712581090725e-09,7.224177684848386e-18,2,"[0.0003810330085131236, 0.002225772594752186, 0.21456, 1.0, 1]",0.0
0.21472000000000002,0,6.70671285482908e-06,3.2847547871715877e-09,1.0348347897110915e-17,2,"[0.00036948652034984875, 0.0022486297376093332, 0.21472000000000002, 1.0, 1]",0.0
0.21488000000000002,0,6.83278269609887e-06,3.3603936027949206e-09,1.41109553458679e-17,2,"[0.0003579605121865892, 0.0022714868804664737, 0.21488000000000002, 1.0, 1]",0.0
0.21495000000000003,0,6.88784880720992e-06,3.392861865397273e-09,1.5965685508405302e-17,2,"[0.000352924323615153, 0.0022814868804664767, 0.21495000000000003, 1.0, 1]",0.0
0.21504,0,6.958568092924262e-06,3.4340504497772455e-09,1.8542519925523042e-17,2,"[0.0003464549840233172, 0.0022943440233236176, 0.21504, 1.0, 1]",0.0
0.2152,0,7.084069045305201e-06,3.5057335201186988e-09,2.3672640638302626e-17,2,"[0.0003349699358600605, 0.002317201166180758, 0.2152, 1.0, 1]",0.0
0.21536,0,7.209285553241688e-06,3.5754510058192115e-09,2.9530005259772643e-17,2,"[0.00032350536769679833, 0.002340058309037902, 0.21536, 1.0, 1]",0.0
0.21537777777777778,0,7.223180940269002e-06,3.5830764165820676e-09,3.0226930785676334e-17,2,"[0.0003222327909872952, 0.0023425979915775823, 0.21537777777777778, 1.0, 1]",0.0
0.21552000000000002,0,7.334217616733777e-06,3.6432110988787147e-09,3.614239996591134e-17,2,"[0.0003120612795335237, 0.002362915451895046, 0.21552000000000002, 1.0, 1]",0.0
0.21568,0,7.458865235781414e-06,3.70902199129721e-09,4.353671892186544e-17,2,"[0.00030063767137026437, 0.0023857725947521898, 0.21568, 1.0, 1]",0.0
0.21580555555555558,0,7.55647980858168e-06,3.759305647236607e-09,4.990369053216035e-17,2,"[0.0002916876534211632, 0.0024037091026886982, 0.21580555555555558, 1.0, 1]",0.0
0.21584,0,7.583228410384599e-06,3.772891875074764e-09,5.173897383246231e-17,2,"[0.0002892345432069926, 0.00240862973760933, 0.21584, 1.0, 1]",0.0
0.21600000000000003,0,7.707307140543331e-06,3.834828942211369e-09,6.077430345440624e-17,2,"[0.0002778518950437292, 0.0024314868804664776, 0.21600000000000003, 1.0, 1]",0.0
0.21616000000000002,0,7.83110142625761e-06,3.89484138470691e-09,7.066698307015368e-17,2,"[0.00026648972688046724, 0.002454344023323618, 0.21616000000000002, 1.0, 1]",0.0
0.21623333333333333,0,7.887745412148172e-06,3.921706118746086e-09,7.549410101297232e-17,2,"[0.0002612889109167432, 0.0024648202137998072, 0.21623333333333333, 1.0, 1]",0.0
0.21632,0,7.954611267527438e-06,3.952937394561638e-09,8.144043392336926e-17,2,"[0.0002551480387172067, 0.0024772011661807584, 0.21632, 1.0, 1]",0.0
0.21648,0,8.077836664352814e-06,4.009125163775359e-09,9.311723261634464e-17,2,"[0.00024382683055393373, 0.0025000583090379024, 0.21648, 1.0, 1]",0.0
0.21664,0,8.200777616733737e-06,4.063412884348073e-09,1.0571912046879906e-16,2,"[0.00023252610239066912, 0.002522915451895043, 0.21664, 1.0, 1]",0.0
0.21666111111111114,0,8.216977750968532e-06,4.070434392496227e-09,1.074520717445596e-16,2,"[0.00023103656347406298, 0.0025259313249109197, 0.21666111111111114, 1.0, 1]",0.0
0.21680000000000002,0,8.323434124670316e-06,4.1158087482797825e-09,1.1926701283857004e-16,2,"[0.00022124585422740595, 0.00254577259475219, 0.21680000000000002, 1.0, 1]",0.0
0.21696000000000001,0,8.445806188162334e-06,4.1663209475706115e-09,1.3378100840381243e-16,2,"[0.00020998608606413727, 0.0025686297376093306, 0.21696000000000001, 1.0, 1]",0.0
0.2170888888888889,0,8.544176825042596e-06,4.205647029872176e-09,1.4618857125926012e-16,2,"[0.0002009306110931225, 0.0025870424360220287, 0.2170888888888889, 1.0, 1]",0.0
0.21712,0,8.567893807209955e-06,4.214957674220497e-09,1.492803984072189e-16,2,"[0.00019874679790087002, 0.0025914868804664745, 0.21712, 1.0, 1]",0.0
0.21728,0,8.689696981813123e-06,4.261727120229314e-09,1.657836758615669e-16,2,"[0.00018752798973761114, 0.002614344023323615, 0.21728, 1.0, 1]",0.0
0.21744000000000002,0,8.811215711971893e-06,4.306637477597181e-09,1.833085447171037e-16,2,"[0.00017632966157433982, 0.0026372011661807623, 0.21744000000000002, 1.0, 1]",0.0
0.2175166666666667,0,8.869342634370474e-06,4.327500592259682e-09,1.920728988767776e-16,2,"[0.00017097105377388705, 0.002648153547133141, 0.2175166666666667, 1.0, 1]",0.0
0.21760000000000002,0,8.932449997686156e-06,4.349696938324113e-09,2.0187192899063937e-16,2,"[0.00016515181341107688, 0.0026600583090379028, 0.21760000000000002, 1.0, 1]",0.0
0.21776,0,9.053399838955967e-06,4.3909136944099896e-09,2.2148998185639657e-16,2,"[0.00015399444524781536, 0.0026829154518950467, 0.21776, 1.0, 1]",0.0
0.21792,0,9.17406523578138e-06,4.430295937855092e-09,2.4217809469830485e-16,2,"[0.00014285755708454834, 0.002705772594752187, 0.21792, 1.0, 1]",0.0
0.21794444444444444,0,9.192475178952057e-06,4.436151641043994e-09,2.454339424832389e-16,2,"[0.0001411578915163983, 0.00270926465824425, 0.21794444444444444, 1.0, 1]",0.0
0.21808,0,9.294446188162287e-06,4.467851860659072e-09,2.639509061243479e-16,2,"[0.00013174114892128969, 0.0027286297376093276, 0.21808, 1.0, 1]",0.0
0.21824000000000002,0,9.41454269609885e-06,4.503589654822098e-09,2.868223109422381e-16,2,"[0.00012064522075801165, 0.002751486880466475, 0.21824000000000002, 1.0, 1]",0.0
0.21837222222222225,0,9.513574458787507e-06,4.5317567376105995e-09,3.065614223173372e-16,2,"[0.00011149112432062847, 0.002770375769355366, 0.21837222222222225, 1.0, 1]",0.0
0.2184,0,9.534354759590906e-06,4.537517512344133e-09,3.10805469096961e-16,2,"[0.00010956977259475587, 0.0027743440233236154, 0.2184, 1.0, 1]",0.0
0.21856,0,9.65388237863851e-06,4.569643625225279e-09,3.359128145700473e-16,2,"[9.851480443148763e-05, 0.0027972011661807593, 0.21856, 1.0, 1]",0.0
0.21872,0,9.773125553241661e-06,4.599976185465368e-09,3.621560642405115e-16,2,"[8.748031626822084e-05, 0.0028200583090378997, 0.21872, 1.0, 1]",0.0
0.2188,0,9.832640473876662e-06,4.614472443345167e-09,3.7570712076366643e-16,2,"[8.197075218659144e-05, 0.002831486880466468, 0.2188, 1.0, 1]",0.0
0.21888000000000002,0,9.892084283400415e-06,4.6285233850645666e-09,3.895462267073263e-16,2,"[7.646630810495547e-05, 0.002842915451895047, 0.21888000000000002, 1.0, 1]",0.0
0.21904,0,1.0010758569114716e-05,4.655293416022875e-09,4.180936110737867e-16,2,"[6.547277994169154e-05, 0.002865772594752191, 0.21904, 1.0, 1]",0.0
0.2192,0,1.012914841038451e-05,4.680294470340072e-09,4.478078356935295e-16,2,"[5.449973177842904e-05, 0.002888629737609328, 0.2192, 1.0, 1]",0.0
0.2192277777777778,0,1.0149673224219631e-05,4.684455319632888e-09,4.53086098153795e-16,2,"[5.259677511428029e-05, 0.002892597991577584, 0.2192277777777778, 1.0, 1]",0.0
0.21936,0,1.0247253807209907e-05,4.703534740016323e-09,4.786978368780971e-16,2,"[4.354716361516103e-05, 0.002911486880466472, 0.21936, 1.0, 1]",0.0
0.21952000000000002,0,1.0365074759590906e-05,4.725022417051617e-09,5.107718775663542e-16,2,"[3.261507545189446e-05, 0.002934344023323616, 0.21952000000000002, 1.0, 1]",0.0
0.21965555555555555,0,1.0464672709816305e-05,4.741861927859325e-09,5.388778945739608e-16,2,"[2.3369193103701946e-05, 0.002953709102688693, 0.21965555555555555, 1.0, 1]",0.0
0.21968000000000001,0,1.0482611267527398e-05,4.744765693445923e-09,5.440375559554888e-16,2,"[2.1703467288636258e-05, 0.0029572011661807597, 0.21968000000000001, 1.0, 1]",0.0
0.21984,0,1.0599863331019438e-05,4.762772761199398e-09,5.785018140937835e-16,2,"[1.0812339125365611e-05, 0.0029800583090379036, 0.21984, 1.0, 1]",0.0
0.22,0,1.071683095006708e-05,4.779051812311759e-09,6.14170946435151e-16,2,"[-5.830903789666442e-08, 0.0030029154518950406, 0.22, 1.0, 1]",0.0
0.22008333333333335,0,1.0777638930666738e-05,4.78684882941005e-09,6.332277176805869e-16,2,"[-5.71199384515747e-06, 0.003014820213799809, 0.22008333333333335, 1.0, 1]",0.0
0.22016000000000002,0,1.0833514124670269e-05,4.793611038783211e-09,6.510506083549732e-16,2,"[-1.0908477201171385e-05, 0.0030257725947521914, 0.22016000000000002, 1.0, 1]",0.0
0.22032000000000002,0,1.0949912854828952e-05,4.806458632613627e-09,6.891458246281529e-16,2,"[-2.1738165364430795e-05, 0.0030486297376093284, 0.22032000000000002, 1.0, 1]",0.0
0.22048,0,1.1066027140543236e-05,4.817602785803146e-09,7.284609978685155e-16,2,"[-3.254737352768877e-05, 0.0030714868804664723, 0.22048, 1.0, 1]",0.0
0.2205111111111111,0,1.1088571886771039e-05,4.819572585670359e-09,7.362476165229316e-16,2,"[-3.464678573228408e-05, 0.003075931324910918, 0.2205111111111111, 1.0, 1]",0.0
0.22064,0,1.1181856981813069e-05,4.827051690351765e-09,7.689999169299815e-16,2,"[-4.3336101690966133e-05, 0.003094344023323616, 0.22064, 1.0, 1]",0.0
0.2208,0,1.1297402378638557e-05,4.834813538259289e-09,8.107657652695765e-16,2,"[-5.4104349854221245e-05, 0.00311720116618076, 0.2208, 1.0, 1]",0.0
0.2209388888888889,0,1.139747157812899e-05,4.840189758025828e-09,8.480176413726841e-16,2,"[-6.343518255767788e-05, 0.003137042436022027, 0.2209388888888889, 1.0, 1]",0.0
0.22096000000000002,0,1.1412663331019431e-05,4.840896521525912e-09,8.537611292716373e-16,2,"[-6.48521180174888e-05, 0.003140058309037904, 0.22096000000000002, 1.0, 1]",0.0
0.22112,0,1.152763983895596e-05,4.845308832151492e-09,8.979880065346104e-16,2,"[-7.557940618075493e-05, 0.003162915451895048, 0.22112, 1.0, 1]",0.0
0.22128,0,1.1642331902448093e-05,4.848058662136171e-09,9.43447814118502e-16,2,"[-8.628621434401962e-05, 0.003185772594752185, 0.22128, 1.0, 1]",0.0
0.22136666666666666,0,1.1704338004740755e-05,4.8488569078617834e-09,9.685869895615164e-16,2,"[-9.207718432134582e-05, 0.003198153547133136, 0.22136666666666666, 1.0, 1]",0.0
0.22144,0,1.1756739521495718e-05,4.849154203479947e-09,9.901413967547261e-16,2,"[-9.697254250728982e-05, 0.003208629737609329, 0.22144, 1.0, 1]",0.0
0.22160000000000002,0,1.1870862696098836e-05,4.8486036481826655e-09,1.0380690350174982e-15,2,"[-0.00010763839067055164, 0.0032314868804664727, 0.22160000000000002, 1.0, 1]",0.0
0.22176,0,1.1984701426257611e-05,4.846415188244358e-09,1.0872304534567893e-15,2,"[-0.00011828375883381897, 0.0032543440233236166, 0.22176, 1.0, 1]",0.0
0.22179444444444446,0,1.2009171166606387e-05,4.845730596563873e-09,1.097975137325206e-15,2,"[-0.00012057279102328788, 0.003259264658244252, 0.22179444444444446, 1.0, 1]",0.0
0.22192,0,1.2098255711971934e-05,4.842597015665192e-09,1.1376248286928593e-15,2,"[-0.00012890864699708487, 0.0032772011661807605, 0.22192, 1.0, 1]",0.0
0.22208,0,1.221152555324175e-05,4.837157322445e-09,1.1892507974729105e-15,2,"[-0.00013951305516034934, 0.0033000583090378975, 0.22208, 1.0, 1]",0.0
0.2222222222222222,0,1.231197106372567e-05,4.8309673855173404e-09,1.2361729576554612e-15,2,"[-0.0001489220026634902, 0.003320375769355361, 0.2222222222222222, 1.0, 1]",0.0
0.22224000000000002,0,1.2324510950067168e-05,4.830104300583831e-09,1.2421064646890813e-15,2,"[-0.00015009698332361238, 0.0033229154518950484, 0.22224000000000002, 1.0, 1]",0.0
0.22240000000000001,0,1.2437211902448079e-05,4.821446142081812e-09,1.2961894113580836e-15,2,"[-0.00016066043148688092, 0.0033457725947521853, 0.22240000000000001, 1.0, 1]",0.0
0.22256,0,1.2549628410384592e-05,4.8111910389387114e-09,1.3514967025629826e-15,2,"[-0.00017120339965014109, 0.0033686297376093292, 0.22256, 1.0, 1]",0.0
0.22265000000000001,0,1.2612737696098876e-05,4.804723836107742e-09,1.3831438241590707e-15,2,"[-0.00017712481924198054, 0.003381486880466477, 0.22265000000000001, 1.0, 1]",0.0
0.22272,0,1.2661760473876653e-05,4.7993471831546615e-09,1.4080248953559862e-15,2,"[-0.00018172588781340676, 0.003391486880466473, 0.22272, 1.0, 1]",0.0
0.22288000000000002,0,1.2773608092924262e-05,4.785922766729605e-09,1.4657700466235345e-15,2,"[-0.00019222789597667794, 0.003414344023323617, 0.22288000000000002, 1.0, 1]",0.0
0.22304000000000002,0,1.2885171267527473e-05,4.770925981663626e-09,1.5247277209127502e-15,2,"[-0.00020270942413994075, 0.003437201166180761, 0.22304000000000002, 1.0, 1]",0.0
0.22307777777777782,0,1.2911471063725786e-05,4.767156509720646e-09,1.5388247009238314e-15,2,"[-0.00020518124075873806, 0.003442597991577586, 0.22307777777777782, 1.0, 1]",0.0
0.2232,0,1.2996449997686177e-05,4.7543650199567626e-09,1.5848929982196049e-15,2,"[-0.00021317047230320213, 0.003460058309037905, 0.2232, 1.0, 1]",0.0
0.22336,0,1.3107444283400483e-05,4.736248073608826e-09,1.6462604817390689e-15,2,"[-0.00022361104046647595, 0.003482915451895042, 0.22336, 1.0, 1]",0.0
0.22350555555555557,0,1.3208171166606455e-05,4.718421967741373e-09,1.7031272183925234e-15,2,"[-0.00023309126721376278, 0.003503709102688695, 0.22350555555555557, 1.0, 1]",0.0
0.22352,0,1.3218154124670283e-05,4.7165833346199386e-09,1.7088243055763576e-15,2,"[-0.00023403112862973446, 0.0035057725947521858, 0.22352, 1.0, 1]",0.0
0.22368000000000002,0,1.3328579521495684e-05,4.695378994990083e-09,1.7725781424205665e-15,2,"[-0.0002444307367930054, 0.0035286297376093297, 0.22368000000000002, 1.0, 1]",0.0
0.22384,0,1.3438720473876687e-05,4.6726432467192515e-09,1.8375152111794472e-15,2,"[-0.000254809864956268, 0.0035514868804664736, 0.22384, 1.0, 1]",0.0
0.22393333333333337,0,1.350283800474083e-05,4.658676771555445e-09,1.875938735243461e-15,2,"[-0.00026085489860706856, 0.003564820213799811, 0.22393333333333337, 1.0, 1]",0.0
0.224,0,1.354857698181313e-05,4.648384281807506e-09,1.9036282845760346e-15,2,"[-0.00026516851311952916, 0.0035743440233236175, 0.224, 1.0, 1]",0.0
0.22416,0,1.3658149045305229e-05,4.62261029225477e-09,1.970909696707359e-15,2,"[-0.00027550668128280276, 0.0035972011661807544, 0.22416, 1.0, 1]",0.0
0.22432000000000002,0,1.3767436664352875e-05,4.595329470061044e-09,2.0393513505640612e-15,2,"[-0.00028582436944606104, 0.0036200583090379053, 0.22432000000000002, 1.0, 1]",0.0
0.22436111111111112,0,1.3795471578129071e-05,4.588077482548268e-09,2.0571233862788764e-15,2,"[-0.00028847213493862767, 0.00362593132491092, 0.22436111111111112, 1.0, 1]",0.0
0.22448,0,1.3876439838956015e-05,4.5665500072263285e-09,2.1089447255123626e-15,2,"[-0.0002961215776093318, 0.0036429154518950423, 0.22448, 1.0, 1]",0.0
0.22464,0,1.3985158569114757e-05,4.536280095750661e-09,2.179680884737556e-15,2,"[-0.00030639830577259414, 0.003665772594752186, 0.22464, 1.0, 1]",0.0
0.22478888888888893,0,1.4086071886771018e-05,4.506780662105365e-09,2.246523116319968e-15,2,"[-0.0003159429762084748, 0.003687042436022036, 0.22478888888888893, 1.0, 1]",0.0
0.2248,0,1.4093592854828993e-05,4.504527927634109e-09,2.251550482648912e-15,2,"[-0.00031665455393585507, 0.00368862973760933, 0.2248, 1.0, 1]",0.0
0.22496,0,1.420174269609883e-05,4.471301694876499e-09,2.3245437722468106e-15,2,"[-0.0003268903220991215, 0.003711486880466474, 0.22496, 1.0, 1]",0.0
0.22512000000000001,0,1.4309608092924269e-05,4.4366095894779515e-09,2.398650612450928e-15,2,"[-0.0003371056102623865, 0.003734344023323618, 0.22512000000000001, 1.0, 1]",0.0
0.22521666666666668,0,1.4374638930666724e-05,4.414942871612141e-09,2.4439587001099465e-15,2,"[-0.0003432674224165891, 0.003748153547133138, 0.22521666666666668, 1.0, 1]",0.0
0.22528,0,1.4417189045305202e-05,4.400459803438418e-09,2.4738604753905365e-15,2,"[-0.000347300418425657, 0.003757201166180762, 0.22528, 1.0, 1]",0.0
0.22544,0,1.4524485553241682e-05,4.362860528757913e-09,2.550162453656498e-15,2,"[-0.00035747474658891915, 0.0037800583090378988, 0.22544, 1.0, 1]",0.0
0.22560000000000002,0,1.4631497616733819e-05,4.323819957436467e-09,2.6275452675147883e-15,2,"[-0.0003676285947521868, 0.0038029154518950496, 0.22560000000000002, 1.0, 1]",0.0
0.22564444444444448,0,1.4661172709816244e-05,4.312720672454026e-09,2.649230748223853e-15,2,"[-0.0003704454735629706, 0.003809264658244254, 0.22564444444444448, 1.0, 1]",0.0
0.22576000000000002,0,1.4738225235781395e-05,4.283346281474084e-09,2.7059972720815277e-15,2,"[-0.000377761962915453, 0.0038257725947521866, 0.22576000000000002, 1.0, 1]",0.0
0.22592,0,1.4844668410384572e-05,4.241447692870682e-09,2.7855064644603947e-15,2,"[-0.0003878748510787178, 0.0038486297376093305, 0.22592, 1.0, 1]",0.0
0.22607222222222223,0,1.4945673224219522e-05,4.200270626016656e-09,2.8621206989856956e-15,2,"[-0.0003974771296476193, 0.003870375769355363, 0.22607222222222223, 1.0, 1]",0.0
0.22608,0,1.4950827140543298e-05,4.1981323836262946e-09,2.866060490840845e-15,2,"[-0.00039796725924198806, 0.0038714868804664744, 0.22608, 1.0, 1]",0.0
0.22624,0,1.5056701426257571e-05,4.1534085457409525e-09,2.947646653558646e-15,2,"[-0.00040803918740524303, 0.0038943440233236114, 0.22624, 1.0, 1]",0.0
0.22640000000000002,0,1.5162291267527392e-05,4.107284371214655e-09,3.0302519181178713e-15,2,"[-0.00041809063556851045, 0.003917201166180762, 0.22640000000000002, 1.0, 1]",0.0
0.22650000000000003,0,1.5228140473876669e-05,4.07774929368525e-09,3.0823917963932984e-15,2,"[-0.000424362390670556, 0.003931486880466479, 0.22650000000000003, 1.0, 1]",0.0
0.22656,0,1.5267596664352815e-05,4.059768052047402e-09,3.113862920174645e-15,2,"[-0.00042812160373177643, 0.003940058309037899, 0.22656, 1.0, 1]",0.0
0.22672,0,1.537261761673373e-05,4.01086778023922e-09,3.19846597248239e-15,2,"[-0.000438132091895041, 0.003962915451895043, 0.22672, 1.0, 1]",0.0
0.22688,0,1.547735412467025e-05,3.960591747789996e-09,3.284047071799219e-15,2,"[-0.0004481221000583041, 0.003985772594752187, 0.22688, 1.0, 1]",0.0
0.22692777777777778,0,1.5508574458787466e-05,3.9453132368454324e-09,3.309790054049594e-15,2,"[-0.00045110125663175293, 0.003992597991577581, 0.22692777777777778, 1.0, 1]",0.0
0.22704000000000002,0,1.558180618816237e-05,3.908948146699826e-09,3.3705919057564197e-15,2,"[-0.00045809162822157273, 0.004008629737609331, 0.22704000000000002, 1.0, 1]",0.0
0.2272,0,1.568597380720993e-05,3.8559451689686905e-09,3.45808585968895e-15,2,"[-0.0004680406763848399, 0.004031486880466475, 0.2272, 1.0, 1]",0.0
0.2273555555555556,0,1.578697517895213e-05,3.80311901688264e-09,3.544045205102375e-15,2,"[-0.000477693727531224, 0.004053709102688697, 0.2273555555555556, 1.0, 1]",0.0
0.22736,0,1.5789856981813144e-05,3.801591006596571e-09,3.5465140234279775e-15,2,"[-0.0004779692445481057, 0.004054344023323619, 0.22736, 1.0, 1]",0.0
0.22752,0,1.5893455711971853e-05,3.7458938515835655e-09,3.63586119805415e-15,2,"[-0.00048787733271137, 0.004077201166180756, 0.22752, 1.0, 1]",0.0
0.22768,0,1.599676999768611e-05,3.6888618959295317e-09,3.72611190261365e-15,2,"[-0.0004977649408746398, 0.0041000583090379, 0.22768, 1.0, 1]",0.0
0.22778333333333334,0,1.6063342634370446e-05,3.651323195182276e-09,3.784871638190015e-15,2,"[-0.0005041398033689692, 0.004114820213799806, 0.22778333333333334, 1.0, 1]",0.0
0.22784000000000001,0,1.6099799838955968e-05,3.6305033316345213e-09,3.8172503807951814e-15,2,"[-0.0005076320690378944, 0.0041229154518950435, 0.22784000000000001, 1.0, 1]",0.0
0.228,0,1.6202545235781375e-05,3.570826350698524e-09,3.909260607568865e-15,2,"[-0.0005174787172011683, 0.004145772594752187, 0.228, 1.0, 1]",0.0
0.22816,0,1.630500618816233e-05,3.509839145121593e-09,4.002126295786943e-15,2,"[-0.0005273048853644269, 0.004168629737609331, 0.22816, 1.0, 1]",0.0
0.22821111111111114,0,1.633767682504263e-05,3.490082333129849e-09,4.031969319395734e-15,2,"[-0.0005304394841449817, 0.004175931324910922, 0.22821111111111114, 1.0, 1]",0.0
0.22832000000000002,0,1.640718269609883e-05,3.4475499069036805e-09,4.0958309027460784e-15,2,"[-0.000537110573527691, 0.004191486880466475, 0.22832000000000002, 1.0, 1]",0.0
0.22848000000000002,0,1.650907475959088e-05,3.383966828044853e-09,4.190357636711305e-15,2,"[-0.0005468957816909606, 0.004214344023323619, 0.22848000000000002, 1.0, 1]",0.0
0.2286388888888889,0,1.660997775096857e-05,3.3195529921108004e-09,4.285024700207998e-15,2,"[-0.0005565927698592613, 0.004237042436022031, 0.2286388888888889, 1.0, 1]",0.0
0.22864,0,1.661068237863853e-05,3.319098100545001e-09,4.2856894634018086e-15,2,"[-0.0005566605098542288, 0.004237201166180756, 0.22864, 1.0, 1]",0.0
0.2288,0,1.6712005553241676e-05,3.2529519164041903e-09,4.381809112438058e-15,2,"[-0.0005664047580174886, 0.0042600583090379, 0.2288, 1.0, 1]",0.0
0.22896,0,1.681304428340037e-05,3.1855364676224004e-09,4.478699083751182e-15,2,"[-0.0005761285261807539, 0.004282915451895044, 0.22896, 1.0, 1]",0.0
0.2290666666666667,0,1.6880245412148164e-05,3.139891733510579e-09,4.543711611488948e-15,2,"[-0.0005825996605118289, 0.00429815354713314, 0.2290666666666667, 1.0, 1]",0.0
0.22912000000000002,0,1.6913798569114717e-05,3.116859946199651e-09,4.576341653953615e-15,2,"[-0.0005858318143440178, 0.004305772594752188, 0.22912000000000002, 1.0, 1]",0.0
0.22928,0,1.701426841038456e-05,3.04693054413598e-09,4.674718882671266e-15,2,"[-0.0005955146225072872, 0.004328629737609332, 0.22928, 1.0, 1]",0.0
0.22944,0,1.711445380720995e-05,2.9757564534312914e-09,4.773812618838089e-15,2,"[-0.0006051769506705551, 0.004351486880466476, 0.22944, 1.0, 1]",0.0
0.22949444444444445,0,1.7148479808581734e-05,2.951255118714662e-09,4.8076921434502846e-15,2,"[-0.0006084601561026498, 0.004359264658244249, 0.22949444444444445, 1.0, 1]",0.0
0.2296,0,1.7214354759590887e-05,2.903345866085664e-09,4.873604506951624e-15,2,"[-0.0006148187988338216, 0.004374344023323613, 0.2296, 1.0, 1]",0.0
0.22976000000000002,0,1.7313971267527372e-05,2.829706974099035e-09,4.9740759932906115e-15,2,"[-0.0006244401669970867, 0.0043972011661807635, 0.22976000000000002, 1.0, 1]",0.0
0.22992,0,1.741330333101946e-05,2.754847969471449e-09,5.0752083320942e-15,2,"[-0.0006340410551603434, 0.0044200583090379005, 0.22992, 1.0, 1]",0.0
0.22992222222222225,0,1.74146809402689e-05,2.7537997091084696e-09,5.076617511635075e-15,2,"[-0.0006341742566317518, 0.004420375769355365, 0.22992222222222225, 1.0, 1]",0.0
0.23008,0,1.7512350950067094e-05,2.6787770442029347e-09,5.176982591702715e-15,2,"[-0.0006436214633236126, 0.004442915451895044, 0.23008, 1.0, 1]",0.0
0.23024,0,1.7611114124670222e-05,2.6015023902934103e-09,5.279379660660347e-15,2,"[-0.0006531813914868734, 0.004465772594752188, 0.23024, 1.0, 1]",0.0
0.23035,0,1.767884880720988e-05,2.5476820660775583e-09,5.350128908908907e-15,2,"[-0.0006597419620991279, 0.004481486880466474, 0.23035, 1.0, 1]",0.0
0.2304,0,1.770959285482906e-05,2.523032199742925e-09,5.382380253779648e-15,2,"[-0.0006627208396501466, 0.004488629737609325, 0.2304, 1.0, 1]",0.0
0.23056000000000001,0,1.780778714054323e-05,2.4433746645514787e-09,5.4859649181667034e-15,2,"[-0.0006722398078134045, 0.004511486880466476, 0.23056000000000001, 1.0, 1]",0.0
0.23072,0,1.790569698181311e-05,2.3625379767190564e-09,5.5901140392100565e-15,2,"[-0.0006817382959766749, 0.004534344023323613, 0.23072, 1.0, 1]",0.0
0.2307777777777778,0,1.7940983409404725e-05,2.333058751007277e-09,5.627858343456631e-15,2,"[-0.0006851632725047713, 0.00454259799157759, 0.2307777777777778, 1.0, 1]",0.0
0.23088,0,1.8003322378638592e-05,2.2805303282456994e-09,5.694807846528867e-15,2,"[-0.0006912163041399438, 0.004557201166180757, 0.23088, 1.0, 1]",0.0
0.23104000000000002,0,1.810066333101946e-05,2.1973599111313305e-09,5.800026419884312e-15,2,"[-0.0007006738323032044, 0.004580058309037901, 0.23104000000000002, 1.0, 1]",0.0
0.23120000000000002,0,1.8197719838955982e-05,2.1130349173760082e-09,5.905749695052865e-15,2,"[-0.0007101108804664774, 0.004602915451895045, 0.23120000000000002, 1.0, 1]",0.0
0.23120555555555555,0,1.8201084746853277e-05,2.1100863252831383e-09,5.909429462786844e-15,2,"[-0.0007104381878486818, 0.004603709102688692, 0.23120555555555555, 1.0, 1]",0.0
0.23136,0,1.8294491902448107e-05,2.0275635389797116e-09,6.011957469659942e-15,2,"[-0.0007195274486297351, 0.004625772594752189, 0.23136, 1.0, 1]",0.0
0.23152,0,1.8390979521495726e-05,1.9409539679424533e-09,6.11862940897625e-15,2,"[-0.0007289235367930053, 0.004648629737609333, 0.23152, 1.0, 1]",0.0
0.23163333333333336,0,1.8459152819555642e-05,1.8789213502906224e-09,6.19445836374429e-15,2,"[-0.0007355667081308734, 0.004664820213799808, 0.23163333333333336, 1.0, 1]",0.0
0.23168,0,1.848718269609889e-05,1.8532143962642534e-09,6.2257450516758e-15,2,"[-0.000738299144956267, 0.0046714868804664696, 0.23168, 1.0, 1]",0.0
0.23184000000000002,0,1.858310142625766e-05,1.7643530159450682e-09,6.333283815555237e-15,2,"[-0.0007476542731195274, 0.00469434402332362, 0.23184000000000002, 1.0, 1]",0.0
0.232,0,1.867873571197192e-05,1.6743780189849094e-09,6.44122500321483e-15,2,"[-0.0007569889212828002, 0.004717201166180757, 0.232, 1.0, 1]",0.0
0.2320611111111111,0,1.8715187627511712e-05,1.6397203874151543e-09,6.4825543885285705e-15,2,"[-0.0007605488333513322, 0.004725931324910917, 0.2320611111111111, 1.0, 1]",0.0
0.23216,0,1.877408555324173e-05,1.5832975973837782e-09,6.549547807701674e-15,2,"[-0.0007663030894460576, 0.004740058309037901, 0.23216, 1.0, 1]",0.0
0.23232,0,1.886915095006714e-05,1.4911199431416926e-09,6.658231318114079e-15,2,"[-0.0007755967776093275, 0.004762915451895045, 0.23232, 1.0, 1]",0.0
0.23248000000000002,0,1.89639319024481e-05,1.3978532482586114e-09,6.7672545251676925e-15,2,"[-0.000784869985772596, 0.004785772594752189, 0.23248000000000002, 1.0, 1]",0.0
0.2324888888888889,0,1.896918917072165e-05,1.3926399980421765e-09,6.773320906721085e-15,2,"[-0.0007853845635100581, 0.004787042436022033, 0.2324888888888889, 1.0, 1]",0.0
0.23264,0,1.9058428410384607e-05,1.3035057047346034e-09,6.8765963267236015e-15,2,"[-0.0007941227139358562, 0.004808629737609333, 0.23264, 1.0, 1]",0.0
0.2328,0,1.915264047387666e-05,1.208085504569631e-09,6.986235533277904e-15,2,"[-0.0008033549620991287, 0.00483148688046647, 0.2328, 1.0, 1]",0.0
0.23291666666666666,0,1.9221157449185293e-05,1.1378367435572042e-09,7.066356083318158e-15,2,"[-0.0008100738986070652, 0.004848153547133135, 0.23291666666666666, 1.0, 1]",0.0
0.23296,0,1.9246568092924263e-05,1.1116008397636652e-09,7.0961508734130136e-15,2,"[-0.0008125667302623929, 0.004854344023323614, 0.23296, 1.0, 1]",0.0
0.23312,0,1.9340211267527413e-05,1.0140599023167353e-09,7.206320999210662e-15,2,"[-0.0008217580184256557, 0.004877201166180758, 0.23312, 1.0, 1]",0.0
0.23328000000000002,0,1.943356999768622e-05,9.154708842288223e-10,7.316724491626718e-15,2,"[-0.000830928826588917, 0.004900058309037902, 0.23328000000000002, 1.0, 1]",0.0
0.23334444444444447,0,1.9471092462902695e-05,8.754671853456221e-10,7.36125363277264e-15,2,"[-0.0008346168386423325, 0.004909264658244251, 0.23334444444444447, 1.0, 1]",0.0
0.23344,0,1.9526644283400464e-05,8.15841977499966e-10,7.427339865827071e-15,2,"[-0.0008400791547521838, 0.004922915451895046, 0.23344, 1.0, 1]",0.0
0.2336,0,1.961943412467031e-05,7.151813741301348e-10,7.53814557648651e-15,2,"[-0.0008492090029154492, 0.0049457725947521895, 0.2336, 1.0, 1]",0.0
0.23376000000000002,0,1.9711939521495705e-05,6.134972661193382e-10,7.649120023047797e-15,2,"[-0.0008583183710787132, 0.0049686297376093334, 0.23376000000000002, 1.0, 1]",0.0
0.23377222222222221,0,1.971899421187391e-05,6.056878847929782e-10,7.657603559041982e-15,2,"[-0.0008590133836158739, 0.00497037576935536, 0.23377222222222221, 1.0, 1]",0.0
0.23392000000000002,0,1.9804160473876648e-05,5.107978454675755e-10,7.760241554943438e-15,2,"[-0.0008674072592419826, 0.004991486880466477, 0.23392000000000002, 1.0, 1]",0.0
0.23408,0,1.9896096981813138e-05,4.070913041748414e-10,7.87148847677876e-15,2,"[-0.0008764756674052437, 0.005014344023323614, 0.23408, 1.0, 1]",0.0
0.23420000000000002,0,1.9964862696098885e-05,3.286554032846404e-10,7.954992881643692e-15,2,"[-0.0008832635335276964, 0.005031486880466476, 0.23420000000000002, 1.0, 1]",0.0
0.23424,0,1.9987749045305176e-05,3.0238583424114676e-10,7.982839053476729e-15,2,"[-0.0008855235955685103, 0.005037201166180758, 0.23424, 1.0, 1]",0.0
0.2344,0,2.0079116664352816e-05,1.9668962766647978e-10,8.094271515384559e-15,2,"[-0.0008945510437317755, 0.005060058309037902, 0.2344, 1.0, 1]",0.0
0.23456,0,2.0170199838956003e-05,9.001087645084614e-11,8.20576406334171e-15,2,"[-0.0009035580118950393, 0.005082915451895039, 0.23456, 1.0, 1]",0.0
0.23462777777777777,0,2.020869791557762e-05,4.4526302206168303e-11,8.253006347718388e-15,2,"[-0.0009073672883777861, 0.005092597991577585, 0.23462777777777777, 1.0, 1]",0.0
0.23472,0,2.0260998569114738e-05,-1.7642227405779255e-11,8.317294873709991e-15,2,"[-0.0009125445000583085, 0.00510577259475219, 0.23472, 1.0, 1]",0.0
0.23488,0,2.035151285482902e-05,-1.2626149190334756e-10,8.428842103365088e-15,2,"[-0.0009215105082215763, 0.005128629737609327, 0.23488, 1.0, 1]",0.0
0.23504,0,2.044174269609885e-05,-2.358387250418599e-10,8.540383894649844e-15,2,"[-0.0009304560363848358, 0.005151486880466471, 0.23504, 1.0, 1]",0.0
0.23505555555555557,0,2.0450499870310057e-05,-2.4654285705708306e-10,8.551227130099817e-15,2,"[-0.000931324648166143, 0.005153709102688694, 0.23505555555555557, 1.0, 1]",0.0
0.23520000000000002,0,2.0531688092924284e-05,-3.463657348213855e-10,8.651898380289287e-15,2,"[-0.0009393810845481076, 0.005174344023323615, 0.23520000000000002, 1.0, 1]",0.0
0.23536,0,2.062134904530521e-05,-4.578343292418601e-10,8.763363688267039e-15,2,"[-0.0009482856527113642, 0.005197201166180759, 0.23536, 1.0, 1]",0.0
0.23548333333333332,0,2.069026856029631e-05,-5.44395513119552e-10,8.849237511392544e-15,2,"[-0.000955135612892774, 0.005214820213799803, 0.23548333333333332, 1.0, 1]",0.0
0.23552,0,2.0710725553241684e-05,-5.702363163032965e-10,8.874757946664061e-15,2,"[-0.0009571697408746332, 0.0052200583090379025, 0.23552, 1.0, 1]",0.0
0.23568,0,2.079981761673376e-05,-6.835635040057008e-10,8.986059288458496e-15,2,"[-0.0009660333490379008, 0.0052429154518950465, 0.23568, 1.0, 1]",0.0
0.23584,0,2.0888625235781382e-05,-7.978077003490816e-10,9.097245856287257e-15,2,"[-0.000974876477201167, 0.005265772594752183, 0.23584, 1.0, 1]",0.0
0.23591111111111113,0,2.092800398553643e-05,-8.48875104595859e-10,9.146619554056418e-15,2,"[-0.0009788001825576792, 0.005275931324910919, 0.23591111111111113, 1.0, 1]",0.0
0.23600000000000002,0,2.0977148410384553e-05,-9.129607133334111e-10,9.208295807169659e-15,2,"[-0.0009836991253644317, 0.005288629737609334, 0.23600000000000002, 1.0, 1]",0.0
0.23616,0,2.1065387140543272e-05,-1.0290143509587276e-09,9.319187317192458e-15,2,"[-0.000992501293527695, 0.005311486880466471, 0.23616, 1.0, 1]",0.0
0.23632,0,2.1153341426257593e-05,-1.1459604212249987e-09,9.429898586156723e-15,2,"[-0.0010012829816909638, 0.005334344023323615, 0.23632, 1.0, 1]",0.0
0.23633888888888893,0,2.1163706146030308e-05,-1.1598250701005453e-09,9.442955756498387e-15,2,"[-0.0010023183571608515, 0.005337042436022035, 0.23633888888888893, 1.0, 1]",0.0
0.23648000000000002,0,2.1241011267527407e-05,-1.2637907321322706e-09,9.540407842186043e-15,2,"[-0.0010100441898542242, 0.005357201166180759, 0.23648000000000002, 1.0, 1]",0.0
0.23664000000000002,0,2.1328396664352823e-05,-1.3824970916804807e-09,9.650693346297207e-15,2,"[-0.001018784918017497, 0.005380058309037903, 0.23664000000000002, 1.0, 1]",0.0
0.23676666666666668,0,2.1397375041777838e-05,-1.4770888482480546e-09,9.737829695171986e-15,2,"[-0.001025690136702298, 0.005398153547133144, 0.23676666666666668, 1.0, 1]",0.0
0.2368,0,2.1415497616733786e-05,-1.5020713078696538e-09,9.760733396931579e-15,2,"[-0.0010275051661807616, 0.005402915451895047, 0.2368, 1.0, 1]",0.0
0.23696,0,2.1502314124670298e-05,-1.6225051886998128e-09,9.870506334448925e-15,2,"[-0.0010362049343440177, 0.005425772594752184, 0.23696, 1.0, 1]",0.0
0.23712,0,2.1588846188162303e-05,-1.7437905421709187e-09,9.979990545582545e-15,2,"[-0.0010448842225072863, 0.005448629737609328, 0.23712, 1.0, 1]",0.0
0.23719444444444449,0,2.162901067277929e-05,-1.800509877653044e-09,1.0030826652684402e-14,2,"[-0.0010489155211820186, 0.005459264658244253, 0.23719444444444449, 1.0, 1]",0.0
0.23728,0,2.167509380720991e-05,-1.8659191762829686e-09,1.0089164467856498e-14,2,"[-0.0010535430306705534, 0.005471486880466472, 0.23728, 1.0, 1]",0.0
0.23744,0,2.1761056981813118e-05,-1.9888828990360417e-09,1.0198006593963845e-14,2,"[-0.0010621813588338191, 0.005494344023323616, 0.23744, 1.0, 1]",0.0
0.2376,0,2.184673571197182e-05,-2.112673518430049e-09,1.0306495476107004e-14,2,"[-0.0010707992069970834, 0.0055172011661807595, 0.2376, 1.0, 1]",0.0
0.23762222222222223,0,2.1858613039034392e-05,-2.129931596929983e-09,1.032153423190906e-14,2,"[-0.0010719945106000064, 0.005520375769355362, 0.23762222222222223, 1.0, 1]",0.0
0.23776,0,2.1932129997686125e-05,-2.2372828424650493e-09,1.0414609730300176e-14,2,"[-0.0010793965751603463, 0.005540058309037903, 0.23776, 1.0, 1]",0.0
0.23792000000000002,0,2.2017239838955976e-05,-2.362702679141027e-09,1.0522328040632537e-14,2,"[-0.0010879734633236146, 0.005562915451895047, 0.23792000000000002, 1.0, 1]",0.0
0.23805000000000004,0,2.2086182140543362e-05,-2.4651974446934487e-09,1.0609542956108147e-14,2,"[-0.0010949271049562753, 0.005581486880466478, 0.23805000000000004, 1.0, 1]",0.0
0.23808,0,2.2102065235781376e-05,-2.4889248364579123e-09,1.0629629163493936e-14,2,"[-0.0010965298714868815, 0.005585772594752191, 0.23808, 1.0, 1]",0.0
0.23824,0,2.2186606188162323e-05,-2.615941122415796e-09,1.0736491931761866e-14,2,"[-0.001105065799650147, 0.005608629737609328, 0.23824, 1.0, 1]",0.0
0.2384,0,2.2270862696098818e-05,-2.7437433450146384e-09,1.0842895258950276e-14,2,"[-0.001113581247813411, 0.005631486880466472, 0.2384, 1.0, 1]",0.0
0.2384777777777778,0,2.2311717977306037e-05,-2.8061508595579257e-09,1.0894446855059802e-14,2,"[-0.0011177133042507975, 0.005642597991577587, 0.2384777777777778, 1.0, 1]",0.0
0.23856,0,2.235483475959086e-05,-2.8723233122544803e-09,1.094881814332e-14,2,"[-0.0011220762159766737, 0.005654344023323616, 0.23856, 1.0, 1]",0.0
0.23872000000000002,0,2.2438522378638505e-05,-3.0016728321352956e-09,1.1054239671951009e-14,2,"[-0.0011305507041399418, 0.00567720116618076, 0.23872000000000002, 1.0, 1]",0.0
0.23888,0,2.2521925553241698e-05,-3.131783712657042e-09,1.1159139024776006e-14,2,"[-0.0011390047123032015, 0.005700058309037904, 0.23888, 1.0, 1]",0.0
0.2389055555555556,0,2.2535220549322417e-05,-3.1526352801380677e-09,1.1175844037194519e-14,2,"[-0.0011403531084836077, 0.0057037091026887025, 0.2389055555555556, 1.0, 1]",0.0
0.23904,0,2.2605044283400383e-05,-3.2626477618197622e-09,1.126349547857609e-14,2,"[-0.0011474382404664737, 0.005722915451895041, 0.23904, 1.0, 1]",0.0
0.23920000000000002,0,2.268787856911467e-05,-3.3942567876234557e-09,1.1367288410938257e-14,2,"[-0.0011558512886297376, 0.005745772594752192, 0.23920000000000002, 1.0, 1]",0.0
0.23933333333333334,0,2.275668985659272e-05,-3.504494145048264e-09,1.145333724773828e-14,2,"[-0.001162846517654685, 0.005764820213799805, 0.23933333333333334, 1.0, 1]",0.0
0.23936000000000002,0,2.277042841038456e-05,-3.5266025980681067e-09,1.1470497304173886e-14,2,"[-0.001164243856793, 0.005768629737609329, 0.23936000000000002, 1.0, 1]",0.0
0.23952,0,2.2852693807209944e-05,-3.659677001153765e-09,1.157310174919932e-14,2,"[-0.0011726159449562679, 0.0057914868804664725, 0.23952, 1.0, 1]",0.0
0.23968,0,2.2934674759590875e-05,-3.79347180488033e-09,1.167508144937862e-14,2,"[-0.0011809675531195274, 0.005814344023323616, 0.23968, 1.0, 1]",0.0
0.23976111111111115,0,2.297612589911667e-05,-3.8615708929032095e-09,1.1726534412861621e-14,2,"[-0.0011851935317640297, 0.0058259313249109206, 0.23976111111111115, 1.0, 1]",0.0
0.23984,0,2.3016371267527353e-05,-3.927978817247886e-09,1.1776416224327143e-14,2,"[-0.0011892986812827994, 0.00583720116618076, 0.23984, 1.0, 1]",0.0
0.24,0,2.3097783331019488e-05,-4.063189846256397e-09,1.1877086013677526e-14,2,"[-0.001197609329446056, 0.005860058309037897, 0.24, 1.0, 1]",0.0
0.24016,0,2.317891095006706e-05,-4.199096699905931e-09,1.1977070880806312e-14,2,"[-0.0012058994976093251, 0.005882915451895048, 0.24016, 1.0, 1]",0.0
0.2401888888888889,0,2.3193528676894437e-05,-4.223708962317284e-09,1.199504916983866e-14,2,"[-0.0012073941508116415, 0.0058870424360220296, 0.2401888888888889, 1.0, 1]",0.0
0.24032,0,2.3259754124670237e-05,-4.335691186196404e-09,1.2076351016524179e-14,2,"[-0.0012141691857725928, 0.005905772594752185, 0.24032, 1.0, 1]",0.0
0.24048,0,2.334031285482907e-05,-4.4729651131278206e-09,1.2174906742725844e-14,2,"[-0.001222418393935859, 0.005928629737609329, 0.24048, 1.0, 1]",0.0
0.2406166666666667,0,2.3408898189926017e-05,-4.5907517919051425e-09,1.2258501383210875e-14,2,"[-0.0012294483747975413, 0.0059481535471331455, 0.2406166666666667, 1.0, 1]",0.0
0.24064000000000002,0,2.3420587140543286e-05,-4.6109102887002614e-09,1.2272718516002142e-14,2,"[-0.0012306471220991239, 0.005951486880466473, 0.24064000000000002, 1.0, 1]",0.0
0.24080000000000001,0,2.3500576981813105e-05,-4.749518520913608e-09,1.2369766931215532e-14,2,"[-0.0012388553702623872, 0.005974344023323617, 0.24080000000000001, 1.0, 1]",0.0
0.24096,0,2.358028237863858e-05,-4.888781617767908e-09,1.2466032725034762e-14,2,"[-0.0012470431384256561, 0.005997201166180761, 0.24096, 1.0, 1]",0.0
0.24104444444444445,0,2.36222344382113e-05,-4.962542820281346e-09,1.2516517646959317e-14,2,"[-0.0012513562037217013, 0.006009264658244248, 0.24104444444444445, 1.0, 1]",0.0
0.24112,0,2.3659703331019495e-05,-5.028691387263251e-09,1.2561496779432209e-14,2,"[-0.0012552104265889236, 0.006020058309037898, 0.24112, 1.0, 1]",0.0
0.24128,0,2.373883983895601e-05,-5.1692396373995024e-09,1.2656140125144218e-14,2,"[-0.0012633572347521826, 0.006042915451895042, 0.24128, 1.0, 1]",0.0
0.24144000000000002,0,2.381769190244813e-05,-5.3104181761767535e-09,1.2749943945090967e-14,2,"[-0.0012714835629154542, 0.0060657725947521855, 0.24144000000000002, 1.0, 1]",0.0
0.24147222222222225,0,2.3833537421750453e-05,-5.338925486060326e-09,1.2768731772684623e-14,2,"[-0.0012731176375841355, 0.0060703757693553635, 0.24147222222222225, 1.0, 1]",0.0
0.2416,0,2.389625952149574e-05,-5.452218811594934e-09,1.2842889577759218e-14,2,"[-0.0012795894110787173, 0.0060886297376093294, 0.2416, 1.0, 1]",0.0
0.24176,0,2.39745426960989e-05,-5.59463335165409e-09,1.2934958520546965e-14,2,"[-0.001287674779241986, 0.006111486880466473, 0.24176, 1.0, 1]",0.0
0.2419,0,2.404280714054331e-05,-5.719743227856657e-09,1.3014785263792581e-14,2,"[-0.0012947326763848438, 0.0061314868804664725, 0.2419, 1.0, 1]",0.0
0.24192000000000002,0,2.4052541426257607e-05,-5.737653604354253e-09,1.302613243306905e-14,2,"[-0.0012957396674052463, 0.006134344023323617, 0.24192000000000002, 1.0, 1]",0.0
0.24208000000000002,0,2.4130255711971916e-05,-5.881271377695416e-09,1.3116393140424998e-14,2,"[-0.001303784075568512, 0.006157201166180761, 0.24208000000000002, 1.0, 1]",0.0
0.24224,0,2.420768555324172e-05,-6.025478479677453e-09,1.3205722636427992e-14,2,"[-0.0013118080037317764, 0.006180058309037905, 0.24224, 1.0, 1]",0.0
0.2423277777777778,0,2.425004359458998e-05,-6.104839484284995e-09,1.3254327775689075e-14,2,"[-0.0013162013201238193, 0.0061925979915775885, 0.2423277777777778, 1.0, 1]",0.0
0.2424,0,2.4284830950067177e-05,-6.170266718300494e-09,1.3294103086796531e-14,2,"[-0.0013198114518950393, 0.006202915451895042, 0.2424, 1.0, 1]",0.0
0.24256,0,2.4361691902448075e-05,-6.315627901564456e-09,1.3381516832306147e-14,2,"[-0.0013277944200583078, 0.006225772594752186, 0.24256, 1.0, 1]",0.0
0.24272,0,2.4438268410384575e-05,-6.461553837469482e-09,1.3467946391905002e-14,2,"[-0.0013357569082215748, 0.00624862973760933, 0.24272, 1.0, 1]",0.0
0.24275555555555556,0,2.4455246783890356e-05,-6.494057693959713e-09,1.3487017561980558e-14,2,"[-0.001337523568801062, 0.0062537091026886975, 0.24275555555555556, 1.0, 1]",0.0
0.24288,0,2.4514560473876622e-05,-6.608036334015432e-09,1.355337446578908e-14,2,"[-0.0013436989163848334, 0.006271486880466474, 0.24288, 1.0, 1]",0.0
0.24304,0,2.4590568092924272e-05,-6.75506719920236e-09,1.3637783938440404e-14,2,"[-0.0013516204445481045, 0.006294344023323618, 0.24304, 1.0, 1]",0.0
0.24318333333333336,0,2.46584167084446e-05,-6.8872412954955275e-09,1.37125219066832e-14,2,"[-0.0013586994224165927, 0.0063148202137998065, 0.24318333333333336, 1.0, 1]",0.0
0.2432,0,2.4666291267527415e-05,-6.9026382410302085e-09,1.3721157881626095e-14,2,"[-0.0013595214927113672, 0.006317201166180755, 0.2432, 1.0, 1]",0.0
0.24336000000000002,0,2.4741729997686214e-05,-7.050741267499065e-09,1.3803479557360254e-14,2,"[-0.0013674020608746423, 0.0063400583090379055, 0.24336000000000002, 1.0, 1]",0.0
0.24352000000000001,0,2.4816884283400506e-05,-7.199368086608871e-09,1.3884732420825806e-14,2,"[-0.0013752621490379022, 0.0063629154518950425, 0.24352000000000001, 1.0, 1]",0.0
0.2436111111111111,0,2.4859553368252547e-05,-7.284233727506739e-09,1.3930517542437836e-14,2,"[-0.0013797288809703767, 0.0063759313249109155, 0.2436111111111111, 1.0, 1]",0.0
0.24368,0,2.4891754124670292e-05,-7.348510506359689e-09,1.3964900123259844e-14,2,"[-0.0013831017572011606, 0.006385772594752186, 0.24368, 1.0, 1]",0.0
0.24384,0,2.496633952149568e-05,-7.498160334751423e-09,1.4043966514799859e-14,2,"[-0.0013909208853644314, 0.00640862973760933, 0.24384, 1.0, 1]",0.0
0.244,0,2.5040640473876616e-05,-7.648309379784104e-09,1.4121915647291062e-14,2,"[-0.001398719533527694, 0.006431486880466474, 0.244, 1.0, 1]",0.0
0.24403888888888892,0,2.50586567633142e-05,-7.684878428608159e-09,1.4140691054733554e-14,2,"[-0.0014006119444624418, 0.0064370424360220314, 0.24403888888888892, 1.0, 1]",0.0
0.24416000000000002,0,2.5114656981813153e-05,-7.798949449457828e-09,1.4198731777056495e-14,2,"[-0.0014064977016909619, 0.006454344023323618, 0.24416000000000002, 1.0, 1]",0.0
0.24432,0,2.518838904530524e-05,-7.950072351772469e-09,1.4274399367628066e-14,2,"[-0.0014142553898542284, 0.006477201166180762, 0.24432, 1.0, 1]",0.0
0.24446666666666667,0,2.5255726893629775e-05,-8.089018837414118e-09,1.4342739272138516e-14,2,"[-0.001421348612892781, 0.0064981535471331404, 0.24446666666666667, 1.0, 1]",0.0
0.24448,0,2.5261836664352817e-05,-8.101669894728126e-09,1.4348903092439527e-14,2,"[-0.0014219925980174866, 0.006500058309037899, 0.24448, 1.0, 1]",0.0
0.24464000000000002,0,2.5334999838955998e-05,-8.25373388632466e-09,1.442222783748169e-14,2,"[-0.0014297093261807572, 0.00652291545189505, 0.24464000000000002, 1.0, 1]",0.0
0.24480000000000002,0,2.5407878569114726e-05,-8.406256134562245e-09,1.449435870391791e-14,2,"[-0.0014374055743440195, 0.006545772594752187, 0.24480000000000002, 1.0, 1]",0.0
0.24489444444444447,0,2.5450763759198947e-05,-8.496498392539235e-09,1.4536369642535826e-14,2,"[-0.0014419388862613874, 0.006559264658244256, 0.24489444444444447, 1.0, 1]",0.0
0.24496,0,2.5480472854829002e-05,-8.559228447440741e-09,1.4565281010662852e-14,2,"[-0.0014450813425072873, 0.006568629737609331, 0.24496, 1.0, 1]",0.0
0.24512,0,2.5552782696098826e-05,-8.712642632960216e-09,1.4634980296921883e-14,2,"[-0.0014527366306705536, 0.006591486880466475, 0.24512, 1.0, 1]",0.0
0.24528,0,2.5624808092924252e-05,-8.866490499120749e-09,1.4703442324692727e-14,2,"[-0.0014603714388338185, 0.006614344023323612, 0.24528, 1.0, 1]",0.0
0.24532222222222222,0,2.5643767360021986e-05,-8.907160532598073e-09,1.4721300595370714e-14,2,"[-0.0014623827645682541, 0.0066203757693553585, 0.24532222222222222, 1.0, 1]",0.0
0.24544,0,2.569654904530517e-05,-9.020763853922153e-09,1.4770653081228277e-14,2,"[-0.001467985766997082, 0.0066372011661807555, 0.24544, 1.0, 1]",0.0
0.2456,0,2.5768005553241692e-05,-9.17545450536454e-09,1.4836598781461917e-14,2,"[-0.001475579615160344, 0.006660058309037899, 0.2456, 1.0, 1]",0.0
0.24575000000000002,0,2.5834737696098838e-05,-9.320848696205118e-09,1.489726188990096e-14,2,"[-0.0014826802478134088, 0.006681486880466474, 0.24575000000000002, 1.0, 1]",0.0
0.24576,0,2.583917761673376e-05,-9.330554261447869e-09,1.490126587039346e-14,2,"[-0.0014831529833236184, 0.006682915451895043, 0.24576, 1.0, 1]",0.0
0.24592,0,2.5910065235781377e-05,-9.48605493017218e-09,1.4964641025437704e-14,2,"[-0.0014907058714868776, 0.006705772594752187, 0.24592, 1.0, 1]",0.0
0.24608000000000002,0,2.598066841038454e-05,-9.641948319537506e-09,1.5026711158734218e-14,2,"[-0.0014982382796501492, 0.006728629737609331, 0.24608000000000002, 1.0, 1]",0.0
0.24617777777777777,0,2.6023674767429396e-05,-9.737406321974953e-09,1.5063994949456777e-14,2,"[-0.0015028313359968307, 0.006742597991577583, 0.24617777777777777, 1.0, 1]",0.0
0.24624000000000001,0,2.6050987140543308e-05,-9.798226237543743e-09,1.5087463419419128e-14,2,"[-0.0015057502078134125, 0.006751486880466475, 0.24624000000000001, 1.0, 1]",0.0
0.2464,0,2.6121021426257567e-05,-9.954880492191047e-09,1.5146885195857707e-14,2,"[-0.0015132416559766743, 0.006774344023323619, 0.2464, 1.0, 1]",0.0
0.24656,0,2.619077126752743e-05,-1.011190289147921e-08,1.5204964117840465e-14,2,"[-0.0015207126241399416, 0.006797201166180756, 0.24656, 1.0, 1]",0.0
0.24660555555555558,0,2.621057857401382e-05,-1.0156676848522164e-08,1.5221253181708217e-14,2,"[-0.0015228360291185267, 0.006803709102688699, 0.24660555555555558, 1.0, 1]",0.0
0.24672,0,2.6260236664352784e-05,-1.0269285243408356e-08,1.526168805873852e-14,2,"[-0.0015281631123032074, 0.0068200583090379, 0.24672, 1.0, 1]",0.0
0.24688000000000002,0,2.632941761673374e-05,-1.0427019355978488e-08,1.5317045137623077e-14,2,"[-0.001535593120466472, 0.006842915451895044, 0.24688000000000002, 1.0, 1]",0.0
0.24703333333333333,0,2.639544911585195e-05,-1.0578503714461176e-08,1.5368802284938102e-14,2,"[-0.0015426943271784899, 0.006864820213799801, 0.24703333333333333, 1.0, 1]",0.0
0.24704,0,2.63983141246703e-05,-1.0585097037189559e-08,1.5371023721344737e-14,2,"[-0.001543002648629735, 0.006865772594752188, 0.24704, 1.0, 1]",0.0
0.2472,0,2.6466926188162298e-05,-1.0743510095041659e-08,1.5423612426575006e-14,2,"[-0.0015503916967929965, 0.0068886297376093315, 0.2472, 1.0, 1]",0.0
0.24736000000000002,0,2.6535253807209952e-05,-1.0902250337534775e-08,1.547480012181097e-14,2,"[-0.0015577602649562705, 0.0069114868804664754, 0.24736000000000002, 1.0, 1]",0.0
0.24746111111111113,0,2.6578286392943894e-05,-1.1002730358406665e-08,1.5506420540324265e-14,2,"[-0.0015624062301767272, 0.006925931324910917, 0.24746111111111113, 1.0, 1]",0.0
0.24752000000000002,0,2.66032969818131e-05,-1.1061309572668713e-08,1.552457592933884e-14,2,"[-0.0015651083531195292, 0.006934344023323619, 0.24752000000000002, 1.0, 1]",0.0
0.24768,0,2.667105571197185e-05,-1.122067960844368e-08,1.557292922716178e-14,2,"[-0.0015724359612828004, 0.006957201166180756, 0.24768, 1.0, 1]",0.0
0.24784,0,2.6738529997686093e-05,-1.1380352252859554e-08,1.5619849650887775e-14,2,"[-0.0015797430894460632, 0.0069800583090379, 0.24784, 1.0, 1]",0.0
0.24788888888888888,0,2.675909040528949e-05,-1.1429200218973006e-08,1.5633899090227342e-14,2,"[-0.0015819717381132317, 0.006987042436022026, 0.24788888888888888, 1.0, 1]",0.0
0.248,0,2.6805719838955992e-05,-1.1540319313916538e-08,1.5665327095580438e-14,2,"[-0.0015870297376093245, 0.007002915451895044, 0.248, 1.0, 1]",0.0
0.24816,0,2.687262523578133e-05,-1.170057259961437e-08,1.5709351717569974e-14,2,"[-0.0015942959057725914, 0.007025772594752188, 0.24816, 1.0, 1]",0.0
0.24831666666666669,0,2.6937861152889005e-05,-1.1857756734774904e-08,1.5751042202487734e-14,2,"[-0.0016013908509880104, 0.007048153547133142, 0.24831666666666669, 1.0, 1]",0.0
0.24832,0,2.6939246188162325e-05,-1.1861103917953263e-08,1.5751913936227874e-14,2,"[-0.0016015415939358568, 0.007048629737609332, 0.24832, 1.0, 1]",0.0
0.24848,0,2.7005582696098813e-05,-1.202190507693302e-08,1.579300443570098e-14,2,"[-0.0016087668020991278, 0.007071486880466476, 0.24848, 1.0, 1]",0.0
0.24864,0,2.707163475959085e-05,-1.2182967884553759e-08,1.5832614166609206e-14,2,"[-0.0016159715302623903, 0.007094344023323613, 0.24864, 1.0, 1]",0.0
0.24874444444444443,0,2.7114598635742226e-05,-1.228824334442673e-08,1.5857667520727174e-14,2,"[-0.0016206635688010632, 0.007109264658244251, 0.24874444444444443, 1.0, 1]",0.0
0.24880000000000002,0,2.713740237863854e-05,-1.2344284148815534e-08,1.5870734347704072e-14,2,"[-0.0016231557784256515, 0.007117201166180764, 0.24880000000000002, 1.0, 1]",0.0
0.24896000000000001,0,2.7202885553241673e-05,-1.2505845677718297e-08,1.5907356467488207e-14,2,"[-0.001630319546588918, 0.007140058309037901, 0.24896000000000001, 1.0, 1]",0.0
0.24912,0,2.7268084283400406e-05,-1.2667644279261947e-08,1.5942472285798837e-14,2,"[-0.0016374628347521833, 0.0071629154518950446, 0.24912, 1.0, 1]",0.0
0.24917222222222224,0,2.7289302853849152e-05,-1.2720503486543197e-08,1.5953606300660224e-14,2,"[-0.00163978989155239, 0.00717037576935536, 0.24917222222222224, 1.0, 1]",0.0
0.24928,0,2.7332998569114632e-05,-1.2829671761446534e-08,1.5976073835349938e-14,2,"[-0.001644585642915447, 0.0071857725947521885, 0.24928, 1.0, 1]",0.0
0.24944,0,2.7397628410384515e-05,-1.2991919932272107e-08,1.6008153423238874e-14,2,"[-0.0016516879710787163, 0.007208629737609325, 0.24944, 1.0, 1]",0.0
0.24960000000000002,0,2.7461973807209946e-05,-1.3154380599738752e-08,1.6038703632412263e-14,2,"[-0.0016587698192419773, 0.007231486880466476, 0.24960000000000002, 1.0, 1]",0.0
0.24976,0,2.752603475959087e-05,-1.3317045571846406e-08,1.606771732309558e-14,2,"[-0.0016658311874052506, 0.007254344023323613, 0.24976, 1.0, 1]",0.0
0.24992,0,2.758981126752734e-05,-1.3479906656594836e-08,1.609518763418373e-14,2,"[-0.0016728720755685086, 0.007277201166180757, 0.24992, 1.0, 1]",0.0
0.2500277777777778,0,2.76326114958245e-05,-1.3589718122628021e-08,1.611281864884321e-14,2,"[-0.0016776033518698524, 0.007292597991577585, 0.2500277777777778, 1.0, 1]",0.0
0.25008,0,2.7653303331019415e-05,-1.3642955661984365e-08,1.612110798459245e-14,2,"[-0.0016798924837317791, 0.007300058309037901, 0.25008, 1.0, 1]",0.0
0.25024,0,2.7716510950067037e-05,-1.3806184396014716e-08,1.614547207457269e-14,2,"[-0.0016868924118950412, 0.007322915451895045, 0.25024, 1.0, 1]",0.0
0.2504,0,2.7779434124670206e-05,-1.3969584666686166e-08,1.6168273886985686e-14,2,"[-0.0016938718600583158, 0.007345772594752189, 0.2504, 1.0, 1]",0.0
0.2504555555555556,0,2.780121591969281e-05,-1.4026359493825386e-08,1.6175824719880908e-14,2,"[-0.001696290489435981, 0.007353709102688701, 0.2504555555555556, 1.0, 1]",0.0
0.25056,0,2.7842072854829085e-05,-1.4133148281998665e-08,1.6189507688541043e-14,2,"[-0.001700830828221575, 0.007368629737609333, 0.25056, 1.0, 1]",0.0
0.25072,0,2.790442714054335e-05,-1.4296867049951981e-08,1.6209168030994038e-14,2,"[-0.0017077693163848329, 0.00739148688046647, 0.25072, 1.0, 1]",0.0
0.25088,0,2.796649698181316e-05,-1.4460732778546234e-08,1.6227249752308058e-14,2,"[-0.0017146873245481031, 0.007414344023323614, 0.25088, 1.0, 1]",0.0
0.25088333333333335,0,2.7967787078814882e-05,-1.4464148151945495e-08,1.622760963286005e-14,2,"[-0.0017148312319403905, 0.00741482021379981, 0.25088333333333335, 1.0, 1]",0.0
0.25104,0,2.8028282378638576e-05,-1.462473727578153e-08,1.6243747977775774e-14,2,"[-0.001721584852711372, 0.007437201166180758, 0.25104, 1.0, 1]",0.0
0.2512,0,2.8089783331019483e-05,-1.478887234965782e-08,1.625865812110308e-14,2,"[-0.0017284619008746324, 0.0074600583090378945, 0.2512, 1.0, 1]",0.0
0.25131111111111115,0,2.813232497319082e-05,-1.4902927535602942e-08,1.6268075758869508e-14,2,"[-0.0017332255793830742, 0.007475931324910919, 0.25131111111111115, 1.0, 1]",0.0
0.25136000000000003,0,2.815099983895594e-05,-1.4953129808174953e-08,1.627197588545547e-14,2,"[-0.0017353184690378984, 0.007482915451895045, 0.25136000000000003, 1.0, 1]",0.0
0.25152,0,2.8211931902448104e-05,-1.5117501459333285e-08,1.6283697264464796e-14,2,"[-0.001742154557201163, 0.007505772594752189, 0.25152, 1.0, 1]",0.0
0.25168,0,2.827257952149571e-05,-1.5281979111132365e-08,1.629381854319805e-14,2,"[-0.001748970165364433, 0.007528629737609333, 0.25168, 1.0, 1]",0.0
0.2517388888888889,0,2.829482960282041e-05,-1.5342541083412072e-08,1.6297140205105534e-14,2,"[-0.001751473531764025, 0.007537042436022028, 0.2517388888888889, 1.0, 1]",0.0
0.25184,0,2.833294269609886e-05,-1.54465545715725e-08,1.630233629908876e-14,2,"[-0.0017557652935276946, 0.00755148688046647, 0.25184, 1.0, 1]",0.0
0.252,0,2.8393021426257562e-05,-1.56112196486535e-08,1.6309247402829273e-14,2,"[-0.0017625399416909618, 0.007574344023323614, 0.252, 1.0, 1]",0.0
0.25216,0,2.8452815711971918e-05,-1.5775966150375742e-08,1.6314549019224506e-14,2,"[-0.0017692941098542275, 0.007597201166180758, 0.25216, 1.0, 1]",0.0
0.2521666666666667,0,2.8455300967703868e-05,-1.5782832233987567e-08,1.6314734953234503e-14,2,"[-0.0017695750890832501, 0.007598153547133144, 0.2521666666666667, 1.0, 1]",0.0
0.25232,0,2.8512325553241714e-05,-1.594078588473863e-08,1.6318238608007972e-14,2,"[-0.001776027798017485, 0.007620058309037902, 0.25232, 1.0, 1]",0.0
0.25248000000000004,0,2.8571550950067057e-05,-1.6105670659742613e-08,1.632031392461915e-14,2,"[-0.0017827410061807547, 0.007642915451895046, 0.25248000000000004, 1.0, 1]",0.0
0.25259444444444445,0,2.861373906784103e-05,-1.6223644425944023e-08,1.6320806983759945e-14,2,"[-0.0017875302513407493, 0.007659264658244253, 0.25259444444444445, 1.0, 1]",0.0
0.25264,0,2.8630491902448003e-05,-1.6270612283387514e-08,1.632077302094314e-14,2,"[-0.0017894337343440161, 0.007665772594752183, 0.25264, 1.0, 1]",0.0
0.2528,0,2.868914841038466e-05,-1.6435602563673607e-08,1.6319614246010893e-14,2,"[-0.00179610598250729, 0.007688629737609334, 0.2528, 1.0, 1]",0.0
0.25296,0,2.8747520473876645e-05,-1.660063330860043e-08,1.6316836246661465e-14,2,"[-0.0018027577506705555, 0.0077114868804664775, 0.25296, 1.0, 1]",0.0
0.25302222222222226,0,2.8770143903232006e-05,-1.666482109789581e-08,1.6315318386400193e-14,2,"[-0.0018053390185365156, 0.007720375769355369, 0.25302222222222226, 1.0, 1]",0.0
0.25312,0,2.8805608092924233e-05,-1.6765696326168345e-08,1.631243796816767e-14,2,"[-0.0018093890388338127, 0.0077343440233236145, 0.25312, 1.0, 1]",0.0
0.25328,0,2.8863411267527424e-05,-1.6930783424377157e-08,1.6306418654820995e-14,2,"[-0.0018159998469970823, 0.007757201166180758, 0.25328, 1.0, 1]",0.0
0.25344,0,2.8920929997686162e-05,-1.7095886411226962e-08,1.629877785047899e-14,2,"[-0.0018225901751603435, 0.007780058309037902, 0.25344, 1.0, 1]",0.0
0.25345,0,2.8924515473876687e-05,-1.7106205688457574e-08,1.6298246456469987e-14,2,"[-0.0018230013906705561, 0.007781486880466471, 0.25345, 1.0, 1]",0.0
0.2536,0,2.8978164283400393e-05,-1.7260997094717627e-08,1.6289515399075185e-14,2,"[-0.0018291600233236172, 0.007802915451895039, 0.2536, 1.0, 1]",0.0
0.25376,0,2.9035114124670227e-05,-1.7426107282849485e-08,1.627863144508987e-14,2,"[-0.0018357093914868755, 0.007825772594752183, 0.25376, 1.0, 1]",0.0
0.2538777777777778,0,2.9076853779775127e-05,-1.7547641636244008e-08,1.6269583777272086e-14,2,"[-0.0018405173677428638, 0.007842597991577587, 0.2538777777777778, 1.0, 1]",0.0
0.25392000000000003,0,2.909177952149577e-05,-1.7591208783622203e-08,1.626612643398344e-14,2,"[-0.0018422382796501463, 0.007848629737609334, 0.25392000000000003, 1.0, 1]",0.0
0.25408000000000003,0,2.9148160473876645e-05,-1.7756293405035748e-08,1.6252001112588626e-14,2,"[-0.0018487466878134157, 0.007871486880466478, 0.25408000000000003, 1.0, 1]",0.0
0.25424,0,2.9204256981813176e-05,-1.792135295509052e-08,1.6236256529469474e-14,2,"[-0.0018552346159766767, 0.007894344023323615, 0.25424, 1.0, 1]",0.0
0.25430555555555556,0,2.9227158820927326e-05,-1.7988972379869307e-08,1.6229338288495038e-14,2,"[-0.0018578869497534456, 0.007903709102688696, 0.25430555555555556, 1.0, 1]",0.0
0.2544,0,2.9260069045305254e-05,-1.808637924178609e-08,1.6218894035237435e-14,2,"[-0.0018617020641399432, 0.007917201166180759, 0.2544, 1.0, 1]",0.0
0.25456,0,2.9315596664352826e-05,-1.825136407312265e-08,1.619991528283064e-14,2,"[-0.0018681490323032013, 0.007940058309037903, 0.25456, 1.0, 1]",0.0
0.25472,0,2.9370839838955946e-05,-1.8416299257100063e-08,1.617932222775613e-14,2,"[-0.001874575520466465, 0.007962915451895047, 0.25472, 1.0, 1]",0.0
0.25473333333333337,0,2.9375430597333393e-05,-1.8430041357948282e-08,1.6177533340617627e-14,2,"[-0.0018751101367023015, 0.007964820213799812, 0.25473333333333337, 1.0, 1]",0.0
0.25488,0,2.9425798569114722e-05,-1.8581176601718682e-08,1.6157117128291744e-14,2,"[-0.001880981528629734, 0.007985772594752184, 0.25488, 1.0, 1]",0.0
0.25504,0,2.948047285482899e-05,-1.8745987914978155e-08,1.613330254565098e-14,2,"[-0.0018873670567930018, 0.008008629737609328, 0.25504, 1.0, 1]",0.0
0.2551611111111111,0,2.9521669108993165e-05,-1.8870692009095276e-08,1.611420773532125e-14,2,"[-0.0018921869285894247, 0.008025931324910914, 0.2551611111111111, 1.0, 1]",0.0
0.2552,0,2.9534862696098808e-05,-1.8910725004878484e-08,1.6107881344109435e-14,2,"[-0.001893732104956261, 0.008031486880466471, 0.2552, 1.0, 1]",0.0
0.25536000000000003,0,2.958896809292428e-05,-1.9075379679420055e-08,1.6080856691092214e-14,2,"[-0.0019000766731195329, 0.008054344023323622, 0.25536000000000003, 1.0, 1]",0.0
0.25552,0,2.9642789045305248e-05,-1.9239943746602445e-08,1.6052232057223945e-14,2,"[-0.0019064007612828032, 0.00807720116618076, 0.25552, 1.0, 1]",0.0
0.2555888888888889,0,2.9665874355906804e-05,-1.9310767771925138e-08,1.6039415751910148e-14,2,"[-0.001909117325414822, 0.00808704243602203, 0.2555888888888889, 1.0, 1]",0.0
0.25568,0,2.9696325553241708e-05,-1.9404409014425683e-08,1.6022011216339864e-14,2,"[-0.0019127043694460652, 0.008100058309037903, 0.25568, 1.0, 1]",0.0
0.25584,0,2.974957761673377e-05,-1.9568767290890142e-08,1.5990198245458778e-14,2,"[-0.0019189874976093257, 0.008122915451895047, 0.25584, 1.0, 1]",0.0
0.256,0,2.9802545235781434e-05,-1.973301038399537e-08,1.595679752471839e-14,2,"[-0.0019252501457725987, 0.008145772594752184, 0.256, 1.0, 1]",0.0
0.25601666666666667,0,2.980804633807415e-05,-1.975011208505209e-08,1.5953227159737733e-14,2,"[-0.0019259013271784864, 0.00814815354713314, 0.25601666666666667, 1.0, 1]",0.0
0.25616,0,2.9855228410384537e-05,-1.9897130101741526e-08,1.5921813737269956e-14,2,"[-0.0019314923139358564, 0.008168629737609328, 0.25616, 1.0, 1]",0.0
0.25632,0,2.9907627140543242e-05,-2.0061118252128675e-08,1.5885251869138425e-14,2,"[-0.0019377140020991196, 0.008191486880466472, 0.25632, 1.0, 1]",0.0
0.2564444444444445,0,2.9948185055495306e-05,-2.018856838709074e-08,1.5855727216641356e-14,2,"[-0.001942538933880432, 0.008209264658244255, 0.2564444444444445, 1.0, 1]",0.0
0.25648,0,2.995974142625755e-05,-2.022496664315705e-08,1.5847117209040553e-14,2,"[-0.0019439152102623813, 0.008214344023323616, 0.25648, 1.0, 1]",0.0
0.25664,0,3.001157126752735e-05,-2.0388667082826115e-08,1.5807415348167505e-14,2,"[-0.0019500959384256486, 0.008237201166180753, 0.25664, 1.0, 1]",0.0
0.25680000000000003,0,3.0063116664352807e-05,-2.0552211379136294e-08,1.5766152179927103e-14,2,"[-0.0019562561865889214, 0.008260058309037904, 0.25680000000000003, 1.0, 1]",0.0
0.2568722222222222,0,3.008629050817017e-05,-2.062598011665575e-08,1.574701665338276e-14,2,"[-0.0019590301455206446, 0.008270375769355364, 0.2568722222222222, 1.0, 1]",0.0
0.25696,0,3.0114377616733757e-05,-2.0715591340087352e-08,1.5723333899648803e-14,2,"[-0.0019623959547521858, 0.008282915451895047, 0.25696, 1.0, 1]",0.0
0.25712,0,3.016535412467031e-05,-2.0878798773679414e-08,1.5678967004250662e-14,2,"[-0.0019685152429154487, 0.008305772594752191, 0.25712, 1.0, 1]",0.0
0.25728,0,3.02160461881623e-05,-2.1041825487912313e-08,1.563305829186679e-14,2,"[-0.0019746140510787102, 0.008328629737609328, 0.25728, 1.0, 1]",0.0
0.25730000000000003,0,3.02223626960989e-05,-2.1062190712361602e-08,1.5627211644098438e-14,2,"[-0.0019753749620991246, 0.008331486880466473, 0.25730000000000003, 1.0, 1]",0.0
0.25744,0,3.0266453807209894e-05,-2.1204663290786453e-08,1.5585614861437876e-14,2,"[-0.001980692379241984, 0.008351486880466472, 0.25744, 1.0, 1]",0.0
0.2576,0,3.031657698181309e-05,-2.1367303990301317e-08,1.5536644112263105e-14,2,"[-0.001986750227405243, 0.008374344023323616, 0.2576, 1.0, 1]",0.0
0.2577277777777778,0,3.035640161928128e-05,-2.1497043612822707e-08,1.549644376275378e-14,2,"[-0.0019915733836158786, 0.008392597991577582, 0.2577277777777778, 1.0, 1]",0.0
0.25776,0,3.036641571197183e-05,-2.152973939445721e-08,1.5486153743511738e-14,2,"[-0.001992787595568507, 0.008397201166180753, 0.25776, 1.0, 1]",0.0
0.25792,0,3.0415969997686068e-05,-2.1691961311254023e-08,1.5434151753699596e-14,2,"[-0.0019988044837317767, 0.008420058309037897, 0.25792, 1.0, 1]",0.0
0.25808,0,3.0465239838955906e-05,-2.1853961548691998e-08,1.538064644012527e-14,2,"[-0.002004800891895045, 0.008442915451895041, 0.25808, 1.0, 1]",0.0
0.2581555555555556,0,3.0488407277717584e-05,-2.1930382256653975e-08,1.5354859925608083e-14,2,"[-0.0020076254100709137, 0.008453709102688698, 0.2581555555555556, 1.0, 1]",0.0
0.25824,0,3.0514225235781347e-05,-2.2015731914770794e-08,1.53256463982688e-14,2,"[-0.002010776820058305, 0.008465772594752192, 0.25824, 1.0, 1]",0.0
0.2584,0,3.0562926188162334e-05,-2.2177264217490776e-08,1.5269160521150305e-14,2,"[-0.002016732268221577, 0.008488629737609329, 0.2584, 1.0, 1]",0.0
0.25856,0,3.061134269609876e-05,-2.2338550264851388e-08,1.5211197998653633e-14,2,"[-0.002022667236384841, 0.008511486880466473, 0.25856, 1.0, 1]",0.0
0.25858333333333333,0,3.061837967140748e-05,-2.2362050082469415e-08,1.5202622319683782e-14,2,"[-0.002023531041464202, 0.008514820213799807, 0.25858333333333333, 1.0, 1]",0.0
0.25872,0,3.0659474759590845e-05,-2.2499581864853033e-08,1.5151768316808535e-14,2,"[-0.0020285817245480967, 0.008534344023323617, 0.25872, 1.0, 1]",0.0
0.25888,0,3.070732237863853e-05,-2.2660350825495763e-08,1.509088125703572e-14,2,"[-0.0020344757327113716, 0.00855720116618076, 0.25888, 1.0, 1]",0.0
0.25901111111111114,0,3.0746318800351196e-05,-2.279189052888419e-08,1.5039908317245092e-14,2,"[-0.0020392902777957717, 0.008575931324910923, 0.25901111111111114, 1.0, 1]",0.0
0.25904,0,3.0754885553241655e-05,-2.2820848954779493e-08,1.5028546895353732e-14,2,"[-0.002040349260874638, 0.008580058309037897, 0.25904, 1.0, 1]",0.0
0.2592,0,3.080216428340049e-05,-2.2981068060704142e-08,1.4964775601548858e-14,2,"[-0.0020462023090378895, 0.008602915451895041, 0.2592, 1.0, 1]",0.0
0.25936000000000003,0,3.084915856911471e-05,-2.314099995126986e-08,1.4899578038302042e-14,2,"[-0.002052034877201167, 0.008625772594752192, 0.25936000000000003, 1.0, 1]",0.0
0.2594388888888889,0,3.087222466454878e-05,-2.3219747034512206e-08,1.4866910376284044e-14,2,"[-0.0020549031190656222, 0.008637042436022025, 0.2594388888888889, 1.0, 1]",0.0
0.25952000000000003,0,3.089586841038453e-05,-2.3300636434476304e-08,1.4832965160284865e-14,2,"[-0.0020578469653644293, 0.008648629737609336, 0.25952000000000003, 1.0, 1]",0.0
0.25968,0,3.09422938072099e-05,-2.345996931832378e-08,1.476494821320937e-14,2,"[-0.002063638573527704, 0.008671486880466473, 0.25968, 1.0, 1]",0.0
0.25984,0,3.098843475959087e-05,-2.361899041081226e-08,1.469553873284553e-14,2,"[-0.0020694097016909566, 0.008694344023323617, 0.25984, 1.0, 1]",0.0
0.2598666666666667,0,3.099609726400006e-05,-2.3645463037968483e-08,1.4683835927009913e-14,2,"[-0.002070369565273719, 0.008698153547133141, 0.2598666666666667, 1.0, 1]",0.0
0.26,0,3.103429126752734e-05,-2.3777691519941828e-08,1.4624748543996908e-14,2,"[-0.0020751603498542215, 0.008717201166180761, 0.26, 1.0, 1]",0.0
0.26016,0,3.107986333101951e-05,-2.3936064453712226e-08,1.455258975944117e-14,2,"[-0.002080890518017492, 0.008740058309037898, 0.26016, 1.0, 1]",0.0
0.26029444444444444,0,3.111793659870511e-05,-2.4068881977867245e-08,1.449090724435249e-14,2,"[-0.002085689616420111, 0.00875926465824425, 0.26029444444444444, 1.0, 1]",0.0
0.26032,0,3.112515095006713e-05,-2.4094101020123623e-08,1.447907477882711e-14,2,"[-0.002086600206180747, 0.008762915451895042, 0.26032, 1.0, 1]",0.0
0.26048,0,3.1170154124670344e-05,-2.4251793027175935e-08,1.440421628754012e-14,2,"[-0.0020922894143440215, 0.008785772594752186, 0.26048, 1.0, 1]",0.0
0.26064,0,3.1214872854829054e-05,-2.4409132282869428e-08,1.4328027255523075e-14,2,"[-0.0020979581425072946, 0.00880862973760933, 0.26064, 1.0, 1]",0.0
0.26072222222222224,0,3.123774266866402e-05,-2.4489847292823135e-08,1.4288361306467123e-14,2,"[-0.002100863272504777, 0.008820375769355366, 0.26072222222222224, 1.0, 1]",0.0
0.26080000000000003,0,3.125930714054326e-05,-2.45661105952036e-08,1.4250520936064228e-14,2,"[-0.0021036063906705454, 0.008831486880466474, 0.26080000000000003, 1.0, 1]",0.0
0.26096,0,3.130345698181312e-05,-2.472271977217901e-08,1.4171710864542049e-14,2,"[-0.0021092341588338226, 0.008854344023323617, 0.26096, 1.0, 1]",0.0
0.26112,0,3.134732237863858e-05,-2.487895162179515e-08,1.4091610857135675e-14,2,"[-0.0021148414469970844, 0.008877201166180761, 0.26112, 1.0, 1]",0.0
0.26115,0,3.135551547387664e-05,-2.4908202421450933e-08,1.4076449639248364e-14,2,"[-0.0021158905335276895, 0.008881486880466468, 0.26115, 1.0, 1]",0.0
0.26128,0,3.139090333101948e-05,-2.503479795205229e-08,1.4010235009493165e-14,2,"[-0.0021204282551603518, 0.008900058309037905, 0.26128, 1.0, 1]",0.0
0.26144,0,3.1434199838956036e-05,-2.519025057095053e-08,1.3927597695366367e-14,2,"[-0.0021259945833236107, 0.008922915451895042, 0.26144, 1.0, 1]",0.0
0.2615777777777778,0,3.147125501434307e-05,-2.532379080236472e-08,1.3855438146854262e-14,2,"[-0.002130771399488904, 0.008942597991577584, 0.2615777777777778, 1.0, 1]",0.0
0.2616,0,3.147721190244803e-05,-2.534530128648968e-08,1.3843713565202479e-14,2,"[-0.0021315404314868752, 0.008945772594752186, 0.2616, 1.0, 1]",0.0
0.26176,0,3.1519939521495685e-05,-2.5499941906669746e-08,1.3758597544701469e-14,2,"[-0.002137065799650145, 0.00896862973760933, 0.26176, 1.0, 1]",0.0
0.26192,0,3.156238269609883e-05,-2.565416423949081e-08,1.3672264833330982e-14,2,"[-0.0021425706878134, 0.008991486880466467, 0.26192, 1.0, 1]",0.0
0.26200555555555555,0,3.1584961290063204e-05,-2.5736455874179277e-08,1.362560692823188e-14,2,"[-0.0021455058703883784, 0.009003709102688693, 0.26200555555555555, 1.0, 1]",0.0
0.26208,0,3.160454142625758e-05,-2.5807960092952845e-08,1.3584730902807484e-14,2,"[-0.002148055095976674, 0.009014344023323611, 0.26208, 1.0, 1]",0.0
0.26224000000000003,0,3.1646415711971874e-05,-2.5961321275055894e-08,1.349601149553521e-14,2,"[-0.0021535190241399466, 0.009037201166180762, 0.26224000000000003, 1.0, 1]",0.0
0.2624,0,3.168800555324172e-05,-2.611423959379988e-08,1.340612262300942e-14,2,"[-0.002158962472303211, 0.009060058309037906, 0.2624, 1.0, 1]",0.0
0.26243333333333335,0,3.16966343010371e-05,-2.614604107550925e-08,1.3387250079655624e-14,2,"[-0.0021600939462260993, 0.009064820213799809, 0.26243333333333335, 1.0, 1]",0.0
0.26256,0,3.172931095006711e-05,-2.626670685718477e-08,1.331508056417988e-14,2,"[-0.0021643854404664667, 0.009082915451895043, 0.26256, 1.0, 1]",0.0
0.26272,0,3.17703319024481e-05,-2.6418714873210866e-08,1.3222901863776338e-14,2,"[-0.002169787928629735, 0.009105772594752187, 0.26272, 1.0, 1]",0.0
0.2628611111111111,0,3.180627404726486e-05,-2.655238984496914e-08,1.3140675483270409e-14,2,"[-0.002174535627002122, 0.009125931324910918, 0.2628611111111111, 1.0, 1]",0.0
0.26288,0,3.181106841038453e-05,-2.6570255449877543e-08,1.3129603330596764e-14,2,"[-0.002175169936793009, 0.00912862973760933, 0.26288, 1.0, 1]",0.0
0.26304,0,3.185152047387662e-05,-2.6721320395185353e-08,1.3035202035755209e-14,2,"[-0.0021805314649562604, 0.009151486880466474, 0.26304, 1.0, 1]",0.0
0.2632,0,3.18916880929242e-05,-2.6871901517134273e-08,1.2939715310892718e-14,2,"[-0.0021858725131195245, 0.009174344023323611, 0.2632, 1.0, 1]",0.0
0.2632888888888889,0,3.1913880528746383e-05,-2.695534562117353e-08,1.288620458164115e-14,2,"[-0.002188830912716419, 0.009187042436022027, 0.2632888888888889, 1.0, 1]",0.0
0.26336000000000004,0,3.1931571267527494e-05,-2.7021990623724168e-08,1.2843160746351379e-14,2,"[-0.002191193081282808, 0.009197201166180762, 0.26336000000000004, 1.0, 1]",0.0
0.26352,0,3.197116999768617e-05,-2.717157952295483e-08,1.2745556189305546e-14,2,"[-0.002196493169446062, 0.0092200583090379, 0.26352, 1.0, 1]",0.0
0.26368,0,3.201048428340045e-05,-2.732066002282664e-08,1.2646919741859968e-14,2,"[-0.0022017727776093288, 0.00924291545189505, 0.26368, 1.0, 1]",0.0
0.2637166666666667,0,3.2019453745481556e-05,-2.7354751842736593e-08,1.2624172138312116e-14,2,"[-0.0022029798033689624, 0.009248153547133143, 0.2637166666666667, 1.0, 1]",0.0
0.26384,0,3.204951412467033e-05,-2.7469223931339352e-08,1.254726975910671e-14,2,"[-0.002207031905772594, 0.009265772594752187, 0.26384, 1.0, 1]",0.0
0.264,0,3.2088259521495706e-05,-2.76172630564928e-08,1.2446624847143642e-14,2,"[-0.0022122705539358647, 0.009288629737609331, 0.264, 1.0, 1]",0.0
0.26414444444444446,0,3.212299369747054e-05,-2.7750451948273404e-08,1.2354925984371102e-14,2,"[-0.0022169822989597937, 0.009309264658244252, 0.26414444444444446, 1.0, 1]",0.0
0.26416,0,3.212672047387663e-05,-2.776476920628746e-08,1.2345003861055243e-14,2,"[-0.00221748872209912, 0.009311486880466475, 0.26416, 1.0, 1]",0.0
0.26432,0,3.216489698181315e-05,-2.7911734188723232e-08,1.224242590285649e-14,2,"[-0.002222686410262395, 0.009334344023323612, 0.26432, 1.0, 1]",0.0
0.26448,0,3.220278904530517e-05,-2.8058149811799705e-08,1.2138910319396184e-14,2,"[-0.0022278636184256545, 0.009357201166180756, 0.26448, 1.0, 1]",0.0
0.26457222222222226,0,3.2224500384713396e-05,-2.814228937639792e-08,1.2078826751023729e-14,2,"[-0.002230838399488899, 0.009370375769355368, 0.26457222222222226, 1.0, 1]",0.0
0.26464,0,3.224039666435284e-05,-2.820400788351718e-08,1.2034476700222675e-14,2,"[-0.0022330203465889126, 0.0093800583090379, 0.26464, 1.0, 1]",0.0
0.26480000000000004,0,3.227771983895601e-05,-2.8349300211875704e-08,1.1929144875411069e-14,2,"[-0.002238156594752183, 0.00940291545189505, 0.26480000000000004, 1.0, 1]",0.0
0.26496,0,3.231475856911467e-05,-2.849401860487516e-08,1.182293491335395e-14,2,"[-0.002243272362915452, 0.00942577259475218, 0.26496, 1.0, 1]",0.0
0.265,0,3.23239738072099e-05,-2.8530107565725066e-08,1.1796247588169662e-14,2,"[-0.002244548104956265, 0.009431486880466477, 0.265, 1.0, 1]",0.0
0.26512,0,3.235151285482899e-05,-2.8638154870515378e-08,1.1715867118512154e-14,2,"[-0.002248367651078706, 0.009448629737609331, 0.26512, 1.0, 1]",0.0
0.26528,0,3.238798269609885e-05,-2.8781700816797004e-08,1.1607962029124793e-14,2,"[-0.002253442459241979, 0.009471486880466475, 0.26528, 1.0, 1]",0.0
0.2654277777777778,0,3.242141396496027e-05,-2.891374995486949e-08,1.1507573868993738e-14,2,"[-0.0022581114153619117, 0.009492597991577586, 0.2654277777777778, 1.0, 1]",0.0
0.26544,0,3.2424168092924264e-05,-2.892464825171942e-08,1.1499240414888013e-14,2,"[-0.002258496787405251, 0.009494344023323619, 0.26544, 1.0, 1]",0.0
0.2656,0,3.246006904530517e-05,-2.9066988983282635e-08,1.138972327458763e-14,2,"[-0.002263530635568514, 0.009517201166180756, 0.2656, 1.0, 1]",0.0
0.26576,0,3.249568555324168e-05,-2.9208714819486852e-08,1.1279431833698215e-14,2,"[-0.002268544003731776, 0.0095400583090379, 0.26576, 1.0, 1]",0.0
0.26585555555555557,0,3.2516820857964404e-05,-2.929305998244548e-08,1.1213202880558114e-14,2,"[-0.0022715283307058326, 0.009553709102688695, 0.26585555555555557, 1.0, 1]",0.0
0.26592,0,3.253101761673379e-05,-2.9349817568332303e-08,1.1168387541941959e-14,2,"[-0.0022735368918950435, 0.009562915451895044, 0.26592, 1.0, 1]",0.0
0.26608,0,3.256606523578139e-05,-2.9490289037818546e-08,1.1056612070810881e-14,2,"[-0.0022785093000583095, 0.009585772594752181, 0.26608, 1.0, 1]",0.0
0.26624000000000003,0,3.2600828410384594e-05,-2.9630121035945832e-08,1.0944127311048568e-14,2,"[-0.002283461228221567, 0.009608629737609332, 0.26624000000000003, 1.0, 1]",0.0
0.26628333333333337,0,3.261019448622235e-05,-2.9667881087067688e-08,1.091354350040431e-14,2,"[-0.002284798850988007, 0.00961482021379981, 0.26628333333333337, 1.0, 1]",0.0
0.2664,0,3.263530714054329e-05,-2.9769305370713874e-08,1.0830955370095221e-14,2,"[-0.0022883926763848372, 0.009631486880466476, 0.2664, 1.0, 1]",0.0
0.26656,0,3.266950142625754e-05,-2.990783385012293e-08,1.0717118569493365e-14,2,"[-0.002293303644548106, 0.00965434402332362, 0.26656, 1.0, 1]",0.0
0.2667111111111111,0,3.2701534849734e-05,-3.0038056707350615e-08,1.0609015859161932e-14,2,"[-0.002297922976208476, 0.00967593132491092, 0.2667111111111111, 1.0, 1]",0.0
0.26672,0,3.270341126752739e-05,-3.0045698282172985e-08,1.060263944225651e-14,2,"[-0.002298194132711359, 0.009677201166180757, 0.26672, 1.0, 1]",0.0
0.26688,0,3.273703666435278e-05,-3.018289047486418e-08,1.0487540730197708e-14,2,"[-0.002303064140874625, 0.0097000583090379, 0.26688, 1.0, 1]",0.0
0.26704,0,3.2770377616733726e-05,-3.0319402236196266e-08,1.037184538122221e-14,2,"[-0.002307913669037903, 0.009722915451895044, 0.26704, 1.0, 1]",0.0
0.2671388888888889,0,3.279084194849946e-05,-3.04034302819088e-08,1.0300050989165767e-14,2,"[-0.0023109007063671916, 0.009737042436022036, 0.2671388888888889, 1.0, 1]",0.0
0.2672,0,3.280343412467022e-05,-3.045522537416914e-08,1.0255576546579434e-14,2,"[-0.002312742717201166, 0.009745772594752188, 0.2672, 1.0, 1]",0.0
0.26736,0,3.2836206188162256e-05,-3.059035169678299e-08,1.0138757578077339e-14,2,"[-0.0023175512853644276, 0.009768629737609325, 0.26736, 1.0, 1]",0.0
0.26752,0,3.286869380720984e-05,-3.0724773012038114e-08,1.0021412025259029e-14,2,"[-0.0023223393735276876, 0.009791486880466469, 0.26752, 1.0, 1]",0.0
0.2675666666666667,0,3.2878115782518683e-05,-3.076384524935676e-08,9.987090459078175e-15,2,"[-0.002323732041464202, 0.009798153547133138, 0.2675666666666667, 1.0, 1]",0.0
0.26768000000000003,0,3.290089698181314e-05,-3.085848112793397e-08,9.903563632542945e-15,2,"[-0.002327106981690967, 0.00981434402332362, 0.26768000000000003, 1.0, 1]",0.0
0.26784,0,3.293281571197182e-05,-3.0991467852470895e-08,9.785236336317627e-15,2,"[-0.0023318541098542173, 0.009837201166180764, 0.26784, 1.0, 1]",0.0
0.2679944444444445,0,3.2963356351791556e-05,-3.1119145048308935e-08,9.670585994520313e-15,2,"[-0.00233641698149948, 0.009859264658244254, 0.2679944444444445, 1.0, 1]",0.0
0.268,0,3.2964449997686105e-05,-3.112372499364871e-08,9.66645426200872e-15,2,"[-0.002336580758017487, 0.0098600583090379, 0.268, 1.0, 1]",0.0
0.26816,0,3.2995799838955937e-05,-3.125524435946743e-08,9.547241721098317e-15,2,"[-0.002341286926180755, 0.009882915451895045, 0.26816, 1.0, 1]",0.0
0.26832,0,3.302686523578137e-05,-3.1386017757927235e-08,9.427623208111001e-15,2,"[-0.0023459726143440288, 0.009905772594752189, 0.26832, 1.0, 1]",0.0
0.26842222222222223,0,3.3046563656318406e-05,-3.146917311738032e-08,9.350999084710622e-15,2,"[-0.0023489555264730316, 0.009920375769355363, 0.26842222222222223, 1.0, 1]",0.0
0.26848,0,3.30576461881623e-05,-3.1516036997028216e-08,9.30762339755986e-15,2,"[-0.002350637822507287, 0.009928629737609326, 0.26848, 1.0, 1]",0.0
0.26864,0,3.3088142696098826e-05,-3.1645293884769854e-08,9.187267140856826e-15,2,"[-0.002355282550670551, 0.00995148688046647, 0.26864, 1.0, 1]",0.0
0.26880000000000004,0,3.31183547595909e-05,-3.1773780229152694e-08,9.066579463178406e-15,2,"[-0.0023599067988338274, 0.00997434402332362, 0.26880000000000004, 1.0, 1]",0.0
0.26885000000000003,0,3.31277376960988e-05,-3.1813772895184636e-08,9.028800575109487e-15,2,"[-0.0023613476763848368, 0.009981486880466479, 0.26885000000000003, 1.0, 1]",0.0
0.26896,0,3.314828237863853e-05,-3.190148783817593e-08,8.945585560302072e-15,2,"[-0.0023645105669970745, 0.009997201166180757, 0.26896, 1.0, 1]",0.0
0.26912,0,3.31779255532417e-05,-3.20284085198408e-08,8.824310795393526e-15,2,"[-0.002369093855160348, 0.010020058309037901, 0.26912, 1.0, 1]",0.0
0.2692777777777778,0,3.320687847113311e-05,-3.215278782033724e-08,8.704470246071973e-15,2,"[-0.00237359343123493, 0.01004259799157758, 0.2692777777777778, 1.0, 1]",0.0
0.26928,0,3.320728428340042e-05,-3.215453408214622e-08,8.702780695769122e-15,2,"[-0.00237365666332362, 0.010042915451895045, 0.26928, 1.0, 1]",0.0
0.26944,0,3.3236358569114686e-05,-3.227985633309293e-08,8.581020949605315e-15,2,"[-0.0023781989914868767, 0.010065772594752189, 0.26944, 1.0, 1]",0.0
0.2696,0,3.3265148410384555e-05,-3.2404367080680416e-08,8.459057402622542e-15,2,"[-0.002382720839650146, 0.010088629737609333, 0.2696, 1.0, 1]",0.0
0.2697055555555556,0,3.328398598142124e-05,-3.248606133145246e-08,8.378496377507983e-15,2,"[-0.0023856927910232834, 0.010103709102688697, 0.2697055555555556, 1.0, 1]",0.0
0.26976,0,3.329365380720997e-05,-3.2528058132908784e-08,8.336916054721368e-15,2,"[-0.0023872222078134137, 0.01011148688046647, 0.26976, 1.0, 1]",0.0
0.26992,0,3.332187475959094e-05,-3.265092129777818e-08,8.214623056585742e-15,2,"[-0.00239170309597668, 0.010134344023323614, 0.26992, 1.0, 1]",0.0
0.27008,0,3.33498112675275e-05,-3.2772948383288836e-08,8.092204706246306e-15,2,"[-0.002396163504139938, 0.010157201166180758, 0.27008, 1.0, 1]",0.0
0.27013333333333334,0,3.335906022696307e-05,-3.2813436867144584e-08,8.051375299549424e-15,2,"[-0.002397645755749918, 0.010164820213799806, 0.27013333333333334, 1.0, 1]",0.0
0.27024000000000004,0,3.3377463331019455e-05,-3.289413119744004e-08,7.969687445606197e-15,2,"[-0.0024006034323032083, 0.010180058309037909, 0.27024000000000004, 1.0, 1]",0.0
0.2704,0,3.340483095006712e-05,-3.301446154823245e-08,7.847097856926416e-15,2,"[-0.0024050228804664703, 0.010202915451895039, 0.2704, 1.0, 1]",0.0
0.27056,0,3.343191412467022e-05,-3.313393124366582e-08,7.724462659274543e-15,2,"[-0.002409421848629731, 0.01022577259475219, 0.27056, 1.0, 1]",0.0
0.27056111111111114,0,3.343210120775866e-05,-3.3134757866028234e-08,7.72361092922447e-15,2,"[-0.0024094523254148265, 0.010225931324910922, 0.27056111111111114, 1.0, 1]",0.0
0.27072,0,3.345871285482903e-05,-3.325253209174004e-08,7.601808704936786e-15,2,"[-0.002413800336793004, 0.010248629737609333, 0.27072, 1.0, 1]",0.0
0.27088,0,3.3485227140543335e-05,-3.3370255900455274e-08,7.479162975786132e-15,2,"[-0.0024181583449562755, 0.01027148688046647, 0.27088, 1.0, 1]",0.0
0.2709888888888889,0,3.350310892380801e-05,-3.3449867766718056e-08,7.395714293139154e-15,2,"[-0.0024211125000180023, 0.01028704243602203, 0.2709888888888889, 1.0, 1]",0.0
0.27104,0,3.351145698181319e-05,-3.348709447781179e-08,7.356552579618752e-15,2,"[-0.0024224958731195317, 0.010294344023323614, 0.27104, 1.0, 1]",0.0
0.2712,0,3.353740237863859e-05,-3.360303963180881e-08,7.234004746450143e-15,2,"[-0.0024268129212828005, 0.010317201166180758, 0.2712, 1.0, 1]",0.0
0.27136,0,3.356306333101948e-05,-3.371808317044685e-08,7.111546824767847e-15,2,"[-0.0024311094894460678, 0.010340058309037902, 0.27136, 1.0, 1]",0.0
0.2714166666666667,0,3.357208337511123e-05,-3.3758610007828715e-08,7.068203036166928e-15,2,"[-0.0024326262795594383, 0.01034815354713314, 0.2714166666666667, 1.0, 1]",0.0
0.27152,0,3.358843983895603e-05,-3.383221690172603e-08,6.9892062777539565e-15,2,"[-0.0024353855776093336, 0.010362915451895039, 0.27152, 1.0, 1]",0.0
0.27168000000000003,0,3.361353190244797e-05,-3.3945432633646133e-08,6.867010679463109e-15,2,"[-0.002439641185772584, 0.01038577259475219, 0.27168000000000003, 1.0, 1]",0.0
0.27183999999999997,0,3.363833952149572e-05,-3.4057722174207285e-08,6.744987710967154e-15,2,"[-0.002443876313935861, 0.010408629737609327, 0.27183999999999997, 1.0, 1]",0.0
0.27184444444444444,0,3.3639024561668096e-05,-3.406082802797433e-08,6.741600916144534e-15,2,"[-0.0024439936640391624, 0.010409264658244249, 0.27184444444444444, 1.0, 1]",0.0
0.272,0,3.3662862696098915e-05,-3.4169077331409206e-08,6.6231651564549025e-15,2,"[-0.0024480909620991295, 0.010431486880466478, 0.272, 1.0, 1]",0.0
0.27216,0,3.368710142625755e-05,-3.42794899132522e-08,6.501570899299809e-15,2,"[-0.0024522851302623827, 0.010454344023323615, 0.27216, 1.0, 1]",0.0
0.27227222222222225,0,3.3703932483478887e-05,-3.435636526576967e-08,6.416437284576135e-15,2,"[-0.0024552146534571467, 0.010470375769355365, 0.27227222222222225, 1.0, 1]",0.0
0.27232,0,3.3711055711971836e-05,-3.438895172773609e-08,6.380232918088372e-15,2,"[-0.0024564588184256553, 0.010477201166180759, 0.27232, 1.0, 1]",0.0
0.27248,0,3.373472555324178e-05,-3.449745458286112e-08,6.259179282605746e-15,2,"[-0.0024606120265889264, 0.010500058309037903, 0.27248, 1.0, 1]",0.0
0.27264,0,3.375811095006711e-05,-3.460499028662715e-08,6.138438149787441e-15,2,"[-0.002464744754752196, 0.01052291545189504, 0.27264, 1.0, 1]",0.0
0.2727,0,3.376680714054333e-05,-3.464506515982953e-08,6.093246553341848e-15,2,"[-0.002466289247813405, 0.010531486880466474, 0.2727, 1.0, 1]",0.0
0.2728,0,3.37812119024481e-05,-3.471155064703395e-08,6.018037759633687e-15,2,"[-0.0024688570029154505, 0.010545772594752183, 0.2728, 1.0, 1]",0.0
0.27296,0,3.3804028410384576e-05,-3.481712747208179e-08,5.898006431078802e-15,2,"[-0.0024729487710787174, 0.010568629737609327, 0.27296, 1.0, 1]",0.0
0.27312000000000003,0,3.382656047387671e-05,-3.492171256977071e-08,5.778372557830586e-15,2,"[-0.0024770200592419897, 0.010591486880466478, 0.27312000000000003, 1.0, 1]",0.0
0.2731277777777778,0,3.3827648532861474e-05,-3.492677114876807e-08,5.7725676474200465e-15,2,"[-0.0024772174471079447, 0.01059259799157759, 0.2731277777777778, 1.0, 1]",0.0
0.27328,0,3.384880809292429e-05,-3.502529774810031e-08,5.6591646041655865e-15,2,"[-0.0024810708674052467, 0.010614344023323615, 0.27328, 1.0, 1]",0.0
0.27344,0,3.3870771267527464e-05,-3.512787481507106e-08,5.540411100688012e-15,2,"[-0.0024851011955685093, 0.010637201166180759, 0.27344, 1.0, 1]",0.0
0.27355555555555555,0,3.3886456660433596e-05,-3.520132667119982e-08,5.45494344361052e-15,2,"[-0.0024879992513407376, 0.010653709102688692, 0.27355555555555555, 1.0, 1]",0.0
0.2736,0,3.389244999768619e-05,-3.522943557868267e-08,5.4221406400513486e-15,2,"[-0.0024891110437317843, 0.010660058309037903, 0.2736, 1.0, 1]",0.0
0.27376,0,3.391384428340046e-05,-3.5329971846935466e-08,5.304381872638956e-15,2,"[-0.002493100411895037, 0.010682915451895047, 0.27376, 1.0, 1]",0.0
0.27392,0,3.3934954124670226e-05,-3.542947542782902e-08,5.187163502210215e-15,2,"[-0.002497069300058302, 0.010705772594752184, 0.27392, 1.0, 1]",0.0
0.27398333333333336,0,3.394323152325926e-05,-3.546857516573986e-08,5.140920195263732e-15,2,"[-0.0024986346605118184, 0.010714820213799808, 0.27398333333333336, 1.0, 1]",0.0
0.27408,0,3.395577952149565e-05,-3.552793812936358e-08,5.070514281504351e-15,2,"[-0.002501017708221573, 0.010728629737609328, 0.27408, 1.0, 1]",0.0
0.27424000000000004,0,3.397632047387667e-05,-3.562535175953938e-08,4.954463007807658e-15,2,"[-0.002504945636384842, 0.010751486880466479, 0.27424000000000004, 1.0, 1]",0.0
0.2744,0,3.399657698181308e-05,-3.572170812635579e-08,4.839038518484173e-15,2,"[-0.002508853084548096, 0.010774344023323609, 0.2744, 1.0, 1]",0.0
0.2744111111111111,0,3.39979731213389e-05,-3.5728360071002196e-08,4.831046943029195e-15,2,"[-0.0025091236746211734, 0.010775931324910917, 0.2744111111111111, 1.0, 1]",0.0
0.27456,0,3.4016549045305254e-05,-3.581699903781317e-08,4.7242696864656166e-15,2,"[-0.0025127400527113763, 0.01079720116618076, 0.27456, 1.0, 1]",0.0
0.27472,0,3.403623666435281e-05,-3.5911216301911824e-08,4.610185415700961e-15,2,"[-0.0025166065408746413, 0.010820058309037903, 0.27472, 1.0, 1]",0.0
0.2748388888888889,0,3.405068145467225e-05,-3.598052482560163e-08,4.525874911593853e-15,2,"[-0.0025194662936687817, 0.010837042436022033, 0.2748388888888889, 1.0, 1]",0.0
0.27488,0,3.405563983895597e-05,-3.600435172665109e-08,4.496814636577037e-15,2,"[-0.002520452549037891, 0.010842915451895047, 0.27488, 1.0, 1]",0.0
0.27504,0,3.4074758569114735e-05,-3.609639712003165e-08,4.384186301286995e-15,2,"[-0.002524278077201167, 0.010865772594752184, 0.27504, 1.0, 1]",0.0
0.2752,0,3.409359285482899e-05,-3.618734429005281e-08,4.272329379173391e-15,2,"[-0.0025280831253644276, 0.010888629737609328, 0.2752, 1.0, 1]",0.0
0.27526666666666666,0,3.41013565232593e-05,-3.62249128681523e-08,4.225956892442722e-15,2,"[-0.002529662517654671, 0.010898153547133135, 0.27526666666666666, 1.0, 1]",0.0
0.27536,0,3.411214269609885e-05,-3.627718504471542e-08,4.161272852022842e-15,2,"[-0.002531867693527687, 0.010911486880466472, 0.27536, 1.0, 1]",0.0
0.27552,0,3.41304080929242e-05,-3.636591119201863e-08,4.0510457093316536e-15,2,"[-0.0025356317816909585, 0.010934344023323616, 0.27552, 1.0, 1]",0.0
0.27568000000000004,0,3.414838904530521e-05,-3.645351453996303e-08,3.941676943523865e-15,2,"[-0.0025393753898542287, 0.01095720116618076, 0.27568000000000004, 1.0, 1]",0.0
0.27569444444444446,0,3.414999832710027e-05,-3.646136763726939e-08,3.931846612617241e-15,2,"[-0.0025397123465788485, 0.01095926465824425, 0.27569444444444446, 1.0, 1]",0.0
0.27584,0,3.4166085553241654e-05,-3.6539986896548115e-08,3.8331955451382456e-15,2,"[-0.0025430985180174975, 0.010980058309037897, 0.27584, 1.0, 1]",0.0
0.276,0,3.418349761673381e-05,-3.662532006977442e-08,3.725630497973014e-15,2,"[-0.002546801166180751, 0.011002915451895048, 0.276, 1.0, 1]",0.0
0.2761222222222222,0,3.419660686619484e-05,-3.668973257156687e-08,3.644098089486196e-15,2,"[-0.0025496157804412722, 0.01102037576935536, 0.2761222222222222, 1.0, 1]",0.0
0.27616,0,3.420062523578141e-05,-3.6709505867641583e-08,3.619010774193592e-15,2,"[-0.002550483334344024, 0.011025772594752192, 0.27616, 1.0, 1]",0.0
0.27632,0,3.421746841038455e-05,-3.679253609814991e-08,3.513365329402101e-15,2,"[-0.0025541450225072954, 0.011048629737609329, 0.27632, 1.0, 1]",0.0
0.27648,0,3.4234027140543296e-05,-3.687440256929897e-08,3.4087230976695922e-15,2,"[-0.0025577862306705446, 0.011071486880466472, 0.27648, 1.0, 1]",0.0
0.27655,0,3.4241182140543275e-05,-3.690985110965924e-08,3.36326497152256e-15,2,"[-0.002559372819241977, 0.011081486880466476, 0.27655, 1.0, 1]",0.0
0.27664,0,3.425030142625759e-05,-3.6955097089089056e-08,3.30511298652559e-15,2,"[-0.00256140695883382, 0.011094344023323616, 0.27664, 1.0, 1]",0.0
0.2768,0,3.426629126752743e-05,-3.703461146552002e-08,3.2025638719153628e-15,2,"[-0.0025650072069970872, 0.011117201166180753, 0.2768, 1.0, 1]",0.0
0.27696,0,3.4281996664352766e-05,-3.711293750659216e-08,3.1011045931138223e-15,2,"[-0.002568586975160353, 0.011140058309037897, 0.27696, 1.0, 1]",0.0
0.27697777777777777,0,3.428372415014547e-05,-3.7121566690161916e-08,3.0898998650830458e-15,2,"[-0.002568983462980956, 0.011142597991577585, 0.27697777777777777, 1.0, 1]",0.0
0.27712000000000003,0,3.42974176167337e-05,-3.719006702030491e-08,3.0007639476066366e-15,2,"[-0.0025721462633236103, 0.011162915451895048, 0.27712000000000003, 1.0, 1]",0.0
0.27727999999999997,0,3.431255412467024e-05,-3.7265991814659035e-08,2.901570685924314e-15,2,"[-0.00257568507148688, 0.011185772594752185, 0.27727999999999997, 1.0, 1]",0.0
0.27740555555555557,0,3.432423289500148e-05,-3.732472275168819e-08,2.8245536472069968e-15,2,"[-0.002578447711658202, 0.011203709102688694, 0.27740555555555557, 1.0, 1]",0.0
0.27744,0,3.432740618816233e-05,-3.734070369765402e-08,2.8035535064487475e-15,2,"[-0.0025792033996501484, 0.011208629737609329, 0.27744, 1.0, 1]",0.0
0.2776,0,3.434197380720991e-05,-3.7414194477289813e-08,2.706741050172704e-15,2,"[-0.0025827012478134015, 0.011231486880466473, 0.2776, 1.0, 1]",0.0
0.27776,0,3.435625698181314e-05,-3.7486455961566636e-08,2.611161895425487e-15,2,"[-0.002586178615976681, 0.011254344023323617, 0.27776, 1.0, 1]",0.0
0.2778333333333334,0,3.436270837511114e-05,-3.7519162732853884e-08,2.5677747644039567e-15,2,"[-0.0025877655652737225, 0.01126482021379981, 0.2778333333333334, 1.0, 1]",0.0
0.27792,0,3.437025571197187e-05,-3.7557479958484636e-08,2.5168445525579036e-15,2,"[-0.002589635504139945, 0.01127720116618076, 0.27792, 1.0, 1]",0.0
0.27808,0,3.4383969997686095e-05,-3.7627258276043325e-08,2.423817458592989e-15,2,"[-0.0025930719123032006, 0.011300058309037898, 0.27808, 1.0, 1]",0.0
0.27824,0,3.439739983895592e-05,-3.7695782722242924e-08,2.3321089718326802e-15,2,"[-0.0025964878404664687, 0.011322915451895042, 0.27824, 1.0, 1]",0.0
0.2782611111111111,0,3.439915059047467e-05,-3.770473007227258e-08,2.3201085174708575e-15,2,"[-0.002596937023827524, 0.011325931324910919, 0.2782611111111111, 1.0, 1]",0.0
0.2784,0,3.4410545235781455e-05,-3.7763045105083705e-08,2.241747366430011e-15,2,"[-0.0025998832886297424, 0.011345772594752185, 0.2784, 1.0, 1]",0.0
0.27856000000000003,0,3.442340618816232e-05,-3.7829037232565564e-08,2.1527608269211948e-15,2,"[-0.0026032582567930146, 0.011368629737609336, 0.27856000000000003, 1.0, 1]",0.0
0.27868888888888893,0,3.4433559541091955e-05,-3.788126820855878e-08,2.08209633229601e-15,2,"[-0.0026059620873195716, 0.011387042436022034, 0.27868888888888893, 1.0, 1]",0.0
0.27872,0,3.443598269609884e-05,-3.7893750912688094e-08,2.065177442724386e-15,2,"[-0.0026066127449562645, 0.011391486880466473, 0.27872, 1.0, 1]",0.0
0.27888,0,3.444827475959086e-05,-3.7957177953451805e-08,1.9790252025892184e-15,2,"[-0.002609946753119527, 0.011414344023323617, 0.27888, 1.0, 1]",0.0
0.27904,0,3.4460282378638476e-05,-3.801931016285635e-08,1.8943319890211907e-15,2,"[-0.002613260281282802, 0.011437201166180761, 0.27904, 1.0, 1]",0.0
0.2791166666666667,0,3.4465935226963e-05,-3.8048620580327984e-08,1.8542750166804764e-15,2,"[-0.0026148407557499143, 0.011448153547133143, 0.2791166666666667, 1.0, 1]",0.0
0.2792,0,3.447200555324164e-05,-3.8080139348901807e-08,1.8111255726572037e-15,2,"[-0.0026165533294460613, 0.011460058309037898, 0.2792, 1.0, 1]",0.0
0.27936,0,3.448344428340046e-05,-3.8139657319588286e-08,1.7294336066089034e-15,2,"[-0.0026198258976093264, 0.011482915451895042, 0.27936, 1.0, 1]",0.0
0.27952,0,3.449459856911478e-05,-3.819785588291611e-08,1.64928362076388e-15,2,"[-0.002623077985772597, 0.011505772594752186, 0.27952, 1.0, 1]",0.0
0.2795444444444445,0,3.4496277648087914e-05,-3.820663062619376e-08,1.6371760031713883e-15,2,"[-0.002623573029118531, 0.011509264658244252, 0.2795444444444445, 1.0, 1]",0.0
0.27968,0,3.450546841038464e-05,-3.82547268468845e-08,1.5707030160548588e-15,2,"[-0.002626309593935852, 0.01152862973760933, 0.27968, 1.0, 1]",0.0
0.27984,0,3.4516053807209996e-05,-3.831026201949391e-08,1.493719058680202e-15,2,"[-0.00262952072209912, 0.011551486880466467, 0.27984, 1.0, 1]",0.0
0.27997222222222223,0,3.452458680446648e-05,-3.8355141784771007e-08,1.431324577888451e-15,2,"[-0.002632158907425401, 0.011570375769355361, 0.27997222222222223, 1.0, 1]",0.0
0.28,0,3.45263547595909e-05,-3.836445320874438e-08,1.418358874296265e-15,2,"[-0.002632711370262393, 0.011574344023323618, 0.28, 1.0, 1]",0.0
0.28016,0,3.453637126752735e-05,-3.8417292222635536e-08,1.344649442166666e-15,2,"[-0.002635881538425658, 0.011597201166180762, 0.28016, 1.0, 1]",0.0
0.28032,0,3.454610333101951e-05,-3.846877086916788e-08,1.2726175892718445e-15,2,"[-0.0026390312265889143, 0.011620058309037905, 0.28032, 1.0, 1]",0.0
0.28040000000000004,0,3.4550862696098856e-05,-3.849399749467435e-08,1.2372390953715556e-15,2,"[-0.0026405983906705524, 0.011631486880466477, 0.28040000000000004, 1.0, 1]",0.0
0.28048,0,3.4555550950067114e-05,-3.851888095634141e-08,1.2022899843831747e-15,2,"[-0.002642160434752183, 0.011642915451895042, 0.28048, 1.0, 1]",0.0
0.28064,0,3.456471412467026e-05,-3.8567614292155495e-08,1.1336931321008564e-15,2,"[-0.0026452691629154507, 0.011665772594752186, 0.28064, 1.0, 1]",0.0
0.2808,0,3.457359285482901e-05,-3.8614962684610766e-08,1.0668533668452117e-15,2,"[-0.0026483574110787098, 0.01168862973760933, 0.2808, 1.0, 1]",0.0
0.2808277777777778,0,3.457510532298494e-05,-3.86230411945183e-08,1.0554301794274036e-15,2,"[-0.0026488914788539777, 0.011692597991577586, 0.2808277777777778, 1.0, 1]",0.0
0.28096,0,3.458218714054331e-05,-3.866091794170691e-08,1.0017968468192864e-15,2,"[-0.0026514251792419813, 0.011711486880466467, 0.28096, 1.0, 1]",0.0
0.28112000000000004,0,3.4590496981813104e-05,-3.870547187144428e-08,9.38549547925906e-16,2,"[-0.0026544724674052514, 0.011734344023323618, 0.28112000000000004, 1.0, 1]",0.0
0.2812555555555556,0,3.4597314685124944e-05,-3.87421163229174e-08,8.86399909987747e-16,2,"[-0.0026570381719756633, 0.011753709102688702, 0.2812555555555556, 1.0, 1]",0.0
0.28128,0,3.45985223786385e-05,-3.874861628182229e-08,8.771372576532457e-16,2,"[-0.002657499275568513, 0.011757201166180755, 0.28128, 1.0, 1]",0.0
0.28144,0,3.460626333101955e-05,-3.87903429808414e-08,8.175855689133228e-16,2,"[-0.0026605056037317734, 0.011780058309037906, 0.28144, 1.0, 1]",0.0
0.2816,0,3.4613719838956036e-05,-3.8830643776501666e-08,7.599198738492673e-16,2,"[-0.002663491451895046, 0.011802915451895043, 0.2816, 1.0, 1]",0.0
0.28168333333333334,0,3.46174907825186e-05,-3.8851066318486e-08,7.306409959707937e-16,2,"[-0.00266503847003563, 0.011814820213799804, 0.28168333333333334, 1.0, 1]",0.0
0.28176,0,3.462089190244813e-05,-3.886951047680264e-08,7.041653576046529e-16,2,"[-0.0026664568200583175, 0.011825772594752187, 0.28176, 1.0, 1]",0.0
0.28192,0,3.462777952149571e-05,-3.890693488974448e-08,6.503469920472311e-16,2,"[-0.0026694017082215665, 0.01184862973760933, 0.28192, 1.0, 1]",0.0
0.28208,0,3.46343826960989e-05,-3.8942908823327516e-08,5.984895294617674e-16,2,"[-0.002672326116384842, 0.011871486880466475, 0.28208, 1.0, 1]",0.0
0.28211111111111115,0,3.463563361516607e-05,-3.894973461983905e-08,5.886359341537739e-16,2,"[-0.0026728923730338708, 0.01187593132491092, 0.28211111111111115, 1.0, 1]",0.0
0.28224,0,3.464070142625763e-05,-3.897742408555176e-08,5.486174962014528e-16,2,"[-0.002675230044548109, 0.011894344023323612, 0.28224, 1.0, 1]",0.0
0.2824,0,3.464673571197186e-05,-3.90104724844165e-08,5.007551863029205e-16,2,"[-0.0026781134927113606, 0.011917201166180755, 0.2824, 1.0, 1]",0.0
0.2825388888888889,0,3.4651743183067296e-05,-3.903796466559049e-08,4.608561540523951e-16,2,"[-0.002680599880970365, 0.01193704243602203, 0.2825388888888889, 1.0, 1]",0.0
0.28256000000000003,0,3.4652485553241744e-05,-3.904204582792253e-08,4.549266550575217e-16,2,"[-0.0026809764608746317, 0.011940058309037906, 0.28256000000000003, 1.0, 1]",0.0
0.28271999999999997,0,3.465795095006707e-05,-3.907213592406931e-08,4.1115571255199357e-16,2,"[-0.0026838189490379014, 0.011962915451895036, 0.28271999999999997, 1.0, 1]",0.0
0.28288,0,3.46631319024481e-05,-3.9100734580857074e-08,3.6946591716577187e-16,2,"[-0.0026866409572011765, 0.011985772594752187, 0.28288, 1.0, 1]",0.0
0.2829666666666667,0,3.466581948622223e-05,-3.911559989435513e-08,3.4776114880324806e-16,2,"[-0.002688160993845154, 0.011998153547133145, 0.2829666666666667, 1.0, 1]",0.0
0.28304,0,3.4668028410384574e-05,-3.912783360628563e-08,3.298805690300273e-16,2,"[-0.0026894424853644294, 0.012008629737609331, 0.28304, 1.0, 1]",0.0
0.2832,0,3.4672640473876594e-05,-3.915342480835557e-08,2.9242270345047803e-16,2,"[-0.0026922235335276948, 0.012031486880466475, 0.2832, 1.0, 1]",0.0
0.28336,0,3.467696809292427e-05,-3.917749999506635e-08,2.5711508429360486e-16,2,"[-0.0026949841016909656, 0.012054344023323612, 0.28336, 1.0, 1]",0.0
0.28339444444444445,0,3.467786252463103e-05,-3.9182483744748244e-08,2.497975920582508e-16,2,"[-0.00269557571165821, 0.012059264658244247, 0.28339444444444445, 1.0, 1]",0.0
0.28352,0,3.468101126752744e-05,-3.9200050974417845e-08,2.239801973278261e-16,2,"[-0.002697724189854221, 0.012077201166180756, 0.28352, 1.0, 1]",0.0
0.28368,0,3.4684769997686104e-05,-3.922106955441038e-08,1.9304024353195631e-16,2,"[-0.002700443798017489, 0.0121000583090379, 0.28368, 1.0, 1]",0.0
0.28382222222222225,0,3.4687872298293644e-05,-3.923845965538296e-08,1.6739844088885909e-16,2,"[-0.0027028440344095267, 0.012120375769355363, 0.28382222222222225, 1.0, 1]",0.0
0.28384,0,3.4688244283400424e-05,-3.924054754304446e-08,1.6431713236451906e-16,2,"[-0.0027031429261807627, 0.012122915451895044, 0.28384, 1.0, 1]",0.0
0.28400000000000003,0,3.469143412467029e-05,-3.9258476748318595e-08,1.3783247499721972e-16,2,"[-0.002705821574344014, 0.012145772594752188, 0.28400000000000003, 1.0, 1]",0.0
0.28416,0,3.469433952149565e-05,-3.927484897823458e-08,1.1360757749697228e-16,2,"[-0.0027084797425072846, 0.012168629737609332, 0.28416, 1.0, 1]",0.0
0.28425,0,3.469584880720991e-05,-3.928337106487455e-08,1.0098202468479006e-16,2,"[-0.0027099659620991243, 0.012181486880466472, 0.28425, 1.0, 1]",0.0
0.28432,0,3.4696960473876615e-05,-3.928965604079088e-08,9.166343399414926e-17,2,"[-0.0027111174306705538, 0.012191486880466475, 0.28432, 1.0, 1]",0.0
0.28448,0,3.4699296981813125e-05,-3.930288974398841e-08,7.20207197846179e-17,2,"[-0.0027137346388338215, 0.01221434402332362, 0.28448, 1.0, 1]",0.0
0.28464,0,3.4701349045305183e-05,-3.931454189582681e-08,5.46997844155384e-17,2,"[-0.002716331366997081, 0.012237201166180756, 0.28464, 1.0, 1]",0.0
0.2846777777777778,0,3.470179205138004e-05,-3.931706141183802e-08,5.095112007555667e-17,2,"[-0.002716941494726989, 0.012242597991577588, 0.2846777777777778, 1.0, 1]",0.0
0.2848,0,3.4703116664352844e-05,-3.9324604304306416e-08,3.972064472011971e-17,2,"[-0.002718907615160353, 0.0122600583090379, 0.2848, 1.0, 1]",0.0
0.28496,0,3.470459983895594e-05,-3.933306877742671e-08,2.7102977820417e-17,2,"[-0.0027214633833236163, 0.012282915451895044, 0.28496, 1.0, 1]",0.0
0.28510555555555556,0,3.470570203080393e-05,-3.933937413488728e-08,1.7692011851734352e-17,2,"[-0.002723770632293121, 0.012303709102688697, 0.28510555555555556, 1.0, 1]",0.0
0.28512,0,3.47057985691147e-05,-3.933992712318804e-08,1.6866114088111233e-17,2,"[-0.0027239986714868783, 0.012305772594752181, 0.28512, 1.0, 1]",0.0
0.28528,0,3.470671285482895e-05,-3.9345171149590225e-08,9.029030068609844e-18,2,"[-0.002726513479650139, 0.012328629737609325, 0.28528, 1.0, 1]",0.0
0.28544,0,3.470734269609885e-05,-3.934879266463366e-08,3.610341366909789e-18,2,"[-0.002729007807813412, 0.012351486880466476, 0.28544, 1.0, 1]",0.0
0.28553333333333336,0,3.4707578745481584e-05,-3.935015267263712e-08,1.5735398916774638e-18,2,"[-0.002730453374797534, 0.012364820213799806, 0.28553333333333336, 1.0, 1]",0.0
0.2856,0,3.470768809292425e-05,-3.935078347631792e-08,6.282954954564014e-19,2,"[-0.0027314816559766697, 0.01237434402332362, 0.2856, 1.0, 1]",0.0
0.2857142857143,0,3.4707760655282446e-05,-3.935120255700961e-08,-1.7039395552773855e-28,2,"[-0.0027332361516037226, 0.012390670553937905, 0.2857142857143, 1.0, 1]",0.0
0.28576,0,3.47077490453052e-05,-3.93511353926434e-08,1.0076468171355935e-19,2,"[-0.00273393502413994, 0.012397201166180757, 0.28576, 1.0, 1]",0.0
0.28592,0,3.470752555324169e-05,-3.934984022160938e-08,2.045238641863315e-18,2,"[-0.0027363679123032086, 0.0124200583090379, 0.28592, 1.0, 1]",0.0
0.2859611111111111,0,3.4707422195412994e-05,-3.9349240463701895e-08,2.9461321003560492e-18,2,"[-0.002736989722240221, 0.012425931324910915, 0.2859611111111111, 1.0, 1]",0.0
0.28608,0,3.470701761673373e-05,-3.934688977121657e-08,6.478817308076329e-18,2,"[-0.002738780320466476, 0.012442915451895045, 0.28608, 1.0, 1]",0.0
0.28624,0,3.470622523578132e-05,-3.934227584946445e-08,1.341820352815324e-17,2,"[-0.002741172248629728, 0.012465772594752188, 0.28624, 1.0, 1]",0.0
0.2863888888888889,0,3.470523238059822e-05,-3.933648094669631e-08,2.2140823351805942e-17,2,"[-0.0027433796746211617, 0.012487042436022031, 0.2863888888888889, 1.0, 1]",0.0
0.2864,0,3.4705148410384514e-05,-3.9335990264353906e-08,2.2879695715884314e-17,2,"[-0.0027435436967929994, 0.012488629737609325, 0.2864, 1.0, 1]",0.0
0.28656000000000004,0,3.470378714054331e-05,-3.932802482388388e-08,3.487918047529465e-17,2,"[-0.0027458946649562763, 0.012511486880466476, 0.28656000000000004, 1.0, 1]",0.0
0.28672,0,3.470214142625754e-05,-3.931837133605484e-08,4.9432125171909464e-17,2,"[-0.002748225153119524, 0.012534344023323613, 0.28672, 1.0, 1]",0.0
0.28681666666666666,0,3.4701009301037146e-05,-3.931171756023487e-08,5.946826044063214e-17,2,"[-0.002749623231940397, 0.01254815354713314, 0.28681666666666666, 1.0, 1]",0.0
0.28688,0,3.4700211267527374e-05,-3.93070216088669e-08,6.655357047941327e-17,2,"[-0.002750535161282798, 0.012557201166180764, 0.28688, 1.0, 1]",0.0
0.28704,0,3.469799666435281e-05,-3.9293967450319965e-08,8.625812288007544e-17,2,"[-0.0027528246894460637, 0.012580058309037901, 0.28704, 1.0, 1]",0.0
0.2872,0,3.469549761673374e-05,-3.927920066841389e-08,1.0855994712878093e-16,2,"[-0.002755093737609335, 0.012602915451895045, 0.2872, 1.0, 1]",0.0
0.28724444444444447,0,3.469475295672989e-05,-3.927479374293166e-08,1.1521769304227516e-16,2,"[-0.0027557203941978928, 0.012609264658244256, 0.28724444444444447, 1.0, 1]",0.0
0.28736,0,3.469271412467022e-05,-3.926271307114886e-08,1.334727586791641e-16,2,"[-0.0027573423057725907, 0.012625772594752189, 0.28736, 1.0, 1]",0.0
0.28752,0,3.468964618816224e-05,-3.9244496466524674e-08,1.6100981607183306e-16,2,"[-0.002759570393935859, 0.012648629737609326, 0.28752, 1.0, 1]",0.0
0.2876722222222222,0,3.468646334767639e-05,-3.92255529334024e-08,1.8965595067290856e-16,2,"[-0.0027616711613936487, 0.012670375769355358, 0.2876722222222222, 1.0, 1]",0.0
0.28768,0,3.4686293807209925e-05,-3.922454266254153e-08,1.911839132826902e-16,2,"[-0.002761778002099126, 0.01267148688046647, 0.28768, 1.0, 1]",0.0
0.28784,0,3.46826569818131e-05,-3.920284346719922e-08,2.240073720341322e-16,2,"[-0.0027639651302623844, 0.012694344023323614, 0.28784, 1.0, 1]",0.0
0.28800000000000003,0,3.467873571197182e-05,-3.917939068849803e-08,2.5949203406760845e-16,2,"[-0.0027661317784256553, 0.012717201166180764, 0.28800000000000003, 1.0, 1]",0.0
0.2881,0,3.467614047387654e-05,-3.9163838570260075e-08,2.8302640567211584e-16,2,"[-0.0027674755335276927, 0.012731486880466474, 0.2881, 1.0, 1]",0.0
0.28815999999999997,0,3.46745299976862e-05,-3.915417613443796e-08,2.9764925337901445e-16,2,"[-0.002768277946588925, 0.012740058309037895, 0.28815999999999997, 1.0, 1]",0.0
0.28832,0,3.4670039838955965e-05,-3.912719161301866e-08,3.384898884132794e-16,2,"[-0.002770403634752179, 0.012762915451895045, 0.28832, 1.0, 1]",0.0
0.28848,0,3.466526523578133e-05,-3.9098428932240354e-08,3.8202429422336e-16,2,"[-0.0027725088429154457, 0.01278577259475219, 0.28848, 1.0, 1]",0.0
0.28852777777777777,0,3.4663784335330614e-05,-3.9089494092120404e-08,3.9554792217310695e-16,2,"[-0.0027731335106000107, 0.012792597991577583, 0.28852777777777777, 1.0, 1]",0.0
0.28864,0,3.4660206188162244e-05,-3.90678799001029e-08,4.282623145887565e-16,2,"[-0.002774593571078718, 0.012808629737609333, 0.28864, 1.0, 1]",0.0
0.2888,0,3.4654862696098813e-05,-3.903553632460645e-08,4.772132740969017e-16,2,"[-0.0027766578192419886, 0.01283148688046647, 0.2888, 1.0, 1]",0.0
0.2889555555555556,0,3.46493949320385e-05,-3.900236293759805e-08,5.274137910955185e-16,2,"[-0.002778645092610582, 0.0128537091026887, 0.2889555555555556, 1.0, 1]",0.0
0.28896,0,3.4649234759590985e-05,-3.900139001375127e-08,5.288859701851131e-16,2,"[-0.002778701587405244, 0.012854344023323614, 0.28896, 1.0, 1]",0.0
0.28912,0,3.4643322378638596e-05,-3.8965432775536746e-08,5.832886651473997e-16,2,"[-0.002780724875568512, 0.012877201166180758, 0.28912, 1.0, 1]",0.0
0.28928,0,3.4637125553241754e-05,-3.8927656417963265e-08,6.404290780980084e-16,2,"[-0.002782727683731785, 0.012900058309037895, 0.28928, 1.0, 1]",0.0
0.2893833333333333,0,3.463297226400004e-05,-3.890228854530651e-08,6.787906511416695e-16,2,"[-0.0027840102795594415, 0.012914820213799801, 0.2893833333333333, 1.0, 1]",0.0
0.28944000000000003,0,3.4630644283400406e-05,-3.888805274903069e-08,7.003143769009597e-16,2,"[-0.0027847100118950363, 0.012922915451895046, 0.28944000000000003, 1.0, 1]",0.0
0.28959999999999997,0,3.4623878569114714e-05,-3.8846613576739244e-08,7.629511700591315e-16,2,"[-0.002786671860058307, 0.012945772594752183, 0.28959999999999997, 1.0, 1]",0.0
0.28976,0,3.4616828410384516e-05,-3.8803330709088536e-08,8.283454985654968e-16,2,"[-0.002788613228221576, 0.012968629737609334, 0.28976, 1.0, 1]",0.0
0.28981111111111113,0,3.461451633121539e-05,-3.8789114353860985e-08,8.49817395793881e-16,2,"[-0.002789229071446568, 0.012975931324910917, 0.28981111111111113, 1.0, 1]",0.0
0.28992,0,3.4609493807209865e-05,-3.875819595407904e-08,8.965028277150436e-16,2,"[-0.0027905341163848296, 0.01299148688046647, 0.28992, 1.0, 1]",0.0
0.29008,0,3.460187475959098e-05,-3.871120111971038e-08,9.674280388827051e-16,2,"[-0.0027924345245481028, 0.013014344023323614, 0.29008, 1.0, 1]",0.0
0.2902388888888889,0,3.45940271336845e-05,-3.866268380187573e-08,1.0406040663275823e-15,2,"[-0.002794301468271955, 0.013037042436022026, 0.2902388888888889, 1.0, 1]",0.0
0.29024,0,3.459397126752748e-05,-3.866233801398278e-08,1.041125421253958e-15,2,"[-0.0027943144527113745, 0.013037201166180758, 0.29024, 1.0, 1]",0.0
0.2904,0,3.4585783331019524e-05,-3.861159844489583e-08,1.117598663529464e-15,2,"[-0.0027961739008746447, 0.013060058309037902, 0.2904, 1.0, 1]",0.0
0.29056,0,3.457731095006712e-05,-3.8558974220450317e-08,1.1968508455784231e-15,2,"[-0.0027980128690378928, 0.01308291545189504, 0.29056, 1.0, 1]",0.0
0.2906666666666667,0,3.457150467140748e-05,-3.852284032796596e-08,1.2512307308252797e-15,2,"[-0.00279922747003563, 0.013098153547133142, 0.2906666666666667, 1.0, 1]",0.0
0.29072,0,3.4568554124670314e-05,-3.850445714864564e-08,1.2788844300661278e-15,2,"[-0.002799831357201167, 0.013105772594752183, 0.29072, 1.0, 1]",0.0
0.29088,0,3.455951285482895e-05,-3.8448039037481265e-08,1.3637012540330619e-15,2,"[-0.002801629365364433, 0.013128629737609334, 0.29088, 1.0, 1]",0.0
0.29104,0,3.4550187140543296e-05,-3.838971169495888e-08,1.4513025204374534e-15,2,"[-0.0028034068935276907, 0.013151486880466478, 0.29104, 1.0, 1]",0.0
0.2910944444444445,0,3.454694894438422e-05,-3.836942737074516e-08,1.4817463492046956e-15,2,"[-0.002804007076737579, 0.013159264658244258, 0.2910944444444445, 1.0, 1]",0.0
0.2912,0,3.454057698181319e-05,-3.832946692907696e-08,1.541688789669978e-15,2,"[-0.0028051639416909607, 0.013174344023323615, 0.2912, 1.0, 1]",0.0
0.29136,0,3.453068237863852e-05,-3.826729654783587e-08,1.6348599710129943e-15,2,"[-0.0028069005098542293, 0.013197201166180759, 0.29136, 1.0, 1]",0.0
0.29152,0,3.452050333101951e-05,-3.820319235923584e-08,1.7308153140756239e-15,2,"[-0.0028086165980174965, 0.013220058309037903, 0.29152, 1.0, 1]",0.0
0.29152222222222224,0,3.452035995261466e-05,-3.820228836882868e-08,1.7321676242435924e-15,2,"[-0.002808640288377774, 0.01322037576935536, 0.29152222222222224, 1.0, 1]",0.0
0.29168,0,3.451003983895599e-05,-3.813714617127705e-08,1.829553400182525e-15,2,"[-0.0028103122061807553, 0.01324291545189504, 0.29168, 1.0, 1]",0.0
0.29184,0,3.449929190244808e-05,-3.80691497919591e-08,1.9310721337305095e-15,2,"[-0.0028119873343440266, 0.013265772594752184, 0.29184, 1.0, 1]",0.0
0.29195000000000004,0,3.4491737696098806e-05,-3.802126676083091e-08,2.0024778386240118e-15,2,"[-0.0028131271049562645, 0.013281486880466476, 0.29195000000000004, 1.0, 1]",0.0
0.29200000000000004,0,3.448825952149571e-05,-3.799919502928223e-08,2.0353687334994525e-15,2,"[-0.0028136419825072964, 0.013288629737609334, 0.29200000000000004, 1.0, 1]",0.0
0.29216,0,3.4476942696098835e-05,-3.7927273691246135e-08,2.142439723931828e-15,2,"[-0.002815276150670544, 0.013311486880466471, 0.29216, 1.0, 1]",0.0
0.29232,0,3.446534142625762e-05,-3.7853377585850774e-08,2.2522809263701617e-15,2,"[-0.002816889838833818, 0.013334344023323615, 0.29232, 1.0, 1]",0.0
0.2923777777777778,0,3.4461082174836876e-05,-3.7826205985366106e-08,2.292625677977029e-15,2,"[-0.002817467526473022, 0.013342597991577585, 0.2923777777777778, 1.0, 1]",0.0
0.29248,0,3.445345571197184e-05,-3.777749852109641e-08,2.3648874502547557e-15,2,"[-0.0028184830469970834, 0.01335720116618076, 0.29248, 1.0, 1]",0.0
0.29264,0,3.4441285553241715e-05,-3.76996283049837e-08,2.4802536842881258e-15,2,"[-0.0028200557751603406, 0.013380058309037903, 0.29264, 1.0, 1]",0.0
0.2928,0,3.4428830950067085e-05,-3.7619758745511434e-08,2.598373287560019e-15,2,"[-0.00282160802332361, 0.013402915451895047, 0.2928, 1.0, 1]",0.0
0.2928055555555556,0,3.442839338882854e-05,-3.761694948104931e-08,2.602524039931113e-15,2,"[-0.0028216615529280398, 0.013403709102688701, 0.2928055555555556, 1.0, 1]",0.0
0.29296,0,3.441609190244806e-05,-3.753788165068001e-08,2.719239180627676e-15,2,"[-0.0028231397914868783, 0.013425772594752184, 0.29296, 1.0, 1]",0.0
0.29312,0,3.440306841038458e-05,-3.745398882848981e-08,2.8428435365643905e-15,2,"[-0.002824651079650152, 0.013448629737609328, 0.29312, 1.0, 1]",0.0
0.29323333333333335,0,3.439367133807413e-05,-3.7393340686494566e-08,2.9320488291804352e-15,2,"[-0.0028257091843213455, 0.01346482021379981, 0.29323333333333335, 1.0, 1]",0.0
0.29328,0,3.438976047387659e-05,-3.736807208694048e-08,2.9691777719699374e-15,2,"[-0.0028261418878134034, 0.013471486880466472, 0.29328, 1.0, 1]",0.0
0.29344000000000003,0,3.437616809292426e-05,-3.7280123234032037e-08,3.098232537939218e-15,2,"[-0.0028276122159766742, 0.013494344023323623, 0.29344000000000003, 1.0, 1]",0.0
0.29359999999999997,0,3.4362291267527425e-05,-3.7190134077764964e-08,3.2299977109919307e-15,2,"[-0.0028290620641399436, 0.013517201166180753, 0.29359999999999997, 1.0, 1]",0.0
0.29366111111111115,0,3.4356916022573476e-05,-3.71552230403167e-08,3.281037738544765e-15,2,"[-0.0028296104206529185, 0.013525931324910919, 0.29366111111111115, 1.0, 1]",0.0
0.29376,0,3.434812999768619e-05,-3.709809642613862e-08,3.364462383971415e-15,2,"[-0.0028304914323032046, 0.013540058309037904, 0.29376, 1.0, 1]",0.0
0.29392,0,3.433368428340045e-05,-3.700400208715307e-08,3.5016148568944e-15,2,"[-0.002831900320466471, 0.013562915451895047, 0.29392, 1.0, 1]",0.0
0.29408,0,3.431895412467031e-05,-3.690784286880854e-08,3.641442627770532e-15,2,"[-0.002833288728629743, 0.013585772594752184, 0.29408, 1.0, 1]",0.0
0.2940888888888889,0,3.431812744232653e-05,-3.690243998112976e-08,3.649289016049707e-15,2,"[-0.0028333652619227517, 0.013587042436022028, 0.2940888888888889, 1.0, 1]",0.0
0.29424,0,3.430393952149566e-05,-3.68096105791053e-08,3.783932383379625e-15,2,"[-0.002834656656792993, 0.013608629737609328, 0.29424, 1.0, 1]",0.0
0.2944,0,3.4288640473876565e-05,-3.670929702604248e-08,3.929069990015595e-15,2,"[-0.002836004104956262, 0.013631486880466472, 0.2944, 1.0, 1]",0.0
0.2945166666666667,0,3.427730559733339e-05,-3.6634834947548564e-08,4.036560218005847e-15,2,"[-0.002836973708130866, 0.013648153547133144, 0.2945166666666667, 1.0, 1]",0.0
0.29456,0,3.427305698181312e-05,-3.6606894017620917e-08,4.076840484182377e-15,2,"[-0.0028373310731195298, 0.013654344023323616, 0.29456, 1.0, 1]",0.0
0.29472,0,3.4257189045305174e-05,-3.6502393361840194e-08,4.227228063262301e-15,2,"[-0.002838637561282803, 0.013677201166180753, 0.29472, 1.0, 1]",0.0
0.29488000000000003,0,3.424103666435283e-05,-3.6395786866700756e-08,4.380216076139152e-15,2,"[-0.002839923569446061, 0.013700058309037904, 0.29488000000000003, 1.0, 1]",0.0
0.29494444444444445,0,3.423445048759402e-05,-3.635225137818862e-08,4.44256694809743e-15,2,"[-0.0028404357592772614, 0.013709264658244253, 0.29494444444444445, 1.0, 1]",0.0
0.29503999999999997,0,3.422459983895592e-05,-3.628706634020232e-08,4.5357870137863225e-15,2,"[-0.0028411890976093243, 0.013722915451895041, 0.29503999999999997, 1.0, 1]",0.0
0.2952,0,3.420787856911472e-05,-3.6176223590344775e-08,4.693922499816335e-15,2,"[-0.0028424341457726, 0.013745772594752192, 0.2952, 1.0, 1]",0.0
0.29536,0,3.419087285482902e-05,-3.606325042512804e-08,4.8546032809882e-15,2,"[-0.002843658713935854, 0.013768629737609329, 0.29536, 1.0, 1]",0.0
0.29537222222222226,0,3.4189562113108455e-05,-3.6054532711662654e-08,4.8669815824867355e-15,2,"[-0.002843751415361903, 0.013770375769355369, 0.29537222222222226, 1.0, 1]",0.0
0.29552,0,3.417358269609881e-05,-3.594813865255193e-08,5.017809217682239e-15,2,"[-0.00284486280209912, 0.013791486880466473, 0.29552, 1.0, 1]",0.0
0.29568,0,3.4156008092924256e-05,-3.58308800806173e-08,5.183519274331505e-15,2,"[-0.0028460464102623914, 0.013814344023323617, 0.29568, 1.0, 1]",0.0
0.2958,0,3.414264047387665e-05,-3.574152238658664e-08,5.309431980905533e-15,2,"[-0.00284692067638484, 0.013831486880466471, 0.2958, 1.0, 1]",0.0
0.29584,0,3.413814904530514e-05,-3.571146651732351e-08,5.351711509820203e-15,2,"[-0.0028472095384256615, 0.013837201166180754, 0.29584, 1.0, 1]",0.0
0.296,0,3.412000555324168e-05,-3.5589889770670774e-08,5.5223630678391746e-15,2,"[-0.0028483521865889164, 0.013860058309037897, 0.296, 1.0, 1]",0.0
0.29616,0,3.410157761673372e-05,-3.5466141648658655e-08,5.695450167204757e-15,2,"[-0.0028494743547521836, 0.013882915451895041, 0.29616, 1.0, 1]",0.0
0.2962277777777778,0,3.409368556989861e-05,-3.5413063841574724e-08,5.769500183776973e-15,2,"[-0.0028499435423460437, 0.013892597991577587, 0.2962277777777778, 1.0, 1]",0.0
0.29632000000000003,0,3.4082865235781354e-05,-3.534021395928782e-08,5.870948092138276e-15,2,"[-0.0028505760429154564, 0.013905772594752192, 0.29632000000000003, 1.0, 1]",0.0
0.29648,0,3.4063868410384485e-05,-3.521209851055781e-08,6.048831182510801e-15,2,"[-0.002851657251078714, 0.01392862973760933, 0.29648, 1.0, 1]",0.0
0.29664,0,3.404458714054322e-05,-3.5081787110468625e-08,6.229072824045533e-15,2,"[-0.002852717979241977, 0.013951486880466473, 0.29664, 1.0, 1]",0.0
0.29665555555555556,0,3.404269740117432e-05,-3.506900051524118e-08,6.246721095330024e-15,2,"[-0.002852820013245501, 0.013953709102688696, 0.29665555555555556, 1.0, 1]",0.0
0.2968,0,3.4025021426257606e-05,-3.4949271567021154e-08,6.411645438481703e-15,2,"[-0.0028537582274052523, 0.013974344023323617, 0.2968, 1.0, 1]",0.0
0.29696,0,3.4005171267527325e-05,-3.481454368821386e-08,6.59652047370696e-15,2,"[-0.0028547779955685054, 0.013997201166180761, 0.29696, 1.0, 1]",0.0
0.29708333333333337,0,3.398967596770369e-05,-3.470917584620085e-08,6.7405811527242674e-15,2,"[-0.002855550089083246, 0.014014820213799812, 0.29708333333333337, 1.0, 1]",0.0
0.29712,0,3.39850366643527e-05,-3.467759528204762e-08,6.783668393840782e-15,2,"[-0.002855777283731771, 0.014020058309037898, 0.29712, 1.0, 1]",0.0
0.29728,0,3.396461761673373e-05,-3.453841815652243e-08,6.9730586692880065e-15,2,"[-0.002856756091895042, 0.014042915451895042, 0.29728, 1.0, 1]",0.0
0.29744,0,3.39439141246702e-05,-3.439700411963874e-08,7.164659766749082e-15,2,"[-0.002857714420058312, 0.014065772594752186, 0.29744, 1.0, 1]",0.0
0.2975111111111111,0,3.393462126948703e-05,-3.433343327306819e-08,7.250516981186642e-15,2,"[-0.0028581337698592654, 0.014075931324910914, 0.2975111111111111, 1.0, 1]",0.0
0.2976,0,3.392292618816244e-05,-3.425334497939564e-08,7.35843913920005e-15,2,"[-0.002858652268221573, 0.014088629737609323, 0.2976, 1.0, 1]",0.0
0.29776,0,3.3901653807209896e-05,-3.410743254379343e-08,7.554363215818712e-15,2,"[-0.00285956963638484, 0.014111486880466474, 0.29776, 1.0, 1]",0.0
0.29792,0,3.388009698181312e-05,-3.395925862083203e-08,7.75239739189173e-15,2,"[-0.0028604665245481053, 0.014134344023323617, 0.29792, 1.0, 1]",0.0
0.2979388888888889,0,3.3877533306524025e-05,-3.394161623445781e-08,7.775914035147145e-15,2,"[-0.002860571055573545, 0.01413704243602203, 0.2979388888888889, 1.0, 1]",0.0
0.29808,0,3.385825571197178e-05,-3.3808815018511666e-08,7.952506018665683e-15,2,"[-0.0028613429327113624, 0.014157201166180761, 0.29808, 1.0, 1]",0.0
0.29824,0,3.38361299976861e-05,-3.3656093544832364e-08,8.154652393173801e-15,2,"[-0.0028621988608746388, 0.014180058309037898, 0.29824, 1.0, 1]",0.0
0.29836666666666667,0,3.3818412078814885e-05,-3.3533568168983955e-08,8.316105225391606e-15,2,"[-0.0028628619462261126, 0.014198153547133139, 0.29836666666666667, 1.0, 1]",0.0
0.2984,0,3.381371983895596e-05,-3.350108600779434e-08,8.358798748014644e-15,2,"[-0.002863034309037907, 0.014202915451895042, 0.2984, 1.0, 1]",0.0
0.29856,0,3.3791025235781484e-05,-3.33437842153969e-08,8.564906241100244e-15,2,"[-0.0028638492772011595, 0.014225772594752186, 0.29856, 1.0, 1]",0.0
0.29872,0,3.376804618816234e-05,-3.318417997564009e-08,8.772934945356683e-15,2,"[-0.0028646437653644247, 0.01424862973760933, 0.29872, 1.0, 1]",0.0
0.2987944444444445,0,3.3757257586359397e-05,-3.3109132515261025e-08,8.87036953221235e-15,2,"[-0.0028650064418169405, 0.014259264658244255, 0.2987944444444445, 1.0, 1]",0.0
0.29888000000000003,0,3.3744782696098845e-05,-3.302226509652505e-08,8.982843838394822e-15,2,"[-0.0028654177735277023, 0.014271486880466474, 0.29888000000000003, 1.0, 1]",0.0
0.29904,0,3.37212347595909e-05,-3.285803138605054e-08,9.194590792142027e-15,2,"[-0.0028661713016909646, 0.014294344023323611, 0.29904, 1.0, 1]",0.0
0.2992,0,3.3697402378638506e-05,-3.26914706522167e-08,9.4081325624283e-15,2,"[-0.0028669043498542254, 0.014317201166180762, 0.2992, 1.0, 1]",0.0
0.2992222222222222,0,3.3694069829157776e-05,-3.26681527119046e-08,9.43793060457164e-15,2,"[-0.0028670045423460286, 0.014320375769355364, 0.2992222222222222, 1.0, 1]",0.0
0.29936,0,3.367328555324166e-05,-3.252257470302432e-08,9.623424778539837e-15,2,"[-0.002867616918017492, 0.014340058309037906, 0.29936, 1.0, 1]",0.0
0.29952,0,3.3648884283400357e-05,-3.235133534647279e-08,9.840421932736969e-15,2,"[-0.0028683090061807567, 0.014362915451895043, 0.29952, 1.0, 1]",0.0
0.29965,0,3.3628848807209914e-05,-3.2210472197527944e-08,1.0017955345274867e-14,2,"[-0.0028688562478134116, 0.014381486880466473, 0.29965, 1.0, 1]",0.0
0.29968,0,3.362419856911471e-05,-3.217774439056209e-08,1.0059077369727074e-14,2,"[-0.0028689806143440133, 0.014385772594752187, 0.29968, 1.0, 1]",0.0
0.29984,0,3.3599228410384615e-05,-3.200179364329267e-08,1.0279343276101364e-14,2,"[-0.0028696317425072893, 0.01440862973760933, 0.29984, 1.0, 1]",0.0
0.3,0,3.357397380720996e-05,-3.182347491266408e-08,1.0501170669737444e-14,2,"[-0.002870262390670557, 0.014431486880466467, 0.3, 1.0, 1]",0.0
0.3000777777777778,0,3.356159452051581e-05,-3.17359344107462e-08,1.0609552482141376e-14,2,"[-0.002870561558219055, 0.014442597991577582, 0.3000777777777778, 1.0, 1]",0.0
0.30016,0,3.3548434759590956e-05,-3.164278000667632e-08,1.0724509389159151e-14,2,"[-0.002870872558833823, 0.014454344023323611, 0.30016, 1.0, 1]",0.0
0.30032000000000003,0,3.3522611267527394e-05,-3.1459700733329404e-08,1.094930808285747e-14,2,"[-0.0028714622469970807, 0.014477201166180762, 0.30032000000000003, 1.0, 1]",0.0
0.30047999999999997,0,3.349650333101949e-05,-3.127422890062374e-08,1.1175514198577402e-14,2,"[-0.002872031455160351, 0.0145000583090379, 0.30047999999999997, 1.0, 1]",0.0
0.3005055555555556,0,3.3492306969075576e-05,-3.124438279017421e-08,1.1211771125192522e-14,2,"[-0.0028721204735629655, 0.014503709102688698, 0.3005055555555556, 1.0, 1]",0.0
0.30064,0,3.347011095006713e-05,-3.1086356316559174e-08,1.1403073972563089e-14,2,"[-0.0028725801833236198, 0.014522915451895043, 0.30064, 1.0, 1]",0.0
0.3008,0,3.344343412467032e-05,-3.0896074789135186e-08,1.1631932418766833e-14,2,"[-0.00287310843148688, 0.014545772594752187, 0.3008, 1.0, 1]",0.0
0.30093333333333333,0,3.342098615288899e-05,-3.0735660774425987e-08,1.1823599309842377e-14,2,"[-0.002873532993845157, 0.014564820213799807, 0.30093333333333333, 1.0, 1]",0.0
0.30096,0,3.3416472854829057e-05,-3.0703376126352257e-08,1.1862033318015951e-14,2,"[-0.002873616199650146, 0.01456862973760933, 0.30096, 1.0, 1]",0.0
0.30112,0,3.338922714054334e-05,-3.0508252136210606e-08,1.2093319207146166e-14,2,"[-0.0028741034878134106, 0.014591486880466475, 0.30112, 1.0, 1]",0.0
0.30128,0,3.3361696981813174e-05,-3.031069462670956e-08,1.2325731368095532e-14,2,"[-0.0028745702959766736, 0.014614344023323612, 0.30128, 1.0, 1]",0.0
0.30136111111111114,0,3.3347632071956275e-05,-3.020961180211636e-08,1.2443962526096227e-14,2,"[-0.0028747991190656227, 0.014625931324910923, 0.30136111111111114, 1.0, 1]",0.0
0.30144,0,3.3333882378638554e-05,-3.011069540584957e-08,1.2559209816955712e-14,2,"[-0.002875016624139942, 0.014637201166180756, 0.30144, 1.0, 1]",0.0
0.3016,0,3.330578333101948e-05,-2.9908246281630406e-08,1.2793693292991301e-14,2,"[-0.0028754424723032093, 0.0146600583090379, 0.3016, 1.0, 1]",0.0
0.30176000000000003,0,3.3277399838956066e-05,-2.970333906205256e-08,1.3029119247615802e-14,2,"[-0.002875847840466482, 0.01468291545189505, 0.30176000000000003, 1.0, 1]",0.0
0.3017888888888889,0,3.327224472627721e-05,-2.9666079311859616e-08,1.3071722233755889e-14,2,"[-0.0028759188492243418, 0.014687042436022025, 0.3017888888888889, 1.0, 1]",0.0
0.30192,0,3.324873190244809e-05,-2.9495965555115278e-08,1.3265423833333113e-14,2,"[-0.0028762327286297323, 0.014705772594752187, 0.30192, 1.0, 1]",0.0
0.30208,0,3.321977952149566e-05,-2.9286117568819522e-08,1.3502541892636308e-14,2,"[-0.002876597136793002, 0.014728629737609331, 0.30208, 1.0, 1]",0.0
0.3022166666666667,0,3.31948241158519e-05,-2.910490674227076e-08,1.3705674363633407e-14,2,"[-0.002876892184321349, 0.01474815354713314, 0.3022166666666667, 1.0, 1]",0.0
0.30224,0,3.319054269609889e-05,-2.90737869111646e-08,1.3740406946874954e-14,2,"[-0.0028769410649562774, 0.014751486880466475, 0.30224, 1.0, 1]",0.0
0.3024,0,3.3161021426257554e-05,-2.8858965390150025e-08,1.3978951185075831e-14,2,"[-0.0028772645131195304, 0.014774344023323612, 0.3024, 1.0, 1]",0.0
0.30256,0,3.313121571197188e-05,-2.8641644813776986e-08,1.4218105452729607e-14,2,"[-0.002877567481282796, 0.014797201166180756, 0.30256, 1.0, 1]",0.0
0.30264444444444444,0,3.3115370240680464e-05,-2.852593753196361e-08,1.4344547804773518e-14,2,"[-0.002877719124356623, 0.01480926465824425, 0.30264444444444444, 1.0, 1]",0.0
0.30272,0,3.310112555324175e-05,-2.842181699004501e-08,1.44577992405417e-14,2,"[-0.002877849969446067, 0.0148200583090379, 0.30272, 1.0, 1]",0.0
0.30288,0,3.3070750950067057e-05,-2.81994737269536e-08,1.4697960673140537e-14,2,"[-0.0028781119776093225, 0.014842915451895044, 0.30288, 1.0, 1]",0.0
0.30304,0,3.304009190244802e-05,-2.7974606832503028e-08,1.4938516497749004e-14,2,"[-0.0028783535057725906, 0.01486577259475218, 0.30304, 1.0, 1]",0.0
0.30307222222222224,0,3.3033883100762676e-05,-2.7929015119552993e-08,1.4987002877676926e-14,2,"[-0.0028783996693301575, 0.014870375769355366, 0.30307222222222224, 1.0, 1]",0.0
0.3032,0,3.3009148410384644e-05,-2.7747208114694025e-08,1.5179392072816305e-14,2,"[-0.0028785745539358643, 0.014888629737609332, 0.3032, 1.0, 1]",0.0
0.30336,0,3.2977920473876705e-05,-2.7517269381525574e-08,1.5420511356616205e-14,2,"[-0.0028787751220991295, 0.014911486880466476, 0.30336, 1.0, 1]",0.0
0.3035,0,3.2950362696098864e-05,-2.731398294365434e-08,1.563162979353896e-14,2,"[-0.00287893381924198, 0.014931486880466468, 0.3035, 1.0, 1]",0.0
0.30352,0,3.2946408092924206e-05,-2.7284782440998187e-08,1.5661796895800084e-14,2,"[-0.0028789552102623864, 0.01493434402332362, 0.30352, 1.0, 1]",0.0
0.30368,0,3.291461126752736e-05,-2.7049739101111862e-08,1.5903169813918278e-14,2,"[-0.0028791148184256557, 0.014957201166180756, 0.30368, 1.0, 1]",0.0
0.30384,0,3.2882529997686175e-05,-2.681213116986634e-08,1.6144549799898233e-14,2,"[-0.0028792539465889236, 0.0149800583090379, 0.30384, 1.0, 1]",0.0
0.3039277777777778,0,3.28648090266887e-05,-2.668068444288057e-08,1.6276947099492597e-14,2,"[-0.0028793215740920766, 0.014992597991577584, 0.3039277777777778, 1.0, 1]",0.0
0.304,0,3.285016428340043e-05,-2.65719504552619e-08,1.6385855096484992e-14,2,"[-0.002879372594752176, 0.015002915451895044, 0.304, 1.0, 1]",0.0
0.30416,0,3.2817514124670226e-05,-2.6329188765298034e-08,1.6627002488648207e-14,2,"[-0.002879470762915448, 0.015025772594752181, 0.30416, 1.0, 1]",0.0
0.30432000000000003,0,3.278457952149568e-05,-2.6083837907975987e-08,1.686790729194251e-14,2,"[-0.0028795484510787187, 0.015048629737609332, 0.30432000000000003, 1.0, 1]",0.0
0.3043555555555556,0,3.27772220925323e-05,-2.6028963055847647e-08,1.6921400109853462e-14,2,"[-0.0028795629338804266, 0.0150537091026887, 0.3043555555555556, 1.0, 1]",0.0
0.30448,0,3.275136047387658e-05,-2.5835889691294467e-08,1.7108483340839254e-14,2,"[-0.0028796056592419877, 0.015071486880466469, 0.30448, 1.0, 1]",0.0
0.30464,0,3.271785698181313e-05,-2.55853359232538e-08,1.734864297701148e-14,2,"[-0.0028796423874052415, 0.01509434402332362, 0.30464, 1.0, 1]",0.0
0.30478333333333335,0,3.2687601893629766e-05,-2.5358662221169597e-08,1.7563359323382643e-14,2,"[-0.0028796578986070645, 0.015114820213799809, 0.30478333333333335, 1.0, 1]",0.0
0.3048,0,3.268406904530523e-05,-2.533216841185419e-08,1.758829703758406e-14,2,"[-0.0028796586355685147, 0.015117201166180757, 0.3048, 1.0, 1]",0.0
0.30496,0,3.2649996664352765e-05,-2.5076378965095146e-08,1.7827354843347286e-14,2,"[-0.0028796544037317795, 0.0151400583090379, 0.30496, 1.0, 1]",0.0
0.30512,0,3.261563983895596e-05,-2.4817959390977413e-08,1.8065724186928798e-14,2,"[-0.002879629691895036, 0.015162915451895045, 0.30512, 1.0, 1]",0.0
0.30521111111111116,0,3.259594842998088e-05,-2.466962537746076e-08,1.8201118826546505e-14,2,"[-0.0028796064682719696, 0.015175931324910925, 0.30521111111111116, 1.0, 1]",0.0
0.30528,0,3.25809985691147e-05,-2.4556901497500994e-08,1.8303311320929318e-14,2,"[-0.002879584500058305, 0.015185772594752189, 0.30528, 1.0, 1]",0.0
0.30544,0,3.254607285482899e-05,-2.4293197092665392e-08,1.854002094602058e-14,2,"[-0.002879518828221579, 0.015208629737609326, 0.30544, 1.0, 1]",0.0
0.3056,0,3.251086269609883e-05,-2.4026837984470358e-08,1.8775756199002517e-14,2,"[-0.0028794326763848313, 0.01523148688046647, 0.3056, 1.0, 1]",0.0
0.3056388888888889,0,3.2502261701585866e-05,-2.3961695963335906e-08,1.8832894682790548e-14,2,"[-0.002879408642875135, 0.015237042436022027, 0.3056388888888889, 1.0, 1]",0.0
0.30576000000000003,0,3.2475368092924214e-05,-2.3757815980916898e-08,1.9010418640822185e-14,2,"[-0.002879326044548103, 0.01525434402332362, 0.30576000000000003, 1.0, 1]",0.0
0.30591999999999997,0,3.2439589045305146e-05,-2.3486122890003983e-08,1.9243908244560034e-14,2,"[-0.002879198932711373, 0.01527720116618075, 0.30591999999999997, 1.0, 1]",0.0
0.3060666666666667,0,3.240654170844461e-05,-2.323471741740883e-08,1.9456823307817552e-14,2,"[-0.0028790644224165815, 0.015298153547133143, 0.3060666666666667, 1.0, 1]",0.0
0.30608,0,3.240352555324163e-05,-2.3211750519731657e-08,1.9476123383369408e-14,2,"[-0.0028790513408746415, 0.015300058309037901, 0.30608, 1.0, 1]",0.0
0.30624,0,3.2367177616733763e-05,-2.2934690678101137e-08,1.970696081838219e-14,2,"[-0.002878883269037895, 0.015322915451895045, 0.30624, 1.0, 1]",0.0
0.3064,0,3.233054523578134e-05,-2.265493517311118e-08,1.9936315686578963e-14,2,"[-0.0028786947172011676, 0.015345772594752189, 0.3064, 1.0, 1]",0.0
0.30649444444444446,0,3.2308788450557e-05,-2.2488533178295804e-08,2.0070959830870277e-14,2,"[-0.002878573806896309, 0.015359264658244252, 0.30649444444444446, 1.0, 1]",0.0
0.30656,0,3.229362841038457e-05,-2.2372475812762037e-08,2.0164081488615134e-14,2,"[-0.002878485685364432, 0.015368629737609326, 0.30656, 1.0, 1]",0.0
0.30672,0,3.225642714054324e-05,-2.2087304405053705e-08,2.0390150076610748e-14,2,"[-0.002878256173527688, 0.01539148688046647, 0.30672, 1.0, 1]",0.0
0.30688,0,3.221894142625757e-05,-2.17994127579872e-08,2.0614411641903816e-14,2,"[-0.0028780061816909563, 0.015414344023323614, 0.30688, 1.0, 1]",0.0
0.30692222222222226,0,3.2209001927923156e-05,-2.17229866846094e-08,2.0673276442033266e-14,2,"[-0.002877936796314283, 0.015420375769355368, 0.30692222222222226, 1.0, 1]",0.0
0.30704,0,3.218117126752734e-05,-2.1508792679561005e-08,2.0836754702765535e-14,2,"[-0.0028777357098542303, 0.015437201166180758, 0.30704, 1.0, 1]",0.0
0.30720000000000003,0,3.214311666435276e-05,-2.1215435977775634e-08,2.1057066092072997e-14,2,"[-0.002877444758017489, 0.015460058309037902, 0.30720000000000003, 1.0, 1]",0.0
0.30735,0,3.210718214054318e-05,-2.093792137496538e-08,2.1261660725524147e-14,2,"[-0.002877153390670552, 0.015481486880466477, 0.30735, 1.0, 1]",0.0
0.30736,0,3.210477761673373e-05,-2.0919334460631572e-08,2.12752309449465e-14,2,"[-0.002877133326180753, 0.015482915451895046, 0.30736, 1.0, 1]",0.0
0.30752,0,3.206615412467025e-05,-2.0620479936128325e-08,2.1491132686350743e-14,2,"[-0.0028768014143440226, 0.01550577259475219, 0.30752, 1.0, 1]",0.0
0.30768,0,3.2027246188162314e-05,-2.031886421226614e-08,2.1704653018653064e-14,2,"[-0.002876449022507291, 0.015528629737609333, 0.30768, 1.0, 1]",0.0
0.3077777777777778,0,3.200332908841717e-05,-2.0133180687978315e-08,2.1833913979006962e-14,2,"[-0.002876223589965088, 0.015542597991577586, 0.3077777777777778, 1.0, 1]",0.0
0.30784,0,3.1988053807210036e-05,-2.0014479097045028e-08,2.1915671909147085e-14,2,"[-0.0028760761506705507, 0.01555148688046647, 0.30784, 1.0, 1]",0.0
0.308,0,3.194857698181309e-05,-1.970731639846447e-08,2.2124067577535252e-14,2,"[-0.002875682798833816, 0.015574344023323614, 0.308, 1.0, 1]",0.0
0.30816,0,3.190881571197191e-05,-1.9397367924525235e-08,2.2329716483376124e-14,2,"[-0.002875268966997087, 0.015597201166180758, 0.30816, 1.0, 1]",0.0
0.30820555555555557,0,3.1897442771544604e-05,-1.930860806226195e-08,2.2387749518904765e-14,2,"[-0.002875147394197884, 0.015603709102688695, 0.30820555555555557, 1.0, 1]",0.0
0.30832,0,3.1868769997686055e-05,-1.9084625483226805e-08,2.2532493313489445e-14,2,"[-0.0028748346551603424, 0.015620058309037895, 0.30832, 1.0, 1]",0.0
0.30848,0,3.182843983895597e-05,-1.8769080882569708e-08,2.2732270969327917e-14,2,"[-0.0028743798633236103, 0.01564291545189504, 0.30848, 1.0, 1]",0.0
0.30863333333333337,0,3.178952318992612e-05,-1.8464046936431376e-08,2.29207909717253e-14,2,"[-0.0028739248033689616, 0.01566482021379981, 0.30863333333333337, 1.0, 1]",0.0
0.30864,0,3.178782523578143e-05,-1.8450725930552926e-08,2.2928920554305934e-14,2,"[-0.002873904591486884, 0.01566577259475219, 0.30864, 1.0, 1]",0.0
0.3088,0,3.174692618816233e-05,-1.812955243517745e-08,2.312231136109061e-14,2,"[-0.002873408839650135, 0.015688629737609334, 0.3088, 1.0, 1]",0.0
0.30896,0,3.1705742696098776e-05,-1.7805552204443307e-08,2.3312310858859182e-14,2,"[-0.0028728926078134057, 0.01571148688046647, 0.30896, 1.0, 1]",0.0
0.3090611111111111,0,3.167957034356107e-05,-1.759934074910109e-08,2.343057055138531e-14,2,"[-0.002872555817478313, 0.01572593132491092, 0.3090611111111111, 1.0, 1]",0.0
0.30912,0,3.166427475959099e-05,-1.7478717046349963e-08,2.3498784680513945e-14,2,"[-0.002872355895976675, 0.015734344023323615, 0.30912, 1.0, 1]",0.0
0.30928,0,3.162252237863842e-05,-1.7149038768896916e-08,2.3681596609856447e-14,2,"[-0.0028717987041399426, 0.01575720116618076, 0.30928, 1.0, 1]",0.0
0.30944,0,3.158048555324173e-05,-1.6816509180085723e-08,2.386060856873066e-14,2,"[-0.002871221032303202, 0.015780058309037902, 0.30944, 1.0, 1]",0.0
0.3094888888888889,0,3.1567584232449885e-05,-1.6714332938885676e-08,2.3914527322554017e-14,2,"[-0.002871040436525925, 0.015787042436022036, 0.3094888888888889, 1.0, 1]",0.0
0.3096,0,3.153816428340037e-05,-1.6481120087915342e-08,2.4035680604120908e-14,2,"[-0.002870622880466467, 0.01580291545189504, 0.3096, 1.0, 1]",0.0
0.30976000000000004,0,3.149555856911477e-05,-1.6142863300385253e-08,2.420667087521794e-14,2,"[-0.0028700042486297372, 0.01582577259475219, 0.30976000000000004, 1.0, 1]",0.0
0.3099166666666667,0,3.145356485659268e-05,-1.580886694439964e-08,2.437000544999333e-14,2,"[-0.0028693786605118177, 0.015848153547133138, 0.3099166666666667, 1.0, 1]",0.0
0.30992,0,3.1452668410384505e-05,-1.580173062549647e-08,2.4373435640436746e-14,2,"[-0.0028693651367929923, 0.015848629737609327, 0.30992, 1.0, 1]",0.0
0.31008,0,3.1409493807210004e-05,-1.5457713871249043e-08,2.4535829244409842e-14,2,"[-0.00286870554495626, 0.015871486880466478, 0.31008, 1.0, 1]",0.0
0.31024,0,3.136603475959083e-05,-1.511080484564189e-08,2.4693704104929726e-14,2,"[-0.002868025473119533, 0.015894344023323615, 0.31024, 1.0, 1]",0.0
0.3103444444444445,0,3.133751221598901e-05,-1.4882786204257014e-08,2.4794252433909052e-14,2,"[-0.0028675704894359916, 0.015909264658244254, 0.3103444444444445, 1.0, 1]",0.0
0.3104,0,3.132229126752743e-05,-1.4760995356676069e-08,2.4846910699860533e-14,2,"[-0.0028673249212828045, 0.01591720116618076, 0.3104, 1.0, 1]",0.0
0.31056,0,3.127826333101935e-05,-1.4408277212351586e-08,2.499529755400654e-14,2,"[-0.002866603889446054, 0.015940058309037903, 0.31056, 1.0, 1]",0.0
0.31072,0,3.123395095006715e-05,-1.4052642220667912e-08,2.5138711225949762e-14,2,"[-0.0028658623776093295, 0.01596291545189504, 0.31072, 1.0, 1]",0.0
0.3107722222222222,0,3.1219426310639324e-05,-1.3935934157073393e-08,2.5184417331312284e-14,2,"[-0.002865615923298412, 0.015970375769355363, 0.3107722222222222, 1.0, 1]",0.0
0.31088,0,3.118935412467017e-05,-1.3694082189624508e-08,2.52769962948374e-14,2,"[-0.002865100385772597, 0.015985772594752184, 0.31088, 1.0, 1]",0.0
0.31104,0,3.114447285482906e-05,-1.3332588927222978e-08,2.5409995347143666e-14,2,"[-0.0028643179139358557, 0.016008629737609328, 0.31104, 1.0, 1]",0.0
0.31120000000000003,0,3.109930714054318e-05,-1.2968154241462258e-08,2.5537548963383428e-14,2,"[-0.00286351496209912, 0.01603148688046648, 0.31120000000000003, 1.0, 1]",0.0
0.31135999999999997,0,3.105385698181306e-05,-1.2600769940342332e-08,2.565949570479606e-14,2,"[-0.00286269153026239, 0.01605434402332361, 0.31135999999999997, 1.0, 1]",0.0
0.31152,0,3.1008122378638485e-05,-1.2230427831863224e-08,2.577567209998165e-14,2,"[-0.0028618476184256447, 0.01607720116618076, 0.31152, 1.0, 1]",0.0
0.3116277777777778,0,3.097715470570101e-05,-1.1979289896038133e-08,2.585059410884806e-14,2,"[-0.0028612676058381026, 0.01609259799157758, 0.3116277777777778, 1.0, 1]",0.0
0.31168,0,3.096210333101946e-05,-1.1857119724024912e-08,2.5885912631506626e-14,2,"[-0.002860983226588912, 0.016100058309037903, 0.31168, 1.0, 1]",0.0
0.31184,0,3.0915799838955875e-05,-1.1480837424827943e-08,2.599004972246691e-14,2,"[-0.0028600983547521844, 0.016122915451895047, 0.31184, 1.0, 1]",0.0
0.312,0,3.0869211902448054e-05,-1.1101572742271777e-08,2.608791372301668e-14,2,"[-0.0028591930029154555, 0.016145772594752184, 0.312, 1.0, 1]",0.0
0.3120555555555556,0,3.085296900611249e-05,-1.0969184559416654e-08,2.612039568335314e-14,2,"[-0.0028588738545153453, 0.016153709102688697, 0.3120555555555556, 1.0, 1]",0.0
0.31216,0,3.0822339521495564e-05,-1.0719317484356958e-08,2.6179332896851374e-14,2,"[-0.0028582671710787114, 0.016168629737609328, 0.31216, 1.0, 1]",0.0
0.31232,0,3.077518269609884e-05,-1.0334063459082939e-08,2.6264133407663267e-14,2,"[-0.0028573208592419796, 0.016191486880466472, 0.31232, 1.0, 1]",0.0
0.31248,0,3.072774142625766e-05,-9.945802474449178e-09,2.6342139305547586e-14,2,"[-0.0028563540674052465, 0.01621434402332361, 0.31248, 1.0, 1]",0.0
0.31248333333333334,0,3.0726750041777944e-05,-9.937681670211804e-09,2.6343690904860853e-14,2,"[-0.002856333708130869, 0.016214820213799806, 0.31248333333333334, 1.0, 1]",0.0
0.31264000000000003,0,3.068001571197192e-05,-9.554526338457316e-09,2.6413172513376507e-14,2,"[-0.002855366795568505, 0.01623720116618076, 0.31264000000000003, 1.0, 1]",0.0
0.31279999999999997,0,3.063200555324184e-05,-9.16022685910624e-09,2.6477052813137022e-14,2,"[-0.002854359043731776, 0.016260058309037897, 0.31279999999999997, 1.0, 1]",0.0
0.31291111111111114,0,3.059849781269694e-05,-8.884624667038144e-09,2.651710944503831e-14,2,"[-0.002853647166684667, 0.01627593132491092, 0.31291111111111114, 1.0, 1]",0.0
0.31296,0,3.058371095006709e-05,-8.762895844395437e-09,2.6533597832222877e-14,2,"[-0.0028533308118950454, 0.016282915451895048, 0.31296, 1.0, 1]",0.0
0.31312,0,3.0535131902447886e-05,-8.362525102326524e-09,2.6582623029695015e-14,2,"[-0.0028522821000582996, 0.016305772594752185, 0.31312, 1.0, 1]",0.0
0.31328,0,3.0486268410384555e-05,-7.95910644089786e-09,2.662394168250252e-14,2,"[-0.002851212908221566, 0.01632862973760933, 0.31328, 1.0, 1]",0.0
0.3133388888888889,0,3.046821231886981e-05,-7.809856988509647e-09,2.6637171566665028e-14,2,"[-0.002850814230176718, 0.016337042436022024, 0.3133388888888889, 1.0, 1]",0.0
0.31344,0,3.0437120473876555e-05,-7.552631668110546e-09,2.665736487165849e-14,2,"[-0.0028501232363848383, 0.016351486880466472, 0.31344, 1.0, 1]",0.0
0.3136,0,3.038768809292421e-05,-7.143092591964031e-09,2.6682701468389907e-14,2,"[-0.002849013084548109, 0.01637434402332361, 0.3136, 1.0, 1]",0.0
0.31376,0,3.0337971267527524e-05,-6.73048102045887e-09,2.6699758120237846e-14,2,"[-0.0028478824527113644, 0.016397201166180753, 0.31376, 1.0, 1]",0.0
0.3137666666666667,0,3.0335893560296326e-05,-6.71322207324197e-09,2.670028624703811e-14,2,"[-0.0028478348986070573, 0.01639815354713314, 0.3137666666666667, 1.0, 1]",0.0
0.31392,0,3.0287969997686167e-05,-6.31478876159451e-09,2.6708339237124826e-14,2,"[-0.0028467313408746323, 0.016420058309037897, 0.31392, 1.0, 1]",0.0
0.31408,0,3.0237684283400358e-05,-5.896007623370955e-09,2.6708246977384643e-14,2,"[-0.0028455597490379056, 0.016442915451895048, 0.31408, 1.0, 1]",0.0
0.31419444444444444,0,3.020154153697682e-05,-5.5945633598485385e-09,2.6702749287394028e-14,2,"[-0.0028447091719756706, 0.01645926465824425, 0.31419444444444444, 1.0, 1]",0.0
0.31424,0,3.0187114124670205e-05,-5.4741294137881915e-09,2.669928123375061e-14,2,"[-0.0028443676772011567, 0.016465772594752185, 0.31424, 1.0, 1]",0.0
0.3144,0,3.013625952149549e-05,-5.049145940846782e-09,2.668123961930631e-14,2,"[-0.002843155125364427, 0.01648862973760933, 0.3144, 1.0, 1]",0.0
0.31456,0,3.0085120473876542e-05,-4.621049012545612e-09,2.6653917453401788e-14,2,"[-0.002841922093527696, 0.016511486880466473, 0.31456, 1.0, 1]",0.0
0.31462222222222225,0,3.0065156248910855e-05,-4.453724286943893e-09,2.6640741408327944e-14,2,"[-0.0028414370502825373, 0.016520375769355364, 0.31462222222222225, 1.0, 1]",0.0
0.31472,0,3.003369698181314e-05,-4.1898304368863595e-09,2.6617107747524248e-14,2,"[-0.002840668581690964, 0.016534344023323617, 0.31472, 1.0, 1]",0.0
0.31488,0,2.998198904530518e-05,-3.755482021867906e-09,2.6570601191137867e-14,2,"[-0.002839394589854223, 0.016557201166180754, 0.31488, 1.0, 1]",0.0
0.31504,0,2.9929996664352873e-05,-3.31799557549025e-09,2.6514186137481605e-14,2,"[-0.0028381001180174947, 0.016580058309037898, 0.31504, 1.0, 1]",0.0
0.31505,0,2.9926737696098758e-05,-3.2905482931442496e-09,2.651032633122978e-14,2,"[-0.002838018533527692, 0.016581486880466473, 0.31505, 1.0, 1]",0.0
0.31520000000000004,0,2.9877719838955897e-05,-2.8773629057528275e-09,2.6447648589327208e-14,2,"[-0.002836785166180758, 0.01660291545189505, 0.31520000000000004, 1.0, 1]",0.0
0.31536,0,2.9825158569114795e-05,-2.4335758206573242e-09,2.6370772184704172e-14,2,"[-0.002835449734344013, 0.01662577259475218, 0.31536, 1.0, 1]",0.0
0.3154777777777778,0,2.978628587854053e-05,-2.1048788170619086e-09,2.630744884572134e-14,2,"[-0.0028344536217111208, 0.016642597991577582, 0.3154777777777778, 1.0, 1]",0.0
0.31552,0,2.9772312854828916e-05,-1.9866261282020544e-09,2.6283338182578456e-14,2,"[-0.0028340938225072804, 0.01664862973760933, 0.31552, 1.0, 1]",0.0
0.31568,0,2.971918269609891e-05,-1.5365056363887124e-09,2.6185125448503183e-14,2,"[-0.0028327174306705533, 0.016671486880466473, 0.31568, 1.0, 1]",0.0
0.31584,0,2.9665768092924124e-05,-1.0832061532155979e-09,2.6075910440219208e-14,2,"[-0.002831320558833811, 0.016694344023323617, 0.31584, 1.0, 1]",0.0
0.31590555555555555,0,2.964380079623595e-05,-8.965592973125279e-10,2.602793286310127e-14,2,"[-0.002830742314832803, 0.01670370910268869, 0.31590555555555555, 1.0, 1]",0.0
0.316,0,2.961206904530532e-05,-6.267194866838472e-10,2.5955467193230106e-14,2,"[-0.002829903206997081, 0.016717201166180754, 0.316, 1.0, 1]",0.0
0.31616,0,2.955808555324174e-05,-1.6703744479289097e-10,2.5823567306324896e-14,2,"[-0.0028284653751603495, 0.016740058309037898, 0.31616, 1.0, 1]",0.0
0.31632,0,2.9503817616733817e-05,2.958481644566991e-10,2.5679979927076797e-14,2,"[-0.0028270070633236166, 0.016762915451895042, 0.31632, 1.0, 1]",0.0
0.31633333333333336,0,2.949928244918524e-05,3.345668274887746e-10,2.566747945580129e-14,2,"[-0.002826884612892773, 0.016764820213799807, 0.31633333333333336, 1.0, 1]",0.0
0.31648,0,2.944926523578133e-05,7.619455330654945e-10,2.55244717372919e-14,2,"[-0.0028255282714868754, 0.016785772594752186, 0.31648, 1.0, 1]",0.0
0.31664000000000003,0,2.939442841038472e-05,1.2312628530340714e-09,2.5356806938427664e-14,2,"[-0.0028240289996501466, 0.01680862973760933, 0.31664000000000003, 1.0, 1]",0.0
0.3167611111111111,0,2.935273083738818e-05,1.5886561187286005e-09,2.5221664882844414e-14,2,"[-0.0028228805158910103, 0.016825931324910916, 0.3167611111111111, 1.0, 1]",0.0
0.31679999999999997,0,2.933930714054322e-05,1.703808316361281e-09,2.5176747236965115e-14,2,"[-0.0028225092478134164, 0.016831486880466467, 0.31679999999999997, 1.0, 1]",0.0
0.31696,0,2.9283901426257596e-05,2.179590115047123e-09,2.4984051829754307e-14,2,"[-0.002820969015976671, 0.016854344023323618, 0.31696, 1.0, 1]",0.0
0.31712,0,2.9228211267527302e-05,2.6586164410927498e-09,2.47784773893071e-14,2,"[-0.002819408304139938, 0.01687720116618076, 0.31712, 1.0, 1]",0.0
0.3171888888888889,0,2.9204145960845095e-05,2.8658651377918385e-09,2.4685938601315504e-14,2,"[-0.002818730023827515, 0.016887042436022032, 0.3171888888888889, 1.0, 1]",0.0
0.31728,0,2.917223666435288e-05,3.140895486495849e-09,2.455977804906586e-14,2,"[-0.0028178271123032103, 0.0169000583090379, 0.31728, 1.0, 1]",0.0
0.31744,0,2.911597761673379e-05,3.626435443259314e-09,2.4327705388620264e-14,2,"[-0.0028162254404664674, 0.016922915451895042, 0.31744, 1.0, 1]",0.0
0.3176,0,2.9059434124670248e-05,4.1152445033819885e-09,2.4082008418898666e-14,2,"[-0.00281460328862973, 0.016945772594752186, 0.3176, 1.0, 1]",0.0
0.31761666666666666,0,2.9053527819555554e-05,4.166350446063944e-09,2.4055621263833353e-14,2,"[-0.0028144331367023004, 0.016948153547133134, 0.31761666666666666, 1.0, 1]",0.0
0.31776,0,2.9002606188162252e-05,4.607330858863292e-09,2.3822433567312006e-14,2,"[-0.002812960656793005, 0.016968629737609323, 0.31776, 1.0, 1]",0.0
0.31792,0,2.8945493807210022e-05,5.102702701703222e-09,2.354872466286346e-14,2,"[-0.002811297544956272, 0.016991486880466467, 0.31792, 1.0, 1]",0.0
0.31804444444444446,0,2.8900876413519988e-05,5.490268604930965e-09,2.332590270203724e-14,2,"[-0.002809989854515353, 0.01700926465824425, 0.31804444444444446, 1.0, 1]",0.0
0.31808000000000003,0,2.8888096981813014e-05,5.601368223902947e-09,2.3260622921216157e-14,2,"[-0.0028096139531195233, 0.017014344023323618, 0.31808000000000003, 1.0, 1]",0.0
0.31823999999999997,0,2.883041571197188e-05,6.103335617461291e-09,2.2957866929731082e-14,2,"[-0.002807909881282794, 0.017037201166180755, 0.31823999999999997, 1.0, 1]",0.0
0.3184,0,2.8772449997686075e-05,6.608613074378269e-09,2.2640192632453932e-14,2,"[-0.0028061853294460704, 0.0170600583090379, 0.3184, 1.0, 1]",0.0
0.31847222222222227,0,2.8746191742738073e-05,6.837776175777194e-09,2.2491839896073392e-14,2,"[-0.002805400177266666, 0.017070375769355366, 0.31847222222222227, 1.0, 1]",0.0
0.31856,0,2.8714199838956035e-05,7.11720878665504e-09,2.230733331507582e-14,2,"[-0.0028044402976093175, 0.017082915451895043, 0.31856, 1.0, 1]",0.0
0.31872,0,2.8655665235781326e-05,7.629130946290434e-09,2.1959019589847078e-14,2,"[-0.002802674785772591, 0.017105772594752187, 0.31872, 1.0, 1]",0.0
0.31888,0,2.8596846188162382e-05,8.144387745285036e-09,2.159497938045891e-14,2,"[-0.002800888793935863, 0.01712862973760933, 0.31888, 1.0, 1]",0.0
0.3189,0,2.8589473807210026e-05,8.20902971998925e-09,2.1548354930094258e-14,2,"[-0.0028006641049562672, 0.017131486880466475, 0.3189, 1.0, 1]",0.0
0.31904,0,2.853774269609877e-05,8.662987375638263e-09,2.121493790688073e-14,2,"[-0.0027990823220991265, 0.017151486880466468, 0.31904, 1.0, 1]",0.0
0.3192,0,2.847835475959092e-05,9.184938029350702e-09,2.0818617670165646e-14,2,"[-0.0027972553702623887, 0.01717434402332361, 0.3192, 1.0, 1]",0.0
0.3193277777777778,0,2.843072260693563e-05,9.60418579895143e-09,2.04902329337621e-14,2,"[-0.0027957816375841354, 0.01719259799157759, 0.3193277777777778, 1.0, 1]",0.0
0.31936,0,2.841868237863851e-05,9.71024789842235e-09,2.0405738437211082e-14,2,"[-0.0027954079384256564, 0.017197201166180755, 0.31936, 1.0, 1]",0.0
0.31952,0,2.8358725553241757e-05,1.0238925174853224e-08,1.997601722548731e-14,2,"[-0.0027935400265889226, 0.017220058309037906, 0.31952, 1.0, 1]",0.0
0.31968,0,2.8298484283400442e-05,1.0770978050642706e-08,1.952916828772272e-14,2,"[-0.0027916516347521805, 0.017242915451895043, 0.31968, 1.0, 1]",0.0
0.31975555555555557,0,2.8269938141914884e-05,1.1023400974050953e-08,1.931212000976012e-14,2,"[-0.002790752775150264, 0.017253709102688693, 0.31975555555555557, 1.0, 1]",0.0
0.31984,0,2.8237958569114784e-05,1.1306414717791995e-08,1.9064903096553445e-14,2,"[-0.002789742762915451, 0.017265772594752187, 0.31984, 1.0, 1]",0.0
0.32,0,2.8177148410384457e-05,1.1845243368299307e-08,1.8582930329134493e-14,2,"[-0.0027878134110787198, 0.01728862973760933, 0.32, 1.0, 1]",0.0
0.32016,0,2.8116053807210003e-05,1.2387472194165833e-08,1.8082955851711875e-14,2,"[-0.0027858635792419734, 0.017311486880466468, 0.32016, 1.0, 1]",0.0
0.3201833333333334,0,2.8107120412148223e-05,1.2466831806670913e-08,1.800852114731559e-14,2,"[-0.0027855775176546804, 0.01731482021379981, 0.3201833333333334, 1.0, 1]",0.0
0.32032,0,2.805467475959088e-05,1.2933109387391571e-08,1.756468270415449e-14,2,"[-0.0027838932674052463, 0.017334344023323612, 0.32032, 1.0, 1]",0.0
0.32048,0,2.7993011267527412e-05,1.3482163139977128e-08,1.7027811084453316e-14,2,"[-0.002781902475568511, 0.017357201166180756, 0.32048, 1.0, 1]",0.0
0.3206111111111111,0,2.7942269417635104e-05,1.3934634858199154e-08,1.657379812171774e-14,2,"[-0.002780255865097364, 0.01737593132491092, 0.3206111111111111, 1.0, 1]",0.0
0.32064,0,2.7931063331019385e-05,1.4034641643920094e-08,1.6472038333178136e-14,2,"[-0.002779891203731781, 0.0173800583090379, 0.32064, 1.0, 1]",0.0
0.3208,0,2.786883095006712e-05,1.4590553091223481e-08,1.5897058917893003e-14,2,"[-0.002777859451895036, 0.017402915451895037, 0.3208, 1.0, 1]",0.0
0.32096,0,2.780631412467019e-05,1.5149905673884884e-08,1.5302564417542014e-14,2,"[-0.00277580722005831, 0.017425772594752188, 0.32096, 1.0, 1]",0.0
0.32103888888888893,0,2.777538515837596e-05,1.542696669001994e-08,1.5002167379861057e-14,2,"[-0.002774787817478308, 0.017437042436022034, 0.32103888888888893, 1.0, 1]",0.0
0.32112,0,2.774351285482902e-05,1.57127075839061e-08,1.468824350678825e-14,2,"[-0.002773734508221576, 0.01744862973760933, 0.32112, 1.0, 1]",0.0
0.32128,0,2.7680427140543183e-05,1.6278967013285926e-08,1.4053781940319602e-14,2,"[-0.0027716413163848333, 0.017471486880466475, 0.32128, 1.0, 1]",0.0
0.32144,0,2.761705698181311e-05,1.6848692154025575e-08,1.339886253711416e-14,2,"[-0.002769527644548103, 0.017494344023323612, 0.32144, 1.0, 1]",0.0
0.3214666666666667,0,2.760646763437036e-05,1.6943983863518118e-08,1.328769791177943e-14,2,"[-0.002769173374797533, 0.017498153547133136, 0.3214666666666667, 1.0, 1]",0.0
0.3216,0,2.755340237863837e-05,1.742189119812323e-08,1.2723165164668523e-14,2,"[-0.0027673934927113716, 0.017517201166180756, 0.3216, 1.0, 1]",0.0
0.32176,0,2.74894633310195e-05,1.7998572337580098e-08,1.2026366723185841e-14,2,"[-0.0027652388608746248, 0.0175400583090379, 0.32176, 1.0, 1]",0.0
0.3218944444444445,0,2.7435516845618737e-05,1.848584294008038e-08,1.1424309108196855e-14,2,"[-0.002763412537055032, 0.017559264658244252, 0.3218944444444445, 1.0, 1]",0.0
0.32192,0,2.7425239838955854e-05,1.8578743764396186e-08,1.130814112972556e-14,2,"[-0.0027630637490378973, 0.017562915451895037, 0.32192, 1.0, 1]",0.0
0.32208000000000003,0,2.736073190244808e-05,1.91624136705715e-08,1.0568159302320652e-14,2,"[-0.0027608681572011615, 0.017585772594752188, 0.32208000000000003, 1.0, 1]",0.0
0.32223999999999997,0,2.7295939521495855e-05,1.9749590248105403e-08,9.806089144047447e-15,2,"[-0.002758652085364438, 0.017608629737609325, 0.32223999999999997, 1.0, 1]",0.0
0.32232222222222223,0,2.7262532792120763e-05,2.0052700481091544e-08,9.4057686040824e-15,2,"[-0.0027575053042507985, 0.01762037576935536, 0.32232222222222223, 1.0, 1]",0.0
0.3224,0,2.7230862696098852e-05,2.0340281688999154e-08,9.021595527061158e-15,2,"[-0.0027564155335276924, 0.017631486880466476, 0.3224, 1.0, 1]",0.0
0.32256,0,2.7165501426257505e-05,2.0934496185250887e-08,8.214340276600626e-15,2,"[-0.002754158501690959, 0.017654344023323613, 0.32256, 1.0, 1]",0.0
0.32272,0,2.7099855711971922e-05,2.1532241928862456e-08,7.3839821549378e-15,2,"[-0.0027518809898542315, 0.017677201166180757, 0.32272, 1.0, 1]",0.0
0.32275000000000004,0,2.7087515473876765e-05,2.164471304793711e-08,7.225690108213887e-15,2,"[-0.002751451676384839, 0.017681486880466477, 0.32275000000000004, 1.0, 1]",0.0
0.32288,0,2.7033925553241562e-05,2.2133527111833247e-08,6.5301768453049126e-15,2,"[-0.0027495829980174816, 0.0177000583090379, 0.32288, 1.0, 1]",0.0
0.32304,0,2.6967710950067075e-05,2.2738359926162643e-08,5.65257693577866e-15,2,"[-0.002747264526180751, 0.017722915451895044, 0.32304, 1.0, 1]",0.0
0.3231777777777778,0,2.6910464890886202e-05,2.326203720200311e-08,4.877531218744436e-15,2,"[-0.0027452516534571536, 0.017742597991577586, 0.3231777777777778, 1.0, 1]",0.0
0.3232,0,2.6901211902448136e-05,2.3346748563850017e-08,4.750831903119879e-15,2,"[-0.002744925574344026, 0.01774577259475218, 0.3232, 1.0, 1]",0.0
0.32336,0,2.6834428410384527e-05,2.395870121689784e-08,3.824588096578061e-15,2,"[-0.0027425661425072786, 0.017768629737609325, 0.32336, 1.0, 1]",0.0
0.32352000000000003,0,2.6767360473876466e-05,2.4574226077304295e-08,2.873488721669177e-15,2,"[-0.002740186230670544, 0.017791486880466476, 0.32352000000000003, 1.0, 1]",0.0
0.3236055555555556,0,2.6731381043149397e-05,2.4904829504673806e-08,2.35459122478643e-15,2,"[-0.0027389052354677215, 0.017803709102688695, 0.3236055555555556, 1.0, 1]",0.0
0.32367999999999997,0,2.670000809292428e-05,2.519333133706993e-08,1.8971738238960903e-15,2,"[-0.0027377858388338214, 0.017814344023323606, 0.32367999999999997, 1.0, 1]",0.0
0.32384,0,2.6632371267527313e-05,2.5816025188194206e-08,8.9528027244191e-16,2,"[-0.0027353649669970836, 0.017837201166180757, 0.32384, 1.0, 1]",0.0
0.3239795918367,0,2.6573129251715347e-05,2.636223140036057e-08,2.2486637875505986e-25,2,"[-0.002733236151604028, 0.0178571428571379, 0.3239795918367, 1.0, 1]",0.0
0.324,0,2.656444999768622e-05,2.6442315822677683e-08,-1.3255825617520026e-16,2,"[-0.0027329236151603445, 0.0178600583090379, 0.324, 1.0, 1]",0.0
0.32403333333333334,0,2.6550263930666678e-05,2.6573246517335244e-08,-3.499911060101906e-16,2,"[-0.0027324124224165844, 0.017864820213799804, 0.32403333333333334, 1.0, 1]",0.0
0.32416,0,2.6496244283400567e-05,2.707221143252037e-08,-1.1867112944903e-15,2,"[-0.002730461783323611, 0.017882915451895045, 0.32416, 1.0, 1]",0.0
0.32432,0,2.6427754124670245e-05,2.770572020972167e-08,-2.2675516005122153e-15,2,"[-0.0027279794714868827, 0.017905772594752182, 0.32432, 1.0, 1]",0.0
0.32446111111111114,0,2.63671135534375e-05,2.8267444801373534e-08,-3.2432397538660774e-15,2,"[-0.0027257732143037144, 0.01792593132491092, 0.32446111111111114, 1.0, 1]",0.0
0.32448,0,2.6358979521495796e-05,2.8342850346282815e-08,-3.3754551741885484e-15,2,"[-0.0027254766796501392, 0.017928629737609326, 0.32448, 1.0, 1]",0.0
0.32464,0,2.628992047387657e-05,2.898361003420256e-08,-4.510801273903417e-15,2,"[-0.0027229534078134082, 0.01795148688046647, 0.32464, 1.0, 1]",0.0
0.3248,0,2.6220576981813215e-05,2.9628007465480893e-08,-5.673972433016445e-15,2,"[-0.0027204096559766758, 0.017974344023323614, 0.3248, 1.0, 1]",0.0
0.3248888888888889,0,2.6181929911462407e-05,2.998758091817285e-08,-6.332343687266025e-15,2,"[-0.002718987611129098, 0.01798704243602203, 0.3248888888888889, 1.0, 1]",0.0
0.32496,0,2.615094904530519e-05,3.027605083211911e-08,-6.865354476445245e-15,2,"[-0.002717845424139942, 0.017997201166180758, 0.32496, 1.0, 1]",0.0
0.32511999999999996,0,2.6081036664352933e-05,3.092774832611523e-08,-8.085336537268778e-15,2,"[-0.0027152607123031997, 0.018020058309037894, 0.32511999999999996, 1.0, 1]",0.0
0.32528,0,2.6010839838956005e-05,3.1583108139471254e-08,-9.334311073396502e-15,2,"[-0.00271265552046647, 0.018042915451895045, 0.32528, 1.0, 1]",0.0
0.3253166666666667,0,2.5994713004740748e-05,3.173381142912058e-08,-9.62465911736524e-15,2,"[-0.002712055612892769, 0.018048153547133145, 0.3253166666666667, 1.0, 1]",0.0
0.32544,0,2.5940358569114734e-05,3.224213846418649e-08,-1.0612673884246082e-14,2,"[-0.0027100298486297386, 0.01806577259475219, 0.32544, 1.0, 1]",0.0
0.3256,0,2.586959285482901e-05,3.290484749226032e-08,-1.1920824127480413e-14,2,"[-0.002707383696792992, 0.018088629737609326, 0.3256, 1.0, 1]",0.0
0.32574444444444445,0,2.5805462833273065e-05,3.3506292895600264e-08,-1.3127711766359483e-14,2,"[-0.0027049772195947147, 0.018109264658244247, 0.32574444444444445, 1.0, 1]",0.0
0.32576,0,2.5798542696098942e-05,3.357124341569273e-08,-1.3259164335775834e-14,2,"[-0.002704717064956265, 0.01811148688046647, 0.32576, 1.0, 1]",0.0
0.32592,0,2.5727208092924205e-05,3.4241334426484374e-08,-1.462810043363043e-14,2,"[-0.0027020299531195363, 0.018134344023323614, 0.32592, 1.0, 1]",0.0
0.32608000000000004,0,2.565558904530534e-05,3.4915128716635884e-08,-1.6028041754205458e-14,2,"[-0.0026993223612827924, 0.018157201166180765, 0.32608000000000004, 1.0, 1]",0.0
0.32617222222222225,0,2.5614179397059032e-05,3.5305181878998e-08,-1.6849199149878692e-14,2,"[-0.0026977524312349205, 0.018170375769355363, 0.32617222222222225, 1.0, 1]",0.0
0.32624,0,2.558368555324159e-05,3.5592634478145965e-08,-1.7459401056209387e-14,2,"[-0.002696594289446061, 0.018180058309037895, 0.32624, 1.0, 1]",0.0
0.3264,0,2.5511497616733823e-05,3.627385990301466e-08,-1.8922594540819923e-14,2,"[-0.002693845737609328, 0.018202915451895046, 0.3264, 1.0, 1]",0.0
0.32655999999999996,0,2.5439025235781385e-05,3.695881318324255e-08,-2.0418041868648934e-14,2,"[-0.0026910767057726007, 0.018225772594752183, 0.32655999999999996, 1.0, 1]",0.0
0.3266,0,2.5420862696098868e-05,3.7130634940699875e-08,-2.079699287335199e-14,2,"[-0.0026903812478134143, 0.018231486880466472, 0.3266, 1.0, 1]",0.0
0.32672,0,2.5366268410384604e-05,3.7647502510830345e-08,-2.1946166176735154e-14,2,"[-0.002688287193935851, 0.018248629737609327, 0.32672, 1.0, 1]",0.0
0.32688,0,2.529322714054326e-05,3.8339936077776045e-08,-2.350739409557805e-14,2,"[-0.0026854772020991208, 0.01827148688046647, 0.32688, 1.0, 1]",0.0
0.3270277777777778,0,2.5225512730392354e-05,3.89828086420901e-08,-2.497914094237014e-14,2,"[-0.0026828636693301683, 0.018292597991577588, 0.3270277777777778, 1.0, 1]",0.0
0.32704,0,2.5219901426257576e-05,3.9036122076081e-08,-2.5102155766223145e-14,2,"[-0.002682646730262389, 0.018294344023323614, 0.32704, 1.0, 1]",0.0
0.3272,0,2.5146291267527437e-05,3.9736068697745165e-08,-2.6730884857367213e-14,2,"[-0.002679795778425649, 0.01831720116618076, 0.3272, 1.0, 1]",0.0
0.32736,0,2.5072396664352846e-05,4.043978413476858e-08,-2.839401858251211e-14,2,"[-0.0026769243465889145, 0.018340058309037895, 0.32736, 1.0, 1]",0.0
0.32745555555555556,0,2.5028129499939816e-05,4.0861859544555374e-08,-2.9403870087049555e-14,2,"[-0.0026751996957851826, 0.01835370910268869, 0.32745555555555556, 1.0, 1]",0.0
0.32752000000000003,0,2.4998217616733695e-05,4.1147276579151234e-08,-3.009199771715475e-14,2,"[-0.0026740324347521854, 0.018362915451895046, 0.32752000000000003, 1.0, 1]",0.0
0.32767999999999997,0,2.4923754124670308e-05,4.185855422289178e-08,-3.1825266616011455e-14,2,"[-0.002671120042915448, 0.018385772594752183, 0.32767999999999997, 1.0, 1]",0.0
0.32784,0,2.484900618816236e-05,4.257362525799224e-08,-3.359427323029708e-14,2,"[-0.002668187171078716, 0.018408629737609334, 0.32784, 1.0, 1]",0.0
0.32788333333333336,0,2.482871300474082e-05,4.2767944209480563e-08,-3.407958810037599e-14,2,"[-0.002667389327178492, 0.018414820213799806, 0.32788333333333336, 1.0, 1]",0.0
0.328,0,2.477397380720996e-05,4.3292497876451895e-08,-3.539946912501419e-14,2,"[-0.0026652338192419828, 0.01843148688046647, 0.328, 1.0, 1]",0.0
0.32816,0,2.4698656981813e-05,4.401518027027016e-08,-3.7241309496303785e-14,2,"[-0.002662259987405248, 0.018454344023323615, 0.32816, 1.0, 1]",0.0
0.3283111111111111,0,2.46272632447958e-05,4.470121919825107e-08,-3.9014886190548866e-14,2,"[-0.0026594325635100613, 0.018475931324910915, 0.3283111111111111, 1.0, 1]",0.0
0.32832,0,2.4623055711971912e-05,4.474168063144763e-08,-3.9120253188827855e-14,2,"[-0.002659265675568512, 0.01847720116618076, 0.32832, 1.0, 1]",0.0
0.32848,0,2.4547169997686047e-05,4.547200715198371e-08,-4.103676271318665e-14,2,"[-0.002656250883731774, 0.018500058309037896, 0.32848, 1.0, 1]",0.0
0.32864,0,2.4470999838956055e-05,4.6206168023878975e-08,-4.299130426337802e-14,2,"[-0.002653215611895049, 0.01852291545189504, 0.32864, 1.0, 1]",0.0
0.3287388888888889,0,2.4423780220104324e-05,4.666184107225308e-08,-4.4218541347320756e-14,2,"[-0.002651329404779891, 0.01853704243602203, 0.3287388888888889, 1.0, 1]",0.0
0.3288,0,2.4394545235781285e-05,4.694417143913418e-08,-4.498434773429629e-14,2,"[-0.0026501598600583015, 0.018545772594752184, 0.3288, 1.0, 1]",0.0
0.32896000000000003,0,2.431780618816239e-05,4.768602558974729e-08,-4.701636673925469e-14,2,"[-0.0026470836282215734, 0.018568629737609334, 0.32896000000000003, 1.0, 1]",0.0
0.32911999999999997,0,2.4240782696098822e-05,4.843173866771961e-08,-4.9087838627578205e-14,2,"[-0.002643986916384844, 0.018591486880466464, 0.32911999999999997, 1.0, 1]",0.0
0.32916666666666666,0,2.4218263930666823e-05,4.864996639287065e-08,-4.969951872231504e-14,2,"[-0.0026430798509880157, 0.01859815354713314, 0.32916666666666666, 1.0, 1]",0.0
0.32928,0,2.4163474759590913e-05,4.9181318865051844e-08,-5.119924450220165e-14,2,"[-0.002640869724548106, 0.018614344023323615, 0.32928, 1.0, 1]",0.0
0.32944,0,2.4085882378638442e-05,4.9934774373741956e-08,-5.3351069237315776e-14,2,"[-0.002637732052711367, 0.01863720116618076, 0.32944, 1.0, 1]",0.0
0.32959444444444447,0,2.4010714376482864e-05,5.066575172149065e-08,-5.546697402336224e-14,2,"[-0.0026346839021344007, 0.01865926465824425, 0.32959444444444447, 1.0, 1]",0.0
0.3296,0,2.4008005553241736e-05,5.069211338579201e-08,-5.5543801496071475e-14,2,"[-0.002634573900874633, 0.018660058309037903, 0.3296, 1.0, 1]",0.0
0.32976,0,2.392984428340036e-05,5.1453344093200585e-08,-5.777793374828823e-14,2,"[-0.0026313952690379047, 0.01868291545189504, 0.32976, 1.0, 1]",0.0
0.32992,0,2.385139856911475e-05,5.221847468796845e-08,-6.005396228823101e-14,2,"[-0.002628196157201161, 0.018705772594752184, 0.32992, 1.0, 1]",0.0
0.3300222222222222,0,2.3801131557552773e-05,5.270935361949713e-08,-6.153025592279608e-14,2,"[-0.002626141558219053, 0.018720375769355358, 0.3300222222222222, 1.0, 1]",0.0
0.33008000000000004,0,2.377266841038447e-05,5.298751336209553e-08,-6.237238725240793e-14,2,"[-0.002624976565364423, 0.018728629737609335, 0.33008000000000004, 1.0, 1]",0.0
0.33024,0,2.3693653807209955e-05,5.376046830758116e-08,-6.473371263740916e-14,2,"[-0.0026217364935276974, 0.018751486880466465, 0.33024, 1.0, 1]",0.0
0.3304,0,2.361435475959077e-05,5.453734771642605e-08,-6.713844631779491e-14,2,"[-0.0026184759416909495, 0.018774344023323616, 0.3304, 1.0, 1]",0.0
0.33045,0,2.3589515473876658e-05,5.478092864827762e-08,-6.789890847977855e-14,2,"[-0.002617452819241979, 0.018781486880466474, 0.33045, 1.0, 1]",0.0
0.33055999999999996,0,2.353477126752746e-05,5.53181597806301e-08,-6.958710006400396e-14,2,"[-0.002615194909854221, 0.018797201166180753, 0.33055999999999996, 1.0, 1]",0.0
0.33072,0,2.345490333101937e-05,5.610291269219284e-08,-7.208018956031461e-14,2,"[-0.002611893398017491, 0.018820058309037904, 0.33072, 1.0, 1]",0.0
0.33087777777777777,0,2.3375866125454085e-05,5.688063336921552e-08,-7.458267357657796e-14,2,"[-0.0026086176852031864, 0.018842597991577583, 0.33087777777777777, 1.0, 1]",0.0
0.33088,0,2.3374750950067155e-05,5.689161464311472e-08,-7.461823442283881e-14,2,"[-0.0026085714061807597, 0.01884291545189504, 0.33088, 1.0, 1]",0.0
0.33104,0,2.329431412467016e-05,5.7684273825395226e-08,-7.720175821755347e-14,2,"[-0.00260522893434402, 0.018865772594752184, 0.33104, 1.0, 1]",0.0
0.3312,0,2.3213592854828932e-05,5.8480898431035585e-08,-7.983128847837595e-14,2,"[-0.0026018659825072857, 0.01888862973760933, 0.3312, 1.0, 1]",0.0
0.3313055555555556,0,2.316018351228549e-05,5.900862434369701e-08,-8.159149336887793e-14,2,"[-0.002599636156102647, 0.0189037091026887, 0.3313055555555556, 1.0, 1]",0.0
0.33136,0,2.313258714054325e-05,5.9281496652034514e-08,-8.25073567252632e-14,2,"[-0.002598482550670557, 0.018911486880466472, 0.33136, 1.0, 1]",0.0
0.33152000000000004,0,2.3051296981813118e-05,6.008607668039276e-08,-8.523049848237208e-14,2,"[-0.002595078638833806, 0.018934344023323616, 0.33152000000000004, 1.0, 1]",0.0
0.33168,0,2.296972237863864e-05,6.089464670810945e-08,-8.800125329623406e-14,2,"[-0.0025916542469970813, 0.018957201166180753, 0.33168, 1.0, 1]",0.0
0.3317333333333333,0,2.2942467634370326e-05,6.116505813310747e-08,-8.893551275005459e-14,2,"[-0.002590508231940389, 0.0189648202137998, 0.3317333333333333, 1.0, 1]",0.0
0.33184,0,2.2887863331019494e-05,6.170721492718619e-08,-9.082016475399355e-14,2,"[-0.0025882093751603483, 0.018980058309037904, 0.33184, 1.0, 1]",0.0
0.33199999999999996,0,2.280571983895611e-05,6.252378952962065e-08,-9.36877805016476e-14,2,"[-0.002584744023323607, 0.019002915451895034, 0.33199999999999996, 1.0, 1]",0.0
0.33216,0,2.272329190244806e-05,6.334437870741519e-08,-9.660465226237801e-14,2,"[-0.002581258191486878, 0.019025772594752185, 0.33216, 1.0, 1]",0.0
0.33216111111111113,0,2.2722718491709356e-05,6.335009129883314e-08,-9.662508182945505e-14,2,"[-0.0025812339127164116, 0.019025931324910917, 0.33216111111111113, 1.0, 1]",0.0
0.33232,0,2.2640579521495557e-05,6.416899065256819e-08,-9.957133585485903e-14,2,"[-0.0025777518796501475, 0.01904862973760933, 0.33232, 1.0, 1]",0.0
0.33248,0,2.2557582696098926e-05,6.499763355708043e-08,-1.0258839121165759e-13,2,"[-0.0025742250878134157, 0.019071486880466473, 0.33248, 1.0, 1]",0.0
0.33258888888888893,0,2.250093608430182e-05,6.55638804022587e-08,-1.0467075842466412e-13,2,"[-0.0025718131984306877, 0.019087042436022033, 0.33258888888888893, 1.0, 1]",0.0
0.33264,0,2.247430142625752e-05,6.583031561295126e-08,-1.0565638239763731e-13,2,"[-0.0025706778159766686, 0.01909434402332361, 0.33264, 1.0, 1]",0.0
0.3328,0,2.2390735711971875e-05,6.666704501218199e-08,-1.087758776284216e-13,2,"[-0.002567110064139941, 0.019117201166180754, 0.3328, 1.0, 1]",0.0
0.33296000000000003,0,2.2306885553241562e-05,6.750782994677135e-08,-1.1194744928887303e-13,2,"[-0.0025635218323032047, 0.019140058309037904, 0.33296000000000003, 1.0, 1]",0.0
0.3330166666666667,0,2.227712041214826e-05,6.780658200476902e-08,-1.130833105677672e-13,2,"[-0.002562246089083252, 0.019148153547133142, 0.3330166666666667, 1.0, 1]",0.0
0.33311999999999997,0,2.2222750950067123e-05,6.835267860871982e-08,-1.1517167395163666e-13,2,"[-0.002559913120466467, 0.01916291545189504, 0.33311999999999997, 1.0, 1]",0.0
0.33328,0,2.2138331902447905e-05,6.920159919002763e-08,-1.1844913239570552e-13,2,"[-0.002556283928629735, 0.019185772594752185, 0.33328, 1.0, 1]",0.0
0.33343999999999996,0,2.205362841038456e-05,7.005459988269325e-08,-1.2178040962501816e-13,2,"[-0.0025526342567930016, 0.019208629737609322, 0.33343999999999996, 1.0, 1]",0.0
0.3334444444444445,0,2.205127147524835e-05,7.007835266775152e-08,-1.2187371902561873e-13,2,"[-0.002552532584674083, 0.019209264658244258, 0.3334444444444445, 1.0, 1]",0.0
0.3336,0,2.1968640473876548e-05,7.091168887871885e-08,-1.2516609488712876e-13,2,"[-0.0025489641049562736, 0.019231486880466473, 0.3336, 1.0, 1]",0.0
0.33376,0,2.188336809292419e-05,7.177287437010368e-08,-1.2860678169186326e-13,2,"[-0.0025452734731195303, 0.019254344023323617, 0.33376, 1.0, 1]",0.0
0.33387222222222224,0,2.18233892736022e-05,7.237934895258966e-08,-1.3105317983406357e-13,2,"[-0.0025426726852031747, 0.01927037576935536, 0.33387222222222224, 1.0, 1]",0.0
0.33392,0,2.179781126752749e-05,7.263816454884773e-08,-1.321030678300572e-13,2,"[-0.0025415623612827926, 0.019277201166180754, 0.33392, 1.0, 1]",0.0
0.33408,0,2.171196999768612e-05,7.350756760695037e-08,-1.3565555539231093e-13,2,"[-0.0025378307694460672, 0.019300058309037898, 0.33408, 1.0, 1]",0.0
0.33424,0,2.1625844283400513e-05,7.43810917364108e-08,-1.3926485078778897e-13,2,"[-0.0025340786976093266, 0.019322915451895042, 0.33424, 1.0, 1]",0.0
0.33430000000000004,0,2.159347380720992e-05,7.47097274206696e-08,-1.4063310684620338e-13,2,"[-0.0025326663906705543, 0.019331486880466476, 0.33430000000000004, 1.0, 1]",0.0
0.33440000000000003,0,2.1539434124670238e-05,7.525874512923264e-08,-1.4293156476307785e-13,2,"[-0.0025303061457725914, 0.019345772594752193, 0.33440000000000003, 1.0, 1]",0.0
0.33455999999999997,0,2.1452739521495728e-05,7.614053597741226e-08,-1.4665631242101263e-13,2,"[-0.002526513113935862, 0.019368629737609323, 0.33455999999999997, 1.0, 1]",0.0
0.33472,0,2.136576047387655e-05,7.702647247295048e-08,-1.504397132396398e-13,2,"[-0.002522699602099117, 0.019391486880466473, 0.33472, 1.0, 1]",0.0
0.3347277777777778,0,2.1361525076071287e-05,7.706964463337674e-08,-1.506251342946174e-13,2,"[-0.002522513701076201, 0.019392597991577585, 0.3347277777777778, 1.0, 1]",0.0
0.33488,0,2.1278496981813242e-05,7.791656280784864e-08,-1.5428239109115176e-13,2,"[-0.0025188656102623844, 0.019414344023323617, 0.33488, 1.0, 1]",0.0
0.33504,0,2.1190949045305158e-05,7.88108151741053e-08,-1.5818497426086617e-13,2,"[-0.0025150111384256574, 0.019437201166180754, 0.33504, 1.0, 1]",0.0
0.3351555555555556,0,2.1127543080186632e-05,7.94592571520973e-08,-1.6104111936759383e-13,2,"[-0.002512214616420108, 0.0194537091026887, 0.3351555555555556, 1.0, 1]",0.0
0.3352,0,2.1103116664352947e-05,7.970923776372055e-08,-1.6214809546626934e-13,2,"[-0.002511136186588929, 0.0194600583090379, 0.3352, 1.0, 1]",0.0
0.33536,0,2.1014999838955958e-05,8.06118387686957e-08,-1.6617239187608592e-13,2,"[-0.0025072407547521783, 0.019482915451895042, 0.33536, 1.0, 1]",0.0
0.33552000000000004,0,2.0926598569114517e-05,8.151862638103016e-08,-1.7025850512936764e-13,2,"[-0.002503324842915447, 0.019505772594752193, 0.33552000000000004, 1.0, 1]",0.0
0.33558333333333334,0,2.089152781955552e-05,8.187872153821598e-08,-1.718931447993406e-13,2,"[-0.0025017691367022962, 0.019514820213799803, 0.33558333333333334, 1.0, 1]",0.0
0.33568,0,2.083791285482895e-05,8.242960879272309e-08,-1.7440708135464546e-13,2,"[-0.002499388451078721, 0.019528629737609323, 0.33568, 1.0, 1]",0.0
0.33584,0,2.074894269609893e-05,8.334479419577464e-08,-1.7861877118911795e-13,2,"[-0.002495431579241973, 0.019551486880466474, 0.33584, 1.0, 1]",0.0
0.33599999999999997,0,2.065968809292413e-05,8.426419078218536e-08,-1.828942297978682e-13,2,"[-0.0024914542274052445, 0.01957434402332361, 0.33599999999999997, 1.0, 1]",0.0
0.33601111111111115,0,2.0653479294178382e-05,8.432819435311832e-08,-1.831935214742046e-13,2,"[-0.0024911772619227585, 0.01957593132491092, 0.33601111111111115, 1.0, 1]",0.0
0.33616,0,2.0570149045305314e-05,8.518780674395537e-08,-1.872341168931176e-13,2,"[-0.0024874563955685144, 0.01959720116618076, 0.33616, 1.0, 1]",0.0
0.33632,0,2.048032555324172e-05,8.611565027308394e-08,-1.9163909675352384e-13,2,"[-0.002483438083731769, 0.0196200583090379, 0.33632, 1.0, 1]",0.0
0.3364388888888889,0,2.0413397504054896e-05,8.680783215818967e-08,-1.9495479104487373e-13,2,"[-0.002480438992081481, 0.019637042436022028, 0.3364388888888889, 1.0, 1]",0.0
0.33648,0,2.0390217616733783e-05,8.704772956157241e-08,-1.9610983824352646e-13,2,"[-0.002479399291895036, 0.019642915451895043, 0.33648, 1.0, 1]",0.0
0.33664,0,2.0299825235781284e-05,8.798405280141941e-08,-2.006470148327005e-13,2,"[-0.0024753400200583087, 0.019665772594752187, 0.33664, 1.0, 1]",0.0
0.3368,0,2.0209148410384658e-05,8.892462818462502e-08,-2.0525130461518625e-13,2,"[-0.00247126026822158, 0.019688629737609323, 0.3368, 1.0, 1]",0.0
0.3368666666666667,0,2.0171282449185277e-05,8.931779151481632e-08,-2.0718972856457775e-13,2,"[-0.0024695543271784914, 0.019698153547133144, 0.3368666666666667, 1.0, 1]",0.0
0.33696000000000004,0,2.0118187140543255e-05,8.986946390319129e-08,-2.0992339032914413e-13,2,"[-0.0024671600363848356, 0.019711486880466474, 0.33696000000000004, 1.0, 1]",0.0
0.33712,0,2.0026941426257616e-05,9.081856814911461e-08,-2.146639593762039e-13,2,"[-0.002463039324548104, 0.01973434402332361, 0.33712, 1.0, 1]",0.0
0.33728,0,1.9935411267527417e-05,9.177194911439795e-08,-2.194737038410529e-13,2,"[-0.0024588981327113707, 0.019757201166180762, 0.33728, 1.0, 1]",0.0
0.33729444444444445,0,1.992713412956931e-05,9.185822898438148e-08,-2.1991134513325968e-13,2,"[-0.002458523267213769, 0.019759264658244253, 0.33729444444444445, 1.0, 1]",0.0
0.33743999999999996,0,1.9843596664352874e-05,9.272961499104049e-08,-2.243533205109496e-13,2,"[-0.002454736460874629, 0.019780058309037892, 0.33743999999999996, 1.0, 1]",0.0
0.3376,0,1.975149761673366e-05,9.369157397104235e-08,-2.2930351089535095e-13,2,"[-0.0024505543090379, 0.019802915451895043, 0.3376, 1.0, 1]",0.0
0.33772222222222226,0,1.9680952545207317e-05,9.442930112827356e-08,-2.3313289055779737e-13,2,"[-0.002447345812187307, 0.019820375769355362, 0.33772222222222226, 1.0, 1]",0.0
0.33776,0,1.9659114124670322e-05,9.465783424640267e-08,-2.343249812455433e-13,2,"[-0.0024463516772011626, 0.019825772594752187, 0.33776, 1.0, 1]",0.0
0.33792,0,1.9566446188162205e-05,9.562840400912159e-08,-2.394184425743344e-13,2,"[-0.0024421285653644237, 0.01984862973760933, 0.33792, 1.0, 1]",0.0
0.33808,0,1.947349380720996e-05,9.660329145120041e-08,-2.4458461067577033e-13,2,"[-0.0024378849735276903, 0.019871486880466468, 0.33808, 1.0, 1]",0.0
0.33815,0,1.9432737696098868e-05,9.703116450787648e-08,-2.4686785602613315e-13,2,"[-0.002436021962099126, 0.01988148688046647, 0.33815, 1.0, 1]",0.0
0.33824,0,1.9380256981813048e-05,9.758250476463711e-08,-2.498242061448717e-13,2,"[-0.0024336209016909624, 0.01989434402332361, 0.33824, 1.0, 1]",0.0
0.33840000000000003,0,1.92867357119719e-05,9.856605214143449e-08,-2.5513795439746863e-13,2,"[-0.002429336349854226, 0.019917201166180763, 0.33840000000000003, 1.0, 1]",0.0
0.33855999999999997,0,1.919292999768608e-05,9.95539417735889e-08,-2.605265856899767e-13,2,"[-0.0024250313180174884, 0.019940058309037893, 0.33855999999999997, 1.0, 1]",0.0
0.3385777777777778,0,1.918248958224407e-05,9.966397568457587e-08,-2.611299767954698e-13,2,"[-0.0024245517169492123, 0.019942597991577587, 0.3385777777777778, 1.0, 1]",0.0
0.33872,0,1.9098839838956028e-05,1.0054618185310481e-07,-2.6599083513934446e-13,2,"[-0.0024207058061807563, 0.019962915451895043, 0.33872, 1.0, 1]",0.0
0.33887999999999996,0,1.9004465235781306e-05,1.0154278057197772e-07,-2.71531442742873e-13,2,"[-0.0024163598143440226, 0.01998577259475218, 0.33887999999999996, 1.0, 1]",0.0
0.33900555555555556,0,1.8930208203643464e-05,1.0232789121975697e-07,-2.7593323489442203e-13,2,"[-0.0024129350767375657, 0.020003709102688696, 0.33900555555555556, 1.0, 1]",0.0
0.33904,0,1.8909806188162348e-05,1.0254374612220995e-07,-2.7714915339824814e-13,2,"[-0.0024119933425072806, 0.02000862973760933, 0.33904, 1.0, 1]",0.0
0.3392,0,1.881486269609872e-05,1.035490866958021e-07,-2.8284471692348235e-13,2,"[-0.002407606390670551, 0.020031486880466468, 0.3392, 1.0, 1]",0.0
0.33936,0,1.8719634759590967e-05,1.0455881048475283e-07,-2.8861888807693636e-13,2,"[-0.00240319895883382, 0.020054344023323612, 0.33936, 1.0, 1]",0.0
0.33943333333333336,0,1.8675893560296183e-05,1.0502306767480619e-07,-2.9129186183917925e-13,2,"[-0.0024011720414642, 0.020064820213799812, 0.33943333333333336, 1.0, 1]",0.0
0.33952,0,1.8624122378638436e-05,1.055729256810613e-07,-2.944724265773977e-13,2,"[-0.0023987710469970946, 0.020077201166180756, 0.33952, 1.0, 1]",0.0
0.33968,0,1.852832555324167e-05,1.0659144047673054e-07,-3.004060971241993e-13,2,"[-0.002394322655160347, 0.0201000583090379, 0.33968, 1.0, 1]",0.0
0.33984000000000003,0,1.843224428340034e-05,1.0761436306375832e-07,-3.064206694173099e-13,2,"[-0.0023898537833236116, 0.020122915451895044, 0.33984000000000003, 1.0, 1]",0.0
0.3398611111111111,0,1.8419545652203096e-05,1.0774966161110733e-07,-3.0722034136362793e-13,2,"[-0.0023892626111291088, 0.020125931324910914, 0.3398611111111111, 1.0, 1]",0.0
0.33999999999999997,0,1.8335878569114778e-05,1.0864170163414527e-07,-3.125169181775559e-13,2,"[-0.002385364431486882, 0.02014577259475218, 0.33999999999999997, 1.0, 1]",0.0
0.34016,0,1.8239228410384437e-05,1.0967346437989083e-07,-3.186956231668167e-13,2,"[-0.002380854599650137, 0.02016862973760933, 0.34016, 1.0, 1]",0.0
0.3402888888888889,0,1.816116447936355e-05,1.1050782959004674e-07,-3.2373341216352195e-13,2,"[-0.0023772067857322776, 0.02018704243602203, 0.3402888888888889, 1.0, 1]",0.0
0.34032,0,1.814229380720997e-05,1.107096594929963e-07,-3.249575692082953e-13,2,"[-0.002376324287813404, 0.020191486880466476, 0.34032, 1.0, 1]",0.0
0.34048,0,1.8045074759590832e-05,1.1175029516545962e-07,-3.3130354620678275e-13,2,"[-0.002371773495976677, 0.020214344023323613, 0.34048, 1.0, 1]",0.0
0.34064,0,1.794757126752746e-05,1.1279537958928212e-07,-3.3773434916902705e-13,2,"[-0.0023672022241399346, 0.020237201166180756, 0.34064, 1.0, 1]",0.0
0.34071666666666667,0,1.7900750041777874e-05,1.1329772817301047e-07,-3.408460706545968e-13,2,"[-0.0023650045652737275, 0.02024815354713314, 0.34071666666666667, 1.0, 1]",0.0
0.3408,0,1.784978333101942e-05,1.138449209564647e-07,-3.442507782240827e-13,2,"[-0.0023626104723032046, 0.0202600583090379, 0.3408, 1.0, 1]",0.0
0.34096,0,1.775171095006714e-05,1.1489892745900571e-07,-3.5085363864370316e-13,2,"[-0.002357998240466473, 0.020282915451895037, 0.34096, 1.0, 1]",0.0
0.34112,0,1.7653354124670196e-05,1.1595740728890525e-07,-3.575437408628155e-13,2,"[-0.0023533655286297472, 0.02030577259475218, 0.34112, 1.0, 1]",0.0
0.3411444444444445,0,1.7638302339445847e-05,1.1611951392138341e-07,-3.5857357374468905e-13,2,"[-0.0023526559497534516, 0.020309264658244255, 0.3411444444444445, 1.0, 1]",0.0
0.34128000000000003,0,1.7554712854829014e-05,1.1702036863816494e-07,-3.643219005000022e-13,2,"[-0.002348712336792999, 0.020328629737609332, 0.34128000000000003, 1.0, 1]",0.0
0.34143999999999997,0,1.745578714054338e-05,1.1808781969878292e-07,-3.711889383779938e-13,2,"[-0.0023440386649562633, 0.02035148688046647, 0.34143999999999997, 1.0, 1]",0.0
0.3415722222222222,0,1.7373821372367797e-05,1.189733433965501e-07,-3.769314416198567e-13,2,"[-0.002340160939171429, 0.020370375769355357, 0.3415722222222222, 1.0, 1]",0.0
0.3416,0,1.7356576981813077e-05,1.1915976866275964e-07,-3.7814568054426594e-13,2,"[-0.002339344513119533, 0.020374344023323613, 0.3416, 1.0, 1]",0.0
0.34176,0,1.725708237863843e-05,1.202362237220962e-07,-3.851929582916286e-13,2,"[-0.0023346298812827876, 0.020397201166180757, 0.34176, 1.0, 1]",0.0
0.34192,0,1.715730333101944e-05,1.2131719306879137e-07,-3.923316081788447e-13,2,"[-0.0023298947694460614, 0.0204200583090379, 0.34192, 1.0, 1]",0.0
0.342,0,1.710730714054329e-05,1.218593731598984e-07,-3.9593546054451417e-13,2,"[-0.0023275195335276944, 0.020431486880466473, 0.342, 1.0, 1]",0.0
0.34208,0,1.705723983895589e-05,1.2240268489484495e-07,-3.995624720513283e-13,2,"[-0.002325139177609334, 0.020442915451895045, 0.34208, 1.0, 1]",0.0
0.34224,0,1.69568919024481e-05,1.2349270739225855e-07,-4.068863970618635e-13,2,"[-0.002320363105772591, 0.02046577259475218, 0.34224, 1.0, 1]",0.0
0.34240000000000004,0,1.6856259521495537e-05,1.2458726875303084e-07,-4.143042356913272e-13,2,"[-0.0023155665539358536, 0.020488629737609333, 0.34240000000000004, 1.0, 1]",0.0
0.3424277777777778,0,1.6838759643972648e-05,1.2477775977281212e-07,-4.156016856754859e-13,2,"[-0.002314731732822234, 0.020492597991577582, 0.3424277777777778, 1.0, 1]",0.0
0.34256,0,1.6755342696098846e-05,1.256863771691621e-07,-4.2181684576950826e-13,2,"[-0.0023107495220991286, 0.02051148688046647, 0.34256, 1.0, 1]",0.0
0.34272,0,1.6654141426257485e-05,1.2679004083265292e-07,-4.294250904959305e-13,2,"[-0.0023059120102623953, 0.02053434402332362, 0.34272, 1.0, 1]",0.0
0.3428555555555556,0,1.6568178882655766e-05,1.277286597966761e-07,-4.359464438901345e-13,2,"[-0.0023017975370550267, 0.020553709102688698, 0.3428555555555556, 1.0, 1]",0.0
0.34287999999999996,0,1.655265571197178e-05,1.2789826793550198e-07,-4.371298384607036e-13,2,"[-0.0023010540184256467, 0.02055720116618075, 0.34287999999999996, 1.0, 1]",0.0
0.34304,0,1.6450885553241515e-05,1.2901106666971046e-07,-4.4493196366546055e-13,2,"[-0.0022961755465889175, 0.0205800583090379, 0.34304, 1.0, 1]",0.0
0.3432,0,1.6348830950067123e-05,1.3012844522727745e-07,-4.528323455442689e-13,2,"[-0.002291276594752187, 0.020602915451895045, 0.3432, 1.0, 1]",0.0
0.34328333333333333,0,1.6295564856592753e-05,1.307122297928772e-07,-4.569863366284557e-13,2,"[-0.0022887169462261076, 0.020614820213799807, 0.34328333333333333, 1.0, 1]",0.0
0.34336,0,1.624649190244817e-05,1.3125041180020438e-07,-4.608318689846458e-13,2,"[-0.002286357162915441, 0.020625772594752182, 0.34336, 1.0, 1]",0.0
0.34352,0,1.6143868410384548e-05,1.323769745804899e-07,-4.689314243485419e-13,2,"[-0.0022814172510787142, 0.020648629737609326, 0.34352, 1.0, 1]",0.0
0.34368,0,1.604096047387669e-05,1.3350814176013384e-07,-4.771319074934285e-13,2,"[-0.0022764568592419793, 0.02067148688046647, 0.34368, 1.0, 1]",0.0
0.34371111111111113,0,1.602091756578328e-05,1.3372862632280017e-07,-4.787382427491315e-13,2,"[-0.0022754899603354556, 0.020675931324910916, 0.34371111111111113, 1.0, 1]",0.0
0.34384000000000003,0,1.5937768092924272e-05,1.346439215311379e-07,-4.85434219793401e-13,2,"[-0.00227147598740525, 0.02069434402332362, 0.34384000000000003, 1.0, 1]",0.0
0.344,0,1.583429126752751e-05,1.3578432208550035e-07,-4.93839268160276e-13,2,"[-0.002266474635568505, 0.02071720116618075, 0.344, 1.0, 1]",0.0
0.3441388888888889,0,1.5744237010227678e-05,1.3677800594783053e-07,-5.012193213996217e-13,2,"[-0.002262116579383071, 0.020737042436022025, 0.3441388888888889, 1.0, 1]",0.0
0.34416,0,1.573052999768608e-05,1.3692935161522216e-07,-5.023479650648097e-13,2,"[-0.0022614528037317727, 0.0207400583090379, 0.34416, 1.0, 1]",0.0
0.34431999999999996,0,1.562648428340052e-05,1.3807901831230239e-07,-5.10961228557877e-13,2,"[-0.002256410491895046, 0.02076291545189504, 0.34431999999999996, 1.0, 1]",0.0
0.34448,0,1.5522154124670293e-05,1.392333303687427e-07,-5.196799822917561e-13,2,"[-0.0022513477000583038, 0.02078577259475219, 0.34448, 1.0, 1]",0.0
0.3445666666666667,0,1.546552318992594e-05,1.3986052522935363e-07,-5.244470149002245e-13,2,"[-0.00224859680336896, 0.02079815354713314, 0.3445666666666667, 1.0, 1]",0.0
0.34464,0,1.541753952149572e-05,1.403922959765408e-07,-5.285051555413672e-13,2,"[-0.002246264428221567, 0.020808629737609326, 0.34464, 1.0, 1]",0.0
0.3448,0,1.531264047387659e-05,1.4155592332769882e-07,-5.374376832256648e-13,2,"[-0.002241160676384843, 0.02083148688046647, 0.3448, 1.0, 1]",0.0
0.34496,0,1.5207456981813222e-05,1.4272422061421618e-07,-5.464785059289482e-13,2,"[-0.0022360364445480965, 0.020854344023323614, 0.34496, 1.0, 1]",0.0
0.34499444444444444,0,1.5184776104877856e-05,1.4297634072875497e-07,-5.484390516421371e-13,2,"[-0.0022349306322931306, 0.02085926465824425, 0.34499444444444444, 1.0, 1]",0.0
0.34512,0,1.5101989045305186e-05,1.438971960280912e-07,-5.556285699222779e-13,2,"[-0.0022308917327113695, 0.02087720116618075, 0.34512, 1.0, 1]",0.0
0.34528000000000003,0,1.4996236664352913e-05,1.4507485776132632e-07,-5.648888271849586e-13,2,"[-0.002225726540874634, 0.020900058309037902, 0.34528000000000003, 1.0, 1]",0.0
0.34542222222222224,0,1.4901995755083855e-05,1.4612560900742086e-07,-5.732134489995119e-13,2,"[-0.0022211180661555613, 0.020920375769355366, 0.34542222222222224, 1.0, 1]",0.0
0.34543999999999997,0,1.4890199838955972e-05,1.4625721400591988e-07,-5.742602354259553e-13,2,"[-0.002220540869037904, 0.02092291545189504, 0.34543999999999997, 1.0, 1]",0.0
0.3456,0,1.4783878569114796e-05,1.4744427295387357e-07,-5.837437581054716e-13,2,"[-0.002215334717201159, 0.02094577259475219, 0.3456, 1.0, 1]",0.0
0.34576,0,1.467727285482895e-05,1.4863604279718495e-07,-5.933403644564473e-13,2,"[-0.002210108085364426, 0.020968629737609327, 0.34576, 1.0, 1]",0.0
0.34585000000000005,0,1.461718214054318e-05,1.4930848662673518e-07,-5.98788516255477e-13,2,"[-0.002207159104956266, 0.020981486880466475, 0.34585000000000005, 1.0, 1]",0.0
0.34592,0,1.4570382696098977e-05,1.498325317278563e-07,-6.030510295062238e-13,2,"[-0.002204860973527699, 0.02099148688046647, 0.34592, 1.0, 1]",0.0
0.34608,0,1.4463208092924226e-05,1.5103374793788621e-07,-6.128767340981123e-13,2,"[-0.0021995933816909563, 0.021014344023323615, 0.34608, 1.0, 1]",0.0
0.34624,0,1.435574904530524e-05,1.5223969961927533e-07,-6.228184649131102e-13,2,"[-0.002194305309854226, 0.02103720116618076, 0.34624, 1.0, 1]",0.0
0.3462777777777778,0,1.4330335261256589e-05,1.5252513014808478e-07,-6.251828575422125e-13,2,"[-0.002193053748695245, 0.021042597991577584, 0.3462777777777778, 1.0, 1]",0.0
0.3464,0,1.4248005553241586e-05,1.5345039496402293e-07,-6.32877214491586e-13,2,"[-0.0021889967580174946, 0.021060058309037896, 0.3464, 1.0, 1]",0.0
0.34656,0,1.4139977616733804e-05,1.5466584216413066e-07,-6.430539812550565e-13,2,"[-0.0021836677261807477, 0.02108291545189504, 0.34656, 1.0, 1]",0.0
0.3467055555555556,0,1.4041455117223649e-05,1.5577569613285456e-07,-6.524153747949443e-13,2,"[-0.002178801997372491, 0.0211037091026887, 0.3467055555555556, 1.0, 1]",0.0
0.34672000000000003,0,1.4031665235781352e-05,1.558860494115969e-07,-6.5334976952793e-13,2,"[-0.0021783182143440133, 0.02110577259475219, 0.34672000000000003, 1.0, 1]",0.0
0.34687999999999997,0,1.3923068410384557e-05,1.5711102489842153e-07,-6.637655895593686e-13,2,"[-0.0021729482225072844, 0.02112862973760932, 0.34687999999999997, 1.0, 1]",0.0
0.34704,0,1.3814187140543202e-05,1.583407768166063e-07,-6.743024575451569e-13,2,"[-0.002167557750670554, 0.02115148688046647, 0.34704, 1.0, 1]",0.0
0.34713333333333335,0,1.3750541708444576e-05,1.5906034114242982e-07,-6.805052707199828e-13,2,"[-0.0021644038509880115, 0.02116482021379981, 0.34713333333333335, 1.0, 1]",0.0
0.3472,0,1.370502142625761e-05,1.5957531335814956e-07,-6.849613956495593e-13,2,"[-0.0021621467988338153, 0.021174344023323615, 0.3472, 1.0, 1]",0.0
0.34736,0,1.359557126752735e-05,1.6081464271505118e-07,-6.957434320273018e-13,2,"[-0.002156715366997082, 0.02119720116618076, 0.34736, 1.0, 1]",0.0
0.34752,0,1.3485836664352854e-05,1.6205877307931292e-07,-7.066496008455536e-13,2,"[-0.0021512634551603543, 0.021220058309037896, 0.34752, 1.0, 1]",0.0
0.34756111111111115,0,1.3457595034919046e-05,1.6237922173819616e-07,-7.094720517767383e-13,2,"[-0.002149859309541806, 0.021225931324910925, 0.34756111111111115, 1.0, 1]",0.0
0.34768,0,1.337581761673369e-05,1.6330771264293317e-07,-7.176809423059e-13,2,"[-0.0021457910633236113, 0.02124291545189504, 0.34768, 1.0, 1]",0.0
0.34784000000000004,0,1.3265514124670397e-05,1.6456146959791274e-07,-7.288385026664466e-13,2,"[-0.0021402981914868807, 0.02126577259475219, 0.34784000000000004, 1.0, 1]",0.0
0.3479888888888889,0,1.31626150966476e-05,1.6573249448153885e-07,-7.393355311737224e-13,2,"[-0.0021351683730338675, 0.021287042436022027, 0.3479888888888889, 1.0, 1]",0.0
0.348,0,1.315492618816222e-05,1.658200521362507e-07,-7.401233342638771e-13,2,"[-0.0021347848396501418, 0.021288629737609328, 0.348, 1.0, 1]",0.0
0.34816,0,1.3044053807210023e-05,1.670834684499488e-07,-7.515364955356243e-13,2,"[-0.0021292510078134153, 0.02131148688046647, 0.34816, 1.0, 1]",0.0
0.34831999999999996,0,1.2932896981813049e-05,1.6835172673100448e-07,-7.63079051041978e-13,2,"[-0.0021236966959766734, 0.02133434402332361, 0.34831999999999996, 1.0, 1]",0.0
0.3484166666666667,0,1.2865601893629697e-05,1.691203159338452e-07,-7.701158318785715e-13,2,"[-0.002120331041464203, 0.021348153547133143, 0.3484166666666667, 1.0, 1]",0.0
0.34848,0,1.2821455711971839e-05,1.6962483517142035e-07,-7.747520714883787e-13,2,"[-0.002118121904139937, 0.02135720116618076, 0.34848, 1.0, 1]",0.0
0.34864,0,1.2709729997686069e-05,1.7090280196319536e-07,-7.865566337475843e-13,2,"[-0.0021125266323032063, 0.021380058309037903, 0.34864, 1.0, 1]",0.0
0.3488,0,1.2597719838956063e-05,1.7218563529832818e-07,-7.984938208819864e-13,2,"[-0.002106910880466467, 0.02140291545189504, 0.3488, 1.0, 1]",0.0
0.34884444444444446,0,1.2566555425865553e-05,1.725428426564964e-07,-8.01833389641964e-13,2,"[-0.00210534731483282, 0.02140926465824425, 0.34884444444444446, 1.0, 1]",0.0
0.34896,0,1.248542523578128e-05,1.7347334336882097e-07,-8.105647221659682e-13,2,"[-0.0021012746486297335, 0.021425772594752184, 0.34896, 1.0, 1]",0.0
0.34912,0,1.237284618816237e-05,1.7476593436667235e-07,-8.227704331082013e-13,2,"[-0.0020956179367930053, 0.021448629737609328, 0.34912, 1.0, 1]",0.0
0.34927222222222226,0,1.2265475693355385e-05,1.7600023121088297e-07,-8.345089560357484e-13,2,"[-0.002090217193139683, 0.021470375769355367, 0.34927222222222226, 1.0, 1]",0.0
0.34928000000000003,0,1.225998269609879e-05,1.7606341648388298e-07,-8.35112055474098e-13,2,"[-0.002089940744956262, 0.02147148688046648, 0.34928000000000003, 1.0, 1]",0.0
0.34944,0,1.2146834759590975e-05,1.773657979124528e-07,-8.475906973082236e-13,2,"[-0.0020842430731195308, 0.02149434402332361, 0.34944, 1.0, 1]",0.0
0.3496,0,1.2033402378638382e-05,1.78673086844382e-07,-8.60207472956782e-13,2,"[-0.0020785249212827983, 0.02151720116618076, 0.3496, 1.0, 1]",0.0
0.3497,0,1.196236269609876e-05,1.7949263815838692e-07,-8.681636015047575e-13,2,"[-0.0020749406763848413, 0.02153148688046647, 0.3497, 1.0, 1]",0.0
0.34975999999999996,0,1.1919685553241663e-05,1.7998529147166956e-07,-8.729635030901177e-13,2,"[-0.0020727862894460714, 0.021540058309037897, 0.34975999999999996, 1.0, 1]",0.0
0.34992,0,1.1805684283400382e-05,1.813024199863157e-07,-8.858599147252913e-13,2,"[-0.002067027177609329, 0.02156291545189504, 0.34992, 1.0, 1]",0.0
0.35008,0,1.1691398569114758e-05,1.826244805803218e-07,-8.988978412486713e-13,2,"[-0.0020612475857725923, 0.021585772594752185, 0.35008, 1.0, 1]",0.0
0.3501277777777778,0,1.165721643409611e-05,1.830202200603947e-07,-9.028187184328993e-13,2,"[-0.0020595177645682666, 0.021592597991577585, 0.3501277777777778, 1.0, 1]",0.0
0.35024,0,1.1576828410384465e-05,1.8395148144568653e-07,-9.120784224385266e-13,2,"[-0.002055447513935868, 0.02160862973760933, 0.35024, 1.0, 1]",0.0
0.3504,0,1.1461973807209936e-05,1.852834307744112e-07,-9.254028044877467e-13,2,"[-0.0020496269620991145, 0.021631486880466472, 0.3504, 1.0, 1]",0.0
0.35055555555555556,0,1.1350036907347002e-05,1.8658313347829243e-07,-9.384960242230773e-13,2,"[-0.0020439484576899453, 0.021653709102688695, 0.35055555555555556, 1.0, 1]",0.0
0.35056,0,1.1346834759590847e-05,1.866203367584936e-07,-9.388721400264873e-13,2,"[-0.0020437859302623873, 0.02165434402332361, 0.35056, 1.0, 1]",0.0
0.35072000000000003,0,1.1231411267527414e-05,1.8796220758993617e-07,-9.524875881449968e-13,2,"[-0.0020379244184256518, 0.02167720116618076, 0.35072000000000003, 1.0, 1]",0.0
0.35087999999999997,0,1.111570333101942e-05,1.8930905146073612e-07,-9.662503144163006e-13,2,"[-0.0020320424265889148, 0.021700058309037897, 0.35087999999999997, 1.0, 1]",0.0
0.35098333333333337,0,1.104082411585198e-05,1.9018153497346416e-07,-9.752175643911297e-13,2,"[-0.002028232755749919, 0.02171482021379981, 0.35098333333333337, 1.0, 1]",0.0
0.35104,0,1.0999710950067082e-05,1.9066087656289653e-07,-9.801614909191343e-13,2,"[-0.0020261399547521833, 0.021722915451895048, 0.35104, 1.0, 1]",0.0
0.35119999999999996,0,1.08834341246704e-05,1.9201769108841506e-07,-9.942222962606887e-13,2,"[-0.0020202170029154504, 0.021745772594752178, 0.35119999999999996, 1.0, 1]",0.0
0.35136,0,1.0766872854829049e-05,1.9337950322929401e-07,-1.0084339155996116e-12,2,"[-0.002014273571078723, 0.02176862973760933, 0.35136, 1.0, 1]",0.0
0.3514111111111111,0,1.0729578059610499e-05,1.9381558110729587e-07,-1.0130057156738184e-12,2,"[-0.0020123706587481596, 0.02177593132491092, 0.3514111111111111, 1.0, 1]",0.0
0.35152,0,1.0650027140543137e-05,1.9474632117753119e-07,-1.0227975406688494e-12,2,"[-0.0020083096592419733, 0.021791486880466473, 0.35152, 1.0, 1]",0.0
0.35168,0,1.0532896981813099e-05,1.9611815312512694e-07,-1.0373143697986942e-12,2,"[-0.002002325267405243, 0.02181434402332361, 0.35168, 1.0, 1]",0.0
0.3518388888888889,0,1.0416298738622886e-05,1.9748542844117413e-07,-1.0518831891507578e-12,2,"[-0.0019963621666846607, 0.02183704243602203, 0.3518388888888889, 1.0, 1]",0.0
0.35184,0,1.04154823786385e-05,1.974950072640819e-07,-1.0519856079397756e-12,2,"[-0.0019963203955685183, 0.021837201166180754, 0.35184, 1.0, 1]",0.0
0.352,0,1.0297783331019448e-05,1.9887689178639695e-07,-1.066812466686109e-12,2,"[-0.0019902950437317712, 0.021860058309037898, 0.352, 1.0, 1]",0.0
0.35216000000000003,0,1.0179799838955835e-05,2.0026381488406985e-07,-1.0817961642981514e-12,2,"[-0.0019842492118950367, 0.02188291545189505, 0.35216000000000003, 1.0, 1]",0.0
0.3522666666666667,0,1.0100986152888924e-05,2.0119123353648334e-07,-1.0918730333803219e-12,2,"[-0.0019802072795594428, 0.021898153547133137, 0.3522666666666667, 1.0, 1]",0.0
0.35231999999999997,0,1.0061531902448096e-05,2.016557847491017e-07,-1.0969379257259974e-12,2,"[-0.0019781829000583145, 0.02190577259475218, 0.35231999999999997, 1.0, 1]",0.0
0.35248,0,9.942979521495579e-06,2.0305280957349317e-07,-1.1122389826325055e-12,2,"[-0.0019720961082215632, 0.02192862973760933, 0.35248, 1.0, 1]",0.0
0.35264,0,9.824142696098826e-06,2.044548975492437e-07,-1.1277005734164934e-12,2,"[-0.0019659888363848382, 0.021951486880466473, 0.35264, 1.0, 1]",0.0
0.3526944444444445,0,9.783640302408721e-06,2.0493315295460996e-07,-1.1329986375496154e-12,2,"[-0.001963905997372492, 0.021959264658244253, 0.3526944444444445, 1.0, 1]",0.0
0.3528,0,9.705021426257513e-06,2.0586205686835267e-07,-1.1433239432359948e-12,2,"[-0.001959861084548105, 0.021974344023323617, 0.3528, 1.0, 1]",0.0
0.35296,0,9.585615711971856e-06,2.0727429572282186e-07,-1.159110344031566e-12,2,"[-0.001953712852711377, 0.021997201166180754, 0.35296, 1.0, 1]",0.0
0.35312,0,9.465925553241747e-06,2.086916223046486e-07,-1.1750610345495314e-12,2,"[-0.001947544140874627, 0.022020058309037898, 0.35312, 1.0, 1]",0.0
0.3531222222222222,0,9.464261187182494e-06,2.0871134325693767e-07,-1.1752837346383422e-12,2,"[-0.0019474583201238085, 0.022020375769355362, 0.3531222222222222, 1.0, 1]",0.0
0.35328000000000004,0,9.345950950067077e-06,2.1011404480583567e-07,-1.1911772803654507e-12,2,"[-0.0019413549490378962, 0.02204291545189505, 0.35328000000000004, 1.0, 1]",0.0
0.35344,0,9.225691902448063e-06,2.1154157141838082e-07,-1.2074603539073972e-12,2,"[-0.001935145277201164, 0.02206577259475218, 0.35344, 1.0, 1]",0.0
0.35355000000000003,0,9.14284880720981e-06,2.125259610048536e-07,-1.218752404596787e-12,2,"[-0.001930864247813406, 0.02208148688046648, 0.35355000000000003, 1.0, 1]",0.0
0.3536,0,9.105148410384488e-06,2.1297421033428553e-07,-1.2239115344794919e-12,2,"[-0.0019289151253644166, 0.02208862973760933, 0.3536, 1.0, 1]",0.0
0.35375999999999996,0,8.984320473876678e-06,2.1441196974554855e-07,-1.2405321082853017e-12,2,"[-0.0019226644935276885, 0.022111486880466467, 0.35375999999999996, 1.0, 1]",0.0
0.35392,0,8.863208092924199e-06,2.1585485784417266e-07,-1.2573233684514309e-12,2,"[-0.001916393381690959, 0.022134344023323618, 0.35392, 1.0, 1]",0.0
0.3539777777777778,0,8.819403162491101e-06,2.1637716275974256e-07,-1.263429077537657e-12,2,"[-0.0019141237804412778, 0.02214259799157758, 0.3539777777777778, 1.0, 1]",0.0
0.35408,0,8.741811267527484e-06,2.1730288282215352e-07,-1.274286615050938e-12,2,"[-0.001910101789854228, 0.022157201166180755, 0.35408, 1.0, 1]",0.0
0.35424,0,8.620129997686209e-06,2.1875605287149357e-07,-1.2914231551270865e-12,2,"[-0.0019037897180174887, 0.0221800583090379, 0.35424, 1.0, 1]",0.0
0.3544,0,8.498164283400481e-06,2.2021437618419386e-07,-1.3087343027168764e-12,2,"[-0.0018974571661807549, 0.022202915451895042, 0.3544, 1.0, 1]",0.0
0.3544055555555556,0,8.493924253026044e-06,2.2026510508298888e-07,-1.3093385369419995e-12,2,"[-0.0018972369180074097, 0.022203709102688696, 0.3544055555555556, 1.0, 1]",0.0
0.35456,0,8.375914124670301e-06,2.2167786095225247e-07,-1.3262213788746888e-12,2,"[-0.0018911041343440266, 0.022225772594752186, 0.35456, 1.0, 1]",0.0
0.35472000000000004,0,8.25337952149556e-06,2.2314651536767053e-07,-1.3438857116960608e-12,2,"[-0.001884730622507283, 0.02224862973760933, 0.35472000000000004, 1.0, 1]",0.0
0.35483333333333333,0,8.166412078814962e-06,2.241899445359799e-07,-1.3565059228791369e-12,2,"[-0.0018802036605118227, 0.022264820213799805, 0.35483333333333333, 1.0, 1]",0.0
0.35488,0,8.130560473876584e-06,2.2462034762244687e-07,-1.3617286363413604e-12,2,"[-0.0018783366306705518, 0.022271486880466467, 0.35488, 1.0, 1]",0.0
0.35504,0,8.007456981813264e-06,2.2609936590858264e-07,-1.3797514950596241e-12,2,"[-0.0018719221588338261, 0.022294344023323618, 0.35504, 1.0, 1]",0.0
0.35519999999999996,0,7.884069045305058e-06,2.275835784180784e-07,-1.397955637212338e-12,2,"[-0.0018654872069970713, 0.022317201166180748, 0.35519999999999996, 1.0, 1]",0.0
0.35526111111111114,0,7.836866639857314e-06,2.2815183768010026e-07,-1.40495673524048e-12,2,"[-0.001863024007954503, 0.02232593132491092, 0.35526111111111114, 1.0, 1]",0.0
0.35536,0,7.760396664352942e-06,2.2907299334293188e-07,-1.4163424192972656e-12,2,"[-0.0018590317751603497, 0.0223400583090379, 0.35536, 1.0, 1]",0.0
0.35552,0,7.636439838955831e-06,2.3056761887514557e-07,-1.4349132049724365e-12,2,"[-0.0018525558633236128, 0.022362915451895043, 0.35552, 1.0, 1]",0.0
0.35568,0,7.51219856911481e-06,2.3206746320671667e-07,-1.4536693650799536e-12,2,"[-0.0018460594714868883, 0.022385772594752187, 0.35568, 1.0, 1]",0.0
0.3556888888888889,0,7.5052879361538595e-06,2.321509410767344e-07,-1.4547168369874373e-12,2,"[-0.0018456979603354573, 0.022387042436022023, 0.3556888888888889, 1.0, 1]",0.0
0.35584,0,7.387672854829012e-06,2.3357253452964713e-07,-1.4726122776700894e-12,2,"[-0.0018395425996501485, 0.022408629737609324, 0.35584, 1.0, 1]",0.0
0.356,0,7.26286269609887e-06,2.3508284103593764e-07,-1.4917433280252202e-12,2,"[-0.0018330052478134073, 0.022431486880466468, 0.356, 1.0, 1]",0.0
0.3561166666666667,0,7.17167596770373e-06,2.3618741128727136e-07,-1.5058124574133407e-12,2,"[-0.0018282255176546788, 0.02244815354713314, 0.3561166666666667, 1.0, 1]",0.0
0.35616000000000003,0,7.137768092924275e-06,2.3659839091758677e-07,-1.5110639086838617e-12,2,"[-0.0018264474159766786, 0.02245434402332362, 0.35616000000000003, 1.0, 1]",0.0
0.35631999999999997,0,7.012389045305228e-06,2.3811919236659416e-07,-1.5305754194647962e-12,2,"[-0.0018198691041399345, 0.022477201166180755, 0.35631999999999997, 1.0, 1]",0.0
0.35648,0,6.886725553241729e-06,2.396452535749619e-07,-1.5502792674912132e-12,2,"[-0.001813270312303203, 0.0225000583090379, 0.35648, 1.0, 1]",0.0
0.35654444444444444,0,6.836030734507577e-06,2.402614048730922e-07,-1.5582701954191534e-12,2,"[-0.0018106066799121745, 0.02250926465824425, 0.35654444444444444, 1.0, 1]",0.0
0.35663999999999996,0,6.760777616733778e-06,2.411765827346878e-07,-1.5701768672147876e-12,2,"[-0.0018066510404664698, 0.022522915451895036, 0.35663999999999996, 1.0, 1]",0.0
0.3568,0,6.6345452357812655e-06,2.427131880377733e-07,-1.5902696404399772e-12,2,"[-0.0018000112886297215, 0.022545772594752187, 0.3568, 1.0, 1]",0.0
0.35696,0,6.508028410384626e-06,2.4425507767621713e-07,-1.6105590163481876e-12,2,"[-0.0017933510567929994, 0.02256862973760933, 0.35696, 1.0, 1]",0.0
0.35697222222222225,0,6.498352236565183e-06,2.443730783955851e-07,-1.612117022803514e-12,2,"[-0.0017928414471079374, 0.022570375769355364, 0.35697222222222225, 1.0, 1]",0.0
0.35712,0,6.381227140543318e-06,2.4580225984202013e-07,-1.6310464315221048e-12,2,"[-0.001786670344956276, 0.022591486880466468, 0.35712, 1.0, 1]",0.0
0.35728,0,6.254141426257666e-06,2.473547427271833e-07,-1.6517333299699883e-12,2,"[-0.0017799691531195372, 0.022614344023323612, 0.35728, 1.0, 1]",0.0
0.3574,0,6.158640473876657e-06,2.485225884161344e-07,-1.6673802875664431e-12,2,"[-0.0017749298192419813, 0.022631486880466473, 0.3574, 1.0, 1]",0.0
0.35744,0,6.1267712675273445e-06,2.4891253452370417e-07,-1.6726211631499788e-12,2,"[-0.00177324748128279, 0.022637201166180756, 0.35744, 1.0, 1]",0.0
0.35760000000000003,0,5.999116664352896e-06,2.504756434235852e-07,-1.6937113899945989e-12,2,"[-0.0017665053294460692, 0.022660058309037907, 0.35760000000000003, 1.0, 1]",0.0
0.35775999999999997,0,5.87117761673367e-06,2.5204407761882453e-07,-1.7150054769350604e-12,2,"[-0.0017597426976093261, 0.022682915451895037, 0.35775999999999997, 1.0, 1]",0.0
0.3578277777777778,0,5.816895446441781e-06,2.527100914961259e-07,-1.7240877172272543e-12,2,"[-0.0017568717963142993, 0.022692597991577582, 0.3578277777777778, 1.0, 1]",0.0
0.35792,0,5.742954124670317e-06,2.536178453014224e-07,-1.7365048979258217e-12,2,"[-0.0017529595857725885, 0.022705772594752188, 0.35792, 1.0, 1]",0.0
0.35808,0,5.614446188162295e-06,2.551969546633795e-07,-1.7582111344690718e-12,2,"[-0.0017461559939358634, 0.02272862973760933, 0.35808, 1.0, 1]",0.0
0.35824,0,5.485653807210038e-06,2.567814138966968e-07,-1.780125675639271e-12,2,"[-0.00173933192209913, 0.02275148688046647, 0.35824, 1.0, 1]",0.0
0.35825555555555555,0,5.473117154260773e-06,2.569357441969456e-07,-1.7822674221563695e-12,2,"[-0.0017386673783248707, 0.02275370910268869, 0.35825555555555555, 1.0, 1]",0.0
0.3584,0,5.356576981813111e-06,2.5837123119337156e-07,-1.8022500181076835e-12,2,"[-0.001732487370262395, 0.022774344023323612, 0.3584, 1.0, 1]",0.0
0.35856,0,5.22721571197184e-06,2.5996641474540666e-07,-1.8245856661671262e-12,2,"[-0.0017256223384256447, 0.022797201166180756, 0.35856, 1.0, 1]",0.0
0.35868333333333335,0,5.127305597333416e-06,2.6119970307997666e-07,-1.8419478989211027e-12,2,"[-0.0017203165652737301, 0.022814820213799807, 0.35868333333333335, 1.0, 1]",0.0
0.35872,0,5.0975699976861175e-06,2.615669727448e-07,-1.847134131756481e-12,2,"[-0.0017187368265889277, 0.0228200583090379, 0.35872, 1.0, 1]",0.0
0.35888,0,4.967639838955942e-06,2.631729133835537e-07,-1.869896934485526e-12,2,"[-0.0017118308347521885, 0.022842915451895037, 0.35888, 1.0, 1]",0.0
0.35904,0,4.837425235781206e-06,2.647842448536649e-07,-1.8928756016595386e-12,2,"[-0.001704904362915441, 0.022865772594752188, 0.35904, 1.0, 1]",0.0
0.35911111111111116,0,4.779460775659818e-06,2.655021247066087e-07,-1.9031580336456084e-12,2,"[-0.0017018193571608567, 0.022875931324910923, 0.35911111111111116, 1.0, 1]",0.0
0.35919999999999996,0,4.7069261881623435e-06,2.664009753471344e-07,-1.9160716683041944e-12,2,"[-0.0016979574110787196, 0.022888629737609325, 0.35919999999999996, 1.0, 1]",0.0
0.35936,0,4.576142696098703e-06,2.680231130559651e-07,-1.9394866771903593e-12,2,"[-0.001690989979241983, 0.022911486880466476, 0.35936, 1.0, 1]",0.0
0.35952,0,4.445074759590827e-06,2.696506661721541e-07,-1.96312217885883e-12,2,"[-0.001684002067405238, 0.022934344023323613, 0.35952, 1.0, 1]",0.0
0.3595388888888889,0,4.429582689240087e-06,2.6984316563822274e-07,-1.965927105384479e-12,2,"[-0.0016831757539862435, 0.022937042436022032, 0.3595388888888889, 1.0, 1]",0.0
0.35968,0,4.3137223786383905e-06,2.7128364288770165e-07,-1.9869797316453505e-12,2,"[-0.0016769936755685055, 0.022957201166180757, 0.35968, 1.0, 1]",0.0
0.35984,0,4.182085553241718e-06,2.7292205139460836e-07,-2.0110609017055e-12,2,"[-0.0016699648037317785, 0.0229800583090379, 0.35984, 1.0, 1]",0.0
0.3599666666666667,0,4.077671338074008e-06,2.742229824362071e-07,-2.030284789510778e-12,2,"[-0.0016643857557499184, 0.02299815354713314, 0.3599666666666667, 1.0, 1]",0.0
0.36,0,4.050164283400377e-06,2.745658998848736e-07,-2.0353672630396385e-12,2,"[-0.00166291545189505, 0.023002915451895038, 0.36, 1.0, 1]",0.0
0.36039444444444446,0,3.723726722161904e-06,2.786417316619461e-07,-2.096261161117672e-12,2,"[-0.0016454493624518604, 0.02305926465824425, 0.36039444444444446, 1.0, 1]",0.0
0.36082222222222227,0,3.367748841503343e-06,2.8309956987682544e-07,-2.1638866984342987e-12,2,"[-0.0016263665740920627, 0.023120375769355366, 0.36082222222222227, 1.0, 1]",0.0
0.36125,0,3.0097376960989746e-06,2.875966536422295e-07,-2.233192286255507e-12,2,"[-0.00160713739067056, 0.023181486880466475, 0.36125, 1.0, 1]",0.0
0.3616777777777778,0,2.649693285947932e-06,2.9213313951954657e-07,-2.304209219385716e-12,2,"[-0.0015877618121873174, 0.02324259799157759, 0.3616777777777778, 1.0, 1]",0.0
0.36210555555555557,0,2.287615611050865e-06,2.9670918407015923e-07,-2.376969206096528e-12,2,"[-0.0015682398386423282, 0.023303709102688693, 0.36210555555555557, 1.0, 1]",0.0
0.3625333333333334,0,1.923504671407449e-06,3.013249438554557e-07,-2.451504371598672e-12,2,"[-0.001548571470035634, 0.02336482021379981, 0.3625333333333334, 1.0, 1]",0.0
0.3629611111111111,0,1.5573604670179007e-06,3.059805754368191e-07,-2.5278472615275818e-12,2,"[-0.0015287567063672139, 0.023425931324910918, 0.3629611111111111, 1.0, 1]",0.0
0.36338888888888893,0,1.1891829978821116e-06,3.106762353756343e-07,-2.606030845443254e-12,2,"[-0.0015087955476370402, 0.023487042436022034, 0.36338888888888893, 1.0, 1]",0.0
0.3638166666666667,0,8.189722639999732e-07,3.1541208023329073e-07,-2.6860885203440312e-12,2,"[-0.0014886879938451544, 0.023548153547133136, 0.3638166666666667, 1.0, 1]",0.0
0.3642444444444445,0,4.4672826537181087e-07,3.201882665711685e-07,-2.7680541141941043e-12,2,"[-0.0014684340449915428, 0.023609264658244252, 0.3642444444444445, 1.0, 1]",0.0
0.36467222222222223,0,7.245100199729931e-08,3.250049509506573e-07,-2.8519618894655514e-12,2,"[-0.0014480337010761984, 0.02367037576935536, 0.36467222222222223, 1.0, 1]",0.0
0.36510000000000004,0,-3.038595261233446e-07,3.2986228993314015e-07,-2.9378465466937814e-12,2,"[-0.0014274869620991282, 0.023731486880466477, 0.36510000000000004, 1.0, 1]",0.0
0.3655277777777778,0,-6.822033189904462e-07,3.347604400800059e-07,-3.025743228047457e-12,2,"[-0.001406793828060325, 0.023792597991577586, 0.3655277777777778, 1.0, 1]",0.0
0.3659555555555556,0,-1.0625803766033549e-06,3.396995579526357e-07,-3.115687520911959e-12,2,"[-0.0013859542989597962, 0.023853709102688695, 0.3659555555555556, 1.0, 1]",0.0
0.36638333333333334,0,-1.444990698962938e-06,3.446798001124166e-07,-3.2077154614873203e-12,2,"[-0.0013649683747975344, 0.023914820213799804, 0.36638333333333334, 1.0, 1]",0.0
0.36681111111111114,0,-1.8294342860683283e-06,3.4970132312073427e-07,-3.3018635383997878e-12,2,"[-0.0013438360555735607, 0.02397593132491092, 0.36681111111111114, 1.0, 1]",0.0
0.3672388888888889,0,-2.215911137920393e-06,3.5476428353897385e-07,-3.398168696327514e-12,2,"[-0.0013225573412878333, 0.02403704243602203, 0.3672388888888889, 1.0, 1]",0.0
0.3676666666666667,0,-2.604421254518482e-06,3.598688379285222e-07,-3.496668339640273e-12,2,"[-0.001301132231940401, 0.024098153547133145, 0.3676666666666667, 1.0, 1]",0.0
0.36809444444444445,0,-2.9949646358628113e-06,3.6501514285076336e-07,-3.5974003360530404e-12,2,"[-0.0012795607275312287, 0.024159264658244247, 0.36809444444444445, 1.0, 1]",0.0
0.36852222222222225,0,-3.3875412819533816e-06,3.702033548670832e-07,-3.70040302029374e-12,2,"[-0.0012578428280603238, 0.024220375769355363, 0.36852222222222225, 1.0, 1]",0.0
0.36895,0,-3.7821511927900843e-06,3.7543363053886686e-07,-3.805715197784845e-12,2,"[-0.001235978533527693, 0.024281486880466472, 0.36895, 1.0, 1]",0.0
0.3693777777777778,0,-4.178794368373136e-06,3.807061264275e-07,-3.913376148339045e-12,2,"[-0.0012139678439333362, 0.024342597991577588, 0.3693777777777778, 1.0, 1]",0.0
0.36980555555555555,0,-4.577470808702212e-06,3.8602099909436697e-07,-4.023425629868849e-12,2,"[-0.0011918107592772537, 0.02440370910268869, 0.36980555555555555, 1.0, 1]",0.0
0.37023333333333336,0,-4.978180513777746e-06,3.913784051008573e-07,-4.1359038821103456e-12,2,"[-0.0011695072795594452, 0.024464820213799806, 0.37023333333333336, 1.0, 1]",0.0
0.3706611111111111,0,-5.380923483599303e-06,3.967785010083513e-07,-4.250851630360526e-12,2,"[-0.001147057404779911, 0.024525931324910915, 0.3706611111111111, 1.0, 1]",0.0
0.3710888888888889,0,-5.785699718167427e-06,4.0222144337823876e-07,-4.36831008922929e-12,2,"[-0.001124461134938623, 0.02458704243602203, 0.3710888888888889, 1.0, 1]",0.0
0.37151666666666666,0,-6.192509217481357e-06,4.0770738877190265e-07,-4.48832096640471e-12,2,"[-0.00110171847003563, 0.02464815354713314, 0.37151666666666666, 1.0, 1]",0.0
0.37194444444444447,0,-6.6013519815417455e-06,4.1323649375072705e-07,-4.6109264664327975e-12,2,"[-0.0010788294100708973, 0.02470926465824425, 0.37194444444444447, 1.0, 1]",0.0
0.3723722222222222,0,-7.012228010348266e-06,4.1880891487610074e-07,-4.736169294511178e-12,2,"[-0.0010557939550444526, 0.024770375769355358, 0.3723722222222222, 1.0, 1]",0.0
0.3728,0,-7.4251373039012445e-06,4.244248087094068e-07,-4.864092660296441e-12,2,"[-0.001032612104956268, 0.024831486880466474, 0.3728, 1.0, 1]",0.0
0.3732277777777778,0,-7.840079862200247e-06,4.300843318120321e-07,-4.994740281725941e-12,2,"[-0.0010092838598063508, 0.02489259799157759, 0.3732277777777778, 1.0, 1]",0.0
0.3736555555555556,0,-8.25705568524549e-06,4.357876407453605e-07,-5.128156388853203e-12,2,"[-0.0009858092195947146, 0.0249537091026887, 0.3736555555555556, 1.0, 1]",0.0
0.3740833333333334,0,-8.676064773037082e-06,4.415348920707815e-07,-5.264385727697693e-12,2,"[-0.0009621881843213387, 0.025014820213799808, 0.3740833333333334, 1.0, 1]",0.0
0.37451111111111113,0,-9.09710712557459e-06,4.473262423496752e-07,-5.403473564108018e-12,2,"[-0.0009384207539862438, 0.025075931324910917, 0.37451111111111113, 1.0, 1]",0.0
0.37493888888888893,0,-9.520182742858772e-06,4.5316184814342957e-07,-5.545465687639884e-12,2,"[-0.0009145069285894161, 0.025137042436022033, 0.37493888888888893, 1.0, 1]",0.0
0.3753666666666667,0,-9.94529162488887e-06,4.590418660134315e-07,-5.69040841544743e-12,2,"[-0.0008904467081308695, 0.025198153547133142, 0.3753666666666667, 1.0, 1]",0.0
0.3757944444444445,0,-1.0372433771665317e-05,4.6496645252106196e-07,-5.838348596188633e-12,2,"[-0.0008662400926105762, 0.025259264658244258, 0.3757944444444445, 1.0, 1]",0.0
0.37622222222222224,0,-1.0801609183187788e-05,4.7093576422771194e-07,-5.989333613945239e-12,2,"[-0.0008418870820285709, 0.02532037576935536, 0.37622222222222224, 1.0, 1]",0.0
0.37665000000000004,0,-1.1232817859456717e-05,4.769499576947634e-07,-6.143411392155804e-12,2,"[-0.0008173876763848398, 0.025381486880466476, 0.37665000000000004, 1.0, 1]",0.0
0.3770777777777778,0,-1.1666059800471778e-05,4.830091894836023e-07,-6.3006303975635304e-12,2,"[-0.0007927418756793619, 0.025442597991577585, 0.3770777777777778, 1.0, 1]",0.0
0.3775055555555556,0,-1.210133500623308e-05,4.891136161556157e-07,-6.4610396441777046e-12,2,"[-0.0007679496799121721, 0.0255037091026887, 0.3775055555555556, 1.0, 1]",0.0
0.37793333333333334,0,-1.2538643476740839e-05,4.952633942721853e-07,-6.624688697249029e-12,2,"[-0.0007430110890832495, 0.025564820213799803, 0.37793333333333334, 1.0, 1]",0.0
0.37836111111111115,0,-1.2977985211994406e-05,5.014586803947022e-07,-6.791627677259492e-12,2,"[-0.0007179261031925871, 0.02562593132491092, 0.37836111111111115, 1.0, 1]",0.0
0.3787888888888889,0,-1.3419360211994538e-05,5.076996310845464e-07,-6.961907263925313e-12,2,"[-0.0006926947222402127, 0.025687042436022028, 0.3787888888888889, 1.0, 1]",0.0
0.3792166666666667,0,-1.3862768476740695e-05,5.139864029031069e-07,-7.135578700214957e-12,2,"[-0.0006673169462261055, 0.025748153547133144, 0.3792166666666667, 1.0, 1]",0.0
0.37964444444444445,0,-1.4308210006233092e-05,5.203191524117665e-07,-7.312693796380192e-12,2,"[-0.0006417927751502656, 0.025809264658244253, 0.37964444444444445, 1.0, 1]",0.0
0.38007222222222226,0,-1.4755684800471839e-05,5.266980361719153e-07,-7.493304934001928e-12,2,"[-0.0006161222090126928, 0.02587037576935536, 0.38007222222222226, 1.0, 1]",0.0
0.38050000000000006,0,-1.5205192859456826e-05,5.331232107449344e-07,-7.677465070049196e-12,2,"[-0.000590305247813408, 0.025931486880466478, 0.38050000000000006, 1.0, 1]",0.0
0.38092777777777775,0,-1.5656734183187838e-05,5.395948326922089e-07,-7.865227740952984e-12,2,"[-0.0005643418915523765, 0.02599259799157758, 0.38092777777777775, 1.0, 1]",0.0
0.38135555555555556,0,-1.6110308771665307e-05,5.461130585751251e-07,-8.056647066693591e-12,2,"[-0.0005382321402296331, 0.026053709102688696, 0.38135555555555556, 1.0, 1]",0.0
0.38178333333333336,0,-1.6565916624889016e-05,5.52678044955072e-07,-8.251777754902093e-12,2,"[-0.0005119759938451568, 0.02611482021379981, 0.38178333333333336, 1.0, 1]",0.0
0.38221111111111117,0,-1.702355774285875e-05,5.592899483934319e-07,-8.450675104975512e-12,2,"[-0.00048557345239893385, 0.02617593132491092, 0.38221111111111117, 1.0, 1]",0.0
0.38263888888888886,0,-1.7483232125574616e-05,5.659489254515885e-07,-8.653395012206448e-12,2,"[-0.00045902451589100585, 0.026237042436022023, 0.38263888888888886, 1.0, 1]",0.0
0.38306666666666667,0,-1.794493977303705e-05,5.726551326909324e-07,-8.859993971926688e-12,2,"[-0.00043232918432134504, 0.02629815354713314, 0.38306666666666667, 1.0, 1]",0.0
0.38349444444444447,0,-1.8408680685245613e-05,5.794087266728425e-07,-9.07052908366401e-12,2,"[-0.00040548745768993755, 0.026359264658244255, 0.38349444444444447, 1.0, 1]",0.0
0.3839222222222223,0,-1.887445486220031e-05,5.862098639587112e-07,-9.285058055314373e-12,2,"[-0.00037849933599681806, 0.02642037576935537, 0.3839222222222223, 1.0, 1]",0.0
0.38434999999999997,0,-1.934226230390114e-05,5.930587011099158e-07,-9.50363920732642e-12,2,"[-0.0003513648192419866, 0.026481486880466466, 0.38434999999999997, 1.0, 1]",0.0
0.3847777777777778,0,-1.9812103010348318e-05,5.999553946878504e-07,-9.726331476901854e-12,2,"[-0.0003240839074254015, 0.02654259799157758, 0.3847777777777778, 1.0, 1]",0.0
0.3852055555555556,0,-2.0283976981541846e-05,6.069001012538979e-07,-9.95319442220792e-12,2,"[-0.00029665660054709053, 0.026603709102688698, 0.3852055555555556, 1.0, 1]",0.0
0.3856333333333334,0,-2.0757884217481397e-05,6.138929773694391e-07,-1.0184288226605071e-11,2,"[-0.00026908289860706064, 0.026664820213799813, 0.3856333333333334, 1.0, 1]",0.0
0.3860611111111111,0,-2.1233824718167407e-05,6.209341795958631e-07,-1.0419673702888657e-11,2,"[-0.000241362801605291, 0.02672593132491091, 0.3860611111111111, 1.0, 1]",0.0
0.3864888888888889,0,-2.1711798483599223e-05,6.280238644945555e-07,-1.0659412297543907e-11,2,"[-0.00021349630954180937, 0.026787042436022025, 0.3864888888888889, 1.0, 1]",0.0
0.3869166666666667,0,-2.2191805513777714e-05,6.351621886269043e-07,-1.0903566095015458e-11,2,"[-0.000185483422416588, 0.02684815354713314, 0.3869166666666667, 1.0, 1]",0.0
0.3873444444444445,0,-2.2673845808702446e-05,6.423493085542885e-07,-1.1152197821990308e-11,2,"[-0.00015732414022962687, 0.026909264658244256, 0.3873444444444445, 1.0, 1]",0.0
0.3877722222222223,0,-2.3157919368373093e-05,6.49585380838099e-07,-1.140537085169585e-11,2,"[-0.00012901846298094682, 0.026970375769355372, 0.3877722222222223, 1.0, 1]",0.0
0.3882,0,-2.364402619279009e-05,6.568705620397154e-07,-1.166314920821042e-11,2,"[-0.00010056639067056172, 0.027031486880466467, 0.3882, 1.0, 1]",0.0
0.3886277777777778,0,-2.4132166281953327e-05,6.642050087205317e-07,-1.192559757078949e-11,2,"[-7.196792329840912e-05, 0.027092597991577583, 0.3886277777777778, 1.0, 1]",0.0
0.3890555555555556,0,-2.4622339635862914e-05,6.715888774419286e-07,-1.2192781278204007e-11,2,"[-4.322306086454453e-05, 0.0271537091026887, 0.3890555555555556, 1.0, 1]",0.0
0.3894833333333334,0,-2.5114546254518416e-05,6.790223247652882e-07,-1.2464766333094223e-11,2,"[-1.4331803368967944e-05, 0.027214820213799815, 0.3894833333333334, 1.0, 1]",0.0
0.3899111111111111,0,-2.5608786137920484e-05,6.865055072519997e-07,-1.2741619406337177e-11,2,"[1.4705849188362263e-05, 0.02727593132491091, 0.3899111111111111, 1.0, 1]",0.0
0.3903388888888889,0,-2.6105059286068467e-05,6.940385814634509e-07,-1.3023407841427693e-11,2,"[4.388989680739752e-05, 0.027337042436022026, 0.3903388888888889, 1.0, 1]",0.0
0.3907666666666667,0,-2.6603365698963017e-05,7.016217039610246e-07,-1.3310199658873515e-11,2,"[7.322033948817946e-05, 0.027398153547133142, 0.3907666666666667, 1.0, 1]",0.0
0.3911944444444445,0,-2.710370537660359e-05,7.092550313061061e-07,-1.360206356060487e-11,2,"[0.00010269717723068728, 0.02745926465824426, 0.3911944444444445, 1.0, 1]",0.0
0.3916222222222222,0,-2.7606078318990405e-05,7.16938720060079e-07,-1.389906893439755e-11,2,"[0.00013232041003491402, 0.02752037576935536, 0.3916222222222222, 1.0, 1]",0.0
0.39205,0,-2.811048452612346e-05,7.246729267843303e-07,-1.420128585831039e-11,2,"[0.00016209003790086662, 0.02758148688046647, 0.39205, 1.0, 1]",0.0
0.3924777777777778,0,-2.8616923998002757e-05,7.324578080402503e-07,-1.450878510513651e-11,2,"[0.00019200606082857286, 0.027642597991577585, 0.3924777777777778, 1.0, 1]",0.0
0.3929055555555556,0,-2.9125396734628294e-05,7.402935203892173e-07,-1.4821638146867952e-11,2,"[0.00022206847881798414, 0.0277037091026887, 0.3929055555555556, 1.0, 1]",0.0
0.3933333333333333,0,-2.9635902735999963e-05,7.481802203926195e-07,-1.5139917159175786e-11,2,"[0.00025227729186912823, 0.027764820213799803, 0.3933333333333333, 1.0, 1]",0.0
0.3937611111111111,0,-3.014844200211798e-05,7.561180646118437e-07,-1.5463695025902887e-11,2,"[0.00028263249998201206, 0.02782593132491092, 0.3937611111111111, 1.0, 1]",0.0
0.3941888888888889,0,-3.0663014532982024e-05,7.641072096082703e-07,-1.579304534357095e-11,2,"[0.0003131341031566079, 0.02788704243602203, 0.3941888888888889, 1.0, 1]",0.0
0.3946166666666667,0,-3.117962032859263e-05,7.721478119432941e-07,-1.6128042425902564e-11,2,"[0.00034378210139294346, 0.027948153547133144, 0.3946166666666667, 1.0, 1]",0.0
0.3950444444444444,0,-3.1698259388949156e-05,7.802400281782903e-07,-1.6468761308355004e-11,2,"[0.0003745764946910049, 0.028009264658244246, 0.3950444444444444, 1.0, 1]",0.0
0.3954722222222222,0,-3.221893171405203e-05,7.883840148746522e-07,-1.6815277752671014e-11,2,"[0.00040551728305078527, 0.028070375769355362, 0.3954722222222222, 1.0, 1]",0.0
0.39590000000000003,0,-3.2741637303901143e-05,7.96579928593761e-07,-1.7167668251440713e-11,2,"[0.0004366044664723123, 0.028131486880466478, 0.39590000000000003, 1.0, 1]",0.0
0.39632777777777783,0,-3.326637615849661e-05,8.048279258970034e-07,-1.7526010032679544e-11,2,"[0.00046783804495556525, 0.028192597991577587, 0.39632777777777783, 1.0, 1]",0.0
0.39675555555555553,0,-3.3793148277837986e-05,8.131281633457639e-07,-1.7890381064419106e-11,2,"[0.0004992180185005163, 0.02825370910268869, 0.39675555555555553, 1.0, 1]",0.0
0.39718333333333333,0,-3.432195366192582e-05,8.214807975014304e-07,-1.8260860059312584e-11,2,"[0.0005307443871072209, 0.028314820213799805, 0.39718333333333333, 1.0, 1]",0.0
0.39761111111111114,0,-3.4852792310760116e-05,8.29885984925389e-07,-1.863752647925367e-11,2,"[0.0005624171507756653, 0.02837593132491092, 0.39761111111111114, 1.0, 1]",0.0
0.39803888888888894,0,-3.538566422434022e-05,8.383438821790181e-07,-1.9020460540009473e-11,2,"[0.0005942363095058217, 0.028437042436022037, 0.39803888888888894, 1.0, 1]",0.0
0.39846666666666664,0,-3.592056940266667e-05,8.468546458237082e-07,-1.9409743215868514e-11,2,"[0.000626201863297704, 0.028498153547133132, 0.39846666666666664, 1.0, 1]",0.0
0.39889444444444444,0,-3.645750784573925e-05,8.554184324208475e-07,-1.9805456244301275e-11,2,"[0.000658313812151326, 0.028559264658244248, 0.39889444444444444, 1.0, 1]",0.0
0.39932222222222225,0,-3.699647955355829e-05,8.640353985318184e-07,-2.0207682130635138e-11,2,"[0.00069057215606666, 0.028620375769355364, 0.39932222222222225, 1.0, 1]",0.0
0.39975000000000005,0,-3.7537484526123355e-05,8.727057007180063e-07,-2.0616504152743915e-11,2,"[0.0007229768950437337, 0.02868148688046648, 0.39975000000000005, 1.0, 1]",0.0
0.40017777777777785,0,-3.808052276343477e-05,8.814294955407954e-07,-2.103200636575079e-11,2,"[0.0007555280290825472, 0.028742597991577596, 0.40017777777777785, 1.0, 1]",0.0
0.40060555555555555,0,-3.8625594265492315e-05,8.902069395615718e-07,-2.1454273606745554e-11,2,"[0.0007882255581830588, 0.02880370910268869, 0.40060555555555555, 1.0, 1]",0.0
0.40103333333333335,0,-3.917269903229621e-05,8.990381893417247e-07,-2.1883391499515795e-11,2,"[0.0008210694823453102, 0.028864820213799807, 0.40103333333333335, 1.0, 1]",0.0
0.40146111111111116,0,-3.9721837063846454e-05,9.079234014426362e-07,-2.231944645929149e-11,2,"[0.0008540598015693152, 0.028925931324910923, 0.40146111111111116, 1.0, 1]",0.0
0.40188888888888896,0,-4.0273008360142614e-05,9.168627324256894e-07,-2.2762525697504472e-11,2,"[0.0008871965158550182, 0.02898704243602204, 0.40188888888888896, 1.0, 1]",0.0
0.40231666666666666,0,-4.0826212921185015e-05,9.25856338852276e-07,-2.3212717226561918e-11,2,"[0.0009204796252024611, 0.029048153547133134, 0.40231666666666666, 1.0, 1]",0.0
0.40274444444444446,0,-4.1381450746973874e-05,9.349043772837746e-07,-2.367010986463234e-11,2,"[0.0009539091296116436, 0.02910926465824425, 0.40274444444444446, 1.0, 1]",0.0
0.40317222222222227,0,-4.193872183750897e-05,9.44007004281577e-07,-2.413479324044795e-11,2,"[0.0009874850290825382, 0.029170375769355366, 0.40317222222222227, 1.0, 1]",0.0
0.40360000000000007,0,-4.2498026192790096e-05,9.53164376407066e-07,-2.460685779811862e-11,2,"[0.0010212073236151586, 0.029231486880466482, 0.40360000000000007, 1.0, 1]",0.0
0.40402777777777776,0,-4.305936381281757e-05,9.62376650221624e-07,-2.508639480196137e-11,2,"[0.0010550760132095327, 0.029292597991577577, 0.40402777777777776, 1.0, 1]",0.0
0.40445555555555557,0,-4.3622734697591065e-05,9.716439822866375e-07,-2.5573496341343638e-11,2,"[0.0010890910978656049, 0.029353709102688693, 0.40445555555555557, 1.0, 1]",0.0
0.4048833333333334,0,-4.418813884711102e-05,9.809665291634988e-07,-2.6068255335540427e-11,2,"[0.0011232525775834168, 0.02941482021379981, 0.4048833333333334, 1.0, 1]",0.0
0.4053111111111112,0,-4.475557626137732e-05,9.903444474135882e-07,-2.6570765538604394e-11,2,"[0.0011575604523629685, 0.029475931324910925, 0.4053111111111112, 1.0, 1]",0.0
0.40573888888888887,0,-4.532504694038954e-05,9.997778935982879e-07,-2.7081121544251578e-11,2,"[0.001192014722204232, 0.029537042436022027, 0.40573888888888887, 1.0, 1]",0.0
0.4061666666666667,0,-4.589655088414811e-05,1.0092670242789894e-06,-2.7599418790760878e-11,2,"[0.0012266153871072216, 0.029598153547133136, 0.4061666666666667, 1.0, 1]",0.0
0.4065944444444445,0,-4.647008809265292e-05,1.018811996017072e-06,-2.8125753565885836e-11,2,"[0.0012613624470719509, 0.029659264658244252, 0.4065944444444445, 1.0, 1]",0.0
0.4070222222222223,0,-4.7045658565904075e-05,1.0284129653739291e-06,-2.8660223011783143e-11,2,"[0.001296255902098406, 0.029720375769355368, 0.4070222222222223, 1.0, 1]",0.0
0.40745,0,-4.762326230390126e-05,1.038070088910937e-06,-2.920292512995183e-11,2,"[0.001331295752186587, 0.02978148688046647, 0.40745, 1.0, 1]",0.0
0.4078777777777778,0,-4.820289930664468e-05,1.0477835231894887e-06,-2.975395878619024e-11,2,"[0.0013664819973365078, 0.029842597991577586, 0.4078777777777778, 1.0, 1]",0.0
0.4083055555555556,0,-4.878456957413434e-05,1.057553424770968e-06,-3.031342371556345e-11,2,"[0.0014018146375481405, 0.029903709102688695, 0.4083055555555556, 1.0, 1]",0.0
0.4087333333333334,0,-4.9368273106370464e-05,1.0673799502167564e-06,-3.088142052738673e-11,2,"[0.001437293672821513, 0.02996482021379981, 0.4087333333333334, 1.0, 1]",0.0
0.4091611111111111,0,-4.995400990335239e-05,1.0772632560882413e-06,-3.1458050710222895e-11,2,"[0.0014729191031566113, 0.030025931324910913, 0.4091611111111111, 1.0, 1]",0.0
0.4095888888888889,0,-5.0541779965080995e-05,1.0872034989468119e-06,-3.2043416636893084e-11,2,"[0.0015086909285534356, 0.03008704243602203, 0.4095888888888889, 1.0, 1]",0.0
0.4100166666666667,0,-5.1131583291555405e-05,1.0972008353538506e-06,-3.2637621569501205e-11,2,"[0.0015446091490119856, 0.030148153547133145, 0.4100166666666667, 1.0, 1]",0.0
0.4104444444444445,0,-5.172341988277649e-05,1.1072554218707415e-06,-3.3240769664473357e-11,2,"[0.0015806737645322755, 0.030209264658244254, 0.4104444444444445, 1.0, 1]",0.0
0.4108722222222222,0,-5.231728973874327e-05,1.1173674150588715e-06,-3.385296597761084e-11,2,"[0.0016168847751142773, 0.030270375769355356, 0.4108722222222222, 1.0, 1]",0.0
0.4113,0,-5.291319285945684e-05,1.1275369714796258e-06,-3.4474316469156825e-11,2,"[0.0016532421807580189, 0.030331486880466472, 0.4113, 1.0, 1]",0.0
0.4117277777777778,0,-5.351112924491632e-05,1.1377642476943925e-06,-3.5104928008877556e-11,2,"[0.0016897459814634863, 0.030392597991577588, 0.4117277777777778, 1.0, 1]",0.0
0.4121555555555556,0,-5.411109889512215e-05,1.1480494002645545e-06,-3.574490838115676e-11,2,"[0.0017263961772306935, 0.030453709102688704, 0.4121555555555556, 1.0, 1]",0.0
0.4125833333333333,0,-5.47131018100739e-05,1.1583925857514937e-06,-3.63943662901048e-11,2,"[0.0017631927680595988, 0.0305148202137998, 0.4125833333333333, 1.0, 1]",0.0
0.4130111111111111,0,-5.531713798977221e-05,1.1687939607166003e-06,-3.705341136468221e-11,2,"[0.0018001357539502577, 0.030575931324910915, 0.4130111111111111, 1.0, 1]",0.0
0.4134388888888889,0,-5.592320743421676e-05,1.1792536817212622e-06,-3.772215416383585e-11,2,"[0.0018372251349026425, 0.03063704243602203, 0.4134388888888889, 1.0, 1]",0.0
0.4138666666666667,0,-5.653131014340734e-05,1.1897719053268608e-06,-3.8400706181649604e-11,2,"[0.0018744609109167532, 0.030698153547133147, 0.4138666666666667, 1.0, 1]",0.0
0.4142944444444445,0,-5.714144611734448e-05,1.2003487880947823e-06,-3.908917985250991e-11,2,"[0.0019118430819926036, 0.030759264658244263, 0.4142944444444445, 1.0, 1]",0.0
0.4147222222222222,0,-5.7753615356027324e-05,1.2109844865864094e-06,-3.978768855628413e-11,2,"[0.001949371648130152, 0.030820375769355358, 0.4147222222222222, 1.0, 1]",0.0
0.41515,0,-5.836781785945684e-05,1.2216791573631296e-06,-4.049634662351396e-11,2,"[0.0019870466093294403, 0.030881486880466474, 0.41515, 1.0, 1]",0.0
0.4155777777777778,0,-5.898405362763249e-05,1.2324329569863317e-06,-4.121526934062205e-11,2,"[0.002024867965590482, 0.03094259799157759, 0.4155777777777778, 1.0, 1]",0.0
0.41600555555555563,0,-5.960232266055427e-05,1.2432460420174e-06,-4.1944572955132466e-11,2,"[0.002062835716913236, 0.031003709102688706, 0.41600555555555563, 1.0, 1]",0.0
0.4164333333333333,0,-6.022262495822197e-05,1.254118569017712e-06,-4.268437468090538e-11,2,"[0.002100949863297688, 0.0310648202137998, 0.4164333333333333, 1.0, 1]",0.0
0.4168611111111111,0,-6.0844960520636446e-05,1.2650506945486663e-06,-4.343479270338779e-11,2,"[0.0021392104047439214, 0.031125931324910917, 0.4168611111111111, 1.0, 1]",0.0
0.41728888888888893,0,-6.146932934779706e-05,1.276042575171638e-06,-4.4195946184873334e-11,2,"[0.002177617341251853, 0.031187042436022033, 0.41728888888888893, 1.0, 1]",0.0
0.41771666666666674,0,-6.20957314397037e-05,1.2870943674480185e-06,-4.4967955269781787e-11,2,"[0.0022161706728215103, 0.03124815354713315, 0.41771666666666674, 1.0, 1]",0.0
0.41814444444444443,0,-6.272416679635668e-05,1.2982062279391871e-06,-4.5750941089947966e-11,2,"[0.0022548703994529073, 0.03130926465824424, 0.41814444444444443, 1.0, 1]",0.0
0.41857222222222223,0,-6.335463541775569e-05,1.3093783132065366e-06,-4.654502576992829e-11,2,"[0.0022937165211460303, 0.03137037576935536, 0.41857222222222223, 1.0, 1]",0.0
0.41900000000000004,0,-6.398713730390115e-05,1.32061077981145e-06,-4.735033243231798e-11,2,"[0.0023327090379008653, 0.03143148688046647, 0.41900000000000004, 1.0, 1]",0.0
0.41942777777777784,0,-6.462167245479286e-05,1.3319037843153079e-06,-4.8166985203084283e-11,2,"[0.002371847949717454, 0.031492597991577595, 0.41942777777777784, 1.0, 1]",0.0
0.41985555555555554,0,-6.52582408704306e-05,1.3432574832794992e-06,-4.899510921691416e-11,2,"[0.0024111332565957544, 0.03155370910268869, 0.41985555555555554, 1.0, 1]",0.0
0.42028333333333334,0,-6.589684255081457e-05,1.3546720332654133e-06,-4.9834830622574374e-11,2,"[0.0024505649585357947, 0.0316148202137998, 0.42028333333333334, 1.0, 1]",0.0
0.42071111111111115,0,-6.6537477495945e-05,1.3661475908344335e-06,-5.068627658828585e-11,2,"[0.002490143055537561, 0.03167593132491092, 0.42071111111111115, 1.0, 1]",0.0
0.42113888888888895,0,-6.718014570582167e-05,1.3776843125479393e-06,-5.1549575307112586e-11,2,"[0.002529867547601053, 0.03173704243602203, 0.42113888888888895, 1.0, 1]",0.0
0.42156666666666665,0,-6.782484718044436e-05,1.3892823549673238e-06,-5.2424856002365714e-11,2,"[0.002569738434726271, 0.03179815354713314, 0.42156666666666665, 1.0, 1]",0.0
0.42199444444444445,0,-6.847158191981351e-05,1.400941874653966e-06,-5.331224893301812e-11,2,"[0.0026097557169132285, 0.03185926465824425, 0.42199444444444445, 1.0, 1]",0.0
0.42242222222222225,0,-6.912034992392869e-05,1.4126630281692585e-06,-5.421188539913737e-11,2,"[0.002649919394161898, 0.03192037576935536, 0.42242222222222225, 1.0, 1]",0.0
0.42285000000000006,0,-6.97711511927901e-05,1.4244459720745838e-06,-5.512389774732854e-11,2,"[0.0026902294664723075, 0.03198148688046648, 0.42285000000000006, 1.0, 1]",0.0
0.42327777777777775,0,-7.042398572639776e-05,1.4362908629313223e-06,-5.6048419376193634e-11,2,"[0.002730685933844443, 0.032042597991577576, 0.42327777777777775, 1.0, 1]",0.0
0.42370555555555556,0,-7.107885352475166e-05,1.4481978573008628e-06,-5.698558474180509e-11,2,"[0.00277128879627829, 0.0321037091026887, 0.42370555555555556, 1.0, 1]",0.0
0.42413333333333336,0,-7.17357545878518e-05,1.460167111744596e-06,-5.7935529363191936e-11,2,"[0.002812038053773891, 0.03216482021379981, 0.42413333333333336, 1.0, 1]",0.0
0.42456111111111117,0,-7.239468891569818e-05,1.4721987828239037e-06,-5.889838982783975e-11,2,"[0.0028529337063312177, 0.03222593132491092, 0.42456111111111117, 1.0, 1]",0.0
0.42498888888888886,0,-7.30556565082908e-05,1.484293027100167e-06,-5.987430379720592e-11,2,"[0.0028939757539502564, 0.032287042436022026, 0.42498888888888886, 1.0, 1]",0.0
0.42541666666666667,0,-7.371865736562966e-05,1.4964500011347778e-06,-6.086341001224923e-11,2,"[0.002935164196631035, 0.032348153547133135, 0.42541666666666667, 1.0, 1]",0.0
0.42584444444444447,0,-7.438369148771477e-05,1.508669861489115e-06,-6.186584829897074e-11,2,"[0.0029764990343735392, 0.03240926465824426, 0.42584444444444447, 1.0, 1]",0.0
0.4262722222222223,0,-7.50507588745459e-05,1.520952764724573e-06,-6.28817595739727e-11,2,"[0.0030179802671777695, 0.03247037576935537, 0.4262722222222223, 1.0, 1]",0.0
0.42669999999999997,0,-7.571985952612326e-05,1.5332988674025268e-06,-6.391128585002633e-11,2,"[0.0030596078950437255, 0.03253148688046646, 0.42669999999999997, 1.0, 1]",0.0
0.4271277777777778,0,-7.639099344244709e-05,1.5457083260843721e-06,-6.49545702416599e-11,2,"[0.0031013819179714214, 0.032592597991577585, 0.4271277777777778, 1.0, 1]",0.0
0.4275555555555556,0,-7.706416062351715e-05,1.5581812973314895e-06,-6.601175697075428e-11,2,"[0.003143302335960843, 0.032653709102688694, 0.4275555555555556, 1.0, 1]",0.0
0.4279833333333334,0,-7.773936106933324e-05,1.570717937705261e-06,-6.708299137215703e-11,2,"[0.0031853691490119906, 0.03271482021379982, 0.4279833333333334, 1.0, 1]",0.0
0.4284111111111112,0,-7.841659477989579e-05,1.5833184037670784e-06,-6.816841989930976e-11,2,"[0.003227582357124864, 0.032775931324910926, 0.4284111111111112, 1.0, 1]",0.0
0.4288388888888889,0,-7.909586175520436e-05,1.5959828520783216e-06,-6.92681901298869e-11,2,"[0.0032699419602994634, 0.03283704243602202, 0.4288388888888889, 1.0, 1]",0.0
0.4292666666666667,0,-7.977716199525917e-05,1.6087114392003792e-06,-7.038245077145208e-11,2,"[0.0033124479585357886, 0.032898153547133144, 0.4292666666666667, 1.0, 1]",0.0
0.4296944444444445,0,-8.046049550006044e-05,1.6215043216946364e-06,-7.151135166712572e-11,2,"[0.0033551003518338673, 0.03295926465824425, 0.4296944444444445, 1.0, 1]",0.0
0.4301222222222223,0,-8.114586226960774e-05,1.6343616561224795e-06,-7.2655043801268e-11,2,"[0.0033978991401936443, 0.033020375769355376, 0.4301222222222223, 1.0, 1]",0.0
0.43055,0,-8.183326230390105e-05,1.6472835990452913e-06,-7.381367930517514e-11,2,"[0.003440844323615161, 0.03308148688046647, 0.43055, 1.0, 1]",0.0
0.4309777777777778,0,-8.252269560294105e-05,1.6602703070244597e-06,-7.498741146279065e-11,2,"[0.0034839359020984173, 0.03314259799157758, 0.4309777777777778, 1.0, 1]",0.0
0.4314055555555556,0,-8.321416216672728e-05,1.6733219366213722e-06,-7.617639471642945e-11,2,"[0.0035271738756433857, 0.0332037091026887, 0.4314055555555556, 1.0, 1]",0.0
0.4318333333333334,0,-8.390766199525932e-05,1.6864386443974061e-06,-7.738078467251567e-11,2,"[0.00357055824425008, 0.03326482021379981, 0.4318333333333334, 1.0, 1]",0.0
0.4322611111111111,0,-8.460319508853782e-05,1.699620586913952e-06,-7.860073810733724e-11,2,"[0.003614089007918514, 0.03332593132491091, 0.4322611111111111, 1.0, 1]",0.0
0.4326888888888889,0,-8.530076144656234e-05,1.7128679207324015e-06,-7.983641297281132e-11,2,"[0.003657766166648674, 0.03338704243602203, 0.4326888888888889, 1.0, 1]",0.0
0.4331166666666667,0,-8.600036106933332e-05,1.7261808024141302e-06,-8.108796840226344e-11,2,"[0.0037015897204405596, 0.03344815354713314, 0.4331166666666667, 1.0, 1]",0.0
0.4335444444444445,0,-8.670199395685032e-05,1.7395593885205294e-06,-8.235556471622485e-11,2,"[0.003745559669294185, 0.03350926465824426, 0.4335444444444445, 1.0, 1]",0.0
0.4339722222222222,0,-8.740566010911378e-05,1.7530038356129774e-06,-8.363936342823842e-11,2,"[0.0037896760132095086, 0.03357037576935536, 0.4339722222222222, 1.0, 1]",0.0
0.4344,0,-8.811135952612348e-05,1.766514300252869e-06,-8.493952725068393e-11,2,"[0.003833938752186586, 0.033631486880466466, 0.4344, 1.0, 1]",0.0
0.4348277777777778,0,-8.881909220787921e-05,1.7800909390015856e-06,-8.625622010061193e-11,2,"[0.003878347886225403, 0.03369259799157759, 0.4348277777777778, 1.0, 1]",0.0
0.4352555555555556,0,-8.952885815438139e-05,1.7937339084205123e-06,-8.75896071055956e-11,2,"[0.003922903415325918, 0.0337537091026887, 0.4352555555555556, 1.0, 1]",0.0
0.4356833333333333,0,-9.02406573656296e-05,1.8074433650710306e-06,-8.893985460959482e-11,2,"[0.003967605339488173, 0.03381482021379981, 0.4356833333333333, 1.0, 1]",0.0
0.4361111111111111,0,-9.095448984162426e-05,1.8212194655145382e-06,-9.030713017883648e-11,2,"[0.004012453658712181, 0.033875931324910916, 0.4361111111111111, 1.0, 1]",0.0
0.4365388888888889,0,-9.167035558236495e-05,1.8350623663124053e-06,-9.169160260770274e-11,2,"[0.004057448372997888, 0.033937042436022025, 0.4365388888888889, 1.0, 1]",0.0
0.4369666666666667,0,-9.238825458785188e-05,1.8489722240260287e-06,-9.309344192464285e-11,2,"[0.00410258948234532, 0.03399815354713315, 0.4369666666666667, 1.0, 1]",0.0
0.4373944444444444,0,-9.310818685808505e-05,1.8629491952167865e-06,-9.451281939808911e-11,2,"[0.004147876986754492, 0.03405926465824424, 0.4373944444444444, 1.0, 1]",0.0
0.4378222222222222,0,-9.383015239306446e-05,1.87699343644607e-06,-9.59499075423946e-11,2,"[0.00419331088622539, 0.03412037576935535, 0.4378222222222222, 1.0, 1]",0.0
0.43825000000000003,0,-9.455415119279012e-05,1.8911051042752608e-06,-9.740488012377926e-11,2,"[0.004238891180758014, 0.034181486880466475, 0.43825000000000003, 1.0, 1]",0.0
0.43867777777777783,0,-9.528018325726201e-05,1.9052843552657465e-06,-9.887791216629405e-11,2,"[0.004284617870352378, 0.034242597991577584, 0.43867777777777783, 1.0, 1]",0.0
0.4391055555555555,0,-9.600824858647993e-05,1.9195313459789085e-06,-1.0036917995779603e-10,2,"[0.004330490955008454, 0.03430370910268868, 0.4391055555555555, 1.0, 1]",0.0
0.43953333333333333,0,-9.673834718044452e-05,1.933846232976141e-06,-1.0187886105594099e-10,2,"[0.004376510434726269, 0.0343648202137998, 0.43953333333333333, 1.0, 1]",0.0
0.43996111111111114,0,-9.747047903915513e-05,1.9482291728188223e-06,-1.0340713429418461e-10,2,"[0.004422676309505824, 0.03442593132491091, 0.43996111111111114, 1.0, 1]",0.0
0.44038888888888894,0,-9.820464416261177e-05,1.9626803220683376e-06,-1.0495417978780349e-10,2,"[0.004468988579347091, 0.03448704243602203, 0.44038888888888894, 1.0, 1]",0.0
0.44081666666666663,0,-9.894084255081465e-05,1.9771998372860714e-06,-1.0652017893992672e-10,2,"[0.004515447244250084, 0.03454815354713313, 0.44081666666666663, 1.0, 1]",0.0
0.44124444444444444,0,-9.967907420376399e-05,1.9917878750334175e-06,-1.0810531444758338e-10,2,"[0.004562052304214817, 0.03460926465824424, 0.44124444444444444, 1.0, 1]",0.0
0.44167222222222224,0,-0.00010041933912145957,2.0064445918717566e-06,-1.0970977030776058e-10,2,"[0.004608803759241276, 0.03467037576935536, 0.44167222222222224, 1.0, 1]",0.0
0.44210000000000005,0,-0.00010116163730390117,2.021170144362472e-06,-1.1133373182347941e-10,2,"[0.004655701609329446, 0.03473148688046647, 0.44210000000000005, 1.0, 1]",0.0
0.44252777777777785,0,-0.00010190596875108923,2.035964689066948e-06,-1.1297738560988338e-10,2,"[0.0047027458544793704, 0.03479259799157759, 0.44252777777777785, 1.0, 1]",0.0
0.44295555555555555,0,-0.0001026523334630231,2.050828382546568e-06,-1.1464091960034043e-10,2,"[0.004749936494690993, 0.03485370910268869, 0.44295555555555555, 1.0, 1]",0.0
0.44338333333333335,0,-0.00010340073143970364,2.06576138136273e-06,-1.1632452305256108e-10,2,"[0.004797273529964369, 0.034914820213799796, 0.44338333333333335, 1.0, 1]",0.0
0.44381111111111116,0,-0.0001041511626811302,2.0807638420768123e-06,-1.1802838655472507e-10,2,"[0.0048447569602994706, 0.03497593132491092, 0.44381111111111116, 1.0, 1]",0.0
0.44423888888888896,0,-0.00010490362718730323,2.0958359212501954e-06,-1.1975270203162815e-10,2,"[0.004892386785696298, 0.03503704243602203, 0.44423888888888896, 1.0, 1]",0.0
0.44466666666666665,0,-0.00010565812495822206,2.1109777754442694e-06,-1.214976627508411e-10,2,"[0.004940163006154838, 0.03509815354713314, 0.44466666666666665, 1.0, 1]",0.0
0.44509444444444446,0,-0.00010641465599388756,2.1261895612204177e-06,-1.2326346332888056e-10,2,"[0.004988085621675131, 0.035159264658244246, 0.44509444444444446, 1.0, 1]",0.0
0.44552222222222226,0,-0.00010717322029429909,2.1414714351400323e-06,-1.2505029973739677e-10,2,"[0.00503615463225715, 0.035220375769355355, 0.44552222222222226, 1.0, 1]",0.0
0.44595000000000007,0,-0.00010793381785945686,2.156823553764495e-06,-1.26858369309372e-10,2,"[0.005084370037900882, 0.03528148688046648, 0.44595000000000007, 1.0, 1]",0.0
0.44637777777777776,0,-0.00010869644868936087,2.1722460736551807e-06,-1.2868787074533527e-10,2,"[0.0051327318386063525, 0.03534259799157757, 0.44637777777777776, 1.0, 1]",0.0
0.44680555555555557,0,-0.0001094611127840109,2.18773915137349e-06,-1.305390041195942e-10,2,"[0.005181240034373549, 0.035403709102688696, 0.44680555555555557, 1.0, 1]",0.0
0.44723333333333337,0,-0.0001102278101434074,2.2033029434808038e-06,-1.3241197088647243e-10,2,"[0.005229894625202458, 0.035464820213799805, 0.44723333333333337, 1.0, 1]",0.0
0.4476611111111112,0,-0.00011099654076755013,2.218937606538504e-06,-1.3430697388656794e-10,2,"[0.005278695611093134, 0.035525931324910914, 0.4476611111111112, 1.0, 1]",0.0
0.44808888888888887,0,-0.00011176730465643889,2.234643297107976e-06,-1.3622421735302398e-10,2,"[0.005327642992045495, 0.03558704243602202, 0.44808888888888887, 1.0, 1]",0.0
0.4485166666666667,0,-0.0001125401018100741,2.2504201717506127e-06,-1.3816390691781367e-10,2,"[0.005376736768059609, 0.03564815354713313, 0.4485166666666667, 1.0, 1]",0.0
0.4489444444444445,0,-0.00011331493222845534,2.2662683870277895e-06,-1.4012624961803527e-10,2,"[0.005425976939135449, 0.035709264658244255, 0.4489444444444445, 1.0, 1]",0.0
0.4493722222222223,0,-0.00011409179591158303,2.2821880995009044e-06,-1.4211145390222954e-10,2,"[0.005475363505273015, 0.035770375769355364, 0.4493722222222223, 1.0, 1]",0.0
0.4498,0,-0.00011487069285945675,2.298179465731326e-06,-1.4411972963669933e-10,2,"[0.005524896466472293, 0.03583148688046646, 0.4498, 1.0, 1]",0.0
0.4502277777777778,0,-0.00011565162307207672,2.314242642280455e-06,-1.461512881118577e-10,2,"[0.005574575822733338, 0.03589259799157758, 0.4502277777777778, 1.0, 1]",0.0
0.4506555555555556,0,-0.00011643458654944313,2.330377785709672e-06,-1.482063420485756e-10,2,"[0.0056244015740560815, 0.03595370910268869, 0.4506555555555556, 1.0, 1]",0.0
0.4510833333333334,0,-0.00011721958329155579,2.3465850525803566e-06,-1.502851056045524e-10,2,"[0.005674373720440565, 0.036014820213799814, 0.4510833333333334, 1.0, 1]",0.0
0.4515111111111111,0,-0.00011800661329841426,2.3628645994538986e-06,-1.5238779438069978e-10,2,"[0.005724492261886774, 0.03607593132491091, 0.4515111111111111, 1.0, 1]",0.0
0.4519388888888889,0,-0.00011879567657001918,2.3792165828916867e-06,-1.5451462542753633e-10,2,"[0.005774757198394709, 0.03613704243602202, 0.4519388888888889, 1.0, 1]",0.0
0.4523666666666667,0,-0.00011958677310637035,2.3956411594551048e-06,-1.5666581725159742e-10,2,"[0.00582516852996437, 0.03619815354713314, 0.4523666666666667, 1.0, 1]",0.0
0.4527944444444445,0,-0.00012037990290746775,2.4121384857055377e-06,-1.5884158982186016e-10,2,"[0.00587572625659577, 0.03625926465824425, 0.4527944444444445, 1.0, 1]",0.0
0.4532222222222222,0,-0.00012117506597331118,2.428708718204365e-06,-1.610421645761807e-10,2,"[0.005926430378288883, 0.036320375769355345, 0.4532222222222222, 1.0, 1]",0.0
0.45365,0,-0.00012197226230390129,2.445352013512977e-06,-1.6326776442774866e-10,2,"[0.005977280895043721, 0.03638148688046647, 0.45365, 1.0, 1]",0.0
0.4540777777777778,0,-0.0001227714918992372,2.462068528192766e-06,-1.6551861377155213e-10,2,"[0.006028277806860327, 0.03644259799157758, 0.4540777777777778, 1.0, 1]",0.0
0.4545055555555556,0,-0.00012357275475931957,2.4788584188051097e-06,-1.6779493849085574e-10,2,"[0.006079421113738631, 0.0365037091026887, 0.4545055555555556, 1.0, 1]",0.0
0.4549333333333333,0,-0.00012437605088414796,2.4957218419113897e-06,-1.700969659636971e-10,2,"[0.006130710815678647, 0.036564820213799795, 0.4549333333333333, 1.0, 1]",0.0
0.4553611111111111,0,-0.0001251813802737228,2.5126589540730008e-06,-1.7242492506939642e-10,2,"[0.006182146912680417, 0.036625931324910904, 0.4553611111111111, 1.0, 1]",0.0
0.4557888888888889,0,-0.0001259887429280439,2.5296699118513197e-06,-1.7477904619507454e-10,2,"[0.006233729404743912, 0.03668704243602203, 0.4557888888888889, 1.0, 1]",0.0
0.4562166666666667,0,-0.00012679813884711123,2.5467548718077444e-06,-1.7715956124219415e-10,2,"[0.006285458291869134, 0.036748153547133136, 0.4562166666666667, 1.0, 1]",0.0
0.4566444444444445,0,-0.0001276095680309248,2.5639139905036507e-06,-1.795667036331043e-10,2,"[0.006337333574056095, 0.03680926465824426, 0.4566444444444445, 1.0, 1]",0.0
0.4570722222222222,0,-0.00012842303047948397,2.5811474245004163e-06,-1.8200070831760756e-10,2,"[0.006389355251304754, 0.036870375769355354, 0.4570722222222222, 1.0, 1]",0.0
0.4575,0,-0.00012923852619279024,2.598455330359445e-06,-1.8446181177954185e-10,2,"[0.006441523323615167, 0.03693148688046646, 0.4575, 1.0, 1]",0.0
0.4579277777777778,0,-0.00013005605517084232,2.6158378646421117e-06,-1.8695025204336476e-10,2,"[0.006493837790987306, 0.036992597991577586, 0.4579277777777778, 1.0, 1]",0.0
0.4583555555555556,0,-0.00013087561741364064,2.633295183909808e-06,-1.8946626868076598e-10,2,"[0.00654629865342117, 0.037053709102688695, 0.4583555555555556, 1.0, 1]",0.0
0.4587833333333333,0,-0.00013169721292118498,2.650827444723905e-06,-1.9201010281728227e-10,2,"[0.006598905910916733, 0.037114820213799804, 0.4587833333333333, 1.0, 1]",0.0
0.4592111111111111,0,-0.000132520841693476,2.6684348036458045e-06,-1.9458199713893886e-10,2,"[0.006651659563474077, 0.03717593132491091, 0.4592111111111111, 1.0, 1]",0.0
0.45963888888888893,0,-0.00013334650373051325,2.6861174172368833e-06,-1.9718219589888967e-10,2,"[0.006704559611093119, 0.03723704243602202, 0.45963888888888893, 1.0, 1]",0.0
0.46006666666666673,0,-0.00013417419903229632,2.7038754420585335e-06,-1.9981094492408483e-10,2,"[0.006757606053773901, 0.037298153547133145, 0.46006666666666673, 1.0, 1]",0.0
0.46049444444444443,0,-0.00013500392759882563,2.721709034672127e-06,-2.024684916219422e-10,2,"[0.006810798891516395, 0.03735926465824424, 0.46049444444444443, 1.0, 1]",0.0
0.46092222222222223,0,-0.0001358356894301014,2.7396183516390675e-06,-2.051550849870446e-10,2,"[0.006864138124320629, 0.03742037576935536, 0.46092222222222223, 1.0, 1]",0.0
0.46135000000000004,0,-0.0001366694845261236,2.757603549520729e-06,-2.0787097560783517e-10,2,"[0.0069176237521865885, 0.03748148688046647, 0.46135000000000004, 1.0, 1]",0.0
0.46177777777777784,0,-0.00013750531288689164,2.775664784878497e-06,-2.106164156733411e-10,2,"[0.006971255775114288, 0.03754259799157758, 0.46177777777777784, 1.0, 1]",0.0
0.46220555555555554,0,-0.0001383431745124059,2.7938022142737577e-06,-2.133916589799045e-10,2,"[0.007025034193103685, 0.03760370910268869, 0.46220555555555554, 1.0, 1]",0.0
0.46263333333333334,0,-0.00013918306940266642,2.812015994267903e-06,-2.161969609379292e-10,2,"[0.007078959006154836, 0.0376648202137998, 0.46263333333333334, 1.0, 1]",0.0
0.46306111111111115,0,-0.0001400249975576736,2.830306281422311e-06,-2.1903257857863752e-10,2,"[0.007133030214267727, 0.03772593132491092, 0.46306111111111115, 1.0, 1]",0.0
0.46348888888888895,0,-0.0001408689589774268,2.848673232298369e-06,-2.2189877056084792e-10,2,"[0.00718724781744233, 0.03778704243602203, 0.46348888888888895, 1.0, 1]",0.0
0.46391666666666664,0,-0.00014171495366192583,2.8671170034574634e-06,-2.2479579717776195e-10,2,"[0.007241611815678645, 0.037848153547133126, 0.46391666666666664, 1.0, 1]",0.0
0.46434444444444445,0,-0.0001425629816111713,2.8856377514609805e-06,-2.2772392036376565e-10,2,"[0.007296122208976713, 0.03790926465824425, 0.46434444444444445, 1.0, 1]",0.0
0.46477222222222225,0,-0.00014341304282516323,2.904235632870307e-06,-2.3068340370124625e-10,2,"[0.007350778997336507, 0.03797037576935536, 0.46477222222222225, 1.0, 1]",0.0
0.46520000000000006,0,-0.0001442651373039014,2.9229108042468244e-06,-2.3367451242742097e-10,2,"[0.007405582180758041, 0.03803148688046648, 0.46520000000000006, 1.0, 1]",0.0
0.46562777777777775,0,-0.00014511926504738538,2.9416634221519156e-06,-2.366975134411822e-10,2,"[0.0074605317592412596, 0.038092597991577576, 0.46562777777777775, 1.0, 1]",0.0
0.46605555555555556,0,-0.00014597542605561604,2.960493643146974e-06,-2.3975267530995693e-10,2,"[0.007515627732786245, 0.038153709102688685, 0.46605555555555556, 1.0, 1]",0.0
0.46648333333333336,0,-0.00014683362032859271,2.979401623793382e-06,-2.428402682765753e-10,2,"[0.007570870101392943, 0.03821482021379981, 0.46648333333333336, 1.0, 1]",0.0
0.46691111111111117,0,-0.00014769384786631563,2.9983875206525233e-06,-2.4596056426615843e-10,2,"[0.0076262588650613805, 0.03827593132491092, 0.46691111111111117, 1.0, 1]",0.0
0.46733888888888886,0,-0.00014855610866878436,3.01745149028578e-06,-2.4911383689301824e-10,2,"[0.007681794023791516, 0.03833704243602201, 0.46733888888888886, 1.0, 1]",0.0
0.46776666666666666,0,-0.00014942040273599997,3.0365936892545484e-06,-2.523003614675738e-10,2,"[0.007737475577583405, 0.038398153547133135, 0.46776666666666666, 1.0, 1]",0.0
0.46819444444444447,0,-0.00015028673006796161,3.0558142741202058e-06,-2.555204150032736e-10,2,"[0.007793303526437048, 0.038459264658244244, 0.46819444444444447, 1.0, 1]",0.0
0.4686222222222223,0,-0.0001511550906646695,3.0751134014441407e-06,-2.5877427622354307e-10,2,"[0.007849277870352375, 0.03852037576935537, 0.4686222222222223, 1.0, 1]",0.0
0.4690500000000001,0,-0.00015202548452612362,3.0944912277877388e-06,-2.620622255687377e-10,2,"[0.00790539860932947, 0.038581486880466476, 0.4690500000000001, 1.0, 1]",0.0
0.46947777777777777,0,-0.00015289791165232376,3.1139479097123733e-06,-2.6538454520311146e-10,2,"[0.007961665743368249, 0.03864259799157757, 0.46947777777777777, 1.0, 1]",0.0
0.4699055555555556,0,-0.00015377237204327037,3.133483603779451e-06,-2.687415190218087e-10,2,"[0.008018079272468781, 0.038703709102688694, 0.4699055555555556, 1.0, 1]",0.0
0.4703333333333334,0,-0.000154648865698963,3.153098466550344e-06,-2.721334326578504e-10,2,"[0.008074639196631053, 0.0387648202137998, 0.4703333333333334, 1.0, 1]",0.0
0.4707611111111112,0,-0.00015552739261940208,3.172792654586442e-06,-2.7556057348915477e-10,2,"[0.008131345515855037, 0.038825931324910926, 0.4707611111111112, 1.0, 1]",0.0
0.4711888888888889,0,-0.00015640795280458697,3.192566324449119e-06,-2.790232306455577e-10,2,"[0.008188198230140734, 0.03888704243602202, 0.4711888888888889, 1.0, 1]",0.0
0.4716166666666667,0,-0.00015729054625451854,3.212419632699783e-06,-2.825216950158616e-10,2,"[0.008245197339488197, 0.03894815354713313, 0.4716166666666667, 1.0, 1]",0.0
0.4720444444444445,0,-0.00015817517296919613,3.232352735899799e-06,-2.860562592548748e-10,2,"[0.008302342843897359, 0.03900926465824425, 0.4720444444444445, 1.0, 1]",0.0
0.4724722222222223,0,-0.00015906183294862018,3.2523657906105665e-06,-2.896272177904944e-10,2,"[0.00835963474336826, 0.03907037576935536, 0.4724722222222223, 1.0, 1]",0.0
0.4729,0,-0.00015995052619279004,3.2724589533934566e-06,-2.932348668307758e-10,2,"[0.008417073037900874, 0.03913148688046647, 0.4729, 1.0, 1]",0.0
0.4733277777777778,0,-0.00016084125270170657,3.292632380809872e-06,-2.9687950437104017e-10,2,"[0.008474657727495241, 0.03919259799157758, 0.4733277777777778, 1.0, 1]",0.0
0.4737555555555556,0,-0.00016173401247536912,3.3128862294211863e-06,-3.0056143020097305e-10,2,"[0.00853238881215132, 0.03925370910268869, 0.4737555555555556, 1.0, 1]",0.0
0.4741833333333334,0,-0.00016262880551377791,3.3332206557887865e-06,-3.042809459117558e-10,2,"[0.008590266291869153, 0.03931482021379981, 0.4741833333333334, 1.0, 1]",0.0
0.4746111111111111,0,-0.00016352563181693252,3.3536358164740537e-06,-3.0803835490320003e-10,2,"[0.00864829016664867, 0.03937593132491091, 0.4746111111111111, 1.0, 1]",0.0
0.4750388888888889,0,-0.000164424491384834,3.3741318680383867e-06,-3.11833962390904e-10,2,"[0.00870646043648994, 0.03943704243602203, 0.4750388888888889, 1.0, 1]",0.0
0.4754666666666667,0,-0.00016532538421748153,3.3947089670431617e-06,-3.156680754134106e-10,2,"[0.008764777101392951, 0.03949815354713314, 0.4754666666666667, 1.0, 1]",0.0
0.4758944444444445,0,-0.00016622831031487529,3.415367270049768e-06,-3.1954100283939415e-10,2,"[0.008823240161357673, 0.03955926465824425, 0.4758944444444445, 1.0, 1]",0.0
0.4763222222222222,0,-0.00016713326967701507,3.4361069336195805e-06,-3.23453055374849e-10,2,"[0.008881849616384108, 0.03962037576935536, 0.4763222222222222, 1.0, 1]",0.0
0.47675,0,-0.0001680402623039013,3.456928114313997e-06,-3.274045455703042e-10,2,"[0.008940605466472323, 0.039681486880466466, 0.47675, 1.0, 1]",0.0
0.4771777777777778,0,-0.00016894928819553357,3.4778309686944036e-06,-3.313957878280389e-10,2,"[0.008999507711622223, 0.03974259799157759, 0.4771777777777778, 1.0, 1]",0.0
0.4776055555555556,0,-0.0001698603473519123,3.4988156533221794e-06,-3.354270984093192e-10,2,"[0.009058556351833863, 0.0398037091026887, 0.4776055555555556, 1.0, 1]",0.0
0.4780333333333333,0,-0.00017077343977303682,3.5198823247587033e-06,-3.3949879544164887e-10,2,"[0.009117751387107229, 0.03986482021379979, 0.4780333333333333, 1.0, 1]",0.0
0.4784611111111111,0,-0.00017168856545890802,3.5410311395653797e-06,-3.436111989260384e-10,2,"[0.009177092817442334, 0.039925931324910915, 0.4784611111111111, 1.0, 1]",0.0
0.4788888888888889,0,-0.00017260572440952547,3.5622622543035777e-06,-3.4776463074427105e-10,2,"[0.009236580642839151, 0.039987042436022024, 0.4788888888888889, 1.0, 1]",0.0
0.4793166666666667,0,-0.00017352491662488915,3.5835758255346935e-06,-3.519594146662063e-10,2,"[0.009296214863297722, 0.04004815354713315, 0.4793166666666667, 1.0, 1]",0.0
0.4797444444444444,0,-0.00017444614210499843,3.6049720098200962e-06,-3.5619587635707546e-10,2,"[0.009355995478817977, 0.04010926465824424, 0.4797444444444444, 1.0, 1]",0.0
0.4801722222222222,0,-0.0001753694008498546,3.6264509637211935e-06,-3.604743433848144e-10,2,"[0.009415922489399986, 0.04017037576935535, 0.4801722222222222, 1.0, 1]",0.0
0.4806,0,-0.00017629469285945678,3.648012843799354e-06,-3.6479514522738167e-10,2,"[0.009475995895043748, 0.040231486880466474, 0.4806, 1.0, 1]",0.0
0.48102777777777783,0,-0.0001772220181338052,3.669657806615974e-06,-3.6915861328011933e-10,2,"[0.009536215695749209, 0.04029259799157758, 0.48102777777777783, 1.0, 1]",0.0
0.4814555555555555,0,-0.00017815137667289967,3.691386008732426e-06,-3.7356508086310505e-10,2,"[0.009596581891516381, 0.04035370910268868, 0.4814555555555555, 1.0, 1]",0.0
0.48188333333333333,0,-0.00017908276847674058,3.7131976067101108e-06,-3.7801488322853783e-10,2,"[0.009657094482345321, 0.0404148202137998, 0.48188333333333333, 1.0, 1]",0.0
0.48231111111111113,0,-0.00018001619354532773,3.7350927571104043e-06,-3.82508357568117e-10,2,"[0.009717753468235973, 0.04047593132491091, 0.48231111111111113, 1.0, 1]",0.0
0.48273888888888894,0,-0.00018095165187866113,3.7570716164946943e-06,-3.8704584302045357e-10,2,"[0.009778558849188351, 0.04053704243602203, 0.48273888888888894, 1.0, 1]",0.0
0.48316666666666674,0,-0.00018188914347674098,3.7791343414243655e-06,-3.916276806784848e-10,2,"[0.009839510625202483, 0.04059815354713314, 0.48316666666666674, 1.0, 1]",0.0
0.48359444444444444,0,-0.00018282866833956642,3.8012810884608015e-06,-3.96254213596906e-10,2,"[0.009900608796278298, 0.04065926465824424, 0.48359444444444444, 1.0, 1]",0.0
0.48402222222222224,0,-0.00018377022646713854,3.823512014165394e-06,-4.009257867996189e-10,2,"[0.009961853362415868, 0.04072037576935536, 0.48402222222222224, 1.0, 1]",0.0
0.48445000000000005,0,-0.0001847138178594569,3.845827275099528e-06,-4.056427472871874e-10,2,"[0.010023244323615177, 0.04078148688046647, 0.48445000000000005, 1.0, 1]",0.0
0.48487777777777785,0,-0.0001856594425165215,3.86822702782458e-06,-4.104054440443118e-10,2,"[0.010084781679876198, 0.04084259799157759, 0.48487777777777785, 1.0, 1]",0.0
0.48530555555555555,0,-0.0001866071004383319,3.890711428901936e-06,-4.1521422804731886e-10,2,"[0.010146465431198931, 0.04090370910268869, 0.48530555555555555, 1.0, 1]",0.0
0.48573333333333335,0,-0.00018755679162488898,3.913280634892999e-06,-4.200694522716665e-10,2,"[0.010208295577583432, 0.040964820213799796, 0.48573333333333335, 1.0, 1]",0.0
0.48616111111111115,0,-0.00018850851607619208,3.935934802359135e-06,-4.249714716994473e-10,2,"[0.01027027211902963, 0.04102593132491092, 0.48616111111111115, 1.0, 1]",0.0
0.48658888888888896,0,-0.00018946227379224164,3.958674087861739e-06,-4.2992064332693217e-10,2,"[0.010332395055537569, 0.04108704243602203, 0.48658888888888896, 1.0, 1]",0.0
0.48701666666666665,0,-0.000190418064773037,3.9814986479621885e-06,-4.349173261721044e-10,2,"[0.010394664387107233, 0.04114815354713314, 0.48701666666666665, 1.0, 1]",0.0
0.48744444444444446,0,-0.00019137588901857905,4.004408639221879e-06,-4.399618812822245e-10,2,"[0.010457080113738623, 0.041209264658244246, 0.48744444444444446, 1.0, 1]",0.0
0.48787222222222226,0,-0.00019233574652886712,4.027404218202193e-06,-4.450546717413953e-10,2,"[0.01051964223543174, 0.041270375769355355, 0.48787222222222226, 1.0, 1]",0.0
0.48830000000000007,0,-0.00019329763730390143,4.050485541464515e-06,-4.50196062678151e-10,2,"[0.010582350752186609, 0.04133148688046648, 0.48830000000000007, 1.0, 1]",0.0
0.48872777777777776,0,-0.00019426156134368154,4.073652765570223e-06,-4.5538642127305474e-10,2,"[0.010645205664003177, 0.04139259799157757, 0.48872777777777776, 1.0, 1]",0.0
0.48915555555555557,0,-0.00019522751864820855,4.096906047080712e-06,-4.6062611676631764e-10,2,"[0.01070820697088147, 0.041453709102688696, 0.48915555555555557, 1.0, 1]",0.0
0.48958333333333337,0,-0.00019619550921748158,4.1202455425573665e-06,-4.659155204654196e-10,2,"[0.010771354672821531, 0.041514820213799805, 0.48958333333333337, 1.0, 1]",0.0
0.4900111111111112,0,-0.00019716553305150063,4.143671408561571e-06,-4.712550057527541e-10,2,"[0.010834648769823277, 0.041575931324910914, 0.4900111111111112, 1.0, 1]",0.0
0.49043888888888887,0,-0.00019813759015026614,4.167183801654704e-06,-4.766449480932816e-10,2,"[0.010898089261886762, 0.04163704243602202, 0.49043888888888887, 1.0, 1]",0.0
0.4908666666666667,0,-0.00019911168051377768,4.190782878398163e-06,-4.820857250422062e-10,2,"[0.010961676149012, 0.04169815354713313, 0.4908666666666667, 1.0, 1]",0.0
0.4912944444444445,0,-0.00020008780414203567,4.214468795353325e-06,-4.87577716252648e-10,2,"[0.011025409431198938, 0.041759264658244255, 0.4912944444444445, 1.0, 1]",0.0
0.4917222222222223,0,-0.0002010659610350399,4.238241709081584e-06,-4.931213034833515e-10,2,"[0.011089289108447628, 0.041820375769355364, 0.4917222222222223, 1.0, 1]",0.0
0.49215,0,-0.00020204615119279016,4.262101776144308e-06,-4.987168706063858e-10,2,"[0.011153315180758017, 0.04188148688046646, 0.49215, 1.0, 1]",0.0
0.4925777777777778,0,-0.00020302837461528666,4.286049153102904e-06,-5.043648036148856e-10,2,"[0.011217487648130159, 0.04194259799157758, 0.4925777777777778, 1.0, 1]",0.0
0.4930055555555556,0,-0.00020401263130252962,4.310083996518742e-06,-5.100654906307729e-10,2,"[0.011281806510564013, 0.04200370910268869, 0.4930055555555556, 1.0, 1]",0.0
0.4934333333333334,0,-0.0002049989212545186,4.334206462953214e-06,-5.158193219125253e-10,2,"[0.011346271768059621, 0.042064820213799814, 0.4934333333333334, 1.0, 1]",0.0
0.4938611111111111,0,-0.00020598724447125382,4.358416708967702e-06,-5.21626689862934e-10,2,"[0.011410883420616927, 0.04212593132491091, 0.4938611111111111, 1.0, 1]",0.0
0.4942888888888889,0,-0.00020697760095273528,4.382714891123599e-06,-5.274879890368931e-10,2,"[0.011475641468235973, 0.04218704243602202, 0.4942888888888889, 1.0, 1]",0.0
0.4947166666666667,0,-0.00020796999069896298,4.407101165982283e-06,-5.334036161491858e-10,2,"[0.011540545910916772, 0.04224815354713314, 0.4947166666666667, 1.0, 1]",0.0
0.4951444444444445,0,-0.00020896441370993714,4.4315756901051445e-06,-5.39373970082303e-10,2,"[0.01160559674865927, 0.04230926465824425, 0.4951444444444445, 1.0, 1]",0.0
0.4955722222222222,0,-0.0002099608699856569,4.456138620053558e-06,-5.453994518942584e-10,2,"[0.011670793981463479, 0.042370375769355345, 0.4955722222222222, 1.0, 1]",0.0
0.496,0,-0.00021095935952612332,4.48079011238892e-06,-5.514804648264362e-10,2,"[0.011736137609329456, 0.04243148688046647, 0.496, 1.0, 1]",0.0
0.4964277777777778,0,-0.00021195988233133599,4.505530323672619e-06,-5.576174143114343e-10,2,"[0.011801627632257145, 0.04249259799157758, 0.4964277777777778, 1.0, 1]",0.0
0.4968555555555556,0,-0.0002129624384012951,4.5303594104660365e-06,-5.63810707980931e-10,2,"[0.01186726405024656, 0.0425537091026887, 0.4968555555555556, 1.0, 1]",0.0
0.4972833333333334,0,-0.00021396702773600026,4.555277529330545e-06,-5.700607556735634e-10,2,"[0.011933046863297714, 0.04261482021379981, 0.4972833333333334, 1.0, 1]",0.0
0.4977111111111111,0,-0.0002149736503354512,4.580284836827545e-06,-5.763679694428299e-10,2,"[0.01199897607141058, 0.042675931324910904, 0.4977111111111111, 1.0, 1]",0.0
0.4981388888888889,0,-0.00021598230619964862,4.605381489518418e-06,-5.827327635649864e-10,2,"[0.012065051674585173, 0.04273704243602203, 0.4981388888888889, 1.0, 1]",0.0
0.4985666666666667,0,-0.0002169929953285927,4.6305676439645535e-06,-5.891555545469743e-10,2,"[0.012131273672821533, 0.042798153547133136, 0.4985666666666667, 1.0, 1]",0.0
0.4989944444444445,0,-0.00021800571772228282,4.6558434567273316e-06,-5.956367611343515e-10,2,"[0.01219764206611959, 0.04285926465824426, 0.4989944444444445, 1.0, 1]",0.0
0.4994222222222222,0,-0.00021902047338071874,4.681209084368135e-06,-6.021768043192444e-10,2,"[0.01226415685447936, 0.042920375769355354, 0.4994222222222222, 1.0, 1]",0.0
0.49985,0,-0.00022003726230390133,4.706664683448352e-06,-6.08776107348314e-10,2,"[0.012330818037900884, 0.04298148688046646, 0.49985, 1.0, 1]",0.0
0.5002777777777778,0,-0.00022105608449182995,4.732210410529376e-06,-6.154350957307299e-10,2,"[0.012397625616384134, 0.043042597991577586, 0.5002777777777778, 1.0, 1]",0.0
0.5007055555555556,0,-0.00022207693994450502,4.757846422172583e-06,-6.221541972461593e-10,2,"[0.012464579589929109, 0.043103709102688695, 0.5007055555555556, 1.0, 1]",0.0
0.5011333333333333,0,-0.0002230998286619259,4.7835728749393594e-06,-6.289338419527777e-10,2,"[0.01253167995853581, 0.043164820213799804, 0.5011333333333333, 1.0, 1]",0.0
0.5015611111111111,0,-0.00022412475064409346,4.809389925391093e-06,-6.357744621952858e-10,2,"[0.012598926722204237, 0.04322593132491091, 0.5015611111111111, 1.0, 1]",0.0
0.5019888888888889,0,-0.00022515170589100682,4.835297730089167e-06,-6.426764926129426e-10,2,"[0.01266631988093439, 0.04328704243602202, 0.5019888888888889, 1.0, 1]",0.0
0.5024166666666667,0,-0.00022618069440266686,4.861296445594972e-06,-6.496403701476147e-10,2,"[0.012733859434726297, 0.043348153547133145, 0.5024166666666667, 1.0, 1]",0.0
0.5028444444444444,0,-0.00022721171617907248,4.88738622846988e-06,-6.566665340518315e-10,2,"[0.012801545383579874, 0.04340926465824424, 0.5028444444444444, 1.0, 1]",0.0
0.5032722222222222,0,-0.00022824477122022479,4.913567235275298e-06,-6.637554258968748e-10,2,"[0.012869377727495218, 0.04347037576935536, 0.5032722222222222, 1.0, 1]",0.0
0.5037,0,-0.00022927985952612355,4.939839622572603e-06,-6.709074895808503e-10,2,"[0.012937356466472316, 0.04353148688046647, 0.5037, 1.0, 1]",0.0
0.5041277777777778,0,-0.00023031698109676833,4.9662035469231684e-06,-6.781231713367982e-10,2,"[0.013005481600511126, 0.04359259799157758, 0.5041277777777778, 1.0, 1]",0.0
0.5045555555555555,0,-0.00023135613593215914,4.992659164888383e-06,-6.854029197408165e-10,2,"[0.01307375312961162, 0.04365370910268869, 0.5045555555555555, 1.0, 1]",0.0
0.5049833333333333,0,-0.00023239732403229618,5.0192066330296495e-06,-6.927471857201906e-10,2,"[0.013142171053773896, 0.0437148202137998, 0.5049833333333333, 1.0, 1]",0.0
0.5054111111111111,0,-0.0002334405453971797,5.045846107908337e-06,-7.001564225615264e-10,2,"[0.01321073537299787, 0.04377593132491092, 0.5054111111111111, 1.0, 1]",0.0
0.505838888888889,0,-0.00023448580002680922,5.072577746085837e-06,-7.076310859189254e-10,2,"[0.013279446087283597, 0.04383704243602203, 0.505838888888889, 1.0, 1]",0.0
0.5062666666666666,0,-0.0002355330879211852,5.099401704123534e-06,-7.151716338221486e-10,2,"[0.01334830319663105, 0.043898153547133126, 0.5062666666666666, 1.0, 1]",0.0
0.5066944444444444,0,-0.00023658240908030722,5.126318138582812e-06,-7.227785266848072e-10,2,"[0.013417306701040216, 0.04395926465824425, 0.5066944444444444, 1.0, 1]",0.0
0.5071222222222223,0,-0.0002376337635041757,5.1533272060250595e-06,-7.304522273125638e-10,2,"[0.013486456600511107, 0.04402037576935536, 0.5071222222222223, 1.0, 1]",0.0
0.5075500000000001,0,-0.0002386871511927904,5.180429063011662e-06,-7.381932009113468e-10,2,"[0.013555752895043752, 0.04408148688046648, 0.5075500000000001, 1.0, 1]",0.0
0.5079777777777778,0,-0.0002397425721461507,5.20762386610399e-06,-7.460019150955757e-10,2,"[0.01362519558463808, 0.044142597991577576, 0.5079777777777778, 1.0, 1]",0.0
0.5084055555555556,0,-0.00024080002636425767,5.23491177186345e-06,-7.538788398964188e-10,2,"[0.013694784669294177, 0.044203709102688685, 0.5084055555555556, 1.0, 1]",0.0
0.5088333333333334,0,-0.0002418595138471111,5.262292936851426e-06,-7.618244477700336e-10,2,"[0.013764520149012, 0.04426482021379981, 0.5088333333333334, 1.0, 1]",0.0
0.5092611111111112,0,-0.00024292103459471078,5.289767517629293e-06,-7.698392136058434e-10,2,"[0.013834402023791534, 0.04432593132491092, 0.5092611111111112, 1.0, 1]",0.0
0.509688888888889,0,-0.00024398458860705626,5.317335670758439e-06,-7.779236147348262e-10,2,"[0.013904430293632808, 0.04438704243602204, 0.509688888888889, 1.0, 1]",0.0
0.5101166666666667,0,-0.0002450501758841482,5.3449975528002455e-06,-7.860781309378111e-10,2,"[0.013974604958535808, 0.044448153547133135, 0.5101166666666667, 1.0, 1]",0.0
0.5105444444444445,0,-0.00024611779642598616,5.372753320316108e-06,-7.943032444537956e-10,2,"[0.01404492601850052, 0.044509264658244244, 0.5105444444444445, 1.0, 1]",0.0
0.5109722222222223,0,-0.0002471874502325708,5.400603129867413e-06,-8.02599439988267e-10,2,"[0.014115393473526985, 0.044570375769355366, 0.5109722222222223, 1.0, 1]",0.0
0.5114000000000001,0,-0.00024825913730390145,5.428547138015533e-06,-8.109672047215422e-10,2,"[0.014186007323615177, 0.044631486880466475, 0.5114000000000001, 1.0, 1]",0.0
0.5118277777777778,0,-0.00024933285763997814,5.456585501321859e-06,-8.194070283171313e-10,2,"[0.01425676756876508, 0.04469259799157757, 0.5118277777777778, 1.0, 1]",0.0
0.5122555555555556,0,-0.00025040861124080085,5.484718376347784e-06,-8.279194029301037e-10,2,"[0.01432767420897671, 0.044753709102688694, 0.5122555555555556, 1.0, 1]",0.0
0.5126833333333334,0,-0.00025148639810637044,5.512945919654685e-06,-8.365048232154652e-10,2,"[0.014398727244250092, 0.0448148202137998, 0.5126833333333334, 1.0, 1]",0.0
0.5131111111111112,0,-0.00025256621823668607,5.541268287803949e-06,-8.451637863365623e-10,2,"[0.014469926674585201, 0.044875931324910925, 0.5131111111111112, 1.0, 1]",0.0
0.5135388888888889,0,-0.0002536480716317477,5.569685637356961e-06,-8.538967919734904e-10,2,"[0.014541272499982008, 0.04493704243602202, 0.5135388888888889, 1.0, 1]",0.0
0.5139666666666667,0,-0.0002547319582915556,5.598198124875111e-06,-8.627043423315214e-10,2,"[0.014612764720440569, 0.04499815354713313, 0.5139666666666667, 1.0, 1]",0.0
0.5143944444444445,0,-0.00025581787821610995,5.626805906919781e-06,-8.715869421495388e-10,2,"[0.014684403335960841, 0.04505926465824425, 0.5143944444444445, 1.0, 1]",0.0
0.5148222222222223,0,-0.0002569058314054103,5.655509140052357e-06,-8.805450987084932e-10,2,"[0.014756188346542867, 0.04512037576935536, 0.5148222222222223, 1.0, 1]",0.0
0.51525,0,-0.0002579958178594565,5.684307980834216e-06,-8.895793218398683e-10,2,"[0.014828119752186592, 0.04518148688046647, 0.51525, 1.0, 1]",0.0
0.5156777777777778,0,-0.0002590878375782498,5.7132025858267645e-06,-8.986901239341703e-10,2,"[0.014900197552892055, 0.04524259799157758, 0.5156777777777778, 1.0, 1]",0.0
0.5161055555555556,0,-0.00026018189056178866,5.742193111591367e-06,-9.078780199494043e-10,2,"[0.01497242174865926, 0.04530370910268869, 0.5161055555555556, 1.0, 1]",0.0
0.5165333333333334,0,-0.0002612779768100742,5.77127971468942e-06,-9.171435274196044e-10,2,"[0.015044792339488189, 0.04536482021379981, 0.5165333333333334, 1.0, 1]",0.0
0.5169611111111111,0,-0.00026237609632310556,5.800462551682303e-06,-9.26487166463342e-10,2,"[0.015117309325378817, 0.045425931324910906, 0.5169611111111111, 1.0, 1]",0.0
0.5173888888888889,0,-0.0002634762491008834,5.82974177913141e-06,-9.359094597922732e-10,2,"[0.015189972706331212, 0.04548704243602203, 0.5173888888888889, 1.0, 1]",0.0
0.5178166666666667,0,-0.00026457843514340765,5.859117553598123e-06,-9.454109327196809e-10,2,"[0.015262782482345347, 0.04554815354713314, 0.5178166666666667, 1.0, 1]",0.0
0.5182444444444445,0,-0.00026568265445067794,5.888590031643823e-06,-9.549921131690438e-10,2,"[0.015335738653421194, 0.04560926465824425, 0.5182444444444445, 1.0, 1]",0.0
0.5186722222222222,0,-0.00026678890702269383,5.918159369829888e-06,-9.646535316826154e-10,2,"[0.015408841219558711, 0.045670375769355356, 0.5186722222222222, 1.0, 1]",0.0
0.5191,0,-0.0002678971928594566,5.947825724717719e-06,-9.743957214300243e-10,2,"[0.015482090180758024, 0.045731486880466465, 0.5191, 1.0, 1]",0.0
0.5195277777777778,0,-0.00026900751196096584,5.977589252868705e-06,-9.842192182168703e-10,2,"[0.015555485537019076, 0.04579259799157759, 0.5195277777777778, 1.0, 1]",0.0
0.5199555555555556,0,-0.0002701198643272209,6.007450110844217e-06,-9.941245604933447e-10,2,"[0.015629027288341812, 0.0458537091026887, 0.5199555555555556, 1.0, 1]",0.0
0.5203833333333333,0,-0.00027123424995822217,6.037408455205635e-06,-1.0041122893628724e-09,2,"[0.015702715434726275, 0.04591482021379979, 0.5203833333333333, 1.0, 1]",0.0
0.5208111111111111,0,-0.0002723506688539697,6.067464442514369e-06,-1.0141829485907692e-09,2,"[0.01577654997617249, 0.045975931324910915, 0.5208111111111111, 1.0, 1]",0.0
0.5212388888888889,0,-0.0002734691210144639,6.097618229331788e-06,-1.0243370846128813e-09,2,"[0.015850530912680433, 0.046037042436022024, 0.5212388888888889, 1.0, 1]",0.0
0.5216666666666667,0,-0.0002745896064397041,6.127869972219282e-06,-1.0345752465442814e-09,2,"[0.0159246582442501, 0.04609815354713315, 0.5216666666666667, 1.0, 1]",0.0
0.5220944444444444,0,-0.0002757121251296899,6.15821982773822e-06,-1.0448979861879484e-09,2,"[0.015998931970881453, 0.04615926465824424, 0.5220944444444444, 1.0, 1]",0.0
0.5225222222222222,0,-0.0002768366770844224,6.1886679524500205e-06,-1.055305858043493e-09,2,"[0.0160733520925746, 0.04622037576935535, 0.5225222222222222, 1.0, 1]",0.0
0.52295,0,-0.00027796326230390114,6.219214502916039e-06,-1.0657994193158417e-09,2,"[0.016147918609329445, 0.046281486880466474, 0.52295, 1.0, 1]",0.0
0.5233777777777778,0,-0.00027909188078812633,6.249859635697677e-06,-1.0763792299240053e-09,2,"[0.016222631521146044, 0.04634259799157758, 0.5233777777777778, 1.0, 1]",0.0
0.5238055555555556,0,-0.00028022253253709754,6.280603507356323e-06,-1.0870458525098054e-09,2,"[0.01629749082802434, 0.046403709102688706, 0.5238055555555556, 1.0, 1]",0.0
0.5242333333333333,0,-0.000281355217550815,6.311446274453343e-06,-1.097799852446633e-09,2,"[0.016372496529964378, 0.0464648202137998, 0.5242333333333333, 1.0, 1]",0.0
0.5246611111111111,0,-0.00028248993582927846,6.3423880935501356e-06,-1.1086417978482424e-09,2,"[0.016447648626966155, 0.04652593132491091, 0.5246611111111111, 1.0, 1]",0.0
0.5250888888888889,0,-0.0002836266873724884,6.373429121208089e-06,-1.1195722595775248e-09,2,"[0.01652294711902963, 0.04658704243602203, 0.5250888888888889, 1.0, 1]",0.0
0.5255166666666667,0,-0.00028476547218044457,6.404569513988583e-06,-1.1305918112553127e-09,2,"[0.016598392006154858, 0.04664815354713314, 0.5255166666666667, 1.0, 1]",0.0
0.5259444444444444,0,-0.00028590629025314676,6.435809428453001e-06,-1.1417010292692003e-09,2,"[0.016673983288341798, 0.04670926465824424, 0.5259444444444444, 1.0, 1]",0.0
0.5263722222222222,0,-0.0002870491415905954,6.467149021162743e-06,-1.1529004927823795e-09,2,"[0.01674972096559048, 0.04677037576935536, 0.5263722222222222, 1.0, 1]",0.0
0.5268,0,-0.0002881940261927901,6.498588448679177e-06,-1.1641907837424675e-09,2,"[0.016825605037900884, 0.04683148688046647, 0.5268, 1.0, 1]",0.0
0.5272277777777779,0,-0.00028934094405973145,6.530127867563697e-06,-1.1755724868903872e-09,2,"[0.016901635505273044, 0.04689259799157759, 0.5272277777777779, 1.0, 1]",0.0
0.5276555555555555,0,-0.0002904898951914182,6.5617674343776715e-06,-1.18704618976922e-09,2,"[0.01697781236770686, 0.04695370910268869, 0.5276555555555555, 1.0, 1]",0.0
0.5280833333333333,0,-0.000291640879587852,6.593507305682524e-06,-1.1986124827331232e-09,2,"[0.01705413562520247, 0.047014820213799796, 0.5280833333333333, 1.0, 1]",0.0
0.5285111111111112,0,-0.00029279389724903165,6.62534763803961e-06,-1.210271958956186e-09,2,"[0.01713060527775981, 0.04707593132491092, 0.5285111111111112, 1.0, 1]",0.0
0.528938888888889,0,-0.00029394894817495775,6.657288588010323e-06,-1.2220252144413827e-09,2,"[0.017207221325378844, 0.04713704243602203, 0.528938888888889, 1.0, 1]",0.0
0.5293666666666667,0,-0.00029510603236562966,6.689330312156038e-06,-1.2338728480294813e-09,2,"[0.01728398376805962, 0.04719815354713314, 0.5293666666666667, 1.0, 1]",0.0
0.5297944444444445,0,-0.000296265149821048,6.721472967038155e-06,-1.2458154614080026e-09,2,"[0.017360892605802133, 0.047259264658244246, 0.5297944444444445, 1.0, 1]",0.0
0.5302222222222223,0,-0.0002974263005412126,6.753716709218057e-06,-1.2578536591201608e-09,2,"[0.01743794783860636, 0.047320375769355355, 0.5302222222222223, 1.0, 1]",0.0
0.5306500000000001,0,-0.0002985894845261237,6.786061695257127e-06,-1.2699880485738414e-09,2,"[0.017515149466472327, 0.04738148688046648, 0.5306500000000001, 1.0, 1]",0.0
0.5310777777777778,0,-0.00029975470177578056,6.818508081716746e-06,-1.2822192400505855e-09,2,"[0.01759249748940002, 0.04744259799157757, 0.5310777777777778, 1.0, 1]",0.0
0.5315055555555556,0,-0.0003009219522901839,6.851056025158307e-06,-1.2945478467145924e-09,2,"[0.01766999190738941, 0.047503709102688696, 0.5315055555555556, 1.0, 1]",0.0
0.5319333333333334,0,-0.00030209123606933367,6.883705682143191e-06,-1.3069744846217267e-09,2,"[0.01774763272044058, 0.047564820213799805, 0.5319333333333334, 1.0, 1]",0.0
0.5323611111111112,0,-0.00030326255311322926,6.916457209232786e-06,-1.3194997727285477e-09,2,"[0.017825419928553465, 0.047625931324910914, 0.5323611111111112, 1.0, 1]",0.0
0.5327888888888889,0,-0.0003044359034218709,6.9493107629884624e-06,-1.3321243329013457e-09,2,"[0.01790335353172802, 0.04768704243602202, 0.5327888888888889, 1.0, 1]",0.0
0.5332166666666667,0,-0.0003056112869952594,6.982266499971641e-06,-1.3448487899252195e-09,2,"[0.017981433529964383, 0.04774815354713313, 0.5332166666666667, 1.0, 1]",0.0
0.5336444444444445,0,-0.0003067887038333937,7.01532457674367e-06,-1.357673771513099e-09,2,"[0.018059659923262444, 0.047809264658244255, 0.5336444444444445, 1.0, 1]",0.0
0.5340722222222223,0,-0.00030796815393627425,7.048485149865961e-06,-1.3705999083148811e-09,2,"[0.018138032711622218, 0.047870375769355364, 0.5340722222222223, 1.0, 1]",0.0
0.5345,0,-0.00030914963730390127,7.081748375899881e-06,-1.3836278339264845e-09,2,"[0.01821655189504373, 0.04793148688046646, 0.5345, 1.0, 1]",0.0
0.5349277777777778,0,-0.0003103331539362743,7.11511441140683e-06,-1.3967581848989894e-09,2,"[0.018295217473526998, 0.04799259799157758, 0.5349277777777778, 1.0, 1]",0.0
0.5353555555555556,0,-0.0003115187038333938,7.14858341294819e-06,-1.409991600747745e-09,2,"[0.018374029447071963, 0.04805370910268869, 0.5353555555555556, 1.0, 1]",0.0
0.5357833333333334,0,-0.0003127062869952593,7.1821555370853364e-06,-1.42332872396151e-09,2,"[0.018452987815678668, 0.048114820213799814, 0.5357833333333334, 1.0, 1]",0.0
0.5362111111111111,0,-0.00031389590342187086,7.215830940379651e-06,-1.4367702000116118e-09,2,"[0.018532092579347084, 0.04817593132491091, 0.5362111111111111, 1.0, 1]",0.0
0.5366388888888889,0,-0.00031508755311322886,7.249609779392544e-06,-1.4503166773611223e-09,2,"[0.018611343738077227, 0.04823704243602202, 0.5366388888888889, 1.0, 1]",0.0
0.5370666666666667,0,-0.0003162812360693333,7.283492210685389e-06,-1.4639688074740126e-09,2,"[0.018690741291869137, 0.04829815354713314, 0.5370666666666667, 1.0, 1]",0.0
0.5374944444444445,0,-0.000317476952290184,7.317478390819569e-06,-1.4777272448243665e-09,2,"[0.018770285240722773, 0.04835926465824425, 0.5374944444444445, 1.0, 1]",0.0
0.5379222222222223,0,-0.00031867470177578074,7.351568476356464e-06,-1.4915926469055823e-09,2,"[0.018849975584638107, 0.04842037576935537, 0.5379222222222223, 1.0, 1]",0.0
0.53835,0,-0.0003198744845261237,7.385762623857461e-06,-1.5055656742396025e-09,2,"[0.01892981232361518, 0.04848148688046647, 0.53835, 1.0, 1]",0.0
0.5387777777777778,0,-0.00032107630054121247,7.420060989883956e-06,-1.5196469903861497e-09,2,"[0.01900979545765398, 0.04854259799157758, 0.5387777777777778, 1.0, 1]",0.0
0.5392055555555556,0,-0.00032228014982104813,7.454463730997328e-06,-1.533837261951967e-09,2,"[0.019089924986754492, 0.0486037091026887, 0.5392055555555556, 1.0, 1]",0.0
0.5396333333333334,0,-0.0003234860323656298,7.488971003758963e-06,-1.548137158600093e-09,2,"[0.01917020091091677, 0.04866482021379981, 0.5396333333333334, 1.0, 1]",0.0
0.5400611111111111,0,-0.0003246939481749575,7.5235829647302405e-06,-1.5625473530591343e-09,2,"[0.019250623230140762, 0.048725931324910904, 0.5400611111111111, 1.0, 1]",0.0
0.5404888888888889,0,-0.0003259038972490315,7.558299770472552e-06,-1.5770685211325658e-09,2,"[0.01933119194442645, 0.04878704243602203, 0.5404888888888889, 1.0, 1]",0.0
0.5409166666666667,0,-0.0003271158795878519,7.593121577547289e-06,-1.5917013417080338e-09,2,"[0.019411907053773908, 0.048848153547133136, 0.5409166666666667, 1.0, 1]",0.0
0.5413444444444445,0,-0.00032832989519141875,7.628048542515832e-06,-1.6064464967666708e-09,2,"[0.019492768558183104, 0.04890926465824426, 0.5413444444444445, 1.0, 1]",0.0
0.5417722222222222,0,-0.000329545944059731,7.663080821939549e-06,-1.62130467139243e-09,2,"[0.019573776457653944, 0.048970375769355354, 0.5417722222222222, 1.0, 1]",0.0
0.5422,0,-0.00033076402619279033,7.698218572379852e-06,-1.6362765537814578e-09,2,"[0.019654930752186606, 0.04903148688046646, 0.5422, 1.0, 1]",0.0
0.5426277777777778,0,-0.0003319841415905955,7.733461950398122e-06,-1.651362835251424e-09,2,"[0.019736231441780966, 0.049092597991577586, 0.5426277777777778, 1.0, 1]",0.0
0.5430555555555556,0,-0.0003332062902531469,7.76881111255573e-06,-1.666564210250909e-09,2,"[0.019817678526437038, 0.049153709102688695, 0.5430555555555556, 1.0, 1]",0.0
0.5434833333333333,0,-0.0003344304721804443,7.804266215414064e-06,-1.6818813763688057e-09,2,"[0.01989927200615485, 0.049214820213799804, 0.5434833333333333, 1.0, 1]",0.0
0.5439111111111111,0,-0.0003356566873724886,7.839827415534531e-06,-1.697315034343723e-09,2,"[0.019981011880934416, 0.04927593132491091, 0.5439111111111111, 1.0, 1]",0.0
0.5443388888888889,0,-0.0003368849358292783,7.875494869478481e-06,-1.712865888073374e-09,2,"[0.02006289815077565, 0.04933704243602202, 0.5443388888888889, 1.0, 1]",0.0
0.5447666666666667,0,-0.0003381152175508151,7.911268733807337e-06,-1.7285346446240641e-09,2,"[0.02014493081567867, 0.049398153547133145, 0.5447666666666667, 1.0, 1]",0.0
0.5451944444444444,0,-0.00033934753253709747,7.947149165082457e-06,-1.7443220142400785e-09,2,"[0.020227109875643398, 0.04945926465824424, 0.5451944444444444, 1.0, 1]",0.0
0.5456222222222222,0,-0.0003405818807881263,7.983136319865237e-06,-1.7602287103531851e-09,2,"[0.02030943533066984, 0.04952037576935536, 0.5456222222222222, 1.0, 1]",0.0
0.54605,0,-0.0003418182623039012,8.019230354717066e-06,-1.7762554495920924e-09,2,"[0.020391907180758034, 0.04958148688046647, 0.54605, 1.0, 1]",0.0
0.5464777777777778,0,-0.0003430566770844225,8.055431426199317e-06,-1.7924029517919342e-09,2,"[0.020474525425907955, 0.04964259799157758, 0.5464777777777778, 1.0, 1]",0.0
0.5469055555555555,0,-0.00034429712512968984,8.091739690873383e-06,-1.808671940003785e-09,2,"[0.02055729006611956, 0.04970370910268869, 0.5469055555555555, 1.0, 1]",0.0
0.5473333333333333,0,-0.00034553960643970364,8.128155305300654e-06,-1.8250631405041693e-09,2,"[0.020640201101392947, 0.0497648202137998, 0.5473333333333333, 1.0, 1]",0.0
0.5477611111111111,0,-0.0003467841210144637,8.164678426042519e-06,-1.8415772828045925e-09,2,"[0.02072325853172806, 0.04982593132491092, 0.5477611111111111, 1.0, 1]",0.0
0.548188888888889,0,-0.00034803066885396975,8.201309209660343e-06,-1.8582150996610744e-09,2,"[0.020806462357124855, 0.04988704243602203, 0.548188888888889, 1.0, 1]",0.0
0.5486166666666666,0,-0.0003492792499582223,8.238047812715526e-06,-1.874977327083736e-09,2,"[0.02088981257758342, 0.049948153547133126, 0.5486166666666666, 1.0, 1]",0.0
0.5490444444444444,0,-0.0003505298643272206,8.274894391769453e-06,-1.8918647043463456e-09,2,"[0.02097330919310371, 0.05000926465824425, 0.5490444444444444, 1.0, 1]",0.0
0.5494722222222223,0,-0.00035178251196096584,8.311849103383515e-06,-1.908877973995921e-09,2,"[0.02105695220368571, 0.05007037576935536, 0.5494722222222223, 1.0, 1]",0.0
0.5499,0,-0.00035303719285945665,8.348912104119089e-06,-1.9260178818623157e-09,2,"[0.021140741609329453, 0.05013148688046648, 0.5499, 1.0, 1]",0.0
0.5503277777777777,0,-0.00035429390702269414,8.386083550537549e-06,-1.9432851770678414e-09,2,"[0.02122467741003492, 0.050192597991577576, 0.5503277777777777, 1.0, 1]",0.0
0.5507555555555556,0,-0.00035555265445067743,8.4233635992003e-06,-1.96068061203691e-09,2,"[0.0213087596058021, 0.050253709102688685, 0.5507555555555556, 1.0, 1]",0.0
0.5511833333333334,0,-0.0003568134351434074,8.460752406668728e-06,-1.9782049425056543e-09,2,"[0.021392988196631046, 0.05031482021379981, 0.5511833333333334, 1.0, 1]",0.0
0.5516111111111112,0,-0.0003580762491008836,8.498250129504214e-06,-1.9958589275315923e-09,2,"[0.021477363182521705, 0.050375931324910916, 0.5516111111111112, 1.0, 1]",0.0
0.552038888888889,0,-0.00035934109632310585,8.535856924268132e-06,-2.0136433295032957e-09,2,"[0.021561884563474076, 0.05043704243602204, 0.552038888888889, 1.0, 1]",0.0
0.5524666666666667,0,-0.0003606079768100741,8.573572947521874e-06,-2.0315589141500833e-09,2,"[0.021646552339488187, 0.050498153547133134, 0.5524666666666667, 1.0, 1]",0.0
0.5528944444444445,0,-0.0003618768905617888,8.611398355826833e-06,-2.049606450551717e-09,2,"[0.021731366510564037, 0.05055926465824424, 0.5528944444444445, 1.0, 1]",0.0
0.5533222222222223,0,-0.00036314783757825,8.649333305744385e-06,-2.0677867111481006e-09,2,"[0.021816327076701586, 0.050620375769355366, 0.5533222222222223, 1.0, 1]",0.0
0.5537500000000001,0,-0.00036442081785945676,8.687377953835924e-06,-2.086100471749028e-09,2,"[0.021901434037900888, 0.050681486880466475, 0.5537500000000001, 1.0, 1]",0.0
0.5541777777777778,0,-0.00036569583140541,8.725532456662823e-06,-2.1045485115439003e-09,2,"[0.021986687394161902, 0.05074259799157757, 0.5541777777777778, 1.0, 1]",0.0
0.5546055555555556,0,-0.00036697287821610967,8.763796970786485e-06,-2.1231316131115067e-09,2,"[0.022072087145484642, 0.05080370910268869, 0.5546055555555556, 1.0, 1]",0.0
0.5550333333333334,0,-0.0003682519582915556,8.802171652768281e-06,-2.141850562429765e-09,2,"[0.022157633291869136, 0.0508648202137998, 0.5550333333333334, 1.0, 1]",0.0
0.5554611111111112,0,-0.00036953307163174796,8.840656659169608e-06,-2.1607061488855285e-09,2,"[0.02224332583331537, 0.050925931324910925, 0.5554611111111112, 1.0, 1]",0.0
0.5558888888888889,0,-0.00037081621823668593,8.879252146551835e-06,-2.179699165284359e-09,2,"[0.022329164769823273, 0.05098704243602202, 0.5558888888888889, 1.0, 1]",0.0
0.5563166666666667,0,-0.00037210139810637014,8.917958271476362e-06,-2.198830407860366e-09,2,"[0.022415150101392944, 0.05104815354713313, 0.5563166666666667, 1.0, 1]",0.0
0.5567444444444445,0,-0.000373388611240801,8.956775190504568e-06,-2.2181006762860026e-09,2,"[0.02250128182802434, 0.05110926465824425, 0.5567444444444445, 1.0, 1]",0.0
0.5571722222222223,0,-0.00037467785763997837,8.99570306019785e-06,-2.2375107736819277e-09,2,"[0.022587559949717465, 0.05117037576935536, 0.5571722222222223, 1.0, 1]",0.0
0.5576,0,-0.0003759691373039011,9.034742037117568e-06,-2.2570615066268277e-09,2,"[0.022673984466472313, 0.05123148688046647, 0.5576, 1.0, 1]",0.0
0.5580277777777778,0,-0.0003772624502325707,9.07389227782513e-06,-2.276753685167326e-09,2,"[0.022760555378288888, 0.05129259799157758, 0.5580277777777778, 1.0, 1]",0.0
0.5584555555555556,0,-0.00037855779642598654,9.113153938881926e-06,-2.2965881228278316e-09,2,"[0.022847272685167203, 0.05135370910268869, 0.5584555555555556, 1.0, 1]",0.0
0.5588833333333334,0,-0.0003798551758841484,9.152527176849319e-06,-2.3165656366204283e-09,2,"[0.022934136387107243, 0.05141482021379981, 0.5588833333333334, 1.0, 1]",0.0
0.5593111111111111,0,-0.0003811545886070561,9.192012148288698e-06,-2.33668704705481e-09,2,"[0.023021146484108995, 0.051475931324910906, 0.5593111111111111, 1.0, 1]",0.0
0.5597388888888889,0,-0.00038245603459471044,9.231609009761466e-06,-2.3569531781481956e-09,2,"[0.023108302976172473, 0.05153704243602203, 0.5597388888888889, 1.0, 1]",0.0
0.5601666666666667,0,-0.00038375951384711103,9.271317917829001e-06,-2.3773648574352474e-09,2,"[0.02319560586329769, 0.05159815354713314, 0.5601666666666667, 1.0, 1]",0.0
0.5605944444444445,0,-0.0003850650263642581,9.311139029052693e-06,-2.3979229159780408e-09,2,"[0.023283055145484677, 0.05165926465824425, 0.5605944444444445, 1.0, 1]",0.0
0.5610222222222222,0,-0.0003863725721461507,9.351072499993899e-06,-2.418628188376003e-09,2,"[0.02337065082273332, 0.051720375769355356, 0.5610222222222222, 1.0, 1]",0.0
0.56145,0,-0.00038768215119279004,9.391118487214034e-06,-2.439481512775941e-09,2,"[0.023458392895043728, 0.051781486880466465, 0.56145, 1.0, 1]",0.0
0.5618777777777778,0,-0.0003889937635041756,9.431277147274484e-06,-2.4604837308819867e-09,2,"[0.023546281362415877, 0.05184259799157759, 0.5618777777777778, 1.0, 1]",0.0
0.5623055555555556,0,-0.0003903074090803074,9.471548636736625e-06,-2.4816356879656156e-09,2,"[0.02363431622484974, 0.0519037091026887, 0.5623055555555556, 1.0, 1]",0.0
0.5627333333333333,0,-0.000391623087921185,9.511933112161826e-06,-2.502938232875666e-09,2,"[0.02372249748234531, 0.05196482021379979, 0.5627333333333333, 1.0, 1]",0.0
0.5631611111111111,0,-0.0003929408000268093,9.55243073011151e-06,-2.5243922180484065e-09,2,"[0.023810825134902652, 0.052025931324910915, 0.5631611111111111, 1.0, 1]",0.0
0.5635888888888889,0,-0.0003942605453971798,9.59304164714703e-06,-2.5459984995175217e-09,2,"[0.023899299182521705, 0.052087042436022024, 0.5635888888888889, 1.0, 1]",0.0
0.5640166666666667,0,-0.00039558232403229634,9.633766019829791e-06,-2.567757936924232e-09,2,"[0.02398791962520247, 0.05214815354713315, 0.5640166666666667, 1.0, 1]",0.0
0.5644444444444444,0,-0.0003969061359321591,9.674604004721163e-06,-2.5896713935273322e-09,2,"[0.024076686462944974, 0.05220926465824424, 0.5644444444444444, 1.0, 1]",0.0
0.5648722222222222,0,-0.00039823198109676793,9.715555758382543e-06,-2.6117397362133103e-09,2,"[0.02416559969574919, 0.05227037576935535, 0.5648722222222222, 1.0, 1]",0.0
0.5653,0,-0.0003995598595261234,9.756621437375323e-06,-2.633963835506434e-09,2,"[0.024254659323615174, 0.052331486880466474, 0.5653, 1.0, 1]",0.0
0.5657277777777778,0,-0.00040088977122022514,9.797801198260867e-06,-2.6563445655788593e-09,2,"[0.02434386534654287, 0.05239259799157758, 0.5657277777777778, 1.0, 1]",0.0
0.5661555555555556,0,-0.00040222171617907267,9.839095197600577e-06,-2.6788828042607947e-09,2,"[0.024433217764532278, 0.052453709102688706, 0.5661555555555556, 1.0, 1]",0.0
0.5665833333333333,0,-0.00040355569440266644,9.880503591955824e-06,-2.7015794330506163e-09,2,"[0.024522716577583398, 0.0525148202137998, 0.5665833333333333, 1.0, 1]",0.0
0.5670111111111111,0,-0.0004048917058910069,9.922026537888018e-06,-2.724435337125058e-09,2,"[0.024612361785696313, 0.05257593132491091, 0.5670111111111111, 1.0, 1]",0.0
0.5674388888888889,0,-0.00040622975064409357,9.96366419195852e-06,-2.747451405349347e-09,2,"[0.024702153388870912, 0.05263704243602203, 0.5674388888888889, 1.0, 1]",0.0
0.5678666666666667,0,-0.00040756982866192585,1.0005416710728728e-05,-2.7706285302874294e-09,2,"[0.024792091387107223, 0.05269815354713314, 0.5678666666666667, 1.0, 1]",0.0
0.5682944444444444,0,-0.0004089119399445046,1.0047284250760014e-05,-2.7939676082121446e-09,2,"[0.024882175780405275, 0.05275926465824424, 0.5682944444444444, 1.0, 1]",0.0
0.5687222222222222,0,-0.0004102560844918298,1.0089266968613787e-05,-2.817469539115475e-09,2,"[0.024972406568765065, 0.05282037576935536, 0.5687222222222222, 1.0, 1]",0.0
0.56915,0,-0.0004116022623039014,1.0131365020851422e-05,-2.841135226718737e-09,2,"[0.025062783752186624, 0.05288148688046647, 0.56915, 1.0, 1]",0.0
0.5695777777777778,0,-0.0004129504733807189,1.0173578564034288e-05,-2.8649655784828366e-09,2,"[0.025153307330669866, 0.05294259799157759, 0.5695777777777778, 1.0, 1]",0.0
0.5700055555555555,0,-0.00041430071772228236,1.0215907754723785e-05,-2.8889615056185565e-09,2,"[0.025243977304214793, 0.05300370910268869, 0.5700055555555555, 1.0, 1]",0.0
0.5704333333333333,0,-0.0004156529953285925,1.0258352749481308e-05,-2.9131239230967984e-09,2,"[0.025334793672821515, 0.053064820213799796, 0.5704333333333333, 1.0, 1]",0.0
0.5708611111111112,0,-0.0004170073061996489,1.0300913704868225e-05,-2.9374537496588666e-09,2,"[0.02542575643648995, 0.05312593132491092, 0.5708611111111112, 1.0, 1]",0.0
0.571288888888889,0,-0.00041836365033545155,1.034359077744594e-05,-2.9619519078267952e-09,2,"[0.025516865595220095, 0.05318704243602203, 0.571288888888889, 1.0, 1]",0.0
0.5717166666666667,0,-0.000419722027736,1.038638412377581e-05,-2.9866193239136223e-09,2,"[0.02560812114901198, 0.05324815354713314, 0.5717166666666667, 1.0, 1]",0.0
0.5721444444444445,0,-0.0004210824384012951,1.0429293900419241e-05,-3.0114569280337673e-09,2,"[0.025699523097865634, 0.053309264658244246, 0.5721444444444445, 1.0, 1]",0.0
0.5725722222222223,0,-0.00042244488233133604,1.0472320263937622e-05,-3.0364656541133386e-09,2,"[0.025791071441780944, 0.053370375769355355, 0.5725722222222223, 1.0, 1]",0.0
0.5730000000000001,0,-0.00042380935952612386,1.0515463370892334e-05,-3.061646439900494e-09,2,"[0.02588276618075805, 0.05343148688046648, 0.5730000000000001, 1.0, 1]",0.0
0.5734277777777778,0,-0.00042517586998565705,1.0558723377844744e-05,-3.0870002269758068e-09,2,"[0.025974607314796838, 0.05349259799157757, 0.5734277777777778, 1.0, 1]",0.0
0.5738555555555556,0,-0.0004265444137099369,1.0602100441356265e-05,-3.1125279607626864e-09,2,"[0.02606659484389734, 0.053553709102688696, 0.5738555555555556, 1.0, 1]",0.0
0.5742833333333334,0,-0.0004279149906989628,1.0645594717988266e-05,-3.1382305905377234e-09,2,"[0.026158728768059608, 0.053614820213799805, 0.5742833333333334, 1.0, 1]",0.0
0.5747111111111112,0,-0.00042928760095273537,1.0689206364302144e-05,-3.1641090694411414e-09,2,"[0.026251009087283617, 0.053675931324910914, 0.5747111111111112, 1.0, 1]",0.0
0.5751388888888889,0,-0.00043066224447125374,1.0732935536859268e-05,-3.1901643544871945e-09,2,"[0.02634343580156931, 0.05373704243602202, 0.5751388888888889, 1.0, 1]",0.0
0.5755666666666667,0,-0.0004320389212545188,1.0776782392221041e-05,-3.21639740657464e-09,2,"[0.02643600891091677, 0.05379815354713313, 0.5755666666666667, 1.0, 1]",0.0
0.5759944444444445,0,-0.00043341763130252985,1.082074708694884e-05,-3.242809190497161e-09,2,"[0.02652872841532594, 0.053859264658244255, 0.5759944444444445, 1.0, 1]",0.0
0.5764222222222223,0,-0.00043479837461528673,1.0864829777604048e-05,-3.2694006749538484e-09,2,"[0.026621594314796826, 0.053920375769355364, 0.5764222222222223, 1.0, 1]",0.0
0.57685,0,-0.00043618115119278985,1.0909030620748045e-05,-3.2961728325596846e-09,2,"[0.02671460660932945, 0.05398148688046646, 0.57685, 1.0, 1]",0.0
0.5772777777777778,0,-0.00043756596103503985,1.0953349772942242e-05,-3.3231266398560518e-09,2,"[0.026807765298923814, 0.05404259799157758, 0.5772777777777778, 1.0, 1]",0.0
0.5777055555555556,0,-0.0004389528041420359,1.0997787390748004e-05,-3.3502630773212038e-09,2,"[0.02690107038357989, 0.05410370910268869, 0.5777055555555556, 1.0, 1]",0.0
0.5781333333333334,0,-0.0004403416805137777,1.1042343630726711e-05,-3.3775831293808197e-09,2,"[0.026994521863297705, 0.054164820213799814, 0.5781333333333334, 1.0, 1]",0.0
0.5785611111111112,0,-0.00044173259015026624,1.1087018649439766e-05,-3.4050877844185522e-09,2,"[0.02708811973807726, 0.05422593132491092, 0.5785611111111112, 1.0, 1]",0.0
0.5789888888888889,0,-0.0004431255330515008,1.1131812603448534e-05,-3.432778034786541e-09,2,"[0.027181864007918527, 0.05428704243602202, 0.5789888888888889, 1.0, 1]",0.0
0.5794166666666667,0,-0.00044452050921748177,1.1176725649314421e-05,-3.4606548768160258e-09,2,"[0.027275754672821534, 0.05434815354713314, 0.5794166666666667, 1.0, 1]",0.0
0.5798444444444445,0,-0.0004459175186482088,1.1221757943598809e-05,-3.4887193108278857e-09,2,"[0.027369791732786253, 0.05440926465824425, 0.5798444444444445, 1.0, 1]",0.0
0.5802722222222223,0,-0.00044731656134368184,1.1266909642863069e-05,-3.516972341143248e-09,2,"[0.02746397518781271, 0.05447037576935537, 0.5802722222222223, 1.0, 1]",0.0
0.5807,0,-0.0004487176373039009,1.1312180903668587e-05,-3.5454149760941023e-09,2,"[0.027558305037900882, 0.05453148688046647, 0.5807, 1.0, 1]",0.0
0.5811277777777778,0,-0.00045012074652886686,1.135757188257677e-05,-3.5740482280339326e-09,2,"[0.027652781283050792, 0.05459259799157758, 0.5811277777777778, 1.0, 1]",0.0
0.5815555555555556,0,-0.00045152588901857906,1.1403082736149e-05,-3.6028731133483245e-09,2,"[0.027747403923262443, 0.0546537091026887, 0.5815555555555556, 1.0, 1]",0.0
0.5819833333333334,0,-0.0004529330647730373,1.144871362094664e-05,-3.631890652465618e-09,2,"[0.027842172958535832, 0.05471482021379981, 0.5819833333333334, 1.0, 1]",0.0
0.5824111111111111,0,-0.00045434227379224153,1.1494464693531085e-05,-3.6611018698676014e-09,2,"[0.027937088388870907, 0.054775931324910904, 0.5824111111111111, 1.0, 1]",0.0
0.5828388888888889,0,-0.000455753516076192,1.1540336110463729e-05,-3.690507794100172e-09,2,"[0.02803215021426772, 0.05483704243602203, 0.5828388888888889, 1.0, 1]",0.0
0.5832666666666667,0,-0.00045716679162488897,1.1586328028305947e-05,-3.7201094577840154e-09,2,"[0.028127358434726274, 0.054898153547133136, 0.5832666666666667, 1.0, 1]",0.0
0.5836944444444445,0,-0.00045858210043833194,1.1632440603619143e-05,-3.749907897625339e-09,2,"[0.028222713050246567, 0.05495926465824426, 0.5836944444444445, 1.0, 1]",0.0
0.5841222222222222,0,-0.00045999944251652115,1.167867399296467e-05,-3.779904154426549e-09,2,"[0.028318214060828545, 0.055020375769355354, 0.5841222222222222, 1.0, 1]",0.0
0.58455,0,-0.0004614188178594566,1.1725028352903942e-05,-3.810099273097045e-09,2,"[0.028413861466472318, 0.05508148688046646, 0.58455, 1.0, 1]",0.0
0.5849777777777778,0,-0.0004628402264671387,1.1771503839998346e-05,-3.8404943026639215e-09,2,"[0.028509655267177803, 0.055142597991577585, 0.5849777777777778, 1.0, 1]",0.0
0.5854055555555556,0,-0.00046426366833956666,1.1818100610809246e-05,-3.871090296282726e-09,2,"[0.02860559546294497, 0.055203709102688694, 0.5854055555555556, 1.0, 1]",0.0
0.5858333333333333,0,-0.0004656891434767406,1.1864818821898032e-05,-3.901888311248269e-09,2,"[0.02870168205377388, 0.055264820213799803, 0.5858333333333333, 1.0, 1]",0.0
0.5862611111111111,0,-0.00046711665187866124,1.1911658629826108e-05,-3.932889409005408e-09,2,"[0.028797915039664557, 0.05532593132491091, 0.5862611111111111, 1.0, 1]",0.0
0.5866888888888889,0,-0.0004685461935453279,1.1958620191154842e-05,-3.964094655159813e-09,2,"[0.028894294420616945, 0.05538704243602202, 0.5866888888888889, 1.0, 1]",0.0
0.5871166666666667,0,-0.000469977768476741,1.2005703662445631e-05,-3.995505119488836e-09,2,"[0.028990820196631073, 0.055448153547133144, 0.5871166666666667, 1.0, 1]",0.0
0.5875444444444444,0,-0.00047141137667289993,1.205290920025984e-05,-4.027121875952293e-09,2,"[0.029087492367706885, 0.05550926465824424, 0.5875444444444444, 1.0, 1]",0.0
0.5879722222222222,0,-0.0004728470181338051,1.2100236961158873e-05,-4.058946002703365e-09,2,"[0.029184310933844437, 0.05557037576935536, 0.5879722222222222, 1.0, 1]",0.0
0.5884,0,-0.00047428469285945693,1.2147687101704127e-05,-4.090978582099421e-09,2,"[0.029281275895043757, 0.05563148688046647, 0.5884, 1.0, 1]",0.0
0.5888277777777778,0,-0.00047572440084985457,1.2195259778456948e-05,-4.123220700712867e-09,2,"[0.02937838725130476, 0.05569259799157758, 0.5888277777777778, 1.0, 1]",0.0
0.5892555555555555,0,-0.00047716614210499845,1.2242955147978746e-05,-4.15567344934211e-09,2,"[0.029475645002627476, 0.05575370910268869, 0.5892555555555555, 1.0, 1]",0.0
0.5896833333333333,0,-0.0004786099166248888,1.2290773366830918e-05,-4.188337923022404e-09,2,"[0.029573049149011987, 0.0558148202137998, 0.5896833333333333, 1.0, 1]",0.0
0.5901111111111111,0,-0.0004800557244095254,1.233871459157484e-05,-4.22121522103677e-09,2,"[0.02967059969045821, 0.05587593132491092, 0.5901111111111111, 1.0, 1]",0.0
0.590538888888889,0,-0.0004815035654589082,1.2386778978771885e-05,-4.254306446926926e-09,2,"[0.029768296626966145, 0.05593704243602203, 0.590538888888889, 1.0, 1]",0.0
0.5909666666666666,0,-0.00048295343977303683,1.2434966684983444e-05,-4.287612708504256e-09,2,"[0.029866139958535792, 0.055998153547133125, 0.5909666666666666, 1.0, 1]",0.0
0.5913944444444444,0,-0.00048440534735191235,1.2483277866770914e-05,-4.321135117860752e-09,2,"[0.029964129685167207, 0.05605926465824425, 0.5913944444444444, 1.0, 1]",0.0
0.5918222222222222,0,-0.0004858592881955337,1.2531712680695675e-05,-4.3548747913799746e-09,2,"[0.030062265806860305, 0.05612037576935536, 0.5918222222222222, 1.0, 1]",0.0
0.59225,0,-0.00048731526230390146,1.2580271283319113e-05,-4.388832849748049e-09,2,"[0.03016054832361517, 0.05618148688046648, 0.59225, 1.0, 1]",0.0
0.5926777777777779,0,-0.0004887732696770155,1.2628953831202598e-05,-4.423010417964661e-09,2,"[0.030258977235431778, 0.05624259799157759, 0.5926777777777779, 1.0, 1]",0.0
0.5931055555555556,0,-0.0004902333103148751,1.2677760480907521e-05,-4.457408625354081e-09,2,"[0.03035755254231004, 0.056303709102688684, 0.5931055555555556, 1.0, 1]",0.0
0.5935333333333334,0,-0.0004916953842174814,1.2726691388995288e-05,-4.492028605576205e-09,2,"[0.03045627424425007, 0.05636482021379981, 0.5935333333333334, 1.0, 1]",0.0
0.5939611111111112,0,-0.0004931594913848341,1.2775746712027276e-05,-4.526871496637546e-09,2,"[0.030555142341251867, 0.056425931324910916, 0.5939611111111112, 1.0, 1]",0.0
0.594388888888889,0,-0.0004946256318169329,1.282492660656486e-05,-4.561938440902327e-09,2,"[0.03065415683331535, 0.05648704243602204, 0.594388888888889, 1.0, 1]",0.0
0.5948166666666667,0,-0.0004960938055137777,1.2874231229169417e-05,-4.5972305851035455e-09,2,"[0.030753317720440543, 0.056548153547133134, 0.5948166666666667, 1.0, 1]",0.0
0.5952444444444445,0,-0.000497564012475369,1.292366073640236e-05,-4.632749080354077e-09,2,"[0.03085262500262753, 0.05660926465824424, 0.5952444444444445, 1.0, 1]",0.0
0.5956722222222223,0,-0.0004990362527017065,1.2973215284825063e-05,-4.668495082157729e-09,2,"[0.030952078679876177, 0.056670375769355366, 0.5956722222222223, 1.0, 1]",0.0
0.5961000000000001,0,-0.00050051052619279,1.3022895030998905e-05,-4.704469750420376e-09,2,"[0.03105167875218659, 0.056731486880466475, 0.5961000000000001, 1.0, 1]",0.0
0.5965277777777778,0,-0.0005019868329486204,1.3072700131485273e-05,-4.740674249461094e-09,2,"[0.031151425219558743, 0.05679259799157757, 0.5965277777777778, 1.0, 1]",0.0
0.5969555555555556,0,-0.0005034651729691964,1.3122630742845563e-05,-4.7771097480232945e-09,2,"[0.03125131808199258, 0.05685370910268869, 0.5969555555555556, 1.0, 1]",0.0
0.5973833333333334,0,-0.0005049455462545184,1.3172687021641139e-05,-4.813777419285857e-09,2,"[0.031351357339488184, 0.0569148202137998, 0.5973833333333334, 1.0, 1]",0.0
0.5978111111111112,0,-0.0005064279528045873,1.3222869124433411e-05,-4.850678440874341e-09,2,"[0.03145154299204553, 0.056975931324910925, 0.5978111111111112, 1.0, 1]",0.0
0.5982388888888889,0,-0.0005079123926194023,1.3273177207783745e-05,-4.887813994872116e-09,2,"[0.031551875039664556, 0.05703704243602202, 0.5982388888888889, 1.0, 1]",0.0
0.5986666666666667,0,-0.0005093988656989632,1.3323611428253545e-05,-4.9251852678316075e-09,2,"[0.031652353482345325, 0.05709815354713313, 0.5986666666666667, 1.0, 1]",0.0
0.5990944444444445,0,-0.0005108873720432702,1.3374171942404182e-05,-4.962793450785459e-09,2,"[0.03175297832008783, 0.05715926465824425, 0.5990944444444445, 1.0, 1]",0.0
0.5995222222222223,0,-0.0005123779116523239,1.3424858906797047e-05,-5.000639739257794e-09,2,"[0.03185374955289205, 0.05722037576935536, 0.5995222222222223, 1.0, 1]",0.0
0.59995,0,-0.0005138704845261231,1.3475672477993512e-05,-5.038725333275423e-09,2,"[0.03195466718075801, 0.05728148688046647, 0.59995, 1.0, 1]",0.0
0.6003777777777778,0,-0.0005153650906646693,1.3526612812554988e-05,-5.07705143737914e-09,2,"[0.03205573120368571, 0.05734259799157758, 0.6003777777777778, 1.0, 1]",0.0
0.6008055555555556,0,-0.0005168617300679619,1.3577680067042852e-05,-5.115619260634936e-09,2,"[0.03215694162167512, 0.05740370910268869, 0.6008055555555556, 1.0, 1]",0.0
0.6012333333333334,0,-0.0005183604027360005,1.3628874398018478e-05,-5.154430016645297e-09,2,"[0.0322582984347263, 0.05746482021379981, 0.6012333333333334, 1.0, 1]",0.0
0.6016611111111111,0,-0.0005198611086687847,1.3680195962043245e-05,-5.1934849235605064e-09,2,"[0.032359801642839164, 0.057525931324910906, 0.6016611111111111, 1.0, 1]",0.0
0.6020888888888889,0,-0.0005213638478663158,1.3731644915678569e-05,-5.232785204089976e-09,2,"[0.03246145124601374, 0.05758704243602203, 0.6020888888888889, 1.0, 1]",0.0
0.6025166666666667,0,-0.0005228686203285925,1.3783221415485815e-05,-5.272332085513504e-09,2,"[0.03256324724425008, 0.05764815354713314, 0.6025166666666667, 1.0, 1]",0.0
0.6029444444444445,0,-0.0005243754260556161,1.3834925618026369e-05,-5.312126799692662e-09,2,"[0.032665189637548164, 0.05770926465824425, 0.6029444444444445, 1.0, 1]",0.0
0.6033722222222222,0,-0.0005258842650473853,1.3886757679861615e-05,-5.352170583082126e-09,2,"[0.0327672784259079, 0.057770375769355356, 0.6033722222222222, 1.0, 1]",0.0
0.6038,0,-0.0005273951373039014,1.3938717757552945e-05,-5.392464676741055e-09,2,"[0.03286951360932944, 0.057831486880466465, 0.6038, 1.0, 1]",0.0
0.6042277777777778,0,-0.000528908042825163,1.399080600766174e-05,-5.433010326344441e-09,2,"[0.03297189518781271, 0.05789259799157759, 0.6042277777777778, 1.0, 1]",0.0
0.6046555555555556,0,-0.0005304229816111716,1.4043022586749398e-05,-5.473808782194538e-09,2,"[0.03307442316135767, 0.0579537091026887, 0.6046555555555556, 1.0, 1]",0.0
0.6050833333333333,0,-0.0005319399536619257,1.4095367651377276e-05,-5.51486129923221e-09,2,"[0.03317709752996437, 0.05801482021379979, 0.6050833333333333, 1.0, 1]",0.0
0.6055111111111111,0,-0.0005334589589774263,1.4147841358106795e-05,-5.556169137048438e-09,2,"[0.033279918293632804, 0.058075931324910915, 0.6055111111111111, 1.0, 1]",0.0
0.6059388888888889,0,-0.0005349799975576736,1.4200443863499318e-05,-5.597733559895661e-09,2,"[0.033382885452362954, 0.058137042436022024, 0.6059388888888889, 1.0, 1]",0.0
0.6063666666666667,0,-0.0005365030694026665,1.425317532411623e-05,-5.639555836699277e-09,2,"[0.03348599900615484, 0.05819815354713315, 0.6063666666666667, 1.0, 1]",0.0
0.6067944444444445,0,-0.0005380281745124062,1.4306035896518932e-05,-5.681637241069109e-09,2,"[0.0335892589550085, 0.058259264658244256, 0.6067944444444445, 1.0, 1]",0.0
0.6072222222222222,0,-0.0005395553128868916,1.4359025737268776e-05,-5.723979051310827e-09,2,"[0.033692665298923785, 0.05832037576935535, 0.6072222222222222, 1.0, 1]",0.0
0.60765,0,-0.0005410844845261238,1.4412145002927199e-05,-5.766582550437541e-09,2,"[0.033796218037900894, 0.058381486880466474, 0.60765, 1.0, 1]",0.0
0.6080777777777778,0,-0.0005426156894301016,1.4465393850055538e-05,-5.809449026181158e-09,2,"[0.033899917171939686, 0.05844259799157758, 0.6080777777777778, 1.0, 1]",0.0
0.6085055555555556,0,-0.0005441489275988264,1.4518772435215212e-05,-5.8525797710040485e-09,2,"[0.03400376270104022, 0.058503709102688706, 0.6085055555555556, 1.0, 1]",0.0
0.6089333333333333,0,-0.0005456841990322962,1.4572280914967574e-05,-5.895976082110455e-09,2,"[0.03410775462520246, 0.0585648202137998, 0.6089333333333333, 1.0, 1]",0.0
0.6093611111111111,0,-0.000547221503730513,1.462591944587404e-05,-5.939639261458144e-09,2,"[0.03421189294442645, 0.05862593132491091, 0.6093611111111111, 1.0, 1]",0.0
0.6097888888888889,0,-0.000548760841693476,1.4679688184495988e-05,-5.983570615769885e-09,2,"[0.03431617765871217, 0.05868704243602203, 0.6097888888888889, 1.0, 1]",0.0
0.6102166666666667,0,-0.0005503022129211855,1.47335872873948e-05,-6.027771456545054e-09,2,"[0.03442060876805961, 0.05874815354713314, 0.6102166666666667, 1.0, 1]",0.0
0.6106444444444444,0,-0.000551845617413641,1.478761691113185e-05,-6.072243100071216e-09,2,"[0.03452518627246878, 0.05880926465824424, 0.6106444444444444, 1.0, 1]",0.0
0.6110722222222222,0,-0.0005533910551708425,1.4841777212268541e-05,-6.116986867435753e-09,2,"[0.03462991017193967, 0.05887037576935536, 0.6110722222222222, 1.0, 1]",0.0
0.6115,0,-0.0005549385261927904,1.4896068347366259e-05,-6.162004084537441e-09,2,"[0.034734780466472326, 0.05893148688046647, 0.6115, 1.0, 1]",0.0
0.6119277777777778,0,-0.0005564880304794844,1.4950490472986374e-05,-6.2072960820980876e-09,2,"[0.03483979715606669, 0.05899259799157759, 0.6119277777777778, 1.0, 1]",0.0
0.6123555555555555,0,-0.0005580395680309245,1.5005043745690263e-05,-6.2528641956741866e-09,2,"[0.034944960240722744, 0.05905370910268869, 0.6123555555555555, 1.0, 1]",0.0
0.6127833333333333,0,-0.0005595931388471109,1.5059728322039347e-05,-6.298709765668607e-09,2,"[0.03505026972044056, 0.059114820213799796, 0.6127833333333333, 1.0, 1]",0.0
0.6132111111111112,0,-0.0005611487429280439,1.5114544358595001e-05,-6.344834137342196e-09,2,"[0.03515572559522012, 0.05917593132491092, 0.6132111111111112, 1.0, 1]",0.0
0.613638888888889,0,-0.000562706380273723,1.5169492011918591e-05,-6.3912386608254904e-09,2,"[0.03526132786506139, 0.05923704243602203, 0.613638888888889, 1.0, 1]",0.0
0.6140666666666666,0,-0.0005642660508841478,1.5224571438571504e-05,-6.437924691130437e-09,2,"[0.035367076529964375, 0.05929815354713314, 0.6140666666666666, 1.0, 1]",0.0
0.6144944444444445,0,-0.0005658277547593193,1.527978279511514e-05,-6.48489358816211e-09,2,"[0.0354729715899291, 0.059359264658244246, 0.6144944444444445, 1.0, 1]",0.0
0.6149222222222223,0,-0.0005673914918992376,1.533512623811089e-05,-6.5321467167304134e-09,2,"[0.03557901304495556, 0.059420375769355355, 0.6149222222222223, 1.0, 1]",0.0
0.6153500000000001,0,-0.0005689572623039011,1.539060192412013e-05,-6.579685446561812e-09,2,"[0.03568520089504376, 0.05948148688046648, 0.6153500000000001, 1.0, 1]",0.0
0.6157777777777778,0,-0.0005705250659733108,1.5446210009704225e-05,-6.627511152311105e-09,2,"[0.03579153514019365, 0.05954259799157757, 0.6157777777777778, 1.0, 1]",0.0
0.6162055555555556,0,-0.0005720949029074676,1.5501950651424595e-05,-6.6756252135732374e-09,2,"[0.035898015780405274, 0.059603709102688696, 0.6162055555555556, 1.0, 1]",0.0
0.6166333333333334,0,-0.0005736667731063703,1.5557824005842614e-05,-6.724029014895006e-09,2,"[0.03600464281567867, 0.059664820213799805, 0.6166333333333334, 1.0, 1]",0.0
0.6170611111111112,0,-0.0005752406765700192,1.5613830229519652e-05,-6.772723945786885e-09,2,"[0.03611141624601377, 0.059725931324910914, 0.6170611111111112, 1.0, 1]",0.0
0.6174888888888889,0,-0.0005768166132984143,1.5669969479017097e-05,-6.821711400734866e-09,2,"[0.03621833607141056, 0.05978704243602202, 0.6174888888888889, 1.0, 1]",0.0
0.6179166666666667,0,-0.0005783945832915557,1.5726241910896363e-05,-6.87099277921228e-09,2,"[0.03632540229186912, 0.05984815354713313, 0.6179166666666667, 1.0, 1]",0.0
0.6183444444444445,0,-0.0005799745865494433,1.5782647681718813e-05,-6.920569485691584e-09,2,"[0.03643261490738944, 0.059909264658244255, 0.6183444444444445, 1.0, 1]",0.0
0.6187722222222223,0,-0.0005815566230720771,1.583918694804584e-05,-6.970442929656263e-09,2,"[0.036539973917971424, 0.059970375769355364, 0.6187722222222223, 1.0, 1]",0.0
0.6192000000000001,0,-0.0005831406928594572,1.5895859866438824e-05,-7.02061452561269e-09,2,"[0.03664747932361517, 0.06003148688046647, 0.6192000000000001, 1.0, 1]",0.0
0.6196277777777778,0,-0.0005847267959115831,1.5952666593459134e-05,-7.0710856931019755e-09,2,"[0.036755131124320634, 0.06009259799157758, 0.6196277777777778, 1.0, 1]",0.0
0.6200555555555556,0,-0.0005863149322284557,1.6009607285668193e-05,-7.121857856711945e-09,2,"[0.036862929320087834, 0.06015370910268869, 0.6200555555555556, 1.0, 1]",0.0
0.6204833333333334,0,-0.0005879051018100745,1.606668209962736e-05,-7.172932446088936e-09,2,"[0.036970873910916774, 0.06021482021379981, 0.6204833333333334, 1.0, 1]",0.0
0.6209111111111112,0,-0.0005894973046564391,1.6123891191898023e-05,-7.224310895949803e-09,2,"[0.037078964896807426, 0.06027593132491092, 0.6209111111111112, 1.0, 1]",0.0
0.6213388888888889,0,-0.00059109154076755,1.618123471904155e-05,-7.275994646093812e-09,2,"[0.03718720227775976, 0.06033704243602202, 0.6213388888888889, 1.0, 1]",0.0
0.6217666666666667,0,-0.0005926878101434075,1.623871283761938e-05,-7.327985141414668e-09,2,"[0.037295586053773894, 0.06039815354713314, 0.6217666666666667, 1.0, 1]",0.0
0.6221944444444445,0,-0.0005942861127840113,1.629632570419286e-05,-7.38028383191235e-09,2,"[0.037404116224849765, 0.06045926465824425, 0.6221944444444445, 1.0, 1]",0.0
0.6226222222222223,0,-0.0005958864486893608,1.635407347532337e-05,-7.432892172705185e-09,2,"[0.03751279279098729, 0.06052037576935537, 0.6226222222222223, 1.0, 1]",0.0
0.62305,0,-0.0005974888178594567,1.6411956307572314e-05,-7.485811624041839e-09,2,"[0.03762161575218659, 0.06058148688046647, 0.62305, 1.0, 1]",0.0
0.6234777777777778,0,-0.0005990932202942987,1.6469974357501076e-05,-7.539043651313287e-09,2,"[0.03773058510844762, 0.060642597991577576, 0.6234777777777778, 1.0, 1]",0.0
0.6239055555555556,0,-0.0006006996559938879,1.6528127781671032e-05,-7.592589725064847e-09,2,"[0.03783970085977037, 0.0607037091026887, 0.6239055555555556, 1.0, 1]",0.0
0.6243333333333334,0,-0.0006023081249582224,1.6586416736643573e-05,-7.646451321008231e-09,2,"[0.037948963006154884, 0.06076482021379981, 0.6243333333333334, 1.0, 1]",0.0
0.6247611111111111,0,-0.0006039186271873032,1.6644841378980077e-05,-7.700629920033572e-09,2,"[0.038058371547601055, 0.060825931324910903, 0.6247611111111111, 1.0, 1]",0.0
0.6251888888888889,0,-0.0006055311626811303,1.6703401865241932e-05,-7.755127008221503e-09,2,"[0.038167926484108994, 0.060887042436022026, 0.6251888888888889, 1.0, 1]",0.0
0.6256166666666667,0,-0.000607145731439704,1.6762098351990536e-05,-7.809944076855245e-09,2,"[0.03827762781567867, 0.060948153547133135, 0.6256166666666667, 1.0, 1]",0.0
0.6260444444444445,0,-0.0006087623334630235,1.682093099578727e-05,-7.865082622432666e-09,2,"[0.03838747554231009, 0.06100926465824426, 0.6260444444444445, 1.0, 1]",0.0
0.6264722222222222,0,-0.0006103809687510892,1.6879899953193492e-05,-7.920544146678375e-09,2,"[0.038497469664003164, 0.06107037576935535, 0.6264722222222222, 1.0, 1]",0.0
0.6269,0,-0.0006120016373039012,1.6939005380770623e-05,-7.976330156555934e-09,2,"[0.038607610180758034, 0.06113148688046646, 0.6269, 1.0, 1]",0.0
0.6273277777777778,0,-0.0006136243391214599,1.699824743508005e-05,-8.032442164279895e-09,2,"[0.038717897092574616, 0.061192597991577585, 0.6273277777777778, 1.0, 1]",0.0
0.6277555555555556,0,-0.0006152490742037639,1.705762627268314e-05,-8.088881687327956e-09,2,"[0.03882833039945291, 0.061253709102688694, 0.6277555555555556, 1.0, 1]",0.0
0.6281833333333333,0,-0.0006168758425508146,1.7117142050141265e-05,-8.145650248453152e-09,2,"[0.03893891010139294, 0.06131482021379979, 0.6281833333333333, 1.0, 1]",0.0
0.6286111111111111,0,-0.000618504644162612,1.717679492401584e-05,-8.202749375696066e-09,2,"[0.039049636198394716, 0.06137593132491091, 0.6286111111111111, 1.0, 1]",0.0
0.6290388888888889,0,-0.0006201354790391552,1.723658505086824e-05,-8.260180602396932e-09,2,"[0.0391605086904582, 0.06143704243602202, 0.6290388888888889, 1.0, 1]",0.0
0.6294666666666667,0,-0.0006217683471804446,1.729651258725985e-05,-8.317945467207895e-09,2,"[0.039271527577583426, 0.061498153547133144, 0.6294666666666667, 1.0, 1]",0.0
0.6298944444444444,0,-0.0006234032485864799,1.735657768975203e-05,-8.376045514105193e-09,2,"[0.03938269285977036, 0.06155926465824424, 0.6298944444444444, 1.0, 1]",0.0
0.6303222222222222,0,-0.0006250401832572622,1.741678051490622e-05,-8.434482292401479e-09,2,"[0.03949400453701904, 0.06162037576935535, 0.6303222222222222, 1.0, 1]",0.0
0.63075,0,-0.0006266791511927899,1.7477121219283775e-05,-8.493257356757924e-09,2,"[0.039605462609329456, 0.06168148688046647, 0.63075, 1.0, 1]",0.0
0.6311777777777778,0,-0.0006283201523930643,1.7537599959446068e-05,-8.55237226719656e-09,2,"[0.03971706707670161, 0.06174259799157758, 0.6311777777777778, 1.0, 1]",0.0
0.6316055555555555,0,-0.0006299631868580854,1.759821689195449e-05,-8.611828589112567e-09,2,"[0.03982881793913545, 0.06180370910268869, 0.6316055555555555, 1.0, 1]",0.0
0.6320333333333333,0,-0.0006316082545878519,1.765897217337045e-05,-8.671627893286548e-09,2,"[0.03994071519663103, 0.0618648202137998, 0.6320333333333333, 1.0, 1]",0.0
0.6324611111111111,0,-0.000633255355582365,1.771986596025532e-05,-8.731771755896781e-09,2,"[0.04005275884918838, 0.06192593132491091, 0.6324611111111111, 1.0, 1]",0.0
0.632888888888889,0,-0.0006349044898416248,1.7780898409170465e-05,-8.792261758531569e-09,2,"[0.04016494889680741, 0.06198704243602203, 0.632888888888889, 1.0, 1]",0.0
0.6333166666666667,0,-0.0006365556573656299,1.7842069676677296e-05,-8.853099488201614e-09,2,"[0.040277285339488184, 0.06204815354713314, 0.6333166666666667, 1.0, 1]",0.0
0.6337444444444444,0,-0.0006382088581543813,1.790337991933719e-05,-8.914286537352279e-09,2,"[0.040389768177230695, 0.06210926465824425, 0.6337444444444444, 1.0, 1]",0.0
0.6341722222222222,0,-0.0006398640922078794,1.7964829293711535e-05,-8.975824503876009e-09,2,"[0.04050239741003492, 0.06217037576935536, 0.6341722222222222, 1.0, 1]",0.0
0.6346,0,-0.0006415213595261238,1.8026417956361723e-05,-9.03771499112466e-09,2,"[0.04061517303790091, 0.062231486880466466, 0.6346, 1.0, 1]",0.0
0.6350277777777779,0,-0.0006431806601091143,1.8088146063849126e-05,-9.0999596079219e-09,2,"[0.04072809506082861, 0.06229259799157759, 0.6350277777777779, 1.0, 1]",0.0
0.6354555555555556,0,-0.0006448419939568503,1.8150013772735113e-05,-9.162559968575592e-09,2,"[0.04084116347881797, 0.062353709102688684, 0.6354555555555556, 1.0, 1]",0.0
0.6358833333333334,0,-0.0006465053610693333,1.821202123958111e-05,-9.22551769289029e-09,2,"[0.04095437829186915, 0.06241482021379981, 0.6358833333333334, 1.0, 1]",0.0
0.6363111111111112,0,-0.0006481707614465626,1.827416862094849e-05,-9.288834406179544e-09,2,"[0.04106773949998205, 0.062475931324910916, 0.6363111111111112, 1.0, 1]",0.0
0.636738888888889,0,-0.0006498381950885377,1.833645607339863e-05,-9.352511739278396e-09,2,"[0.041181247103156626, 0.06253704243602203, 0.636738888888889, 1.0, 1]",0.0
0.6371666666666667,0,-0.000651507661995259,1.839888375349289e-05,-9.416551328555828e-09,2,"[0.041294901101392945, 0.06259815354713313, 0.6371666666666667, 1.0, 1]",0.0
0.6375944444444445,0,-0.0006531791621667266,1.846145181779271e-05,-9.480954815927318e-09,2,"[0.041408701494691, 0.06265926465824424, 0.6375944444444445, 1.0, 1]",0.0
0.6380222222222223,0,-0.0006548526956029413,1.852416042285945e-05,-9.545723848867153e-09,2,"[0.0415226482830508, 0.06272037576935537, 0.6380222222222223, 1.0, 1]",0.0
0.6384500000000001,0,-0.0006565282623039013,1.858700972525449e-05,-9.610860080421056e-09,2,"[0.04163674146647234, 0.06278148688046647, 0.6384500000000001, 1.0, 1]",0.0
0.6388777777777778,0,-0.0006582058622696076,1.8649999881539203e-05,-9.676365169218638e-09,2,"[0.04175098104495556, 0.06284259799157757, 0.6388777777777778, 1.0, 1]",0.0
0.6393055555555556,0,-0.0006598854955000606,1.8713131048275e-05,-9.742240779485985e-09,2,"[0.04186536701850052, 0.06290370910268869, 0.6393055555555556, 1.0, 1]",0.0
0.6397333333333334,0,-0.0006615671619952594,1.877640338202326e-05,-9.808488581058126e-09,2,"[0.04197989938710725, 0.0629648202137998, 0.6397333333333334, 1.0, 1]",0.0
0.6401611111111112,0,-0.0006632508617552048,1.8839817039345377e-05,-9.875110249391629e-09,2,"[0.04209457815077569, 0.06302593132491092, 0.6401611111111112, 1.0, 1]",0.0
0.6405888888888889,0,-0.0006649365947798957,1.8903372176802687e-05,-9.94210746557709e-09,2,"[0.042209403309505816, 0.06308704243602202, 0.6405888888888889, 1.0, 1]",0.0
0.6410166666666667,0,-0.0006666243610693336,1.896706895095665e-05,-1.0009481916351918e-08,2,"[0.04232437486329771, 0.06314815354713313, 0.6410166666666667, 1.0, 1]",0.0
0.6414444444444445,0,-0.0006683141606235173,1.9030907518368616e-05,-1.007723529411267e-08,2,"[0.04243949281215134, 0.06320926465824425, 0.6414444444444445, 1.0, 1]",0.0
0.6418722222222223,0,-0.0006700059934424473,1.9094888035599954e-05,-1.01453692969278e-08,2,"[0.042554757156066686, 0.06327037576935536, 0.6418722222222223, 1.0, 1]",0.0
0.6423,0,-0.0006716998595261231,1.9159010659212053e-05,-1.021388562855028e-08,2,"[0.042670167895043715, 0.06333148688046646, 0.6423, 1.0, 1]",0.0
0.6427277777777778,0,-0.000673395758874546,1.922327554576633e-05,-1.0282785998430266e-08,2,"[0.042785725029082566, 0.06339259799157758, 0.6427277777777778, 1.0, 1]",0.0
0.6431555555555556,0,-0.0006750936914877147,1.9287682851824144e-05,-1.0352072121727615e-08,2,"[0.042901428558183075, 0.06345370910268869, 0.6431555555555556, 1.0, 1]",0.0
0.6435833333333334,0,-0.0006767936573656297,1.935223273394689e-05,-1.0421745719324702e-08,2,"[0.04301727848234535, 0.06351482021379981, 0.6435833333333334, 1.0, 1]",0.0
0.6440111111111111,0,-0.0006784956565082904,1.9416925348695945e-05,-1.0491808517838993e-08,2,"[0.04313327480156931, 0.0635759313249109, 0.6440111111111111, 1.0, 1]",0.0
0.6444388888888889,0,-0.0006801996889156983,1.94817608526327e-05,-1.0562262249635816e-08,2,"[0.04324941751585501, 0.06363704243602201, 0.6444388888888889, 1.0, 1]",0.0
0.6448666666666667,0,-0.000681905754587852,1.9546739402318553e-05,-1.063310865284102e-08,2,"[0.04336570662520248, 0.06369815354713314, 0.6448666666666667, 1.0, 1]",0.0
0.6452944444444445,0,-0.0006836138535247519,1.961186115431487e-05,-1.0704349471353688e-08,2,"[0.043482142129611656, 0.06375926465824425, 0.6452944444444445, 1.0, 1]",0.0
0.6457222222222222,0,-0.0006853239857263976,1.9677126265183023e-05,-1.0775986454858889e-08,2,"[0.04359872402908252, 0.06382037576935536, 0.6457222222222222, 1.0, 1]",0.0
0.64615,0,-0.0006870361511927904,1.9742534891484443e-05,-1.0848021358840494e-08,2,"[0.04371545232361518, 0.06388148688046646, 0.64615, 1.0, 1]",0.0
0.6465777777777778,0,-0.000688750349923929,1.9808087189780495e-05,-1.0920455944593806e-08,2,"[0.04383232701320955, 0.06394259799157757, 0.6465777777777778, 1.0, 1]",0.0
0.6470055555555556,0,-0.0006904665819198135,1.9873783316632543e-05,-1.0993291979238402e-08,2,"[0.043949348097865604, 0.0640037091026887, 0.6470055555555556, 1.0, 1]",0.0
0.6474333333333334,0,-0.000692184847180445,1.9939623428602013e-05,-1.1066531235730997e-08,2,"[0.044066515577583454, 0.0640648202137998, 0.6474333333333334, 1.0, 1]",0.0
0.6478611111111111,0,-0.0006939051457058215,2.0005607682250225e-05,-1.1140175492878058e-08,2,"[0.04418382945236296, 0.06412593132491091, 0.6478611111111111, 1.0, 1]",0.0
0.6482888888888889,0,-0.0006956274774959451,2.007173623413863e-05,-1.1214226535348897e-08,2,"[0.044301289722204235, 0.06418704243602202, 0.6482888888888889, 1.0, 1]",0.0
0.6487166666666667,0,-0.0006973518425508154,2.0138009240828608e-05,-1.128868615368826e-08,2,"[0.04441889638710725, 0.06424815354713313, 0.6487166666666667, 1.0, 1]",0.0
0.6491444444444445,0,-0.000699078240870431,2.02044268588815e-05,-1.1363556144329232e-08,2,"[0.044536649447071974, 0.06430926465824426, 0.6491444444444445, 1.0, 1]",0.0
0.6495722222222222,0,-0.0007008066724547929,2.0270989244858722e-05,-1.1438838309606213e-08,2,"[0.04465454890209841, 0.06437037576935535, 0.6495722222222222, 1.0, 1]",0.0
0.65,0,-0.000702537137303901,2.0337696555321667e-05,-1.1514534457767678e-08,2,"[0.04477259475218662, 0.06443148688046647, 0.65, 1.0, 1]",0.0
