parameter,branch,g2,g3,discriminant,character,operator_ascending,constant
-0.5,0,4.2849087228743855e-07,-5.5329194267400414e-08,-8.265555426073148e-14,5,"[0.0001596023996468256, -0.0010404718198692932, -0.009731130547457077, 0.20725623582766442, 1.0, 1]",0.0
-0.4886111111111111,0,-4.4555841104764484e-07,-5.2492449968937696e-08,-7.439743565429803e-14,5,"[0.00015371838135277033, -0.0009989609060336233, -0.008648944656603864, 0.20962896682629634, 1.0, 1]",0.0
-0.4772222222222222,0,-1.2823932851745694e-06,-4.971566346649581e-08,-6.673658317315818e-14,5,"[0.00014791243986948463, -0.000957092120072556, -0.007561153025713307, 0.21202505008505565, 1.0, 1]",0.0
-0.4658333333333333,0,-2.0810771105579635e-06,-4.6999301155372534e-08,-5.96502392447959e-14,5,"[0.00014218419602137682, -0.000914860468627409, -0.006467748491528543, 0.2144447930541479, 1.0, 1]",0.0
-0.45444444444444443,0,-2.840653017134232e-06,-4.434387901120308e-08,-5.3115171464084324e-14,5,"[0.0001365331713187743, -0.0008722608554172772, -0.005368724876485574, 0.21688850826025183, 1.0, 1]",0.0
-0.44305555555555554,0,-3.5601434598184356e-06,-4.174996745220479e-08,-4.7107737591701175e-14,5,"[0.00013095878240069363, -0.0008292880784682996, -0.004264077030327307, 0.21935651340743673, 1.0, 1]",0.0
-0.43166666666666664,0,-4.238549763914754e-06,-3.921819654097256e-08,-4.1603954213468224e-14,5,"[0.00012546033521640385, -0.0007859368272541186, -0.003153800873200057, 0.22184913148042834, 1.0, 1]",0.0
-0.42027777777777775,0,-4.874851660201051e-06,-3.674926154675627e-08,-3.657956890029398e-14,5,"[0.00012003701893377907, -0.0007422016797443217, -0.002037893440285705, 0.22436669085028607, 1.0, 1]",0.0
-0.40888888888888886,0,-5.468006809453118e-06,-3.4343928890393705e-08,-3.201013566798809e-14,5,"[0.00011468789956186649, -0.000698077099357504, -0.0009163529280250366, 0.2269095253825548, 1.0, 1]",0.0
-0.39749999999999996,0,-6.016950316169586e-06,-3.200304249539172e-08,-2.7871093492624196e-14,5,"[0.00010941191327450535, -0.0006535574318154813, 0.00021082125801042583, 0.22947797454796012, 1.0, 1]",0.0
-0.38611111111111107,0,-6.520594231253556e-06,-2.972753057004338e-08,-2.413784759033922e-14,5,"[0.00010420785942120702, -0.0006086369018950215, 0.0013436284535384587, 0.23207238353571266, 1.0, 1]",0.0
-0.3747222222222222,0,-6.977827043402319e-06,-2.75184128469497e-08,-2.078585312052861e-14,5,"[9.90743932108549e-05, -0.0005633096100733287, 0.0024820666842160256, 0.23469310336949462, 1.0, 1]",0.0
-0.36333333333333334,0,-7.3875131589514065e-06,-2.5376808307882267e-08,-1.7790700918421268e-14,5,"[9.401001805309407e-05, -0.0005175695290633577, 0.0036261326124548843, 0.23734049102619972, 1.0, 1]",0.0
-0.35194444444444445,0,-7.748492369914587e-06,-2.3303943423585715e-08,-1.5128204807168075e-14,5,"[8.901307754156275e-05, -0.0004714105002348777, 0.004775821482336054, 0.24001490955750215, 1.0, 1]",0.0
-0.34055555555555556,0,-8.059579309956266e-06,-2.1301160939880826e-08,-1.2774489981101152e-14,5,"[8.408174706235909e-05, -0.0004248262299170352, 0.0059311270625538445, 0.24271672821433168, 1.0, 1]",0.0
-0.32916666666666666,0,-8.31956289802782e-06,-1.936992924329708e-08,-1.0706081891065107e-14,5,"[7.921402501034468e-05, -0.0003778102855779971, 0.007092041587317478, 0.24544632257433463, 1.0, 1]",0.0
-0.31777777777777777,0,-8.527205769394501e-06,-1.751185234144387e-08,-8.899995000147261e-15,5,"[7.440772359505082e-05, -0.0003303560918770673, 0.008258555695135502, 0.24820407467240266, 1.0, 1]",0.0
-0.3063888888888889,0,-8.681243693774455e-06,-1.5728680495429116e-08,-7.333820714338314e-15,5,"[6.966045921707866e-05, -0.00028245692658448616, 0.009430658365405308, 0.2509903731343547, 1.0, 1]",0.0
-0.295,0,-8.780384980306439e-06,-1.4022321543860608e-08,-5.985813728395737e-15,5,"[6.49696423949644e-05, -0.00023410591636392056, 0.010608336852727076, 0.253805613313858, 1.0, 1]",0.0
-0.2836111111111111,0,-8.823309869057893e-06,-1.239485296032668e-08,-4.834975963404043e-15,5,"[6.033246722151399e-05, -0.00018529603241244544, 0.011791576618858204, 0.25665019743268036, 1.0, 1]",0.0
-0.2722222222222222,0,-8.808669908779943e-06,-1.0848534688756249e-08,-3.861137210391639e-15,5,"[5.574590032759723e-05, -0.00013602008595260207, 0.012980361262221221, 0.2595245347243641, 1.0, 1]",0.0
-0.26083333333333336,0,-8.735087320611039e-06,-9.385822803715173e-09,-3.0450315352955923e-15,5,"[5.120666933032338e-05, -8.627072357089355e-05, 0.01417467244487451, 0.2624290415814198, 1.0, 1]",0.0
-0.2494444444444444,0,-8.601154347426094e-06,-8.009384045512542e-09,-2.3683684462771967e-15,5,"[4.671125074140056e-05, -3.604042239683452e-05, 0.015374489816851803, 0.26536414170613676, 1.0, 1]",0.0
-0.23805555555555552,0,-8.40543258852297e-06,-6.722111282979906e-09,-1.8138977769476046e-15,5,"[4.225585731030198e-05, 1.4678514883559388e-05, 0.016579790937772575, 0.2683302662651137, 1.0, 1]",0.0
-0.22666666666666668,0,-8.146452319333492e-06,-5.527139959957416e-09,-1.3654672009246351e-15,5,"[3.7836424775623247e-05, 6.589396518623974e-05, 0.01779055119562164, 0.27132785404761367, 1.0, 1]",0.0
-0.2152777777777778,0,-7.822711795841497e-06,-4.4278655848860125e-09,-1.008071267234088e-15,5,"[3.344859799671386e-05, 0.00011761399036619465, 0.019006743722592326, 0.2743573516278525, 1.0, 1]",0.0
-0.2038888888888889,0,-7.432676543385642e-06,-3.427962326475841e-09,-7.278908358489269e-16,5,"[2.908771643629597e-05, 0.00016984684274005908, 0.020228339307883106, 0.2774192135313329, 1.0, 1]",0.0
-0.1925,0,-6.97477862952033e-06,-2.531402782210747e-09,-5.123218022000153e-16,5,"[2.474879896334326e-05, 0.00022260097080150067, 0.021455306307333544, 0.28051390240533874, 1.0, 1]",0.0
-0.1811111111111111,0,-6.447415920603686e-06,-1.7424789904718255e-09,-3.499920335728271e-16,5,"[2.042652794397929e-05, 0.00027588502513692213, 0.022687610549780576, 0.2836418891937109, 1.0, 1]",0.0
-0.16972222222222222,0,-5.848951321777325e-06,-1.0658247613335374e-09,-2.307655045181475e-16,5,"[1.6115232586561255e-05, 0.0003297078645493466, 0.023925215240011528, 0.28680365331602603, 1.0, 1]",0.0
-0.15833333333333333,0,-5.177711999998426e-06,-5.064394056196083e-10,-1.4573271927756287e-16,5,"[1.1808871505438356e-05, 0.0003840785623986914, 0.025168080858185147, 0.28999968285130606, 1.0, 1]",0.0
-0.14694444444444443,0,-4.431988589781029e-06,-6.971294662043366e-11,-8.718665435282362e-17,5,"[7.501014466112129e-06, 0.0004390064131669931, 0.026416165055586943, 0.29323047472639097, 1.0, 1]",0.0
-0.13555555555555554,0,-3.6100343812995556e-06,2.3854709601409717e-10,-4.8583652553856206e-17,5,"[3.184823272668563e-06, 0.0004945009392575121, 0.02766942254657957, 0.2964965349091088, 1.0, 1]",0.0
-0.13,0,-3.1808829135941103e-06,3.404362168237333e-10,-3.5313438642334813e-17,5,"[1.0741703437716514e-06, 0.0005217800014789759, 0.02828263052051127, 0.2981026878116774, 1.0, 1]",0.0
-0.129825,0,-3.1670607468541944e-06,3.4311668056611026e-10,-3.49451708757077e-17,5,"[1.00761494729104e-06, 0.0005226415329181654, 0.028301966320438833, 0.29815342062395145, 1.0, 1]",0.0
-0.12965000000000002,0,-3.1532199451279883e-06,3.457645603579881e-10,-3.457975727041049e-17,5,"[9.41054973458099e-07, 0.000523503201634455, 0.028321303324457963, 0.29820416194691235, 1.0, 1]",0.0
-0.129475,0,-3.139360501797156e-06,3.4837983177927884e-10,-3.4217181956825177e-17,5,"[8.744903942741131e-07, 0.0005243650076641305, 0.02834064153238174, 0.29825491178246366, 1.0, 1]",0.0
-0.1293,0,-3.1254824102411654e-06,3.5096247038244906e-10,-3.385742912105073e-17,5,"[8.079211817147563e-07, 0.0005252269510434903, 0.028359980944023092, 0.2983056701325099, 1.0, 1]",0.0
-0.12912500000000002,0,-3.1115856638372745e-06,3.5351245169249653e-10,-3.3500483004829744e-17,5,"[7.413473077300083e-07, 0.0005260890318088471, 0.028379321559194724, 0.29835643699895575, 1.0, 1]",0.0
-0.12895,0,-3.097670255960551e-06,3.560297512069357e-10,-3.314632790547606e-17,5,"[6.747687442441773e-07, 0.0005269512499965276, 0.028398663377709205, 0.2984072123837066, 1.0, 1]",0.0
-0.128775,0,-3.0837361799838485e-06,3.585143443957293e-10,-3.2794948175799975e-17,5,"[6.081854631558653e-07, 0.0005278136056428715, 0.02841800639937888, 0.2984579962886682, 1.0, 1]",0.0
-0.1286,0,-3.0697834292778206e-06,3.609662067013075e-10,-3.2446328224035876e-17,5,"[5.415974363379526e-07, 0.0005286760987842323, 0.028437350624015936, 0.29850878871574693, 1.0, 1]",0.0
-0.128425,0,-3.0558119972109254e-06,3.633853135385252e-10,-3.2100452513768413e-17,5,"[4.7500463563762023e-07, 0.000529538729456978, 0.028456696051432393, 0.29855958966684976, 1.0, 1]",0.0
-0.12825,0,-3.0418218771494068e-06,3.65771640294618e-10,-3.175730556385762e-17,5,"[4.0840703287622866e-07, 0.0005304014976974897, 0.028476042681440057, 0.29861039914388415, 1.0, 1]",0.0
-0.128075,0,-3.027813062457301e-06,3.681251623291862e-10,-3.141687194836523e-17,5,"[3.4180459984940264e-07, 0.0005312644035421624, 0.028495390513850593, 0.29866121714875804, 1.0, 1]",0.0
-0.1279,0,-3.0137855464964546e-06,3.7044585497418224e-10,-3.1079136296481126e-17,5,"[2.7519730832696404e-07, 0.0005321274470274053, 0.028514739548475446, 0.29871204368337995, 1.0, 1]",0.0
-0.127725,0,-2.9997393226264905e-06,3.727336935338565e-10,-3.074408329244732e-17,5,"[2.0858513005291312e-07, 0.0005329906281896406, 0.028534089785125907, 0.29876287874965896, 1.0, 1]",0.0
-0.12755,0,-2.9856743842048285e-06,3.749886532847408e-10,-3.0411697675484075e-17,5,"[1.4196803674541635e-07, 0.0005338539470653051, 0.02855344122361307, 0.29881372234950465, 1.0, 1]",0.0
-0.12737500000000002,0,-2.9715907245866883e-06,3.772107094756309e-10,-3.0081964239715246e-17,5,"[7.534600009681787e-08, 0.0005347174036908486, 0.028572793863747867, 0.29886457448482706, 1.0, 1]",0.0
-0.1272,0,-2.9574883371250653e-06,3.793998373275394e-10,-2.9754867834092154e-17,5,"[8.718991773536455e-09, 0.0005355809981027354, 0.02859214770534103, 0.298915435157537, 1.0, 1]",0.0
-0.127025,0,-2.943367215170756e-06,3.8155601203367956e-10,-2.9430393362319234e-17,5,"[-5.7913016583844546e-08, 0.0005364447303374432, 0.028611502748203125, 0.29896630436954547, 1.0, 1]",0.0
-0.12685000000000002,0,-2.9292273520723493e-06,3.836792087594441e-10,-2.910852578277842e-17,5,"[-1.245500533606802e-07, 0.0005373086004314637, 0.02863085899214453, 0.29901718212276446, 1.0, 1]",0.0
-0.126675,0,-2.91506874117621e-06,3.857694026423549e-10,-2.878925010845262e-17,5,"[-1.9119214696827032e-07, 0.000538172608421302, 0.028650216436975427, 0.29906806841910605, 1.0, 1]",0.0
-0.1265,0,-2.9008913758265e-06,3.8782656879206445e-10,-2.847255140685105e-17,5,"[-2.5783932584380636e-07, 0.0005390367543434781, 0.02866957508250585, 0.29911896326048304, 1.0, 1]",0.0
-0.126325,0,-2.886695249365169e-06,3.8985068229029513e-10,-2.8158414799932185e-17,5,"[-3.2449161845050396e-07, 0.0005399010382345242, 0.028688934928545618, 0.2991698666488088, 1.0, 1]",0.0
-0.12615,0,-2.8724803551319512e-06,3.9184171819084513e-10,-2.7846825464028215e-17,5,"[-3.9114905327751315e-07, 0.0005407654601309875, 0.028708295974904378, 0.2992207785859971, 1.0, 1]",0.0
-0.125975,0,-2.8582466864643593e-06,3.937996515195354e-10,-2.7537768629767926e-17,5,"[-4.57811658840034e-07, 0.0005416300200694292, 0.02872765822139162, 0.2992716990739625, 1.0, 1]",0.0
-0.1258,0,-2.843994236697703e-06,3.957244572741905e-10,-2.7231229582000767e-17,5,"[-5.244794636792745e-07, 0.0005424947180864234, 0.02874702166781661, 0.29932262811461985, 1.0, 1]",0.0
-0.12562500000000001,0,-2.829722999165073e-06,3.9761611042461394e-10,-2.692719365971971e-17,5,"[-5.911524963624575e-07, 0.0005433595542185585, 0.028766386313988455, 0.2993735657098846, 1.0, 1]",0.0
-0.12545,0,-2.8154329671973333e-06,3.994745859125483e-10,-2.6625646255983795e-17,5,"[-6.578307854828994e-07, 0.0005442245285024374, 0.028785752159716096, 0.2994245118616728, 1.0, 1]",0.0
-0.125275,0,-2.8011241341231415e-06,4.0129985865166747e-10,-2.632657281784196e-17,5,"[-7.24514359659999e-07, 0.0005450896409746758, 0.028805119204808247, 0.29947546657190094, 1.0, 1]",0.0
-0.12510000000000002,0,-2.786796493268937e-06,4.0309190352752474e-10,-2.6029958846254816e-17,5,"[-7.912032475392132e-07, 0.0005459548916719034, 0.028824487449073472, 0.29952642984248606, 1.0, 1]",0.0
-0.12492500000000001,0,-2.772450037958934e-06,4.048506953975458e-10,-2.573578989601745e-17,5,"[-8.57897477792181e-07, 0.0005468202806307653, 0.028843856892320177, 0.299577401675346, 1.0, 1]",0.0
-0.12475,0,-2.758084761515131e-06,4.065762090909826e-10,-2.5444051575681475e-17,5,"[-9.245970791166245e-07, 0.0005476858078879188, 0.028863227534356533, 0.2996283820723988, 1.0, 1]",0.0
-0.124575,0,-2.7437006572573115e-06,4.082684194089058e-10,-2.5154729547477622e-17,5,"[-9.913020802364343e-07, 0.0005485514734800354, 0.028882599374990554, 0.29967937103556314, 1.0, 1]",0.0
-0.12440000000000001,0,-2.7292977185030214e-06,4.0992730112414866e-10,-2.4867809527236483e-17,5,"[-1.0580125099017142e-06, 0.0005494172774438009, 0.02890197241403006, 0.2997303685667582, 1.0, 1]",0.0
-0.124225,0,-2.7148759385676038e-06,4.1155282898130297e-10,-2.4583277284311554e-17,5,"[-1.1247283968887098e-06, 0.0005502832198159153, 0.028921346651282712, 0.2997813746679039, 1.0, 1]",0.0
-0.12416666666666665,0,-2.7100644905042944e-06,4.120872552626853e-10,-2.4488961368599115e-17,5,"[-1.146968243599999e-06, 0.0005505718980370424, 0.028927804996603246, 0.2997983786063844, 1.0, 1]",0.0
-0.12405000000000001,0,-2.7004353107641702e-06,4.131449776966857e-10,-2.430111864149999e-17,5,"[-1.1914497699999198e-06, 0.000551149300633091, 0.02894072208655596, 0.29983238934092027, 1.0, 1]",0.0
-0.123875,0,-2.685975828403603e-06,4.1470372195830326e-10,-2.4021319474963844e-17,5,"[-1.2581766580640606e-06, 0.0005520155199320566, 0.028960098719657087, 0.2998834125877285, 1.0, 1]",0.0
-0.1237,0,-2.6714974847945736e-06,4.162290364258196e-10,-2.3743865714151536e-17,5,"[-1.3249090899360972e-06, 0.0005528818777495524, 0.02897947655039319, 0.29993444441024963, 1.0, 1]",0.0
-0.12352500000000001,0,-2.657000273243523e-06,4.177208957305594e-10,-2.346874334171909e-17,5,"[-1.3916470944972857e-06, 0.0005537483741223345, 0.028998855578571174, 0.29998548481040593, 1.0, 1]",0.0
-0.12335,0,-2.6424841870546616e-06,4.1917927447542405e-10,-2.31959383934497e-17,5,"[-1.4583907006551512e-06, 0.0005546150090871715, 0.02901823580399778, 0.3000365337901196, 1.0, 1]",0.0
-0.123175,0,-2.6279492195299756e-06,4.206041472349219e-10,-2.2925436958175755e-17,5,"[-1.5251399373435396e-06, 0.0005554817826808467, 0.02903761722647955, 0.30008759135131374, 1.0, 1]",0.0
-0.123,0,-2.61339536396923e-06,4.219954885550994e-10,-2.2657225177698427e-17,5,"[-1.5918948335226405e-06, 0.000556348694940157, 0.02905699984582283, 0.30013865749591173, 1.0, 1]",0.0
-0.122825,0,-2.598822613669961e-06,4.233532729535285e-10,-2.2391289246708063e-17,5,"[-1.6586554181789632e-06, 0.0005572157459019141, 0.02907638366183382, 0.30018973222583784, 1.0, 1]",0.0
-0.12265000000000001,0,-2.5842309619274678e-06,4.246774749192728e-10,-2.2127615412704018e-17,5,"[-1.7254217203254087e-06, 0.0005580829356029426, 0.029095768674318515, 0.30024081554301674, 1.0, 1]",0.0
-0.122475,0,-2.5696204020348288e-06,4.2596806891287676e-10,-2.186618997591517e-17,5,"[-1.7921937690012616e-06, 0.0005589502640800815, 0.029115154883082722, 0.30029190744937345, 1.0, 1]",0.0
-0.1223,0,-2.554990927282888e-06,4.2722502936630383e-10,-2.160699928921862e-17,5,"[-1.85897159327221e-06, 0.0005598177313701838, 0.02913454228793206, 0.30034300794683366, 1.0, 1]",0.0
-0.12212500000000001,0,-2.5403425309602596e-06,4.28448330682937e-10,-2.135002975805993e-17,5,"[-1.9257552222303644e-06, 0.0005606853375101165, 0.02915393088867197, 0.3003941170373236, 1.0, 1]",0.0
-0.12195,0,-2.525675206353329e-06,4.2963794723753904e-10,-2.109526784037221e-17,5,"[-1.992544684994299e-06, 0.0005615530825367607, 0.029173320685107727, 0.30044523472277007, 1.0, 1]",0.0
-0.12177500000000001,0,-2.510988946746243e-06,4.307938533762249e-10,-2.0842700046495074e-17,5,"[-2.059340010709023e-06, 0.0005624209664870112, 0.02919271167704439, 0.30049636100510035, 1.0, 1]",0.0
-0.1216,0,-2.4962837454209215e-06,4.319160234164296e-10,-2.0592312939093756e-17,5,"[-2.126141228546063e-06, 0.0005632889893977773, 0.02921210386428686, 0.3005474958862424, 1.0, 1]",0.0
-0.121425,0,-2.481559595657047e-06,4.330044316468843e-10,-2.034409313307777e-17,5,"[-2.192948367703415e-06, 0.0005641571513059812, 0.029231497246639822, 0.3005986393681245, 1.0, 1]",0.0
-0.12125000000000001,0,-2.466816490732071e-06,4.34059052327591e-10,-2.0098027295519704e-17,5,"[-2.2597614574056456e-06, 0.000565025452248561, 0.029250891823907825, 0.3006497914526756, 1.0, 1]",0.0
-0.121075,0,-2.4520544239212035e-06,4.350798596897839e-10,-1.9854102145573222e-17,5,"[-2.3265805269038203e-06, 0.0005658938922624666, 0.029270287595895183, 0.30070095214182524, 1.0, 1]",0.0
-0.12090000000000001,0,-2.4372733884974243e-06,4.3606682793590573e-10,-1.961230445439158e-17,5,"[-2.3934056054755956e-06, 0.0005667624713846639, 0.029289684562406052, 0.3007521214375035, 1.0, 1]",0.0
-0.120725,0,-2.4224733777314735e-06,4.370199312395822e-10,-1.9372621045045602e-17,5,"[-2.460236722425179e-06, 0.0005676311896521315, 0.029309082723244388, 0.30080329934164063, 1.0, 1]",0.0
-0.12055,0,-2.4076543848918532e-06,4.3793914374559e-10,-1.9135038792441513e-17,5,"[-2.5270739070834173e-06, 0.0005685000471018631, 0.02932848207821399, 0.300854485856168, 1.0, 1]",0.0
-0.12037500000000001,0,-2.39281640324483e-06,4.38824439569825e-10,-1.8899544623238557e-17,5,"[-2.5939171888077445e-06, 0.0005693690437708655, 0.029347882627118453, 0.3009056809830172, 1.0, 1]",0.0
-0.1202,0,-2.3779594260544277e-06,4.3967579279927544e-10,-1.8666125515766472e-17,5,"[-2.6607665969822647e-06, 0.0005702381796961603, 0.02936728436976118, 0.3009568847241204, 1.0, 1]",0.0
-0.120025,0,-2.3630834465824353e-06,4.404931774920017e-10,-1.843476849994312e-17,5,"[-2.727622161017712e-06, 0.0005711074549147828, 0.029386687305945392, 0.30100809708141035, 1.0, 1]",0.0
-0.11985000000000001,0,-2.348188458088395e-06,4.412765676770931e-10,-1.8205460657191123e-17,5,"[-2.7944839103515246e-06, 0.000571976869463782, 0.029406091435474145, 0.30105931805682024, 1.0, 1]",0.0
-0.119675,0,-2.33327445382961e-06,4.420259373546505e-10,-1.7978189120355208e-17,5,"[-2.8613518744478292e-06, 0.0005728464233802218, 0.029425496758150264, 0.3011105476522839, 1.0, 1]",0.0
-0.11950000000000001,0,-2.3183414270611426e-06,4.4274126049574794e-10,-1.775294107361878e-17,5,"[-2.928226082797467e-06, 0.0005737161167011798, 0.029444903273776447, 0.3011617858697358, 1.0, 1]",0.0
-0.119325,0,-2.3033893710358104e-06,4.43422511042412e-10,-1.752970375242064e-17,5,"[-2.9951065649180296e-06, 0.0005745859494637475, 0.029464310982155156, 0.3012130327111107, 1.0, 1]",0.0
-0.11915,0,-2.288418279004194e-06,4.4406966290758373e-10,-1.7308464443371342e-17,5,"[-3.0619933503538483e-06, 0.0005754559217050309, 0.029483719883088698, 0.30126428817834405, 1.0, 1]",0.0
-0.118975,0,-2.2734281442146146e-06,4.446826899751019e-10,-1.7089210484169375e-17,5,"[-3.1288864686760478e-06, 0.0005763260334621497, 0.029503129976379182, 0.3013155522733718, 1.0, 1]",0.0
-0.1188,0,-2.258418959913162e-06,4.4526156609965935e-10,-1.6871929263517358e-17,5,"[-3.1957859494825442e-06, 0.0005771962847722377, 0.02952254126182852, 0.3013668249981306, 1.0, 1]",0.0
-0.11862500000000001,0,-2.2433907193436805e-06,4.458062651067947e-10,-1.6656608221038188e-17,5,"[-3.2626918223980588e-06, 0.0005780666756724431, 0.02954195373923845, 0.30141810635455735, 1.0, 1]",0.0
-0.11845,0,-2.2283434157477534e-06,4.463167607928332e-10,-1.6443234847189848e-17,5,"[-3.329604117074178e-06, 0.000578937206199929, 0.029561367408410553, 0.30146939634458986, 1.0, 1]",0.0
-0.118275,0,-2.213277042364731e-06,4.467930269248907e-10,-1.623179668318215e-17,5,"[-3.3965228631893064e-06, 0.0005798078763918709, 0.029580782269146167, 0.3015206949701661, 1.0, 1]",0.0
-0.11810000000000001,0,-2.198191592431714e-06,4.472350372408172e-10,-1.602228132089121e-17,5,"[-3.4634480904487575e-06, 0.0005806786862854594, 0.02960019832124648, 0.3015720022332249, 1.0, 1]",0.0
-0.117925,0,-2.1830870591835407e-06,4.476427654491824e-10,-1.5814676402774816e-17,5,"[-3.5303798285847257e-06, 0.0005815496359178997, 0.029619615564512473, 0.30162331813570536, 1.0, 1]",0.0
-0.11775000000000001,0,-2.167963435852817e-06,4.4801618522923587e-10,-1.5608969621787643e-17,5,"[-3.5973181073563078e-06, 0.0005824207253264102, 0.029639033998744967, 0.3016746426795474, 1.0, 1]",0.0
-0.117575,0,-2.1528207156698885e-06,4.4835527023090376e-10,-1.540514872129629e-17,5,"[-3.6642629565495635e-06, 0.0005832919545482241, 0.029658453623744575, 0.30172597586669136, 1.0, 1]",0.0
-0.1174,0,-2.1376588918628525e-06,4.486599940747179e-10,-1.5203201494993172e-17,5,"[-3.7312144059774726e-06, 0.0005841633236205883, 0.029677874439311722, 0.30177731769907795, 1.0, 1]",0.0
-0.11722500000000001,0,-2.1224779576575517e-06,4.4893033035182844e-10,-1.50031157868119e-17,5,"[-3.7981724854800224e-06, 0.0005850348325807643, 0.029697296445246647, 0.30182866817864873, 1.0, 1]",0.0
-0.11705,0,-2.1072779062775797e-06,4.491662526239388e-10,-1.4804879490840848e-17,5,"[-3.865137224924173e-06, 0.000585906481466028, 0.029716719641349424, 0.30188002730734564, 1.0, 1]",0.0
-0.116875,0,-2.0920587309442718e-06,4.493677344233072e-10,-1.4608480551237904e-17,5,"[-3.932108654203891e-06, 0.0005867782703136685, 0.029736144027419916, 0.30193139508711114, 1.0, 1]",0.0
-0.1167,0,-2.0768204248767123e-06,4.495347492526929e-10,-1.441390696214398e-17,5,"[-3.999086803240216e-06, 0.00058765019916099, 0.0297555696032578, 0.3019827715198883, 1.0, 1]",0.0
-0.116525,0,-2.0615629812917353e-06,4.4966727058533957e-10,-1.422114676759711e-17,5,"[-4.066071701981177e-06, 0.0005885222680453101, 0.029774996368662557, 0.3020341566076207, 1.0, 1]",0.0
-0.11635000000000001,0,-2.0462863934039075e-06,4.4976527186494384e-10,-1.4030188061445847e-17,5,"[-4.133063380401948e-06, 0.000589394477003962, 0.029794424323433526, 0.3020855503522525, 1.0, 1]",0.0
-0.116175,0,-2.0309906544255475e-06,4.4982872650562406e-10,-1.3841018987262875e-17,5,"[-4.200061868504742e-06, 0.000590266826074292, 0.02981385346736981, 0.30213695275572855, 1.0, 1]",0.0
-0.116,0,-2.0156757575667168e-06,4.498576078918956e-10,-1.3653627738258356e-17,5,"[-4.267067196318899e-06, 0.0005911393152936603, 0.02983328380027033, 0.3021883638199938, 1.0, 1]",0.0
-0.11582500000000001,0,-2.0003416960352147e-06,4.498518893786327e-10,-1.3468002557192747e-17,5,"[-4.3340793939009075e-06, 0.0005920119446994424, 0.02985271532193385, 0.30223978354699427, 1.0, 1]",0.0
-0.11565,0,-1.9849884630365794e-06,4.4981154429104545e-10,-1.3284131736289905e-17,5,"[-4.401098491334386e-06, 0.0005928847143290278, 0.029872148032158916, 0.3022912119386762, 1.0, 1]",0.0
-0.11547500000000001,0,-1.9696160517741005e-06,4.4973654592464876e-10,-1.3102003617150008e-17,5,"[-4.468124518730128e-06, 0.0005937576242198192, 0.029891581930743885, 0.30234264899698654, 1.0, 1]",0.0
-0.1153,0,-1.954224455448793e-06,4.4962686754523203e-10,-1.292160659066181e-17,5,"[-4.535157506226143e-06, 0.0005946306744092346, 0.02991101701748695, 0.3023940947238726, 1.0, 1]",0.0
-0.115125,0,-1.9388136672594213e-06,4.4948248238882876e-10,-1.274292909691535e-17,5,"[-4.602197483987617e-06, 0.0005955038649347059, 0.029930453292186094, 0.3024455491212823, 1.0, 1]",0.0
-0.11495000000000001,0,-1.923383680402487e-06,4.493033636616924e-10,-1.256595962511419e-17,5,"[-4.669244482207e-06, 0.0005963771958336797, 0.029949890754639125, 0.30249701219116437, 1.0, 1]",0.0
-0.114775,0,-1.907934488072218e-06,4.4908948454026085e-10,-1.2390686713487277e-17,5,"[-4.736298531103975e-06, 0.0005972506671436161, 0.029969329404643648, 0.30254848393546774, 1.0, 1]",0.0
-0.11460000000000001,0,-1.8924660834605968e-06,4.488408181711215e-10,-1.2217098949201023e-17,5,"[-4.803359660925492e-06, 0.0005981242789019903, 0.02998876924199709, 0.30259996435614206, 1.0, 1]",0.0
-0.114425,0,-1.8769784597573286e-06,4.4855733767099656e-10,-1.2045184968271102e-17,5,"[-4.870427901945819e-06, 0.000598998031146291, 0.030008210266496697, 0.3026514534551374, 1.0, 1]",0.0
-0.11425,0,-1.8614716101498537e-06,4.482390161267099e-10,-1.1874933455474076e-17,5,"[-4.937503284466502e-06, 0.0005998719239140211, 0.030027652477939492, 0.3027029512344045, 1.0, 1]",0.0
-0.11407500000000001,0,-1.8459455278233534e-06,4.4788582659513065e-10,-1.1706333144258243e-17,5,"[-5.0045858388164415e-06, 0.000600745957242699, 0.03004709587612234, 0.30275445769589476, 1.0, 1]",0.0
-0.1139,0,-1.8304002059607392e-06,4.4749774210319803e-10,-1.1539372816656099e-17,5,"[-5.071675595351887e-06, 0.0006016201311698566, 0.030066540460841944, 0.3028059728415599, 1.0, 1]",0.0
-0.113725,0,-1.8148356377426547e-06,4.4707473564782463e-10,-1.1374041303193814e-17,5,"[-5.138772584456444e-06, 0.0006024944457330401, 0.030085986231894738, 0.30285749667335216, 1.0, 1]",0.0
-0.11355000000000001,0,-1.7992518163474737e-06,4.466167801959231e-10,-1.1210327482803511e-17,5,"[-5.205876836541136e-06, 0.0006033689009698098, 0.03010543318907704, 0.30290902919322465, 1.0, 1]",0.0
-0.113375,0,-1.7836487349513086e-06,4.461238486843468e-10,-1.1048220282733394e-17,5,"[-5.272988382044379e-06, 0.0006042434969177408, 0.03012488133218494, 0.30296057040313074, 1.0, 1]",0.0
-0.11320000000000001,0,-1.7680263867279925e-06,4.4559591401986536e-10,-1.088770867845828e-17,5,"[-5.340107251432021e-06, 0.0006051182336144222, 0.03014433066101434, 0.3030121203050243, 1.0, 1]",0.0
-0.113025,0,-1.752384764849093e-06,4.4503294907913707e-10,-1.0728781693590213e-17,5,"[-5.407233475197369e-06, 0.0006059931110974579, 0.03016378117536098, 0.30306367890086006, 1.0, 1]",0.0
-0.11285,0,-1.7367238624839095e-06,4.44434926708677e-10,-1.0571428399788656e-17,5,"[-5.474367083861201e-06, 0.0006068681294044654, 0.03018323287502038, 0.303115246192593, 1.0, 1]",0.0
-0.11277777777777775,0,-1.7302550108954562e-06,4.4417789789053865e-10,-1.0506945138162564e-17,5,"[-5.502075177522144e-06, 0.0006072292891311546, 0.0301912609060757, 0.3031365304674309, 1.0, 1]",0.0
-0.112675,0,-1.7210436727994648e-06,4.438018197248393e-10,-1.0415637916670788e-17,5,"[-5.541508107971783e-06, 0.0006077432885730773, 0.03020268575978789, 0.3031668221821789, 1.0, 1]",0.0
-0.1125,0,-1.705344188960511e-06,4.43133600913753e-10,-1.0261399411720671e-17,5,"[-5.6086565781048966e-06, 0.0006086185886409399, 0.03022213982945865, 0.30321840687157386, 1.0, 1]",0.0
-0.11232500000000001,0,-1.6896254041295233e-06,4.4243024303133656e-10,-1.0108702100200029e-17,5,"[-5.675812524863844e-06, 0.000609494029645714, 0.030241595083827604, 0.30327000026273443, 1.0, 1]",0.0
-0.11215,0,-1.67388731146671e-06,4.416917188032348e-10,-9.957535245057136e-18,5,"[-5.742975978879516e-06, 0.0006103696116250757, 0.030261051522689566, 0.30332160235761835, 1.0, 1]",0.0
-0.111975,0,-1.6581299041299993e-06,4.409180009248008e-10,-9.807888156836424e-18,5,"[-5.810146970810318e-06, 0.0006112453346167141, 0.0302805091458391, 0.3033732131581831, 1.0, 1]",0.0
-0.11180000000000001,0,-1.6423531752750466e-06,4.40109062061071e-10,-9.659750193587956e-18,5,"[-5.877325531342306e-06, 0.0006121211986583338, 0.03029996795307058, 0.3034248326663873, 1.0, 1]",0.0
-0.111625,0,-1.6265571180552248e-06,4.3926487484671665e-10,-9.513110760776003e-18,5,"[-5.944511691189115e-06, 0.000612997203787653, 0.030319427944178228, 0.30347646088418984, 1.0, 1]",0.0
-0.11145000000000001,0,-1.6107417256216353e-06,4.383854118860389e-10,-9.367959311188688e-18,5,"[-6.011705481092025e-06, 0.0006138733500424047, 0.03033888911895604, 0.30352809781355017, 1.0, 1]",0.0
-0.11127500000000001,0,-1.5949069911231033e-06,4.3747064575292235e-10,-9.22428534484635e-18,5,"[-6.078906931819961e-06, 0.0006147496374603361, 0.03035835147719784, 0.30357974345642835, 1.0, 1]",0.0
-0.1111,0,-1.579052907706167e-06,4.365205489908023e-10,-9.082078408910021e-18,5,"[-6.146116074169524e-06, 0.0006156260660792089, 0.030377815018697248, 0.30363139781478504, 1.0, 1]",0.0
-0.11092500000000001,0,-1.563179468515093e-06,4.3553509411264577e-10,-8.941328097590284e-18,5,"[-6.213332938965022e-06, 0.0006165026359367997, 0.030397279743247706, 0.3036830608905814, 1.0, 1]",0.0
-0.11075,0,-1.5472866666918604e-06,4.345142536009143e-10,-8.802024052055285e-18,5,"[-6.280557557058456e-06, 0.0006173793470708985, 0.030416745650642455, 0.30373473268577894, 1.0, 1]",0.0
-0.110575,0,-1.531374495376181e-06,4.3345799990753445e-10,-8.664155960339043e-18,5,"[-6.347789959329582e-06, 0.0006182561995193107, 0.030436212740674557, 0.30378641320234023, 1.0, 1]",0.0
-0.1104,0,-1.5154429477054617e-06,4.323663054538646e-10,-8.527713557249109e-18,5,"[-6.415030176685899e-06, 0.0006191331933198554, 0.030455681013136872, 0.30383810244222786, 1.0, 1]",0.0
-0.110225,0,-1.4994920168148527e-06,4.3123914263067505e-10,-8.392686624274968e-18,5,"[-6.4822782400626716e-06, 0.0006200103285103667, 0.030475150467822065, 0.30388980040740526, 1.0, 1]",0.0
-0.11005000000000001,0,-1.4835216958372007e-06,4.300764837981032e-10,-8.259064989495041e-18,5,"[-6.549534180422977e-06, 0.0006208876051286929, 0.03049462110452261, 0.3039415070998363, 1.0, 1]",0.0
-0.109875,0,-1.467531977903076e-06,4.2887830128563254e-10,-8.126838527484607e-18,5,"[-6.616798028757714e-06, 0.0006217650232126971, 0.030514092923030808, 0.3039932225214856, 1.0, 1]",0.0
-0.1097,0,-1.4515228561407672e-06,4.2764456739206943e-10,-7.995997159223278e-18,5,"[-6.684069816085596e-06, 0.000622642582800256, 0.030533565923138762, 0.30404494667431803, 1.0, 1]",0.0
-0.10952500000000001,0,-1.4354943236762757e-06,4.2637525438548544e-10,-7.866530852001524e-18,5,"[-6.751349573453201e-06, 0.0006235202839292621, 0.03055304010463836, 0.30409667956029923, 1.0, 1]",0.0
-0.10935,0,-1.4194463736333023e-06,4.2507033450321833e-10,-7.738429619328364e-18,5,"[-6.818637331934984e-06, 0.000624398126637621, 0.03057251546732132, 0.30414842118139523, 1.0, 1]",0.0
-0.10917500000000001,0,-1.4033789991332859e-06,4.237297799518179e-10,-7.611683520837932e-18,5,"[-6.885933122633297e-06, 0.0006252761109632538, 0.030591992010979167, 0.30420017153957285, 1.0, 1]",0.0
-0.109,0,-1.3872921932953597e-06,4.223535629070328e-10,-7.486282662196335e-18,5,"[-6.953236976678425e-06, 0.0006261542369440952, 0.03061146973540322, 0.30425193063679923, 1.0, 1]",0.0
-0.108825,0,-1.371185949236373e-06,4.209416555137692e-10,-7.362217195008098e-18,5,"[-7.0205489252285594e-06, 0.0006270325046180957, 0.03063094864038463, 0.30430369847504224, 1.0, 1]",0.0
-0.10865,0,-1.3550602600708793e-06,4.194940298860638e-10,-7.239477316722609e-18,5,"[-7.087868999469886e-06, 0.0006279109140232188, 0.030650428725714312, 0.30435547505627014, 1.0, 1]",0.0
-0.108475,0,-1.3389151189111595e-06,4.180106581070494e-10,-7.118053270540403e-18,5,"[-7.155197230616521e-06, 0.0006287894651974438, 0.030669909991183048, 0.3044072603824518, 1.0, 1]",0.0
-0.10830000000000001,0,-1.3227505188671815e-06,4.164915122289322e-10,-6.997935345319228e-18,5,"[-7.222533649910638e-06, 0.0006296681581787634, 0.03068939243658138, 0.30445905445555677, 1.0, 1]",0.0
-0.108125,0,-1.3065664530466312e-06,4.1493656427295375e-10,-6.8791138754800055e-18,5,"[-7.289878288622391e-06, 0.000630546993005186, 0.03070887606169968, 0.30451085727755495, 1.0, 1]",0.0
-0.10795,0,-1.2903629145549102e-06,4.133457862293574e-10,-6.761579240912539e-18,5,"[-7.357231178049976e-06, 0.0006314259697147331, 0.0307283608663281, 0.3045626688504169, 1.0, 1]",0.0
-0.10777500000000001,0,-1.2741398964951108e-06,4.117191500573748e-10,-6.645321866881419e-18,5,"[-7.4245923495196735e-06, 0.0006323050883454426, 0.030747846850256652, 0.3046144891761139, 1.0, 1]",0.0
-0.1076,0,-1.2578973919680403e-06,4.1005662768517363e-10,-6.530332223931164e-18,5,"[-7.491961834385835e-06, 0.0006331843489353654, 0.030767334013275097, 0.3046663182566175, 1.0, 1]",0.0
-0.107425,0,-1.2416353940722116e-06,4.083581910098328e-10,-6.416600827791635e-18,5,"[-7.559339664030885e-06, 0.0006340637515225673, 0.030786822355173046, 0.3047181560938999, 1.0, 1]",0.0
-0.10725000000000001,0,-1.225353895903838e-06,4.066238118973266e-10,-6.304118239283542e-18,5,"[-7.626725869865421e-06, 0.0006349432961451296, 0.030806311875739893, 0.304770002689934, 1.0, 1]",0.0
-0.107075,0,-1.2090528905568333e-06,4.048534621824722e-10,-6.192875064222996e-18,5,"[-7.694120483328146e-06, 0.0006358229828411465, 0.030825802574764836, 0.3048218580466929, 1.0, 1]",0.0
-0.10690000000000001,0,-1.1927323711228291e-06,4.0304711366891196e-10,-6.0828619533267675e-18,5,"[-7.76152353588595e-06, 0.0006367028116487283, 0.0308452944520369, 0.3048737221661508, 1.0, 1]",0.0
-0.106725,0,-1.1763923306911378e-06,4.012047381290802e-10,-5.974069602116807e-18,5,"[-7.828935059033871e-06, 0.0006375827826059988, 0.030864787507344896, 0.30492559505028183, 1.0, 1]",0.0
-0.10655,0,-1.1600327623487886e-06,3.9932630730417067e-10,-5.866488750824951e-18,5,"[-7.896355084295194e-06, 0.0006384628957510976, 0.03088428174047746, 0.3049774767010612, 1.0, 1]",0.0
-0.106375,0,-1.143653659180508e-06,3.974117929041045e-10,-5.760110184297258e-18,5,"[-7.963783643221413e-06, 0.0006393431511221773, 0.030903777151223, 0.3050293671204644, 1.0, 1]",0.0
-0.1062,0,-1.1272550142687156e-06,3.954611666074981e-10,-5.654924731898253e-18,5,"[-8.031220767392252e-06, 0.0006402235487574064, 0.03092327373936978, 0.30508126631046756, 1.0, 1]",0.0
-0.10602500000000001,0,-1.1108368206935347e-06,3.9347440006164346e-10,-5.550923267415356e-18,5,"[-8.098666488415721e-06, 0.0006411040886949679, 0.03094277150470583, 0.30513317427304737, 1.0, 1]",0.0
-0.10585,0,-1.09439907153279e-06,3.914514648824565e-10,-5.448096708962426e-18,5,"[-8.166120837928123e-06, 0.0006419847709730586, 0.030962270447018995, 0.30518509101018093, 1.0, 1]",0.0
-0.105675,0,-1.077941759861995e-06,3.8939233265446464e-10,-5.346436018883953e-18,5,"[-8.233583847594041e-06, 0.0006428655956298906, 0.03098177056609695, 0.30523701652384627, 1.0, 1]",0.0
-0.10550000000000001,0,-1.0614648787543677e-06,3.872969749307703e-10,-5.24593220365871e-18,5,"[-8.301055549106419e-06, 0.0006437465627036907, 0.031001271861727134, 0.3052889508160215, 1.0, 1]",0.0
-0.105325,0,-1.0449684212808175e-06,3.8516536323301245e-10,-5.1465763138030905e-18,5,"[-8.368535974186539e-06, 0.0006446276722327, 0.031020774333696835, 0.3053408938886857, 1.0, 1]",0.0
-0.10515000000000001,0,-1.0284523805099477e-06,3.829974690513415e-10,-5.048359443774672e-18,5,"[-8.436025154584028e-06, 0.0006455089242551743, 0.0310402779817931, 0.30539284574381814, 1.0, 1]",0.0
-0.10497500000000001,0,-1.0119167495080613e-06,3.8079326384439074e-10,-4.951272731875534e-18,5,"[-8.503523122076947e-06, 0.000646390318809384, 0.031059782805802825, 0.30544480638339905, 1.0, 1]",0.0
-0.1048,0,-9.953615213391457e-07,3.785527190392418e-10,-4.855307360155268e-18,5,"[-8.57102990847174e-06, 0.0006472718559336147, 0.031079288805512688, 0.3054967758094089, 1.0, 1]",0.0
-0.10462500000000001,0,-9.787866890648911e-07,3.7627580603138896e-10,-4.760454554313921e-18,5,"[-8.638545545603275e-06, 0.0006481535356661657, 0.031098795980709165, 0.3055487540238288, 1.0, 1]",0.0
-0.10445,0,-9.621922457446754e-07,3.7396249618471973e-10,-4.666705583605005e-18,5,"[-8.706070065334923e-06, 0.0006490353580453518, 0.031118304331178563, 0.30560074102864043, 1.0, 1]",0.0
-0.104275,0,-9.455781844355601e-07,3.7161276083146335e-10,-4.574051760737787e-18,5,"[-8.773603499558458e-06, 0.0006499173231095026, 0.031137813856706973, 0.3056527368258261, 1.0, 1]",0.0
-0.1041,0,-9.289444981923101e-07,3.692265712721849e-10,-4.482484441780388e-18,5,"[-8.841145880194211e-06, 0.000650799430896961, 0.031157324557080292, 0.3057047414173686, 1.0, 1]",0.0
-0.103925,0,-9.122911800673722e-07,3.6680389877573435e-10,-4.39199502606173e-18,5,"[-8.908697239190986e-06, 0.0006516816814460864, 0.031176836432084225, 0.30575675480525116, 1.0, 1]",0.0
-0.10375000000000001,0,-8.956182231108796e-07,3.6434471457921877e-10,-4.302574956073899e-18,5,"[-8.976257608526155e-06, 0.0006525640747952521, 0.031196349481504293, 0.30580877699145803, 1.0, 1]",0.0
-0.103575,0,-8.789256203706603e-07,3.618489898879847e-10,-4.214215717374544e-18,5,"[-9.043827020205609e-06, 0.0006534466109828453, 0.03121586370512578, 0.30586080797797327, 1.0, 1]",0.0
-0.1034,0,-8.622133648922262e-07,3.5931669587556677e-10,-4.1269088384884405e-18,5,"[-9.111405506263874e-06, 0.0006543292900472698, 0.03123537910273385, 0.3059128477667823, 1.0, 1]",0.0
-0.10322500000000001,0,-8.454814497187714e-07,3.56747803683666e-10,-4.040645890809525e-18,5,"[-9.178993098764024e-06, 0.0006552121120269425, 0.03125489567411341, 0.30596489635987056, 1.0, 1]",0.0
-0.10305,0,-8.287298678911846e-07,3.541422844221181e-10,-3.95541848850261e-18,5,"[-9.24658982979777e-06, 0.0006560950769602958, 0.03127441341904918, 0.3060169537592243, 1.0, 1]",0.0
-0.10287500000000001,0,-8.119586124480276e-07,3.5150010916886495e-10,-3.8712182884049696e-18,5,"[-9.314195731485467e-06, 0.0006569781848857764, 0.03129393233732568, 0.30606901996683006, 1.0, 1]",0.0
-0.1027,0,-7.951676764255574e-07,3.488212489699101e-10,-3.7880369899275495e-18,5,"[-9.38181083597614e-06, 0.0006578614358418458, 0.03131345242872726, 0.30612109498467527, 1.0, 1]",0.0
-0.102525,0,-7.783570528577105e-07,3.4610567483930504e-10,-3.705866334956568e-18,5,"[-9.449435175447466e-06, 0.000658744829866981, 0.031332973693038065, 0.30617317881474787, 1.0, 1]",0.0
-0.10235,0,-7.61526734776104e-07,3.433533577591041e-10,-3.624698107754409e-18,5,"[-9.517068782105876e-06, 0.000659628366999673, 0.03135249613004203, 0.306225271459036, 1.0, 1]",0.0
-0.102175,0,-7.446767152100341e-07,3.4056426867933885e-10,-3.544524134860747e-18,5,"[-9.58471168818646e-06, 0.0006605120472784274, 0.03137201973952289, 0.30627737291952883, 1.0, 1]",0.0
-0.10200000000000001,0,-7.278069871864878e-07,3.3773837851798494e-10,-3.465336284993416e-18,5,"[-9.652363925953117e-06, 0.000661395870741765, 0.03139154452126421, 0.3063294831982158, 1.0, 1]",0.0
-0.101825,0,-7.109175437301178e-07,3.348756581609313e-10,-3.3871264689491198e-18,5,"[-9.720025527698484e-06, 0.0006622798374282218, 0.03141107047504934, 0.3063816022970871, 1.0, 1]",0.0
-0.10165,0,-6.940083778632686e-07,3.3197607846193674e-10,-3.3098866395038743e-18,5,"[-9.787696525743974e-06, 0.0006631639473763474, 0.03143059760066142, 0.30643373021813325, 1.0, 1]",0.0
-0.10147500000000001,0,-6.770794826059626e-07,3.2903961024262376e-10,-3.2336087913139177e-18,5,"[-9.85537695243982e-06, 0.000664048200624707, 0.0314501258978834, 0.30648586696334545, 1.0, 1]",0.0
-0.10138888888888886,0,-6.687421465994488e-07,3.2758113093917703e-10,-3.1964259554271508e-18,5,"[-9.888683490627024e-06, 0.0006644833619825254, 0.03145973549003442, 0.306511524792174, 1.0, 1]",0.0
-0.1013,0,-6.601308509758883e-07,3.2606622429242255e-10,-3.15828496081559e-18,5,"[-9.923066840165113e-06, 0.0006649325972118811, 0.03146965536649809, 0.3065380125347157, 1.0, 1]",0.0
-0.101125,0,-6.431624759884221e-07,3.230558913685547e-10,-3.0839072261258532e-18,5,"[-9.990766221327742e-06, 0.0006658171371764638, 0.03148918600628801, 0.30659016693423613, 1.0, 1]",0.0
-0.10095000000000001,0,-6.261743506566194e-07,3.2000858219598244e-10,-3.0104677069420056e-18,5,"[-1.0058475128364508e-05, 0.0006667018205570652, 0.03150871781703554, 0.3066423301638997, 1.0, 1]",0.0
-0.100775,0,-6.091664679911926e-07,3.169242674674022e-10,-2.9379585644420527e-18,5,"[-1.0126193593741094e-05, 0.000667586647392309, 0.031528250798522846, 0.3066945022256999, 1.0, 1]",0.0
-0.10060000000000001,0,-5.921388210005495e-07,3.138029178431904e-10,-2.8663720011841644e-18,5,"[-1.0193921649952096e-05, 0.0006684716177208348, 0.03154778495053191, 0.3067466831216306, 1.0, 1]",0.0
-0.100425,0,-5.750914026907648e-07,3.1064450395138234e-10,-2.7957002610065066e-18,5,"[-1.026165932952103e-05, 0.0006693567315812965, 0.03156732027284449, 0.30679887285368657, 1.0, 1]",0.0
-0.10025,0,-5.580242060655803e-07,3.0744899638764214e-10,-2.7259356289268236e-18,5,"[-1.0329406665000403e-05, 0.000670241989012363, 0.03158685676524219, 0.30685107142386303, 1.0, 1]",0.0
-0.100075,0,-5.409372241264127e-07,3.042163657152235e-10,-2.6570704310417387e-18,5,"[-1.0397163688971668e-05, 0.0006711273900527179, 0.03160639442750635, 0.30690327883415547, 1.0, 1]",0.0
-0.0999,0,-5.238304498723592e-07,3.0094658246493877e-10,-2.5890970344260623e-18,5,"[-1.0464930434045285e-05, 0.0006720129347410596, 0.031625933259418176, 0.3069554950865602, 1.0, 1]",0.0
-0.09972500000000001,0,-5.06703876300176e-07,2.976396171351322e-10,-2.522007847032026e-18,5,"[-1.0532706932860742e-05, 0.0006728986231161017, 0.03164547326075864, 0.30700772018307415, 1.0, 1]",0.0
-0.09955,0,-4.895574964042928e-07,2.9429544019164235e-10,-2.4557953175882296e-18,5,"[-1.0600493218086578e-05, 0.0006737844552165726, 0.03166501443130853, 0.3070599541256947, 1.0, 1]",0.0
-0.099375,0,-4.7239130317681355e-07,2.9091402206776997e-10,-2.3904519354985505e-18,5,"[-1.0668289322420344e-05, 0.0006746704310812153, 0.031684556770848415, 0.3071121969164197, 1.0, 1]",0.0
-0.09920000000000001,0,-4.552052896075028e-07,2.874953331642543e-10,-2.3259702307410407e-18,5,"[-1.0736095278588748e-05, 0.0006755565507487883, 0.03170410027915871, 0.30716444855724795, 1.0, 1]",0.0
-0.099025,0,-4.379994486837949e-07,2.8403934384923394e-10,-2.262342773766472e-18,5,"[-1.080391111934756e-05, 0.0006764428142580642, 0.03172364495601959, 0.3072167090501783, 1.0, 1]",0.0
-0.09885000000000001,0,-4.2077377339079475e-07,2.8054602445820156e-10,-2.199562175396664e-18,5,"[-1.0871736877481664e-05, 0.0006773292216478308, 0.031743190801211046, 0.3072689783972104, 1.0, 1]",0.0
-0.09867500000000001,0,-4.03528256711272e-07,2.770153452940048e-10,-2.137621086723387e-18,5,"[-1.093957258580513e-05, 0.0006782157729568911, 0.03176273781451287, 0.30732125660034476, 1.0, 1]",0.0
-0.0985,0,-3.8626289162565435e-07,2.7344727662677654e-10,-2.076512199006064e-18,5,"[-1.1007418277161159e-05, 0.000679102468224063, 0.03178228599570465, 0.30737354366158187, 1.0, 1]",0.0
-0.098325,0,-3.689776711120476e-07,2.6984178869393096e-10,-2.016228243570361e-18,5,"[-1.1075273984422174e-05, 0.0006799893074881786, 0.03180183534456578, 0.3074258395829232, 1.0, 1]",0.0
-0.09815000000000002,0,-3.516725881462097e-07,2.661988517001159e-10,-1.956761991705973e-18,5,"[-1.114313974048977e-05, 0.0006808762907880854, 0.031821385860875455, 0.30747814436637066, 1.0, 1]",0.0
-0.097975,0,-3.3434763570155967e-07,2.625184358171881e-10,-1.898106254564648e-18,5,"[-1.1211015578294827e-05, 0.0006817634181626467, 0.031840937544412674, 0.3075304580139268, 1.0, 1]",0.0
-0.0978,0,-3.170028067491894e-07,2.5880051118417054e-10,-1.8402538830578252e-18,5,"[-1.1278901530797446e-05, 0.0006826506896507391, 0.03186049039495622, 0.3075827805275946, 1.0, 1]",0.0
-0.097625,0,-2.996380942578484e-07,2.550450479072355e-10,-1.7831977677545174e-18,5,"[-1.1346797630986992e-05, 0.0006835381052912555, 0.031880044412284696, 0.3076351119093776, 1.0, 1]",0.0
-0.09745000000000001,0,-2.822534911939395e-07,2.512520160596589e-10,-1.7269308387786596e-18,5,"[-1.1414703911882153e-05, 0.0006844256651231028, 0.031899599596176505, 0.3076874521612801, 1.0, 1]",0.0
-0.097275,0,-2.64848990521534e-07,2.474213856817914e-10,-1.6714460657065913e-18,5,"[-1.1482620406530941e-05, 0.0006853133691852039, 0.03191915594640984, 0.3077398012853068, 1.0, 1]",0.0
-0.0971,0,-2.474245852023551e-07,2.435531267810253e-10,-1.6167364574643476e-18,5,"[-1.1550547148010663e-05, 0.000686201217516495, 0.03193871346276267, 0.307792159283463, 1.0, 1]",0.0
-0.09692500000000001,0,-2.2998026819579306e-07,2.396472093317762e-10,-1.5627950622250322e-18,5,"[-1.161848416942803e-05, 0.0006870892101559298, 0.03195827214501283, 0.3078445261577546, 1.0, 1]",0.0
-0.09675,0,-2.125160324588836e-07,2.3570360327541445e-10,-1.5096149673054087e-18,5,"[-1.1686431503919143e-05, 0.0006879773471424747, 0.03197783199293791, 0.3078969019101882, 1.0, 1]",0.0
-0.09657500000000001,0,-1.9503187094632723e-07,2.317222785202777e-10,-1.4571892990634396e-18,5,"[-1.1754389184649444e-05, 0.0006888656285151121, 0.0319973930063153, 0.3079492865427706, 1.0, 1]",0.0
-0.09640000000000001,0,-1.775277766104787e-07,2.2770320494160173e-10,-1.4055112227946495e-18,5,"[-1.1822357244813877e-05, 0.0006897540543128392, 0.03201695518492218, 0.3080016800575095, 1.0, 1]",0.0
-0.096225,0,-1.600037424013461e-07,2.2364635238150936e-10,-1.354573942629111e-18,5,"[-1.1890335717636783e-05, 0.0006906426245746683, 0.03203651852853557, 0.3080540824564129, 1.0, 1]",0.0
-0.09605,0,-1.4245976126659526e-07,2.1955169064896774e-10,-1.304370701427924e-18,5,"[-1.1958324636371997e-05, 0.0006915313393396267, 0.032056083036932255, 0.3081064937414897, 1.0, 1]",0.0
-0.095875,0,-1.2489582615153603e-07,2.154191895197588e-10,-1.2548947806797376e-18,5,"[-1.2026324034302821e-05, 0.000692420198646757, 0.03207564870988884, 0.30815891391474914, 1.0, 1]",0.0
-0.09570000000000001,0,-1.0731192999914427e-07,2.1124881873644264e-10,-1.2061395003970804e-18,5,"[-1.2094333944742081e-05, 0.0006933092025351158, 0.03209521554718169, 0.308211342978201, 1.0, 1]",0.0
-0.095525,0,-8.970806575004112e-08,2.0704054800833418e-10,-1.1580982190127252e-18,5,"[-1.216235440103215e-05, 0.0006941983510437762, 0.032114783548587024, 0.30826378093385576, 1.0, 1]",0.0
-0.09535,0,-7.208422634249212e-08,2.0279434701146089e-10,-1.1107643332757265e-18,5,"[-1.2230385436544924e-05, 0.0006950876442118251, 0.03213435271388083, 0.3083162277837245, 1.0, 1]",0.0
-0.09517500000000001,0,-5.444040471242122e-08,1.9851018538852833e-10,-1.0641312781474387e-18,5,"[-1.2298427084681891e-05, 0.0006959770820783647, 0.032153923042838886, 0.3083686835298185, 1.0, 1]",0.0
-0.095,0,-3.6776593793402935e-08,1.9418803274889829e-10,-1.0181925266975605e-18,5,"[-1.236647937887417e-05, 0.0006968666646825134, 0.03217349453523679, 0.3084211481741501, 1.0, 1]",0.0
-0.094825,0,-1.909278651665611e-08,1.898278586685491e-10,-9.729415899998682e-19,5,"[-1.243454235258243e-05, 0.0006977563920634038, 0.032193067190849946, 0.30847362171873205, 1.0, 1]",0.0
-0.09465000000000001,0,-1.3889758110458589e-09,1.8542963269004068e-10,-9.283720170278987e-19,5,"[-1.2502616039297045e-05, 0.0006986462642601825, 0.03221264100945352, 0.3085261041655775, 1.0, 1]",0.0
-0.094475,0,1.633484539691228e-08,1.8099332432247943e-10,-8.844773945505226e-19,5,"[-1.2570700472538016e-05, 0.0006995362813120133, 0.03223221599082251, 0.30857859551670036, 1.0, 1]",0.0
-0.0943,0,3.407868418305938e-08,1.7651890304149965e-10,-8.412513470275711e-19,5,"[-1.2638795685855042e-05, 0.0007004264432580733, 0.03225179213473168, 0.3086310957741149, 1.0, 1]",0.0
-0.09412500000000001,0,5.184254762558273e-08,1.7200633828921303e-10,-7.986875365050358e-19,5,"[-1.270690171282751e-05, 0.000701316750137556, 0.032271369440955634, 0.3086836049398362, 1.0, 1]",0.0
-0.09395,0,6.962644280503646e-08,1.6745559947418163e-10,-7.567796625104022e-19,5,"[-1.2775018587064566e-05, 0.0007022072019896692, 0.03229094790926874, 0.3087361230158798, 1.0, 1]",0.0
-0.093775,0,8.743037680432886e-08,1.6286665597139316e-10,-7.15521461947885e-19,5,"[-1.2843146342205082e-05, 0.000703097798853636, 0.03231052753944518, 0.30878865000426187, 1.0, 1]",0.0
-0.0936,0,1.0525435670871663e-07,1.5823947712221275e-10,-6.749067089933472e-19,5,"[-1.2911285011917703e-05, 0.0007039885407686945, 0.03233010833125893, 0.30884118590699894, 1.0, 1]",0.0
-0.09342500000000001,0,1.2309838960581963e-07,1.5357403223436314e-10,-6.349292149893709e-19,5,"[-1.2979434629900864e-05, 0.0007048794277740982, 0.03234969028448376, 0.3088937307261084, 1.0, 1]",0.0
-0.09325,0,1.4096248258562285e-07,1.4887029058188478e-10,-5.955828283400421e-19,5,"[-1.3047595229882846e-05, 0.0007057704599091158, 0.03236927339889324, 0.3089462844636079, 1.0, 1]",0.0
-0.093075,0,1.5884664274045846e-07,1.4412822140509787e-10,-5.568614344056586e-19,5,"[-1.3115766845621712e-05, 0.0007066616372130309, 0.03238885767426076, 0.308998847121516, 1.0, 1]",0.0
-0.09290000000000001,0,1.7675087716502406e-07,1.393477939105832e-10,-5.187589553974827e-19,5,"[-1.3183949510905424e-05, 0.000707552959725142, 0.03240844311035944, 0.3090514187018516, 1.0, 1]",0.0
-0.092725,0,1.946751929563875e-07,1.3452897727113328e-10,-4.812693502721537e-19,5,"[-1.3252143259551834e-05, 0.0007084444274847636, 0.03242802970696229, 0.3091039992066344, 1.0, 1]",0.0
-0.09255000000000001,0,2.126195972139609e-07,1.2967174062573453e-10,-4.443866146262432e-19,5,"[-1.3320348125408654e-05, 0.0007093360405312245, 0.03244761746384205, 0.3091565886378842, 1.0, 1]",0.0
-0.09237500000000001,0,2.305840970395281e-07,1.2477605307951472e-10,-4.0810478059044896e-19,5,"[-1.3388564142353528e-05, 0.0007102277989038689, 0.03246720638077128, 0.30920918699762195, 1.0, 1]",0.0
-0.0922,0,2.4856869953724304e-07,1.1984188370372913e-10,-3.7241791672396784e-19,5,"[-1.34567913442941e-05, 0.0007111197026420566, 0.03248679645752234, 0.3092617942878688, 1.0, 1]",0.0
-0.092025,0,2.6657341181361387e-07,1.1486920153571393e-10,-3.373201279085417e-19,5,"[-1.3525029765167893e-05, 0.0007120117517851619, 0.03250638769386737, 0.30931441051064656, 1.0, 1]",0.0
-0.09185000000000001,0,2.845982409775066e-07,1.0985797557885914e-10,-3.0280555524253795e-19,5,"[-1.3593279438942485e-05, 0.0007129039463725744, 0.03252598008957833, 0.3093670356679777, 1.0, 1]",0.0
-0.091675,0,3.026431941401783e-07,1.0480817480257055e-10,-2.6886837593485193e-19,5,"[-1.3661540399615453e-05, 0.0007137962864437, 0.032545573644426964, 0.30941966976188506, 1.0, 1]",0.0
-0.0915,0,3.207082784152305e-07,9.971976814224065e-11,-2.3550280319878676e-19,5,"[-1.372981268121439e-05, 0.000714688772037958, 0.0325651683581848, 0.3094723127943923, 1.0, 1]",0.0
-0.091325,0,3.3879350091863346e-07,9.459272449921046e-11,-2.0270308614576757e-19,5,"[-1.3798096317796946e-05, 0.0007155814031947847, 0.03258476423062319, 0.3095249647675235, 1.0, 1]",0.0
-0.09115000000000001,0,3.5689886876873984e-07,8.942701274074391e-11,-1.7046350967902836e-19,5,"[-1.3866391343450862e-05, 0.0007164741799536304, 0.032604361261513254, 0.30957762568330327, 1.0, 1]",0.0
-0.090975,0,3.7502438908625873e-07,8.422260169998283e-11,-1.387783943871158e-19,5,"[-1.393469779229398e-05, 0.0007173671023539603, 0.03262395945062594, 0.309630295543757, 1.0, 1]",0.0
-0.0908,0,3.9317006899426813e-07,7.897946017591984e-11,-1.0764209643738334e-19,5,"[-1.4003015698474228e-05, 0.000718260170435256, 0.03264355879773194, 0.30968297435091036, 1.0, 1]",0.0
-0.09062500000000001,0,4.113359156182275e-07,7.369755693336964e-11,-7.70490074693716e-20,5,"[-1.4071345096169724e-05, 0.0007191533842370148, 0.03266315930260182, 0.30973566210679, 1.0, 1]",0.0
-0.09045,0,4.295219360859609e-07,6.837686070292512e-11,-4.699355448804511e-20,5,"[-1.413968601958873e-05, 0.0007200467437987473, 0.03268276096500587, 0.30978835881342276, 1.0, 1]",0.0
-0.09027500000000001,0,4.47728137527659e-07,6.301734018092564e-11,-1.7470199756988996e-20,5,"[-1.4208038502969686e-05, 0.0007209402491599806, 0.03270236378471422, 0.3098410644728361, 1.0, 1]",0.0
-0.0901699437495,0,4.5866740741164703e-07,5.978124271377877e-11,-4.260012592238737e-30,5,"[-1.4249077530771054e-05, 0.0007214767096292074, 0.03271413233332111, 0.30987270911108467, 1.0, 1]",0.0
-0.09010000000000001,0,4.659545270758954e-07,5.761896402942948e-11,1.15265593084848e-20,5,"[-1.4276402580581242e-05, 0.0007218339003602567, 0.03272196776149678, 0.3098937790870584, 1.0, 1]",0.0
-0.08999999999999997,0,4.7637867361129546e-07,5.451672020059907e-11,2.786181077834623e-20,5,"[-1.4315472986559115e-05, 0.0007223446236829628, 0.03273317055335804, 0.3099239057450639, 1.0, 1]",0.0
-0.089925,0,4.842011118656155e-07,5.218170087617857e-11,4.0002190248339317e-20,5,"[-1.4344778286722298e-05, 0.0007227276974391334, 0.03274157289512323, 0.3099465026581181, 1.0, 1]",0.0
-0.08975,0,5.024678990341324e-07,4.670551931455477e-11,6.796212566492497e-20,5,"[-1.4413165655721986e-05, 0.0007236216404361833, 0.03276117918536309, 0.3099992351880446, 1.0, 1]",0.0
-0.089575,0,5.20754895721139e-07,4.1190387903562166e-11,9.541176333011637e-20,5,"[-1.4481564721939717e-05, 0.0007245157293909939, 0.03278078663198564, 0.31005197667886786, 1.0, 1]",0.0
-0.08940000000000001,0,5.390621090687066e-07,3.5636275167780347e-11,1.2235646629261362e-19,5,"[-1.454997551976521e-05, 0.0007254099643431686, 0.032800395234759985, 0.31010472713261805, 1.0, 1]",0.0
-0.089225,0,5.573895462212811e-07,3.004314959732864e-11,1.4880156298528727e-19,5,"[-1.4618398083618505e-05, 0.0007263043453323266, 0.032820004993455006, 0.3101574865513264, 1.0, 1]",0.0
-0.08905,0,5.757372143256851e-07,2.4410979647851774e-11,1.7475234733258172e-19,5,"[-1.4686832447949951e-05, 0.0007271988723981012, 0.032839615907839376, 0.3102102549370244, 1.0, 1]",0.0
-0.08887500000000001,0,5.941051205311223e-07,1.8739733740462983e-11,2.0021407885808676e-19,5,"[-1.4755278647240293e-05, 0.0007280935455801414, 0.03285922797768157, 0.31026303229174423, 1.0, 1]",0.0
-0.0887,0,6.124932719891715e-07,1.3029380261714887e-11,2.2519198279212123e-19,5,"[-1.482373671600065e-05, 0.0007289883649181119, 0.03287884120274986, 0.3103158186175185, 1.0, 1]",0.0
-0.088525,0,6.309016758537985e-07,7.279887563581754e-12,2.496912501794239e-19,5,"[-1.4892206688772572e-05, 0.0007298833304516931, 0.03289845558281231, 0.3103686139163807, 1.0, 1]",0.0
-0.08835000000000001,0,6.493303392813434e-07,1.4912239634073873e-12,2.7371703798693463e-19,5,"[-1.4960688600127994e-05, 0.0007307784422205793, 0.03291807111763678, 0.3104214181903646, 1.0, 1]",0.0
-0.088175,0,6.677792694305313e-07,-4.3366422561298244e-12,2.9727446921165383e-19,5,"[-1.5029182484669338e-05, 0.0007316737002644818, 0.03293768780699094, 0.31047423144150466, 1.0, 1]",0.0
-0.088,0,6.8624847346247e-07,-1.0203742847033071e-11,3.2036863298857657e-19,5,"[-1.5097688377029493e-05, 0.0007325691046231259, 0.0329573056506422, 0.3105270536718361, 1.0, 1]",0.0
-0.08782500000000001,0,7.047379585406499e-07,-1.6110109596036065e-11,3.430045846987177e-19,5,"[-1.5166206311871824e-05, 0.0007334646553362533, 0.032976924648357823, 0.3105798848833943, 1.0, 1]",0.0
-0.08765,0,7.23247731830944e-07,-2.205577432463971e-11,3.651873460772007e-19,5,"[-1.5234736323890251e-05, 0.0007343603524436201, 0.03299654479990483, 0.3106327250782155, 1.0, 1]",0.0
-0.087475,0,7.417778005016143e-07,-2.8040768889132484e-11,3.8692190532145634e-19,5,"[-1.530327844780921e-05, 0.0007352561959849986, 0.03301616610505007, 0.31068557425833637, 1.0, 1]",0.0
-0.0873,0,7.603281717233043e-07,-3.406512518063453e-11,4.0821321719946286e-19,5,"[-1.5371832718383694e-05, 0.0007361521860001759, 0.033035788563560146, 0.3107384324257946, 1.0, 1]",0.0
-0.08712500000000001,0,7.788988526690466e-07,-4.012887512513774e-11,4.290662031580745e-19,5,"[-1.544039917039931e-05, 0.000737048322528955, 0.03305541217520148, 0.31079129958262774, 1.0, 1]",0.0
-0.08695,0,7.974898505142597e-07,-4.623205068352206e-11,4.494857514314586e-19,5,"[-1.5508977838672255e-05, 0.0007379446056111537, 0.033075036939740274, 0.3108441757308745, 1.0, 1]",0.0
-0.086775,0,8.161011724367519e-07,-5.237468385160307e-11,4.694767171495683e-19,5,"[-1.557756875804935e-05, 0.0007388410352866058, 0.033094662856942535, 0.3108970608725738, 1.0, 1]",0.0
-0.08660000000000001,0,8.347328256167214e-07,-5.85568066601704e-11,4.890439224466851e-19,5,"[-1.5646171963408085e-05, 0.0007397376115951601, 0.033114289926574066, 0.31094995500976547, 1.0, 1]",0.0
-0.086425,0,8.533848172367503e-07,-6.477845117500826e-11,5.081921565700785e-19,5,"[-1.5714787489656603e-05, 0.0007406343345766808, 0.033133918148400436, 0.3110028581444895, 1.0, 1]",0.0
-0.08625000000000001,0,8.720571544818189e-07,-7.103964949693666e-11,5.26926175988728e-19,5,"[-1.578341537173377e-05, 0.0007415312042710479, 0.03315354752218704, 0.31105577027878695, 1.0, 1]",0.0
-0.08607500000000001,0,8.907498445392947e-07,-7.734043376185146e-11,5.452507045020572e-19,5,"[-1.585205564460917e-05, 0.0007424282207181569, 0.033173178047699065, 0.3111086914146991, 1.0, 1]",0.0
-0.0859,0,9.094628945989392e-07,-8.368083614075246e-11,5.631704333488203e-19,5,"[-1.592070834328312e-05, 0.0007433253839579185, 0.03319280972470146, 0.31116162155426796, 1.0, 1]",0.0
-0.085725,0,9.281963118529056e-07,-9.006088883977627e-11,5.806900213160275e-19,5,"[-1.5989373502786685e-05, 0.0007442226940302584, 0.03321244255295898, 0.311214560699536, 1.0, 1]",0.0
-0.08555000000000001,0,9.469501034957376e-07,-9.648062410023752e-11,5.978140948479039e-19,5,"[-1.605805115818173e-05, 0.0007451201509751179, 0.03323207653223619, 0.31126750885254645, 1.0, 1]",0.0
-0.085375,0,9.657242767243816e-07,-1.0294007419866034e-10,6.14547248154991e-19,5,"[-1.6126741344560953e-05, 0.0007460177548324545, 0.03325171166229743, 0.3113204660153429, 1.0, 1]",0.0
-0.0852,0,9.845188387381763e-07,-1.0943927144680794e-10,6.308940433232781e-19,5,"[-1.6195444097047852e-05, 0.0007469155056422407, 0.03327134794290683, 0.31137343218996977, 1.0, 1]",0.0
-0.085025,0,1.0033337967388514e-06,-1.1597824819172646e-10,6.468590104233421e-19,5,"[-1.6264159450796786e-05, 0.0007478134034444642, 0.03329098537382834, 0.3114264073784718, 1.0, 1]",0.0
-0.08485000000000001,0,1.0221691579305368e-06,-1.2255703681577308e-10,6.624466476196695e-19,5,"[-1.6332887440993015e-05, 0.0007487114482791288, 0.033310623954825654, 0.3114793915828945, 1.0, 1]",0.0
-0.084675,0,1.0410249295197678e-06,-1.2917566973665569e-10,6.776614212799691e-19,5,"[-1.640162810285267e-05, 0.0007496096401862532, 0.03333026368566229, 0.31153238480528384, 1.0, 1]",0.0
-0.0845,0,1.0599011187154653e-06,-1.3583417940746374e-10,6.92507766084526e-19,5,"[-1.6470381471622804e-05, 0.0007505079792058717, 0.03334990456610157, 0.3115853870476865, 1.0, 1]",0.0
-0.08432500000000001,0,1.0787977327289565e-06,-1.4253259831670369e-10,7.069900851357148e-19,5,"[-1.653914758258142e-05, 0.0007514064653780343, 0.03336954659590656, 0.3116383983121495, 1.0, 1]",0.0
-0.08415,0,1.0977147787739744e-06,-1.492709589883343e-10,7.211127500675149e-19,5,"[-1.660792647103752e-05, 0.0007523050987428068, 0.03338918977484018, 0.31169141860072086, 1.0, 1]",0.0
-0.08397500000000001,0,1.1166522640666427e-06,-1.5604929398180328e-10,7.348801011550239e-19,5,"[-1.6676718172331064e-05, 0.0007532038793402703, 0.03340883410266509, 0.3117444479154488, 1.0, 1]",0.0
-0.08380000000000001,0,1.1356101958254897e-06,-1.6286763589208054e-10,7.482964474241497e-19,5,"[-1.6745522721833015e-05, 0.000754102807210521, 0.03342847957914377, 0.3117974862583822, 1.0, 1]",0.0
-0.083625,0,1.1545885812714562e-06,-1.6972601734969157e-10,7.613660667613611e-19,5,"[-1.6814340154945398e-05, 0.0007550018823936709, 0.03344812620403848, 0.3118505336315708, 1.0, 1]",0.0
-0.08345,0,1.1735874276278715e-06,-1.766244710207597e-10,7.740932060232835e-19,5,"[-1.688317050710127e-05, 0.0007559011049298476, 0.033467773977111266, 0.3119035900370643, 1.0, 1]",0.0
-0.083275,0,1.1926067421204766e-06,-1.835630296070294e-10,7.864820811467077e-19,5,"[-1.6952013813764788e-05, 0.0007568004748591946, 0.03348742289812398, 0.3119566554769138, 1.0, 1]",0.0
-0.08310000000000001,0,1.2116465319774213e-06,-1.9054172584590754e-10,7.985368772584041e-19,5,"[-1.7020870110431212e-05, 0.0007576999922218701, 0.03350707296683825, 0.3120097299531702, 1.0, 1]",0.0
-0.082925,0,1.2307068044292556e-06,-1.9756059251050234e-10,8.102617487849715e-19,5,"[-1.708973943262691e-05, 0.0007585996570580489, 0.0335267241830155, 0.3120628134678856, 1.0, 1]",0.0
-0.08275,0,1.2497875667089362e-06,-2.0461966240965635e-10,8.216608195628616e-19,5,"[-1.7158621815909405e-05, 0.0007594994694079203, 0.03354637654641694, 0.31211590602311223, 1.0, 1]",0.0
-0.08257500000000001,0,1.268888826051833e-06,-2.1171896838797246e-10,8.327381829485524e-19,5,"[-1.7227517295867406e-05, 0.0007603994293116906, 0.0335660300568036, 0.3121690076209032, 1.0, 1]",0.0
-0.0824,0,1.2880105896957215e-06,-2.1885854332586687e-10,8.434979019284043e-19,5,"[-1.7296425908120802e-05, 0.0007612995368095798, 0.03358568471393625, 0.31222211826331203, 1.0, 1]",0.0
-0.082225,0,1.307152864880779e-06,-2.2603842013958308e-10,8.539440092290265e-19,5,"[-1.736534768832068e-05, 0.0007621997919418244, 0.033605340517575466, 0.31227523795239287, 1.0, 1]",0.0
-0.08205000000000001,0,1.3263156588496072e-06,-2.332586317812472e-10,8.640805074273492e-19,5,"[-1.743428267214944e-05, 0.0007631001947486782, 0.033624997467481675, 0.3123283666902006, 1.0, 1]",0.0
-0.081875,0,1.3454989788472085e-06,-2.405192112388883e-10,8.739113690609273e-19,5,"[-1.750323089532065e-05, 0.0007640007452704075, 0.033644655563415005, 0.31238150447879054, 1.0, 1]",0.0
-0.0817,0,1.3647028321209982e-06,-2.4782019153648323e-10,8.834405367381829e-19,5,"[-1.757219239357922e-05, 0.0007649014435472967, 0.03366431480513543, 0.3124346513202186, 1.0, 1]",0.0
-0.08152500000000001,0,1.3839272259208027e-06,-2.551616057339848e-10,8.92671923248826e-19,5,"[-1.7641167202701337e-05, 0.0007658022896196441, 0.03368397519240269, 0.31248780721654107, 1.0, 1]",0.0
-0.08135,0,1.4031721674988703e-06,-2.6254348692736693e-10,9.016094116741763e-19,5,"[-1.7710155358494557e-05, 0.0007667032835277654, 0.03370363672497632, 0.31254097216981536, 1.0, 1]",0.0
-0.081175,0,1.4224376641098561e-06,-2.699658682486481e-10,9.102568554976826e-19,5,"[-1.7779156896797756e-05, 0.0007676044253119902, 0.033723299402615634, 0.31259414618209896, 1.0, 1]",0.0
-0.081,0,1.4417237230108273e-06,-2.7742878286593115e-10,9.18618078715371e-19,5,"[-1.7848171853481182e-05, 0.0007685057150126646, 0.03374296322507976, 0.3126473292554501, 1.0, 1]",0.0
-0.08082500000000001,0,1.4610303514612725e-06,-2.8493226398344737e-10,9.266968759463076e-19,5,"[-1.7917200264446517e-05, 0.0007694071526701502, 0.03376262819212761, 0.3127005213919277, 1.0, 1]",0.0
-0.08065,0,1.4803575567230991e-06,-2.924763448415787e-10,9.344970125433474e-19,5,"[-1.7986242165626843e-05, 0.0007703087383248248, 0.03378229430351786, 0.31275372259359124, 1.0, 1]",0.0
-0.080475,0,1.4997053460606236e-06,-3.0006105871690247e-10,9.420222247035484e-19,5,"[-1.805529759298667e-05, 0.0007712104720170808, 0.03380196155900899, 0.3128069328625005, 1.0, 1]",0.0
-0.08030000000000001,0,1.5190737267405854e-06,-3.0768643892222333e-10,9.49276219578974e-19,5,"[-1.8124366582522016e-05, 0.0007721123537873274, 0.033821629958359294, 0.3128601522007163, 1.0, 1]",0.0
-0.080125,0,1.538462706032146e-06,-3.1535251880660793e-10,9.562626753873983e-19,5,"[-1.8193449170260356e-05, 0.0007730143836759887, 0.033841299501326826, 0.3129133806102998, 1.0, 1]",0.0
-0.07995000000000001,0,1.557872291206879e-06,-3.230593317554242e-10,9.629852415229177e-19,5,"[-1.826254539226068e-05, 0.0007739165617235043, 0.0338609701876694, 0.3129666180933126, 1.0, 1]",0.0
-0.07977500000000001,0,1.5773024895387851e-06,-3.308069111903716e-10,9.694475386669193e-19,5,"[-1.8331655284613553e-05, 0.0007748188879703311, 0.0338806420171447, 0.31301986465181725, 1.0, 1]",0.0
-0.0796,0,1.596753308304286e-06,-3.3859529056952875e-10,9.756531588986405e-19,5,"[-1.8400778883441064e-05, 0.00077572136245694, 0.03390031498951013, 0.31307312028787654, 1.0, 1]",0.0
-0.079425,0,1.6162247547822227e-06,-3.464245033873688e-10,9.816056658063737e-19,5,"[-1.846991622489689e-05, 0.0007766239852238184, 0.033919989104522916, 0.31312638500355416, 1.0, 1]",0.0
-0.07925000000000001,0,1.6357168362538555e-06,-3.542945831748102e-10,9.873085945980745e-19,5,"[-1.8539067345166302e-05, 0.0007775267563114684, 0.03393966436194003, 0.3131796588009141, 1.0, 1]",0.0
-0.079075,0,1.6552295600028822e-06,-3.622055634992605e-10,9.927654522122775e-19,5,"[-1.860823228046624e-05, 0.0007784296757604097, 0.033959340761518304, 0.31323294168202104, 1.0, 1]",0.0
-0.0789,0,1.6747629333154109e-06,-3.701574779646255e-10,9.97979717429336e-19,5,"[-1.867741106704525e-05, 0.0007793327436111759, 0.03397901830301428, 0.31328623364894026, 1.0, 1]",0.0
-0.078725,0,1.6943169634799816e-06,-3.7815036021136805e-10,1.0029548409821433e-18,5,"[-1.8746603741183576e-05, 0.0007802359599043179, 0.033998696986184344, 0.3133395347037377, 1.0, 1]",0.0
-0.07861111111111108,0,1.7070537017158623e-06,-3.8337409958881307e-10,1.0060657874822704e-18,5,"[-1.8791641371311116e-05, 0.0007808238470901953, 0.03401150436139677, 0.3133742275744334, 1.0, 1]",0.0
-0.07855000000000001,0,1.7138916577875612e-06,-3.8618424391653716e-10,1.0076942456672406e-18,5,"[-1.881581033919317e-05, 0.000781139324680401, 0.034018376810784644, 0.31339284484847985, 1.0, 1]",0.0
-0.078375,0,1.733487023531544e-06,-3.9425916279380394e-10,1.0122013264558709e-18,5,"[-1.8885030897417684e-05, 0.0007820428379800072, 0.03403805777657113, 0.3134461640852337, 1.0, 1]",0.0
-0.0782,0,1.753103068007746e-06,-4.023751505934902e-10,1.016479450605157e-18,5,"[-1.895426545223252e-05, 0.0007829464998437336, 0.034057739883299507, 0.3134994924160669, 1.0, 1]",0.0
-0.07802500000000001,0,1.7727397985144213e-06,-4.105322411026204e-10,1.0205319577690231e-18,5,"[-1.9023514040044838e-05, 0.0007838503103121934, 0.0340774231307253, 0.3135528298430475, 1.0, 1]",0.0
-0.07785,0,1.7923972223522487e-06,-4.187304681449418e-10,1.0243621601095433e-18,5,"[-1.9092776697293618e-05, 0.0007847542694260157, 0.034097107518603835, 0.3136061763682445, 1.0, 1]",0.0
-0.07767500000000001,0,1.8120753468243347e-06,-4.269698655809691e-10,1.027973342407945e-18,5,"[-1.916205346044964e-05, 0.000785658377225846, 0.03411679304669018, 0.3136595319937273, 1.0, 1]",0.0
-0.07750000000000001,0,1.8317741792362252e-06,-4.352504673080219e-10,1.0313687621758732e-18,5,"[-1.9231344366015514e-05, 0.0007865626337523442, 0.03413647971473922, 0.313712896721566, 1.0, 1]",0.0
-0.077325,0,1.851493726895889e-06,-4.435723072602534e-10,1.0345516497666069e-18,5,"[-1.9300649450525695e-05, 0.0007874670390461863, 0.034156167522505616, 0.31376627055383083, 1.0, 1]",0.0
-0.07715,0,1.8712339971137366e-06,-4.519354194086931e-10,1.0375252084863363e-18,5,"[-1.9369968750546576e-05, 0.0007883715931480659, 0.034175856469743825, 0.3138196534925933, 1.0, 1]",0.0
-0.076975,0,1.8909949972026013e-06,-4.603398377612774e-10,1.040292614705351e-18,5,"[-1.9439302302676372e-05, 0.0007892762960986895, 0.03419554655620807, 0.3138730455399248, 1.0, 1]",0.0
-0.07680000000000001,0,1.910776734477761e-06,-4.687855963628954e-10,1.042857017969311e-18,5,"[-1.9508650143545306e-05, 0.0007901811479387818, 0.03421523778165239, 0.313926446697898, 1.0, 1]",0.0
-0.076625,0,1.9305792162569265e-06,-4.772727292954154e-10,1.045221541110661e-18,5,"[-1.957801230981552e-05, 0.0007910861487090821, 0.034234930145830594, 0.31397985696858566, 1.0, 1]",0.0
-0.07645,0,1.9504024498602406e-06,-4.858012706777197e-10,1.047389280359982e-18,5,"[-1.964738883818112e-05, 0.0007919912984503462, 0.03425462364849627, 0.31403327635406136, 1.0, 1]",0.0
-0.07627500000000001,0,1.9702464426102855e-06,-4.943712546657556e-10,1.0493633054570216e-18,5,"[-1.971677976536825e-05, 0.0007928965972033459, 0.0342743182894028, 0.3140867048563992, 1.0, 1]",0.0
-0.0761,0,1.9901112018320867e-06,-5.029827154525565e-10,1.051146659762485e-18,5,"[-1.9786185128135044e-05, 0.0007938020450088678, 0.034294014068303354, 0.3141401424776739, 1.0, 1]",0.0
-0.075925,0,2.009996734853098e-06,-5.116356872682853e-10,1.0527423603690458e-18,5,"[-1.9855604963271696e-05, 0.0007947076419077156, 0.0343137109849509, 0.3141935892199607, 1.0, 1]",0.0
-0.07575000000000001,0,2.0299030490032176e-06,-5.203302043802677e-10,1.054153398212996e-18,5,"[-1.992503930760044e-05, 0.0007956133879407073, 0.034333409039098144, 0.31424704508533546, 1.0, 1]",0.0
-0.075575,0,2.049830151614792e-06,-5.29066301093035e-10,1.0553827381855215e-18,5,"[-1.999448819797568e-05, 0.0007965192831486793, 0.034353108230497656, 0.31430051007587473, 1.0, 1]",0.0
-0.0754,0,2.069778050022594e-06,-5.378440117483508e-10,1.0564333192441129e-18,5,"[-2.006395167128385e-05, 0.0007974253275724813, 0.03437280855890173, 0.3143539841936556, 1.0, 1]",0.0
-0.07522500000000001,0,2.0897467515638452e-06,-5.466633707252557e-10,1.0573080545240094e-18,5,"[-2.0133429764443568e-05, 0.0007983315212529807, 0.03439251002406245, 0.3144074674407556, 1.0, 1]",0.0
-0.07505,0,2.109736263578216e-06,-5.555244124401014e-10,1.05800983144972e-18,5,"[-2.0202922514405616e-05, 0.0007992378642310597, 0.034412212625731714, 0.31446095981925315, 1.0, 1]",0.0
-0.074875,0,2.129746593407811e-06,-5.644271713465874e-10,1.0585415118462687e-18,5,"[-2.0272429958152928e-05, 0.0008001443565476169, 0.03443191636366118, 0.31451446133122685, 1.0, 1]",0.0
-0.0747,0,2.1497777483971813e-06,-5.733716819357933e-10,1.0589059320509081e-18,5,"[-2.03419521327007e-05, 0.0008010509982435666, 0.0344516212376023, 0.3145679719787563, 1.0, 1]",0.0
-0.07452500000000001,0,2.1698297358933283e-06,-5.823579787362248e-10,1.0591059030243576e-18,5,"[-2.0411489075096324e-05, 0.0008019577893598397, 0.03447132724730632, 0.3146214917639215, 1.0, 1]",0.0
-0.07435,0,2.1899025632456934e-06,-5.913860963138369e-10,1.0591442104625406e-18,5,"[-2.048104082241946e-05, 0.0008028647299373818, 0.034491034392524246, 0.31467502068880304, 1.0, 1]",0.0
-0.074175,0,2.2099962378061672e-06,-6.004560692720909e-10,1.0590236149075167e-18,5,"[-2.0550607411782057e-05, 0.0008037718200171556, 0.034510742673006904, 0.31472855875548206, 1.0, 1]",0.0
-0.07400000000000001,0,2.230110766929092e-06,-6.095679322519675e-10,1.0587468518597495e-18,5,"[-2.0620188880328352e-05, 0.0008046790596401395, 0.03453045208850487, 0.31478210596604045, 1.0, 1]",0.0
-0.073825,0,2.250246157971253e-06,-6.187217199320224e-10,1.0583166318888308e-18,5,"[-2.0689785265234915e-05, 0.0008055864488473273, 0.03455016263876853, 0.3148356623225606, 1.0, 1]",0.0
-0.07365000000000001,0,2.27040241829188e-06,-6.279174670284127e-10,1.0577356407453323e-18,5,"[-2.075939660371066e-05, 0.0008064939876797287, 0.03456987432354801, 0.31488922782712525, 1.0, 1]",0.0
-0.07347500000000001,0,2.2905795552526697e-06,-6.371552082949368e-10,1.0570065394724817e-18,5,"[-2.082902293299692e-05, 0.0008074016761783711, 0.03458958714259332, 0.31494280248181833, 1.0, 1]",0.0
-0.0733,0,2.310777576217757e-06,-6.464349785230737e-10,1.0561319645171211e-18,5,"[-2.0898664290367372e-05, 0.000808309514384296, 0.03460930109565413, 0.31499638628872384, 1.0, 1]",0.0
-0.073125,0,2.3309964885537285e-06,-6.557568125420135e-10,1.0551145278416251e-18,5,"[-2.0968320713128133e-05, 0.0008092175023385614, 0.034629016182479974, 0.31504997924992656, 1.0, 1]",0.0
-0.07295000000000001,0,2.351236299629622e-06,-6.651207452187025e-10,1.0539568170350099e-18,5,"[-2.1037992238617752e-05, 0.000810125640082241, 0.03464873240282015, 0.3151035813675118, 1.0, 1]",0.0
-0.072775,0,2.371497016816945e-06,-6.74526811457877e-10,1.0526613954248607e-18,5,"[-2.1107678904207303e-05, 0.0008110339276564258, 0.034668449756423726, 0.3151571926435656, 1.0, 1]",0.0
-0.0726,0,2.39177864748964e-06,-6.839750462020971e-10,1.051230802188296e-18,5,"[-2.1177380747300297e-05, 0.0008119423651022219, 0.03468816824303958, 0.3152108130801745, 1.0, 1]",0.0
-0.072425,0,2.4120811990241115e-06,-6.934654844317856e-10,1.0496675524638135e-18,5,"[-2.1247097805332747e-05, 0.0008128509524607505, 0.03470788786241633, 0.3152644426794255, 1.0, 1]",0.0
-0.07225000000000001,0,2.432404678799221e-06,-7.029981611652673e-10,1.0479741374625223e-18,5,"[-2.1316830115773264e-05, 0.0008137596897731507, 0.03472760861430244, 0.3153180814434064, 1.0, 1]",0.0
-0.072075,0,2.4527490941962874e-06,-7.125731114588071e-10,1.0461530245795836e-18,5,"[-2.1386577716122992e-05, 0.0008146685770805761, 0.034747330498446104, 0.31537172937420554, 1.0, 1]",0.0
-0.0719,0,2.4731144525990856e-06,-7.2219037040664e-10,1.0442066575058327e-18,5,"[-2.1456340643915666e-05, 0.0008155776144241977, 0.03476705351459533, 0.31542538647391194, 1.0, 1]",0.0
-0.07172500000000001,0,2.4935007613938483e-06,-7.318499731410145e-10,1.0421374563390058e-18,5,"[-2.1526118936717632e-05, 0.0008164868018452011, 0.03478677766249787, 0.315479052744615, 1.0, 1]",0.0
-0.07155,0,2.5139080279692693e-06,-7.415519548322337e-10,1.039947817694998e-18,5,"[-2.1595912632127858e-05, 0.0008173961393847889, 0.034806502941901296, 0.31553272818840467, 1.0, 1]",0.0
-0.07137500000000001,0,2.534336259716505e-06,-7.51296350688682e-10,1.0376401148197466e-18,5,"[-2.1665721767778015e-05, 0.00081830562708418, 0.03482622935255297, 0.3155864128073721, 1.0, 1]",0.0
-0.07120000000000001,0,2.5547854640291632e-06,-7.610831959568636e-10,1.0352166977002503e-18,5,"[-2.173554638133239e-05, 0.0008192152649846087, 0.03484595689420001, 0.31564010660360814, 1.0, 1]",0.0
-0.071025,0,2.5752556483033265e-06,-7.709125259214597e-10,1.0326798931756206e-18,5,"[-2.1805386510488046e-05, 0.0008201250531273255, 0.03486568556658932, 0.31569380957920495, 1.0, 1]",0.0
-0.07085,0,2.595746819937529e-06,-7.807843759053322e-10,1.0300320050493027e-18,5,"[-2.1875242192974727e-05, 0.0008210349915535972, 0.03488541536946759, 0.315747521736255, 1.0, 1]",0.0
-0.070675,0,2.6162589863327712e-06,-7.906987812695874e-10,1.027275314199569e-18,5,"[-2.1945113466554943e-05, 0.0008219450803047065, 0.0349051463025813, 0.31580124307685126, 1.0, 1]",0.0
-0.07050000000000001,0,2.6367921548925254e-06,-8.006557774136092e-10,1.0244120786911364e-18,5,"[-2.2015000369023997e-05, 0.0008228553194219529, 0.0349248783656767, 0.31585497360308756, 1.0, 1]",0.0
-0.070325,0,2.6573463330227185e-06,-8.106553997750872e-10,1.0214445338864235e-18,5,"[-2.2084902938209974e-05, 0.0008237657089466506, 0.03494461155849983, 0.31590871331705805, 1.0, 1]",0.0
-0.07015,0,2.6779215281317454e-06,-8.206976838300554e-10,1.0183748925570451e-18,5,"[-2.215482121197379e-05, 0.0008246762489201312, 0.03496434588079651, 0.3159624622208577, 1.0, 1]",0.0
-0.06997500000000001,0,2.6985177476304756e-06,-8.307826650929457e-10,1.0152053449944745e-18,5,"[-2.2224755228209227e-05, 0.000825586939383742, 0.03498408133231233, 0.31601622031658194, 1.0, 1]",0.0
-0.0698,0,2.7191349989322373e-06,-8.409103791166056e-10,1.0119380591217505e-18,5,"[-2.2294705024842923e-05, 0.0008264977803788468, 0.03500381791279269, 0.3160699876063269, 1.0, 1]",0.0
-0.069625,0,2.7397732894528306e-06,-8.510808614923459e-10,1.0085751806044758e-18,5,"[-2.2364670639834422e-05, 0.0008274087719468249, 0.035023555621982755, 0.3161237640921892, 1.0, 1]",0.0
-0.06945000000000001,0,2.760432626610525e-06,-8.612941478499764e-10,1.0051188329620122e-18,5,"[-2.2434652111176184e-05, 0.0008283199141290716, 0.03504329445962744, 0.3161775497762661, 1.0, 1]",0.0
-0.069275,0,2.7811130178260605e-06,-8.715502738578438e-10,1.0015711176785655e-18,5,"[-2.2504649476893605e-05, 0.0008292312069669992, 0.03506303442547149, 0.3162313446606555, 1.0, 1]",0.0
-0.0691,0,2.8018144705226458e-06,-8.818492752228722e-10,9.97934114314113e-19,5,"[-2.2574662775045083e-05, 0.0008301426505020361, 0.03508277551925943, 0.31628514874745584, 1.0, 1]",0.0
-0.06892500000000001,0,2.822536992125962e-06,-8.921911876905885e-10,9.942098806160942e-19,5,"[-2.264469204372198e-05, 0.0008310542447756262, 0.035102517740735535, 0.31633896203876627, 1.0, 1]",0.0
-0.06875,0,2.8432805900641683e-06,-9.025760470451873e-10,9.90400452629292e-19,5,"[-2.271473732104869e-05, 0.0008319659898292306, 0.035122261089643864, 0.3163927845366864, 1.0, 1]",0.0
-0.068575,0,2.864045271767887e-06,-9.130038891095308e-10,9.865078448082316e-19,5,"[-2.2784798645182638e-05, 0.000832877885704325, 0.035142005565728274, 0.31644661624331644, 1.0, 1]",0.0
-0.0684,0,2.8848310446702236e-06,-9.234747497452225e-10,9.82534050126904e-19,5,"[-2.2854876054314315e-05, 0.0008337899324424028, 0.03516175116873241, 0.3165004571607573, 1.0, 1]",0.0
-0.06822500000000001,0,2.9056379162067524e-06,-9.339886648526218e-10,9.78481040190423e-19,5,"[-2.2924969586667315e-05, 0.000834702130084973, 0.035181497898399645, 0.3165543072911105, 1.0, 1]",0.0
-0.06805,0,2.9264658938155285e-06,-9.44545670370894e-10,9.7435076534563e-19,5,"[-2.2995079280498337e-05, 0.0008356144786735609, 0.03520124575447321, 0.3166081666364779, 1.0, 1]",0.0
-0.067875,0,2.947314984937082e-06,-9.551458022780379e-10,9.701451547922578e-19,5,"[-2.3065205174097208e-05, 0.0008365269782497079, 0.03522099473669606, 0.31666203519896235, 1.0, 1]",0.0
-0.06770000000000001,0,2.968185197014418e-06,-9.657890965909405e-10,9.658661166928503e-19,5,"[-2.3135347305786934e-05, 0.0008374396288549717, 0.03524074484481094, 0.3167159129806671, 1.0, 1]",0.0
-0.067525,0,2.9890765374930268e-06,-9.76475589365393e-10,9.615155382849666e-19,5,"[-2.320550571392372e-05, 0.0008383524305309269, 0.0352604960785604, 0.3167697999836959, 1.0, 1]",0.0
-0.06735000000000001,0,3.0099890138208684e-06,-9.872053166961498e-10,9.570952859903017e-19,5,"[-2.3275680436896924e-05, 0.0008392653833191627, 0.03528024843768673, 0.31682369621015327, 1.0, 1]",0.0
-0.06722222222222218,0,3.025271795622321e-06,-9.950670504503486e-10,9.5382485278296e-19,5,"[-2.3326929450786467e-05, 0.0008399320792409871, 0.03529467150583476, 0.3168630548375686, 1.0, 1]",0.0
-0.067175,0,3.0309226334483887e-06,-9.979783147169511e-10,9.526072055266497e-19,5,"[-2.334587151312919e-05, 0.0008401784872612862, 0.035300001921932014, 0.3168776016621442, 1.0, 1]",0.0
-0.067,0,3.0518774038285175e-06,-1.0087946196005728e-09,9.480531220177895e-19,5,"[-2.341607898107643e-05, 0.0008410917423989206, 0.03531975653103815, 0.31693151634177447, 1.0, 1]",0.0
-0.06682500000000001,0,3.0728533324166597e-06,-1.0196542675588497e-09,9.434348401046004e-19,5,"[-2.3486302879227803e-05, 0.0008420051487737045, 0.03533951226474678, 0.3169854402511504, 1.0, 1]",0.0
-0.06665,0,3.0938504266707045e-06,-1.0305572948427344e-09,9.387541440547628e-19,5,"[-2.3556543246105783e-05, 0.0008429187064272931, 0.03535926912279932, 0.3170393733923786, 1.0, 1]",0.0
-0.066475,0,3.1148686940510293e-06,-1.0415037377423175e-09,9.340127978742436e-19,5,"[-2.3626800120266185e-05, 0.0008438324154013585, 0.035379027104937004, 0.31709331576756666, 1.0, 1]",0.0
-0.06630000000000001,0,3.1359081420204885e-06,-1.0524936325868731e-09,9.292125454170308e-19,5,"[-2.369707354029817e-05, 0.0008447462757375874, 0.03539878621090078, 0.31714726737882265, 1.0, 1]",0.0
-0.066125,0,3.156968778044429e-06,-1.0635270157449043e-09,9.24355110495528e-19,5,"[-2.3767363544824298e-05, 0.0008456602874776859, 0.03541854644043145, 0.31720122822825536, 1.0, 1]",0.0
-0.06595000000000001,0,3.1780506095906763e-06,-1.0746039236241596e-09,9.194421969916176e-19,5,"[-2.3837670172500508e-05, 0.0008465744506633727, 0.035438307793269536, 0.31725519831797383, 1.0, 1]",0.0
-0.065775,0,3.1991536441295492e-06,-1.0857243926716982e-09,9.144754889659295e-19,5,"[-2.3907993462016194e-05, 0.0008474887653363863, 0.03545807026915538, 0.31730917765008804, 1.0, 1]",0.0
-0.0656,0,3.2202778891338503e-06,-1.0968884593739125e-09,9.094566507685662e-19,5,"[-2.3978333452094177e-05, 0.0008484032315384787, 0.03547783386782907, 0.31736316622670857, 1.0, 1]",0.0
-0.06542500000000001,0,3.2414233520788698e-06,-1.1080961602565664e-09,9.043873271493825e-19,5,"[-2.4048690181490773e-05, 0.0008493178493114196, 0.03549759858903049, 0.31741716404994624, 1.0, 1]",0.0
-0.06525,0,3.262590040442393e-06,-1.1193475318848438e-09,8.992691433676865e-19,5,"[-2.411906368899579e-05, 0.0008502326186969954, 0.03551736443249931, 0.3174711711219129, 1.0, 1]",0.0
-0.06507500000000001,0,3.2837779617046846e-06,-1.130642610863375e-09,8.9410370530252e-19,5,"[-2.418945401343255e-05, 0.0008511475397370074, 0.035537131397974916, 0.3175251874447208, 1.0, 1]",0.0
-0.0649,0,3.304987123348515e-06,-1.1419814338362833e-09,8.888925995628464e-19,5,"[-2.4259861193657967e-05, 0.000852062612473275, 0.0355568994851966, 0.3175792130204828, 1.0, 1]",0.0
-0.064725,0,3.3262175328591316e-06,-1.1533640374872224e-09,8.836373935967092e-19,5,"[-2.433028526856251e-05, 0.0008529778369476331, 0.035576668693903316, 0.3176332478513124, 1.0, 1]",0.0
-0.06455000000000001,0,3.347469197724285e-06,-1.1647904585394115e-09,8.783396358020545e-19,5,"[-2.4400726277070223e-05, 0.0008538932132019328, 0.03559643902383383, 0.3176872919393237, 1.0, 1]",0.0
-0.064375,0,3.368742125434217e-06,-1.1762607337556822e-09,8.73000855635551e-19,5,"[-2.4471184258138807e-05, 0.000854808741278042, 0.0356162104747267, 0.3177413452866314, 1.0, 1]",0.0
-0.06420000000000001,0,3.3900363234816563e-06,-1.1877748999385023e-09,8.676225637231105e-19,5,"[-2.4541659250759578e-05, 0.0008557244212178444, 0.03563598304632025, 0.3177954078953508, 1.0, 1]",0.0
-0.064025,0,3.41135179936184e-06,-1.1993329939300326e-09,8.622062519690095e-19,5,"[-2.4612151293957577e-05, 0.0008566402530632412, 0.03565575673835259, 0.31784947976759786, 1.0, 1]",0.0
-0.06385,0,3.4326885605724886e-06,-1.2109350526121514e-09,8.567533936655778e-19,5,"[-2.468266042679147e-05, 0.0008575562368561487, 0.03567553155056158, 0.3179035609054889, 1.0, 1]",0.0
-0.06367500000000001,0,3.454046614613825e-06,-1.222581112906498e-09,8.512654436029489e-19,5,"[-2.4753186688353705e-05, 0.0008584723726385004, 0.035695307482684895, 0.3179576513111412, 1.0, 1]",0.0
-0.0635,0,3.475425968988573e-06,-1.2342712117745211e-09,8.457438381777564e-19,5,"[-2.4823730117770454e-05, 0.0008593886604522459, 0.035715084534459964, 0.31801175098667234, 1.0, 1]",0.0
-0.063325,0,3.4968266312019495e-06,-1.246005386217499e-09,8.401899955035065e-19,5,"[-2.4894290754201662e-05, 0.0008603051003393519, 0.035734862705624, 0.3180658599342008, 1.0, 1]",0.0
-0.06315000000000001,0,3.518248608761671e-06,-1.2577836732765923e-09,8.3460531551901e-19,5,"[-2.4964868636841082e-05, 0.0008612216923418008, 0.035754641995914, 0.3181199781558453, 1.0, 1]",0.0
-0.062975,0,3.5396919091779603e-06,-1.2696061100328808e-09,8.289911800980206e-19,5,"[-2.5035463804916243e-05, 0.0008621384365015912, 0.03577442240506671, 0.3181741056537256, 1.0, 1]",0.0
-0.06280000000000001,0,3.5611565399635308e-06,-1.2814727336073972e-09,8.233489531580311e-19,5,"[-2.5106076297688565e-05, 0.0008630553328607388, 0.03579420393281868, 0.31822824242996156, 1.0, 1]",0.0
-0.062625,0,3.58264250863361e-06,-1.2933835811611727e-09,8.176799807697332e-19,5,"[-2.5176706154453333e-05, 0.0008639723814612763, 0.035813986578906234, 0.31828238848667423, 1.0, 1]",0.0
-0.062450000000000006,0,3.604149822705921e-06,-1.3053386898952726e-09,8.1198559126544295e-19,5,"[-2.5247353414539713e-05, 0.0008648895823452516, 0.03583377034306546, 0.3183365438259848, 1.0, 1]",0.0
-0.06227500000000001,0,3.625678489700689e-06,-1.317338097050836e-09,8.062670953481917e-19,5,"[-2.531801811731079e-05, 0.0008658069355547297, 0.035853555225032245, 0.3183907084500152, 1.0, 1]",0.0
-0.0621,0,3.64722851714065e-06,-1.32938183990911e-09,8.005257862010879e-19,5,"[-2.5388700302163598e-05, 0.0008667244411317926, 0.035873341224542214, 0.3184448823608881, 1.0, 1]",0.0
-0.06192500000000001,0,3.668799912551037e-06,-1.341469955791505e-09,7.947629395943561e-19,5,"[-2.5459400008529112e-05, 0.000867642099118537, 0.035893128341330786, 0.3184990655607264, 1.0, 1]",0.0
-0.06175,0,3.690392683459597e-06,-1.3536024820596105e-09,7.889798139962019e-19,5,"[-2.5530117275872364e-05, 0.0008685599095570786, 0.03591291657513318, 0.31855325805165424, 1.0, 1]",0.0
-0.061575000000000005,0,3.7120068373965786e-06,-1.3657794561152508e-09,7.831776506795927e-19,5,"[-2.5600852143692336e-05, 0.000869477872489548, 0.03593270592568435, 0.3186074598357958, 1.0, 1]",0.0
-0.06140000000000001,0,3.733642381894743e-06,-1.3780009154005265e-09,7.773576738310457e-19,5,"[-2.567160465152209e-05, 0.0008703959879580923, 0.035952496392719066, 0.31866167091527603, 1.0, 1]",0.0
-0.061225,0,3.755299324489355e-06,-1.3902668973978356e-09,7.715210906597254e-19,5,"[-2.574237483892874e-05, 0.0008713142560048757, 0.03597228797597183, 0.3187158912922206, 1.0, 1]",0.0
-0.06105000000000001,0,3.776977672718189e-06,-1.402577439629935e-09,7.65669091504377e-19,5,"[-2.58131627455135e-05, 0.000872232676672079, 0.03599208067517696, 0.3187701209687558, 1.0, 1]",0.0
-0.060875,0,3.7986774341215385e-06,-1.4149325796599635e-09,7.598028499429969e-19,5,"[-2.5883968410911682e-05, 0.0008731512500018986, 0.0360118744900685, 0.3188243599470082, 1.0, 1]",0.0
-0.060700000000000004,0,3.820398616242193e-06,-1.4273323550914906e-09,7.539235228991379e-19,5,"[-2.5954791874792764e-05, 0.0008740699760365487, 0.03603166942038032, 0.3188786082291053, 1.0, 1]",0.0
-0.06052500000000001,0,3.842141226625469e-06,-1.439776803568549e-09,7.480322507517515e-19,5,"[-2.6025633176860405e-05, 0.0008749888548182596, 0.03605146546584607, 0.3189328658171753, 1.0, 1]",0.0
-0.06035,0,3.863905272819193e-06,-1.4522659627756831e-09,7.421301574414134e-19,5,"[-2.6096492356852407e-05, 0.0008759078863892782, 0.03607126262619911, 0.3189871327133467, 1.0, 1]",0.0
-0.060175000000000006,0,3.88569076237369e-06,-1.464799870437978e-09,7.362183505785512e-19,5,"[-2.6167369454540822e-05, 0.0008768270707918673, 0.03609106090117264, 0.31904140891974875, 1.0, 1]",0.0
-0.06000000000000001,0,3.90749770284182e-06,-1.4773785643211031e-09,7.302979215521411e-19,5,"[-2.6238264509731933e-05, 0.0008777464080683071, 0.03611086029049959, 0.3190956944385113, 1.0, 1]",0.0
-0.059825,0,3.929326101778951e-06,-1.4900020822313631e-09,7.243699456351867e-19,5,"[-2.630917756226629e-05, 0.0008786658982608943, 0.036130660793912694, 0.31914998927176486, 1.0, 1]",0.0
-0.05965000000000001,0,3.9511759667429595e-06,-1.5026704620157169e-09,7.184354820937676e-19,5,"[-2.6380108652018723e-05, 0.0008795855414119416, 0.036150462411144446, 0.3192042934216404, 1.0, 1]",0.0
-0.059475,0,3.9730473052942515e-06,-1.5153837415618317e-09,7.124955742941263e-19,5,"[-2.6451057818898413e-05, 0.0008805053375637792, 0.03617026514192711, 0.31925860689026975, 1.0, 1]",0.0
-0.059300000000000005,0,3.994940124995744e-06,-1.5281419587981162e-09,7.065512498095225e-19,5,"[-2.652202510284883e-05, 0.000881425286758753, 0.03619006898599275, 0.319312929679785, 1.0, 1]",0.0
-0.05912500000000001,0,4.016854433412868e-06,-1.5409451516937677e-09,7.006035205267784e-19,5,"[-2.6593010543847853e-05, 0.0008823453890392264, 0.03620987394307316, 0.31936726179231917, 1.0, 1]",0.0
-0.05895,0,4.038790238113589e-06,-1.5537933582588058e-09,6.946533827546854e-19,5,"[-2.666401418190774e-05, 0.0008832656444475789, 0.036229680012899945, 0.3194216032300059, 1.0, 1]",0.0
-0.05877500000000001,0,4.060747546668379e-06,-1.56668661654411e-09,6.8870181732971155e-19,5,"[-2.6735036057075146e-05, 0.0008841860530262064, 0.036249487195204474, 0.3194759539949791, 1.0, 1]",0.0
-0.0586,0,4.082726366650234e-06,-1.5796249646414702e-09,6.827497897227444e-19,5,"[-2.6806076209431175e-05, 0.0008851066148175219, 0.036269295489717863, 0.3195303140893735, 1.0, 1]",0.0
-0.058425000000000005,0,4.104726705634684e-06,-1.5926084406836123e-09,6.767982501471401e-19,5,"[-2.687713467909144e-05, 0.0008860273298639557, 0.036289104896171064, 0.3195846835153245, 1.0, 1]",0.0
-0.05825000000000001,0,4.126748571199765e-06,-1.60563708284425e-09,6.708481336631119e-19,5,"[-2.6948211506205985e-05, 0.0008869481982079533, 0.036308915414294735, 0.3196390622749682, 1.0, 1]",0.0
-0.058075,0,4.148791970926047e-06,-1.618710929338122e-09,6.649003602854221e-19,5,"[-2.7019306730959415e-05, 0.0008878692198919782, 0.03632872704381935, 0.31969345037044095, 1.0, 1]",0.0
-0.05790000000000001,0,4.170856912396623e-06,-1.631830018421022e-09,6.589558350900753e-19,5,"[-2.7090420393570812e-05, 0.0008887903949585093, 0.03634853978447513, 0.31974784780388005, 1.0, 1]",0.0
-0.057725,0,4.19294340319711e-06,-1.6449943883898555e-09,6.530154483190894e-19,5,"[-2.7161552534293905e-05, 0.0008897117234500431, 0.03636835363599209, 0.31980225457742323, 1.0, 1]",0.0
-0.057550000000000004,0,4.215051450915652e-06,-1.6582040775826694e-09,6.470800754873734e-19,5,"[-2.723270319341696e-05, 0.0008906332054090929, 0.036388168598099985, 0.31985667069320883, 1.0, 1]",0.0
-0.05737500000000001,0,4.2371810631429236e-06,-1.671459124378692e-09,6.411505774887309e-19,5,"[-2.7303872411262893e-05, 0.0008915548408781878, 0.0364079846705284, 0.31991109615337604, 1.0, 1]",0.0
-0.0572,0,4.259332247472123e-06,-1.684759567198377e-09,6.352278007012223e-19,5,"[-2.7375060228189218e-05, 0.0008924766298998746, 0.03642780185300661, 0.31996553096006425, 1.0, 1]",0.0
-0.057025000000000006,0,4.281505011498978e-06,-1.698105444503442e-09,6.293125770927118e-19,5,"[-2.7446266684588178e-05, 0.0008933985725167165, 0.03644762014526376, 0.32001997511541397, 1.0, 1]",0.0
-0.05685000000000001,0,4.303699362821748e-06,-1.7114967947969063e-09,6.23405724327142e-19,5,"[-2.7517491820886647e-05, 0.0008943206687712931, 0.036467439547028684, 0.3200744286215658, 1.0, 1]",0.0
-0.056675,0,4.325915309041227e-06,-1.724933656623142e-09,6.175080458686262e-19,5,"[-2.758873567754625e-05, 0.000895242918706201, 0.036487260058030026, 0.3201288914806613, 1.0, 1]",0.0
-0.05650000000000001,0,4.348152857760727e-06,-1.7384160685678943e-09,6.11620331087871e-19,5,"[-2.7659998295063328e-05, 0.0008961653223640531, 0.03650708167799619, 0.32018336369484246, 1.0, 1]",0.0
-0.056325,0,4.370412016586114e-06,-1.7519440692583434e-09,6.057433553669839e-19,5,"[-2.773127971396907e-05, 0.0008970878797874808, 0.03652690440665539, 0.3202378452662521, 1.0, 1]",0.0
-0.056150000000000005,0,4.392692793125764e-06,-1.7655176973631281e-09,5.998778802036146e-19,5,"[-2.780257997482935e-05, 0.0008980105910191301, 0.03654672824373555, 0.3202923361970335, 1.0, 1]",0.0
-0.05597500000000001,0,4.414995194990603e-06,-1.7791369915923983e-09,5.940246533167744e-19,5,"[-2.787389911824493e-05, 0.0008989334561016644, 0.0365665531889644, 0.32034683648933066, 1.0, 1]",0.0
-0.05583333333333329,0,4.433065364488928e-06,-1.7901956081899977e-09,5.892958016915473e-19,5,"[-2.7931647520866642e-05, 0.000899680650072665, 0.03658260276560003, 0.3203909626316624, 1.0, 1]",0.0
-0.0558,0,4.437319229794089e-06,-1.7928019906978485e-09,5.881844087511868e-19,5,"[-2.7945237184851387e-05, 0.0008998564750777645, 0.03658637924206944, 0.32040134614528787, 1.0, 1]",0.0
-0.05562500000000001,0,4.459664905152209e-06,-1.806512733472756e-09,5.823578669816761e-19,5,"[-2.8016594215319166e-05, 0.0009007796479901277, 0.036606206402777945, 0.3204558651670503, 1.0, 1]",0.0
-0.05545,0,4.4820322286834955e-06,-1.8202692587520353e-09,5.765457350172237e-19,5,"[-2.8087970250353636e-05, 0.0009017029748814676, 0.03662603467081695, 0.3205103935567639, 1.0, 1]",0.0
-0.055275000000000005,0,4.504421208009012e-06,-1.8340716054122584e-09,5.707487065062064e-19,5,"[-2.815936533069505e-05, 0.0009026264557945151, 0.03664586404591325, 0.32056493131657493, 1.0, 1]",0.0
-0.05510000000000001,0,4.526831850752364e-06,-1.8479198123717137e-09,5.649674618393677e-19,5,"[-2.8230779497118646e-05, 0.0009035500907720184, 0.036665694527793447, 0.3206194784486304, 1.0, 1]",0.0
-0.054925,0,4.549264164539695e-06,-1.8618139185904372e-09,5.592026682542801e-19,5,"[-2.8302212790434586e-05, 0.000904473879856741, 0.036685526116183885, 0.3206740349550779, 1.0, 1]",0.0
-0.05475000000000001,0,4.571718156999691e-06,-1.87575396307025e-09,5.534549799396722e-19,5,"[-2.8373665251488053e-05, 0.0009053978230914646, 0.03670535881081067, 0.32072860083806565, 1.0, 1]",0.0
-0.054575,0,4.5941938357635745e-06,-1.8897399848548116e-09,5.477250381375736e-19,5,"[-2.8445136921159272e-05, 0.0009063219205189875, 0.03672519261139972, 0.3207831760997424, 1.0, 1]",0.0
-0.054400000000000004,0,4.616691208465109e-06,-1.9037720230296435e-09,5.420134712484184e-19,5,"[-2.851662784036345e-05, 0.0009072461721821235, 0.03674502751767666, 0.32083776074225767, 1.0, 1]",0.0
-0.05422500000000001,0,4.639210282740612e-06,-1.9178501167221923e-09,5.363208949331288e-19,5,"[-2.8588138050050962e-05, 0.000908170578123706, 0.03676486352936698, 0.3208923547677615, 1.0, 1]",0.0
-0.05405,0,4.661751066228933e-06,-1.931974305101849e-09,5.306479122168378e-19,5,"[-2.8659667591207217e-05, 0.0009090951383865832, 0.03678470064619584, 0.3209469581784047, 1.0, 1]",0.0
-0.053875000000000006,0,4.684313566571466e-06,-1.946144627379997e-09,5.249951135919837e-19,5,"[-2.8731216504852745e-05, 0.0009100198530136202, 0.03680453886788823, 0.3210015709763384, 1.0, 1]",0.0
-0.05370000000000001,0,4.706897791412158e-06,-1.9603611228100604e-09,5.193630771208371e-19,5,"[-2.8802784832043264e-05, 0.0009109447220476995, 0.03682437819416889, 0.32105619316371453, 1.0, 1]",0.0
-0.053525,0,4.7295037483974954e-06,-1.9746238306875383e-09,5.137523685379421e-19,5,"[-2.8874372613869635e-05, 0.0009118697455317207, 0.03684421862476233, 0.3211108247426857, 1.0, 1]",0.0
-0.05335000000000001,0,4.752131445176515e-06,-1.988932790350043e-09,5.081635413534447e-19,5,"[-2.894597989145791e-05, 0.0009127949235085998, 0.036864060159392836, 0.32116546571540505, 1.0, 1]",0.0
-0.053175,0,4.7747808894008e-06,-2.0032880411773476e-09,5.025971369545476e-19,5,"[-2.9017606705969427e-05, 0.0009137202560212701, 0.036883902797784446, 0.32122011608402634, 1.0, 1]",0.0
-0.053000000000000005,0,4.797452088724481e-06,-2.0176896225914235e-09,4.970536847080868e-19,5,"[-2.9089253098600697e-05, 0.000914645743112681, 0.036903746539661005, 0.3212747758507038, 1.0, 1]",0.0
-0.05282500000000001,0,4.820145050804241e-06,-2.0321375740564823e-09,4.915337020625538e-19,5,"[-2.916091911058356e-05, 0.0009155713848257998, 0.036923591384746074, 0.32132944501759253, 1.0, 1]",0.0
-0.05265,0,4.842859783299313e-06,-2.046631935079018e-09,4.86037694649513e-19,5,"[-2.923260478318514e-05, 0.0009164971812036101, 0.03694343733276302, 0.32138412358684826, 1.0, 1]",0.0
-0.05247500000000001,0,4.865596293871477e-06,-2.0611727452078427e-09,4.805661563859321e-19,5,"[-2.9304310157707903e-05, 0.0009174231322891133, 0.03696328438343499, 0.321438811560627, 1.0, 1]",0.0
-0.0523,0,4.888354590185073e-06,-2.075760044034138e-09,4.751195695749592e-19,5,"[-2.9376035275489653e-05, 0.0009183492381253263, 0.036983132536484865, 0.32149350894108575, 1.0, 1]",0.0
-0.052125000000000005,0,4.911134679906983e-06,-2.0903938711914858e-09,4.696984050072786e-19,5,"[-2.9447780177903575e-05, 0.000919275498755284, 0.03700298179163528, 0.32154821573038184, 1.0, 1]",0.0
-0.05195000000000001,0,4.9339365707066565e-06,-2.105074266355918e-09,4.643031220628252e-19,5,"[-2.9519544906358296e-05, 0.0009202019142220389, 0.03702283214860874, 0.32160293193067363, 1.0, 1]",0.0
-0.051775,0,4.956760270256089e-06,-2.1198012692459514e-09,4.589341688110925e-19,5,"[-2.9591329502297838e-05, 0.0009211284845686586, 0.03704268360712739, 0.32165765754411957, 1.0, 1]",0.0
-0.05160000000000001,0,4.9796057862298316e-06,-2.1345749196226323e-09,4.535919821117374e-19,5,"[-2.9663134007201674e-05, 0.0009220552098382293, 0.03706253616691322, 0.3217123925728791, 1.0, 1]",0.0
-0.051425,0,5.002473126304993e-06,-2.149395257289577e-09,4.482769877157761e-19,5,"[-2.973495846258478e-05, 0.0009229820900738535, 0.03708238982768796, 0.32176713701911214, 1.0, 1]",0.0
-0.051250000000000004,0,5.02536229816124e-06,-2.1642623220930128e-09,4.42989600365523e-19,5,"[-2.9806802909997635e-05, 0.0009239091253186503, 0.037102244589173126, 0.32182189088497926, 1.0, 1]",0.0
-0.05107500000000001,0,5.048273309480795e-06,-2.1791761539218216e-09,4.377302238945048e-19,5,"[-2.987866739102626e-05, 0.0009248363156157567, 0.03712210045108999, 0.32187665417264166, 1.0, 1]",0.0
-0.0509,0,5.0712061679484455e-06,-2.1941367927075805e-09,4.324992513282867e-19,5,"[-2.9950551947292216e-05, 0.0009257636610083261, 0.037141957413159586, 0.32193142688426113, 1.0, 1]",0.0
-0.050725000000000006,0,5.094160881251531e-06,-2.2091442784245983e-09,4.272970649833515e-19,5,"[-3.0022456620452673e-05, 0.0009266911615395287, 0.03716181547510272, 0.321986209022, 1.0, 1]",0.0
-0.05055000000000001,0,5.117137457079956e-06,-2.224198651089971e-09,4.22124036566471e-19,5,"[-3.009438145220041e-05, 0.0009276188172525531, 0.037181674636639975, 0.32204100058802143, 1.0, 1]",0.0
-0.050375,0,5.140135903126188e-06,-2.2392999507636026e-09,4.16980527276001e-19,5,"[-3.0166326484263827e-05, 0.0009285466281906034, 0.03720153489749171, 0.3220958015844891, 1.0, 1]",0.0
-0.05020000000000001,0,5.163156227085255e-06,-2.254448217548268e-09,4.1186688789846734e-19,5,"[-3.0238291758407002e-05, 0.0009294745943969013, 0.037221396257378005, 0.32215061201356715, 1.0, 1]",0.0
-0.050025,0,5.186198436654742e-06,-2.2696434915896357e-09,4.0678345890929354e-19,5,"[-3.0310277316429687e-05, 0.0009304027159146848, 0.03724125871601875, 0.32220543187742057, 1.0, 1]",0.0
-0.049850000000000005,0,5.209262539534816e-06,-2.28488581307633e-09,4.017305705711866e-19,5,"[-3.03822832001674e-05, 0.0009313309927872109, 0.03726112227313359, 0.32226026117821494, 1.0, 1]",0.0
-0.04967500000000001,0,5.232348543428188e-06,-2.300175222239953e-09,3.9670854303207895e-19,5,"[-3.045430945149134e-05, 0.0009322594250577526, 0.03728098692844196, 0.3223150999181164, 1.0, 1]",0.0
-0.0495,0,5.255456456040148e-06,-2.3155117593551387e-09,3.9171768642440177e-19,5,"[-3.05263561123085e-05, 0.0009331880127695988, 0.037300852681663, 0.32236994809929165, 1.0, 1]",0.0
-0.04932500000000001,0,5.278586285078551e-06,-2.3308954647395877e-09,3.8675830096327342e-19,5,"[-3.0598423224561687e-05, 0.0009341167559660575, 0.037320719532515687, 0.32242480572390814, 1.0, 1]",0.0
-0.04915,0,5.301738038253816e-06,-2.346326378754118e-09,3.8183067704298705e-19,5,"[-3.067051083022948e-05, 0.0009350456546904519, 0.0373405874807187, 0.3224796727941338, 1.0, 1]",0.0
-0.048975000000000005,0,5.324911723278929e-06,-2.3618045418026956e-09,3.7693509533645634e-19,5,"[-3.0742618971326334e-05, 0.0009359747089861239, 0.03736045652599054, 0.3225345493121374, 1.0, 1]",0.0
-0.04880000000000001,0,5.348107347869454e-06,-2.3773299943324865e-09,3.7207182689231936e-19,5,"[-3.0814747689902586e-05, 0.0009369039188964319, 0.03738032666804945, 0.32258943528008804, 1.0, 1]",0.0
-0.048625,0,5.371324919743519e-06,-2.3929027768338953e-09,3.67241133231081e-19,5,"[-3.088689702804446e-05, 0.0009378332844647512, 0.03740019790661343, 0.32264433070015575, 1.0, 1]",0.0
-0.04845000000000001,0,5.3945644466218196e-06,-2.408522929840603e-09,3.62443266443622e-19,5,"[-3.095906702787409e-05, 0.0009387628057344743, 0.03742007024140025, 0.32269923557451097, 1.0, 1]",0.0
-0.048275,0,5.417825936227635e-06,-2.424190493929612e-09,3.576784692883027e-19,5,"[-3.1031257731549564e-05, 0.0009396924827490108, 0.03743994367212746, 0.3227541499053248, 1.0, 1]",0.0
-0.048100000000000004,0,5.441109396286803e-06,-2.4399055097212953e-09,3.5294697528493626e-19,5,"[-3.110346918126499e-05, 0.000940622315551788, 0.037459818198512365, 0.322809073694769, 1.0, 1]",0.0
-0.04792500000000001,0,5.464414834527739e-06,-2.4556680178794228e-09,3.48249008814678e-19,5,"[-3.117570141925038e-05, 0.0009415523041862489, 0.03747969382027202, 0.3228640069450159, 1.0, 1]",0.0
-0.04775,0,5.487742258681453e-06,-2.471478059111228e-09,3.435847852143683e-19,5,"[-3.124795448777193e-05, 0.0009424824486958565, 0.0374995705371233, 0.3229189496582387, 1.0, 1]",0.0
-0.047575000000000006,0,5.511091676481497e-06,-2.487335674167418e-09,3.3895451087198485e-19,5,"[-3.1320228429131735e-05, 0.0009434127491240879, 0.03751944834878278, 0.32297390183661084, 1.0, 1]",0.0
-0.04740000000000001,0,5.534463095664021e-06,-2.503240903842242e-09,3.343583833240422e-19,5,"[-3.139252328566805e-05, 0.0009443432055144388, 0.03753932725496683, 0.3230288634823065, 1.0, 1]",0.0
-0.047225,0,5.55785652396775e-06,-2.5191937889735243e-09,3.2979659134991e-19,5,"[-3.146483909975524e-05, 0.0009452738179104221, 0.03755920725539158, 0.3230838345975008, 1.0, 1]",0.0
-0.04705000000000001,0,5.581271969133977e-06,-2.5351943704427042e-09,3.2526931506692004e-19,5,"[-3.1537175913803774e-05, 0.0009462045863555675, 0.037579088349772936, 0.323138815184369, 1.0, 1]",0.0
-0.046875,0,5.60470943890659e-06,-2.551242689174887e-09,3.207767260262868e-19,5,"[-3.160953377026029e-05, 0.0009471355108934224, 0.037598970537826557, 0.32319380524508734, 1.0, 1]",0.0
-0.046700000000000005,0,5.628168941032038e-06,-2.567338786138871e-09,3.16318987307327e-19,5,"[-3.1681912711607624e-05, 0.0009480665915675506, 0.03761885381926785, 0.32324880478183243, 1.0, 1]",0.0
-0.04652500000000001,0,5.651650483259366e-06,-2.5834827023472097e-09,3.118962536119997e-19,5,"[-3.175431278036482e-05, 0.0009489978284215343, 0.03763873819381204, 0.32330381379678186, 1.0, 1]",0.0
-0.04635,0,5.675154073340196e-06,-2.5996744788562417e-09,3.0750867135897796e-19,5,"[-3.182673401908718e-05, 0.0009499292214989723, 0.03765862366117406, 0.3233588322921135, 1.0, 1]",0.0
-0.04617500000000001,0,5.698679719028725e-06,-2.6159141567661277e-09,3.0315637877902697e-19,5,"[-3.189917647036619e-05, 0.00095086077084348, 0.03767851022106862, 0.3234138602700059, 1.0, 1]",0.0
-0.046,0,5.722227428081744e-06,-2.632201777220912e-09,2.988395060067585e-19,5,"[-3.197164017682976e-05, 0.0009517924764986909, 0.037698397873210214, 0.3234688977326384, 1.0, 1]",0.0
-0.045825000000000005,0,5.7457972082586205e-06,-2.6485373814085467e-09,2.9455817517593524e-19,5,"[-3.204412518114198e-05, 0.0009527243385082557, 0.037718286617313086, 0.3235239446821908, 1.0, 1]",0.0
-0.04565000000000001,0,5.7693890673213105e-06,-2.664921010560944e-09,2.9031250051211245e-19,5,"[-3.2116631526003376e-05, 0.0009536563569158412, 0.03773817645309124, 0.3235790011208436, 1.0, 1]",0.0
-0.045475,0,5.793003013034358e-06,-2.6813527059540263e-09,2.8610258842451578e-19,5,"[-3.218915925415084e-05, 0.000954588531765134, 0.03775806738025847, 0.32363406705077813, 1.0, 1]",0.0
-0.04530000000000001,0,5.816639053164891e-06,-2.697832508907744e-09,2.819285376018878e-19,5,"[-3.226170840835763e-05, 0.0009555208630998359, 0.0377779593985283, 0.32368914247417596, 1.0, 1]",0.0
-0.045125,0,5.840297195482623e-06,-2.7143604607861447e-09,2.7779043910180183e-19,5,"[-3.233427903143342e-05, 0.000956453350963666, 0.03779785250761402, 0.3237442273932194, 1.0, 1]",0.0
-0.044950000000000004,0,5.863977447759855e-06,-2.7309366029973988e-09,2.7368837644443786e-19,5,"[-3.2406871166224365e-05, 0.0009573859954003616, 0.037817746707228705, 0.32379932181009163, 1.0, 1]",0.0
-0.04477500000000001,0,5.887679817771487e-06,-2.747560976993855e-09,2.6962242570529824e-19,5,"[-3.24794848556131e-05, 0.000958318796453677, 0.0378376419970852, 0.3238544257269763, 1.0, 1]",0.0
-0.0446,0,5.911404313294997e-06,-2.7642336242720703e-09,2.655926556051872e-19,5,"[-3.255212014251871e-05, 0.0009592517541673831, 0.03785753837689604, 0.32390953914605736, 1.0, 1]",0.0
-0.0444444444444444,0,5.932511334553607e-06,-2.779094314485225e-09,2.6204106145426194e-19,5,"[-3.2616703007964255e-05, 0.0009600811814656649, 0.037875224962629926, 0.3239585368308263, 1.0, 1]",0.0
-0.044425000000000006,0,5.935150942110464e-06,-2.780954586372868e-09,2.6159912760307465e-19,5,"[-3.26247770698969e-05, 0.0009601848685852697, 0.03787743584637363, 0.32396466206952007, 1.0, 1]",0.0
-0.04425000000000001,0,5.958919712000549e-06,-2.7977239048813604e-09,2.5764189598725867e-19,5,"[-3.269745568073981e-05, 0.0009611181397511419, 0.037897334405230056, 0.3240197944995496, 1.0, 1]",0.0
-0.044075,0,5.982710630750519e-06,-2.814541621427019e-09,2.5372100796507406e-19,5,"[-3.2770156018076286e-05, 0.000962051567708824, 0.03791723405317721, 0.3240749364383325, 1.0, 1]",0.0
-0.04390000000000001,0,6.006523706148217e-06,-2.8314077776836886e-09,2.498365037549917e-19,5,"[-3.2842878124971705e-05, 0.0009629851525021564, 0.03793713478992672, 0.3241300878880552, 1.0, 1]",0.0
-0.043725,0,6.0303589459841e-06,-2.848322415369651e-09,2.4598841667733756e-19,5,"[-3.291562204452811e-05, 0.0009639188941749976, 0.03795703661518998, 0.32418524885090527, 1.0, 1]",0.0
-0.043550000000000005,0,6.054216358051202e-06,-2.86528557624766e-09,2.421767732416838e-19,5,"[-3.2988387819884174e-05, 0.0009648527927712226, 0.037976939528678165, 0.3242404193290706, 1.0, 1]",0.0
-0.04337500000000001,0,6.07809595014517e-06,-2.882297302124986e-09,2.384015932406984e-19,5,"[-3.3061175494215345e-05, 0.0009657868483347252, 0.03799684353010221, 0.32429559932474, 1.0, 1]",0.0
-0.0432,0,6.101997730064241e-06,-2.899357634853463e-09,2.3466288983618043e-19,5,"[-3.3133985110733685e-05, 0.0009667210609094156, 0.03801674861917279, 0.3243507888401028, 1.0, 1]",0.0
-0.04302500000000001,0,6.125921705609242e-06,-2.9164666163295186e-09,2.309606696504447e-19,5,"[-3.320681671268805e-05, 0.0009676554305392207, 0.03803665479560035, 0.3244059878773487, 1.0, 1]",0.0
-0.04285,0,6.149867884583618e-06,-2.9336242884942363e-09,2.2729493285506836e-19,5,"[-3.3279670343364074e-05, 0.0009685899572680866, 0.03805656205909512, 0.32446119643866844, 1.0, 1]",0.0
-0.042675000000000005,0,6.17383627479339e-06,-2.9508306933333805e-09,2.2366567325843014e-19,5,"[-3.335254604608413e-05, 0.0009695246411399747, 0.03807647040936705, 0.32451641452625307, 1.0, 1]",0.0
-0.04250000000000001,0,6.197826884047197e-06,-2.968085872877457e-09,2.200728783952951e-19,5,"[-3.342544386420749e-05, 0.000970459482198866, 0.038096379846125884, 0.32457164214229456, 1.0, 1]",0.0
-0.042325,0,6.221839720156279e-06,-2.985389869201746e-09,2.1651652961482215e-19,5,"[-3.3498363841130235e-05, 0.0009713944804887576, 0.03811629036908112, 0.32462687928898526, 1.0, 1]",0.0
-0.04215000000000001,0,6.245874790934466e-06,-3.0027427244263403e-09,2.1299660216837385e-19,5,"[-3.3571306020285305e-05, 0.0009723296360536636, 0.03813620197794199, 0.32468212596851814, 1.0, 1]",0.0
-0.041975,0,6.269932104198206e-06,-3.0201444807162073e-09,2.0951306529639e-19,5,"[-3.3644270445142584e-05, 0.0009732649489376168, 0.03815611467241753, 0.324737382183087, 1.0, 1]",0.0
-0.041800000000000004,0,6.294011667766543e-06,-3.037595180281213e-09,2.060658823168878e-19,5,"[-3.371725715920888e-05, 0.0009742004191846674, 0.03817602845221652, 0.32479264793488616, 1.0, 1]",0.0
-0.04162500000000001,0,6.318113489461121e-06,-3.0550948653761737e-09,2.026550107108561e-19,5,"[-3.3790266206027904e-05, 0.000975136046838881, 0.038195943317047475, 0.3248479232261106, 1.0, 1]",0.0
-0.04145,0,6.3422375771062055e-06,-3.072643578300908e-09,1.9928040221065714e-19,5,"[-3.386329762918041e-05, 0.0009760718319443431, 0.0382158592666187, 0.3249032080589558, 1.0, 1]",0.0
-0.041275000000000006,0,6.366383938528653e-06,-3.090241361400267e-09,1.959420028840895e-19,5,"[-3.393635147228417e-05, 0.0009770077745451559, 0.03823577630063826, 0.32495850243561814, 1.0, 1]",0.0
-0.04110000000000001,0,6.390552581557941e-06,-3.107888257064182e-09,1.926397532239238e-19,5,"[-3.400942777899396e-05, 0.000977943874685439, 0.038255694418814, 0.32501380635829447, 1.0, 1]",0.0
-0.040925,0,6.414743514026145e-06,-3.1255843077277136e-09,1.893735882295006e-19,5,"[-3.40825265930016e-05, 0.0009788801324093293, 0.03827561362085345, 0.32506911982918224, 1.0, 1]",0.0
-0.04075000000000001,0,6.438956743767956e-06,-3.1433295558710877e-09,1.8614343749537853e-19,5,"[-3.415564795803607e-05, 0.0009798165477609814, 0.03829553390646398, 0.32512444285047953, 1.0, 1]",0.0
-0.040575,0,6.463192278620671e-06,-3.1611240440197443e-09,1.82949225294855e-19,5,"[-3.422879191786338e-05, 0.000980753120784567, 0.03831545527535267, 0.32517977542438514, 1.0, 1]",0.0
-0.040400000000000005,0,6.487450126424202e-06,-3.1789678147443802e-09,1.7979087066506452e-19,5,"[-3.430195851628678e-05, 0.0009816898515242758, 0.03833537772722637, 0.3252351175530984, 1.0, 1]",0.0
-0.04022500000000001,0,6.511730295021069e-06,-3.1968609106609924e-09,1.7666828749183064e-19,5,"[-3.43751477971466e-05, 0.0009826267400243145, 0.03835530126179171, 0.32529046923881944, 1.0, 1]",0.0
-0.04005,0,6.536032792256411e-06,-3.2148033744309274e-09,1.7358138459269346e-19,5,"[-3.444835980432045e-05, 0.0009835637863289087, 0.03837522587875508, 0.3253458304837488, 1.0, 1]",0.0
-0.03987500000000001,0,6.56035762597798e-06,-3.2327952487609153e-09,1.7053006580269833e-19,5,"[-3.452159458172313e-05, 0.0009845009904823003, 0.0383951515778226, 0.32540120129008787, 1.0, 1]",0.0
-0.0397,0,6.58470480403613e-06,-3.2508365764031147e-09,1.675142300559936e-19,5,"[-3.4594852173306666e-05, 0.000985438352528748, 0.03841507835870015, 0.32545658166003844, 1.0, 1]",0.0
-0.039525000000000005,0,6.609074334283852e-06,-3.2689274001551727e-09,1.6453377147004155e-19,5,"[-3.466813262306043e-05, 0.0009863758725125304, 0.0384350062210934, 0.3255119715958032, 1.0, 1]",0.0
-0.03935000000000001,0,6.633466224576732e-06,-3.2870677628602436e-09,1.6158857942810364e-19,5,"[-3.474143597501101e-05, 0.000987313550477941, 0.03845493516470774, 0.32556737109958517, 1.0, 1]",0.0
-0.039175,0,6.6578804827729925e-06,-3.305257707407064e-09,1.5867853866147927e-19,5,"[-3.4814762273222444e-05, 0.0009882513864692937, 0.03847486518924839, 0.3256227801735884, 1.0, 1]",0.0
-0.03900000000000001,0,6.68231711673346e-06,-3.323497276729959e-09,1.5580352933317434e-19,5,"[-3.488811156179604e-05, 0.0009891893805309175, 0.03849479629442024, 0.3256781988200172, 1.0, 1]",0.0
-0.03882500000000001,0,6.706776134321587e-06,-3.341786513808922e-09,1.529634271174776e-19,5,"[-3.4961483884870526e-05, 0.0009901275327071602, 0.03851472847992797, 0.3257336270410768, 1.0, 1]",0.0
-0.038650000000000004,0,6.73125754340345e-06,-3.360125461669643e-09,1.5015810328318545e-19,5,"[-3.5034879286622066e-05, 0.0009910658430423874, 0.03853466174547606, 0.3257890648389727, 1.0, 1]",0.0
-0.03847500000000001,0,6.755761351847732e-06,-3.3785141633835435e-09,1.4738742477391787e-19,5,"[-3.510829781126422e-05, 0.0009920043115809816, 0.038554596090768695, 0.3258445122159114, 1.0, 1]",0.0
-0.0383,0,6.780287567525749e-06,-3.396952662067844e-09,1.4465125428863153e-19,5,"[-3.5181739503048045e-05, 0.0009929429383673427, 0.038574531515509825, 0.3258999691740999, 1.0, 1]",0.0
-0.038125000000000006,0,6.804836198311439e-06,-3.4154410008855873e-09,1.4194945036425294e-19,5,"[-3.525520440626211e-05, 0.0009938817234458896, 0.038594468019403194, 0.32595543571574576, 1.0, 1]",0.0
-0.03795000000000001,0,6.829407252081361e-06,-3.4339792230456943e-09,1.3928186745293757e-19,5,"[-3.53286925652325e-05, 0.0009948206668610577, 0.03861440560215225, 0.3260109118430574, 1.0, 1]",0.0
-0.037775,0,6.8540007367147e-06,-3.452567371803009e-09,1.3664835600307595e-19,5,"[-3.5402204024322845e-05, 0.0009957597686573005, 0.038634344263460255, 0.3260663975582436, 1.0, 1]",0.0
-0.03760000000000001,0,6.878616660093266e-06,-3.471205490458331e-09,1.3404876253995473e-19,5,"[-3.547573882793434e-05, 0.0009966990288790886, 0.038654284003030184, 0.326121892863514, 1.0, 1]",0.0
-0.037425,0,6.903255030101492e-06,-3.489893622358477e-09,1.3148292974168452e-19,5,"[-3.554929702050581e-05, 0.000997638447570911, 0.03867422482056479, 0.3261773977610786, 1.0, 1]",0.0
-0.037250000000000005,0,6.9279158546264405e-06,-3.5086318108963074e-09,1.2895069652237546e-19,5,"[-3.5622878646513686e-05, 0.0009985780247772733, 0.03869416671576657, 0.3262329122531484, 1.0, 1]",0.0
-0.03707500000000001,0,6.952599141557803e-06,-3.5274200995107945e-09,1.2645189810490955e-19,5,"[-3.569648375047211e-05, 0.0009995177605427008, 0.038714109688337814, 0.3262884363419347, 1.0, 1]",0.0
-0.0369,0,6.977304898787905e-06,-3.5462585316870444e-09,1.2398636610470793e-19,5,"[-3.57701123769329e-05, 0.0010004576549117344, 0.03873405373798053, 0.3263439700296497, 1.0, 1]",0.0
-0.03672500000000001,0,7.002033134211689e-06,-3.5651471509563496e-09,1.2155392860294692e-19,5,"[-3.584376457048555e-05, 0.0010013977079289338, 0.038753998864396476, 0.32639951331850625, 1.0, 1]",0.0
-0.03655,0,7.026783855726736e-06,-3.584086000896237e-09,1.1915441022593723e-19,5,"[-3.591744037575732e-05, 0.0010023379196388757, 0.03877394506728722, 0.3264550662107174, 1.0, 1]",0.0
-0.036375000000000005,0,7.0515570712332595e-06,-3.60307512513051e-09,1.1678763222179134e-19,5,"[-3.5991139837413236e-05, 0.0010032782900861554, 0.03879389234635402, 0.3265106287084974, 1.0, 1]",0.0
-0.03620000000000001,0,7.076352788634101e-06,-3.6221145673292934e-09,1.144534125363021e-19,5,"[-3.6064863000156165e-05, 0.0010042188193153854, 0.03881384070129794, 0.32656620081406074, 1.0, 1]",0.0
-0.036025,0,7.1011710158347386e-06,-3.641204371209081e-09,1.1215156588936353e-19,5,"[-3.613860990872672e-05, 0.0010051595073711954, 0.038833790131819784, 0.3266217825296229, 1.0, 1]",0.0
-0.03585000000000001,0,7.126011760743279e-06,-3.660344580532773e-09,1.0988190385080023e-19,5,"[-3.621238060790343e-05, 0.001006100354298234, 0.03885374063762009, 0.32667737385739953, 1.0, 1]",0.0
-0.03567500000000001,0,7.150875031270476e-06,-3.6795352391097326e-09,1.0764423491619648e-19,5,"[-3.62861751425027e-05, 0.0010070413601411669, 0.0388736922183992, 0.3267329747996074, 1.0, 1]",0.0
-0.035500000000000004,0,7.175760835329708e-06,-3.6987763907958207e-09,1.0543836458104928e-19,5,"[-3.635999355737881e-05, 0.0010079825249446775, 0.03889364487385716, 0.3267885853584636, 1.0, 1]",0.0
-0.03532500000000001,0,7.200669180836991e-06,-3.718068079493444e-09,1.0326409541541423e-19,5,"[-3.643383589742399e-05, 0.0010089238487534671, 0.03891359860369381, 0.32684420553618587, 1.0, 1]",0.0
-0.03515,0,7.225600075710989e-06,-3.737410349151604e-09,1.0112122713938972e-19,5,"[-3.650770220756846e-05, 0.0010098653316122548, 0.03893355340760874, 0.32689983533499295, 1.0, 1]",0.0
-0.034975000000000006,0,7.250553527872986e-06,-3.756803243765933e-09,9.900955669480463e-20,5,"[-3.658159253278038e-05, 0.001010806973565777, 0.038953509285301245, 0.32695547475710374, 1.0, 1]",0.0
-0.03480000000000001,0,7.275529545246924e-06,-3.776246807378753e-09,9.692887832055456e-20,5,"[-3.665550691806598e-05, 0.0010117487746587894, 0.03897346623647046, 0.32701112380473807, 1.0, 1]",0.0
-0.034625,0,7.300528135759383e-06,-3.795741084079112e-09,9.487898362542354e-20,5,"[-3.6729445408469534e-05, 0.001012690734936064, 0.03899342426081522, 0.3270667824801163, 1.0, 1]",0.0
-0.03445000000000001,0,7.325549307339567e-06,-3.815286118002826e-09,9.285966165814476e-20,5,"[-3.6803408049073324e-05, 0.0010136328544423905, 0.03901338335803412, 0.32712245078545954, 1.0, 1]",0.0
-0.034275,0,7.3505930679193475e-06,-3.834881953332532e-09,9.087069898475821e-20,5,"[-3.687739488499783e-05, 0.0010145751332225781, 0.039033343527825524, 0.32717812872298946, 1.0, 1]",0.0
-0.034100000000000005,0,7.375659425433215e-06,-3.854528634297726e-09,8.891187975462852e-20,5,"[-3.6951405961401586e-05, 0.0010155175713214518, 0.03905330476988754, 0.3272338162949282, 1.0, 1]",0.0
-0.03392500000000001,0,7.4007483878183164e-06,-3.874226205174815e-09,8.698298577647139e-20,5,"[-3.7025441323481285e-05, 0.0010164601687838557, 0.03907326708391802, 0.32728951350349894, 1.0, 1]",0.0
-0.03375,0,7.425859963014448e-06,-3.893974710287167e-09,8.508379658634357e-20,5,"[-3.709950101647187e-05, 0.0010174029256546514, 0.03909323046961462, 0.3273452203509252, 1.0, 1]",0.0
-0.03357500000000001,0,7.450994158964039e-06,-3.913774194005134e-09,8.321408952120411e-20,5,"[-3.717358508564642e-05, 0.001018345841978718, 0.039113194926674665, 0.3274009368394311, 1.0, 1]",0.0
-0.0334,0,7.4761509836121755e-06,-3.933624700746127e-09,8.137363978488287e-20,5,"[-3.724769357631631e-05, 0.0010192889178009534, 0.03913316045479533, 0.3274566629712417, 1.0, 1]",0.0
-0.033225000000000005,0,7.501330444906582e-06,-3.953526274974638e-09,7.956222052228277e-20,5,"[-3.7321826533831134e-05, 0.001020232153166272, 0.039153127053673444, 0.32751239874858235, 1.0, 1]",0.0
-0.03305555555555556,0,7.5257321358364645e-06,-3.972844756596748e-09,7.783575358964102e-20,5,"[-3.739362942100086e-05, 0.0010211455966202911, 0.03917246081229231, 0.32756637432934466, 1.0, 1]",0.0
-0.03305000000000001,0,7.52653255079765e-06,-3.973478961202304e-09,7.777960288692595e-20,5,"[-3.739598400357886e-05, 0.0010211755481196085, 0.039173094723005696, 0.32756814417367935, 1.0, 1]",0.0
-0.032875,0,7.5517573092383825e-06,-3.993482803987929e-09,7.602555610751396e-20,5,"[-3.747016603098564e-05, 0.001022119102705911, 0.03919306346248842, 0.32762389924875934, 1.0, 1]",0.0
-0.03270000000000001,0,7.577004728184481e-06,-4.013537847937565e-09,7.429984756163693e-20,5,"[-3.754437266151615e-05, 0.0010230628169701512, 0.039213033271817826, 0.32767966397605003, 1.0, 1]",0.0
-0.03252500000000001,0,7.6022748155942655e-06,-4.033644137704522e-09,7.260224283903036e-20,5,"[-3.761860394067333e-05, 0.0010240066909573148, 0.03923300415068977, 0.3277354383577793, 1.0, 1]",0.0
-0.032350000000000004,0,7.627567579428719e-06,-4.0538017179894345e-09,7.09325058115865e-20,5,"[-3.7692859913998566e-05, 0.0010249507247124068, 0.039252976098799915, 0.3277912223961761, 1.0, 1]",0.0
-0.03217500000000001,0,7.652883027651464e-06,-4.074010633540292e-09,6.929039870050619e-20,5,"[-3.7767140627071646e-05, 0.001025894918280449, 0.039272949115843635, 0.3278470160934695, 1.0, 1]",0.0
-0.032,0,7.678221168228803e-06,-4.0942709291525104e-09,6.767568214285894e-20,5,"[-3.784144612551088e-05, 0.0010268392717064831, 0.03929292320151612, 0.32790281945188976, 1.0, 1]",0.0
-0.031825000000000006,0,7.703582009129664e-06,-4.114582649668947e-09,6.60881152569105e-20,5,"[-3.791577645497299e-05, 0.001027783785035566, 0.03931289835551225, 0.32795863247366736, 1.0, 1]",0.0
-0.03165000000000001,0,7.728965558325653e-06,-4.13494583997997e-09,6.452745571040864e-20,5,"[-3.799013166115329e-05, 0.001028728458312776, 0.039332874577526725, 0.3280144551610338, 1.0, 1]",0.0
-0.031475,0,7.754371823791021e-06,-4.155360545023495e-09,6.299345978339618e-20,5,"[-3.806451178978562e-05, 0.0010296732915832064, 0.03935285186725391, 0.3280702875162209, 1.0, 1]",0.0
-0.03130000000000001,0,7.779800813502677e-06,-4.175826809785031e-09,6.148588243427812e-20,5,"[-3.8138916886642355e-05, 0.0010306182848919695, 0.039372830224388006, 0.32812612954146136, 1.0, 1]",0.0
-0.031125,0,7.805252535440192e-06,-4.196344679297723e-09,6.000447736638173e-20,5,"[-3.821334699753453e-05, 0.0010315634382841961, 0.03939280964862292, 0.32818198123898834, 1.0, 1]",0.0
-0.030950000000000005,0,7.83072699758579e-06,-4.216914198642406e-09,5.854899708830446e-20,5,"[-3.828780216831175e-05, 0.0010325087518050346, 0.039412790139652314, 0.3282378426110358, 1.0, 1]",0.0
-0.03077500000000001,0,7.856224207924359e-06,-4.237535412947645e-09,5.711919298096709e-20,5,"[-3.8362282444862315e-05, 0.00103345422549965, 0.039432771697169605, 0.328293713659838, 1.0, 1]",0.0
-0.030600000000000002,0,7.881744174443457e-06,-4.2582083673897976e-09,5.571481535806021e-20,5,"[-3.843678787311326e-05, 0.0010343998594132288, 0.039452754320868, 0.32834959438763045, 1.0, 1]",0.0
-0.030425000000000008,0,7.907286905133286e-06,-4.2789331071930195e-09,5.433561353299877e-20,5,"[-3.851131849903025e-05, 0.001035345653590972, 0.0394727380104404, 0.32840548479664894, 1.0, 1]",0.0
-0.03025,0,7.932852407986724e-06,-4.299709677629367e-09,5.298133587414237e-20,5,"[-3.858587436861775e-05, 0.0010362916080781006, 0.03949272276557949, 0.3284613848891298, 1.0, 1]",0.0
-0.030075000000000005,0,7.958440690999305e-06,-4.320538124018788e-09,5.165172987500385e-20,5,"[-3.8660455527918946e-05, 0.0010372377229198528, 0.03951270858597769, 0.3285172946673102, 1.0, 1]",0.0
-0.02990000000000001,0,7.984051762169226e-06,-4.341418491729207e-09,5.03465422097654e-20,5,"[-3.873506202301585e-05, 0.0010381839981614845, 0.03953269547132718, 0.3285732141334279, 1.0, 1]",0.0
-0.029725,0,8.009685629497364e-06,-4.362350826176565e-09,4.906551879609161e-20,5,"[-3.880969390002933e-05, 0.0010391304338482712, 0.0395526834213199, 0.32862914328972126, 1.0, 1]",0.0
-0.029550000000000007,0,8.035342300987241e-06,-4.383335172824841e-09,4.780840485597034e-20,5,"[-3.888435120511905e-05, 0.0010400770300255046, 0.03957267243564752, 0.3286850821384294, 1.0, 1]",0.0
-0.029375000000000012,0,8.061021784645065e-06,-4.404371577186136e-09,4.657494497438429e-20,5,"[-3.895903398448362e-05, 0.0010410237867384958, 0.039592662514001495, 0.3287410306817921, 1.0, 1]",0.0
-0.029200000000000004,0,8.086724088479699e-06,-4.425460084820688e-09,4.536488316005325e-20,5,"[-3.903374228436051e-05, 0.0010419707040325733, 0.039612653656072985, 0.32879698892204945, 1.0, 1]",0.0
-0.02902500000000001,0,8.112449220502677e-06,-4.4466007413369384e-09,4.4177962903316805e-20,5,"[-3.910847615102615e-05, 0.0010429177819530839, 0.03963264586155293, 0.32885295686144256, 1.0, 1]",0.0
-0.02885,0,8.138197188728219e-06,-4.467793592391568e-09,4.301392723776406e-20,5,"[-3.918323563079597e-05, 0.0010438650205453926, 0.03965263913013201, 0.32890893450221326, 1.0, 1]",0.0
-0.028675000000000006,0,8.163968001173189e-06,-4.489038683689545e-09,4.187251879279153e-20,5,"[-3.9258020770024355e-05, 0.0010448124198548826, 0.039672633461500684, 0.32896492184660353, 1.0, 1]",0.0
-0.02850000000000001,0,8.189761665857132e-06,-4.510336060984174e-09,4.0753479854542614e-20,5,"[-3.933283161510468e-05, 0.0010457599799269539, 0.039692628855349084, 0.3290209188968565, 1.0, 1]",0.0
-0.028325000000000003,0,8.215578190802282e-06,-4.53168577007715e-09,3.9656552424579146e-20,5,"[-3.940766821246949e-05, 0.0010467077008070266, 0.0397126253113672, 0.3290769256552156, 1.0, 1]",0.0
-0.02815000000000001,0,8.241417584033532e-06,-4.553087856818591e-09,3.858147827352393e-20,5,"[-3.948253060859033e-05, 0.0010476555825405386, 0.03973262282924469, 0.32913294212392524, 1.0, 1]",0.0
-0.027975,0,8.26727985357845e-06,-4.574542367107092e-09,3.752799899716847e-20,5,"[-3.955741884997786e-05, 0.0010486036251729446, 0.039752621408670995, 0.32918896830523026, 1.0, 1]",0.0
-0.027800000000000005,0,8.293165007467278e-06,-4.59604934688977e-09,3.649585607317235e-20,5,"[-3.96323329831819e-05, 0.0010495518287497185, 0.03977262104933531, 0.3292450042013762, 1.0, 1]",0.0
-0.02762500000000001,0,8.319073053732935e-06,-4.6176088421623146e-09,3.5484790916086284e-20,5,"[-3.97072730547914e-05, 0.001050500193316352, 0.039792621750926536, 0.32930104981460917, 1.0, 1]",0.0
-0.027450000000000002,0,8.345004000411023e-06,-4.639220898969033e-09,3.4494544932079337e-20,5,"[-3.978223911143454e-05, 0.0010514487189183547, 0.03981262351313338, 0.329357105147176, 1.0, 1]",0.0
-0.027275000000000008,0,8.370957855539815e-06,-4.6608855634028946e-09,3.352485957208843e-20,5,"[-3.985723119977874e-05, 0.0010523974056012558, 0.03983262633564427, 0.32941317020132416, 1.0, 1]",0.0
-0.0271,0,8.396934627160266e-06,-4.682602881605579e-09,3.257547638595392e-20,5,"[-3.9932249366530615e-05, 0.0010533462534106004, 0.03985263021814738, 0.32946924497930175, 1.0, 1]",0.0
-0.026925000000000004,0,8.422934323316006e-06,-4.704372899767526e-09,3.1646137074681636e-20,5,"[-4.0007293658436094e-05, 0.0010542952623919532, 0.03987263516033064, 0.32952532948335767, 1.0, 1]",0.0
-0.02675000000000001,0,8.448956952053355e-06,-4.726195664127982e-09,3.0736583544282634e-20,5,"[-4.0082364122280444e-05, 0.0010552444325908977, 0.03989264116188174, 0.32958142371574134, 1.0, 1]",0.0
-0.026575,0,8.475002521421309e-06,-4.748071220975041e-09,2.984655795734498e-20,5,"[-4.015746080488823e-05, 0.0010561937640530341, 0.039912648222488085, 0.32963752767870264, 1.0, 1]",0.0
-0.026400000000000007,0,8.501071039471538e-06,-4.769999616645699e-09,2.89758027829292e-20,5,"[-4.023258375312335e-05, 0.001057143256823981, 0.03993265634183686, 0.3296936413744925, 1.0, 1]",0.0
-0.026225000000000012,0,8.527162514258413e-06,-4.791980897525907e-09,2.8124060848534496e-20,5,"[-4.030773301388921e-05, 0.0010580929109493776, 0.039952665519614995, 0.3297497648053622, 1.0, 1]",0.0
-0.026050000000000004,0,8.55327695383898e-06,-4.8140151100505985e-09,2.729107539226217e-20,5,"[-4.038290863412855e-05, 0.0010590427264748781, 0.039972675755509154, 0.32980589797356386, 1.0, 1]",0.0
-0.02587500000000001,0,8.57941436627296e-06,-4.836102300703749e-09,2.6476590109752848e-20,5,"[-4.045811066082356e-05, 0.0010599927034461562, 0.039992687049205757, 0.32986204088135, 1.0, 1]",0.0
-0.0257,0,8.605574759622786e-06,-4.858242516018432e-09,2.5680349207138773e-20,5,"[-4.0533339140995966e-05, 0.001060942841908905, 0.040012699400390976, 0.3299181935309741, 1.0, 1]",0.0
-0.025525000000000006,0,8.631758141953548e-06,-4.88043580257685e-09,2.4902097443149247e-20,5,"[-4.060859412170697e-05, 0.0010618931419088345, 0.040032712808750724, 0.32997435592469015, 1.0, 1]",0.0
-0.02535000000000001,0,8.657964521333047e-06,-4.902682207010394e-09,2.414158018531698e-20,5,"[-4.068387565005731e-05, 0.0010628436034916728, 0.04005272727397066, 0.3300305280647527, 1.0, 1]",0.0
-0.025175000000000003,0,8.68419390583176e-06,-4.924981775999682e-09,2.3398543452872396e-20,5,"[-4.075918377318729e-05, 0.0010637942267031674, 0.0400727427957362, 0.3300867099534171, 1.0, 1]",0.0
-0.02500000000000001,0,8.710446303522852e-06,-4.947334556274609e-09,2.2672733965061363e-20,5,"[-4.0834518538276806e-05, 0.001064745011589083, 0.04009275937373248, 0.3301429015929392, 1.0, 1]",0.0
-0.024825,0,8.736721722482193e-06,-4.969740594614407e-09,2.1963899187983812e-20,5,"[-4.0909879992545424e-05, 0.0010656959581952037, 0.040112777007644436, 0.33019910298557564, 1.0, 1]",0.0
-0.024650000000000005,0,8.76302017078833e-06,-4.992199937847667e-09,2.127178738113653e-20,5,"[-4.098526818325229e-05, 0.0010666470665673313, 0.04013279569715669, 0.3302553141335837, 1.0, 1]",0.0
-0.02447500000000001,0,8.789341656522504e-06,-5.014712632852415e-09,2.0596147640208866e-20,5,"[-4.1060683157696296e-05, 0.001067598336751285, 0.04015281544195365, 0.3303115350392213, 1.0, 1]",0.0
-0.024300000000000002,0,8.815686187768657e-06,-5.037278726556141e-09,1.9936729945400453e-20,5,"[-4.1136124963215984e-05, 0.0010685497687929035, 0.040172836241719447, 0.3303677657047468, 1.0, 1]",0.0
-0.024125000000000008,0,8.842053772613421e-06,-5.059898265935852e-09,1.929328520480857e-20,5,"[-4.1211593647189724e-05, 0.0010695013627380447, 0.040192858096138005, 0.33042400613241957, 1.0, 1]",0.0
-0.02395,0,8.868444419146133e-06,-5.082571298018127e-09,1.8665565297815478e-20,5,"[-4.12870892570356e-05, 0.0010704531186325834, 0.040212881004892946, 0.33048025632449957, 1.0, 1]",0.0
-0.023775000000000004,0,8.894858135458793e-06,-5.1052978698791385e-09,1.8053323116405026e-20,5,"[-4.1362611840211445e-05, 0.0010714050365224121, 0.04023290496766764, 0.3305365162832472, 1.0, 1]",0.0
-0.02360000000000001,0,8.921294929646141e-06,-5.128078028644745e-09,1.7456312612395684e-20,5,"[-4.1438161444215003e-05, 0.0010723571164534438, 0.04025292998414523, 0.33059278601092357, 1.0, 1]",0.0
-0.023425,0,8.94775480980559e-06,-5.1509118214905015e-09,1.6874288834418405e-20,5,"[-4.151373811658386e-05, 0.0010733093584716085, 0.0402729560540086, 0.33064906550979056, 1.0, 1]",0.0
-0.023250000000000007,0,8.974237784037251e-06,-5.173799295641711e-09,1.630700797465663e-20,5,"[-4.158934190489542e-05, 0.0010742617626228546, 0.04029298317694036, 0.33070535478211066, 1.0, 1]",0.0
-0.023075000000000012,0,9.00074386044394e-06,-5.196740498373497e-09,1.5754227403654778e-20,5,"[-4.166497285676706e-05, 0.0010752143289531485, 0.04031301135262287, 0.33076165383014694, 1.0, 1]",0.0
-0.022900000000000004,0,9.02727304713118e-06,-5.219735477010826e-09,1.521570571853737e-20,5,"[-4.17406310198561e-05, 0.0010761670575084765, 0.04033304058073824, 0.33081796265616326, 1.0, 1]",0.0
-0.02272500000000001,0,9.053825352207184e-06,-5.242784278928573e-09,1.4691202772591308e-20,5,"[-4.1816316441859804e-05, 0.0010771199483348424, 0.04035307086096835, 0.330874281262424, 1.0, 1]",0.0
-0.02255,0,9.080400783782875e-06,-5.2658869515515544e-09,1.4180479725555762e-20,5,"[-4.189202917051545e-05, 0.001078073001478268, 0.040373102192994795, 0.33093060965119425, 1.0, 1]",0.0
-0.022375000000000006,0,9.10699934997187e-06,-5.289043542354591e-09,1.3683299071330908e-20,5,"[-4.1967769253600347e-05, 0.0010790262169847944, 0.04039313457649891, 0.3309869478247399, 1.0, 1]",0.0
-0.02220000000000001,0,9.1336210588905e-06,-5.312254098862537e-09,1.3199424687380342e-20,5,"[-4.2043536738931814e-05, 0.0010799795949004791, 0.04041316801116178, 0.33104329578532704, 1.0, 1]",0.0
-0.022025000000000003,0,9.160265918657808e-06,-5.3355186686503645e-09,1.2728621861256528e-20,5,"[-4.2119331674367395e-05, 0.0010809331352714027, 0.04043320249666428, 0.3310996535352232, 1.0, 1]",0.0
-0.02185000000000001,0,9.186933937395513e-06,-5.358837299343159e-09,1.2270657333495109e-20,5,"[-4.2195154107804587e-05, 0.0010818868381436584, 0.040453238032686974, 0.33115602107669573, 1.0, 1]",0.0
-0.021675,0,9.213625123228079e-06,-5.382210038616222e-09,1.1825299332916435e-20,5,"[-4.2271004087181124e-05, 0.0010828407035633624, 0.040473274618910184, 0.3312123984120131, 1.0, 1]",0.0
-0.021666666666666667,0,9.214896710079649e-06,-5.383324376660095e-09,1.1804402332102307e-20,5,"[-4.227461667886456e-05, 0.0010828861297814626, 0.04047422876825371, 0.33121508329135785, 1.0, 1]",0.0
-0.021500000000000005,0,9.240339484282646e-06,-5.405636934195071e-09,1.1392317612814555e-20,5,"[-4.234688166047489e-05, 0.0010837947315766466, 0.04049331225501398, 0.3312687855434444, 1.0, 1]",0.0
-0.02132500000000001,0,9.267077028689082e-06,-5.429118033855529e-09,1.0971483482511652e-20,5,"[-4.242278687570398e-05, 0.001084748922229663, 0.04051335094067819, 0.3313251824732594, 1.0, 1]",0.0
-0.021150000000000002,0,9.29383776457996e-06,-5.452653385423748e-09,1.0562569846110838e-20,5,"[-4.249871978092672e-05, 0.0010857032755685816, 0.04053339067558238, 0.33138158920372834, 1.0, 1]",0.0
-0.020975000000000008,0,9.320621700090559e-06,-5.476243036776266e-09,1.0165351231782613e-20,5,"[-4.25746804242417e-05, 0.0010866577916395905, 0.04055343145940582, 0.3314380057371222, 1.0, 1]",0.0
-0.0208,0,9.347428843358869e-06,-5.499887035840052e-09,9.779603828446898e-21,5,"[-4.2650668853787765e-05, 0.001087612470488896, 0.04057347329182758, 0.3314944320757126, 1.0, 1]",0.0
-0.020625000000000004,0,9.374259202525597e-06,-5.523585430592553e-09,9.405105518412154e-21,5,"[-4.272668511774414e-05, 0.0010885673121627244, 0.040593516172526455, 0.33155086822177204, 1.0, 1]",0.0
-0.02045000000000001,0,9.401112785734169e-06,-5.547338269061763e-09,9.041635905182732e-21,5,"[-4.280272926433038e-05, 0.0010895223167073198, 0.04061356010118098, 0.3316073141775734, 1.0, 1]",0.0
-0.020275,0,9.427989601130714e-06,-5.5711455993262415e-09,8.688976347675708e-21,5,"[-4.2878801341806407e-05, 0.0010904774841689442, 0.040633605077469416, 0.3316637699453903, 1.0, 1]",0.0
-0.020100000000000007,0,9.454889656864069e-06,-5.595007469515164e-09,8.346909992662797e-21,5,"[-4.295490139847251e-05, 0.0010914328145938776, 0.040653651101069777, 0.33172023552749696, 1.0, 1]",0.0
-0.019925000000000012,0,9.48181296108582e-06,-5.61892392780842e-09,8.015221799225032e-21,5,"[-4.3031029482669556e-05, 0.0010923883080284221, 0.04067369817165987, 0.3317767109261685, 1.0, 1]",0.0
-0.019750000000000004,0,9.50875952195023e-06,-5.6428950224365934e-09,7.693698571589105e-21,5,"[-4.310718564277873e-05, 0.0010933439645188945, 0.040693746288917164, 0.3318331961436806, 1.0, 1]",0.0
-0.01957500000000001,0,9.535729347614307e-06,-5.666920801681051e-09,7.382128989597119e-21,5,"[-4.318336992722177e-05, 0.0010942997841116313, 0.04071379545251892, 0.3318896911823093, 1.0, 1]",0.0
-0.0194,0,9.562722446237764e-06,-5.6910013138739835e-09,7.08030363286545e-21,5,"[-4.325958238446094e-05, 0.0010952557668529879, 0.04073384566214214, 0.3319461960443317, 1.0, 1]",0.0
-0.019225000000000006,0,9.589738825983041e-06,-5.71513660739846e-09,6.788015009183741e-21,5,"[-4.333582306299908e-05, 0.0010962119127893384, 0.04075389691746356, 0.33200271073202536, 1.0, 1]",0.0
-0.01905000000000001,0,9.616778495015296e-06,-5.7393267306884645e-09,6.505057582125039e-21,5,"[-4.3412092011379585e-05, 0.001097168221967076, 0.04077394921815964, 0.33205923524766856, 1.0, 1]",0.0
-0.018875000000000003,0,9.643841461502404e-06,-5.763571732228952e-09,6.231227797571232e-21,5,"[-4.348838927818644e-05, 0.0010981246944326104, 0.040794002563906605, 0.33211576959354006, 1.0, 1]",0.0
-0.01870000000000001,0,9.670927733614968e-06,-5.787871660555901e-09,5.9663241062942024e-21,5,"[-4.356471491204435e-05, 0.0010990813302323723, 0.04081405695438041, 0.33217231377191964, 1.0, 1]",0.0
-0.018525,0,9.698037319526317e-06,-5.812226564256362e-09,5.710146991565954e-21,5,"[-4.364106896161864e-05, 0.0011000381294128097, 0.04083411238925678, 0.3322288677850874, 1.0, 1]",0.0
-0.018350000000000005,0,9.725170227412496e-06,-5.8366364919684935e-09,5.462498993021655e-21,5,"[-4.371745147561533e-05, 0.00110099509202039, 0.04085416886821114, 0.33228543163532437, 1.0, 1]",0.0
-0.01817500000000001,0,9.752326465452276e-06,-5.861101492381633e-09,5.2231847251978705e-21,5,"[-4.379386250278121e-05, 0.0011019522181015982, 0.040874226390918686, 0.33234200532491204, 1.0, 1]",0.0
-0.018000000000000002,0,9.779506041827166e-06,-5.885621614236327e-09,4.992010910664718e-21,5,"[-4.387030209190379e-05, 0.0011029095077029394, 0.04089428495705434, 0.33239858885613255, 1.0, 1]",0.0
-0.017825000000000008,0,9.806708964721383e-06,-5.910196906324392e-09,4.768786388111695e-21,5,"[-4.39467702918114e-05, 0.0011038669608709358, 0.04091434456629276, 0.33245518223126885, 1.0, 1]",0.0
-0.01765,0,9.83393524232189e-06,-5.934827417488963e-09,4.5533221456770486e-21,5,"[-4.40232671513732e-05, 0.0011048245776521296, 0.040934405218308385, 0.33251178545260457, 1.0, 1]",0.0
-0.017475000000000004,0,9.861184882818364e-06,-5.959513196624533e-09,4.345431336330567e-21,5,"[-4.409979271949917e-05, 0.0011057823580930806, 0.04095446691277534, 0.3325683985224238, 1.0, 1]",0.0
-0.01730000000000001,0,9.888457894403227e-06,-5.98425429267702e-09,4.144929296806238e-21,5,"[-4.41763470451402e-05, 0.0011067403022403687, 0.04097452964936755, 0.3326250214430114, 1.0, 1]",0.0
-0.017125,0,9.915754285271618e-06,-6.009050754643796e-09,3.9516335696903556e-21,5,"[-4.425293017728806e-05, 0.001107698410140591, 0.040994593427758616, 0.33268165421665313, 1.0, 1]",0.0
-0.016950000000000007,0,9.943074063621414e-06,-6.033902631573753e-09,3.7653639203820305e-21,5,"[-4.4329542164975494e-05, 0.0011086566818403643, 0.04101465824762193, 0.3327382968456349, 1.0, 1]",0.0
-0.016775000000000012,0,9.970417237653217e-06,-6.058809972567344e-09,3.5859423528704065e-21,5,"[-4.440618305727616e-05, 0.001109615117386323, 0.041034724108630585, 0.3327949493322437, 1.0, 1]",0.0
-0.016600000000000004,0,9.997783815570377e-06,-6.083772826776637e-09,3.41319313497821e-21,5,"[-4.448285290330478e-05, 0.001110573716825122, 0.04105479101045746, 0.33285161167876703, 1.0, 1]",0.0
-0.01642500000000001,0,1.0025173805578961e-05,-6.1087912434053596e-09,3.2469428025032704e-21,5,"[-4.455955175221705e-05, 0.0011115324802034327, 0.04107485895277513, 0.33290828388749305, 1.0, 1]",0.0
-0.01625,0,1.0052587215887787e-05,-6.133865271708964e-09,3.0870201846592833e-21,5,"[-4.463627965320978e-05, 0.0011124914075679477, 0.04109492793525594, 0.3329649659607106, 1.0, 1]",0.0
-0.016075000000000006,0,1.0080024054708397e-05,-6.158994960994642e-09,2.933256417683662e-21,5,"[-4.4713036655520826e-05, 0.0011134504989653764, 0.04111499795757195, 0.3330216579007093, 1.0, 1]",0.0
-0.01590000000000001,0,1.0107484330255082e-05,-6.184180360621429e-09,2.785484953712222e-21,5,"[-4.478982280842918e-05, 0.0011144097544424482, 0.041135069019395, 0.33307835970977934, 1.0, 1]",0.0
-0.015725000000000003,0,1.0134968050744856e-05,-6.20942152000019e-09,2.6435415808951347e-21,5,"[-4.486663816125494e-05, 0.0011153691740459102, 0.04115514112039661, 0.33313507139021126, 1.0, 1]",0.0
-0.015550000000000008,0,1.0162475224397483e-05,-6.234718488593724e-09,2.5072644318771817e-21,5,"[-4.494348276335947e-05, 0.0011163287578225293, 0.041175214260248096, 0.33319179294429696, 1.0, 1]",0.0
-0.015375,0,1.0190005859435464e-05,-6.2600713159167945e-09,2.3764939958278836e-21,5,"[-4.502035666414528e-05, 0.0011172885058190907, 0.04119528843862049, 0.33324852437432845, 1.0, 1]",0.0
-0.015200000000000005,0,1.021755996408404e-05,-6.285480051536159e-09,2.2510731357964402e-21,5,"[-4.5097259913056096e-05, 0.0011182484180823984, 0.04121536365518455, 0.33330526568259844, 1.0, 1]",0.0
-0.01502500000000001,0,1.0245137546571195e-05,-6.310944745070651e-09,2.1308470922616043e-21,5,"[-4.517419255957698e-05, 0.0011192084946592751, 0.041235439909610795, 0.33336201687140066, 1.0, 1]",0.0
-0.014850000000000002,0,1.0272738615127657e-05,-6.3364654461912195e-09,2.015663495359026e-21,5,"[-4.525115465323424e-05, 0.001120168735596563, 0.04125551720156947, 0.33341877794302915, 1.0, 1]",0.0
-0.014675000000000007,0,1.0300363177986888e-05,-6.362042204620961e-09,1.9053723755308742e-21,5,"[-4.532814624359552e-05, 0.0011211291409411223, 0.04127559553073056, 0.33347554889977865, 1.0, 1]",0.0
-0.014499999999999999,0,1.0328011243385106e-05,-6.387675070135202e-09,1.7998261698367253e-21,5,"[-4.540516738026984e-05, 0.001122089710739832, 0.041295674896763786, 0.33353232974394487, 1.0, 1]",0.0
-0.014325000000000004,0,1.0355682819561269e-05,-6.4133640925615224e-09,1.6988797324059687e-21,5,"[-4.548221811290757e-05, 0.001123050445039591, 0.041315755299338626, 0.33358912047782385, 1.0, 1]",0.0
-0.01415000000000001,0,1.0383377914757079e-05,-6.4391093217798184e-09,1.6023903377904664e-21,5,"[-4.555929849120055e-05, 0.0011240113438873158, 0.04133583673812428, 0.3336459211037125, 1.0, 1]",0.0
-0.013975000000000001,0,1.0411096537216996e-05,-6.4649108077223555e-09,1.5102176908253141e-21,5,"[-4.5636408564882055e-05, 0.001124972407329943, 0.04135591921278968, 0.3337027316239083, 1.0, 1]",0.0
-0.013800000000000007,0,1.043883869518821e-05,-6.490768600373799e-09,1.422223928995424e-21,5,"[-4.5713548383726776e-05, 0.0011259336354144266, 0.04137600272300349, 0.3337595520407093, 1.0, 1]",0.0
-0.013625000000000012,0,1.0466604396920674e-05,-6.516682749771293e-09,1.338273628549197e-21,5,"[-4.579071799755094e-05, 0.0011268950281877405, 0.04139608726843415, 0.3338163823564143, 1.0, 1]",0.0
-0.013450000000000004,0,1.0494393650667095e-05,-6.542653306004504e-09,1.2582338070623199e-21,5,"[-4.586791745621243e-05, 0.0011278565856968786, 0.04141617284874981, 0.33387322257332314, 1.0, 1]",0.0
-0.013275000000000009,0,1.0522206464682916e-05,-6.5686803192156395e-09,1.1819739315235908e-21,5,"[-4.594514680961053e-05, 0.001128818307988851, 0.041436259463618355, 0.33393007269373576, 1.0, 1]",0.0
-0.0131,0,1.055004284722634e-05,-6.594763839599546e-09,1.109365912024031e-21,5,"[-4.602240610768619e-05, 0.0011297801951106886, 0.04145634711270741, 0.3339869327199529, 1.0, 1]",0.0
-0.012925000000000006,0,1.0577902806558318e-05,-6.620903917403723e-09,1.0402841098427095e-21,5,"[-4.6099695400421986e-05, 0.0011307422471094405, 0.041476435795684344, 0.33404380265427625, 1.0, 1]",0.0
-0.012750000000000011,0,1.0605786350942565e-05,-6.647100602928398e-09,9.746053386300345e-22,5,"[-4.617701473784218e-05, 0.0011317044640321754, 0.04149652551221626, 0.33410068249900793, 1.0, 1]",0.0
-0.012575000000000003,0,1.0633693488645545e-05,-6.673353946526569e-09,9.12208858096866e-22,5,"[-4.62543641700127e-05, 0.0011326668459259808, 0.041516616261970014, 0.3341575722564508, 1.0, 1]",0.0
-0.012400000000000008,0,1.0661624227936463e-05,-6.699663998604035e-09,8.52976380128188e-22,5,"[-4.6331743747041135e-05, 0.001133629392837962, 0.04153670804461214, 0.33421447192890824, 1.0, 1]",0.0
-0.012225,0,1.068957857708731e-05,-6.726030809619493e-09,7.967920634582973e-22,5,"[-4.6409153519076936e-05, 0.001134592104815245, 0.04155680085980898, 0.33427138151868463, 1.0, 1]",0.0
-0.012050000000000005,0,1.0717556544372808e-05,-6.752454430084539e-09,7.435425122902965e-22,5,"[-4.648659353631124e-05, 0.001135554981904974, 0.041576894707226586, 0.33432830102808475, 1.0, 1]",0.0
-0.01187500000000001,0,1.0745558138070449e-05,-6.778934910563747e-09,6.931167737322969e-22,5,"[-4.6564063848977046e-05, 0.001136518024154311, 0.04159698958653073, 0.334385230459414, 1.0, 1]",0.0
-0.011700000000000002,0,1.0773583366460483e-05,-6.805472301674722e-09,6.454063310921001e-22,5,"[-4.664156450734917e-05, 0.0011374812316104392, 0.04161708549738692, 0.3344421698149786, 1.0, 1]",0.0
-0.011525000000000007,0,1.0801632237825919e-05,-6.83206665408813e-09,6.003051040744135e-22,5,"[-4.671909556174431e-05, 0.0011384446043205588, 0.041637182439460435, 0.3344991190970855, 1.0, 1]",0.0
-0.011349999999999999,0,1.0829704760452526e-05,-6.858718018527772e-09,5.57709437934013e-22,5,"[-4.6796657062521014e-05, 0.0011394081423318904, 0.041657280412416245, 0.3345560783080422, 1.0, 1]",0.0
-0.011175000000000004,0,1.0857800942628843e-05,-6.885426445770633e-09,5.175180973620706e-22,5,"[-4.68742490600799e-05, 0.001140371845691674, 0.04167737941591912, 0.33461304745015696, 1.0, 1]",0.0
-0.01100000000000001,0,1.088592079264616e-05,-6.912191986646906e-09,4.796322653028633e-22,5,"[-4.695187160486339e-05, 0.0011413357144471666, 0.04169747944963348, 0.3346700265257385, 1.0, 1]",0.0
-0.010825000000000001,0,1.0914064318798542e-05,-6.939014692040078e-09,4.439555291487073e-22,5,"[-4.702952474735598e-05, 0.001142299748645646, 0.04171758051322355, 0.33472701553709655, 1.0, 1]",0.0
-0.010650000000000007,0,1.0942231529382803e-05,-6.965894612886955e-09,4.103938704847661e-22,5,"[-4.7107208538084155e-05, 0.001143263948334408, 0.04173768260635326, 0.33478401448654127, 1.0, 1]",0.0
-0.010475000000000012,0,1.0970422432698544e-05,-6.992831800177736e-09,3.788556625252526e-22,5,"[-4.7184923027616505e-05, 0.0011442283135607687, 0.04175778572868626, 0.3348410233763835, 1.0, 1]",0.0
-0.010300000000000004,0,1.0998637037048116e-05,-7.019826304956045e-09,3.492516517724131e-22,5,"[-4.726266826656363e-05, 0.0011451928443720614, 0.04177788987988598, 0.3348980422089347, 1.0, 1]",0.0
-0.010277777777777775,0,1.100222154028771e-05,-7.023258282497241e-09,3.456263789652432e-22,5,"[-4.72725428806882e-05, 0.0011453153363258398, 0.041780442861577845, 0.33490528340717124, 1.0, 1]",0.0
-0.010125000000000009,0,1.1026875350736639e-05,-7.046878178318991e-09,3.214949505223485e-22,5,"[-4.734044430557829e-05, 0.0011461575408156404, 0.041797995059615546, 0.3349550709865073, 1.0, 1]",0.0
-0.00995,0,1.1055137382072009e-05,-7.073987471417215e-09,2.955010273986838e-22,5,"[-4.7418251195355375e-05, 0.0011471224029388773, 0.04181810126753783, 0.335012109711414, 1.0, 1]",0.0
-0.009775000000000006,0,1.1083423139364891e-05,-7.1011542354549576e-09,2.7118768802547563e-22,5,"[-4.749608898663198e-05, 0.001148087430789165, 0.04183820850331544, 0.33506915838596857, 1.0, 1]",0.0
-0.009600000000000011,0,1.1111732630928718e-05,-7.128378521690087e-09,2.484750637859444e-22,5,"[-4.757395773018739e-05, 0.0011490526244139143, 0.041858316766610726, 0.33512621701248513, 1.0, 1]",0.0
-0.009425000000000003,0,1.1140065865079682e-05,-7.1556603814341626e-09,2.2728559505918014e-22,5,"[-4.765185747684308e-05, 0.0011500179838605533, 0.041878426057085735, 0.3351832855932786, 1.0, 1]",0.0
-0.009250000000000008,0,1.1168422850136766e-05,-7.182999866052487e-09,2.0754402372596388e-22,5,"[-4.772978827746283e-05, 0.001150983509176532, 0.04189853637440231, 0.33524036413066455, 1.0, 1]",0.0
-0.009075,0,1.1196803594421723e-05,-7.210397026964161e-09,1.891773669391425e-22,5,"[-4.780775018295277e-05, 0.0011519492004093193, 0.04191864771822199, 0.3352974526269593, 1.0, 1]",0.0
-0.008900000000000005,0,1.1225208106259073e-05,-7.237851915642129e-09,1.7211490193805637e-22,5,"[-4.788574324426128e-05, 0.0011529150576064019, 0.04193876008820605, 0.3353545510844799, 1.0, 1]",0.0
-0.00872500000000001,0,1.1253636393976107e-05,-7.26536458361322e-09,1.562881520462582e-22,5,"[-4.7963767512379106e-05, 0.0011538810808152857, 0.04195887348401549, 0.33541165950554386, 1.0, 1]",0.0
-0.008550000000000002,0,1.128208846590291e-05,-7.2929350824582375e-09,1.4163086201960988e-22,5,"[-4.804182303833944e-05, 0.0011548472700834969, 0.04197898790531108, 0.3354687778924695, 1.0, 1]",0.0
-0.008375000000000007,0,1.1310564330372322e-05,-7.3205634638119505e-09,1.2807898463564693e-22,5,"[-4.811990987321782e-05, 0.0011558136254585798, 0.04199910335175327, 0.3355259062475756, 1.0, 1]",0.0
-0.008199999999999999,0,1.1339063995719978e-05,-7.3482497793632144e-09,1.155706511112947e-22,5,"[-4.81980280681323e-05, 0.0011567801469880986, 0.042019219823002274, 0.33558304457318194, 1.0, 1]",0.0
-0.008025000000000004,0,1.1367587470284284e-05,-7.375994080854973e-09,1.0404615631172628e-22,5,"[-4.82761776742434e-05, 0.0011577468347196368, 0.042039337318718055, 0.335640192871609, 1.0, 1]",0.0
-0.00785000000000001,0,1.1396134762406423e-05,-7.4037964200843275e-09,9.344793330959843e-23,5,"[-4.8354358742754115e-05, 0.001158713688700796, 0.04205945583856027, 0.33569735114517746, 1.0, 1]",0.0
-0.007675000000000001,0,1.1424705880430365e-05,-7.431656848902585e-09,8.372053228302224e-23,5,"[-4.843257132491001e-05, 0.001159680708979198, 0.04207957538218835, 0.3357545193962091, 1.0, 1]",0.0
-0.007500000000000007,0,1.1453300832702857e-05,-7.459575419215324e-09,7.481058935555746e-23,5,"[-4.851081547199925e-05, 0.0011606478956024836, 0.0420996959492614, 0.3358116976270264, 1.0, 1]",0.0
-0.007325000000000012,0,1.1481919627573427e-05,-7.487552182982418e-09,6.666681141064002e-23,5,"[-4.8589091235352544e-05, 0.0011616152486183123, 0.042119817539438324, 0.33586888583995206, 1.0, 1]",0.0
-0.007150000000000004,0,1.1510562273394394e-05,-7.51558719221813e-09,5.923993842347387e-23,5,"[-4.8667398666343305e-05, 0.0011625827680743638, 0.0421399401523777, 0.33592608403731, 1.0, 1]",0.0
-0.006975000000000009,0,1.1539228778520861e-05,-7.543680498991126e-09,5.248272689495189e-23,5,"[-4.87457378163876e-05, 0.001163550454018337, 0.04216006378773791, 0.3359832922214246, 1.0, 1]",0.0
-0.0068000000000000005,0,1.1567919151310706e-05,-7.571832155424543e-09,4.6349912972408633e-23,5,"[-4.882410873694415e-05, 0.0011645183064979488, 0.04218018844517699, 0.3360405103946209, 1.0, 1]",0.0
-0.006625000000000006,0,1.15966334001246e-05,-7.600042213696034e-09,4.079819174202154e-23,5,"[-4.8902511479514437e-05, 0.0011654863255609366, 0.04220031412435275, 0.3360977385592244, 1.0, 1]",0.0
-0.006450000000000011,0,1.1625371533326002e-05,-7.628310726037836e-09,3.578617956070272e-23,5,"[-4.898094609564271e-05, 0.0011664545112550569, 0.04222044082492273, 0.33615497671756184, 1.0, 1]",0.0
-0.006275000000000003,0,1.165413355928116e-05,-7.656637744736815e-09,3.127438644596726e-23,5,"[-4.9059412636915995e-05, 0.0011674228636280848, 0.04224056854654418, 0.33621222487195995, 1.0, 1]",0.0
-0.006100000000000008,0,1.1682919486359098e-05,-7.685023322134503e-09,2.722518412706657e-23,5,"[-4.913791115496413e-05, 0.001168391382727815, 0.042260697288874105, 0.33626948302474663, 1.0, 1]",0.0
-0.005925,0,1.1711729322931651e-05,-7.713467510627181e-09,2.360277389890649e-23,5,"[-4.921644170145983e-05, 0.0011693600686020623, 0.042280827051569235, 0.33632675117825034, 1.0, 1]",0.0
-0.005750000000000005,0,1.174056307737343e-05,-7.741970362665897e-09,2.037315546204155e-23,5,"[-4.929500432811868e-05, 0.0011703289212986595, 0.042300957834286015, 0.3363840293348002, 1.0, 1]",0.0
-0.0055750000000000105,0,1.1769420758061837e-05,-7.770531930756547e-09,1.7504082943679476e-23,5,"[-4.9373599086699184e-05, 0.0011712979408654597, 0.04232108963668064, 0.33644131749672596, 1.0, 1]",0.0
-0.005400000000000002,0,1.1798302373377084e-05,-7.799152267459925e-09,1.4965040048562702e-23,5,"[-4.945222602900282e-05, 0.0011722671273503354, 0.04234122245840903, 0.33649861566635797, 1.0, 1]",0.0
-0.005225000000000007,0,1.1827207931702154e-05,-7.827831425391745e-09,1.2727198052125151e-23,5,"[-4.953088520687398e-05, 0.0011732364808011773, 0.04236135629912683, 0.33655592384602756, 1.0, 1]",0.0
-0.005049999999999999,0,1.1856137441422843e-05,-7.856569457222737e-09,1.0763379710105829e-23,5,"[-4.9609576672200124e-05, 0.001174206001265897, 0.04238149115848943, 0.3366132420380664, 1.0, 1]",0.0
-0.004875000000000018,0,1.1885090910927716e-05,-7.885366415678653e-09,9.048019026642654e-24,5,"[-4.968830047691167e-05, 0.0011751756887924231, 0.04240162703615192, 0.3366705702448069, 1.0, 1]",0.0
-0.00470000000000001,0,1.1914068348608176e-05,-7.91422235354039e-09,7.55712220565765e-24,5,"[-4.976705667298228e-05, 0.0011761455434287074, 0.042421763931769156, 0.3367279084685825, 1.0, 1]",0.0
-0.004525000000000001,0,1.1943069762858395e-05,-7.943137323643961e-09,6.268234124268473e-24,5,"[-4.984584531242854e-05, 0.0011771155652227177, 0.04244190184499572, 0.33678525671172704, 1.0, 1]",0.0
-0.004349999999999993,0,1.1972095162075343e-05,-7.972111378880604e-09,5.1603799570814305e-24,5,"[-4.992466644731025e-05, 0.0011780857542224423, 0.04246204077548588, 0.33684261497657486, 1.0, 1]",0.0
-0.004175000000000012,0,1.2001144554658793e-05,-8.001144572196798e-09,4.214045651884069e-24,5,"[-5.000352012973035e-05, 0.001179056110475889, 0.0424821807228937, 0.3368999832654613, 1.0, 1]",0.0
-0.0040000000000000036,0,1.203021794901133e-05,-8.030236956594363e-09,3.4111156096336665e-24,5,"[-5.0082406411835e-05, 0.0011800266340310853, 0.04250232168687291, 0.3369573615807222, 1.0, 1]",0.0
-0.003824999999999995,0,1.2059315353538324e-05,-8.059388585130462e-09,2.7348381717926292e-24,5,"[-5.0161325345813566e-05, 0.0011809973249360772, 0.042522463667077, 0.33701474992469416, 1.0, 1]",0.0
-0.0036500000000000143,0,1.2088436776647948e-05,-8.088599510917684e-09,2.1697753304457817e-24,5,"[-5.024027698389867e-05, 0.0011819681832389306, 0.0425426066631592, 0.3370721482997144, 1.0, 1]",0.0
-0.003475000000000006,0,1.21175822267512e-05,-8.117869787124107e-09,1.701761904748523e-24,5,"[-5.0319261378366275e-05, 0.001182939208987732, 0.04256275067477245, 0.33712955670812095, 1.0, 1]",0.0
-0.0032999999999999974,0,1.2146751712261851e-05,-8.147199466973304e-09,1.3178528844614022e-24,5,"[-5.0398278581535594e-05, 0.001183910402230585, 0.042582895701569416, 0.3371869751522523, 1.0, 1]",0.0
-0.0031250000000000167,0,1.2175945241596495e-05,-8.176588603744449e-09,1.0062788593089749e-24,5,"[-5.0477328645769234e-05, 0.0011848817630156147, 0.04260304174320252, 0.3372444036344479, 1.0, 1]",0.0
-0.002950000000000008,0,1.2205162823174527e-05,-8.20603725077234e-09,7.56393362514378e-25,5,"[-5.055641162347315e-05, 0.001185853291390964, 0.042623188799323856, 0.33730184215704745, 1.0, 1]",0.0
-0.0027749999999999997,0,1.2234404465418159e-05,-8.23554546144748e-09,5.586235669927547e-25,5,"[-5.063552756709682e-05, 0.0011868249874047974, 0.04264333686958533, 0.33735929072239196, 1.0, 1]",0.0
-0.002600000000000019,0,1.2263670176752395e-05,-8.26511328921608e-09,4.044237425578457e-25,5,"[-5.071467652913306e-05, 0.0011877968511052979, 0.04266348595363852, 0.33741674933282273, 1.0, 1]",0.0
-0.0024250000000000105,0,1.2292959965605063e-05,-8.294740787580174e-09,2.862149080627401e-25,5,"[-5.079385856211819e-05, 0.0011887688825406666, 0.04268363605113473, 0.33747421799068167, 1.0, 1]",0.0
-0.002250000000000002,0,1.2322273840406785e-05,-8.324428010097614e-09,1.9733789417601482e-25,5,"[-5.087307371863205e-05, 0.0011897410817591257, 0.04270378716172499, 0.3375316966983114, 1.0, 1]",0.0
-0.0020749999999999935,0,1.2351611809590996e-05,-8.354175010382168e-09,1.319922066615797e-25,5,"[-5.0952322051298e-05, 0.0011907134488089164, 0.04272393928506009, 0.3375891854580555, 1.0, 1]",0.0
-0.0019000000000000128,0,1.2380973881593955e-05,-8.383981842103563e-09,8.518908915481706e-26,5,"[-5.1031603612783014e-05, 0.0011916859837382999, 0.04274409242079053, 0.33764668427225797, 1.0, 1]",0.0
-0.0017250000000000043,0,1.2410360064854727e-05,-8.413848558987525e-09,5.268920315106921e-26,5,"[-5.1110918455797666e-05, 0.0011926586865955563, 0.04276424656856653, 0.33770419314326355, 1.0, 1]",0.0
-0.0015499999999999958,0,1.2439770367815193e-05,-8.443775214815848e-09,3.094504115955724e-26,5,"[-5.119026663309616e-05, 0.0011936315574289861, 0.04278440172803807, 0.3377617120734177, 1.0, 1]",0.0
-0.001375000000000015,0,1.2469204798920033e-05,-8.473761863426421e-09,1.7046495300920844e-26,5,"[-5.126964819747631e-05, 0.0011946045962869076, 0.042804557898854775, 0.33781924106506667, 1.0, 1]",0.0
-0.0012000000000000066,0,1.2498663366616761e-05,-8.50380855871333e-09,8.65459299117972e-27,5,"[-5.134906320177971e-05, 0.0011955778032176605, 0.0428247150806661, 0.33787678012055705, 1.0, 1]",0.0
-0.0010249999999999981,0,1.2528146079355705e-05,-8.533915354626877e-09,3.94509338701028e-27,5,"[-5.142851169889169e-05, 0.0011965511782696038, 0.04284487327312116, 0.3379343292422365, 1.0, 1]",0.0
-0.0008500000000000174,0,1.2557652945589991e-05,-8.56408230517361e-09,1.5520838310223407e-27,5,"[-5.1507993741741266e-05, 0.0011975247214911148, 0.042865032475868814, 0.3379918884324531, 1.0, 1]",0.0
-0.0006750000000000089,0,1.2587183973775585e-05,-8.594309464416447e-09,4.930380657631324e-28,5,"[-5.1587509383301265e-05, 0.0011984984329305912, 0.04288519268855764, 0.33804945769355565, 1.0, 1]",0.0
-0.0005000000000000004,0,1.2616739172371278e-05,-8.624596886474692e-09,1.1044052673094165e-28,5,"[-5.16670586765885e-05, 0.0011994723126364521, 0.04290535391083599, 0.3381070370278939, 1.0, 1]",0.0
-0.00032499999999999196,0,1.2646318549838658e-05,-8.654944625524055e-09,1.34106353887572e-29,5,"[-5.174664167466341e-05, 0.0012004463606571333, 0.042925516142351884, 0.3381646264378181, 1.0, 1]",0.0
-0.00015000000000001124,0,1.2675922114642139e-05,-8.685352735796758e-09,0.0,5,"[-5.1826258430630474e-05, 0.0012014205770410917, 0.04294567938275308, 0.3382222259256791, 1.0, 1]",0.0
0.0,0,1.2701315856322716e-05,-8.71146492203204e-09,3.944304526105059e-31,5,"[-5.18945282731291e-05, 0.001202255753696083, 0.04296296296296296, 0.33827160493827163, 1.0, 1]",0.0
2.4999999999997247e-05,0,1.2705549875248968e-05,-8.715821271581571e-09,3.944304526105059e-31,5,"[-5.1905908997638e-05, 0.001202394961836803, 0.04296584363168706, 0.33827983549382834, 1.0, 1]",0.0
0.00020000000000000573,0,1.2735201840129204e-05,-8.746350287223861e-09,-1.5777218104420236e-30,5,"[-5.198559342887835e-05, 0.0012033695150927635, 0.042986008888801074, 0.3383374551446182, 1.0, 1]",0.0
0.00037499999999998646,0,1.2764878017755747e-05,-8.776939837125661e-09,-2.4849118514461872e-29,5,"[-5.206531177758781e-05, 0.0012043442368574896, 0.04300617515374204, 0.3383950848804019, 1.0, 1]",0.0
0.0005499999999999949,0,1.2794578416604293e-05,-8.8075899757457e-09,-1.7907142548516968e-28,5,"[-5.21450640970467e-05, 0.0012053191271795152, 0.04302634242615665, 0.3384527247035328, 1.0, 1]",0.0
0.0007250000000000034,0,1.2824303045153392e-05,-8.83830075759948e-09,-7.154968410354577e-28,5,"[-5.222485044057935e-05, 0.0012062941861073959, 0.043046510705691245, 0.33851037461636535, 1.0, 1]",0.0
0.0008999999999999841,0,1.2854051911884396e-05,-8.869072237259316e-09,-2.1188803914236377e-27,5,"[-5.2304670861554235e-05, 0.001207269413689706, 0.043066679991992, 0.3385680346212546, 1.0, 1]",0.0
0.0010749999999999926,0,1.2883825025281511e-05,-8.89990446935441e-09,-5.164672346481964e-27,5,"[-5.238452541338394e-05, 0.0012082448099750402, 0.043086850284704735, 0.33862570472055636, 1.0, 1]",0.0
0.0011111111111111738,0,1.2889971702230004e-05,-8.906274242509608e-09,-6.097500366905811e-27,5,"[-5.240100758975311e-05, 0.0012084461032263994, 0.04309101253382808, 0.33863760615639005, 1.0, 1]",0.0
0.0012500000000000011,0,1.2913622393831753e-05,-8.930797508570877e-09,-1.1007370641001388e-26,5,"[-5.246441414952514e-05, 0.0012092203750120121, 0.043107021583475014, 0.33868338491662686, 1.0, 1]",0.0
0.0014249999999999818,0,1.2943444026024958e-05,-8.96175140965181e-09,-2.1250335064843616e-26,5,"[-5.2544337123478687e-05, 0.0012101961088492547, 0.04312719388794812, 0.33874107521182323, 1.0, 1]",0.0
0.0015999999999999903,0,1.2973289930353837e-05,-8.992766227397378e-09,-3.802191234029494e-26,5,"[-5.26242943887898e-05, 0.0012111720115354236, 0.043147367197769106, 0.33879877560850347, 1.0, 1]",0.0
0.0017749999999999988,0,1.3003160115313885e-05,-9.0238420166648e-09,-6.405589993439877e-26,5,"[-5.2704285999047736e-05, 0.0012121480831191907, 0.0431675415125827, 0.3388564861090259, 1.0, 1]",0.0
0.0019500000000000073,0,1.3033054589403443e-05,-9.054978832368448e-09,-1.0276885442766731e-25,5,"[-5.278431200788609e-05, 0.0012131243236492481, 0.04318771683203334, 0.33891420671574973, 1.0, 1]",0.0
0.002124999999999988,0,1.306297336112369e-05,-9.08617672947991e-09,-1.5834726064410848e-25,5,"[-5.286437246898282e-05, 0.0012141007331743095, 0.043207893155765245, 0.3389719374310348, 1.0, 1]",0.0
0.0022999999999999965,0,1.309291643897865e-05,-9.117435763028029e-09,-2.358157681195275e-25,5,"[-5.2944467436060175e-05, 0.0012150773117431074, 0.04322807048342232, 0.3390296782572416, 1.0, 1]",0.0
0.002475000000000005,0,1.3122883831475159e-05,-9.14875598809895e-09,-3.411369820060374e-25,5,"[-5.30245969628848e-05, 0.0012160540594043936, 0.04324824881464821, 0.3390874291967314, 1.0, 1]",0.0
0.0026499999999999857,0,1.3152875547122903e-05,-9.180137459836187e-09,-4.81281277262171e-25,5,"[-5.310476110326767e-05, 0.00121703097620694, 0.04326842814908626, 0.3391451902518661, 1.0, 1]",0.0
0.002824999999999994,0,1.3182891594434403e-05,-9.211580233440684e-09,-6.643222508224128e-25,5,"[-5.318495991106431e-05, 0.001218008062199538, 0.043288608486379554, 0.33920296142500833, 1.0, 1]",0.0
0.0030000000000000027,0,1.3212931981925023e-05,-9.243084364170853e-09,-8.995112689527422e-25,5,"[-5.326519344017464e-05, 0.0012189853174310004, 0.04330878982617091, 0.3392607427185215, 1.0, 1]",0.0
0.0031749999999999834,0,1.3242996718112953e-05,-9.274649907342634e-09,-1.1973780470160493e-24,5,"[-5.334546174454308e-05, 0.0012199627419501576, 0.043328972168102844, 0.3393185341347695, 1.0, 1]",0.0
0.003349999999999992,0,1.3273085811519237e-05,-9.306276918329568e-09,-1.5698130854367304e-24,5,"[-5.342576487815862e-05, 0.0012209403358058612, 0.043349155511817644, 0.3393763356761169, 1.0, 1]",0.0
0.0035250000000000004,0,1.3303199270667742e-05,-9.337965452562813e-09,-2.0301532611089044e-24,5,"[-5.35061028950547e-05, 0.0012219180990469811, 0.043369339856957206, 0.33943414734492916, 1.0, 1]",0.0
0.003699999999999981,0,1.3333337104085204e-05,-9.369715565531259e-09,-2.593283196022734e-24,5,"[-5.358647584930958e-05, 0.0012228960317224099, 0.04338952520316331, 0.3394919691435724, 1.0, 1]",0.0
0.0038749999999999896,0,1.3363499320301185e-05,-9.401527312781526e-09,-3.275716115507211e-24,5,"[-5.366688379504595e-05, 0.001223874133881058, 0.043409711550077355, 0.3395498010744134, 1.0, 1]",0.0
0.004049999999999998,0,1.3393685927848085e-05,-9.433400749918038e-09,-4.095696005717381e-24,5,"[-5.3747326786431213e-05, 0.0012248524055718552, 0.043429898897340474, 0.3396076431398195, 1.0, 1]",0.0
0.0042250000000000065,0,1.3423896935261157e-05,-9.465335932603091e-09,-5.073289121499352e-24,5,"[-5.3827804877677485e-05, 0.0012258308468437523, 0.043450087244593524, 0.3396654953421589, 1.0, 1]",0.0
0.004399999999999987,0,1.3454132351078493e-05,-9.497332916556896e-09,-6.230480227420727e-24,5,"[-5.390831812304159e-05, 0.001226809457745719, 0.0434702765914771, 0.33972335768380035, 1.0, 1]",0.0
0.004574999999999996,0,1.3484392183841055e-05,-9.529391757557649e-09,-7.591262527913804e-24,5,"[-5.3988866576825156e-05, 0.001227788238326747, 0.04349046693763152, 0.3397812301671135, 1.0, 1]",0.0
0.004750000000000004,0,1.3514676442092623e-05,-9.561512511441564e-09,-9.181752446537283e-24,5,"[-5.4069450293374535e-05, 0.0012287671886358454, 0.04351065828269678, 0.3398391127944684, 1.0, 1]",0.0
0.004924999999999985,0,1.3544985134379835e-05,-9.59369523410294e-09,-1.1030274822954028e-23,5,"[-5.415006932708094e-05, 0.0012297463087220448, 0.04353085062631268, 0.3398970055682361, 1.0, 1]",0.0
0.005099999999999993,0,1.3575318269252185e-05,-9.625939981494225e-09,-1.3167467042570561e-23,5,"[-5.4230723732380436e-05, 0.0012307255986343944, 0.04355104396811865, 0.33995490849078813, 1.0, 1]",0.0
0.005275000000000002,0,1.3605675855262014e-05,-9.658246809626057e-09,-1.5626381194024284e-23,5,"[-5.431141356375397e-05, 0.0012317050584219648, 0.04357123830775391, 0.34001282156449675, 1.0, 1]",0.0
0.005449999999999983,0,1.3636057900964511e-05,-9.690615774567323e-09,-1.844258662110116e-23,5,"[-5.439213887572739e-05, 0.0012326846881338454, 0.04359143364485737, 0.34007074479173505, 1.0, 1]",0.0
0.005624999999999991,0,1.3666464414917727e-05,-9.723046932445237e-09,-2.1654281546553803e-23,5,"[-5.447289972287156e-05, 0.0012336644878191464, 0.04361162997906766, 0.34012867817487663, 1.0, 1]",0.0
0.0058,0,1.3696895405682546e-05,-9.755540339445344e-09,-2.5302386157688287e-23,5,"[-5.455369615980223e-05, 0.0012346444575269963, 0.0436318273100231, 0.3401866217162957, 1.0, 1]",0.0
0.00597499999999998,0,1.3727350881822732e-05,-9.788096051811646e-09,-2.9430660541069486e-23,5,"[-5.463452824118029e-05, 0.0012356245973065467, 0.04365202563736185, 0.3402445754183676, 1.0, 1]",0.0
0.006149999999999989,0,1.3757830851904894e-05,-9.820714125846605e-09,-3.408580605114739e-23,5,"[-5.47153960217116e-05, 0.0012366049072069663, 0.04367222496072163, 0.34030253928346804, 1.0, 1]",0.0
0.006324999999999997,0,1.3788335324498487e-05,-9.853394617911209e-09,-3.9317578511797e-23,5,"[-5.47962995561471e-05, 0.0012375853872774445, 0.04369242527974, 0.3403605133139734, 1.0, 1]",0.0
0.006500000000000006,0,1.3818864308175832e-05,-9.886137584425039e-09,-4.5178896684692807e-23,5,"[-5.48772388992829e-05, 0.001238566037567192, 0.04371262659405418, 0.34041849751226083, 1.0, 1]",0.0
0.0066749999999999865,0,1.3849417811512112e-05,-9.91894308186632e-09,-5.172595152654416e-23,5,"[-5.495821410596021e-05, 0.0012395468581254377, 0.04373282890330114, 0.3404764918807081, 1.0, 1]",0.0
0.006849999999999995,0,1.3879995843085368e-05,-9.951811166771981e-09,-5.901832530709194e-23,5,"[-5.503922523106543e-05, 0.0012405278490014314, 0.04375303220711754, 0.34053449642169403, 1.0, 1]",0.0
0.0070250000000000035,0,1.391059841147648e-05,-9.984741895737702e-09,-6.7119113093688e-23,5,"[-5.51202723295302e-05, 0.0012415090102444427, 0.04377323650513978, 0.3405925111375974, 1.0, 1]",0.0
0.007199999999999984,0,1.3941225525269232e-05,-1.0017735325417979e-08,-7.60950036095379e-23,5,"[-5.520135545633139e-05, 0.001242490341903762, 0.043793441797003986, 0.34065053603079865, 1.0, 1]",0.0
0.007374999999999993,0,1.3971877193050223e-05,-1.005079151252618e-08,-8.601645238866965e-23,5,"[-5.5282474666491134e-05, 0.0012434718440286986, 0.04381364808234597, 0.34070857110367797, 1.0, 1]",0.0
0.007550000000000001,0,1.400255342340895e-05,-1.0083910513834595e-08,-9.695774764581927e-23,5,"[-5.536363001507691e-05, 0.0012444535166685829, 0.04383385536080131, 0.34076661635861694, 1.0, 1]",0.0
0.007724999999999982,0,1.4033254224937745e-05,-1.0117092386174484e-08,-1.089971593711419e-22,5,"[-5.544482155720148e-05, 0.0012454353598727633, 0.04385406363200524, 0.34082467179799736, 1.0, 1]",0.0
0.00789999999999999,0,1.406397960623184e-05,-1.0150337186436175e-08,-1.2221705095402982e-22,5,"[-5.552604934802313e-05, 0.001246417373690612, 0.0438742728955928, 0.34088273742420216, 1.0, 1]",0.0
0.008074999999999999,0,1.4094729575889309e-05,-1.0183644971569074e-08,-1.367040046119965e-22,5,"[-5.560731344274541e-05, 0.0012473995581715185, 0.043894483151198684, 0.3409408132396147, 1.0, 1]",0.0
0.008250000000000007,0,1.4125504142511091e-05,-1.0217015798581736e-08,-1.5254894484740815e-22,5,"[-5.5688613896617365e-05, 0.0012483819133648928, 0.04391469439845732, 0.3409988992466191, 1.0, 1]",0.0
0.008424999999999988,0,1.415630331470099e-05,-1.0250449724541913e-08,-1.6984725795991093e-22,5,"[-5.576995076493348e-05, 0.0012493644393201647, 0.043934906637002835, 0.3410569954476001, 1.0, 1]",0.0
0.008599999999999997,0,1.4187127101065705e-05,-1.0283946806576656e-08,-1.886989237862021e-22,5,"[-5.5851324103033864e-05, 0.0012503471360867857, 0.043955119866469106, 0.34111510184494315, 1.0, 1]",0.0
0.008775000000000005,0,1.4217975510214783e-05,-1.0317507101872312e-08,-2.092086415233444e-22,5,"[-5.593273396630405e-05, 0.0012513300037142261, 0.04397533408648974, 0.34117321844103465, 1.0, 1]",0.0
0.008949999999999986,0,1.4248848550760632e-05,-1.0351130667674605e-08,-2.314859634406895e-22,5,"[-5.601418041017517e-05, 0.0012523130422519761, 0.043995549296697994, 0.3412313452382613, 1.0, 1]",0.0
0.009124999999999994,0,1.4279746231318558e-05,-1.0384817561288715e-08,-2.5564541557559646e-22,5,"[-5.609566349012403e-05, 0.0012532962517495473, 0.04401576549672691, 0.3412894822390108, 1.0, 1]",0.0
0.009300000000000003,0,1.4310668560506722e-05,-1.0418567840079285e-08,-2.81806629473203e-22,5,"[-5.6177183261672996e-05, 0.0012542796322564701, 0.044035982686209216, 0.3413476294456714, 1.0, 1]",0.0
0.009474999999999983,0,1.4341615546946162e-05,-1.0452381561470533e-08,-3.100944920699973e-22,5,"[-5.625873978039016e-05, 0.001255263183822296, 0.044056200864777365, 0.3414057868606321, 1.0, 1]",0.0
0.009649999999999992,0,1.4372587199260794e-05,-1.0486258782946272e-08,-3.4063925889535816e-22,5,"[-5.634033310188931e-05, 0.001256246906496597, 0.04407642003206353, 0.34146395448628264, 1.0, 1]",0.0
0.009825,0,1.4403583526077414e-05,-1.0520199562049989e-08,-3.735767019829745e-22,5,"[-5.642196328183001e-05, 0.001257230800328964, 0.044096640187699605, 0.34152213232501333, 1.0, 1]",0.0
0.009999999999999981,0,1.443460453602566e-05,-1.0554203956384854e-08,-4.090482455549212e-22,5,"[-5.650363037591745e-05, 0.001258214865369008, 0.04411686133131715, 0.3415803203792152, 1.0, 1]",0.0
0.01017499999999999,0,1.4465650237738105e-05,-1.0588272023613873e-08,-4.472010965781388e-22,5,"[-5.658533443990289e-05, 0.0012591991016663627, 0.044137083462547536, 0.34163851865128025, 1.0, 1]",0.0
0.010349999999999998,0,1.4496720639850167e-05,-1.0622403821459853e-08,-4.881883962257274e-22,5,"[-5.666707552958323e-05, 0.00126018350927068, 0.0441573065810218, 0.341696727143601, 1.0, 1]",0.0
0.010525000000000007,0,1.4527815751000134e-05,-1.0656599407705484e-08,-5.321693524055787e-22,5,"[-5.674885370080129e-05, 0.0012611680882316319, 0.04417753068637067, 0.3417549458585704, 1.0, 1]",0.0
0.010699999999999987,0,1.4558935579829183e-05,-1.069085884019342e-08,-5.793093900383785e-22,5,"[-5.68306690094458e-05, 0.0012621528385989111, 0.044197755778224615, 0.3418131747985825, 1.0, 1]",0.0
0.010874999999999996,0,1.4590080134981386e-05,-1.0725182176826322e-08,-6.297802827973778e-22,5,"[-5.6912521511451435e-05, 0.0012631377604222303, 0.044217981856213825, 0.34187141396603177, 1.0, 1]",0.0
0.011050000000000004,0,1.462124942510369e-05,-1.0759569475566916e-08,-6.83760308513991e-22,5,"[-5.699441126279888e-05, 0.0012641228537513237, 0.04423820891996821, 0.3419296633633136, 1.0, 1]",0.0
0.011224999999999985,0,1.4652443458845918e-05,-1.0794020794438046e-08,-7.414343978780769e-22,5,"[-5.707633831951477e-05, 0.0012651081186359444, 0.04425843696911737, 0.34198792299282404, 1.0, 1]",0.0
0.011399999999999993,0,1.4683662244860771e-05,-1.082853619152273e-08,-8.029942776161926e-22,5,"[-5.715830273767181e-05, 0.0012660935551258657, 0.044278666003290654, 0.34204619285695964, 1.0, 1]",0.0
0.011575000000000002,0,1.4714905791803855e-05,-1.0863115724964233e-08,-8.68638614458709e-22,5,"[-5.724030457338876e-05, 0.0012670791632708818, 0.04429889602211708, 0.34210447295811797, 1.0, 1]",0.0
0.011749999999999983,0,1.4746174108333659e-05,-1.0897759452966106e-08,-9.385731717287003e-22,5,"[-5.7322343882830555e-05, 0.0012680649431208077, 0.044319127025225453, 0.342162763298697, 1.0, 1]",0.0
0.011924999999999991,0,1.4777467203111533e-05,-1.0932467433792254e-08,-1.0130109769748865e-21,5,"[-5.740442072220815e-05, 0.0012690508947254772, 0.04433935901224422, 0.3422210638810955, 1.0, 1]",0.0
0.0121,0,1.4808785084801754e-05,-1.0967239725767004e-08,-1.0921724450339345e-21,5,"[-5.7486535147778825e-05, 0.0012700370181347464, 0.04435959198280158, 0.34227937470771325, 1.0, 1]",0.0
0.01227499999999998,0,1.4840127762071447e-05,-1.1002076387275114e-08,-1.1762855551297314e-21,5,"[-5.756868721584587e-05, 0.001271023313398489, 0.044379825936525424, 0.3423376957809499, 1.0, 1]",0.0
0.012449999999999989,0,1.4871495243590661e-05,-1.1036977476761917e-08,-1.2655860086455653e-21,5,"[-5.765087698275903e-05, 0.0012720097805666022, 0.0444000608730434, 0.34239602710320693, 1.0, 1]",0.0
0.012500000000000067,0,1.48804619382638e-05,-1.1046961058511586e-08,-1.2920870866981073e-21,5,"[-5.767436670547456e-05, 0.0012722916599101782, 0.044405842463938194, 0.3424126950780897, 1.0, 1]",0.0
0.012624999999999997,0,1.4902887538032328e-05,-1.1071943052733303e-08,-1.3603173707246583e-21,5,"[-5.773310450491422e-05, 0.0012729964196890012, 0.04442029679198284, 0.3424543686768857, 1.0, 1]",0.0
0.012800000000000006,0,1.4934304654072267e-05,-1.1106973173755809e-08,-1.460731246186148e-21,5,"[-5.7815369838753685e-05, 0.0012739832308156238, 0.04444053369297079, 0.34251272050438875, 1.0, 1]",0.0
0.012974999999999987,0,1.4965746600389175e-05,-1.1142067898456653e-08,-1.567087435325116e-21,5,"[-5.789767304076595e-05, 0.0012749702139964255, 0.04446077157563401, 0.34257108258811875, 1.0, 1]",0.0
0.013149999999999995,0,1.4997213385664667e-05,-1.117722728552383e-08,-1.6796540905014785e-21,5,"[-5.7980014167485995e-05, 0.0012759573692813831, 0.04448101043959898, 0.34262945493047964, 1.0, 1]",0.0
0.013325000000000004,0,1.5028705018583243e-05,-1.1212451393706156e-08,-1.7987078948169803e-21,5,"[-5.8062393275495185e-05, 0.0012769446967204954, 0.04450125028449189, 0.34268783753387594, 1.0, 1]",0.0
0.013499999999999984,0,1.5060221507832286e-05,-1.124774028181328e-08,-1.9245342052934497e-21,5,"[-5.814481042142127e-05, 0.001277932196363779, 0.04452149110993863, 0.34274623040071234, 1.0, 1]",0.0
0.013674999999999993,0,1.5091762862102113e-05,-1.1283094008715856e-08,-2.0574272496935943e-21,5,"[-5.822726566193865e-05, 0.001278919868261274, 0.04454173291556486, 0.34280463353339535, 1.0, 1]",0.0
0.013850000000000001,0,1.5123329090085893e-05,-1.1318512633345453e-08,-2.1976902641772287e-21,5,"[-5.8309759053767995e-05, 0.0012799077124630376, 0.044561975700995876, 0.34286304693433095, 1.0, 1]",0.0
0.014024999999999982,0,1.5154920200479725e-05,-1.135399621469473e-08,-2.3456356865721966e-21,5,"[-5.839229065367669e-05, 0.0012808957290191497, 0.04458221946585672, 0.34292147060592665, 1.0, 1]",0.0
0.01419999999999999,0,1.5186536201982587e-05,-1.1389544811817435e-08,-2.5015853133576907e-21,5,"[-5.847486051847862e-05, 0.0012818839179797095, 0.04460246420977217, 0.34297990455059013, 1.0, 1]",0.0
0.014374999999999999,0,1.5218177103296388e-05,-1.142515848382851e-08,-2.6658704838632743e-21,5,"[-5.8557468705034374e-05, 0.0012828722793948387, 0.0446227099323667, 0.3430383487707306, 1.0, 1]",0.0
0.014550000000000007,0,1.52498429131259e-05,-1.1460837289904084e-08,-2.8388322482962537e-21,5,"[-5.864011527025108e-05, 0.0012838608133146764, 0.04464295663326449, 0.34309680326875697, 1.0, 1]",0.0
0.014724999999999988,0,1.5281533640178817e-05,-1.1496581289281573e-08,-3.020821539713356e-21,5,"[-5.872280027108257e-05, 0.0012848495197893836, 0.0446632043120894, 0.3431552680470794, 1.0, 1]",0.0
0.014899999999999997,0,1.531324929316575e-05,-1.1532390541259771e-08,-3.212199365713929e-21,5,"[-5.880552376452946e-05, 0.0012858383988691433, 0.04468345296846509, 0.34321374310810887, 1.0, 1]",0.0
0.015075000000000005,0,1.5344989880800186e-05,-1.1568265105198827e-08,-3.4133369701564265e-21,5,"[-5.888828580763902e-05, 0.0012868274506041561, 0.044703702602014846, 0.3432722284542566, 1.0, 1]",0.0
0.015249999999999986,0,1.5376755411798527e-05,-1.160420504052036e-08,-3.624616031556926e-21,5,"[-5.8971086457505314e-05, 0.0012878166750446454, 0.04472395321236171, 0.34333072408793497, 1.0, 1]",0.0
0.015424999999999994,0,1.540854589488011e-05,-1.1640210406707536e-08,-3.8464288267777666e-21,5,"[-5.905392577126931e-05, 0.0012888060722408541, 0.044744204799128426, 0.34338923001155675, 1.0, 1]",0.0
0.015600000000000003,0,1.544036133876713e-05,-1.167628126330505e-08,-4.079178434553663e-21,5,"[-5.913680380611872e-05, 0.0012897956422430455, 0.04476445736193745, 0.34344774622753554, 1.0, 1]",0.0
0.015774999999999983,0,1.5472201752184725e-05,-1.1712417669919264e-08,-4.3232789035190775e-21,5,"[-5.9219720619288196e-05, 0.0012907853851015045, 0.044784710900410946, 0.3435062727382858, 1.0, 1]",0.0
0.015949999999999992,0,1.550406714386094e-05,-1.174861968621822e-08,-4.579155445479142e-21,5,"[-5.930267626805929e-05, 0.001291775300866535, 0.04480496541417079, 0.3435648095462225, 1.0, 1]",0.0
0.016125,0,1.553595752252671e-05,-1.1784887371931719e-08,-4.847244633413747e-21,5,"[-5.9385670809760497e-05, 0.0012927653895884628, 0.044825220902838574, 0.34362335665376126, 1.0, 1]",0.0
0.01629999999999998,0,1.5567872896915894e-05,-1.1821220786851357e-08,-5.127994575815797e-21,5,"[-5.9468704301767285e-05, 0.001293755651317633, 0.044845477366035585, 0.3436819140633186, 1.0, 1]",0.0
0.01647499999999999,0,1.5599813275765272e-05,-1.1857619990830626e-08,-5.421865115484165e-21,5,"[-5.955177680150218e-05, 0.001294746086104413, 0.044865734803382844, 0.34374048177731165, 1.0, 1]",0.0
0.016649999999999998,0,1.5631778667814533e-05,-1.1894085043784936e-08,-5.7293280220057474e-21,5,"[-5.963488836643476e-05, 0.0012957366939991893, 0.044885993214501096, 0.34379905979815834, 1.0, 1]",0.0
0.016825000000000007,0,1.5663769081806272e-05,-1.1930616005691689e-08,-6.0508671968593035e-21,5,"[-5.971803905408168e-05, 0.0012967274750523704, 0.04490625259901073, 0.34385764812827724, 1.0, 1]",0.0
0.016999999999999987,0,1.5695784526485996e-05,-1.1967212936590315e-08,-6.386978846175992e-21,5,"[-5.980122892200666e-05, 0.0012977184293143829, 0.044926512956531925, 0.34391624677008753, 1.0, 1]",0.0
0.017174999999999996,0,1.572782501060214e-05,-1.2003875896582376e-08,-6.7381717039870064e-21,5,"[-5.988445802782064e-05, 0.0012987095568356764, 0.0449467742866845, 0.3439748557260092, 1.0, 1]",0.0
0.017350000000000004,0,1.5759890542906056e-05,-1.2040604945831598e-08,-7.104967214450447e-21,5,"[-5.996772642918177e-05, 0.001299700857666721, 0.04496703658908805, 0.3440334749984631, 1.0, 1]",0.0
0.017524999999999985,0,1.5791981132152002e-05,-1.2077400144563913e-08,-7.487899739321735e-21,5,"[-6.0051034183795305e-05, 0.0013006923318580063, 0.04498729986336181, 0.3440921045898705, 1.0, 1]",0.0
0.017699999999999994,0,1.582409678709717e-05,-1.211426155306756e-08,-7.887516763057452e-21,5,"[-6.013438134941389e-05, 0.0013016839794600425, 0.04500756410912479, 0.3441507445026535, 1.0, 1]",0.0
0.017875000000000002,0,1.585623751650166e-05,-1.2151189231693117e-08,-8.30437909713031e-21,5,"[-6.021776798383742e-05, 0.001302675800523362, 0.04502782932599569, 0.3442093947392349, 1.0, 1]",0.0
0.018049999999999983,0,1.58884033291285e-05,-1.2188183240853557e-08,-8.739061078033245e-21,5,"[-6.030119414491307e-05, 0.001303667795098516, 0.045048095513592866, 0.3442680553020384, 1.0, 1]",0.0
0.01822499999999999,0,1.5920594233743636e-05,-1.2225243641024334e-08,-9.19215078816046e-21,5,"[-6.038465989053543e-05, 0.0013046599632360778, 0.045068362671534454, 0.3443267261934882, 1.0, 1]",0.0
0.0184,0,1.5952810239115946e-05,-1.2262370492743416e-08,-9.664250252233805e-21,5,"[-6.046816527864647e-05, 0.0013056523049866414, 0.045088630799438284, 0.34438540741600915, 1.0, 1]",0.0
0.01857499999999998,0,1.5985051354017203e-05,-1.2299563856611334e-08,-1.0155975655817232e-20,5,"[-6.0551710367235524e-05, 0.0013066448204008196, 0.04510889989692185, 0.3444440989720269, 1.0, 1]",0.0
0.01874999999999999,0,1.601731758722215e-05,-1.2336823793291315e-08,-1.0667957563831278e-20,5,"[-6.063529521433955e-05, 0.0013076375095292482, 0.045129169963602424, 0.344502800863968, 1.0, 1]",0.0
0.018924999999999997,0,1.604960894750843e-05,-1.2374150363509245e-08,-1.1200841113035121e-20,5,"[-6.0718919878042855e-05, 0.0013086303724225833, 0.04514944099909693, 0.3445615130942595, 1.0, 1]",0.0
0.019100000000000006,0,1.6081925443656614e-05,-1.2411543628053788e-08,-1.1755286253418014e-20,5,"[-6.0802584416477334e-05, 0.0013096234091315006, 0.04516971300302203, 0.3446202356653292, 1.0, 1]",0.0
0.019274999999999987,0,1.61142670844502e-05,-1.2449003647776424e-08,-1.2331967951725406e-20,5,"[-6.088628888782244e-05, 0.0013106166197066973, 0.045189985974994074, 0.34467896857960556, 1.0, 1]",0.0
0.019449999999999995,0,1.6146633878675614e-05,-1.248653048359152e-08,-1.2931576416284293e-20,5,"[-6.0970033350305225e-05, 0.0013116100041988907, 0.04521025991462914, 0.3447377118395179, 1.0, 1]",0.0
0.019625000000000004,0,1.6179025835122218e-05,-1.2524124196476396e-08,-1.3554817320250858e-20,5,"[-6.105381786220037e-05, 0.0013126035626588207, 0.045230534821542996, 0.3447964654474961, 1.0, 1]",0.0
0.019799999999999984,0,1.6211442962582302e-05,-1.2561784847471354e-08,-1.4202412005136583e-20,5,"[-6.113764248183026e-05, 0.0013135972951372457, 0.04525081069535113, 0.3448552294059709, 1.0, 1]",0.0
0.019974999999999993,0,1.6243885269851095e-05,-1.2599512497679782e-08,-1.487509773482146e-20,5,"[-6.122150726756495e-05, 0.0013145912016849462, 0.04527108753566874, 0.3449140037173736, 1.0, 1]",0.0
0.02015,0,1.6276352765726743e-05,-1.2637307208268174e-08,-1.5573627903024414e-20,5,"[-6.130541227782224e-05, 0.0013155852823527232, 0.04529136534211071, 0.3449727883841362, 1.0, 1]",0.0
0.020324999999999982,0,1.6308845459010337e-05,-1.2675169040466217e-08,-1.62987722652284e-20,5,"[-6.138935757106774e-05, 0.0013165795371913984, 0.04531164411429165, 0.3450315834086918, 1.0, 1]",0.0
0.02049999999999999,0,1.63413633585059e-05,-1.2713098055566836e-08,-1.7051317169027797e-20,5,"[-6.147334320581481e-05, 0.0013175739662518145, 0.045331923851825884, 0.34509038879347365, 1.0, 1]",0.0
0.020675,0,1.6373906473020388e-05,-1.2751094314926262e-08,-1.7832065784475784e-20,5,"[-6.155736924062464e-05, 0.001318568569584834, 0.0453522045543274, 0.345149204540916, 1.0, 1]",0.0
0.020850000000000007,0,1.6406474811363704e-05,-1.278915787996411e-08,-1.86418383431092e-20,5,"[-6.164143573410642e-05, 0.0013195633472413426, 0.04537248622140996, 0.3452080306534539, 1.0, 1]",0.0
0.021024999999999988,0,1.6439068382348672e-05,-1.2827288812163384e-08,-1.948147236119618e-20,5,"[-6.172554274491715e-05, 0.001320558299272245, 0.04539276885268699, 0.345266867133523, 1.0, 1]",0.0
0.021199999999999997,0,1.647168719479108e-05,-1.2865487173070614e-08,-2.035182288349417e-20,5,"[-6.180969033176181e-05, 0.0013215534257284675, 0.045413052447771635, 0.3453257139835598, 1.0, 1]",0.0
0.021375000000000005,0,1.6504331257509633e-05,-1.2903753024295848e-08,-2.1253762723852508e-20,5,"[-6.189387855339334e-05, 0.0013225487266609564, 0.04543333700627671, 0.34538457120600125, 1.0, 1]",0.0
0.021549999999999986,0,1.6537000579325973e-05,-1.2942086427512736e-08,-2.2188182697926388e-20,5,"[-6.197810746861267e-05, 0.0013235442021206794, 0.0454536225278148, 0.345443438803285, 1.0, 1]",0.0
0.021724999999999994,0,1.6569695169064705e-05,-1.2980487444458621e-08,-2.3155991873245768e-20,5,"[-6.206237713626886e-05, 0.0013245398521586251, 0.045473909011998125, 0.3455023167778498, 1.0, 1]",0.0
0.021900000000000003,0,1.6602415035553368e-05,-1.3018956136934575e-08,-2.4158117813762252e-20,5,"[-6.214668761525904e-05, 0.001325535676825804, 0.04549419645843869, 0.34556120513213484, 1.0, 1]",0.0
0.022074999999999984,0,1.663516018762243e-05,-1.3057492566805428e-08,-2.5195506812563055e-20,5,"[-6.223103896452838e-05, 0.0013265316761732454, 0.045514484866748126, 0.3456201038685801, 1.0, 1]",0.0
0.022249999999999992,0,1.6667930634105336e-05,-1.3096096795999897e-08,-2.626912414193991e-20,5,"[-6.231543124307032e-05, 0.0013275278502520014, 0.04553477423653783, 0.3456790129896262, 1.0, 1]",0.0
0.022425,0,1.6700726383838434e-05,-1.3134768886510579e-08,-2.737995432791267e-20,5,"[-6.23998645099264e-05, 0.001328524199113144, 0.04555506456741887, 0.3457379324977147, 1.0, 1]",0.0
0.02259999999999998,0,1.6733547445661052e-05,-1.3173508900394067e-08,-2.852900136479945e-20,5,"[-6.248433882418639e-05, 0.001329520722807766, 0.04557535585900203, 0.34579686239528745, 1.0, 1]",0.0
0.02277499999999999,0,1.676639382841546e-05,-1.3212316899770981e-08,-2.9717288981062795e-20,5,"[-6.256885424498847e-05, 0.0013305174213869826, 0.0455956481108978, 0.3458558026847874, 1.0, 1]",0.0
0.022949999999999998,0,1.6799265540946856e-05,-1.3251192946826012e-08,-3.0945860906733484e-20,5,"[-6.26534108315188e-05, 0.001331514294901927, 0.04561594132271634, 0.34591475336865796, 1.0, 1]",0.0
0.023125000000000007,0,1.6832162592103417e-05,-1.3290137103808058e-08,-3.2215781118746295e-20,5,"[-6.273800864301226e-05, 0.0013325113434037579, 0.04563623549406761, 0.34597371444934377, 1.0, 1]",0.0
0.023299999999999987,0,1.686508499073626e-05,-1.332914943303019e-08,-3.35281340870646e-20,5,"[-6.282264773875184e-05, 0.0013335085669436517, 0.04565653062456119, 0.34603268592928954, 1.0, 1]",0.0
0.023474999999999996,0,1.6898032745699442e-05,-1.3368229996869783e-08,-3.488402506892549e-20,5,"[-6.290732817806899e-05, 0.0013345059655728061, 0.04567682671380636, 0.346091667810941, 1.0, 1]",0.0
0.023650000000000004,0,1.6931005865849982e-05,-1.3407378857768528e-08,-3.6284580327354235e-20,5,"[-6.29920500203436e-05, 0.0013355035393424403, 0.04569712376141217, 0.34615066009674467, 1.0, 1]",0.0
0.023824999999999985,0,1.696400436004784e-05,-1.3446596078232519e-08,-3.773094742856485e-20,5,"[-6.3076813325004e-05, 0.0013365012883037942, 0.045717421766987267, 0.3462096627891475, 1.0, 1]",0.0
0.02388888888888896,0,1.6976057753833567e-05,-1.3460930522384695e-08,-3.827063064638278e-20,5,"[-6.310776900177903e-05, 0.0013368655895256588, 0.045724832388606015, 0.34623120604823726, 1.0, 1]",0.0
0.023999999999999994,0,1.699702823715596e-05,-1.3485881720832341e-08,-3.922429548887356e-20,5,"[-6.31616181515271e-05, 0.0013374992125081294, 0.045737720730140145, 0.34626867589059745, 1.0, 1]",0.0
0.024175000000000002,0,1.7030077506040222e-05,-1.3525235848203083e-08,-4.07658154492224e-20,5,"[-6.324646455943836e-05, 0.0013384973120067285, 0.04575802065047888, 0.34632769940354324, 1.0, 1]",0.0
0.024349999999999983,0,1.7063152175569447e-05,-1.3564658523044408e-08,-4.2356720352858233e-20,5,"[-6.333135260831166e-05, 0.0013394955868508934, 0.045778321527611306, 0.346386733330434, 1.0, 1]",0.0
0.02452499999999999,0,1.7096252254615444e-05,-1.3604149808120646e-08,-4.39982455890908e-20,5,"[-6.341628235776964e-05, 0.00134049403709195, 0.04579862336114494, 0.34644577767371976, 1.0, 1]",0.0
0.0247,0,1.7129377752052954e-05,-1.3643709766260821e-08,-4.569164920015959e-20,5,"[-6.350125386748357e-05, 0.0013414926627812426, 0.045818926150687014, 0.34650483243585134, 1.0, 1]",0.0
0.02487499999999998,0,1.716252867675969e-05,-1.3683338460358735e-08,-4.7438212131302746e-20,5,"[-6.35862671971733e-05, 0.0013424914639701378, 0.04583922989584446, 0.34656389761928, 1.0, 1]",0.0
0.02504999999999999,0,1.719570503761635e-05,-1.3723035953373038e-08,-4.923923851238043e-20,5,"[-6.367132240660759e-05, 0.001343490440710024, 0.04585953459622394, 0.3466229732264582, 1.0, 1]",0.0
0.025224999999999997,0,1.7228906843506536e-05,-1.3762802308327244e-08,-5.109605595921966e-20,5,"[-6.375641955560376e-05, 0.001344489593052309, 0.04587984025143176, 0.34668205925983875, 1.0, 1]",0.0
0.025400000000000006,0,1.726213410331687e-05,-1.380263758830984e-08,-5.301001580317286e-20,5,"[-6.384155870402804e-05, 0.0013454889210484237, 0.04590014686107398, 0.3467411557218752, 1.0, 1]",0.0
0.025574999999999987,0,1.7295386825936896e-05,-1.3842541856474325e-08,-5.498249343348347e-20,5,"[-6.39267399117954e-05, 0.0013464884247498176, 0.04592045442475633, 0.34680026261502195, 1.0, 1]",0.0
0.025749999999999995,0,1.7328665020259154e-05,-1.3882515176039294e-08,-5.701488854025512e-20,5,"[-6.401196323886976e-05, 0.0013474881042079643, 0.045940762942084254, 0.3468593799417342, 1.0, 1]",0.0
0.025925000000000004,0,1.7361968695179117e-05,-1.3922557610288456e-08,-5.910862542210738e-20,5,"[-6.409722874526381e-05, 0.0013484879594743559, 0.045961072412662916, 0.34691850770446747, 1.0, 1]",0.0
0.026099999999999984,0,1.7395297859595247e-05,-1.3962669222570739e-08,-6.126515325438847e-20,5,"[-6.418253649103929e-05, 0.001349487990600507, 0.045981382836097116, 0.3469776459056785, 1.0, 1]",0.0
0.026274999999999993,0,1.742865252240898e-05,-1.4002850076300347e-08,-6.348594639130896e-20,5,"[-6.426788653630686e-05, 0.0013504881976379533, 0.046001694211991455, 0.3470367945478244, 1.0, 1]",0.0
0.02645,0,1.7462032692524692e-05,-1.4043100234956791e-08,-6.577250467201986e-20,5,"[-6.435327894122614e-05, 0.0013514885806382515, 0.04602200653995016, 0.3470959536333632, 1.0, 1]",0.0
0.026624999999999982,0,1.7495438378849745e-05,-1.4083419762084978e-08,-6.812635368566982e-20,5,"[-6.443871376600586e-05, 0.0013524891396529792, 0.046042319819577175, 0.3471551231647535, 1.0, 1]",0.0
0.02679999999999999,0,1.7528869590294485e-05,-1.4123808721295306e-08,-7.054904509799359e-20,5,"[-6.452419107090376e-05, 0.001353489874733736, 0.04606263405047616, 0.3472143031444549, 1.0, 1]",0.0
0.026975,0,1.7562326335772206e-05,-1.4164267176263628e-08,-7.304215691163609e-20,5,"[-6.460971091622673e-05, 0.0013544907859321417, 0.046082949232250474, 0.3472734935749273, 1.0, 1]",0.0
0.027150000000000007,0,1.7595808624199176e-05,-1.4204795190731405e-08,-7.560729380378489e-20,5,"[-6.469527336233075e-05, 0.0013554918732998375, 0.04610326536450314, 0.3473326944586316, 1.0, 1]",0.0
0.027324999999999988,0,1.7629316464494655e-05,-1.4245392828505746e-08,-7.824608740542697e-20,5,"[-6.478087846962106e-05, 0.0013564931368884874, 0.04612358244683695, 0.3473919057980294, 1.0, 1]",0.0
0.027499999999999997,0,1.766284986558087e-05,-1.4286060153459461e-08,-8.096019661610423e-20,5,"[-6.486652629855207e-05, 0.0013574945767497748, 0.04614390047885435, 0.3474511275955832, 1.0, 1]",0.0
0.027675000000000005,0,1.7696408836383013e-05,-1.4326797229531115e-08,-8.37513079021029e-20,5,"[-6.495221690962744e-05, 0.0013584961929354053, 0.046164219460157495, 0.3475103598537559, 1.0, 1]",0.0
0.027849999999999986,0,1.7729993385829242e-05,-1.4367604120725086e-08,-8.662113561357563e-20,5,"[-6.503795036340002e-05, 0.0013594979854971037, 0.046184539390348195, 0.34756960257501107, 1.0, 1]",0.0
0.028024999999999994,0,1.7763603522850743e-05,-1.4408480891111705e-08,-8.95714222843086e-20,5,"[-6.512372672047219e-05, 0.0013604999544866202, 0.046204860269028064, 0.34762885576181346, 1.0, 1]",0.0
0.028200000000000003,0,1.7797239256381626e-05,-1.4449427604827168e-08,-9.260393893148874e-20,5,"[-6.52095460414955e-05, 0.0013615020999557224, 0.046225182095798324, 0.3476881194166281, 1.0, 1]",0.0
0.028374999999999984,0,1.7830900595358997e-05,-1.4490444326073762e-08,-9.572048542646828e-20,5,"[-6.529540838717098e-05, 0.0013625044219562012, 0.04624550487025993, 0.347747393541921, 1.0, 1]",0.0
0.028549999999999992,0,1.7864587548722955e-05,-1.4531531119119822e-08,-9.892289073142307e-20,5,"[-6.538131381824909e-05, 0.0013635069205398676, 0.046265828592013544, 0.34780667814015886, 1.0, 1]",0.0
0.028725,0,1.7898300125416575e-05,-1.4572688048299834e-08,-1.0221301327879463e-19,5,"[-6.546726239552973e-05, 0.001364509595758556, 0.046286153260659504, 0.3478659732138089, 1.0, 1]",0.0
0.02889999999999998,0,1.7932038334385888e-05,-1.461391517801447e-08,-1.0559274126395762e-19,5,"[-6.555325417986226e-05, 0.001365512447664119, 0.046306478875797856, 0.3479252787653394, 1.0, 1]",0.0
0.02907499999999999,0,1.796580218457996e-05,-1.4655212572730705e-08,-1.0906399295997524e-19,5,"[-6.563928923214568e-05, 0.0013665154763084335, 0.04632680543702835, 0.3479845947972191, 1.0, 1]",0.0
0.029249999999999998,0,1.7999591684950802e-05,-1.469658029698182e-08,-1.1262871706785357e-19,5,"[-6.572536761332848e-05, 0.0013675186817433964, 0.04634713294395045, 0.3480439213119177, 1.0, 1]",0.0
0.029425000000000007,0,1.8033406844453402e-05,-1.473801841536749e-08,-1.1628889304076333e-19,5,"[-6.581148938440873e-05, 0.001368522064020925, 0.04636746139616327, 0.34810325831190525, 1.0, 1]",0.0
0.029599999999999987,0,1.806724767204577e-05,-1.4779526992553873e-08,-1.2004653137591845e-19,5,"[-6.589765460643425e-05, 0.0013695256231929598, 0.046387790793265674, 0.3481626057996529, 1.0, 1]",0.0
0.029774999999999996,0,1.8101114176688894e-05,-1.4821106093273637e-08,-1.2390367397902982e-19,5,"[-6.59838633405025e-05, 0.0013705293593114628, 0.046408121134856206, 0.34822196377763254, 1.0, 1]",0.0
0.029950000000000004,0,1.813500636734673e-05,-1.486275578232602e-08,-1.2786239449326024e-19,5,"[-6.607011564776061e-05, 0.001371533272428415, 0.04642845242053311, 0.3482813322483164, 1.0, 1]",0.0
0.030124999999999985,0,1.8168924252986228e-05,-1.4904476124576913e-08,-1.3192479862186858e-19,5,"[-6.615641158940546e-05, 0.0013725373625958213, 0.04644878464989429, 0.3483407112141779, 1.0, 1]",0.0
0.030299999999999994,0,1.8202867842577355e-05,-1.4946267184958948e-08,-1.360930244721531e-19,5,"[-6.62427512266838e-05, 0.0013735416298657067, 0.046469117822537424, 0.3484001006776908, 1.0, 1]",0.0
0.030475000000000002,0,1.8236837145093036e-05,-1.49881290284715e-08,-1.40369242904128e-19,5,"[-6.632913462089213e-05, 0.001374546074290118, 0.04648945193805981, 0.34845950064132986, 1.0, 1]",0.0
0.030649999999999983,0,1.8270832169509208e-05,-1.5030061720180793e-08,-1.4475565784370118e-19,5,"[-6.641556183337683e-05, 0.0013755506959211236, 0.04650978699605849, 0.34851891110757055, 1.0, 1]",0.0
0.03082499999999999,0,1.830485292480479e-05,-1.5072065325219956e-08,-1.4925450665580542e-19,5,"[-6.650203292553416e-05, 0.0013765554948108126, 0.04653012299613018, 0.3485783320788887, 1.0, 1]",0.0
0.031,0,1.8338899419961712e-05,-1.51141399087891e-08,-1.5386806047098687e-19,5,"[-6.658854795881039e-05, 0.001377560471011297, 0.04655045993787132, 0.3486377635577616, 1.0, 1]",0.0
0.03117499999999998,0,1.8372971663964867e-05,-1.5156285536155314e-08,-1.5859862453565922e-19,5,"[-6.667510699470157e-05, 0.0013785656245747077, 0.046570797820878, 0.3486972055466664, 1.0, 1]",0.0
0.03134999999999999,0,1.840706966580218e-05,-1.5198502272652844e-08,-1.6344853857103546e-19,5,"[-6.676171009475399e-05, 0.0013795709555532, 0.04659113664474605, 0.34875665804808154, 1.0, 1]",0.0
0.031525,0,1.8441193434464564e-05,-1.524079018368308e-08,-1.684201771249598e-19,5,"[-6.684835732056385e-05, 0.0013805764639989498, 0.046611476409071005, 0.34881612106448623, 1.0, 1]",0.0
0.031700000000000006,0,1.847534297894592e-05,-1.52831493347146e-08,-1.7351594989060752e-19,5,"[-6.693504873377743e-05, 0.0013815821499641534, 0.04663181711344804, 0.3488755945983601, 1.0, 1]",0.0
0.03187499999999999,0,1.8509518308243145e-05,-1.5325579791283303e-08,-1.7873830212458122e-19,5,"[-6.702178439609117e-05, 0.0013825880135010292, 0.04665215875747206, 0.34893507865218365, 1.0, 1]",0.0
0.032049999999999995,0,1.8543719431356162e-05,-1.5368081618992436e-08,-1.8408971495614431e-19,5,"[-6.710856436925163e-05, 0.0013835940546618184, 0.0466725013407377, 0.34899457322843824, 1.0, 1]",0.0
0.032225000000000004,0,1.8577946357287858e-05,-1.541065488351262e-08,-1.8957270574930816e-19,5,"[-6.71953887150555e-05, 0.001384600273498781, 0.046692844862839214, 0.34905407832960567, 1.0, 1]",0.0
0.032399999999999984,0,1.861219909504415e-05,-1.5453299650582007e-08,-1.951898285098843e-19,5,"[-6.728225749534981e-05, 0.0013856066700642018, 0.04671318932337061, 0.34911359395816877, 1.0, 1]",0.0
0.03257499999999999,0,1.8646477653633965e-05,-1.549601598600628e-08,-2.0094367418761822e-19,5,"[-6.73691707720318e-05, 0.0013866132444103846, 0.046733534721925575, 0.34917312011661095, 1.0, 1]",0.0
0.03275,0,1.86807820420692e-05,-1.553880395565871e-08,-2.0683687110690733e-19,5,"[-6.745612860704892e-05, 0.0013876199965896555, 0.046753881058097496, 0.3492326568074163, 1.0, 1]",0.0
0.03292499999999998,0,1.8715112269364774e-05,-1.5581663625480232e-08,-2.1287208526893478e-19,5,"[-6.754313106239905e-05, 0.0013886269266543624, 0.04677422833147943, 0.34929220403306965, 1.0, 1]",0.0
0.03309999999999999,0,1.8749468344538627e-05,-1.5624595061479556e-08,-2.1905202078633173e-19,5,"[-6.763017820013043e-05, 0.0013896340346568749, 0.04679457654166415, 0.34935176179605687, 1.0, 1]",0.0
0.033275,0,1.8783850276611702e-05,-1.5667598329733174e-08,-2.253794202105547e-19,5,"[-6.771727008234171e-05, 0.0013906413206495841, 0.04681492568824413, 0.34941133009886405, 1.0, 1]",0.0
0.03345000000000001,0,1.8818258074607923e-05,-1.5710673496385424e-08,-2.318570649381489e-19,5,"[-6.780440677118189e-05, 0.0013916487846849027, 0.046835275770811535, 0.34947090894397853, 1.0, 1]",0.0
0.03362499999999999,0,1.885269174755424e-05,-1.5753820627648584e-08,-2.3848777557441307e-19,5,"[-6.789158832885051e-05, 0.0013926564268152638, 0.04685562678895817, 0.34953049833388794, 1.0, 1]",0.0
0.0338,0,1.8887151304480647e-05,-1.5797039789802966e-08,-2.452744123010088e-19,5,"[-6.797881481759772e-05, 0.0013936642470931257, 0.04687597874227565, 0.34959009827108095, 1.0, 1]",0.0
0.033975000000000005,0,1.8921636754420103e-05,-1.5840331049196896e-08,-2.522198752980009e-19,5,"[-6.806608629972408e-05, 0.0013946722455709642, 0.046896331630355184, 0.34964970875804685, 1.0, 1]",0.0
0.034149999999999986,0,1.895614810640859e-05,-1.5883694472246815e-08,-2.593271050783346e-19,5,"[-6.815340283758078e-05, 0.0013956804223012789, 0.04691668545278772, 0.3497093297972757, 1.0, 1]",0.0
0.034324999999999994,0,1.899068536948512e-05,-1.5927130125437396e-08,-2.665990829185536e-19,5,"[-6.824076449356964e-05, 0.001396688777336591, 0.04693704020916387, 0.34976896139125824, 1.0, 1]",0.0
0.0345,0,1.902524855269169e-05,-1.597063807532153e-08,-2.7403883123429775e-19,5,"[-6.832817133014312e-05, 0.0013976973107294416, 0.04695739589907396, 0.34982860354248585, 1.0, 1]",0.0
0.034674999999999984,0,1.905983766507334e-05,-1.6014218388520438e-08,-2.8164941395343427e-19,5,"[-6.841562340980443e-05, 0.0013987060225323963, 0.046977752522108014, 0.34988825625345094, 1.0, 1]",0.0
0.03484999999999999,0,1.9094452715678124e-05,-1.6057871131723744e-08,-2.8943393693652073e-19,5,"[-6.850312079510746e-05, 0.0013997149127980412, 0.04699811007785573, 0.3499479195266464, 1.0, 1]",0.0
0.035025,0,1.9129093713557103e-05,-1.6101596371689503e-08,-2.973955483617691e-19,5,"[-6.859066354865693e-05, 0.0014007239815789832, 0.047018468565906524, 0.350007593364566, 1.0, 1]",0.0
0.03519999999999998,0,1.9163760667764345e-05,-1.614539417524425e-08,-3.055374391052766e-19,5,"[-6.867825173310824e-05, 0.0014017332289278518, 0.04703882798584947, 0.35006727776970403, 1.0, 1]",0.0
0.03527777777777785,0,1.9179176536997247e-05,-1.6164883175222912e-08,-3.0921476891457954e-19,5,"[-6.871719441424401e-05, 0.0014021818406369966, 0.047047876915953565, 0.35009380756458686, 1.0, 1]",0.0
0.03537499999999999,0,1.9198453587356973e-05,-1.618926460928317e-08,-3.1386284318199926e-19,5,"[-6.876588541116781e-05, 0.0014027426548972974, 0.04705918833727334, 0.35012697274455584, 1.0, 1]",0.0
0.03555,0,1.92331724813951e-05,-1.623320774077005e-08,-3.223750381330822e-19,5,"[-6.885356464559284e-05, 0.0014037522595399948, 0.04707954961976667, 0.3501866782916172, 1.0, 1]",0.0
0.03572500000000001,0,1.9267917358941862e-05,-1.6277223636737373e-08,-3.3107734540135777e-19,5,"[-6.894128949919143e-05, 0.0014047620429086362, 0.04709991183291756, 0.35024639441338495, 1.0, 1]",0.0
0.03589999999999999,0,1.9302688229063426e-05,-1.6321312364286422e-08,-3.3997313078572923e-19,5,"[-6.902906003482262e-05, 0.0014057720050559385, 0.04712027497631391, 0.3503061211123562, 1.0, 1]",0.0
0.036074999999999996,0,1.9337485100829008e-05,-1.636547399058735e-08,-3.4906580482061297e-19,5,"[-6.911687631539665e-05, 0.0014067821460346415, 0.04714063904954329, 0.3503658583910294, 1.0, 1]",0.0
0.036250000000000004,0,1.9372307983310787e-05,-1.6409708582879137e-08,-3.5835882320271215e-19,5,"[-6.920473840387445e-05, 0.001407792465897503, 0.0471610040521929, 0.3504256062519032, 1.0, 1]",0.0
0.036424999999999985,0,1.940715688558402e-05,-1.64540162084698e-08,-3.678556872028022e-19,5,"[-6.929264636326831e-05, 0.001408802964697306, 0.04718136998384972, 0.35048536469747726, 1.0, 1]",0.0
0.036599999999999994,0,1.9442031816726982e-05,-1.649839693473638e-08,-3.7755994407278293e-19,5,"[-6.938060025664149e-05, 0.0014098136424868536, 0.04720173684410036, 0.35054513373025203, 1.0, 1]",0.0
0.036775,0,1.9476932785820957e-05,-1.6542850829125013e-08,-3.874751874984848e-19,5,"[-6.946860014710835e-05, 0.0014108244993189716, 0.04722210463253113, 0.3506049133527284, 1.0, 1]",0.0
0.03694999999999998,0,1.9511859801950252e-05,-1.6587377959150966e-08,-3.976050579625449e-19,5,"[-6.955664609783452e-05, 0.0014118355352465053, 0.04724247334872805, 0.3506647035674083, 1.0, 1]",0.0
0.03712499999999999,0,1.954681287420224e-05,-1.663197839239883e-08,-4.0795324325243334e-19,5,"[-6.964473817203683e-05, 0.0014128467503223261, 0.04726284299227683, 0.35072450437679425, 1.0, 1]",0.0
0.0373,0,1.958179201166729e-05,-1.6676652196522403e-08,-4.185234787886194e-19,5,"[-6.973287643298322e-05, 0.0014138581445993226, 0.047283213562762834, 0.3507843157833895, 1.0, 1]",0.0
0.03747499999999998,0,1.9616797223438828e-05,-1.6721399439244925e-08,-4.2931954815468604e-19,5,"[-6.98210609439932e-05, 0.0014148697181304093, 0.047303585059771176, 0.3508441377896982, 1.0, 1]",0.0
0.03764999999999999,0,1.965182851861329e-05,-1.6766220188359015e-08,-4.403452834507397e-19,5,"[-6.990929176843732e-05, 0.0014158814709685195, 0.0473239574828866, 0.35090397039822496, 1.0, 1]",0.0
0.037825,0,1.968688590629015e-05,-1.681111451172681e-08,-4.516045657746153e-19,5,"[-6.999756896973764e-05, 0.0014168934031666101, 0.04734433083169357, 0.35096381361147544, 1.0, 1]",0.0
0.038000000000000006,0,1.9721969395571936e-05,-1.685608247728002e-08,-4.631013256352394e-19,5,"[-7.008589261136761e-05, 0.0014179055147776596, 0.047364705105776256, 0.35102366743195584, 1.0, 1]",0.0
0.03817499999999999,0,1.9757078995564197e-05,-1.6901124153019973e-08,-4.748395433865039e-19,5,"[-7.017426275685209e-05, 0.0014189178058546684, 0.0473850803047185, 0.3510835318621733, 1.0, 1]",0.0
0.038349999999999995,0,1.9792214715375518e-05,-1.69462396070177e-08,-4.868232497068929e-19,5,"[-7.026267946976744e-05, 0.0014199302764506586, 0.047405456428103815, 0.3511434069046353, 1.0, 1]",0.0
0.038525000000000004,0,1.9827376564117516e-05,-1.6991428907413986e-08,-4.990565260065357e-19,5,"[-7.035114281374147e-05, 0.0014209429266186734, 0.047425833475515426, 0.35120329256185034, 1.0, 1]",0.0
0.038699999999999984,0,1.9862564550904852e-05,-1.703669212241946e-08,-5.11543504894212e-19,5,"[-7.043965285245362e-05, 0.00142195575641178, 0.047446211446536254, 0.35126318883632796, 1.0, 1]",0.0
0.03887499999999999,0,1.9897778684855243e-05,-1.708202932031464e-08,-5.242883706049143e-19,5,"[-7.052820964963488e-05, 0.0014229687658830659, 0.04746659034074888, 0.35132309573057774, 1.0, 1]",0.0
0.03905,0,1.9933018975089424e-05,-1.7127440569449993e-08,-5.37295359462121e-19,5,"[-7.06168132690678e-05, 0.001423981955085641, 0.047486970157735606, 0.3513830132471106, 1.0, 1]",0.0
0.03922499999999998,0,1.9968285430731177e-05,-1.7172925938246044e-08,-5.505687603700452e-19,5,"[-7.070546377458672e-05, 0.001424995324072637, 0.047507350897078394, 0.3514429413884379, 1.0, 1]",0.0
0.03939999999999999,0,2.000357806090733e-05,-1.7218485495193392e-08,-5.641129152064874e-19,5,"[-7.079416123007759e-05, 0.0014260088728972084, 0.04752773255835892, 0.3515028801570718, 1.0, 1]",0.0
0.039575,0,2.0038896874747765e-05,-1.7264119308852806e-08,-5.779322193056185e-19,5,"[-7.088290569947812e-05, 0.001427022601612531, 0.047548115141158524, 0.3515628295555254, 1.0, 1]",0.0
0.03975000000000001,0,2.0074241881385382e-05,-1.730982744785527e-08,-5.920311219518068e-19,5,"[-7.097169724677778e-05, 0.0014280365102718024, 0.04756849864505826, 0.35162278958631227, 1.0, 1]",0.0
0.03992499999999999,0,2.010961308995614e-05,-1.7355609980902065e-08,-6.064141268008696e-19,5,"[-7.106053593601784e-05, 0.0014290505989282424, 0.047588883069638835, 0.3516827602519466, 1.0, 1]",0.0
0.0401,0,2.0145010509599058e-05,-1.7401466976764862e-08,-6.2108579236601155e-19,5,"[-7.114942183129142e-05, 0.0014300648676350924, 0.04760926841448066, 0.3517427415549437, 1.0, 1]",0.0
0.040275000000000005,0,2.0180434149456203e-05,-1.7447398504285755e-08,-6.360507324927188e-19,5,"[-7.123835499674363e-05, 0.001431079316445618, 0.04762965467916388, 0.35180273349781965, 1.0, 1]",0.0
0.040449999999999986,0,2.0215884018672655e-05,-1.7493404632377298e-08,-6.513136168241873e-19,5,"[-7.132733549657135e-05, 0.0014320939454131039, 0.04765004186326825, 0.351862736083091, 1.0, 1]",0.0
0.040624999999999994,0,2.0251360126396595e-05,-1.753948543002266e-08,-6.668791712699056e-19,5,"[-7.141636339502353e-05, 0.0014331087545908598, 0.04767042996637327, 0.35192274931327505, 1.0, 1]",0.0
0.0408,0,2.0286862481779208e-05,-1.7585640966275586e-08,-6.827521784884383e-19,5,"[-7.150543875640104e-05, 0.001434123744032214, 0.04769081898805808, 0.35198277319089, 1.0, 1]",0.0
0.040974999999999984,0,2.0322391093974754e-05,-1.7631871310260552e-08,-6.989374783717863e-19,5,"[-7.159456164505682e-05, 0.0014351389137905197, 0.04771120892790156, 0.35204280771845464, 1.0, 1]",0.0
0.04114999999999999,0,2.0357945972140557e-05,-1.767817653117281e-08,-7.154399685234366e-19,5,"[-7.168373212539588e-05, 0.0014361542639191513, 0.04773159978548223, 0.3521028528984888, 1.0, 1]",0.0
0.041325,0,2.039352712543697e-05,-1.772455669827842e-08,-7.322646047506116e-19,5,"[-7.17729502618754e-05, 0.001437169794471505, 0.04775199156037831, 0.35216290873351264, 1.0, 1]",0.0
0.04149999999999998,0,2.042913456302741e-05,-1.7771011880914326e-08,-7.49416401523386e-19,5,"[-7.18622161190046e-05, 0.001438185505500999, 0.04777238425216771, 0.35222297522604723, 1.0, 1]",0.0
0.04167499999999999,0,2.0464768294078364e-05,-1.7817542148488496e-08,-7.669004325190007e-19,5,"[-7.195152976134497e-05, 0.001439201397061075, 0.04779277786042804, 0.3522830523786146, 1.0, 1]",0.0
0.04185,0,2.0500428327759353e-05,-1.7864147570479867e-08,-7.847218310478482e-19,5,"[-7.20408912535102e-05, 0.0014402174692051955, 0.04781317238473658, 0.3523431401937374, 1.0, 1]",0.0
0.04202500000000001,0,2.053611467324297e-05,-1.7910828216438526e-08,-8.028857906167187e-19,5,"[-7.21303006601662e-05, 0.0014412337219868448, 0.047833567824670284, 0.35240323867393875, 1.0, 1]",0.0
0.04219999999999999,0,2.057182733970485e-05,-1.7957584155985694e-08,-8.2139756538002895e-19,5,"[-7.221975804603123e-05, 0.0014422501554595302, 0.047853964179805815, 0.3524633478217429, 1.0, 1]",0.0
0.042374999999999996,0,2.060756633632373e-05,-1.8004415458813872e-08,-8.402624706431152e-19,5,"[-7.230926347587595e-05, 0.001443266769676782, 0.04787436144971953, 0.3525234676396747, 1.0, 1]",0.0
0.042550000000000004,0,2.0643331672281367e-05,-1.8051322194686824e-08,-8.594858833955035e-19,5,"[-7.239881701452326e-05, 0.0014442835646921515, 0.04789475963398743, 0.35258359813025963, 1.0, 1]",0.0
0.042724999999999985,0,2.0679123356762593e-05,-1.8098304433439718e-08,-8.79073242806314e-19,5,"[-7.24884187268486e-05, 0.001445300540559212, 0.04791515873218524, 0.35264373929602416, 1.0, 1]",0.0
0.042899999999999994,0,2.0714941398955303e-05,-1.814536224497912e-08,-8.99030050691267e-19,5,"[-7.257806867777974e-05, 0.0014463176973315596, 0.04793555874388834, 0.35270389113949535, 1.0, 1]",0.0
0.043075,0,2.075078580805046e-05,-1.8192495699283155e-08,-9.193618720932839e-19,5,"[-7.266776693229706e-05, 0.0014473350350628128, 0.04795595966867183, 0.35276405366320107, 1.0, 1]",0.0
0.04324999999999998,0,2.0786656593242078e-05,-1.823970486640149e-08,-9.400743357589602e-19,5,"[-7.275751355543336e-05, 0.0014483525538066114, 0.04797636150611046, 0.35282422686966974, 1.0, 1]",0.0
0.04342499999999999,0,2.0822553763727258e-05,-1.8286989816455432e-08,-9.61173134635547e-19,5,"[-7.284730861227408e-05, 0.0014493702536166183, 0.04799676425577867, 0.3528844107614308, 1.0, 1]",0.0
0.0436,0,2.085847732870616e-05,-1.833435061963804e-08,-9.826640264420868e-19,5,"[-7.293715216795727e-05, 0.0014503881345465186, 0.048017167917250615, 0.3529446053410144, 1.0, 1]",0.0
0.04377499999999998,0,2.0894427297381997e-05,-1.8381787346214103e-08,-1.0045528341600844e-18,5,"[-7.302704428767354e-05, 0.0014514061966500189, 0.048037572490100065, 0.35300481061095124, 1.0, 1]",0.0
0.04394999999999999,0,2.0930403678961075e-05,-1.84293000665203e-08,-1.026845446554156e-18,5,"[-7.311698503666626e-05, 0.0014524244399808487, 0.04805797797390059, 0.3530650265737729, 1.0, 1]",0.0
0.044125,0,2.0966406482652756e-05,-1.847688885096521e-08,-1.0495478187258085e-18,5,"[-7.320697448023154e-05, 0.0014534428645927606, 0.0480783843682253, 0.3531252532320119, 1.0, 1]",0.0
0.044300000000000006,0,2.1002435717669457e-05,-1.852455377002936e-08,-1.072665972604112e-18,5,"[-7.329701268371805e-05, 0.0014544614705395264, 0.04809879167264711, 0.3531854905882009, 1.0, 1]",0.0
0.04447499999999999,0,2.1038491393226725e-05,-1.8572294894265417e-08,-1.096205997518412e-18,5,"[-7.338709971252762e-05, 0.0014554802578749455, 0.04811919988673855, 0.3532457386448742, 1.0, 1]",0.0
0.044649999999999995,0,2.1074573518543124e-05,-1.8620112294298094e-08,-1.1201740507142452e-18,5,"[-7.347723563211456e-05, 0.0014564992266528345, 0.04813960901007187, 0.3533059974045661, 1.0, 1]",0.0
0.044825000000000004,0,2.1110682102840308e-05,-1.8668006040824335e-08,-1.1445763579228961e-18,5,"[-7.356742050798624e-05, 0.0014575183769270348, 0.04816001904221896, 0.35336626686981193, 1.0, 1]",0.0
0.045,0,2.1146817155343022e-05,-1.8715976204613315e-08,-1.1694192138236705e-18,5,"[-7.365765440570289e-05, 0.0014585377087514104, 0.048180429982751474, 0.353426547043148, 1.0, 1]",0.0
0.046666666666666634,0,2.1492288701325047e-05,-1.917667810125286e-08,-1.4293494347447005e-18,5,"[-7.451949416265918e-05, 0.001468254739363097, 0.048374865332187045, 0.35400118103928063, 1.0, 1]",0.0
0.05805555555555553,0,2.3917918852509767e-05,-2.2515407003302275e-08,-4.827607363505526e-18,5,"[-8.053243280019047e-05, 0.0015350990019803786, 0.049705681400978446, 0.35795402109939334, 1.0, 1]",0.0
0.06944444444444442,0,2.6458646979019664e-05,-2.620147282201501e-08,-1.3323404070982341e-17,5,"[-8.67747322851001e-05, 0.00160272974800893, 0.05104020315527832, 0.3619530358956698, 1.0, 1]",0.0
0.08083333333333331,0,2.9117109667116133e-05,-3.025667317743616e-08,-3.1926864782574434e-17,5,"[-9.326611817601574e-05, 0.0016711625138026865, 0.052378302681257316, 0.3659989474197092, 1.0, 1]",0.0
0.0922222222222222,0,3.189600134054784e-05,-3.470428892908034e-08,-6.891378939881372e-17,5,"[-0.00010002736805705937, 0.0017404132666652158, 0.05371984589406083, 0.37009249182986387, 1.0, 1]",0.0
0.1036111111111111,0,3.479807552522063e-05,-3.956917816922577e-08,-1.3723570783558717e-16,5,"[-0.00010708036230476168, 0.0018104984195137118, 0.05506469230504723, 0.37423441978612426, 1.0, 1]",0.0
0.11499999999999999,0,3.7826146139129545e-05,-4.487787598402195e-08,-2.5633583785517604e-16,5,"[-0.00011444813731462111, 0.001881434846114878, 0.05641269478016639, 0.37842549679427817, 1.0, 1]",0.0
0.12638888888888888,0,4.0983088807822814e-05,-5.065870033814151e-08,-4.544538090498883e-16,5,"[-0.00012215494131142678, 0.0019532398969174538, 0.05776369928911993, 0.38266650355963455, 1.0, 1]",0.0
0.13777777777777778,0,4.42718422056512e-05,-5.694186446123925e-08,-7.715158852400349e-16,5,"[-0.00013022629287408772, 0.0020259314155073815, 0.05911754464492887, 0.38695823635062093, 1.0, 1]",0.0
0.14916666666666667,0,4.769540942303557e-05,-6.375959613849388e-08,-1.262723359161625e-15,5,"[-0.00013868904231269778, 0.0020995277557127796, 0.060474062233518505, 0.3913015073725684, 1.0, 1]",0.0
0.16055555555555556,0,5.125685935996463e-05,-7.114626433310807e-08,-2.002970098667642e-15,5,"[-0.00014757143604296184, 0.0021740477993872354, 0.0618330757329125, 0.39569714515201176, 1.0, 1]",0.0
0.17194444444444446,0,5.4959328145909635e-05,-7.91385135959336e-08,-3.0922412228881773e-15,5,"[-0.00015690318411091468, 0.002249510974901279, 0.06319440082161086, 0.40014599493184544, 1.0, 1]",0.0
0.18333333333333335,0,5.880602058631612e-05,-8.777540674649306e-08,-4.662168954703566e-15,5,"[-0.00016671553102912622, 0.0023259372763733276, 0.06455784487570708, 0.4046489190776857, 1.0, 1]",0.0
0.19472222222222224,0,6.280021163580347e-05,-9.70985763407106e-08,-6.883949257925867e-15,5,"[-0.00017704133009431943, 0.002403347283672939, 0.0659232066542805, 0.4092067974958051, 1.0, 1]",0.0
0.20611111111111113,0,6.694524789816894e-05,-1.0715238547377644e-07,-9.977854406631638e-15,5,"[-0.00018791512136556027, 0.002481762183230765, 0.067290275972579, 0.41382052806301617, 1.0, 1]",0.0
0.21750000000000003,0,7.124454915325764e-05,-1.1798409850190015e-07,-1.4224612698040186e-14,5,"[-0.00019937321349195274, 0.002561203789691295, 0.06865883336248524, 0.41849102706889757, 1.0, 1]",0.0
0.22888888888888892,0,7.570160991071911e-05,-1.2964406230440898e-07,-1.9978967730880812e-14,5,"[-0.00021145376958910605, 0.002641694568446253, 0.0700286497197377, 0.42321922967076797, 1.0, 1]",0.0
0.2402777777777778,0,8.032000099062801e-05,-1.4218589874788938e-07,-2.7685776733593597e-14,5,"[-0.00022419689737458268, 0.0027232576590883444, 0.071399485937353, 0.4280060903618305, 1.0, 1]",0.0
0.2516666666666667,0,8.51033711308981e-05,-1.5566670905702688e-07,-3.789906114098934e-14,5,"[-0.00023764474378411084, 0.0028059168998270318, 0.07277109252467191, 0.4328525834529254, 1.0, 1]",0.0
0.2630555555555556,0,9.005544862136588e-05,-1.70147290842673e-07,-5.130448389166566e-14,5,"[-0.00025184159430260636, 0.002889696852910079, 0.07414320921142437, 0.4377597035683431, 1.0, 1]",0.0
0.2744444444444445,0,9.518004296436348e-05,-1.856923685866491e-07,-6.874579778065047e-14,5,"[-0.0002668339772570241, 0.0029746228310967597, 0.07551556453618226, 0.4427284661561717, 1.0, 1]",0.0
0.2858333333333334,0,0.00010048104656153723,-2.0237083843513115e-07,-9.125588881993611e-14,5,"[-0.00028267077333180837, 0.0030607209252309364, 0.07688787541853909, 0.4477599080136645, 1.0, 1]",0.0
0.2972222222222223,0,0.00010596243642659992,-2.202560282083574e-07,-1.200931292574218e-13,5,"[-0.0002994033305822685, 0.003148018032964629, 0.07825984671432572, 0.45285508782813727, 1.0, 1]",0.0
0.30861111111111117,0,0.00011162827592363146,-2.3942597359414673e-07,-1.5678385818383182e-13,5,"[-0.0003170855852366386, 0.003236541888685238, 0.07963117075313993, 0.4580150867339212, 1.0, 1]",0.0
0.32000000000000006,0,0.00011748271653045969,-2.5996371155656457e-07,-2.031719252201247e-13,5,"[-0.00033577418859392433, 0.0033263210947022523, 0.08100152685743336, 0.46324100888591874, 1.0, 1]",0.0
0.33138888888888896,0,0.00012352999962656714,-2.8195759205933293e-07,-2.6147636655560084e-13,5,"[-0.0003555286403419728, 0.0034173851537521575, 0.08237058084236519, 0.4685339820503303, 1.0, 1]",0.0
0.34277777777777785,0,0.00012977445830487293,-3.055016092765734e-07,-3.343584347896568e-13,5,"[-0.00037641142863857304, 0.0035097645028831785, 0.08373798449559473, 0.4738951582131412, 1.0, 1]",0.0
0.35416666666666674,0,0.00013622051920663493,-3.3069575354152634e-07,-4.2499937710145633e-13,5,"[-0.00039848817731787686, 0.0036034905487847208, 0.08510337503614643, 0.47932571420698417, 1.0, 1]",0.0
0.36555555555555563,0,0.00014287270437860557,-3.5764638536739757e-07,-5.371905530490887e-13,5,"[-0.00042182780060509334, 0.0036985957046296344, 0.08646637455144024, 0.4848268523570096, 1.0, 1]",0.0
0.3769444444444445,0,0.00014973563315145218,-3.864666329638265e-07,-6.754377069784766e-13,5,"[-0.0004465026657443348, 0.0037951134285009905, 0.08782658941153802, 0.4903998011464316, 1.0, 1]",0.0
0.3883333333333334,0,0.00015681402403832026,-4.1727681476808214e-07,-8.450814642271235e-13,5,"[-0.00047258876396775117, 0.0038930782634787513, 0.08918360965961089, 0.49604581590243113, 1.0, 1]",0.0
0.3997222222222223,0,0.0001641126966522755,-4.502048886124457e-07,-1.052436409151158e-12,5,"[-0.0005001658902587796, 0.003992525879465625, 0.09053700837758644, 0.5017661795031364, 1.0, 1]",0.0
0.4111111111111112,0,0.00017163657364120514,-4.8538692925882e-07,-1.3049514311513036e-12,5,"[-0.0005293178323885467, 0.0040934931168355795, 0.0918863410258841, 0.5075622031064203, 1.0, 1]",0.0
0.4225,0,0.00017939068263859073,-5.229676361489497e-07,-1.611394397618418e-12,5,"[-0.0005601325697322882, 0.0041960180319927905, 0.09323114475609562, 0.5134352269012901, 1.0, 1]",0.0
0.4338888888888889,0,0.00018738015822838516,-5.631008733443519e-07,-1.9820646360695648e-12,5,"[-0.0005927024824022145, 0.004300139944933533, 0.09457093769541247, 0.5193866208826724, 1.0, 1]",0.0
0.4452777777777778,0,0.00019561024392202733,-6.059502437647121e-07,-2.429037188519255e-12,5,"[-0.0006271245712646352, 0.004405899488908286, 0.09590521820154384, 0.5254177856504285, 1.0, 1]",0.0
0.45666666666666667,0,0.00020408629414541972,-6.516896999778517e-07,-2.966443347067164e-12,5,"[-0.0006635006894425439, 0.004513338662286602, 0.09723346408680929, 0.531530153233473, 1.0, 1]",0.0
0.46805555555555556,0,0.00021281377623346277,-7.005041939490604e-07,-3.6107925995691145e-12,5,"[-0.0007019377859403024, 0.004622500882732725, 0.09855513181002518, 0.5377251879398973, 1.0, 1]",0.0
0.47944444444444445,0,0.0002217982724294933,-7.525903683234539e-07,-4.3813418180684674e-12,5,"[-0.0007425481620647703, 0.004733431043805665, 0.09986965563473695, 0.5440043872340437, 1.0, 1]",0.0
0.49083333333333334,0,0.00023104548188670684,-8.081572919929236e-07,-5.3005183217310856e-12,5,"[-0.00078544974135731, 0.0048461755741036755, 0.10117644675227933, 0.550369282641508, 1.0, 1]",0.0
0.5022222222222223,0,0.00024056122266835782,-8.674272428900185e-07,-6.394404353212898e-12,5,"[-0.0008307663537937296, 0.00496078249907945, 0.10247489236807045, 0.5568214406830941, 1.0, 1]",0.0
0.5136111111111112,0,0.0002503514337432156,-9.306365411558673e-07,-7.69329153731913e-12,5,"[-0.0008786280350545755, 0.005077301505659257, 0.10376435474946849, 0.563362463838781, 1.0, 1]",0.0
0.5250000000000001,0,0.0002604221769724263,-9.980364360489613e-07,-9.232315060092431e-12,5,"[-0.0009291713417164677, 0.005195784009806555, 0.10504417023343668, 0.5699939915428133, 1.0, 1]",0.0
0.536388888888889,0,0.0002707796390835597,-1.0698940501974802e-06,-1.1052178633975582e-11,5,"[-0.0009825396832665136, 0.005316283227178181, 0.10631364819217415, 0.5767177012110659, 1.0, 1]",0.0
0.5477777777777779,0,0.00028143013362723655,-1.1464933850511313e-06,-1.31999828218881e-11,5,"[-0.001038883671896551, 0.005438854247029485, 0.107572069954779, 0.5835353093018854, 1.0, 1]",0.0
0.5591666666666668,0,0.00029238010291130704,-1.2281363916605018e-06,-1.5730171004334538e-11,5,"[-0.0010983614910922046, 0.005563554109533367, 0.10881868768291306, 0.5904485724116615, 1.0, 1]",0.0
0.5705555555555557,0,0.00030363611990709893,-1.3151441112041713e-06,-1.870560921676832e-11,5,"[-0.0011611392840937848, 0.005690441886687328, 0.11005272319833531, 0.5974592884064344, 1.0, 1]",0.0
0.5819444444444446,0,0.0003152048901217616,-1.407857889997887e-06,-2.219881829093041e-11,5,"[-0.0012273915633721464, 0.0058195787669923565, 0.11127336676006234, 0.6045692975908965, 1.0, 1]",0.0
0.5933333333333333,0,0.00032709325343020616,-1.506640674057694e-06,-2.629337923967471e-11,5,"[-0.001297301642333093, 0.005951028144097751, 0.11247977578880212, 0.6117804839162103, 1.0, 1]",0.0
0.6047222222222222,0,0.0003393081858595742,-1.6118783886519061e-06,-3.10855356707484e-11,5,"[-0.0013710620905390111, 0.006084855709616949, 0.11367107353618561, 0.6190947762281229, 1.0, 1]",0.0
0.616111111111111,0,0.0003518568013185451,-1.7239814086670971e-06,-3.6686020247631006e-11,5,"[-0.0014488752138164698, 0.006221129550330921, 0.11484634769619428, 0.6265141495569156, 1.0, 1]",0.0
0.6275,0,0.00036474635326314605,-1.8433861260333867e-06,-4.322213588783457e-11,5,"[-0.0015309535607040006, 0.00635992025000809, 0.11600464895604899, 0.6340406264508058, 1.0, 1]",0.0
0.6388888888888888,0,0.00037798423628999836,-1.9705566209060906e-06,-5.0840126561345143e-11,5,"[-0.0016175204567853497, 0.006501300996082747, 0.11714498948368277, 0.641676278354479, 1.0, 1]",0.0
0.6502777777777777,0,0.0003915779876471772,-2.105986443787319e-06,-5.970787729289653e-11,5,"[-0.0017088105685507786, 0.00664534769144772, 0.11826634134877094, 0.6494232270345031, 1.0, 1]",0.0
0.6616666666666666,0,0.0004055352886520288,-2.250200516294878e-06,-7.00179883598471e-11,5,"[-0.0018050704985328198, 0.006792139071631951, 0.119367634874136, 0.6572836460534596, 1.0, 1]",0.0
0.6730555555555555,0,0.0004198639660043946,-2.4037571588498963e-06,-8.199127480187668e-11,5,"[-0.001906559413573745, 0.006941756827649091, 0.1204477569141752, 0.6652597622947024, 1.0, 1]",0.0
0.6844444444444444,0,0.0004345719929827322,-2.5672502541623963e-06,-9.588074932139116e-11,5,"[-0.002013549708200419, 0.00709428573481996, 0.12150554905678476, 0.6733538575397395, 1.0, 1]",0.0
0.6958333333333333,0,0.00044966749050958407,-2.7413115560489224e-06,-1.1197615457057197e-10,5,"[-0.0021263277052087633, 0.007249813787889408, 0.12253980574506779, 0.6815682701003277, 1.0, 1]",0.0
0.7072222222222222,0,0.0004651587280717231,-2.9266131538223735e-06,-1.3060911982501365e-10,5,"[-0.0022451943956952073, 0.007408432342776768, 0.12354927231491461, 0.6899053965074543, 1.0, 1]",0.0
0.7186111111111111,0,0.00048105412447910516,-3.123870103255535e-06,-1.521590272861722e-10,5,"[-0.002370466220917143, 0.0075702362653193266, 0.12453264294433815, 0.6983676932594889, 1.0, 1]",0.0
0.73,0,0.0004973622484454498,-3.333843235940913e-06,-1.770596849081715e-10,5,"[-0.0025024758985188822, 0.007735324087389192, 0.12548855851022386, 0.7069576786318815, 1.0, 1]",0.0
0.7413888888888889,0,0.000514091818971877,-3.557342159755611e-06,-2.0580691590628536e-10,5,"[-0.002641573295825068, 0.007903798170786909, 0.12641560434792223, 0.7156779345508999, 1.0, 1]",0.0
0.7527777777777778,0,0.0005312517055135089,-3.795228464096255e-06,-2.389671902001277e-10,5,"[-0.0027881263530803425, 0.008075764879339028, 0.12731230790886372, 0.7245311085340056, 1.0, 1]",0.0
0.7641666666666667,0,0.0005488509279073207,-4.048419144581529e-06,-2.77187440232075e-10,5,"[-0.0029425220597035016, 0.008251334759652573, 0.1281771363111139, 0.7335199156995926, 1.0, 1]",0.0
0.7755555555555556,0,0.0005668986560377678,-4.317890263035049e-06,-3.2120622317552263e-10,5,"[-0.0031051674868271253, 0.00843062273100679, 0.12900849377751103, 0.742647140848939, 1.0, 1]",0.0
0.7869444444444444,0,0.0005854042092148115,-4.604680859765955e-06,-3.7186641384547324e-10,5,"[-0.003276490879610796, 0.008613748284891495, 0.12980471895573126, 0.7519156406233479, 1.0, 1]",0.0
0.7983333333333333,0,0.0006043770552369372,-4.909897136466813e-06,-4.301296380317128e-10,5,"[-0.003456942813048764, 0.008800835694732636, 0.13056408211432052, 0.7613283457396004, 1.0, 1]",0.0
0.8097222222222222,0,0.000623826809109535,-5.234716929455791e-06,-4.970926849342324e-10,5,"[-0.0036469974152421626, 0.008992014236378545, 0.13128478220839498, 0.7708882633069855, 1.0, 1]",0.0
0.8211111111111111,0,0.0006437632313866467,-5.580394494512472e-06,-5.740061703978392e-10,5,"[-0.00384715366237326, 0.009187418419955847, 0.1319649438083696, 0.780598479229328, 1.0, 1]",0.0
0.8325,0,0.0006641962261015079,-5.94826562620341e-06,-6.622957602979368e-10,5,"[-0.004057936749905884, 0.009387188233741644, 0.13260261388469663, 0.7904621606955952, 1.0, 1]",0.0
0.8438888888888889,0,0.0006851358382485438,-6.339753136375607e-06,-7.635863063870306e-10,5,"[-0.004279899544843637, 0.00959146940073866, 0.13319575844120574, 0.8004825587628349, 1.0, 1]",0.0
0.8552777777777778,0,0.000706592250776488,-6.756372718425517e-06,-8.797292959340967e-10,5,"[-0.004513624124207584, 0.009800413648683162, 0.13374225898921885, 0.810663011035381, 1.0, 1]",0.0
0.8666666666666667,0,0.0007285757810490613,-7.199739226040388e-06,-1.012834072451168e-09,5,"[-0.004759723405249325, 0.010014178994261186, 0.13423990885416667, 0.8210069444444444, 1.0, 1]",0.0
0.8780555555555556,0,0.0007510968767261624,-7.671573397372304e-06,-1.1653033487074655e-09,5,"[-0.005018842873295772, 0.010232930042357554, 0.1346864093059656, 0.8315178781324143, 1.0, 1]",0.0
0.8894444444444445,0,0.0007741661110147563,-8.17370905805825e-06,-1.3398736062340998e-09,5,"[-0.005291662413530637, 0.010456838301214562, 0.13507936550391106, 0.8421994264463997, 1.0, 1]",0.0
0.9008333333333334,0,0.0007977941772345789,-8.708100839158843e-06,-1.5396610589464968e-09,5,"[-0.0055788982534567665, 0.010686082514433178, 0.1354162822463119, 0.8530553020457692, 1.0, 1]",0.0
0.9122222222222223,0,0.000821991882639388,-9.276832448972697e-06,-1.7682139538800198e-09,5,"[-0.00588130502325552, 0.010920849010809267, 0.1356945595145238, 0.8640893191286733, 1.0, 1]",0.0
0.9236111111111112,0,0.0008467701414297272,-9.882125540812219e-06,-2.0295720910977035e-09,5,"[-0.006199677941767057, 0.01116133207306154, 0.13591148780044146, 0.8753053967827853, 1.0, 1]",0.0
0.935,0,0.0008721399668880657,-1.052634922222325e-05,-2.328334569602664e-09,5,"[-0.006534855136361511, 0.011407734326576225, 0.13606424320586522, 0.88670756246576, 1.0, 1]",0.0
0.946388888888889,0,0.0008981124625616021,-1.1212030254818082e-05,-2.6697369088905643e-09,5,"[-0.006887720105558671, 0.011660267149366878, 0.13614988230148142, 0.8982999556211768, 1.0, 1]",0.0
0.9577777777777778,0,0.0009246988124120446,-1.1941863997896981e-05,-3.0597388592811452e-09,5,"[-0.007259204333886594, 0.011919151104526156, 0.13616533673247017, 0.9100868314360295, 1.0, 1]",0.0
0.9691666666666667,0,0.0009519102698451852,-1.2718726153385366e-05,-3.505124401450165e-09,5,"[-0.0076502900691507655, 0.012184616396530495, 0.13610740755698153, 0.9220725647461333, 1.0, 1]",0.0
0.9805555555555556,0,0.000979758145526078,-1.354568537434516e-05,-4.013615650193473e-09,5,"[-0.008062013273019744, 0.012456903352848745, 0.13597275930290442, 0.9342616540961383, 1.0, 1]",0.0
0.9919444444444445,0,0.0010082537938780325,-1.4426016804463485e-05,-4.594002623487012e-09,5,"[-0.008495466756624163, 0.012736262932402301, 0.1357579137274733, 0.9466587259611855, 1.0, 1]",0.0
1.0033333333333334,0,0.0010374085981554367,-1.536321662151977e-05,-5.256291120086277e-09,5,"[-0.008951803513719233, 0.01302295726252802, 0.13545924326332914, 0.9592685391376032, 1.0, 1]",0.0
1.0147222222222223,0,0.0010672339539715154,-1.636101766392386e-05,-6.011871272692127e-09,5,"[-0.009432240264880855, 0.013317260206206084, 0.13507296413365596, 0.9720959893104203, 1.0, 1]",0.0
1.0261111111111112,0,0.001097741251152517,-1.7423406226051602e-05,-6.873709715403775e-09,5,"[-0.009938061227198383, 0.013619457961434442, 0.1345951291179559, 0.9851461138058871, 1.0, 1]",0.0
1.0375,0,0.0011289418537793962,-1.8554640115329658e-05,-7.856568731072952e-09,5,"[-0.010470622124998842, 0.013929849694759376, 0.13402161994889492, 0.9984240965376103, 1.0, 1]",0.0
1.048888888888889,0,0.0011608470782667594,-1.97592680718955e-05,-8.97725623469998e-09,5,"[-0.011031354458294784, 0.014248748211109174, 0.13334813931944534, 1.011935273155379, 1.0, 1]",0.0
1.0602777777777779,0,0.0011934681693166057,-2.1042150660243558e-05,-1.0254911012934603e-08,5,"[-0.011621770046898522, 0.014576480662225718, 0.1325702024782656, 1.0256851364062187, 1.0, 1]",0.0
1.0716666666666668,0,0.001226816273571136,-2.240848275163165e-05,-1.1711328288367412e-08,5,"[-0.012243465869496812, 0.014913389296147573, 0.1316831283898795, 1.0396793417177403, 1.0, 1]",0.0
1.0830555555555557,0,0.0012609024107745072,-2.386381772623941e-05,-1.3371331423725241e-08,5,"[-0.01289812921844163, 0.01525983225036884, 0.1306820304347551, 1.0539237130143766, 1.0, 1]",0.0
1.0944444444444446,0,0.001295737442237825,-2.5414093535224665e-05,-1.52631964405105e-08,5,"[-0.013587543192593298, 0.015616184391481701, 0.12956180662280498, 1.0684242487776732, 1.0, 1]",0.0
1.1058333333333334,0,0.0013313320363847313,-2.7065660775006142e-05,-1.741913701668124e-08,5,"[-0.01431359255226297, 0.015982838204308365, 0.12831712929216205, 1.0831871283624097, 1.0, 1]",0.0
1.1172222222222223,0,0.0013676966311365793,-2.8825312939412583e-05,-1.9875858769128223e-08,5,"[-0.015078269962153864, 0.016360204733740693, 0.1269424342632837, 1.0982187185809706, 1.0, 1]",0.0
1.1286111111111112,0,0.0014048413928762623,-3.070031902989099e-05,-2.267519294275418e-08,5,"[-0.015883682650206548, 0.016748714582735295, 0.12543190941652083, 1.1135255805690616, 1.0, 1]",0.0
1.1400000000000001,0,0.0014427761717080848,-3.269845871988235e-05,-2.5864821146551175e-08,5,"[-0.016732059512427747, 0.017148818970158356, 0.12377948265923376, 1.1291144769465964, 1.0, 1]",0.0
1.151388888888889,0,0.0014815104527075706,-3.482806028689008e-05,-2.949910453038254e-08,5,"[-0.017625758696139037, 0.017560990852441283, 0.12197880924633851, 1.1449923792883479, 1.0, 1]",0.0
1.162777777777778,0,0.0015210533028295272,-3.7098041544832966e-05,-3.364003282165988e-08,5,"[-0.018567275696638113, 0.017985726113294787, 0.12002325841580878, 1.1611664759197704, 1.0, 1]",0.0
1.1741666666666668,0,0.0015614133131148925,-3.951795403015823e-05,-3.83583109824051e-08,5,"[-0.019559252005039378, 0.01842354482603909, 0.11790589929813901, 1.177644180054272, 1.0, 1]",0.0
1.1855555555555557,0,0.001602598535806708,-4.209803071807703e-05,-4.373460395517838e-08,5,"[-0.020604484348072123, 0.01887499259344219, 0.11561948605606327, 1.1944331382891338, 1.0, 1]",0.0
1.1969444444444446,0,0.0016446164159526471,-4.484923757037708e-05,-4.986096310039325e-08,5,"[-0.021705934563885775, 0.01934064197031909, 0.11315644220792938, 1.2115412394782565, 1.0, 1]",0.0
1.2083333333333335,0,0.0016874737170358039,-4.778332924379278e-05,-5.684246155692861e-08,5,"[-0.022866740161466226, 0.019821093974535103, 0.11050884408500715, 1.2289766240009619, 1.0, 1]",0.0
1.2197222222222224,0,0.0017311764401364712,-5.091290931812456e-05,-6.479906996365982e-08,5,"[-0.024090225615132046, 0.020316979692477657, 0.10766840336967795, 1.246747693447172, 1.0, 1]",0.0
1.2311111111111113,0,0.0017757297360852609,-5.4251495436474045e-05,-7.386780885624108e-08,5,"[-0.02537991444978327, 0.0208289619855174, 0.10462644865785801, 1.264863120740498, 1.0, 1]",0.0
1.2425000000000002,0,0.0018211378100216826,-5.7813589786411316e-05,-8.420521971196889e-08,5,"[-0.026739542177150466, 0.021357737304472053, 0.1013739059851577, 1.2833318607219937, 1.0, 1]",0.0
1.253888888888889,0,0.001867403817721983,-6.161475539095971e-05,-9.599020318558207e-08,5,"[-0.028173070148273537, 0.021904037619620766, 0.09790127825214204, 1.3021631612187077, 1.0, 1]",0.0
1.265277777777778,0,0.0019145297530050954,-6.567169872235504e-05,-1.0942728071246072e-07,5,"[-0.02968470039286689, 0.022468632474394637, 0.09419862347959694, 1.3213665746225665, 1.0, 1]",0.0
1.2766666666666668,0,0.0019625163254656853,-7.000235920003739e-05,-1.2475034453122273e-07,5,"[-0.03127889152214282, 0.023052331171495473, 0.09025553181992654, 1.3409519700066639, 1.0, 1]",0.0
1.2880555555555557,0,0.0020113628277179134,-7.462600618773957e-05,-1.422269715045428e-07,5,"[-0.03296037577811666, 0.02365598510087398, 0.08606110124564935, 1.3609295458076516, 1.0, 1]",0.0
1.2994444444444446,0,0.002061066991262174,-7.956334416337663e-05,-1.6216338814109576e-07,5,"[-0.03473417731945628, 0.02428049021973478, 0.08160391183041385, 1.381309843104661, 1.0, 1]",0.0
1.3108333333333335,0,0.0021116248300091334,-8.483662680030404e-05,-1.8491018823205984e-07,5,"[-0.03660563184162363, 0.024926789695534676, 0.07687199853198064, 1.4021037595270407, 1.0, 1]",0.0
1.3222222222222224,0,0.0021630304704102297,-9.046978077006164e-05,-2.1086892085296655e-07,5,"[-0.03858040763745125, 0.025595876723808357, 0.07185282238018098, 1.4233225638251739, 1.0, 1]",0.0
1.333611111111111,0,0.0022152759670507178,-9.648854015568411e-05,-2.4049968554670687e-07,5,"[-0.04066452821347098, 0.026288797533597585, 0.06653323996591606, 1.4449779111407468, 1.0, 1]",0.0
1.345,0,0.0022683511024594776,-0.00010292059245186773,-2.743298937688083e-07,5,"[-0.04286439658734745, 0.02700665459428436, 0.0608994711197794, 1.4670818590151198, 1.0, 1]",0.0
1.3563888888888889,0,0.002322243169778445,-0.00010979573722464447,-3.129643816992499e-07,5,"[-0.04518682140274553, 0.02775061003874169, 0.05493706466080302, 1.4896468841768373, 1.0, 1]",0.0
1.3677777777777778,0,0.002376936736812522,-0.00011714605860977055,-3.5709708996467345e-07,5,"[-0.04763904500998387, 0.028521889318927435, 0.0486308620871043, 1.5126859001519384, 1.0, 1]",0.0
1.3791666666666667,0,0.0024324133898472352,-0.0001250061129469212,-4.075245614492293e-07,5,"[-0.050228773673992214, 0.02932178511136539, 0.041964959070789835, 1.5362122757434709, 1.0, 1]",0.0
1.3905555555555555,0,0.002488651455475049,-0.00013341313297730075,-4.6516155012255574e-07,5,"[-0.05296421008552552, 0.030151661491393915, 0.03492266460928613, 1.5602398544295875, 1.0, 1]",0.0
1.4019444444444444,0,0.002545625698510717,-0.00014240725017686468,-5.310590827702493e-07,5,"[-0.055854088367418425, 0.031012958396628255, 0.02748645767425692, 1.5847829747327855, 1.0, 1]",0.0
1.4133333333333333,0,0.0026033069939000396,-0.00015203173695763262,-6.064253729686932e-07,5,"[-0.058907711785038244, 0.0319071964017893, 0.01963794118735005, 1.609856491616254, 1.0, 1]",0.0
1.4247222222222222,0,0.00266166197033316,-0.00016233327064736828,-6.926500541365576e-07,5,"[-0.06213499338917451, 0.03283598182891399, 0.011357793139123917, 1.635475798966943, 1.0, 1]",0.0
1.4361111111111111,0,0.0027206526230613716,-0.00017336222135526475,-7.913322778421276e-07,5,"[-0.06554649984056901, 0.03380101221899599, 0.002625714653535847, 1.6616568532288998, 1.0, 1]",0.0
1.4475,0,0.0027802358931833466,-0.00018517296605050272,-9.043133169156652e-07,5,"[-0.06915349868834424, 0.03480408219332583, -0.006579625214772943, 1.6884161982546235, 1.0, 1]",0.0
1.458888888888889,0,0.002840363210410397,-0.0001978242314242307,-1.0337144228881847e-06,5,"[-0.0729680093999533, 0.03584708973522775, -0.0162806481795498, 1.7157709914467094, 1.0, 1]",0.0
1.4702777777777778,0,0.0029009799960386332,-0.00021137946837658265,-1.1819808169250927e-06,5,"[-0.07700285846820261, 0.036932042925545416, -0.02650092916533917, 1.7437390312669212, 1.0, 1]",0.0
1.4816666666666667,0,0.0029620251225456534,-0.00022590726127207506,-1.3519328464097883e-06,5,"[-0.08127173895166595, 0.0380610671681339, -0.03726526275952832, 1.7723387861950448, 1.0, 1]",0.0
1.4930555555555556,0,0.0030234303258879014,-0.00024148177544284247,-1.546825520034441e-06,5,"[-0.08578927483873432, 0.03923641294479839, -0.04859973396130383, 1.801589425225519, 1.0, 1]",0.0
1.5044444444444447,0,0.003085119566198525,-0.0002581832467938565,-1.7704178479029169e-06,5,"[-0.09057109066296916, 0.040460464142605984, -0.06053179353763112, 1.831510849995867, 1.0, 1]",0.0
1.5158333333333336,0,0.0031470083321706974,-0.0002760985177822793,-2.027053666003096e-06,5,"[-0.09563388683874678, 0.04173574700032053, -0.07309033832114624, 1.8621237286474985, 1.0, 1]",0.0
1.5272222222222225,0,0.0032090028839537343,-0.0002953216245097938,-2.3217559239606114e-06,5,"[-0.10099552123183292, 0.043064939724905694, -0.0863057968118621, 1.89344953152645, 1.0, 1]",0.0
1.5386111111111114,0,0.0032709994288841943,-0.0003159544401881743,-2.6603367702356665e-06,5,"[-0.10667509752999686, 0.04445088283364802, -0.10021022047394904, 1.9255105688392333, 1.0, 1]",0.0
1.5500000000000003,0,0.0033328832238160924,-0.00033810738082143925,-3.0495261906678543e-06,5,"[-0.11269306103461894, 0.04589659028251144, -0.11483738115088317, 1.958330030387106, 1.0, 1]",0.0
1.5613888888888892,0,0.0033945275971978602,-0.0003619001796004199,-3.4971224574917356e-06,5,"[-0.11907130255607935, 0.04740526144690104, -0.1302228750571342, 1.991932027510924, 1.0, 1]",0.0
1.572777777777778,0,0.0034557928833614734,-0.0003874627372363689,-4.01216824226376e-06,5,"[-0.12583327116423138, 0.048980294027135135, -0.14640423384262705, 2.0263416373882506, 1.0, 1]",0.0
1.584166666666667,0,0.0035165252607345337,-0.00041493605627938894,-4.605156956389363e-06,5,"[-0.13300409662124565, 0.05062529795766569, -0.16342104326777238, 2.061584949834695, 1.0, 1]",0.0
1.5955555555555558,0,0.0035765554848500914,-0.00044447326838642124,-5.288274729838964e-06,5,"[-0.1406107224084383, 0.05234411040651732, -0.181315070072212, 2.097689116772598, 1.0, 1]",0.0
1.6069444444444447,0,0.003635697506102768,-0.00047624076453534677,-6.075684449644706e-06,5,"[-0.14868205035235313, 0.05414081195960257, -0.20013039767004534, 2.134682404542218, 1.0, 1]",0.0
1.6183333333333336,0,0.003693746961172302,-0.0005104194393412697,-6.983859488084975e-06,5,"[-0.15724909795948458, 0.05601974409361292, -0.21991357135853232, 2.1725942492436356, 1.0, 1]",0.0
1.6297222222222225,0,0.003750479525895707,-0.0005472060619352281,-8.03197619631812e-06,5,"[-0.1663451696848501, 0.05798552805116483, -0.2407137537866465, 2.2114553153117154, 1.0, 1]",0.0
1.6411111111111114,0,0.0038056491161028738,-0.0005868147873337524,-9.242375971413543e-06,5,"[-0.17600604348858517, 0.06004308524291271, -0.2625828914948692, 2.2512975575418044, 1.0, 1]",0.0
1.6525000000000003,0,0.003858985921523393,-0.0006294788238820152,-1.0641109782512598e-05,5,"[-0.18627017417844866, 0.062197659313542875, -0.2855758934088956, 2.2921542868004576, 1.0, 1]",0.0
1.6638888888888892,0,0.00391019425630685,-0.0006754522742190699,-1.2258580537316087e-05,5,"[-0.1971789151964144, 0.06445484002207169, -0.309750822248089, 2.3340602396735464, 1.0, 1]",0.0
1.675277777777778,0,0.003958950207956858,-0.0007250121693199029,-1.4130301671038046e-05,5,"[-0.2087767606864586, 0.06682058910183267, -0.3351690998953375, 2.3770516523237033, 1.0, 1]",0.0
1.6866666666666665,0,0.004004899064537877,-0.0007784607175489235,-1.629779395347779e-05,5,"[-0.22111160988057432, 0.06930126828213423, -0.36189572786921737, 2.4211663388503806, 1.0, 1]",0.0
1.6980555555555554,0,0.004047652497850108,-0.0008361277933513483,-1.8809646866763227e-05,5,"[-0.23423505606362857, 0.07190366967198031, -0.38999952414301864, 2.46644377446899, 1.0, 1]",0.0
1.7094444444444443,0,0.004086785477853243,-0.0008983736932564292,-2.1722776166639518e-05,5,"[-0.2482027026279245, 0.0746350487266986, -0.4195533776691491, 2.512925183850807, 1.0, 1]",0.0
1.7208333333333332,0,0.004121832890923499,-0.0009655921903203607,-2.510391560000662e-05,5,"[-0.2630745090087495, 0.07750316004105721, -0.4506345220930407, 2.560653634992885, 1.0, 1]",0.0
1.732222222222222,0,0.004152285831514855,-0.001038213922054809,-2.903138845134428e-05,5,"[-0.2789151696066205, 0.08051629623774538, -0.48332483027894974, 2.609674139017143, 1.0, 1]",0.0
1.743611111111111,0,0.004177587533424286,-0.0011167101513367083,-3.3597213926432555e-05,5,"[-0.29579452915494653, 0.08368333024826356, -0.5177111314226599, 2.6600337563305474, 1.0, 1]",0.0
1.755,0,0.004197128903086628,-0.001201596944853476,-3.8909614717400636e-05,5,"[-0.3137880383884677, 0.08701376131467102, -0.5538855526944795, 2.711781709614002, 1.0, 1]",0.0
1.7663888888888888,0,0.004210243613095006,-0.0012934398193948018,-4.50960058774754e-05,5,"[-0.33297725431398495, 0.09051776507566982, -0.5919458875419907, 2.7649695041466185, 1.0, 1]",0.0
1.7777777777777777,0,0.004216202709399137,-0.0013928589128611175,-5.230656192120442e-05,5,"[-0.3534503898872306, 0.09420624813963155, -0.6319959929877283, 2.819651056014692, 1.0, 1]",0.0
1.7891666666666666,0,0.004214208680307423,-0.0015005347443400332,-6.0718479542231916e-05,5,"[-0.37530291846594055, 0.09809090759090643, -0.6741462184846139, 2.8758828288014637, 1.0, 1]",0.0
1.8005555555555555,0,0.004203388929434326,-0.0016172146361446114,-7.054107835583578e-05,5,"[-0.39863823904804335, 0.10218429592469273, -0.7185138691441918, 2.933723979404898, 1.0, 1]",0.0
1.8119444444444444,0,0.00418278858800197,-0.0017437198804734174,-8.202191268256164e-05,5,"[-0.42356840902550635, 0.10649989196055941, -0.7652237064322859, 2.993236513686819, 1.0, 1]",0.0
1.8233333333333333,0,0.0041513625943252535,-0.0018809537445301455,-9.545410490471307e-05,5,"[-0.45021495200038575, 0.11105217834617216, -0.8144084897370114, 3.0544854527183247, 1.0, 1]",0.0
1.8347222222222221,0,0.004107966959766698,-0.0020299104207498627,-0.00011118515698426204,5,"[-0.47870974913338343, 0.11585672633175602, -0.8662095625587186, 3.117539010453982, 1.0, 1]",0.0
1.846111111111111,0,0.004051349130808452,-0.002191685043475556,-0.00012962755336997858,5,"[-0.5091960235421832, 0.12093028857333336, -0.9207774874547214, 3.182468783741637, 1.0, 1]",0.0
1.8575,0,0.003980137346003393,-0.0023674849103120605,-0.0001512715382959211,5,"[-0.541829428454786, 0.12629090080995353, -0.9782727342981592, 3.2493499556564256, 1.0, 1]",0.0
1.8688888888888888,0,0.0038928288742590914,-0.0025586420658045626,-0.0001767005365815886,5,"[-0.5767792511726272, 0.13195799335830188, -1.0388664268855772, 3.318261513237602, 1.0, 1]",0.0
1.8802777777777777,0,0.003787777006978175,-0.0027666274274560807,-0.00020660979350221688,5,"[-0.6142297464332606, 0.13795251347874068, -1.1027411534577825, 3.3892864808060312, 1.0, 1]",0.0
1.8916666666666666,0,0.0036631766607938166,-0.0029930666598938687,-0.00024182894115867734,5,"[-0.6543816145104615, 0.1442970597917297, -1.1700918472902244, 3.462512170149685, 1.0, 1]",0.0
1.9030555555555555,0,0.00351704842973266,-0.003239758032784652,-0.0002833493624102404,5,"[-0.6974536413828637, 0.15101603006470793, -1.2411267441704252, 3.5380304489853747, 1.0, 1]",0.0
1.9144444444444444,0,0.003347220905301349,-0.0035086925325485824,-0.0003323574268875514,5,"[-0.7436845205779747, 0.1581357838491638, -1.3160684243198597, 3.6159380292386203, 1.0, 1]",0.0
1.9258333333333333,0,0.0031513110598692354,-0.003802076537817585,-0.00039027492706619944,5,"[-0.7933348789000857, 0.16568482162846024, -1.3951549471464264, 3.6963367768314552, 1.0, 1]",0.0
1.9372222222222222,0,0.002926702462394868,-0.004122357414852069,-0.00045880835878076465,5,"[-0.8466895312288736, 0.1736939823420525, -1.478641088142927, 3.7793340448318125, 1.0, 1]",0.0
1.948611111111111,0,0.0026705210655378325,-0.004472252442868073,-0.0005400090863349179,5,"[-0.9040599929895421, 0.1821966613846065, -1.5667996882903164, 3.865043031999784, 1.0, 1]",0.0
1.96,0,0.002379608268952323,-0.004854781541734253,-0.0006363469284686858,5,"[-0.9657872828144474, 0.19122905144328292, -1.6599231274970916, 3.9535831689677843, 1.0, 1]",0.0
1.9713888888888889,0,0.0020504909244237826,-0.00527330434731712,-0.0007508003246488962,5,"[-1.0322450524213955, 0.20083040883788625, -1.7583249349259729, 4.045080534515709, 1.0, 1]",0.0
1.9827777777777778,0,0.0016793479037304645,-0.0057315622647177294,-0.0008869670257343647,5,"[-1.1038430859204047, 0.2110433483722055, -1.8623415505458374, 4.139668304651612, 1.0, 1]",0.0
1.9941666666666666,0,0.0012619727988014762,-0.006233726228938166,-0.0010492002430417292,5,"[-1.1810312167406927, 0.2219141700971719, -1.9723342539245445, 4.237487237486139, 1.0, 1]",0.0
2.0055555555555555,0,0.0007937322648708796,-0.00678445101874827,-0.0012427764418364645,5,"[-1.2643037172747662, 0.23349322183492158, -2.088691278173211, 4.338686197198728, 1.0, 1]",0.0
2.0169444444444444,0,0.0002695194496814903,-0.007388937105809067,-0.0014741025523691653,5,"[-1.3542042243223384, 0.24583530182629557, -2.2118301290960134, 4.443422720739402, 1.0, 1]",0.0
2.0283333333333333,0,-0.00031629812604527997,-0.008053001181182351,-0.0017509723882952466,5,"[-1.4513312726672711, 0.25900010645297566, -2.3422001320274317, 4.551863631296623, 1.0, 1]",0.0
2.039722222222222,0,-0.0009699369613564328,-0.008783156689696337,-0.0020828846312605253,5,"[-1.556344519853425, 0.2730527286614299, -2.4802852315924544, 4.66418570299436, 1.0, 1]",0.0
2.051111111111111,0,-0.0016982630690364495,-0.009586705924634443,-0.00248143802106256,5,"[-1.6699717576986093, 0.2880642134932144, -2.6266070727530653, 4.780576381766537, 1.0, 1]",0.0
2.0625,0,-0.0025088655184677135,-0.01047184549736088,-0.0029608235910747772,5,"[-1.793016820606615, 0.30411217802164303, -2.7817283950617284, 4.901234567901235, 1.0, 1]",0.0
2.073888888888889,0,-0.0034101391135904742,-0.011447787306635449,-0.003538439180559098,5,"[-1.9263685176712515, 0.3212815040279124, -2.946256776095319, 5.026371466358598, 1.0, 1]",0.0
2.085277777777778,0,-0.004411377452824701,-0.01252489749999095,-0.004235658395915174,5,"[-2.0710107353496965, 0.339665112943665, -3.120848764666322, 5.15621151165462, 1.0, 1]",0.0
2.0966666666666667,0,-0.005522877804425431,-0.01371485635616072,-0.005078795151302023,5,"[-2.228033880637028, 0.359364833968988, -3.3062144496909625, 5.290993374878398, 1.0, 1]",0.0
2.1080555555555556,0,-0.006756059447869727,-0.01503084253714446,-0.006100316515033166,5,"[-2.398647861824853, 0.38049237787742296, -3.503122516639982, 5.4309710612856295, 1.0, 1]",0.0
2.1194444444444445,0,-0.00812359738495235,-0.016487745778136394,-0.00734037164201782,5,"[-2.5841968358253116, 0.40317043088124455, -3.712405850428209, 5.5764151079001465, 1.0, 1]",0.0
2.1308333333333334,0,-0.009639573619778394,-0.0181024128240354,-0.008848724173877862,5,"[-2.7861759885913537, 0.4275338850967945, -3.9349677515569184, 5.7276138916747135, 1.0, 1]",0.0
2.1422222222222222,0,-0.011319648552536275,-0.0198939323081043,-0.010687201089211004,5,"[-3.006250659455439, 0.4537312246757527, -4.17178884147578, 5.88487506003144, 1.0, 1]",0.0
2.153611111111111,0,-0.013181255437098431,-0.02188396533283562,-0.012932804528345576,5,"[-3.2462781725601157, 0.4819260896191578, -4.4239347436772, 6.048527097043067, 1.0, 1]",0.0
2.165,0,-0.015243821328282364,-0.02409712979371359,-0.015681677205056428,5,"[-3.5083328005636747, 0.5122990427449766, -4.69256463920856, 6.218921040155219, 1.0, 1]",0.0
2.176388888888889,0,-0.0175290185044281,-0.02656144803083774,-0.019054170160346384,5,"[-3.7947343594140133, 0.5450495693309766, -4.978940809364703, 6.396432364216718, 1.0, 1]",0.0
2.187777777777778,0,-0.020061051011009575,-0.029308869260046427,-0.023201338552241664,5,"[-4.10808102055974, 0.5803983437156368, -5.2844392946319685, 6.581463051715561, 1.0, 1]",0.0
2.1991666666666667,0,-0.022866981750866492,-0.032375880497136855,-0.028313293343612923,5,"[-4.4512870313983965, 0.6185898027470593, -5.6105618178876435, 6.774443870553868, 1.0, 1]",0.0
2.2105555555555556,0,-0.025977106470067228,-0.03580422243668525,-0.03462997290877232,5,"[-4.8276261595857255, 0.6598950725883516, -5.958949141880005, 6.97583688348466, 1.0, 1]",0.0
2.2219444444444445,0,-0.029425382084235688,-0.03964173009393946,-0.04245508070931434,5,"[-5.240781826391006, 0.7046153032174135, -6.33139605668164, 7.186138216534054, 1.0, 1]",0.0
2.2333333333333334,0,-0.03324991809355351,-0.043943322105830816,-0.05217417973928116,5,"[-5.694905073931689, 0.7530854742426272, -6.7298682227884195, 7.405881117412308, 1.0, 1]",0.0
2.2447222222222223,0,-0.03749354138853289,-0.04877216759298685,-0.06427826408882212,5,"[-6.194681727461247, 0.8056787466896653, -7.1565211306297964, 7.63563933915578, 1.0, 1]",0.0
2.256111111111111,0,-0.04220444660567691,-0.05420106563242551,-0.07939457413022645,5,"[-6.7454103751005805, 0.8628114485604903, -7.613721478425994, 7.876030889134424, 1.0, 1]",0.0
2.2675,0,-0.047436946416950905,-0.060314079962967795,-0.09832702817539442,5,"[-7.353093103659917, 0.9249487976672444, -8.104071318738683, 8.12772218921854, 1.0, 1]",0.0
2.278888888888889,0,-0.05325233880926607,-0.0672084809004991,-0.12210947103324274,5,"[-8.024541313165171, 0.9926114840466433, -8.630435381120973, 8.391432699458086, 1.0, 1]",0.0
2.290277777777778,0,-0.05971991162840045,-0.07499705803362088,-0.15207607441437723,5,"[-8.767499400220222, 1.0663832568370872, -9.19597204569042, 8.667940065248596, 1.0, 1]",0.0
2.3016666666666667,0,-0.06691810854803662,-0.08381088168345016,-0.18995478650626205,5,"[-9.590789671276896, 1.1469196876829075, -9.804168522304572, 8.958085856831026, 1.0, 1]",0.0
2.3130555555555556,0,-0.07493588533075932,-0.09380260908931196,-0.23799188973257973,5,"[-10.504482546263812, 1.2349583155502761, -10.4588808848541, 9.262781980329377, 1.0, 1]",0.0
2.3244444444444445,0,-0.08387429096339186,-0.10515045378280076,-0.2991187311011033,5,"[-11.52009697244498, 1.3313304175822007, -11.164379723113187, 9.583017851646662, 1.0, 1]",0.0
2.3358333333333334,0,-0.09384831521128309,-0.11806296487289904,-0.3771758888381078,5,"[-12.650837027909683, 1.436974698891533, -11.925402309423687, 9.919868438751834, 1.0, 1]",0.0
2.3472222222222223,0,-0.10498905264318441,-0.13278479858756337,-0.4772159368242968,5,"[-13.911872004732064, 1.552953253003199, -12.74721233894866, 10.27450329460289, 1.0, 1]",0.0
2.358611111111111,0,-0.11744624360620834,-0.1496037094889069,-0.6059142959775599,5,"[-15.320668888741356, 1.6804702165428393, -13.635668496138614, 10.648196722657577, 1.0, 1]",0.0
2.37,0,-0.13139126545496288,-0.16885904602725868,-0.7721294852245264,5,"[-16.897388179598657, 1.8208936299266358, -14.59730333363995, 11.04233924022284, 1.0, 1]",0.0
2.381388888888889,0,-0.1470206631651013,-0.19095210810510643,-0.9876709676434798,5,"[-18.665356529161414, 1.9757811242917478, -15.639414232146498, 11.458450532522571, 1.0, 1]",0.0
2.392777777777778,0,-0.1645603280608639,-0.2163588178089687,-1.2683570375782793,5,"[-20.651632857240518, 2.146910188880563, -16.77016855190857, 11.89819412322039, 1.0, 1]",0.0
2.404166666666667,0,-0.18427045774726916,-0.24564527469619207,-1.6354802407249458,5,"[-22.887688612855193, 2.336313939153778, -17.998725502902737, 12.363394026331095, 1.0, 1]",0.0
2.4155555555555557,0,-0.20645146073239035,-0.2794869223329408,-2.1178487900024736,5,"[-25.410227922319713, 2.5463235125290646, -19.335377768830973, 12.856053691361423, 1.0, 1]",0.0
2.4269444444444446,0,-0.23145100729755325,-0.3186922543320042,-2.7546470608772085,5,"[-28.26217981300793, 2.7796184767487047, -20.79171654269218, 13.378377609841097, 1.0, 1]",0.0
2.4383333333333335,0,-0.25967247605763577,-0.3642322509574787,-3.599468242995359,5,"[-31.49390293219154, 3.039286959625546, -22.380824397276417, 13.932796019258, 1.0, 1]",0.0
2.4497222222222224,0,-0.29158510613461025,-0.4172770817775546,-4.726035512562292,5,"[-35.16465373559763, 3.328897616727076, -24.117501359116257, 14.52199322244933, 1.0, 1]",0.0
2.4611111111111112,0,-0.3277362415959497,-0.479242063524741,-6.236372289073828,5,"[-39.34438272191429, 3.6525860695402335, -26.018530726046848, 15.14894014005504, 1.0, 1]",0.0
2.4725,0,-0.36876615259730217,-0.5518454631447568,-8.272550157057657,5,"[-44.11594090414524, 4.015159102516982, -28.102992626953657, 15.816931834914367, 1.0, 1]",0.0
2.483888888888889,0,-0.41542604289164353,-0.637181536162191,-11.033702097473748,5,"[-49.57780163912284, 4.422220745052584, -30.392635145712475, 16.529630895609582, 1.0, 1]",0.0
2.495277777777778,0,-0.46860001452058664,-0.7378132623079624,-14.800845061434542,5,"[-55.84743294847805, 4.880325439632731, -32.912315121529915, 17.291117748520282, 1.0, 1]",0.0
2.506666666666667,0,-0.529331968974132,-0.8568906848143727,-19.973379194002856,5,"[-63.06549496670637, 5.397164884651171, -35.69052362808394, 18.105949192435688, 1.0, 1]",0.0
2.5180555555555557,0,-0.5988586952470534,-0.998302718806009,-27.123194330155627,5,"[-71.40108945200272, 5.981796940061094, -38.76001479938269, 18.979226728160793, 1.0, 1]",0.0
2.5294444444444446,0,-0.6786507498697152,-1.166872968720807,-37.075562210079205,5,"[-81.05835796543568, 6.644927331931855, -42.15856134325457, 19.916676602111842, 1.0, 1]",0.0
2.5408333333333335,0,-0.7704632006122409,-1.3686137713133089,-51.03115607641781,5,"[-92.28481872967718, 7.399257973335527, -45.92986607312654, 20.92474391644883, 1.0, 1]",0.0
2.5522222222222224,0,-0.876398923307838,-1.6110577716792807,-70.75183304638138,5,"[-105.38195824943588, 8.259919788016338, -50.12466650991803, 22.010703703475674, 1.0, 1]",0.0
2.5636111111111113,0,-0.9989879643655283,-1.9036934425130372,-98.84628248752115,5,"[-120.71876513556869, 9.245013331543626, -54.80207961823152, 23.182792551303308, 1.0, 1]",0.0
2.575,0,-1.1412875857889053,-2.2585409455786998,-139.2137641886476,5,"[-138.74912821577746, 10.37628774193111, -60.03124680552735, 24.45036524413689, 1.0, 1]",0.0
2.586388888888889,0,-1.307009101484476,-2.690918899428975,-197.74093021533935,5,"[-160.0343448014035, 11.67999830597598, -65.89335647179344, 25.824082001438427, 1.0, 1]",0.0
2.597777777777778,0,-1.5006796446131463,-3.2204728817262454,-283.40862039230024,5,"[-185.2724354294781, 13.18799617319826, -72.48414408881163, 27.316133342829744, 1.0, 1]",0.0
2.609166666666667,0,-1.727849792308037,-3.8725657531523456,-410.07110375285185,5,"[-215.33659344923583, 14.939121878509303, -79.91700001415592, 28.94051147450889, 1.0, 1]",0.0
2.6205555555555557,0,-1.9953618292484478,-4.680172547918078,-599.3528780406915,5,"[-251.32599272366116, 16.980999355532507, -88.32685581508495, 30.713339530930977, 1.0, 1]",0.0
2.6319444444444446,0,-2.311698812091025,-5.686485511680287,-885.4287779110648,5,"[-294.6334559058992, 19.37236195918217, -97.87507477089606, 32.653273209129416, 1.0, 1]",0.0
2.6433333333333335,0,-2.68744217604935,-6.948528435884691,-1323.0249162273267,5,"[-347.03633274894366, 22.18609097189944, -108.7556471296656, 34.78199357537295, 1.0, 1]",0.0
2.6547222222222224,0,-3.1358764068018754,-8.542220380121135,-2001.0146167783055,5,"[-410.81963333406384, 25.513216544735958, -121.2030938370408, 37.12481548769295, 1.0, 1]",0.0
2.6661111111111113,0,-3.673794799093028,-10.569543781818073,-3065.8962623184316,5,"[-488.94443941300926, 29.46823065718983, -135.5026258339058, 39.71144370524388, 1.0, 1]",0.0
2.6775,0,-4.322582848621467,-13.168803915881503,-4763.035968460389,5,"[-585.2805597994496, 34.19620614825811, -152.00330736310704, 42.57691912211479, 1.0, 1]",0.0
2.688888888888889,0,-5.10968894990601,-16.529486568034564,-7510.45447344625,5,"[-704.931387188439, 39.88242783613834, -171.13525753158444, 45.76281179138329, 1.0, 1]",0.0
2.700277777777778,0,-6.070641404454801,-20.914047101033642,-12033.448333835691,5,"[-854.6927048498426, 46.76555667514828, -193.43233476781555, 49.31873713813938, 1.0, 1]",0.0
2.711666666666667,0,-7.251845201708309,-26.690298256520077,-19615.413731898356,5,"[-1043.7086552348526, 55.155822145931396, -219.56234539405486, 53.304299434587875, 1.0, 1]",0.0
2.723055555555556,0,-8.714506046677887,-34.38025483485447,-32575.854290931693,5,"[-1284.4220136353376, 65.46046259504708, -250.3676962650078, 57.791605888656825, 1.0, 1]",0.0
2.7344444444444447,0,-10.540206404436857,-44.734956712688756,-55203.81576107021,5,"[-1593.9704595267551, 78.21975737059601, -286.9207241961133, 62.86855116526528, 1.0, 1]",0.0
2.7458333333333336,0,-12.838938671602692,-58.8510381679879,-95629.35614090852,5,"[-1996.2698372056668, 94.15876806988196, -330.5999262199636, 68.64315446863162, 1.0, 1]",0.0
2.7572222222222225,0,-15.760851908790757,-78.35569024180852,-169684.64901379327,5,"[-2525.17447086166, 114.26275496469266, -383.1963854320895, 75.24935309453963, 1.0, 1]",0.0
2.7686111111111114,0,-19.513709480401438,-105.70604836424229,-309122.2789285664,5,"[-3229.3587956114347, 139.88890089822735, -447.0645076617612, 82.85483947880891, 1.0, 1]",0.0
2.7800000000000002,0,-24.38929736185363,-144.68445444328836,-579714.6432695383,5,"[-4180.008139674367, 172.93478230674813, -525.3388997412156, 91.67180899908195, 1.0, 1]",0.0
2.791388888888889,0,-30.804155116052538,-201.23753756440004,-1122636.6948977828,5,"[-5483.200303267287, 216.09739662206678, -622.2518338648401, 101.97192294182324, 1.0, 1]",0.0
2.802777777777778,0,-39.363755181272985,-284.935694013534,-2253079.786730083,5,"[-7300.320031035046, 273.28003996306, -743.6068485927163, 114.10748749145924, 1.0, 1]",0.0
2.814166666666667,0,-50.96605193410922,-411.58675052485114,-4706284.916136184,5,"[-9882.618652830573, 350.2467546013525, -897.5002682226794, 128.54198511487854, 1.0, 1]",0.0
2.825555555555556,0,-66.97301360733312,-608.0710339693484,-10283660.04413056,5,"[-13631.46634515204, 455.7031265775119, -1095.446404562956, 145.8949941624862, 1.0, 1]",0.0
2.8369444444444447,0,-89.50328705492582,-921.6175362608539,-23650226.213171475,5,"[-19206.918177195377, 603.1347342551275, -1354.1788158175611, 167.00980174588534, 1.0, 1]",0.0
2.8483333333333336,0,-121.94846062121933,-1438.3475636796732,-57672327.912198134,5,"[-27730.75214273937, 814.0404324692864, -1698.6201760064296, 193.057824471012, 1.0, 1]",0.0
2.8597222222222225,0,-169.91895192973328,-2322.1224653137106,-150496800.5675531,5,"[-41182.61818310621, 1123.8386366431246, -2166.945979462973, 225.70465422779992, 1.0, 1]",0.0
2.8711111111111114,0,-243.05418310117926,-3900.4314647893707,-425119379.0251999,5,"[-63211.52529377358, 1593.136863054618, -2819.5571178263617, 267.3830889153136, 1.0, 1]",0.0
2.8825000000000003,0,-358.6664160631521,-6866.557414742316,-1319178910.6241746,5,"[-100894.86074496164, 2330.350213517164, -3755.7046516561068, 321.7598410542745, 1.0, 1]",0.0
2.893888888888889,0,-549.5250568644615,-12791.9133958201,-4584036665.9958515,5,"[-168813.8940223557, 3539.879622796478, -5145.951352139982, 394.57046620920084, 1.0, 1]",0.0
2.905277777777778,0,-881.7102073427553,-25544.515256265528,-18303553891.491608,5,"[-299279.29066805576, 5632.288124455778, -7299.646720587923, 495.1962216049467, 1.0, 1]",0.0
2.916666666666667,0,-1499.258230452697,-55664.53772925993,-87030596067.6763,5,"[-570604.652025689, 9499.012938271748, -10816.253333333449, 639.844444444449, 1.0, 1]",0.0
2.928055555555556,0,-2748.5144786572805,-135820.02562539838,-518834333181.0061,5,"[-1195378.0193033924, 17275.30757047341, -16958.358324711753, 858.5078513704067, 1.0, 1]",0.0
2.9394444444444447,0,-5576.043089063085,-385881.4194123904,-4193792448042.0215,5,"[-2842847.9005663204, 34774.42822094222, -28689.52592877372, 1211.863634748303, 1.0, 1]",0.0
2.9508333333333336,0,-13062.767463564445,-1360686.1418616008,-52218579971404.016,5,"[-8094150.664577272, 80845.03969623412, -54069.26720524921, 1838.3965846340686, 1.0, 1]",0.0
2.9622222222222225,0,-38147.98969608223,-6679489.153463344,-1260136125796190.5,5,"[-30360864.012527045, 234342.03642911132, -120226.1845362673, 3114.0312956555686, 1.0, 1]",0.0
2.9736111111111114,0,-163063.3681391277,-58074934.39786458,-9.539864599164912e+16,5,"[-183371244.61161548, 994418.7419534262, -355761.5013286807, 6382.1159125886425, 1.0, 1]",0.0
2.9850000000000003,0,-1589371.5378627595,-1738986031.1801653,-8.566486968761878e+19,5,"[-3103777602.6770988, 9623757.344778756, -1953580.5002470391, 19752.930864198373, 1.0, 1]",0.0
2.996388888888889,0,-481398064.9595214,-9021974046426.06,-2.309253583584374e+27,5,"[-3854981641696.1187, 2894676062.0343986, -141199963.8400805, 340828.24681136943, 1.0, 1]",0.0
3.007777777777778,0,-22753699.846253224,-91262294736.23158,-2.366580664084605e+23,5,"[83521473441.67319, 135891481.87324226, 14249912.28310802, 73469.2321995403, 1.0, 1]",0.0
3.019166666666667,0,-627515.9150859492,-411526561.34673136,-4.819661836079864e+18,5,"[922914824.0080874, 3722853.1378799155, 960131.249913104, 12098.14312119261, 1.0, 1]",0.0
3.030555555555556,0,-98791.42942903582,-25314200.23940992,-1.8266015121974056e+16,5,"[89997813.31437616, 582298.9265810609, 238925.06597544925, 4760.175022956737, 1.0, 1]",0.0
3.041944444444445,0,-28286.838431732467,-3819985.48099443,-416625383824675.4,5,"[18538239.181656066, 165672.18449545972, 93119.67779551286, 2526.04943545357, 1.0, 1]",0.0
3.0533333333333337,0,-11000.79468878573,-912629.2172509494,-23819374873732.4,5,"[5599824.571724143, 64030.806688269964, 45663.809166665815, 1562.3444444444244, 1.0, 1]",0.0
3.0647222222222226,0,-5155.584498693366,-288482.80434355105,-2384038568459.1406,5,"[2135983.0648525096, 29826.49376660594, 25756.264972724508, 1060.8328583035945, 1.0, 1]",0.0
3.0761111111111115,0,-2739.737937306677,-110123.8204798717,-348000829780.1179,5,"[953434.6217067405, 15756.17512884429, 15964.135842326112, 767.0669922626483, 1.0, 1]",0.0
3.0875000000000004,0,-1593.738205360224,-48153.30329892514,-66654094082.14065,5,"[476570.04367426556, 9112.401285719283, 10589.704554583614, 580.3433106575917, 1.0, 1]",0.0
3.0988888888888892,0,-992.5365717125377,-23327.58873413973,-15670539103.716846,5,"[259438.67849305845, 5642.7600267597745, 7393.603701514927, 454.3325141326119, 1.0, 1]",0.0
3.110277777777778,0,-651.9469984857932,-12242.863102539053,-4324068037.6103115,5,"[150975.60628370912, 3685.8722400167317, 5372.765152469882, 365.3058076914648, 1.0, 1]",0.0
3.121666666666667,0,-446.93797285486824,-6851.938049045898,-1356901933.1685536,5,"[92689.96783830095, 2513.1042414805797, 4031.6527273272195, 300.08839265236156, 1.0, 1]",0.0
3.133055555555556,0,-317.3318321520228,-4042.5278610697965,-473190004.9001633,5,"[59461.93163338756, 1774.856099508586, 3106.0477129992823, 250.88937538529493, 1.0, 1]",0.0
3.144444444444445,0,-232.0053201774593,-2492.4709152745277,-180223131.19360957,5,"[39571.4939729912, 1290.8726879691217, 2446.1736125018774, 212.86219592373328, 1.0, 1]",0.0
3.1558333333333333,0,-173.88419639506745,-1595.2663002552745,-73969126.14460021,5,"[27166.687564647757, 962.5648071783123, 1962.7504149827857, 182.86369006199155, 1.0, 1]",0.0
3.167222222222222,0,-133.12861098863354,-1054.3088133651402,-32371779.59759899,5,"[19155.326767337847, 733.2851298322746, 1600.274643355081, 158.78308750577943, 1.0, 1]",0.0
3.178611111111111,0,-103.82591798124967,-716.4628735382747,-14978839.163684968,5,"[13823.159845341708, 569.0951558711643, 1322.9872692271408, 139.16029718565323, 1.0, 1]",0.0
3.19,0,-82.29339310565315,-498.8983487411028,-7277595.710711098,5,"[10179.839988467971, 448.9175397584756, 1107.1319350083431, 122.95924899969228, 1.0, 1]",0.0
3.201388888888889,0,-66.16454517791881,-354.9656084546266,-3691667.3877232154,5,"[7632.375464254833, 359.24701616206784, 936.4994650593852, 109.42827321971205, 1.0, 1]",0.0
3.2127777777777777,0,-53.87650186973329,-257.4446766694079,-1945885.6689887757,5,"[5814.376933018811, 291.1897646284284, 799.768210976847, 98.01131448923313, 1.0, 1]",0.0
3.2241666666666666,0,-44.37183594557788,-189.94777163751573,-1061526.1358143438,5,"[4493.094310153494, 238.745157526793, 688.8648216176615, 88.28987775796972, 1.0, 1]",0.0
3.2355555555555555,0,-36.91951296182412,-142.32982605796488,-597283.2017025759,5,"[3516.9724033869015, 197.77625028994441, 597.9250286702, 79.94412404572607, 1.0, 1]",0.0
3.2469444444444444,0,-31.004284546545605,-108.15159083722479,-345616.05227180925,5,"[2785.1153922399676, 165.3752184027108, 522.6180891226267, 72.72622286106252, 1.0, 1]",0.0
3.2583333333333333,0,-26.256610685621542,-83.23292124424984,-205149.97742242925,5,"[2228.9981973942017, 139.46219049940132, 459.6976585769754, 66.44173892935602, 1.0, 1]",0.0
3.269722222222222,0,-22.407236620778228,-64.80429415454819,-124639.42726354796,5,"[1801.2308468744484, 118.52578091800517, 406.6971038639984, 60.93639950367502, 1.0, 1]",0.0
3.281111111111111,0,-19.257136810268992,-50.99639623626277,-77358.34055489115,5,"[1468.4952501849064, 101.45176991842499, 361.7189856531828, 56.08653540040377, 1.0, 1]",0.0
3.2925,0,-16.657250549255,-40.525918980799496,-48965.24024688317,5,"[1207.0111002799629, 87.40784137701634, 323.28716406938935, 51.792074739653096, 1.0, 1]",0.0
3.303888888888889,0,-14.494583206367421,-32.498021300316104,-31560.48712138581,5,"[999.5691765118139, 75.7646937323852, 290.2413062105663, 47.97133902315031, 1.0, 1]",0.0
3.3152777777777778,0,-12.682522479597138,-26.27971937093347,-20686.77634083706,5,"[833.5559171438639, 66.04118972519832, 261.6605814435387, 44.55713050472119, 1.0, 1]",0.0
3.3266666666666667,0,-11.153993106831477,-21.41728255666744,-13772.585494520365,5,"[699.6166741948899, 57.86566360707908, 236.80775515870658, 41.49375723078348, 1.0, 1]",0.0
3.3380555555555556,0,-9.856552968262143,-17.581449063551716,-9303.478731994315,5,"[590.7375925592183, 50.94825870601115, 215.08773890762535, 38.73474745797031, 1.0, 1]",0.0
3.3494444444444444,0,-8.748836240803465,-14.530536009024841,-6370.3394807675995,5,"[501.6062602503443, 45.06090426860181, 196.01651897198906, 36.241076744939086, 1.0, 1]",0.0
3.3608333333333333,0,-7.797943753839329,-12.085246051638817,-4417.612440354324,5,"[428.16074713524665, 40.022654072428516, 179.19762555710165, 33.9797803841529, 1.0, 1]",0.0
3.3722222222222222,0,-6.977507689391882,-10.111234432903869,-3100.1049103892246,5,"[367.2677051171684, 35.68883527560346, 164.30414215401052, 31.92285834509047, 1.0, 1]",0.0
3.383611111111111,0,-6.266241949598729,-8.506897064915915,-2199.9659661936444,5,"[316.4900197288804, 31.942936441019654, 151.06482784074208, 30.04640432093101, 1.0, 1]",0.0
3.395,0,-5.646846102461016,-7.194717224550304,-1577.6870631023971,5,"[273.91734279066077, 28.690486156930636, 139.25332277748592, 28.329907956346023, 1.0, 1]",0.0
3.406388888888889,0,-5.105169358578989,-6.115067486893807,-1142.6941340089327,5,"[238.04127402743035, 25.854392978400153, 128.67968609808048, 26.755691991012352, 1.0, 1]",0.0
3.417777777777778,0,-4.629567606036326,-5.221725118212603,-835.4181987130324,5,"[207.6625795155487, 23.37136839120587, 119.1837133711541, 25.30845530908908, 1.0, 1]",0.0
3.4291666666666667,0,-4.2104050656444345,-4.478596184538599,-616.2012435167592,5,"[181.8216248722162, 21.18915964239396, 110.62962279386032, 23.974899718268553, 1.0, 1]",0.0
3.4405555555555556,0,-3.839665197103884,-3.857301000044882,-458.33511181609435,5,"[159.74578725765915, 19.264393301549088, 102.90180213337192, 22.743423372613208, 1.0, 1]",0.0
3.4519444444444445,0,-3.510644794966623,-3.335379270010562,-343.6357688136686,5,"[140.80939456882618, 17.560883060520133, 95.90138363227021, 21.603867577960035, 1.0, 1]",0.0
3.4633333333333334,0,-3.217711907453077,-2.894945124254446,-259.59422334138446,5,"[124.50298419484618, 16.04829308202278, 89.54346956387577, 20.547306615139544, 1.0, 1]",0.0
3.4747222222222223,0,-2.9561130692835595,-2.5216715728852876,-197.52064598630528,5,"[110.40954959176483, 14.701075601075967, 83.75487238136627, 19.565872426480137, 1.0, 1]",0.0
3.486111111111111,0,-2.7218188957618814,-2.204018139833282,-151.3218366969095,5,"[98.18606542535552, 13.497621505442703, 78.47226433430514, 18.652607709750562, 1.0, 1]",0.0
3.4975,0,-2.5113997096626854,-1.932639397622975,-116.6872868015605,5,"[87.54902836638259, 12.419577375592812, 73.64065478722564, 17.801342278113065, 1.0, 1]",0.0
3.5088888888888894,0,-2.3219248242091033,-1.6999290651807282,-90.54176263448839,5,"[78.26307335179156, 11.451293421737104, 69.21213124490863, 17.006588568316953, 1.0, 1]",0.0
3.5202777777777783,0,-2.1508805676735157,-1.4996664043834258,-70.67357303400202,5,"[70.13196034982457, 10.579374952652847, 65.14481369752585, 16.263452981473698, 1.0, 1]",0.0
3.531666666666667,0,-1.996103238350948,-1.3267403283297456,-55.47980717759419,5,"[62.99139942092935, 9.7923161866356, 61.40198238754287, 15.567560372943545, 1.0, 1]",0.0
3.543055555555556,0,-1.8557240165673619,-1.176932919367521,-43.790197980534394,5,"[56.70330966262606, 9.080199898701677, 57.95134723404225, 14.914989508906318, 1.0, 1]",0.0
3.554444444444445,0,-1.7281235008583362,-1.0467486412741283,-34.74432013208089,5,"[51.15120282043344, 8.434449973223627, 54.76443349457418, 14.302217706399192, 1.0, 1]",0.0
3.565833333333334,0,-1.6118940279958966,-0.9332789006613721,-27.705283536892992,5,"[46.23645372526421, 7.847626676626859, 51.816063221090786, 13.726073193297557, 1.0, 1]",0.0
3.5772222222222227,0,-1.505808317528467,-0.8340941067992381,-22.198608586680976,5,"[41.87527357727952, 7.313256585433102, 49.08391599078594, 13.183693981970785, 1.0, 1]",0.0
3.5886111111111116,0,-1.4087932778406174,-0.7471572366206941,-17.868616183238235,5,"[37.9962429828734, 6.825690752142343, 46.54815550304777, 12.672492258320137, 1.0, 1]",0.0
3.6000000000000005,0,-1.3199080424731968,-0.6707543037947039,-14.447093426697801,5,"[34.538292869989185, 6.379985977747272, 44.19111111111102, 12.190123456790102, 1.0, 1]",0.0
3.6113888888888894,0,-1.2383254875843996,-0.6034381803137431,-11.730626446713368,5,"[31.449045376053252, 5.97180506930103, 41.997005339467606, 11.734459329669654, 1.0, 1]",0.0
3.6227777777777783,0,-1.163316625295648,-0.5439830148822616,-9.564095922458687,5,"[28.683445304079413, 5.597332757323135, 39.9517200316735, 11.30356443177573, 1.0, 1]",0.0
3.634166666666667,0,-1.0942373818330242,-0.4913470991799692,-7.82858433088445,5,"[26.20262709643898, 5.253204578947029, 38.04259505971734, 10.895675534320288, 1.0, 1]",0.0
3.645555555555556,0,-1.0305173603864988,-0.44464249817352813,-6.432462112029347,5,"[23.972973466937162, 4.93644653514784, 36.25825456907317, 10.509183558263853, 1.0, 1]",0.0
3.656944444444445,0,-0.97165026147816,-0.4031101189669123,-5.3047788589198275,5,"[21.965330598419982, 4.644423732127456, 34.58845658244709, 10.142617680815215, 1.0, 1]",0.0
3.668333333333334,0,-0.9171856922188828,-0.366099170087217,-4.390336010638841,5,"[20.154351711749076, 4.3747965395089965, 33.02396247882121, 9.79463132139171, 1.0, 1]",0.0
3.679722222222223,0,-0.8667221431296732,-0.3330501788855987,-3.645993362632991,5,"[18.51794626450148, 4.125483058054119, 31.556423433209385, 9.463989757262523, 1.0, 1]",0.0
3.6911111111111117,0,-0.8199009495342311,-0.3034809033472892,-3.037886004339667,5,"[17.036816365547224, 3.894626900098112, 30.17828137068931, 9.149559155830788, 1.0, 1]",0.0
3.7025000000000006,0,-0.7764010857100445,-0.2769746069407696,-2.5393167111647212,5,"[15.694065440770324, 3.6805694568946272, 28.882682374908317, 8.850296841337972, 1.0, 1]",0.0
3.7138888888888895,0,-0.7359346654420292,-0.25317026944079607,-2.1291520948942386,5,"[14.474866944861182, 3.481825966485844, 27.66340081163256, 8.565242639723692, 1.0, 1]",0.0
3.7252777777777784,0,-0.6982430434791893,-0.23175438920790273,-1.7905963677353771,5,"[13.366183130544037, 3.2970648097951774, 26.514772694235564, 8.293511167281746, 1.0, 1]",0.0
3.7366666666666672,0,-0.6630934295401537,-0.21245409799544376,-1.510249551938117,5,"[12.356525673294074, 3.1250895563008214, 25.43163704010388, 8.03428494730064, 1.0, 1]",0.0
3.748055555555556,0,-0.6302759406543229,-0.19503136166823182,-1.2773809713912911,5,"[11.435751394992044, 2.964823357798047, 24.409284152686645, 7.786808254622488, 1.0, 1]",0.0
3.759444444444445,0,-0.5996010293251169,-0.1792780820961567,-1.0833664275693582,5,"[10.594887503278647, 2.8152953525084965, 23.443409919726054, 7.550381601456649, 1.0, 1]",0.0
3.770833333333334,0,-0.5708972347117055,-0.16501194913310124,-0.9212503826283592,5,"[9.82598171899829, 2.6756287946354145, 22.53007534927179, 7.324356789221643, 1.0, 1]",0.0
3.782222222222223,0,-0.5440092121078829,-0.15207291871829595,-0.7854040231241115,5,"[9.12197344495933, 2.545030668391933, 21.665670675635436, 7.1081324609733585, 1.0, 1]",0.0
3.7936111111111117,0,-0.5187960027437234,-0.14032021508108253,-0.6712571716018699,5,"[8.47658276925183, 2.422782582154282, 20.846883460936777, 6.901150097367962, 1.0, 1]",0.0
3.8050000000000006,0,-0.49512951158359264,-0.1296297728391734,-0.5750873068088223,5,"[7.884214622541913, 2.3082327690125912, 20.070670197168837, 6.702890406320047, 1.0, 1]",0.0
3.8163888888888895,0,-0.47289316553487964,-0.11989204927972827,-0.49385292126384783,5,"[7.339875842623129, 2.2007890456627646, 19.334230981091352, 6.512870062729628, 1.0, 1]",0.0
3.8277777777777784,0,-0.45198072847157245,-0.11101014895338426,-0.4250614323601877,5,"[6.839103258267472, 2.09991260316044, 18.634986891676146, 6.3306387600158045, 1.0, 1]",0.0
3.8391666666666673,0,-0.43229525284310155,-0.1028982124100135,-0.3666641219670871,5,"[6.377901201902293, 2.0051125212416325, 17.970559748862115, 6.155776539836276, 1.0, 1]",0.0
3.850555555555556,0,-0.4137481504861678,-0.09548002887203877,-0.31697229442594854,5,"[5.95268710797637, 1.9159409132760086, 17.33875397435023, 5.987891370395849, 1.0, 1]",0.0
3.861944444444445,0,-0.39625836767138395,-0.08868783920418362,-0.2745901500881849,5,"[5.560244060056731, 1.831988621927352, 16.737540311177007, 5.826616947243126, 1.0, 1]",0.0
3.873333333333333,0,-0.3797516514681714,-0.08246130095979338,-0.23836087192397057,5,"[5.1976793220066115, 1.7528813966377865, 16.165041189762054, 5.671610693497533, 1.0, 1]",0.0
3.884722222222222,0,-0.3641598962588804,-0.076746591773888,-0.2073231911877093,5,"[4.862388032950726, 1.6782764934465206, 15.619517554795436, 5.52255193910274, 1.0, 1]",0.0
3.896111111111111,0,-0.34942056072492006,-0.07149563110151554,-0.1806762906075365,5,"[4.552021366965243, 1.607859645663844, 15.09935699035604, 5.379140261021553, 1.0, 1]",0.0
3.9074999999999998,0,-0.33547614690389177,-0.06666540340369537,-0.1577513620126621,5,"[4.264458560475335, 1.541342360765501, 14.603063000565996, 5.241093968316611, 1.0, 1]",0.0
3.9188888888888886,0,-0.3222737340108815,-0.06221736847335802,-0.13798849128798124,5,"[3.997782296439439, 1.4784595047335454, 14.129245320348353, 5.108148717841248, 1.0, 1]",0.0
3.9302777777777775,0,-0.309764560656951,-0.058116946760278135,-0.12091782089571362,5,"[3.7502570071955517, 1.4189671400987, 13.676611145841054, 4.980056247827906, 1.0, 1]",0.0
3.9416666666666664,0,-0.2979036499069036,-0.05433306937058477,-0.10614415701258686,5,"[3.5203097195323028, 1.362640588262899, 13.243957187057251, 4.856583218036741, 1.0, 1]",0.0
3.9530555555555553,0,-0.28664947231613985,-0.050837783942985666,-0.09333435836163963,5,"[3.3065131179289255, 1.3092726904052652, 12.830162456742709, 4.737510146339007, 1.0, 1]",0.0
3.964444444444444,0,-0.2759636426893001,-0.04760590888951586,-0.08220697758326337,5,"[3.1075705464807086, 1.258672244489425, 12.43418171929816, 4.622630432679491, 1.0, 1]",0.0
3.975833333333333,0,-0.2658106468252746,-0.044614729573749144,-0.07252373154885547,5,"[2.9223027080282544, 1.2106625986694757, 12.05503953230622, 4.511749462307828, 1.0, 1]",0.0
3.987222222222222,0,-0.25615759496576,-0.04184373091721046,-0.06408246057006495,5,"[2.749635851473563, 1.165080383799788, 11.69182482079798, 4.404683781005628, 1.0, 1]",0.0
3.998611111111111,0,-0.24697399905770118,-0.039274361702587524,-0.05671130277940179,5,"[2.5885912660517905, 1.1217743698429343, 11.343685931057616, 4.30126033577861, 1.0, 1]",0.0
4.01,0,-0.2382315712821189,-0.036889826502919554,-0.05026386275618447,5,"[2.4382759251538912, 1.0806044327863336, 11.009826116618136, 4.2013157751418735, 1.0, 1]",0.0
4.021388888888889,0,-0.2299040416000625,-0.034674901728020166,-0.04461519562046846,5,"[2.2978741427633294, 1.0414406202593602, 10.689499414253858, 4.104695803712405, 1.0, 1]",0.0
4.032777777777778,0,-0.22196699232681583,-0.03261577275857176,-0.039658461556327115,5,"[2.1666401231838863, 1.0041623054218227, 10.382006872315936, 4.011254586344587, 1.0, 1]",0.0
4.0441666666666665,0,-0.21439770797320726,-0.030699889547595692,-0.03530213280445036,5,"[2.0438912999201473, 0.968657419899388, 10.086693097765504, 3.920854197509555, 1.0, 1]",0.0
4.055555555555555,0,-0.2071750387923104,-0.02891583841919796,-0.03146765695365496,5,"[1.9290023726842074, 0.9348217575955133, 9.80294309180153, 3.8333641120344737, 1.0, 1]",0.0
4.066944444444444,0,-0.2002792766447697,-0.027253228094669263,-0.028087497939083148,5,"[1.821399962843076, 0.9025583421328872, 9.530179347116116, 3.7486607336888524, 1.0, 1]",0.0
4.078333333333333,0,-0.19369204194968448,-0.02570258823377758,-0.025103490370766646,5,"[1.7205578174470162, 0.8717768514879409, 9.267859182589623, 3.6666269584372175, 1.0, 1]",0.0
4.089722222222222,0,-0.1873961806231908,-0.024255279000798102,-0.022465454340845632,5,"[1.6259925005043934, 0.8423930940941072, 9.015472293704459, 3.58715176947499, 1.0, 1]",0.0
4.101111111111111,0,-0.18137567002601007,-0.022903410355843142,-0.020130027222730617,5,"[1.5372595175779775, 0.8143285313163846, 8.77253849914896, 3.510129861431436, 1.0, 1]",0.0
4.1125,0,-0.17561553304633531,-0.02163976993689682,-0.018059676603223867,5,"[1.453949826226518, 0.7875098417521698, 8.53860566603323, 3.4354612913633247, 1.0, 1]",0.0
4.123888888888889,0,-0.17010175953727513,-0.020457758540443013,-0.016221864715462088,5,"[1.3756866904365868, 0.7618685233008483, 8.313247797877027, 3.3630511543785717, 1.0, 1]",0.0
4.135277777777778,0,-0.16482123441021795,-0.019351332331921458,-0.014588339835076736,5,"[1.3021228420965556, 0.7373405293755025, 8.096063271080276, 3.292809281923191, 1.0, 1]",0.0
4.1466666666666665,0,-0.15976167175823466,-0.01831495102419265,-0.013134534279165225,5,"[1.232937916854051, 0.7138659360112608, 7.886673206971297, 3.224649960939849, 1.0, 1]",0.0
4.158055555555555,0,-0.15491155444817592,-0.01734353135505524,-0.01183905207999885,5,"[1.1678361354530633, 0.6913886369626621, 7.6847199677662275, 3.158491672264077, 1.0, 1]",0.0
4.169444444444444,0,-0.1502600786774198,-0.016432405275612568,-0.010683232231564553,5,"[1.10654420493839, 0.6698560641819832, 7.489865765881539, 3.094256846766707, 1.0, 1]",0.0
4.180833333333333,0,-0.14579710304218718,-0.01557728233160879,-0.009650775738855543,5,"[1.0488094170040196, 0.6492189313366855, 7.301791377034904, 3.0318716378799393, 1.0, 1]",0.0
4.192222222222222,0,-0.1415131017096933,-0.014774215781182242,-0.00872742662761166,5,"[0.9943979233012094, 0.6294309982607758, 7.120194948461054, 2.971265709261018, 1.0, 1]",0.0
4.203611111111111,0,-0.13739912132683718,-0.014019572046038545,-0.007900698669098734,5,"[0.9430931697564985, 0.6104488544456359, 6.944790894369811, 2.9123720364531116, 1.0, 1]",0.0
4.215,0,-0.1334467413341953,-0.013310003139878127,-0.007159640899847726,5,"[0.8946944739186407, 0.5922317198636927, 6.775308871493372, 2.8551267214987184, 1.0, 1]",0.0
4.226388888888889,0,-0.1296480373863136,-0.012642421758918734,-0.006494636118301856,5,"[0.8490157310904254, 0.5747412615859538, 6.611492828217765, 2.799468819547852, 1.0, 1]",0.0
4.237777777777778,0,-0.12599554760810525,-0.012013978755306364,-0.005897227458361864,5,"[0.8058842365353923, 0.5579414248041717, 6.453100121377194, 2.745340176582179, 1.0, 1]",0.0
4.2491666666666665,0,-0.12248224144295869,-0.011422042745769086,-0.005359968905978486,5,"[0.765139612406196, 0.5417982770023295, 6.299900695316591, 2.69268527744808, 1.0, 1]",0.0
4.260555555555555,0,-0.11910149087128301,-0.010864181635610336,-0.004876296265483212,5,"[0.7266328292423871, 0.5262798641420824, 6.151676318302982, 2.6414511034568955, 1.0, 1]",0.0
4.271944444444444,0,-0.11584704379895985,-0.010338145862551443,-0.004440415618802031,5,"[0.6902253129500887, 0.5113560778342714, 6.008219871795724, 2.59158699887018, 1.0, 1]",0.0
4.283333333333333,0,-0.11271299943379637,-0.009841853186445131,-0.004047206770747155,5,"[0.6557881291205663, 0.49699853256500737, 5.86933468847451, 2.543044545641949, 1.0, 1]",0.0
4.294722222222222,0,-0.10969378548482732,-0.009373374869856932,-0.003692139551778351,5,"[0.6232012373839476, 0.4831804521315069, 5.7348339352754785, 2.495777445839479, 1.0, 1]",0.0
4.306111111111111,0,-0.10678413703437797,-0.008930923111271357,-0.0033712011679653524,5,"[0.5923528092405489, 0.46987656452065746, 5.604540038004829, 2.449741411209359, 1.0, 1]",0.0
4.3175,0,-0.10397907694637802,-0.008512839607497252,-0.0030808330562727537,5,"[0.5631386034765182, 0.45706300453338894, 5.478284144388355, 2.40489405939683, 1.0, 1]",0.0
4.328888888888889,0,-0.10127389768665507,-0.008117585134963303,-0.002817875929926332,5,"[0.5354613938625876, 0.444717223521026, 5.355905622677836, 2.3611948163642222, 1.0, 1]",0.0
4.340277777777778,0,-0.09866414444198221,-0.007743730051217835,-0.0025795218902989574,5,"[0.5092304443627318, 0.432817905656715, 5.2372515931737205, 2.318604824588878, 1.0, 1]",0.0
4.351666666666667,0,-0.09614559943462966,-0.007389945628257753,-0.0023632726441158557,5,"[0.48436102755107246, 0.4213448902163459, 5.122176490240459, 2.2770868566526605, 1.0, 1]",0.0
4.3630555555555555,0,-0.09371426733819527,-0.00705499613846764,-0.0021669030025146183,5,"[0.4607739823568993, 0.41027909938980234, 5.01054165258824, 2.2366052338641507, 1.0, 1]",0.0
4.374444444444444,0,-0.09136636170864655,-0.006737731622090104,-0.001988428955512881,5,"[0.4383953076347062, 0.3996024711852808, 4.9022149397746295, 2.1971257495813283, 1.0, 1]",0.0
4.385833333333333,0,-0.08909829235190608,-0.0064370812723913845,-0.001826079714997206,5,"[0.4171557883938561, 0.3892978970273948, 4.797070373043637, 2.15861559692699, 1.0, 1]",0.0
4.397222222222222,0,-0.08690665355601003,-0.0061520473811385755,-0.0016782732041756344,5,"[0.3969906518251875, 0.3793491636841142, 4.694987798769191, 2.1210433006116167, 1.0, 1]",0.0
4.408611111111111,0,-0.08478821312195266,-0.005881699792757708,-0.0015435945438151432,5,"[0.3778392505334633, 0.3697408991887723, 4.595852572906627, 2.0843786525991197, 1.0, 1]",0.0
4.42,0,-0.08273990213284958,-0.005625170820676994,-0.0014207771474264597,5,"[0.3596447706284186, 0.360458522451608, 4.4995552649805255, 2.048592651369878, 1.0, 1]",0.0
4.431388888888889,0,-0.08075880540607343,-0.00538165058394625,-0.0013086860904681016,5,"[0.3423539625463997, 0.35148819628098293, 4.405991380251323, 2.013657444553018, 1.0, 1]",0.0
4.442777777777778,0,-0.07884215257757324,-0.0051503827263260716,-0.0012063034639699108,5,"[0.3259168926717442, 0.34281678355772016, 4.315061098807597, 1.9795462747160073, 1.0, 1]",0.0
4.454166666666667,0,-0.07698730977175036,-0.004930660483711297,-0.0011127154618608246,5,"[0.3102867140046141, 0.33443180632722447, 4.226669030426484, 1.9462334281145293, 1.0, 1]",0.0
4.4655555555555555,0,-0.07519177181404026,-0.004721823069042828,-0.0010271009846853762,5,"[0.2954194542820043, 0.32632140759331746, 4.140723984132362, 1.9136941862193204, 1.0, 1]",0.0
4.476944444444444,0,-0.07345315494680485,-0.004523252346810715,-0.0009487215711186147,5,"[0.2812738201028678, 0.3184743156153312, 4.057138751464275, 1.8819047798493258, 1.0, 1]",0.0
4.488333333333333,0,-0.07176919001228267,-0.004334369771898576,-0.0008769124934249136,5,"[0.26781101573863136, 0.31087981052598535, 3.97582990253639, 1.8508423457522398, 1.0, 1]",0.0
4.499722222222222,0,-0.07013771606922045,-0.004154633569896576,-0.0008110748743327381,5,"[0.2549945754279505, 0.3035276931022185, 3.8967175940434124, 1.8204848854843207, 1.0, 1]",0.0
4.511111111111111,0,-0.0685566744124331,-0.003983536138147643,-0.0007506687012070622,5,"[0.24279020806094673, 0.2964082555344623, 3.819725388425266, 1.7908112264513651, 1.0, 1]",0.0
4.5225,0,-0.06702410296693898,-0.0038206016487146457,-0.0006952066293116748,5,"[0.23116565325439428, 0.28951225405204445, 3.744780083462477, 1.761800984982005, 1.0, 1]",0.0
4.533888888888889,0,-0.06553813103051549,-0.0036653838361879417,-0.0006442484797205038,5,"[0.22009054790647578, 0.28283088327354233, 3.6718115516264485, 1.7334345313130646, 1.0, 1]",0.0
4.545277777777778,0,-0.06409697434052751,-0.0035174639548134585,-0.0005973963493628356,5,"[0.2095363023986248, 0.2763557521611001, 3.60075258855729, 1.705692956374644, 1.0, 1]",0.0
4.556666666666667,0,-0.06269893044272663,-0.0033764488908290475,-0.0005542902610300157,5,"[0.199475985683657, 0.2700788614670511, 3.5315387700865584, 1.6785580402700018, 1.0, 1]",0.0
4.5680555555555555,0,-0.061342374341405916,-0.0032419694171676415,-0.000514604290150964,5,"[0.1898842185642941, 0.26399258256973823, 3.464108317263479, 1.652012222352106, 1.0, 1]",0.0
4.579444444444444,0,-0.06002575441184552,-0.0031136785788334824,-0.0004780431129489009,5,"[0.1807370745252143, 0.25808963760324943, 3.3984019688812137, 1.6260385728050848, 1.0, 1]",0.0
4.590833333333333,0,-0.05874758855740728,-0.002991250198295691,-0.00044433892738312604,5,"[0.17201198753539895, 0.25236308079297726, 3.3343628610348643, 1.6006207656447031, 1.0, 1]",0.0
4.602222222222222,0,-0.05750646059494265,-0.0028743774911820456,-0.0004132487041953618,5,"[0.16368766628629552, 0.24680628091551624, 3.271936413275227, 1.5757430530574628, 1.0, 1]",0.0
4.613611111111111,0,-0.056301016853380174,-0.0027627717834063097,-0.0003845517305386381,5,"[0.15574401437569807, 0.24141290480744257, 3.211070220952377, 1.551390241002999, 1.0, 1]",0.0
4.625,0,-0.05512996297146402,-0.0026561613216324518,-0.00035804741316934,5,"[0.14816205598766247, 0.23617690185312698, 3.1517139533707583, 1.5275476660092044, 1.0, 1]",0.0
4.636388888888889,0,-0.053992060881630985,-0.00255429016967777,-0.00033355331211744,5,"[0.14092386665561588, 0.23109248938681332, 3.093819257403113, 1.5042011730939002, 1.0, 1]",0.0
4.647777777777778,0,-0.05288612596795176,-0.0024569171840905326,-0.0003109033791911666,5,"[0.13401250872937898, 0.22615413894893524, 3.0373396662343404, 1.4813370947509756, 1.0, 1]",0.0
4.659166666666667,0,-0.051811024386923574,-0.0023638150627133515,-0.0002899463786852969,5,"[0.12741197119748382, 0.22135656334096443, 2.982230512928295, 1.4589422309427529, 1.0, 1]",0.0
4.670555555555556,0,-0.050765670540698214,-0.0022747694605663726,-0.0002705444703027658,5,"[0.12110711354415021, 0.21669470442709246, 2.9284488485308957, 1.4370038300438812, 1.0, 1]",0.0
4.6819444444444445,0,-0.04974902469306395,-0.0021895781678598104,-0.0002525719366156437,5,"[0.11508361334583739, 0.21216372163471872, 2.8759533644418833, 1.415509570685392, 1.0, 1]",0.0
4.693333333333333,0,-0.048760090719176065,-0.0021080503453780536,-0.00023591403942547064,5,"[0.10932791733565843, 0.20775898110913016, 2.8247043188049634, 1.3944475444506443, 1.0, 1]",0.0
4.704722222222222,0,-0.04779791398065877,-0.0020300058128714348,-0.0002204659911705768,5,"[0.10382719568534655, 0.2034760454808828, 2.77466346668241, 1.3738062393777908, 1.0, 1]",0.0
4.716111111111111,0,-0.04686157931827774,-0.001955274386450592,-0.0002061320291006129,5,"[0.09856929927399749, 0.19931066420729573, 2.725793993795315, 1.353574524226073, 1.0, 1]",0.0
4.7275,0,-0.04595020915491968,-0.0018836952613056808,-0.00019282458132325914,5,"[0.09354271973076642, 0.1952587644521455, 2.678060453624641, 1.333741633465811, 1.0, 1]",0.0
4.738888888888889,0,-0.04506296170210733,-0.001815116436370991,-0.00018046351504841555,5,"[0.0887365520550989, 0.19131644247011928, 2.6314287076813354, 1.3142971529542793, 1.0, 1]",0.0
4.750277777777778,0,-0.04419902926373998,-0.0017493941778281175,-0.00016897545843170154,5,"[0.08414045963315497, 0.18747995546487317, 2.5858658687658784, 1.295231006261893, 1.0, 1]",0.0
4.761666666666667,0,-0.04335763663117057,-0.0016863925185896522,-0.00015829318836946778,5,"[0.07974464148288797, 0.18374571389165928, 2.54134024704894, 1.2765334416151735, 1.0, 1]",0.0
4.773055555555556,0,-0.04253803956412526,-0.0016259827911327953,-0.00014835507743734316,5,"[0.0755398015729425, 0.1801102741774505, 2.4978212988153063, 1.258195019424903, 1.0, 1]",0.0
4.7844444444444445,0,-0.041739523352336355,-0.001568043191260349,-0.00013910459390706814,5,"[0.07151712007216465, 0.176570331833297, 2.455279577723087, 1.2402066003696872, 1.0, 1]",0.0
4.795833333333333,0,-0.04096140145309568,-0.0015124583705568055,-0.00013048984943375615,5,"[0.06766822639724583, 0.17312271493534334, 2.4136866884392734, 1.222559334006839, 1.0, 1]",0.0
4.807222222222222,0,-0.04020301420025136,-0.0014591190554815877,-0.0001224631895881256,5,"[0.06398517393586264, 0.16976437795249016, 2.373015242521271, 1.2052446478840748, 1.0, 1]",0.0
4.818611111111111,0,-0.039463727580460566,-0.0014079216912011529,-0.00011498082292457255,5,"[0.060460416331721355, 0.1664923959001299, 2.3332388164219795, 1.1882542371270222, 1.0, 1]",0.0
4.83,0,-0.038742932072783,-0.0013587681084079198,-0.00010800248473411332,5,"[0.057086785226272425, 0.16330395880073847, 2.294331911503334, 1.1715800544789168, 1.0, 1]",0.0
4.841388888888889,0,-0.03804004154795002,-0.0013115652115083122,-0.00010149113203808201,5,"[0.05385746935953082, 0.1601963664333463, 2.2562699159502215, 1.1552143007701867, 1.0, 1]",0.0
4.852777777777778,0,-0.03735449222387913,-0.0012662246866853508,-9.541266674005554e-05,5,"[0.05076599493951088, 0.15716702335507451, 2.219029068483095, 1.1391494157968491, 1.0, 1]",0.0
4.864166666666667,0,-0.03668574167422083,-0.0012226627284542717,-8.97356841750727e-05,5,"[0.047806207196320664, 0.1542134341790012, 2.182586423773637, 1.1233780695878, 1.0, 1]",0.0
4.875555555555556,0,-0.03603326788692768,-0.0011807997834335823,-8.443124458147605e-05,5,"[0.04497225304296252, 0.15133319909362508, 2.146919819473516, 1.1078931540421624, 1.0, 1]",0.0
4.8869444444444445,0,-0.035396568370022974,-0.0011405603101495303,-7.947266527570032e-05,5,"[0.042258564770455344, 0.1485240096101255, 2.1120078447714943, 1.0926877749188817, 1.0, 1]",0.0
4.898333333333333,0,-0.03477515930192398,-0.0011018725537796116,-7.483533153763685e-05,5,"[0.03965984471001774, 0.14578364452449177, 2.077829810399148, 1.077755244161708, 1.0, 1]",0.0
4.909722222222222,0,-0.0341685747238363,-0.0010646683348217857,-7.049652441700187e-05,5,"[0.03717105079977656, 0.1431099660823951, 2.0443657200100174, 1.0630890725436177, 1.0, 1]",0.0
4.921111111111111,0,-0.03357636577189008,-0.0010288828507502576,-6.643526385216814e-05,5,"[0.03478738299786053, 0.14050091633543707, 2.011596242861389, 1.0486829626155674, 1.0, 1]",0.0
4.9325,0,-0.032998099946830894,-0.0009944544897873622,-6.263216565467224e-05,5,"[0.0325042704877762, 0.13795451367811426, 1.9795026877319295, 1.0345308019452704, 1.0, 1]",0.0
4.943888888888889,0,-0.032433360419210425,-0.0009613246559841311,-5.906931105720741e-05,5,"[0.03031735962571021, 0.1354688495554786, 1.9480669780122082, 1.0206266566324527, 1.0, 1]",0.0
4.955277777777778,0,-0.031881745368146884,-0.0009294376048604446,-5.5730127652294866e-05,5,"[0.028222502582867806, 0.13304208533210787, 1.9172716279086974, 1.0069647650877314, 1.0, 1]",0.0
4.966666666666667,0,-0.03134286735184056,-0.0008987402889093146,-5.259928066465033e-05,5,"[0.026215746639164476, 0.13067244931354433, 1.887099719705196, 0.9935395320629447, 1.0, 1]",0.0
4.978055555555556,0,-0.03081635270813848,-0.0008691822123194158,-4.9662573604037423e-05,5,"[0.02429332408756807, 0.12835823391191964, 1.8575348820287214, 0.9803455229213849, 1.0, 1]",0.0
4.989444444444445,0,-0.030301840983542955,-0.0008407152943158257,-4.6906857438435955e-05,5,"[0.022451642711128244, 0.12609779294795825, 1.828561269069928, 0.967377458136975, 1.0, 1]",0.0
5.0008333333333335,0,-0.02979898438915408,-0.0008132937405611358,-4.431994751081508e-05,5,"[0.020687276797305164, 0.12388953908203339, 1.8001635407107583, 0.9546302080119985, 1.0, 1]",0.0
5.012222222222222,0,-0.029307447282124102,-0.0007868739220982226,-4.189054749772845e-05,5,"[0.018996958656553285, 0.1217319413673735, 1.7723268435147719, 0.9420987876035118, 1.0, 1]",0.0
5.023611111111111,0,-0.028826905671285114,-0.000761414261352101,-3.960817977525819e-05,5,"[0.017377570614346104, 0.11962352291893136, 1.745036792537899, 0.9297783518490691, 1.0, 1]",0.0
5.035,0,-0.028357046745688567,-0.0007368751247416978,-3.74631216183344e-05,5,"[0.015826137447828903, 0.11756285869180458, 1.7182794539197535, 0.9176641908828639, 1.0, 1]",0.0
5.046388888888889,0,-0.02789756842486838,-0.0007132187214833317,-3.544634671387868e-05,5,"[0.014339819240228046, 0.11554857336345183, 1.692041328217743, 0.9057517255338338, 1.0, 1]",0.0
5.057777777777778,0,-0.027448178929706815,-0.0006904090081963499,-3.354947151719927e-05,5,"[0.012915904627859883, 0.11357933931428449, 1.6663093344482767, 0.8940365029976868, 1.0, 1]",0.0
5.069166666666667,0,-0.027008596372846784,-0.0006684115989478601,-3.1764706025175826e-05,5,"[0.011551804416263734, 0.11165387470152759, 1.641070794801235, 0.8825141926752246, 1.0, 1]",0.0
5.080555555555556,0,-0.026578548367653998,-0.0006471936803981472,-3.0084808579525335e-05,5,"[0.01024504554346896, 0.10977094162153017, 1.6163134199957203, 0.8711805821696889, 1.0, 1]",0.0
5.091944444444445,0,-0.026157771654787745,-0.0006267239317311406,-2.850304434928183e-05,5,"[0.008993265369842593, 0.10792934435598696, 1.592025295246732, 0.8600315734362285, 1.0, 1]",0.0
5.1033333333333335,0,-0.025746011745493316,-0.0006069724490754229,-2.7013147173965645e-05,5,"[0.007794206275279701, 0.10612792769778545, 1.5681948668140708, 0.849063179076917, 1.0, 1]",0.0
5.114722222222222,0,-0.025343022580776777,-0.0005879106741409525,-2.5609284478112475e-05,5,"[0.006645710545723433, 0.1043655753524361, 1.544810929106215, 0.838271518775066, 1.0, 1]",0.0
5.126111111111111,0,-0.02494856620567094,-0.0005695113268148167,-2.4286024994208245e-05,5,"[0.005545715532138382, 0.10264120841127178, 1.5218626123133727, 0.8276528158628775, 1.0, 1]",0.0
5.1375,0,-0.02456241245784349,-0.0005517483414763344,-2.303830905491347e-05,5,"[0.004492249066136926, 0.10095378389280776, 1.4993393705452291, 0.8172033940167724, 1.0, 1]",0.0
5.148888888888889,0,-0.02418433866984054,-0.0005345968068074683,-2.1861421237020145e-05,5,"[0.0034834251174451843, 0.09930229334886319, 1.4772309704501558, 0.8069196740749928, 1.0, 1]",0.0
5.160277777777778,0,-0.02381412938429656,-0.000518032908889178,-2.0750965159092906e-05,5,"[0.0025174396793175824, 0.09768576153222881, 1.455527480293869, 0.7967981709723353, 1.0, 1]",0.0
5.171666666666667,0,-0.023451576081478107,-0.0005020338773878908,-1.9702840252408903e-05,5,"[0.001592566868878372, 0.09610324512283289, 1.4342192594766037, 0.786835490787113, 1.0, 1]",0.0
5.183055555555556,0,-0.023096476918563407,-0.0004865779346489197,-1.871322034081348e-05,5,"[0.0007071552301699811, 0.09455383150954441, 1.4132969484689644, 0.7770283278956802, 1.0, 1]",0.0
5.194444444444445,0,-0.02274863648009088,-0.000471644247525428,-1.777853387961139e-05,5,"[-0.00014037577156108814, 0.09303663762488179, 1.392751459147586, 0.7673734622300555, 1.0, 1]",0.0
5.2058333333333335,0,-0.02240786553904105,-0.00045721288178246375,-1.689544571676814e-05,5,"[-0.00095153907510412, 0.09155080883006583, 1.3725739655126972, 0.7578677566344068, 1.0, 1]",0.0
5.217222222222222,0,-0.022073980828043852,-0.0004432647589258037,-1.6060840251631262e-05,5,"[-0.0017277831781572178, 0.09009551784797869, 1.3527558947705762, 0.7485081543163365, 1.0, 1]",0.0
5.228611111111111,0,-0.021746804820230607,-0.0004297816153148244,-1.5271805877217724e-05,5,"[-0.002470495131337067, 0.08866996374172614, 1.3332889187646932, 0.7392916763891111, 1.0, 1]",0.0
5.24,0,-0.021426165519275238,-0.0004167459634275022,-1.4525620601958248e-05,5,"[-0.0031810033802419585, 0.08727337093662106, 1.3141649457402, 0.7302154195011337, 1.0, 1]",0.0
5.251388888888889,0,-0.021111896258192497,-0.0004041410551538585,-1.3819738755733519e-05,5,"[-0.003860580463962718, 0.08590498828352469, 1.2953761124271135, 0.7212765535491508, 1.0, 1]",0.0
5.262777777777778,0,-0.020803835506484368,-0.0003919508470018822,-1.3151778693174188e-05,5,"[-0.00451044557792111, 0.08456408816158556, 1.2769147764282807, 0.7124723194718189, 1.0, 1]",0.0
5.274166666666667,0,-0.020501826685246024,-0.00038015996710716126,-1.2519511414596713e-05,5,"[-0.005131767008464167, 0.08324996561852227, 1.2587735088989123, 0.7038000271204266, 1.0, 1]",0.0
5.285555555555556,0,-0.020205717989863335,-0.00036875368394412446,-1.1920850031683995e-05,5,"[-0.005725664446183592, 0.08196193754669183, 1.2409450875050578, 0.6952570532037019, 1.0, 1]",0.0
5.296944444444445,0,-0.019915362219952423,-0.00035771787664307775,-1.1353840011155169e-05,5,"[-0.006293211184537451, 0.08069934189327346, 1.223422489649051, 0.6868408393037729, 1.0, 1]",0.0
5.308333333333334,0,-0.01963061661620969,-0.0003470390068230557,-1.0816650135259113e-05,5,"[-0.006835436209953101, 0.07946153690299118, 1.2061988859505042, 0.6785488899604813, 1.0, 1]",0.0
5.3197222222222225,0,-0.019351342703857632,-0.0003367040918559713,-1.0307564123022446e-05,5,"[-0.0073533261892344045, 0.07824790039186805, 1.1892676339719552, 0.6703787708213697, 1.0, 1]",0.0
5.331111111111111,0,-0.019077406142387184,-0.00032670067948266086,-9.824972860830336e-06,5,"[-0.007847827359761297, 0.07705782905059416, 1.1726222721788393, 0.6623281068547837, 1.0, 1]",0.0
5.3425,0,-0.018808676581312973,-0.0003170168237061769,-9.367367195160078e-06,5,"[-0.00831984732764829, 0.0758907377761507, 1.1562565141238832, 0.6543945806236386, 1.0, 1]",0.0
5.353888888888889,0,-0.018545027521671545,-0.0003076410618921672,-8.93333124415913e-06,5,"[-0.008770256778730487, 0.07474605903041112, 1.140164242846526, 0.6465759306175078, 1.0, 1]",0.0
5.365277777777778,0,-0.018286336183005993,-0.00029856239301033976,-8.52153618829546e-06,5,"[-0.009199891106976178, 0.07362324222449579, 1.1243395054783987, 0.638869949640794, 1.0, 1]",0.0
5.376666666666667,0,-0.018032483375593655,-0.00028977025695492333,-8.130734503540267e-06,5,"[-0.00960955196464777, 0.07252175312772624, 1.1087765080462828, 0.6312744832548359, 1.0, 1]",0.0
5.388055555555556,0,-0.017783353377684757,-0.00028125451488571375,-7.759754603496962e-06,5,"[-0.010000008738305078, 0.07144107330007315, 1.093469610464429, 0.6237874282719003, 1.0, 1]",0.0
5.399444444444445,0,-0.017538833817531758,-0.0002730054305346917,-7.407495859592578e-06,5,"[-0.01037199995449649, 0.07038069954705607, 1.0784133217084069, 0.6164067312990897, 1.0, 1]",0.0
5.410833333333334,0,-0.017298815559999684,-0.0002650136524264315,-7.072923970920398e-06,5,"[-0.010726234618783961, 0.06934014339609829, 1.0636022951630884, 0.6091303873302902, 1.0, 1]",0.0
5.4222222222222225,0,-0.017063192597557873,-0.0002572701969635333,-6.755066657586335e-06,5,"[-0.01106339349153179, 0.06831893059338871, 1.0490313241376572, 0.6019564383843484, 1.0, 1]",0.0
5.433611111111111,0,-0.01683186194546333,-0.0002497664323311084,-6.453009653484371e-06,5,"[-0.011384130303700531, 0.06731660062035497, 1.034695337540882, 0.5948829721877593, 1.0, 1]",0.0
5.445,0,-0.016604723540954793,-0.00024249406317702045,-6.16589297632621e-06,5,"[-0.011689072915715252, 0.06633270622888822, 1.0205893957101866, 0.5879081209002043, 1.0, 1]",0.0
5.456388888888889,0,-0.01638168014628524,-0.00023544511602705104,-5.892907454491325e-06,5,"[-0.011978824422296686, 0.06536681299450484, 1.0067086863883428, 0.5810300598813555, 1.0, 1]",0.0
5.467777777777778,0,-0.01616263725542916,-0.0002286119253964846,-5.633291491860752e-06,5,"[-0.012253964205992895, 0.06441849888667113, 0.9930485208418898, 0.5742470064974275, 1.0, 1]",0.0
5.479166666666667,0,-0.015947503004308024,-0.00022198712056180947,-5.386328053262729e-06,5,"[-0.012515048941996192, 0.06348735385554993, 0.9796043301156345, 0.5675572189660176, 1.0, 1]",0.0
5.490555555555556,0,-0.01573618808438527,-0.00021556361295826669,-5.151341854503219e-06,5,"[-0.012762613556692204, 0.06257297943446788, 0.9663716614178645, 0.5609589952378374, 1.0, 1]",0.0
5.501944444444445,0,-0.015528605659488786,-0.00020933458417090985,-4.927696742188896e-06,5,"[-0.012997172142247436, 0.06167498835743086, 0.9533461746311002, 0.5544506719139959, 1.0, 1]",0.0
5.513333333333334,0,-0.01532467128572574,-0.00020329347448866213,-4.714793249684874e-06,5,"[-0.01321921882943097, 0.0607930041910506, 0.9405236389434857, 0.5480306231975488, 1.0, 1]",0.0
5.5247222222222225,0,-0.015124302834360512,-0.00019743397199253554,-4.512066316591216e-06,5,"[-0.013429228620731816, 0.059926660980273355, 0.9278999295960907, 0.5416972598780774, 1.0, 1]",0.0
5.536111111111111,0,-0.014927420417532923,-0.00019175000215079967,-4.318983160081359e-06,5,"[-0.013627658185735095, 0.05907560290732976, 0.9154710247416288, 0.5354490283481164, 1.0, 1]",0.0
5.5475,0,-0.014733946316699265,-0.00018623571789537017,-4.135041287326468e-06,5,"[-0.013814946620612079, 0.05823948396335392, 0.9032330024102846, 0.5292844096502938, 1.0, 1]",0.0
5.558888888888889,0,-0.014543804913684037,-0.00018088549015512334,-3.959766639041095e-06,5,"[-0.013991516173475747, 0.05741796763214285, 0.8911820375785131, 0.5232019185540889, 1.0, 1]",0.0
5.570277777777778,0,-0.014356922624235506,-0.00017569389882314993,-3.7927118549318664e-06,5,"[-0.01415777293727079, 0.056610726585553446, 0.8793143993368834, 0.5172001026611637, 1.0, 1]",0.0
5.581666666666667,0,-0.014173227833983226,-0.00017065572413623226,-3.6334546525186817e-06,5,"[-0.014314107511767761, 0.055817442390057245, 0.8676264481531663, 0.5112775415382607, 1.0, 1]",0.0
5.593055555555556,0,-0.013992650836699634,-0.00016576593844600172,-3.481596311430764e-06,5,"[-0.014460895636159403, 0.055037805223993735, 0.8561146332270639, 0.5054328458767006, 1.0, 1]",0.0
5.604444444444445,0,-0.013815123774773157,-0.00016101969836233363,-3.3367602558639803e-06,5,"[-0.014598498793671082, 0.05427151360508536, 0.8447754899331069, 0.4996646566775513, 1.0, 1]",0.0
5.615833333333334,0,-0.013640580581803315,-0.00015641233725060486,-3.1985907284234542e-06,5,"[-0.014727264789528061, 0.05351827412779602, 0.8336056373484085, 0.4939716444615755, 1.0, 1]",0.0
5.627222222222223,0,-0.013468956927233502,-0.00015193935806538902,-3.0667515490721286e-06,5,"[-0.014847528303551514, 0.05277780121013505, 0.8226017758620782, 0.4883525085031015, 1.0, 1]",0.0
5.6386111111111115,0,-0.013300190162939788,-0.0001475964265041373,-2.9409249533634884e-06,5,"[-0.014959611418589532, 0.05204981684952466, 0.8117606848632688, 0.48280597608698916, 1.0, 1]",0.0
5.65,0,-0.01313421927169823,-0.00014337936446521944,-2.8208105045591385e-06,5,"[-0.01506382412592841, 0.05133405038736767, 0.8010792205049205, 0.4773308017879039, 1.0, 1]",0.0
5.661388888888889,0,-0.012970984817456689,-0.00013928414379556494,-2.706124074622436e-06,5,"[-0.015160464808768955, 0.05063023828196727, 0.7905543135404047, 0.4719257667711306, 1.0, 1]",0.0
5.672777777777778,0,-0.012810428897340012,-0.00013530688031389176,-2.5965968894392805e-06,5,"[-0.01524982070480015, 0.04993812388946603, 0.7801829672303878, 0.4665896781142012, 1.0, 1]",0.0
5.684166666666667,0,-0.012652495095320742,-0.00013144382809627056,-2.491974633950426e-06,5,"[-0.015332168348846943, 0.049257457252487785, 0.7699622553173352, 0.4613213681486245, 1.0, 1]",0.0
5.695555555555556,0,-0.0124971284374905,-0.00012769137401143373,-2.3920166131872173e-06,5,"[-0.015407773996522394, 0.0485879948961768, 0.7598893200651857, 0.4561196938210453, 1.0, 1]",0.0
5.706944444444445,0,-0.012344275348869912,-0.0001240460324939242,-2.2964949654873995e-06,5,"[-0.015476894029765736, 0.047929499631344935, 0.7499613703618307, 0.45098353607317815, 1.0, 1]",0.0
5.718333333333334,0,-0.012193883611697631,-0.00012050444054376942,-2.2051939244306507e-06,5,"[-0.015539775345105063, 0.04728174036444808, 0.7401756798821187, 0.4459117992398871, 1.0, 1]",0.0
5.729722222222223,0,-0.012045902325141486,-0.00011706335294196538,-2.117909126277129e-06,5,"[-0.015596655725439702, 0.0466444919141265, 0.7305295853092129, 0.4409034104648087, 1.0, 1]",0.0
5.7411111111111115,0,-0.011900281866377463,-0.00011371963767159405,-2.03444695991776e-06,5,"[-0.015647764196100464, 0.0460175348340543, 0.721020484612195, 0.43595731913293473, 1.0, 1]",0.0
5.7525,0,-0.011756973852984121,-0.00011047027153493141,-1.954623956553618e-06,5,"[-0.015693321365905132, 0.045400655241854486, 0.7116458353779184, 0.43107249631959627, 1.0, 1]",0.0
5.763888888888889,0,-0.011615931106602721,-0.00010731233595737209,-1.8782662165151408e-06,5,"[-0.015733539753893865, 0.04479364465384714, 0.7024031531951644, 0.42624793425530766, 1.0, 1]",0.0
5.775277777777778,0,-0.01147710761781505,-0.0001042430129694875,-1.8052088708110369e-06,5,"[-0.015768624102395552, 0.04419629982540589, 0.6932900100892712, 0.42148264580595196, 1.0, 1]",0.0
5.786666666666667,0,-0.011340458512193093,-0.00010125958135895029,-1.7352955751626986e-06,5,"[-0.015798771677039834, 0.04360842259671133, 0.6843040330054188, 0.4167756639678069, 1.0, 1]",0.0
5.798055555555556,0,-0.011205940017476816,-9.835941298449014e-05,-1.668378034434042e-06,5,"[-0.015824172554307764, 0.043029819743694325, 0.6754429023389024, 0.4121260413769293, 1.0, 1]",0.0
5.809444444444445,0,-0.011073509431837674,-9.553996924442206e-05,-1.604315555509188e-06,5,"[-0.015845009897176104, 0.04246030283397474, 0.6667043505107124, 0.40753284983243393, 1.0, 1]",0.0
5.820833333333334,0,-0.010943125093187633,-9.279879769267576e-05,-1.5429746268031087e-06,5,"[-0.01586146021939079, 0.041899688087606565, 0.6580861605868663, 0.40299517983321526, 1.0, 1]",0.0
5.832222222222223,0,-0.01081474634949505,-9.013352879559898e-05,-1.4842285227132225e-06,5,"[-0.015873693638873886, 0.041347796242450344, 0.6495861649399596, 0.3985121401276874, 1.0, 1]",0.0
5.8436111111111115,0,-0.01068833353007011,-8.7541872823132e-05,-1.4279569314339086e-06,5,"[-0.015881874120749158, 0.04080445242399937, 0.641202243951485, 0.39408285727611947, 1.0, 1]",0.0
5.855,0,-0.01056384791778441,-8.502161686828255e-05,-1.3740456046621347e-06,5,"[-0.015886159710442695, 0.04026948601949453, 0.6329323247535127, 0.38970647522516744, 1.0, 1]",0.0
5.866388888888889,0,-0.010441251722190473,-8.2570621989115e-05,-1.322386027820692e-06,5,"[-0.015886702757297956, 0.03974273055616989, 0.624774380008377, 0.3853821548942179, 1.0, 1]",0.0
5.877777777777778,0,-0.010320508053508325,-8.01868204677559e-05,-1.2728751095170303e-06,5,"[-0.01588365012912158, 0.039224023583474814, 0.6167264267250848, 0.3811090737731663, 1.0, 1]",0.0
5.889166666666667,0,-0.010201580897447892,-7.78682131811824e-05,-1.2254148890408431e-06,5,"[-0.015877143418055073, 0.03871320655912956, 0.6087865251111807, 0.3768864255312732, 1.0, 1]",0.0
5.900555555555556,0,-0.010084435090836851,-7.56128670788218e-05,-1.1799122607825324e-06,5,"[-0.01586731913815442, 0.03821012473887125, 0.600952777458881, 0.37271341963674975, 1.0, 1]",0.0
5.911944444444445,0,-0.009969036298025057,-7.341891276221239e-05,-1.1362787145282459e-06,5,"[-0.01585430891503302, 0.037714627069758706, 0.593223327064313, 0.36858928098673766, 1.0, 1]",0.0
5.923333333333334,0,-0.009855350988037763,-7.128454216223323e-05,-1.094430090655742e-06,5,"[-0.015838239667916396, 0.037226566086904465, 0.5855963571787465, 0.3645132495473595, 1.0, 1]",0.0
5.934722222222223,0,-0.009743346412450794,-6.920800630959012e-05,-1.054286349318806e-06,5,"[-0.01581923378443235, 0.036745797813512865, 0.5780700899907518, 0.3604845800035293, 1.0, 1]",0.0
5.946111111111112,0,-0.00963299058396214,-6.718761319448334e-05,-1.0157713527674787e-06,5,"[-0.01579740928845119, 0.036272181664103294, 0.570642785638253, 0.35650254141821996, 1.0, 1]",0.0
5.9575000000000005,0,-0.00952425225563535,-6.522172571155479e-05,-9.788126600064322e-07,5,"[-0.015772880001273047, 0.03580558035080588, 0.5633127412494702, 0.3525664169008989, 1.0, 1]",0.0
5.968888888888889,0,-0.009417100900790813,-6.330875968641127e-05,-9.433413330452693e-07,5,"[-0.015745755696446782, 0.03534585979261898, 0.5560782900118219, 0.34867550328484737, 1.0, 1]",0.0
5.980277777777778,0,-0.00931150669352254,-6.144718198017576e-05,-9.092917540425398e-07,5,"[-0.01571614224849019, 0.034892889027524306, 0.548937800267836, 0.3448291108130983, 1.0, 1]",0.0
5.991666666666667,0,-0.009207440489818254,-5.963550866871558e-05,-8.766014526898565e-07,5,"[-0.015684141775772556, 0.03444654012735789, 0.5418896746372026, 0.34102656283272503, 1.0, 1]",0.0
6.003055555555556,0,-0.00910487380926197,-5.787230329331885e-05,-8.45210943224175e-07,5,"[-0.015649852777804108, 0.03400668811533997, 0.5349323491641116, 0.3372671954972305, 1.0, 1]",0.0
6.014444444444445,0,-0.009003778817298786,-5.6156175179770486e-05,-8.150635704951583e-07,5,"[-0.015613370267168334, 0.033573210886170594, 0.5280642924890445, 0.3335503574767936, 1.0, 1]",0.0
6.025833333333334,0,-0.00890412830804245,-5.44857778229004e-05,-7.861053645507392e-07,5,"[-0.01557478589632439, 0.03314598912860086, 0.5212840050442299, 0.32987540967613405, 1.0, 1]",0.0
6.037222222222223,0,-0.008805895687607033,-5.2859807333823244e-05,-7.582849032378499e-07,5,"[-0.015534188079490543, 0.03272490625039426, 0.5145900182720049, 0.32624172495976933, 1.0, 1]",0.0
6.048611111111112,0,-0.00870905495794477,-5.127700094721215e-05,-7.315531823468202e-07,5,"[-0.015491662109816635, 0.032309848305594434, 0.5079808938653338, 0.32264868788444306, 1.0, 1]",0.0
6.0600000000000005,0,-0.008613580701172735,-4.9736135586072764e-05,-7.05863492857411e-07,5,"[-0.015447290272040552, 0.03190070392402038, 0.5014552230297805, 0.3190956944385112, 1.0, 1]",0.0
6.071388888888889,0,-0.008519448064371719,-4.823602648160214e-05,-6.811713048719694e-07,5,"[-0.01540115195081545, 0.031497364242911524, 0.49501162576624785, 0.3155821517880801, 1.0, 1]",0.0
6.082777777777778,0,-0.008426632744841392,-4.677552584581818e-05,-6.574341578469042e-07,5,"[-0.01535332373488681, 0.03109972284065039, 0.48864875017382275, 0.31210747802969757, 1.0, 1]",0.0
6.094166666666667,0,-0.008335110975796164,-4.535352159476553e-05,-6.346115567576609e-07,5,"[-0.015303879517290741, 0.03070767567249009, 0.48236527177208965, 0.30867110194940445, 1.0, 1]",0.0
6.105555555555556,0,-0.008244859512487164,-4.3968936120185935e-05,-6.126648738548879e-07,5,"[-0.015252890591735463, 0.03032112100822005, 0.4761598928422953, 0.3052724627879596, 1.0, 1]",0.0
6.116944444444445,0,-0.00815585561873585,-4.2620725107651394e-05,-5.915572556903994e-07,5,"[-0.015200425745323404, 0.029939959371703212, 0.4700313417867753, 0.30191101001205894, 1.0, 1]",0.0
6.128333333333334,0,-0.008068077053865641,-4.1307876399238e-05,-5.712535351112161e-07,5,"[-0.015146551347762325, 0.029564093482222446, 0.4639783725060662, 0.2985862030913744, 1.0, 1]",0.0
6.139722222222223,0,-0.007981502060018245,-4.002940889890833e-05,-5.517201479382907e-07,5,"[-0.015091331437208318, 0.029193428197573992, 0.45799976379315377, 0.2952975112812432, 1.0, 1]",0.0
6.151111111111112,0,-0.007896109349842063,-3.8784371518855393e-05,-5.329250540637364e-07,5,"[-0.015034827802877524, 0.028827870458850827, 0.452094318744322, 0.2920444134108465, 1.0, 1]",0.0
6.1625000000000005,0,-0.007811878094540219,-3.7571842165129195e-05,-5.148376627163878e-07,5,"[-0.014977100064556272, 0.02846732923685888, 0.44626086418608774, 0.2888263976767156, 1.0, 1]",0.0
6.173888888888889,0,-0.00772878791226657,-3.6390926760952684e-05,-4.974287616606495e-07,5,"[-0.014918205749135304, 0.028111715480111345, 0.44049825011772753, 0.285642961441418, 1.0, 1]",0.0
6.185277777777778,0,-0.007646818856858189,-3.524075830619609e-05,-4.806704501076079e-07,5,"[-0.014858200364286984, 0.027760942064349994, 0.43480534916891045, 0.2824936110372726, 1.0, 1]",0.0
6.196666666666667,0,-0.007565951406893335,-3.412049597154842e-05,-4.6453607513060534e-07,5,"[-0.014797137469400076, 0.02741492374354176, 0.4291810560719815, 0.27937786157494937, 1.0, 1]",0.0
6.208055555555556,0,-0.007486166455064429,-3.3029324225991214e-05,-4.490001713898548e-07,5,"[-0.01473506874388125, 0.027073577102303296, 0.4236242871484402, 0.27629523675681944, 1.0, 1]",0.0
6.219444444444445,0,-0.007407445297855689,-3.1966451996234486e-05,-4.340384039822036e-07,5,"[-0.014672044052928412, 0.02673682050970549, 0.4181339798091891, 0.2732452686949176, 1.0, 1]",0.0
6.230833333333334,0,-0.007329769625515752,-3.0931111856842716e-05,-4.1962751424308373e-07,5,"[-0.014608111510875559, 0.02640457407441429, 0.4127090920681268, 0.2702274977333889, 1.0, 1]",0.0
6.242222222222223,0,-0.007253121512315626,-2.992255924982109e-05,-4.0574526833778147e-07,5,"[-0.01454331754220542, 0.026076759601122868, 0.40734860206869056, 0.26724147227529355, 1.0, 1]",0.0
6.253611111111112,0,-0.007177483407082992,-2.8940071732500942e-05,-3.923704084887872e-07,5,"[-0.014477706940322051, 0.025753300548234728, 0.4020515076229521, 0.26428674861364826, 1.0, 1]",0.0
6.265000000000001,0,-0.007102838124003922,-2.798294825259367e-05,-3.7948260669486156e-07,5,"[-0.014411322924170442, 0.025434121986756264, 0.3968168257628931, 0.26136289076658514, 1.0, 1]",0.0
6.2763888888888895,0,-0.007029168833683554,-2.7050508449355237e-05,-3.670624208059155e-07,5,"[-0.0143442071927891, 0.025119150560360452, 0.391643592303494, 0.2584694703165159, 1.0, 1]",0.0
6.287777777777778,0,-0.006956459054457531,-2.614209197982228e-05,-3.5509125282563915e-07,5,"[-0.014276399977874561, 0.02480831444658412, 0.3865308614172855, 0.25560606625318777, 1.0, 1]",0.0
6.299166666666667,0,-0.006884692643946234,-2.5257057869147776e-05,-3.435513093212349e-07,5,"[-0.01420794009443602, 0.024501543319122156, 0.3814777052200241, 0.2527722648205257, 1.0, 1]",0.0
6.310555555555556,0,-0.006813853790844231,-2.4394783884091654e-05,-3.3242556382655044e-07,5,"[-0.014138864989614726, 0.024198768311184532, 0.3764832133671568, 0.24996765936715787, 1.0, 1]",0.0
6.321944444444445,0,-0.006743927006937539,-2.355466592876506e-05,-3.216977211314259e-07,5,"[-0.01406921078973841, 0.023899921979881403, 0.3715464926607638, 0.24719185020052, 1.0, 1]",0.0
6.333333333333334,0,-0.00667489711934156,-2.273611746176912e-05,-3.1135218335619527e-07,5,"[-0.013999012345679003, 0.02360493827160492, 0.36666666666666625, 0.2444444444444443, 1.0, 1]",0.0
6.344722222222223,0,-0.006606749262952868,-2.193856893389752e-05,-3.013740177160441e-07,5,"[-0.013928303276579559, 0.02331375248837566, 0.3618428753414055, 0.24172505590013696, 1.0, 1]",0.0
6.356111111111112,0,-0.006539468873108194,-2.116146724561711e-05,-2.917489258853304e-07,5,"[-0.013857116012011752, 0.02302630125512349, 0.3570742746688, 0.2390333049104521, 1.0, 1]",0.0
6.367500000000001,0,-0.006473041678444176,-2.04042752235605e-05,-2.8246321487704885e-07,5,"[-0.013785481832625674, 0.02274252248787402, 0.3523600363058083, 0.23636881822737366, 1.0, 1]",0.0
6.3788888888888895,0,-0.006407453693951753,-1.9666471115309956e-05,-2.735037693574198e-07,5,"[-0.013713430909347377, 0.02246235536281197, 0.34769934723742346, 0.23373122888261866, 1.0, 1]",0.0
6.390277777777778,0,-0.006342691214219197,-1.8947548101771516e-05,-2.6485802532005864e-07,5,"[-0.013640992341181988, 0.022185740286194813, 0.34309140944034056, 0.23112017606127755, 1.0, 1]",0.0
6.401666666666667,0,-0.00627874080685794,-1.8247013826474166e-05,-2.5651394504840685e-07,5,"[-0.013568194191672727, 0.0219126188650897, 0.33853543955514415, 0.22853530497841215, 1.0, 1]",0.0
6.413055555555556,0,-0.006215589306105815,-1.7564389941150448e-05,-2.484599932991122e-07,5,"[-0.0134950635240683, 0.02164293387890896, 0.3340306685667687, 0.22597626675853033, 1.0, 1]",0.0
6.424444444444445,0,-0.006153223806602094,-1.6899211666986075e-05,-2.4068511464273927e-07,5,"[-0.013421626435247015, 0.021376629251719088, 0.32957634149300347, 0.22344271831786153, 1.0, 1]",0.0
6.435833333333334,0,-0.00609163165732929,-1.625102737094864e-05,-2.3317871190175703e-07,5,"[-0.01334790808844437, 0.021113650025300048, 0.3251717170808027, 0.22093432224936002, 1.0, 1]",0.0
6.447222222222223,0,-0.006030800455716666,-1.56193981566302e-05,-2.2593062562904553e-07,5,"[-0.013273932744828775, 0.020853942332931964, 0.32081606751018266, 0.21845074671036413, 1.0, 1]",0.0
6.458611111111112,0,-0.005970718041900442,-1.500389746906187e-05,-2.1893111457326838e-07,5,"[-0.013199723793968925, 0.020597453373886253, 0.3165086781055008, 0.21599166531283784, 1.0, 1]",0.0
6.470000000000001,0,-0.005911372493136295,-1.4404110712978735e-05,-2.1217083708044832e-07,5,"[-0.013125303783233988, 0.020344131388601163, 0.31224884705389055, 0.21355675701613286, 1.0, 1]",0.0
6.4813888888888895,0,-0.005852752118359299,-1.3819634884038098e-05,-2.05640833383786e-07,5,"[-0.013050694446166253, 0.020093925634520466, 0.3080358851306665, 0.2111457060222011, 1.0, 1]",0.0
6.492777777777778,0,-0.005794845452887116,-1.3250078212508864e-05,-1.993325087364233e-07,5,"[-0.012975916729864484, 0.01984678636257466, 0.3038691154314976, 0.20875820167319467, 1.0, 1]",0.0
6.504166666666667,0,-0.005737641253262131,-1.269505981897484e-05,-1.9323761734428918e-07,5,"[-0.012900990821414755, 0.019602664794286816, 0.29974787311115947, 0.2063939383513922, 1.0, 1]",0.0
6.515555555555556,0,-0.005681128492228411,-1.2154209381609184e-05,-1.8734824705848057e-07,5,"[-0.012825936173403529, 0.019361513099483255, 0.29567150512868556, 0.2040526153813914, 1.0, 1]",0.0
6.526944444444445,0,-0.005625296353839519,-1.162716681459461e-05,-1.816568047888227e-07,5,"[-0.012750771528547476, 0.019123284374591768, 0.29163936999873763, 0.20173393693450764, 1.0, 1]",0.0
6.538333333333334,0,-0.0055701342286934175,-1.1113581957284527e-05,-1.76156002602318e-07,5,"[-0.012675514943471319, 0.018887932621509288, 0.2876508375490225, 0.19943761193532375, 1.0, 1]",0.0
6.549722222222223,0,-0.005515631709290589,-1.0613114273713098e-05,-1.7083884447211367e-07,5,"[-0.012600183811666337, 0.018655412727022872, 0.2837052886835938, 0.1971633539703355, 1.0, 1]",0.0
6.561111111111112,0,-0.0054617785855119606,-1.0125432562077068e-05,-1.65698613644481e-07,5,"[-0.012524794885658268, 0.018425680442767437, 0.27980211515186865, 0.19491088119863847, 1.0, 1]",0.0
6.572500000000001,0,-0.005408564840213003,-9.650214673831638e-06,-1.6072886059300158e-07,5,"[-0.012449364298414365, 0.01819869236570384, 0.27594071932321307, 0.19267991626460412, 1.0, 1]",0.0
6.58388888888889,0,-0.005355980644930737,-9.187147242050106e-06,-1.5592339153080469e-07,5,"[-0.012373907584016469, 0.017974405919103306, 0.2721205139669346, 0.19047018621249795, 1.0, 1]",0.0
6.5952777777777785,0,-0.005304016355700348,-8.735925418716877e-06,-1.5127625745323242e-07,5,"[-0.012298439697626942, 0.017752779334022424, 0.26834092203754084, 0.1882814224029838, 1.0, 1]",0.0
6.606666666666667,0,-0.0052526625089782284,-8.296252620632952e-06,-1.467817436847628e-07,5,"[-0.012222975034773962, 0.01753377163125471, 0.2646013764651202, 0.18611336043147456, 1.0, 1]",0.0
6.618055555555556,0,-0.005201909817668475,-7.867840283624924e-06,-1.424343599054006e-07,5,"[-0.01214752744997881, 0.01731734260374539, 0.26090131995070576, 0.1839657400482772, 1.0, 1]",0.0
6.629444444444445,0,-0.005151749167249816,-7.450407624762329e-06,-1.382288306330344e-07,5,"[-0.012072110274750988, 0.01710345279945511, 0.2572402047664877, 0.1818383050804895, 1.0, 1]",0.0
6.640833333333334,0,-0.005102171612000095,-7.043681412301261e-06,-1.3416008613948422e-07,5,"[-0.011996736334972108, 0.016892063504660514, 0.2536174925607452, 0.1797308033556039, 1.0, 1]",0.0
6.652222222222223,0,-0.00505316837131566,-6.647395743075343e-06,-1.3022325377913373e-07,5,"[-0.011921417967691528, 0.016683136727678963, 0.25003265416737064, 0.17764298662677813, 1.0, 1]",0.0
6.663611111111112,0,-0.00500473082612277,-6.261291827077606e-06,-1.2641364971010743e-07,5,"[-0.011846167037354511, 0.016476635183004466, 0.246485169419866, 0.17557461049972647, 1.0, 1]",0.0
6.675000000000001,0,-0.004956850515378639,-5.8851177789753784e-06,-1.2272677098902224e-07,5,"[-0.011770994951482634, 0.016272522275844324, 0.24297452696968763, 0.17352543436119716, 1.0, 1]",0.0
6.68638888888889,0,-0.004909519132659452,-5.5186284163168155e-06,-1.1915828802128804e-07,5,"[-0.011695912675826588, 0.016070762087044606, 0.23950022410882785, 0.17149522130899275, 1.0, 1]",0.0
6.6977777777777785,0,-0.00486272852283296,-5.161585064195552e-06,-1.1570403734987387e-07,5,"[-0.011620930749009762, 0.015871319358392644, 0.23606176659652467, 0.1694837380834975, 1.0, 1]",0.0
6.709166666666667,0,-0.004816470678813307,-4.813755366147062e-06,-1.1236001476632544e-07,5,"[-0.011546059296680471, 0.01567415947828741, 0.23265866848998004, 0.16749075500067404, 1.0, 1]",0.0
6.720555555555556,0,-0.004770737738395758,-4.474913101060979e-06,-1.0912236872864246e-07,5,"[-0.011471308045190743, 0.015479248467766063, 0.2292904519789959, 0.1655160458864928, 1.0, 1]",0.0
6.731944444444445,0,-0.004725521981169171,-4.144838005900103e-06,-1.0598739407141333e-07,5,"[-0.011396686334817555, 0.015286552966877698, 0.22595664722441008, 0.16355938801276154, 1.0, 1]",0.0
6.743333333333334,0,-0.0046808158255039894,-3.823315604026946e-06,-1.02951525994335e-07,5,"[-0.011322203132543406, 0.015096040221393528, 0.22265679220025006, 0.16162056203431818, 1.0, 1]",0.0
6.754722222222223,0,-0.004636611825613728,-3.5101370389423487e-06,-1.0001133431595418e-07,5,"[-0.011247867044410767, 0.014907678069845337, 0.21939043253948814, 0.15969935192755538, 1.0, 1]",0.0
6.766111111111112,0,-0.004592902668687899,-3.205098913252091e-06,-9.716351798012315e-08,5,"[-0.011173686327466384, 0.014721434930882125, 0.2161571213833254, 0.15779554493024509, 1.0, 1]",0.0
6.777500000000001,0,-0.004549681172094471,-2.908003132681296e-06,-9.440489980329577e-08,5,"[-0.011099668901308606, 0.014537279790936664, 0.21295641923389436, 0.15590893148263069, 1.0, 1]",0.0
6.78888888888889,0,-0.004506940280649843,-2.6186567549662868e-06,-9.173242145137205e-08,5,"[-0.011025822359252707, 0.014355182192192758, 0.2097878938103077, 0.1540393051697563, 1.0, 1]",0.0
6.800277777777778,0,-0.004464673063954647,-2.3368718434542744e-06,-8.914313863538018e-08,5,"[-0.010952153979126482, 0.014175112220846098, 0.20665111990795548, 0.15218646266500524, 1.0, 1]",0.0
6.8116666666666665,0,-0.004422872713793491,-2.0624653252543696e-06,-8.663421651580015e-08,5,"[-0.010878670733709116, 0.013997040495649394, 0.20354567926097408, 0.1503502036748161, 1.0, 1]",0.0
6.823055555555555,0,-0.004381532541596928,-1.7952588537845265e-06,-8.420292530584669e-08,5,"[-0.01080537930082688, 0.013820938156734767, 0.20047116040780616, 0.1485303308845521, 1.0, 1]",0.0
6.834444444444444,0,-0.004340645975964018,-1.5350786755655274e-06,-8.184663606450787e-08,5,"[-0.010732286073115183, 0.013646776854705684, 0.19742715855976856, 0.14672664990549164, 1.0, 1]",0.0
6.845833333333333,0,-0.004300206560243747,-1.2817555011208623e-06,-7.956281667058115e-08,5,"[-0.010659397167460838, 0.013474528739990969, 0.1944132754725543, 0.1449389692229178, 1.0, 1]",0.0
6.857222222222222,0,-0.004260207950173885,-1.0351243798419542e-06,-7.73490279693919e-08,5,"[-0.010586718434133887, 0.013304166452453862, 0.19142911932059703, 0.143167100145279, 1.0, 1]",0.0
6.868611111111111,0,-0.004220643911575582,-7.950245786891666e-07,-7.52029200842702e-08,5,"[-0.010514255465620383, 0.013135663111249375, 0.1884743045742195, 0.1414108567543952, 1.0, 1]",0.0
6.88,0,-0.004181508318102342,-5.612994645975945e-07,-7.312222888526205e-08,5,"[-0.010442013605166105, 0.012968992304923202, 0.18554845187950367, 0.13967005585668577, 1.0, 1]",0.0
6.891388888888889,0,-0.0041427951490418235,-3.3379639046858764e-07,-7.110477260790606e-08,5,"[-0.010369997955041552, 0.012804128081745123, 0.18265118794080787, 0.13794451693539556, 1.0, 1]",0.0
6.902777777777778,0,-0.0041044984871692015,-1.1236658462158049e-07,-6.91484486152659e-08,5,"[-0.010298213384536481, 0.012641044940272132, 0.1797821454058668, 0.13623406210379535, 1.0, 1]",0.0
6.914166666666667,0,-0.0040666125166505685,1.0313495640080641e-07,-6.725123029672318e-08,5,"[-0.01022666453769496, 0.012479717820132978, 0.17694096275341276, 0.1345385160593334, 1.0, 1]",0.0
6.9255555555555555,0,-0.004029131520995195,3.1284957179095124e-07,-6.541116409736332e-08,5,"[-0.010155355840797966, 0.012320122093030458, 0.17412728418325107, 0.1328577060387177, 1.0, 1]",0.0
6.936944444444444,0,-0.00399204988105528,5.169150373005338e-07,-6.36263666720721e-08,5,"[-0.010084291509603487, 0.012162233553954072, 0.1713407595087322, 0.13119146177390595, 1.0, 1]",0.0
6.948333333333333,0,-0.003955362073072004,7.154656630357008e-07,-6.189502215874917e-08,5,"[-0.01001347555635131, 0.012006028412598155, 0.16858104405155927, 0.12953961544898263, 1.0, 1]",0.0
6.959722222222222,0,-0.003919062666766619,9.086323883210419e-07,-6.021537956530669e-08,5,"[-0.009942911796541248, 0.011851483284980115, 0.16584779853887543, 0.1279020016579041, 1.0, 1]",0.0
6.971111111111111,0,-0.003883146323475473,1.0965428737285468e-06,-5.858575026538046e-08,5,"[-0.009872603855491423, 0.011698575185253244, 0.16314068900257334, 0.12627845736308937, 1.0, 1]",0.0
6.9825,0,-0.0038476077943277553,1.2793215903635615e-06,-5.700450559791626e-08,5,"[-0.009802555174685269, 0.011547281517709172, 0.16045938668077356, 0.12466882185483932, 1.0, 1]",0.0
6.993888888888889,0,-0.0038124419184649475,1.4570899064972662e-06,-5.547007456602876e-08,5,"[-0.009732769017912996, 0.011397580068965138, 0.15780356792141612, 0.12307293671156537, 1.0, 1]",0.0
7.005277777777778,0,-0.0037776436213007723,1.6299661716294394e-06,-5.398094163073906e-08,5,"[-0.0096632484772158, 0.011249449000330683, 0.15517291408792044, 0.1214906457608074, 1.0, 1]",0.0
7.016666666666667,0,-0.003743207912820761,1.7980657980677942e-06,-5.2535644595415954e-08,5,"[-0.009593996478637673, 0.011102866840350112, 0.15256711146685653, 0.11992179504102506, 1.0, 1]",0.0
7.0280555555555555,0,-0.0037091298859203044,1.961501340100999e-06,-5.1132772576929545e-08,5,"[-0.009525015787793063, 0.010957812477515034, 0.1499858511775795, 0.11836623276414451, 1.0, 1]",0.0
7.039444444444444,0,-0.0036754047147802274,2.120382570843077e-06,-4.97709640597187e-08,5,"[-0.009456309015255307, 0.010814265153143553, 0.14742882908378566, 0.11682380927884219, 1.0, 1]",0.0
7.050833333333333,0,-0.003642027653278987,2.274816556824642e-06,-4.8448905029152524e-08,5,"[-0.009387878621771784, 0.010672204454421273, 0.14489574570693692, 0.11529437703455143, 1.0, 1]",0.0
7.062222222222222,0,-0.003608994033440474,2.4249077304022527e-06,-4.716532718072806e-08,5,"[-0.009319726923312488, 0.010531610307599934, 0.14238630614151548, 0.11377779054617347, 1.0, 1]",0.0
7.073611111111111,0,-0.003576299263916606,2.570757960054766e-06,-4.5919006201813896e-08,5,"[-0.009251856095956336, 0.010392462971350123, 0.13990021997205732, 0.11227390635947851, 1.0, 1]",0.0
7.085,0,-0.0035439388285037673,2.712466618635329e-06,-4.470876012279578e-08,5,"[-0.009184268180621426, 0.010254743030263764, 0.13743720119192998, 0.11078258301718169, 1.0, 1]",0.0
7.096388888888889,0,-0.0035119082846922665,2.8501306496408958e-06,-4.3533447734627715e-08,5,"[-0.009116965087644077, 0.010118431388502337, 0.13499696812380554, 0.10930368102567664, 1.0, 1]",0.0
7.107777777777778,0,-0.0034802032622480122,2.983844631565868e-06,-4.239196706993139e-08,5,"[-0.009049948601211307, 0.009983509263587933, 0.13257924334179708, 0.10783706282241556, 1.0, 1]",0.0
7.119166666666667,0,-0.0034488194618255267,3.113700840395502e-06,-4.1283253944912115e-08,5,"[-0.008983220383652422, 0.009849958180332572, 0.13018375359521028, 0.10638259274391947, 1.0, 1]",0.0
7.1305555555555555,0,-0.0034177526536115837,3.239789310301774e-06,-4.020628055949115e-08,5,"[-0.00891678197959324, 0.009717759964903042, 0.12781022973387943, 0.10494013699440329, 1.0, 1]",0.0
7.141944444444444,0,-0.0033869986759987,3.3621978925946177e-06,-3.9160054153168735e-08,5,"[-0.008850634819978291, 0.009586896739017517, 0.1254584066350465, 0.10350956361500642, 1.0, 1]",0.0
7.153333333333333,0,-0.0033565534342876934,3.481012312985784e-06,-3.8143615714244506e-08,5,"[-0.008784780225964926, 0.009457350914270782, 0.12312802313174666, 0.10209074245361147, 1.0, 1]",0.0
7.164722222222222,0,-0.003326412899418632,3.5963162272148206e-06,-3.7156038740131914e-08,5,"[-0.008719219412693638, 0.009329105186584412, 0.12081882194266982, 0.10068354513524057, 1.0, 1]",0.0
7.176111111111111,0,-0.0032965731067294717,3.7081912750916207e-06,-3.6196428046604884e-08,5,"[-0.008653953492938309, 0.009202142530779734, 0.11853054960345845, 0.0992878450330159, 1.0, 1]",0.0
7.1875,0,-0.0032670301547416515,3.816717133000842e-06,-3.52639186239095e-08,5,"[-0.00858898348064105, 0.009076446195269443, 0.11626295639940935, 0.09790351723967228, 1.0, 1]",0.0
7.198888888888889,0,-0.003237780203972078,3.921971564919215e-06,-3.435767453777238e-08,5,"[-0.008524310294334186, 0.008951999696865724, 0.1140157962995504, 0.09653043853961016, 1.0, 1]",0.0
7.210277777777778,0,-0.003208819475770743,4.024030471988755e-06,-3.3476887873417755e-08,5,"[-0.008459934760454278, 0.00882878681570161, 0.11178882689205638, 0.09516848738147653, 1.0, 1]",0.0
7.221666666666667,0,-0.0031801442511834458,4.122967940691891e-06,-3.262077772079688e-08,5,"[-0.008395857616550862, 0.008706791590262847, 0.10958180932097322, 0.09381754385126378, 1.0, 1]",0.0
7.233055555555556,0,-0.0031517508698389327,4.218856289670848e-06,-3.178858919930805e-08,5,"[-0.008332079514393536, 0.00858599831252766, 0.10739450822422543, 0.09247748964591343, 1.0, 1]",0.0
7.2444444444444445,0,-0.003123635728859925,4.3117661152328315e-06,-3.097959252036568e-08,5,"[-0.008268601022980713, 0.008466391523211707, 0.10522669167287008, 0.09114820804741577, 1.0, 1]",0.0
7.255833333333333,0,-0.0030957952817974085,4.401766335580776e-06,-3.0193082086246745e-08,5,"[-0.008205422631453187, 0.00834795600711561, 0.10307813111157482, 0.08982958389739429, 1.0, 1]",0.0
7.267222222222222,0,-0.0030682260375876442,4.488924233809168e-06,-2.9428375623714263e-08,5,"[-0.008142544751915512, 0.00823067678857268, 0.10094860130028788, 0.08852150357216287, 1.0, 1]",0.0
7.278611111111111,0,-0.0030409245595313635,4.573305499701516e-06,-2.8684813350982857e-08,5,"[-0.00807996772216817, 0.00811453912699411, 0.09883788025707685, 0.08722385495824875, 1.0, 1]",0.0
7.29,0,-0.003013887464294591,4.654974270366002e-06,-2.7961757176654013e-08,5,"[-0.008017691808353421, 0.007999528512509867, 0.09674574920210409, 0.0859365274283689, 1.0, 1]",0.0
7.301388888888889,0,-0.0029871114209306005,4.733993169745101e-06,-2.725858992930991e-08,5,"[-0.007955717207517702, 0.007885630661702272, 0.09467199250272236, 0.08465941181785124, 1.0, 1]",0.0
7.312777777777778,0,-0.0029605931499224816,4.810423347032352e-06,-2.6574714616510584e-08,5,"[-0.007894044050092622, 0.007772831513430475, 0.0926163976196529, 0.08339240040149078, 1.0, 1]",0.0
7.324166666666667,0,-0.0029343294222458397,4.884324514028586e-06,-2.5909553711994847e-08,5,"[-0.007832672402298324, 0.00766111722474369, 0.09057875505423313, 0.08213538687083297, 1.0, 1]",0.0
7.335555555555556,0,-0.002908317058451136,4.955754981470576e-06,-2.5262548469937017e-08,5,"[-0.00777160226847046, 0.007550474166880404, 0.08855885829670321, 0.08088826631187258, 1.0, 1]",0.0
7.3469444444444445,0,-0.002882552927765229,5.0247716943626484e-06,-2.463315826516204e-08,5,"[-0.00771083359331386, 0.007440888921352741, 0.08655650377551036, 0.07965093518316235, 1.0, 1]",0.0
7.358333333333333,0,-0.002857033947211643,5.091430266339566e-06,-2.402085995826752e-08,5,"[-0.0076503662640851995, 0.007332348276112547, 0.08457149080760754, 0.07842329129432145, 1.0, 1]",0.0
7.369722222222222,0,-0.0028317570807491225,5.15578501309169e-06,-2.3425147284647722e-08,5,"[-0.0075902001127067156, 0.007224839221798361, 0.0826036215497269, 0.07720523378493455, 1.0, 1]",0.0
7.381111111111111,0,-0.002806719338428039,5.2178889848777535e-06,-2.2845530266456892e-08,5,"[-0.007530334917813241, 0.007118348948060597, 0.08065270095060134, 0.07599666310383557, 1.0, 1]",0.0
7.3925,0,-0.00278191777556428,5.277793998154834e-06,-2.2281534646592537e-08,5,"[-0.007470770406734705, 0.007012864839963688, 0.07871853670411867, 0.07479748098876594, 1.0, 1]",0.0
7.403888888888889,0,-0.002757349491930128,5.335550666349398e-06,-2.173270134381467e-08,5,"[-0.0074115062574159965, 0.006908374474462956, 0.07680093920338274, 0.0736075904464013, 1.0, 1]",0.0
7.415277777777778,0,-0.00273301163096181,5.391208429795893e-06,-2.1198585928159043e-08,5,"[-0.007352542100276418, 0.006804865616954618, 0.07489972149566686, 0.07242689573273825, 1.0, 1]",0.0
7.426666666666667,0,-0.0027089013789832936,5.4448155848670896e-06,-2.0678758115835298e-08,5,"[-0.007293877520010415, 0.006702326217897159, 0.07301469923823609, 0.07125530233383336, 1.0, 1]",0.0
7.438055555555556,0,-0.0026850159644459417,5.496419312319323e-06,-2.0172801282835906e-08,5,"[-0.007235512057331304, 0.006600744409502457, 0.07114569065501848, 0.07009271694688837, 1.0, 1]",0.0
7.4494444444444445,0,-0.0026613526571837272,5.546065704876803e-06,-1.9680311996516384e-08,5,"[-0.007177445210660254, 0.006500108502495184, 0.06929251649411176, 0.06893904746167372, 1.0, 1]",0.0
7.460833333333333,0,-0.0026379087676835305,5.593799794075543e-06,-1.920089956443391e-08,5,"[-0.00711967643776178, 0.006400406982938341, 0.06745499998610147, 0.06779420294228333, 1.0, 1]",0.0
7.472222222222222,0,-0.002614681646370307,5.639665576390385e-06,-1.873418559976779e-08,5,"[-0.007062205157327561, 0.006301628509124259, 0.06563296680317811, 0.06665809360921426, 1.0, 1]",0.0
7.483611111111111,0,-0.0025916686829066844,5.683706038663148e-06,-1.827980360266725e-08,5,"[-0.007005030750510439, 0.006203761908528672, 0.06382624501903031, 0.06553063082176537, 1.0, 1]",0.0
7.495,0,-0.002568867305506694,5.725963182855785e-06,-1.783739855690403e-08,5,"[-0.006948152562409637, 0.006106796174826979, 0.06203466506950481, 0.06441172706074628, 1.0, 1]",0.0
7.506388888888889,0,-0.0025462749802633434,5.766478050144312e-06,-1.7406626541231238e-08,5,"[-0.006891569903509385, 0.0060107204649711594, 0.060258059714006426, 0.06330129591149339, 1.0, 1]",0.0
7.517777777777779,0,-0.002523889210489658,5.805290744375706e-06,-1.6987154354874672e-08,5,"[-0.006835282051071525, 0.00591552409632571, 0.058496263997633684, 0.06219925204718408, 1.0, 1]",0.0
7.529166666666667,0,-0.0025017075360729336,5.842440454903152e-06,-1.657865915660734e-08,5,"[-0.006779288250484777, 0.005821196543861701, 0.0567491152140253, 0.06110551121244535, 1.0, 1]",0.0
7.540555555555557,0,-0.0024797275328418693,5.877965478820118e-06,-1.6180828116880438e-08,5,"[-0.006723587716570532, 0.005727727437406932, 0.0550164528689057, 0.06001999020724787, 1.0, 1]",0.0
7.551944444444445,0,-0.002457946811946325,5.9119032426083905e-06,-1.579335808250592e-08,5,"[-0.006668179634847847, 0.005635106558951824, 0.05329811864431693, 0.058942606871085094, 1.0, 1]",0.0
7.563333333333334,0,-0.0024363630192493794,5.944290323218502e-06,-1.5415955253405966e-08,5,"[-0.00661306316275801, 0.005543323840008927, 0.05159395636351583, 0.05787328006742442, 1.0, 1]",0.0
7.574722222222222,0,-0.0024149738347314397,5.975162468596731e-06,-1.5048334870965205e-08,5,"[-0.006558237430850252, 0.00545236935902532, 0.04990381195653188, 0.05681192966843281, 1.0, 1]",0.0
7.586111111111112,0,-0.0023937769719061313,6.00455461767628e-06,-1.4690220917540559e-08,5,"[-0.006503701543930075, 0.005362233338846669, 0.048227533426360124, 0.05575847653996417, 1.0, 1]",0.0
7.5975,0,-0.0023727701772476954,6.032500919846926e-06,-1.4341345826701417e-08,5,"[-0.006449454582170782, 0.005272906144231518, 0.046564970815788885, 0.05471284252680981, 1.0, 1]",0.0
7.60888888888889,0,-0.0023519512296296275,6.059034753917585e-06,-1.4001450203789981e-08,5,"[-0.00639549560218976, 0.005184378279414948, 0.04491597617483523, 0.05367495043820091, 1.0, 1]",0.0
7.620277777777778,0,-0.002331317939774356,6.084188746586939e-06,-1.3670282556409875e-08,5,"[-0.006341823638090623, 0.005096640385720594, 0.04328040352878679, 0.05264472403356361, 1.0, 1]",0.0
7.631666666666668,0,-0.0023108681497136423,6.107994790435118e-06,-1.334759903446434e-08,5,"[-0.006288437702471755, 0.005009683239219335, 0.04165810884683054, 0.051622088008516136, 1.0, 1]",0.0
7.643055555555556,0,-0.0022905997322595346,6.130484061450547e-06,-1.3033163179383507e-08,5,"[-0.006235336787403243, 0.004923497748434483, 0.04004895001125931, 0.05060696798110883, 1.0, 1]",0.0
7.6544444444444455,0,-0.002270510590485597,6.151687036104325e-06,-1.2726745682192514e-08,5,"[-0.006182519865371992, 0.004838074952091674, 0.03845278678724166, 0.049599290478296885, 1.0, 1]",0.0
7.6658333333333335,0,-0.002250598657218225,6.171633507985514e-06,-1.2428124150088003e-08,5,"[-0.006129985890197055, 0.00475340601691297, 0.036869480793146905, 0.04859898292264655, 1.0, 1]",0.0
7.677222222222223,0,-0.002230861894537771,6.1903526040090375e-06,-1.213708288120195e-08,5,"[-0.006077733797915297, 0.0046694822354539905, 0.0352988954714077, 0.04760597361926531, 1.0, 1]",0.0
7.688611111111111,0,-0.002211298293289342,6.207872800207824e-06,-1.1853412647246941e-08,5,"[-0.006025762507639083, 0.0045862950239830514, 0.033740896059918736, 0.04662019174295614, 1.0, 1]",0.0
7.700000000000001,0,-0.002191905872602987,6.224221937122066e-06,-1.1576910483747236e-08,5,"[-0.00597407092238586, 0.004503835920401609, 0.0321953495639478, 0.04564156732558717, 1.0, 1]",0.0
7.711388888888889,0,-0.002172682679423108,6.239427234794673e-06,-1.1307379487572533e-08,5,"[-0.005922657929881623, 0.004422096582204861, 0.030662124728562893, 0.04467003124367713, 1.0, 1]",0.0
7.722777777777779,0,-0.002153626788046894,6.25351530738575e-06,-1.1044628621503116e-08,5,"[-0.005871522403337844, 0.004341068784481907, 0.029141092011549432, 0.04370551520618799, 1.0, 1]",0.0
7.734166666666667,0,-0.0021347362996715657,6.266512177415399e-06,-1.0788472525564722e-08,5,"[-0.0058206632022040775, 0.004260744417954193, 0.027632123556823023, 0.04274795174252479, 1.0, 1]",0.0
7.745555555555557,0,-0.0021160093419502505,6.278443289645673e-06,-1.0538731334882618e-08,5,"[-0.005770079172895582, 0.004181115487051927, 0.026135093168314603, 0.04179727419073468, 1.0, 1]",0.0
7.756944444444445,0,-0.002097444068556311,6.289333524610916e-06,-1.0295230503814037e-08,5,"[-0.005719769149497677, 0.004102174108027181, 0.024649876284327073, 0.040853416685906425, 1.0, 1]",0.0
7.768333333333334,0,-0.002079038658755922,6.299207211807068e-06,-1.0057800636127433e-08,5,"[-0.005669731954447169, 0.004023912507103097, 0.023176349952348598, 0.039916314148760144, 1.0, 1]",0.0
7.779722222222222,0,-0.0020607913169887406,6.308088142548158e-06,-9.82627732100632e-09,5,"[-0.005619966399191765, 0.003946323018658587, 0.02171439280431735, 0.03898590227443059, 1.0, 1]",0.0
7.791111111111112,0,-0.002042700272456493,6.31599958250037e-06,-9.600500974664289e-09,5,"[-0.005570471284827537, 0.003869398083447164, 0.020263885032323074, 0.038062117521433604, 1.0, 1]",0.0
7.8025,0,-0.002024763778719297,6.322964283900622e-06,-9.38031668736531e-09,5,"[-0.005521245402716245, 0.003793130246850048, 0.018824708364745358, 0.037144897100818614, 1.0, 1]",0.0
7.81388888888889,0,-0.0020069801132995627,6.329004497470374e-06,-9.165574075652758e-09,5,"[-0.005472287535081864, 0.0037175121571618895, 0.01739674604280775, 0.03623417896549782, 1.0, 1]",0.0
7.825277777777778,0,-0.001989347577293321,6.3341419840308946e-06,-8.9561271395971e-09,5,"[-0.005423596455587835, 0.0036425365639092397, 0.015979882797554194, 0.03532990179975341, 1.0, 1]",0.0
7.836666666666668,0,-0.0019718644949888067,6.338398025829814e-06,-8.75183412488021e-09,5,"[-0.005375170929895209, 0.0035681963162004842, 0.014574004827222256, 0.034432005008916404, 1.0, 1]",0.0
7.848055555555556,0,-0.001954529213492153,6.3417934375851064e-06,-8.552557389540854e-09,5,"[-0.005327009716202484, 0.0034944843611067725, 0.013178999775022213, 0.033540428709216044, 1.0, 1]",0.0
7.859444444444446,0,-0.001937340102360032,6.344348577255413e-06,-8.35816327521299e-09,5,"[-0.0052791115657674775, 0.0034213937420733104, 0.011794756707301176, 0.032655113717793935, 1.0, 1]",0.0
7.870833333333334,0,-0.001920295553239138,6.346083356543407e-06,-8.168521982695307e-09,5,"[-0.005231475223412, 0.003348917597360489, 0.010421166092090808, 0.031776001542883486, 1.0, 1]",0.0
7.882222222222223,0,-0.001903393979512292,6.347017251139241e-06,-7.983507451695197e-09,5,"[-0.0051840994280096106, 0.003277049158513751, 0.00905811977802871, 0.03090303437414739, 1.0, 1]",0.0
7.893611111111111,0,-0.0018866338159511298,6.347169310711675e-06,-7.802997244598825e-09,5,"[-0.005136982912957311, 0.0032057817488623987, 0.007705510973649282, 0.03003615507317439, 1.0, 1]",0.0
7.905000000000001,0,-0.0018700135183751432,6.346558168652692e-06,-7.626872434121814e-09,5,"[-0.0050901244066312015, 0.0031351087820457157, 0.00636323422702955, 0.02917530716412832, 1.0, 1]",0.0
7.916388888888889,0,-0.0018535315633170025,6.345202051582983e-06,-7.455017494702929e-09,5,"[-0.0050435226328270875, 0.003065023760566771, 0.005031185405794433, 0.028320434824550614, 1.0, 1]",0.0
7.927777777777779,0,-0.001837186447693993,6.343118788624224e-06,-7.287320197506902e-09,5,"[-0.004997176311186059, 0.002995520274372759, 0.0037092616774604195, 0.027471482876309333, 1.0, 1]",0.0
7.939166666666667,0,-0.0018209766884854917,6.340325820444479e-06,-7.123671508908746e-09,5,"[-0.004951084157605811, 0.002926591999461539, 0.0023973614901250514, 0.026628396776696466, 1.0, 1]",0.0
7.950555555555557,0,-0.001804900822416264,6.336840208082196e-06,-6.96396549233497e-09,5,"[-0.0049052448846378955, 0.0028582326965136524, 0.0010953845534823123, 0.025791122609665824, 1.0, 1]",0.0
7.961944444444445,0,-0.001788957405645589,6.332678641556017e-06,-6.808099213344771e-09,5,"[-0.004859657201871625, 0.002790436209549621, -0.00019676817982982366, 0.024959607077214094, 1.0, 1]",0.0
7.9733333333333345,0,-0.0017731450134619523,6.327857448263908e-06,-6.655972647834727e-09,5,"[-0.004814319816304748, 0.0027231964646115487, -0.0014791945325672799, 0.02413379749089765, 1.0, 1]",0.0
7.9847222222222225,0,-0.0017574622399833411,6.322392601179425e-06,-6.507488593259313e-09,5,"[-0.004769231432701303, 0.002656507468469083, -0.002751991120902481, 0.023313641763487086, 1.0, 1]",0.0
7.996111111111112,0,-0.0017419076978628732,6.316299726848948e-06,-6.362552582759327e-09,5,"[-0.0047243907539373615, 0.0025903633073484683, -0.004015253372139751, 0.022499088400752282, 1.0, 1]",0.0
8.0075,0,-0.001726480017999795,6.3095941131949335e-06,-6.221072802097686e-09,5,"[-0.004679796481334727, 0.0025247581456851738, -0.005269075542128541, 0.021690086493380768, 1.0, 1]",0.0
8.01888888888889,0,-0.0017111778492556154,6.3022907171317135e-06,-6.0829600093038e-09,5,"[-0.004635447314982899, 0.002459686224898724, -0.0065135507323847396, 0.02088658570902183, 1.0, 1]",0.0
8.030277777777778,0,-0.0016959998581753829,6.294404171997572e-06,-5.948127456932741e-09,5,"[-0.004591341954050049, 0.002395141862189863, -0.007748770906916794, 0.020088536284458735, 1.0, 1]",0.0
8.041666666666668,0,-0.0016809447287138924,6.28594879480739e-06,-5.816490816847053e-09,5,"[-0.004547479097082882, 0.002331119449359195, -0.00897482690877336, 0.01929588901790247, 1.0, 1]",0.0
8.053055555555556,0,-0.001666011161966823,6.276938593332273e-06,-5.687968107435193e-09,5,"[-0.004503857442296021, 0.002267613451647434, -0.01019180847630756, 0.018508595261409282, 1.0, 1]",0.0
8.064444444444446,0,-0.0016511978759066214,6.2673872730088695e-06,-5.562479623180861e-09,5,"[-0.00446047568785112, 0.0022046184065958934, -0.011399804259170492, 0.017726606913414832, 1.0, 1]",0.0
8.075833333333334,0,-0.0016365036051231162,6.257308243683806e-06,-5.439947866503036e-09,5,"[-0.0044173325321261135, 0.0021421289229279277, -0.012598901834036195, 0.016949876411388294, 1.0, 1]",0.0
8.087222222222223,0,-0.0016219271005686842,6.246714626197135e-06,-5.320297481787676e-09,5,"[-0.004374426673974588, 0.0020801396794499754, -0.013789187720062062, 0.016178356724598636, 1.0, 1]",0.0
8.098611111111111,0,-0.001607467129307953,6.235619258809048e-06,-5.203455191536332e-09,5,"[-0.0043317568129762046, 0.0020186454239722266, -0.014970747394093457, 0.015412001346996078, 1.0, 1]",0.0
8.110000000000001,0,-0.0015931224742718963,6.224034703473522e-06,-5.089349734558549e-09,5,"[-0.004289321649677574, 0.0019576409722485764, -0.016143665305613224, 0.014650764290203386, 1.0, 1]",0.0
8.12138888888889,0,-0.0015788919340162717,6.211973251963806e-06,-4.9779118061387025e-09,5,"[-0.004247119885824824, 0.0018971212069353227, -0.017308024891443792, 0.013894600076616486, 1.0, 1]",0.0
8.132777777777779,0,-0.0015647743224842668,6.199446931851791e-06,-4.869074000108901e-09,5,"[-0.0042051502245873396, 0.0018370810765680466, -0.018463908590204706, 0.013143463732611561, 1.0, 1]",0.0
8.144166666666667,0,-0.0015507684687733501,6.18646751234705e-06,-4.762770752764313e-09,5,"[-0.004163411370773275, 0.0017775155945570357, -0.01961139785653275, 0.012397310781858727, 1.0, 1]",0.0
8.155555555555557,0,-0.0015368732169061432,6.173046509997692e-06,-4.658938288557061e-09,5,"[-0.0041219020310371704, 0.0017184198381997905, -0.020750573175065297, 0.011656097238736843, 1.0, 1]",0.0
8.166944444444445,0,-0.0015230874256053145,6.159195194256689e-06,-4.557514567509001e-09,5,"[-0.004080620914079783, 0.0016597889477113425, -0.02188151407419468, 0.010919779601852277, 1.0, 1]",0.0
8.178333333333335,0,-0.001509409968072377,6.144924592917912e-06,-4.458439234285217e-09,5,"[-0.004039566730840233, 0.0016016181252711903, -0.023004299139596503, 0.010188314847654636, 1.0, 1]",0.0
8.189722222222223,0,-0.0014958397317703356,6.13024549742429e-06,-4.361653568872036e-09,5,"[-0.00399873819468104, 0.0015439026340873174, -0.024119006027535198, 0.009461660424153587, 1.0, 1]",0.0
8.201111111111112,0,-0.0014823756182100664,6.115168468051563e-06,-4.267100438805291e-09,5,"[-0.003958134021566056, 0.001486637797475897, -0.02522571147795514, 0.008739774244728282, 1.0, 1]",0.0
8.2125,0,-0.0014690165427404236,6.099703838971264e-06,-4.174724252897377e-09,5,"[-0.003917752930231372, 0.001429818997957745, -0.026324491327352734, 0.008022614682035304, 1.0, 1]",0.0
8.22388888888889,0,-0.0014557614343419267,6.083861723195133e-06,-4.084470916412059e-09,5,"[-0.003877593642349769, 0.0013734416763698176, -0.027415420521445227, 0.007310140562005559, 1.0, 1]",0.0
8.235277777777778,0,-0.0014426092354240078,6.06765201740433e-06,-3.996287787639052e-09,5,"[-0.003837654882688654, 0.0013175013309923722, -0.028498573127627477, 0.006602311157935691, 1.0, 1]",0.0
8.246666666666666,0,-0.001429558901625748,6.051084406667164e-06,-3.910123635821895e-09,5,"[-0.0037979353792616352, 0.001261993516691281, -0.029574022347232772, 0.005899086184667196, 1.0, 1]",0.0
8.258055555555556,0,-0.0014166094016199976,6.034168369046104e-06,-3.825928600393158e-09,5,"[-0.003758433863474298, 0.001206913844074956, -0.03064184052759232, 0.005200425792854458, 1.0, 1]",0.0
8.269444444444444,0,-0.0014037597169208557,6.016913180099004e-06,-3.7436541514744925e-09,5,"[-0.0037191490702637962, 0.001152257978665759, -0.031702099173897325, 0.004506290563319823, 1.0, 1]",0.0
8.280833333333334,0,-0.001391008841694427,5.9993279172760004e-06,-3.6632530515990856e-09,5,"[-0.0036800797382329337, 0.001098021640085807, -0.03275486896087802, 0.0038166415014924022, 1.0, 1]",0.0
8.292222222222222,0,-0.0013783557825727882,5.981421464214531e-06,-3.5846793186160072e-09,5,"[-0.0036412246097787936, 0.0010442006012564224, -0.0338002197442859, 0.0031314400319321974, 1.0, 1]",0.0
8.303611111111111,0,-0.0013657995584711075,5.963202514935832e-06,-3.5078881897377407e-09,5,"[-0.0036025824312158044, 0.0009907906876115062, -0.03483822057220016, 0.002450647992935131, 1.0, 1]",0.0
8.315,0,-0.0013533392004078776,5.944679577944919e-06,-3.432836086693201e-09,5,"[-0.003564151952893695, 0.0009377877763243173, -0.03586893969614661, 0.0017742276312201705, 1.0, 1]",0.0
8.32638888888889,0,-0.0013409737513281426,5.925860980235987e-06,-3.3594805819494225e-09,5,"[-0.0035259319293106535, 0.0008851877955470888, -0.03689244458204366, 0.0011021415966944196, 1.0, 1]",0.0
8.337777777777777,0,-0.0013287022659297446,5.906754871206446e-06,-3.2877803659676436e-09,5,"[-0.0034879211192212307, 0.0008329867236638469, -0.037908801920971597, 0.0004343529372977659, 1.0, 1]",0.0
8.349166666666667,0,-0.001316523810492453,5.887369226480981e-06,-3.217695215459189e-09,5,"[-0.0034501182857398496, 0.0007811805885557186, -0.038918077639773216, -0.00022917490607729277, 1.0, 1]",0.0
8.360555555555555,0,-0.001304437462709998,5.867711851648819e-06,-3.149185962609243e-09,5,"[-0.0034125221964395507, 0.0007297654668788077, -0.03992033691148259, -0.0008884781045879528, 1.0, 1]",0.0
8.371944444444445,0,-0.0012924423115248571,5.847790385915121e-06,-3.0822144652361007e-09,5,"[-0.0033751316234463475, 0.0006787374833538677, -0.04091564416559335, -0.0015435924463726442, 1.0, 1]",0.0
8.383333333333333,0,-0.0012805374569658573,5.8276123056696405e-06,-3.016743577856384e-09,5,"[-0.0033379453435294425, 0.0006280928100683324, -0.04190406309816074, -0.0021945533414060667, 1.0, 1]",0.0
8.394722222222223,0,-0.0012687220099884475,5.807184927974416e-06,-2.9527371236262993e-09,5,"[-0.0033009621381869156, 0.0005778276657898479, -0.042885656681748534, -0.0028413958262853414, 1.0, 1]",0.0
8.40611111111111,0,-0.001256995092317629,5.786515413971796e-06,-2.8901598671305534e-09,5,"[-0.003264180793727873, 0.0005279383152911766, -0.04386048717521559, -0.003484154568943717, 1.0, 1]",0.0
8.4175,0,-0.0012453558362934979,5.765610772215955e-06,-2.8289774879919567e-09,5,"[-0.0032276001013502448, 0.00047842106868665687, -0.04482861613335374, -0.004122863873296645, 1.0, 1]",0.0
8.428888888888888,0,-0.0012338033847193335,5.744477861928323e-06,-2.7691565552747233e-09,5,"[-0.0031912188572150524, 0.00042927228077938376, -0.04579010441636912, -0.004757557683817924, 1.0, 1]",0.0
8.440277777777778,0,-0.0012223368907121968,5.723123396180352e-06,-2.710664502656499e-09,5,"[-0.003155035862517024, 0.0003804883504194822, -0.046745012199221274, -0.005388269590050708, 1.0, 1]",0.0
8.451666666666666,0,-0.0012109555175559997,5.7015539450039445e-06,-2.653469604344043e-09,5,"[-0.0031190499235514203, 0.0003320657198730257, -0.0476933989808124, -0.0060150328310505565, 1.0, 1]",0.0
8.463055555555556,0,-0.0011996584385569563,5.679775938432003e-06,-2.5975409517087537e-09,5,"[-0.0030832598517777482, 0.0002840008742010215, -0.048635323593035885, -0.006637880299766403, 1.0, 1]",0.0
8.474444444444444,0,-0.0011884448369014605,5.657795669471122e-06,-2.5428484306195686e-09,5,"[-0.0030476644638798445, 0.00023629034064928856, -0.04957084420968436, -0.007256844547354618, 1.0, 1]",0.0
8.485833333333334,0,-0.00117731390551622,5.6356192970070455e-06,-2.489362699450114e-09,5,"[-0.0030122625818229786, 0.00018893068804771586, -0.050500018355219244, -0.007871957787433166, 1.0, 1]",0.0
8.497222222222222,0,-0.0011662648469307267,5.613252848645244e-06,-2.437055167739428e-09,5,"[-0.002977053032907735, 0.00014191852621982804, -0.05142290291340506, -0.008483251900272562, 1.0, 1]",0.0
8.508611111111112,0,-0.0011552968731419456,5.590702223488401e-06,-2.3858979754852465e-09,5,"[-0.002942034649820717, 9.525050540191602e-05, -0.052339554135810804, -0.009090758436927015, 1.0, 1]",0.0
8.52,0,-0.0011444092054812079,5.567973194851566e-06,-2.3358639730496933e-09,5,"[-0.002907206270682639, 4.892331567160152e-05, -0.05325002765018097, -0.009694508623305054, 1.0, 1]",0.0
8.53138888888889,0,-0.0011336010744832478,5.545071412916601e-06,-2.2869267016579796e-09,5,"[-0.002872566739093327, 2.933686385811592e-06, -0.05415437846867762, -0.010294533364183048, 1.0, 1]",0.0
8.542777777777777,0,-0.001122871719757388,5.5220024073280954e-06,-2.2390603744718e-09,5,"[-0.0028381149041740977, -4.272161437218918e-05, -0.05505266099599456, -0.010890863247159242, 1.0, 1]",0.0
8.554166666666667,0,-0.0011122203898607731,5.498771589731474e-06,-2.1922398582188908e-09,5,"[-0.0028038496206074072, -8.804578033661596e-05, -0.055944929037352924, -0.01148352854655275, 1.0, 1]",0.0
8.565555555555555,0,-0.0011016463421736728,5.475384256254534e-06,-2.146440655361453e-09,5,"[-0.002769769748674046, -0.0001330419675943392, -0.05683123580636699, -0.012072559227245516, 1.0, 1]",0.0
8.576944444444445,0,-0.0010911488427767686,5.45184558993455e-06,-2.1016388867866254e-09,5,"[-0.002735874154287659, -0.00017771329511126973, -0.05771163393279779, -0.012657984948470462, 1.0, 1]",0.0
8.588333333333333,0,-0.0010807271663304202,5.428160663091283e-06,-2.0578112750024893e-09,5,"[-0.0027021617090271345, -0.0002220628452504105, -0.05858617547018333, -0.013239835067544233, 1.0, 1]",0.0
8.599722222222223,0,-0.0010703805959558627,5.404334439647879e-06,-2.014935127823998e-09,5,"[-0.002668631290166341, -0.00026609366428131357, -0.05945491190335693, -0.01381813864354888, 1.0, 1]",0.0
8.61111111111111,0,-0.0010601084231183075,5.38037177740073e-06,-1.972988322533544e-09,5,"[-0.0026352817807018454, -0.000309808762881532, -0.06031789415585017, -0.01439292444095891, 1.0, 1]",0.0
8.6225,0,-0.0010499099475118883,5.356277430239157e-06,-1.931949290501223e-09,5,"[-0.00260211206937838, -0.00035321111663000175, -0.061175172597184344, -0.014964220933219353, 1.0, 1]",0.0
8.633888888888889,0,-0.0010397844769464604,5.332056050316343e-06,-1.8917970022507538e-09,5,"[-0.00256912105071217, -0.0003963036664925371, -0.0620267970500514, -0.015532056306271044, 1.0, 1]",0.0
8.645277777777778,0,-0.0010297313272361749,5.307712190173047e-06,-1.8525109529572087e-09,5,"[-0.002536307625012307, -0.00043908931929946765, -0.06287281679738961, -0.016096458462028153, 1.0, 1]",0.0
8.656666666666666,0,-0.0010197498220898436,5.283250304814361e-06,-1.8140711483631288e-09,5,"[-0.0025036706984000374, -0.0004815709482157491, -0.06371328058934965, -0.01665745502180486, 1.0, 1]",0.0
8.668055555555556,0,-0.0010098392930030016,5.258674753741308e-06,-1.7764580911001319e-09,5,"[-0.002471209182826174, -0.0005237513932036243, -0.06454823665015848, -0.01721507332969567, 1.0, 1]",0.0
8.679444444444444,0,-0.0009999990791517113,5.233989802938133e-06,-1.7396527674037076e-09,5,"[-0.0024389219960868273, -0.0005656334614778924, -0.06537773268488062, -0.01776934045590675, 1.0, 1]",0.0
8.690833333333334,0,-0.0009902285272880018,5.209199626815989e-06,-1.7036366342088046e-09,5,"[-0.0024068080618370683, -0.000607219927953962, -0.06620181588607844, -0.01832028320004232, 1.0, 1]",0.0
8.702222222222222,0,-0.0009805269916369817,5.1843083101148944e-06,-1.6683916066149848e-09,5,"[-0.002374866309603098, -0.0006485135356888166, -0.06702053294037268, -0.01886792809434291, 1.0, 1]",0.0
8.713611111111112,0,-0.000970893833795539,5.159319849763718e-06,-1.6339000457093316e-09,5,"[-0.0023430956747926396, -0.0006895169963150678, -0.06783393003490688, -0.019412301406881216, 1.0, 1]",0.0
8.725,0,-0.0009613284226326398,5.134238156700171e-06,-1.6001447467365999e-09,5,"[-0.0023114950987038686, -0.000730232990468246, -0.06864205286371551, -0.019953429144710773, 1.0, 1]",0.0
8.73638888888889,0,-0.0009518301341911785,5.1090670576514e-06,-1.5671089276058766e-09,5,"[-0.00228006352853248, -0.0007706641682071703, -0.06944494663399696, -0.020491337056973116, 1.0, 1]",0.0
8.747777777777777,0,-0.0009423983515913625,5.083810296875944e-06,-1.5347762177235126e-09,5,"[-0.002248799917377639, -0.0008108131494278728, -0.07024265607229614, -0.02102605063796032, 1.0, 1]",0.0
8.759166666666667,0,-0.000933032464935581,5.058471537868003e-06,-1.5031306471423873e-09,5,"[-0.002217703224246234, -0.0008506825242711464, -0.07103522543059367, -0.02155759513013634, 1.0, 1]",0.0
8.770555555555555,0,-0.0009237318712147744,5.033054365025212e-06,-1.4721566360181233e-09,5,"[-0.0021867724140557884, -0.0008902748535235183, -0.07182269849230785, -0.022085995527115786, 1.0, 1]",0.0
8.781944444444445,0,-0.000914495974216228,5.007562285280131e-06,-1.4418389843626844e-09,5,"[-0.002156006457636024, -0.0009295926690121257, -0.07260511857820716, -0.022611276576602276, 1.0, 1]",0.0
8.793333333333333,0,-0.0009053241844328132,4.981998729697067e-06,-1.4121628620867198e-09,5,"[-0.002125404331729167, -0.0009686384739933972, -0.07338252855223618, -0.023133462783285808, 1.0, 1]",0.0
8.804722222222223,0,-0.0008962159189736035,4.956367055034195e-06,-1.3831137993216254e-09,5,"[-0.002094965018988917, -0.001007414743535776, -0.07415497082725805, -0.023652578411701177, 1.0, 1]",0.0
8.81611111111111,0,-0.0008871706014758938,4.930670545272556e-06,-1.3546776770132656e-09,5,"[-0.002064687507978289, -0.0010459239248963943, -0.07492248737071146, -0.0241686474890463, 1.0, 1]",0.0
8.8275,0,-0.0008781876620185297,4.904912413112005e-06,-1.3268407177788576e-09,5,"[-0.002034570793166163, -0.0010841684378921118, -0.07568511971018539, -0.024681693807963034, 1.0, 1]",0.0
8.838888888888889,0,-0.000869266537036614,4.879095801435327e-06,-1.2995894770194915e-09,5,"[-0.0020046138749229064, -0.0011221506752646165, -0.07644290893891524, -0.025191740929278686, 1.0, 1]",0.0
8.850277777777778,0,-0.0008604066692374728,4.853223784741197e-06,-1.272910834280418e-09,5,"[-0.0019748157595146517, -0.0011598730030401426, -0.07719589572119655, -0.02569881218471248, 1.0, 1]",0.0
8.861666666666666,0,-0.0008516075075179386,4.827299370546253e-06,-1.2467919848517908e-09,5,"[-0.0019451754590967302, -0.001197337760883507, -0.07794412029772191, -0.026202930679541995, 1.0, 1]",0.0
8.873055555555556,0,-0.0008428685068828542,4.801325500757722e-06,-1.2212204316027417e-09,5,"[-0.0019156919917060278, -0.0012345472624467758, -0.07868762249084067, -0.026704119295237187, 1.0, 1]",0.0
8.884444444444444,0,-0.0008341891283648641,4.7753050530165725e-06,-1.1961839770418758e-09,5,"[-0.0018863643812523513, -0.0012715037957125837, -0.07942644170974272, -0.027202400692054825, 1.0, 1]",0.0
8.895833333333334,0,-0.0008255688389453705,4.749240842012233e-06,-1.1716707155973633e-09,5,"[-0.0018571916575088367, -0.0013082096233323077, -0.08016061695556856, -0.027697797311602008, 1.0, 1]",0.0
8.907222222222222,0,-0.0008170071114767278,4.723135620769588e-06,-1.1476690261103516e-09,5,"[-0.0018281728561014932, -0.0013446669829588896, -0.08089018682644467, -0.028190331379361125, 1.0, 1]",0.0
8.918611111111112,0,-0.0008085034246055748,4.696992081908315e-06,-1.1241675645350946e-09,5,"[-0.0017993070184979317, -0.00138087808757493, -0.0816151895224476, -0.028680024907184052, 1.0, 1]",0.0
8.93,0,-0.0008000572626973646,4.670812858876088e-06,-1.1011552568401071e-09,5,"[-0.0017705931919951515, -0.0014168451258154415, -0.08233566285049813, -0.029166899695750897, 1.0, 1]",0.0
8.94138888888889,0,-0.000791668115761984,4.644600527155448e-06,-1.0786212921040637e-09,5,"[-0.0017420304297065038, -0.001452570262285981, -0.08305164422918376, -0.02965097733699643, 1.0, 1]",0.0
8.952777777777778,0,-0.0007833354793805236,4.618357605445226e-06,-1.0565551158009542e-09,5,"[-0.0017136177905481406, -0.0014880556378759112, -0.08376317069351374, -0.030132279216504222, 1.0, 1]",0.0
8.964166666666667,0,-0.0007750588546331288,4.592086556817207e-06,-1.034946423268901e-09,5,"[-0.001685354339224264, -0.001523303370066867, -0.08447027889960675, -0.030610826515868512, 1.0, 1]",0.0
8.975555555555555,0,-0.0007668377480279394,4.565789789848377e-06,-1.0137851533572548e-09,5,"[-0.0016572391462121238, -0.0015583155532366854, -0.08517300512931125, -0.031086640215024445, 1.0, 1]",0.0
8.986944444444445,0,-0.0007586716714310674,4.539469659729449e-06,-9.93061482246763e-10,5,"[-0.0016292712877460443, -0.0015930942589587468, -0.08587138529476172, -0.03155974109454846, 1.0, 1]",0.0
8.998333333333333,0,-0.0007505601419976519,4.513128469350081e-06,-9.727658174378382e-10,5,"[-0.0016014498458009042, -0.0016276415362967759, -0.08656545494286907, -0.032030149737925805, 1.0, 1]",0.0
9.009722222222223,0,-0.0007425026821039029,4.486768470361343e-06,-9.528887919019322e-10,5,"[-0.0015737739080749233, -0.0016619594120953637, -0.08725524925974912, -0.03249788653379088, 1.0, 1]",0.0
9.02111111111111,0,-0.0007344988192801788,4.46039186421604e-06,-9.334212583914227e-10,5,"[-0.001546242567971925, -0.001696049891266003, -0.08794080307508793, -0.0329629716781353, 1.0, 1]",0.0
9.0325,0,-0.0007265480861450442,4.434000803187212e-06,-9.143542839033148e-10,5,"[-0.001518854924582869, -0.0017299149570689715, -0.08862215086644723, -0.03342542517648909, 1.0, 1]",0.0
9.043888888888889,0,-0.0007186500203402988,4.407597391365512e-06,-8.956791442923909e-10,5,"[-0.0014916100826670826, -0.0017635565713910318, -0.08929932676350688, -0.03388526684607083, 1.0, 1]",0.0
9.055277777777778,0,-0.000710804164466968,4.381183685635578e-06,-8.77387319029419e-10,5,"[-0.0014645071526326393, -0.0017969766750189496, -0.08997236455225142, -0.03434251631791202, 1.0, 1]",0.0
9.066666666666666,0,-0.0007030100660222384,4.3547616966322705e-06,-8.594704861003487e-10,5,"[-0.0014375452505164812, -0.0018301771879090118, -0.09064129767909503, -0.03479719303895123, 1.0, 1]",0.0
9.078055555555556,0,-0.0006952672773373046,4.328333389676994e-06,-8.41920517042362e-10,5,"[-0.0014107234979639745, -0.0018631600094525752, -0.09130615925495178, -0.03524931627410267, 1.0, 1]",0.0
9.089444444444444,0,-0.0006875753555161627,4.301900685694557e-06,-8.247294721129388e-10,5,"[-0.0013840410222078735, -0.001895927018737604, -0.09196698205924737, -0.03569890510829587, 1.0, 1]",0.0
9.100833333333334,0,-0.0006799338623752384,4.275465462110881e-06,-8.078895955879609e-10,5,"[-0.0013574969560470958, -0.0019284800748065993, -0.09262379854387598, -0.03614597844849109, 1.0, 1]",0.0
9.112222222222222,0,-0.0006723423643839649,4.2490295537324305e-06,-7.913933111854654e-10,5,"[-0.0013310904378247659, -0.0019608210169104173, -0.09327664083710197, -0.03659055502566561, 1.0, 1]",0.0
9.123611111111112,0,-0.0006648004326061673,4.222594753607191e-06,-7.752332176111487e-10,5,"[-0.0013048206114061364, -0.0019929516647586255, -0.09392554074740915, -0.037032653396777145, 1.0, 1]",0.0
9.135,0,-0.0006573076426423457,4.1961628138679465e-06,-7.594020842223894e-10,5,"[-0.0012786866261559554, -0.0020248738187661204, -0.09457052976729398, -0.03747229194669925, 1.0, 1]",0.0
9.14638888888889,0,-0.0006498635745727617,4.169735446558104e-06,-7.438928468072799e-10,5,"[-0.0012526876369154294, -0.0020565892602961, -0.09521163907701034, -0.0379094888901333, 1.0, 1]",0.0
9.157777777777778,0,-0.0006424678129013728,4.1433143244406186e-06,-7.286986034755267e-10,5,"[-0.0012268228039790322, -0.002088099751899566, -0.09584889954825924, -0.038344262273494766, 1.0, 1]",0.0
9.169166666666667,0,-0.0006351199465005539,4.1169010817901694e-06,-7.138126106579455e-10,5,"[-0.001201091293070726, -0.0021194070375513186, -0.09648234174783026, -0.03877662997677594, 1.0, 1]",0.0
9.180555555555555,0,-0.0006278195685566458,4.090497315169067e-06,-6.992282792115757e-10,5,"[-0.0011754922753201013, -0.0021505128428824937, -0.09711199594119264, -0.03920660971538384, 1.0, 1]",0.0
9.191944444444445,0,-0.0006205662765162571,4.064104584187149e-06,-6.849391706273447e-10,5,"[-0.001150024927237999, -0.0021814188754098298, -0.09773789209603688, -0.03963421904195527, 1.0, 1]",0.0
9.203333333333333,0,-0.0006133596720333648,4.0377244122463175e-06,-6.709389933375352e-10,5,"[-0.001124688430692079, -0.002212126824761528, -0.09836005988576856, -0.04005947534814774, 1.0, 1]",0.0
9.214722222222223,0,-0.0006061993609171448,4.011358287269544e-06,-6.57221599120074e-10,5,"[-0.0010994819728818968, -0.002242638362899891, -0.09897852869295351, -0.040482395866408206, 1.0, 1]",0.0
9.226111111111111,0,-0.0005990849530805822,3.985007662415118e-06,-6.43780979597101e-10,5,"[-0.0010744047463138212, -0.002272955144340754, -0.09959332761271827, -0.040902997671718816, 1.0, 1]",0.0
9.2375,0,-0.0005920160624897885,3.9586739567763335e-06,-6.306112628250805e-10,5,"[-0.0010494559487757554, -0.0023030788063698173, -0.1002044854561026, -0.04132129768332038, 1.0, 1]",0.0
9.248888888888889,0,-0.0005849923071140573,3.93235855606668e-06,-6.177067099738983e-10,5,"[-0.0010246347833115811, -0.0023330109692557667, -0.10081203075336703, -0.04173731266641353, 1.0, 1]",0.0
9.260277777777778,0,-0.0005780133088766162,3.906062813291283e-06,-6.050617120925248e-10,5,"[-0.000999940458195357, -0.0023627532364604606, -0.10141599175725671, -0.04215105923383928, 1.0, 1]",0.0
9.271666666666667,0,-0.0005710786936061034,3.8797880494045885e-06,-5.926707869588088e-10,5,"[-0.0009753721869053406, -0.0023923071948460115, -0.10201639644621933, -0.04256255384773694, 1.0, 1]",0.0
9.283055555555556,0,-0.0005641880909886959,3.8535355539545826e-06,-5.805285760110087e-10,5,"[-0.0009509291880979195, -0.0024216744148790503, -0.10261327252758208, -0.0429718128211821, 1.0, 1]",0.0
9.294444444444444,0,-0.0005573411345209574,3.827306585714069e-06,-5.686298413589182e-10,5,"[-0.0009266106855811334, -0.0024508564508319134, -0.10320664744068414, -0.04337885231980294, 1.0, 1]",0.0
9.305833333333334,0,-0.0005505374614633091,3.8011023732989196e-06,-5.569694628722315e-10,5,"[-0.0009024159082883244, -0.002479854840981153, -0.10379654835996789, -0.043783688363377184, 1.0, 1]",0.0
9.317222222222222,0,-0.0005437767127941972,3.7749241157740547e-06,-5.45542435344188e-10,5,"[-0.0008783440902513954, -0.002508671107803086, -0.10438300219802896, -0.04418633682740764, 1.0, 1]",0.0
9.328611111111112,0,-0.0005370585331648693,3.748772983246925e-06,-5.343438657282541e-10,5,"[-0.0008543944705739964, -0.0025373067581666766, -0.10496603560862483, -0.0445868134446794, 1.0, 1]",0.0
9.34,0,-0.000530382570854816,3.7226501174491157e-06,-5.233689704459621e-10,5,"[-0.0008305662934046899, -0.0025657632835236065, -0.10554567498964416, -0.04498513380679587, 1.0, 1]",0.0
9.35138888888889,0,-0.0005237484777278079,3.6965566323059404e-06,-5.126130727638243e-10,5,"[-0.0008068588079098265, -0.002594042160095857, -0.10612194648603578, -0.04538131336569713, 1.0, 1]",0.0
9.362777777777778,0,-0.0005171559091885834,3.6704936144950736e-06,-5.020716002376416e-10,5,"[-0.0007832712682464038, -0.0026221448490603054, -0.10669487599269943, -0.045775367435157845, 1.0, 1]",0.0
9.374166666666667,0,-0.0005106045241400976,3.644462123993209e-06,-4.917400822220478e-10,5,"[-0.0007598029335348055, -0.0026500727967311752, -0.10726448915733837, -0.04616731119226769, 1.0, 1]",0.0
9.385555555555555,0,-0.0005040939849414135,3.618463194612326e-06,-4.816141474438454e-10,5,"[-0.0007364530678314714, -0.0026778274347395094, -0.10783081138327268, -0.046557159678892214, 1.0, 1]",0.0
9.396944444444445,0,-0.0004976239573661392,3.592497834524721e-06,-4.716895216371157e-10,5,"[-0.0007132209401014413, -0.002705410180210454, -0.10839386783221815, -0.04694492780311646, 1.0, 1]",0.0
9.408333333333333,0,-0.0004911941105614658,3.5665670267777705e-06,-4.6196202523861214e-10,5,"[-0.0006901058241908302, -0.0027328224359378698, -0.10895368342702491, -0.04733063034066994, 1.0, 1]",0.0
9.419722222222223,0,-0.0004848041170077694,3.5406717297981156e-06,-4.5242757114167767e-10,5,"[-0.0006671069987992973, -0.002760065590556602, -0.10951028285438416, -0.047714281936334396, 1.0, 1]",0.0
9.431111111111111,0,-0.0004784536524787601,3.5148128778859353e-06,-4.4308216250717843e-10,5,"[-0.0006442237474523683, -0.0027871410187123567, -0.11006369056749539, -0.04809589710533397, 1.0, 1]",0.0
9.4425,0,-0.00047214239600219647,3.4889913816991354e-06,-4.33921890629856e-10,5,"[-0.0006214553584737566, -0.0028140500812291946, -0.11061393078870191, -0.04847549023470798, 1.0, 1]",0.0
9.453888888888889,0,-0.0004658700298211391,3.4632081287280252e-06,-4.249429328586567e-10,5,"[-0.0005988011249576992, -0.0028407941252746446, -0.11116102751208917, -0.04885307558466692, 1.0, 1]",0.0
9.465277777777779,0,-0.00045963623935571816,3.4374639837602887e-06,-4.1614155056949633e-10,5,"[-0.0005762603447410867, -0.002867374484522724, -0.11170500450605134, -0.04922866728993215, 1.0, 1]",0.0
9.476666666666667,0,-0.0004534407131654583,3.411759789336784e-06,-4.0751408718914566e-10,5,"[-0.0005538323203758115, -0.002893792479314485, -0.11224588531582266, -0.04960227936105823, 1.0, 1]",0.0
9.488055555555556,0,-0.00044728314291209327,3.3860963661982733e-06,-3.990569662688055e-10,5,"[-0.0005315163591008109, -0.0029200494168164586, -0.11278369326597783, -0.049973925685739704, 1.0, 1]",0.0
9.499444444444444,0,-0.000441163223322897,3.360474513723076e-06,-3.9076668960602455e-10,5,"[-0.0005093117728143926, -0.002946146591177, -0.11331845146289678, -0.050343620030101795, 1.0, 1]",0.0
9.510833333333334,0,-0.00043508065215452343,3.3348950103562323e-06,-3.8263983541373876e-10,5,"[-0.0004872178780462895, -0.002972085283680297, -0.11385018279720184, -0.05071137603997529, 1.0, 1]",0.0
9.522222222222222,0,-0.00042903513015732765,3.3093586140298114e-06,-3.7467305653505973e-10,5,"[-0.0004652339959299291, -0.002997866762898459, -0.11437890994615868, -0.05107720724215531, 1.0, 1]",0.0
9.533611111111112,0,-0.00042302636104017715,3.283866062575196e-06,-3.6686307870271986e-10,5,"[-0.00044335945217453235, -0.0030234922848414083, -0.11490465537604988, -0.05144112704564569, 1.0, 1]",0.0
9.545,0,-0.0004170540514357485,3.2584180741269526e-06,-3.592066988418836e-10,5,"[-0.00042159357703733084, -0.0030489630931047305, -0.11542744134451617, -0.051803148742887176, 1.0, 1]",0.0
9.55638888888889,0,-0.00041111791086627765,3.233015347518699e-06,-3.5170078341520096e-10,5,"[-0.00039993570529577347, -0.003074280419015626, -0.11594728990286753, -0.05216328551097204, 1.0, 1]",0.0
9.567777777777778,0,-0.000405217651709788,3.207658562671146e-06,-3.4434226680900184e-10,5,"[-0.000378385176219761, -0.003099445481776737, -0.11646422289836464, -0.05252155041284214, 1.0, 1]",0.0
9.579166666666667,0,-0.0003993529891667711,3.182348380972575e-06,-3.371281497595452e-10,5,"[-0.0003569413335438604, -0.0031244594886080854, -0.11697826197647246, -0.05287795639847447, 1.0, 1]",0.0
9.590555555555556,0,-0.00039352364122731534,3.157085445651475e-06,-3.300554978181925e-10,5,"[-0.0003356035254396603, -0.0031493236348870816, -0.11748942858308245, -0.053232516306050685, 1.0, 1]",0.0
9.601944444444445,0,-0.0003877293286386684,3.131870382142064e-06,-3.2312143985456864e-10,5,"[-0.00031437110448799766, -0.003174039104286728, -0.11799774396670835, -0.05358524286311373, 1.0, 1]",0.0
9.613333333333333,0,-0.0003819697748732608,3.1067037984426203e-06,-3.1632316659668806e-10,5,"[-0.00029324342765140365, -0.003198607068911707, -0.11850322918065297, -0.053936148687709566, 1.0, 1]",0.0
9.624722222222223,0,-0.00037624470609712215,3.081586285466369e-06,-3.096579292069741e-10,5,"[-0.0002722198562464738, -0.0032230286894329788, -0.11900590508514836, -0.05428524628951625, 1.0, 1]",0.0
9.636111111111111,0,-0.0003705538511387546,3.0565184173859015e-06,-3.031230378934029e-10,5,"[-0.0002512997559163543, -0.003247305115220278, -0.11950579234946726, -0.05463254807095812, 1.0, 1]",0.0
9.6475,0,-0.00036489694145839646,3.031500751970479e-06,-2.9671586055468865e-10,5,"[-0.00023048249660320095, -0.003271437484473026, -0.12000291145400888, -0.05497806632830833, 1.0, 1]",0.0
9.658888888888889,0,-0.00035927371111771524,3.0065338309168234e-06,-2.9043382145871684e-10,5,"[-0.0002097674525208541, -0.0032954269243493438, -0.12049728269235802, -0.05532181325277612, 1.0, 1]",0.0
9.670277777777779,0,-0.0003536838967498849,2.981618180173436e-06,-2.8427439995332375e-10,5,"[-0.00018915400212734883, -0.00331927455109346, -0.12098892617331819, -0.05566380093158321, 1.0, 1]",0.0
9.681666666666667,0,-0.0003481272375300791,2.956754310258295e-06,-2.782351292085473e-10,5,"[-0.00016864152809773183, -0.003342981470161339, -0.12147786182291843, -0.056004041349025646, 1.0, 1]",0.0
9.693055555555556,0,-0.0003426034751463438,2.9319427165706984e-06,-2.723135949896197e-10,5,"[-0.00014822941729676807, -0.0033665487763447047, -0.12196410938639603, -0.05634254638752433, 1.0, 1]",0.0
9.704444444444444,0,-0.00033711235377085813,2.9071838796965516e-06,-2.6650743445977526e-10,5,"[-0.00012791706075179592, -0.0033899775538933177, -0.12244768843015282, -0.05667932782866184, 1.0, 1]",0.0
9.715833333333334,0,-0.00033165362003157795,2.8824782657080714e-06,-2.6081433501223393e-10,5,"[-0.00010770385362570076, -0.003413268876635741, -0.1229286183436883, -0.05701439735420823, 1.0, 1]",0.0
9.727222222222222,0,-0.0003262270229842539,2.857826326457216e-06,-2.552320331304747e-10,5,"[-8.758919518982119e-05, -0.0034364238080983947, -0.12340691834150759, -0.057347766547133625, 1.0, 1]",0.0
9.738611111111112,0,-0.00032083231408480803,2.8332284998637178e-06,-2.4975831327618255e-10,5,"[-6.757248879714173e-05, -0.0034594434016231887, -0.12388260746500551, -0.0576794468926093, 1.0, 1]",0.0
9.75,0,-0.0003154692471620932,2.808685210197206e-06,-2.4439100680406484e-10,5,"[-4.765314185538597e-05, -0.003482328700483365, -0.12435570458432826, -0.05800944977899711, 1.0, 1]",0.0
9.76138888888889,0,-0.0003101375783909836,2.7841968683539946e-06,-2.391279909029005e-10,5,"[-2.783056580032255e-05, -0.003505080737998112, -0.12482622840021007, -0.05833778649882681, 1.0, 1]",0.0
9.772777777777778,0,-0.00030483706626584564,2.759763872128312e-06,-2.339671875621136e-10,5,"[-8.104176069090662e-06, -0.003527700537645387, -0.12529419744578835, -0.05866446824976226, 1.0, 1]",0.0
9.784166666666668,0,-0.00029956747157433295,2.7353866064783957e-06,-2.2890656256324486e-10,5,"[1.1526607926334355e-05, -0.003550189113173469, -0.12575963008839594, -0.05898950613555618, 1.0, 1]",0.0
9.795555555555556,0,-0.0002943285573715388,2.7110654437871578e-06,-2.2394412449563464e-10,5,"[3.106236282560037e-05, -0.003572547468710901, -0.12622254453133064, -0.05931291116699362, 1.0, 1]",0.0
9.806944444444445,0,-0.0002891200889544712,2.6868007441180285e-06,-2.190779237957637e-10,5,"[5.0503661346370585e-05, -0.0035947765988751587, -0.12668295881560404, -0.05963469426282463, 1.0, 1]",0.0
9.818333333333333,0,-0.0002839418338368821,2.6625928554655913e-06,-2.1430605180958274e-10,5,"[6.98510723105221e-05, -0.00361687748887963, -0.12714089082166652, -0.05995486625068546, 1.0, 1]",0.0
9.829722222222223,0,-0.0002787935617243904,2.638442114001438e-06,-2.0962663987727876e-10,5,"[8.910516067033752e-05, -0.003638851114639587, -0.12759635827111362, -0.06027343786801005, 1.0, 1]",0.0
9.841111111111111,0,-0.0002736750444899655,2.6143488443153227e-06,-2.0503785843991987e-10,5,"[0.00010826648753456427, -0.003660698442876358, -0.12804937872836927, -0.060590419762929434, 1.0, 1]",0.0
9.852500000000001,0,-0.0002685860561496922,2.59031335965129e-06,-2.0053791616734481e-10,5,"[0.00012733561019433198, -0.0036824204312204895, -0.12849996960234947, -0.06090582249516251, 1.0, 1]",0.0
9.863888888888889,0,-0.0002635263728388792,2.56633596213969e-06,-1.9612505910688807e-10,5,"[0.0001463130821489693, -0.003704018028313376, -0.12894814814810499, -0.06121965653689459, 1.0, 1]",0.0
9.875277777777779,0,-0.00025849577278845483,2.542416943024327e-06,-1.9179756985228098e-10,5,"[0.00016519945313179087, -0.0037254921739075983, -0.12939393146844438, -0.06153193227364734, 1.0, 1]",0.0
9.886666666666667,0,-0.0002534940363016701,2.5185565828852055e-06,-1.8755376673227738e-10,5,"[0.0001839952691356282, -0.003746843798966078, -0.1298373365155366, -0.061842660005137516, 1.0, 1]",0.0
9.898055555555556,0,-0.00024852094573111203,2.4947551518572065e-06,-1.8339200301853784e-10,5,"[0.0002027010724383815, -0.003768073825759812, -0.1302783800924944, -0.06215184994612681, 1.0, 1]",0.0
9.909444444444444,0,-0.0002435762854560009,2.471012909844304e-06,-1.793106661522179e-10,5,"[0.0002213174016283489, -0.003789183167964409, -0.1307170788549381, -0.06245951222726057, 1.0, 1]",0.0
9.920833333333334,0,-0.00023865984185978054,2.4473301067296414e-06,-1.7530817698882307e-10,5,"[0.00023984479162956598, -0.0038101727307553956, -0.13115344931254108, -0.0627656568958984, 1.0, 1]",0.0
9.932222222222222,0,-0.00023377140330799843,2.423706982581588e-06,-1.71382989060877e-10,5,"[0.00025828377372684046, -0.0038310434109022837, -0.13158750783055484, -0.06307029391693408, 1.0, 1]",0.0
9.943611111111112,0,-0.00022891076012646186,2.4001437678558876e-06,-1.675335878579557e-10,5,"[0.00027663487559088825, -0.0038517960968614757, -0.1320192706313185, -0.0633734331736065, 1.0, 1]",0.0
9.955,0,-0.00022407770457968338,2.376640683593693e-06,-1.6375849012361972e-10,5,"[0.000294898621303137, -0.0038724316688678534, -0.13244875379574586, -0.06367508446830118, 1.0, 1]",0.0
9.96638888888889,0,-0.00021927203084958085,2.353197941615888e-06,-1.6005624316885705e-10,5,"[0.00031307553138055827, -0.0038929509990254007, -0.13287597326479844, -0.0639752575233432, 1.0, 1]",0.0
9.977777777777778,0,-0.0002144935350144763,2.32981574471377e-06,-1.5642542420163175e-10,5,"[0.00033116612280032805, -0.003913354951396454, -0.13330094484093832, -0.06427396198177975, 1.0, 1]",0.0
9.989166666666668,0,-0.0002097420150283314,2.3064942868357323e-06,-1.5286463967207104e-10,5,"[0.00034917090902433724, -0.003933644382089963, -0.1337236841895645, -0.06457120740815545, 1.0, 1]",0.0
10.000555555555556,0,-0.00020501727070026393,2.2832337532706422e-06,-1.4937252463298865e-10,5,"[0.00036709040002358184, -0.003953820139348626, -0.13414420684043116, -0.06486700328927732, 1.0, 1]",0.0
10.011944444444445,0,-0.00020031910367431692,2.2600343208275465e-06,-1.45947742115302e-10,5,"[0.00038492510230250966, -0.003973883063634837, -0.1345625281890501, -0.06516135903497229, 1.0, 1]",0.0
10.023333333333333,0,-0.00019564731740948904,2.2368961580119503e-06,-1.425889825179989e-10,5,"[0.00040267551892307976, -0.003993833987715601, -0.13497866349807505, -0.06545428397883513, 1.0, 1]",0.0
10.034722222222223,0,-0.00019100171716000038,2.213819425198585e-06,-1.392949630122695e-10,5,"[0.00042034214952884296, -0.004013673736746367, -0.13539262789867046, -0.06574578737896868, 1.0, 1]",0.0
10.046111111111111,0,-0.0001863821099558267,2.1908042748009568e-06,-1.3606442695948663e-10,5,"[0.0004379254903688596, -0.004033403128353845, -0.13580443639186274, -0.06603587841871514, 1.0, 1]",0.0
10.057500000000001,0,-0.00018178830458346725,2.1678508514377243e-06,-1.3289614334268374e-10,5,"[0.00045542603432138264, -0.004053022972717652, -0.136214103849877, -0.06632456620737945, 1.0, 1]",0.0
10.068888888888889,0,-0.0001772201115669462,2.144959292095592e-06,-1.297889062111549e-10,5,"[0.00047284427091758805, -0.004072534072651121, -0.13662164501745647, -0.06661185978094444, 1.0, 1]",0.0
10.080277777777779,0,-0.00017267734314906842,2.1221297262892673e-06,-1.267415341379127e-10,5,"[0.0004901806863650045, -0.004091937223680918, -0.13702707451316637, -0.06689776810277785, 1.0, 1]",0.0
10.091666666666667,0,-0.00016815981327289705,2.099362276218374e-06,-1.2375286968966407e-10,5,"[0.0005074357635709203, -0.004111233214125765, -0.1374304068306832, -0.06718230006433144, 1.0, 1]",0.0
10.103055555555557,0,-0.00016366733756346198,2.0766570569211496e-06,-1.2082177890897183e-10,5,"[0.0005246099821656437, -0.004130422825174191, -0.1378316563400682, -0.0674654644858325, 1.0, 1]",0.0
10.114444444444445,0,-0.00015919973330970433,2.0540141764253498e-06,-1.1794715080834567e-10,5,"[0.0005417038185255498, -0.00414950683096121, -0.138230837289025, -0.06774727011696695, 1.0, 1]",0.0
10.125833333333334,0,-0.0001547568194466376,2.0314337358962958e-06,-1.1512789687595359e-10,5,"[0.0005587177457961353, -0.004168485998644152, -0.1386279638041441, -0.0680277256375559, 1.0, 1]",0.0
10.137222222222222,0,-0.00015033841653773217,2.0089158297818784e-06,-1.1236295059264495e-10,5,"[0.0005756522339147999, -0.004187361088477454, -0.13902304989213107, -0.06830683965822332, 1.0, 1]",0.0
10.148611111111112,0,-0.00014594434675751114,1.98646054595482e-06,-1.0965126696003534e-10,5,"[0.0005925077496335886, -0.004206132853886688, -0.13941610944102042, -0.06858462072105762, 1.0, 1]",0.0
10.16,0,-0.00014157443387438265,1.96406796585252e-06,-1.0699182203941449e-10,5,"[0.0006092847565417495, -0.00422480204154142, -0.1398071562213769, -0.06886107730026458, 1.0, 1]",0.0
10.17138888888889,0,-0.00013722850323365335,1.941738164613721e-06,-1.0438361250112192e-10,5,"[0.000625983715088226, -0.0042433693914273925, -0.1401962038874808, -0.06913621780281431, 1.0, 1]",0.0
10.182777777777778,0,-0.00013290638174077643,1.919471211212933e-06,-1.0182565518423586e-10,5,"[0.0006426050826038657, -0.004261835636917701, -0.1405832659784997, -0.06941005056907984, 1.0, 1]",0.0
10.194166666666668,0,-0.00012860789784479296,1.8972671685920715e-06,-9.931698666625811e-11,5,"[0.0006591493133237193, -0.004280201504843105, -0.14096835591964774, -0.06968258387346951, 1.0, 1]",0.0
10.205555555555556,0,-0.00012433288152197594,1.8751260937896771e-06,-9.685666284258759e-11,5,"[0.000675616858408963, -0.00429846771556154, -0.14135148702332898, -0.06995382592505184, 1.0, 1]",0.0
10.216944444444445,0,-0.00012008116425968179,1.8530480380676312e-06,-9.44437585155323e-11,5,"[0.0006920081659689028, -0.004316634983026676, -0.14173267249027086, -0.07022378486817404, 1.0, 1]",0.0
10.228333333333333,0,-0.00011585257904039822,1.8310330470354185e-06,-9.207736699262864e-11,5,"[0.0007083236810826841, -0.004334704014855677, -0.1421119254106408, -0.07049246878307291, 1.0, 1]",0.0
10.239722222222223,0,-0.00011164696032597558,1.8090811607720013e-06,-8.975659969404578e-11,5,"[0.0007245638458209585, -0.00435267551239617, -0.14248925876515228, -0.07075988568647985, 1.0, 1]",0.0
10.251111111111111,0,-0.00010746414404206799,1.7871924139454172e-06,-8.748058576886367e-11,5,"[0.000740729099267358, -0.004370550170792328, -0.14286468542615716, -0.07102604353221863, 1.0, 1]",0.0
10.262500000000001,0,-0.00010330396756274642,1.765366835930005e-06,-8.524847171999625e-11,5,"[0.000756819877539897, -0.004388328679050221, -0.14323821815872573, -0.07129095021179714, 1.0, 1]",0.0
10.273888888888889,0,-9.916626969531956e-05,1.7436044509215176e-06,-8.305942103757457e-11,5,"[0.000772836613812185, -0.004406011720102258, -0.14360986962171335, -0.07155461355499178, 1.0, 1]",0.0
10.285277777777779,0,-9.505089066530773e-05,1.7219052780498105e-06,-8.091261384055153e-11,5,"[0.0007887797383345337, -0.0044235999708710115, -0.14397965236881605, -0.07181704133042678, 1.0, 1]",0.0
10.296666666666667,0,-9.095767210163874e-05,1.7002693314896055e-06,-7.880724652637686e-11,5,"[0.0008046496784548963, -0.004441094102332033, -0.14434757884961355, -0.07207824124614563, 1.0, 1]",0.0
10.308055555555557,0,-8.688645702198366e-05,1.6786966205690015e-06,-7.674253142851266e-11,5,"[0.0008204468586397687, -0.004458494779576188, -0.1447136614105993, -0.07233822095017788, 1.0, 1]",0.0
10.319444444444445,0,-8.283708981829892e-05,1.6571871498759306e-06,-7.471769648161886e-11,5,"[0.0008361717004947873, -0.004475802661870984, -0.1450779122961999, -0.07259698803109829, 1.0, 1]",0.0
10.330833333333334,0,-7.880941624252515e-05,1.6357409193626275e-06,-7.273198489422727e-11,5,"[0.0008518246227853913, -0.00449301840272134, -0.14544034364978276, -0.07285455001858111, 1.0, 1]",0.0
10.342222222222222,0,-7.480328339246678e-05,1.614357924447968e-06,-7.078465482871046e-11,5,"[0.000867406041457149, -0.004510142649929473, -0.14580096751465066, -0.0731109143839476, 1.0, 1]",0.0
10.353611111111112,0,-7.081853969783544e-05,1.5930381561180382e-06,-6.887497908840037e-11,5,"[0.0008829163696561628, -0.00452717604565421, -0.14615979583502775, -0.07336608854070786, 1.0, 1]",0.0
10.365,0,-6.685503490646648e-05,1.5717816010246226e-06,-6.700224481165671e-11,5,"[0.0008983560177491536, -0.004544119226469446, -0.14651684045703078, -0.07362007984509691, 1.0, 1]",0.0
10.37638888888889,0,-6.291262007069855e-05,1.5505882415819108e-06,-6.516575317274349e-11,5,"[0.0009137253933435163, -0.004560972823422032, -0.1468721131296327, -0.07387289559660463, 1.0, 1]",0.0
10.387777777777778,0,-5.899114753391032e-05,1.5294580560612278e-06,-6.336481908933267e-11,5,"[0.0009290249013072328, -0.004577737462088821, -0.1472256255056129, -0.07412454303850058, 1.0, 1]",0.0
10.399166666666668,0,-5.509047091723065e-05,1.5083910186841738e-06,-6.159877093650835e-11,5,"[0.0009442549437886057, -0.0045944137626331965, -0.14757738914249788, -0.07437502935835247, 1.0, 1]",0.0
10.410555555555556,0,-5.121044510638971e-05,1.4873870997136785e-06,-5.986695026707406e-11,5,"[0.0009594159202359245, -0.004611002339860804, -0.14792741550348967, -0.07462436168853945, 1.0, 1]",0.0
10.421944444444446,0,-4.7350926238743065e-05,1.4664462655436222e-06,-5.8168711538065734e-11,5,"[0.0009745082274169443, -0.004627503803274665, -0.14827571595838682, -0.07487254710676015, 1.0, 1]",0.0
10.433333333333334,0,-4.35117716904415e-05,1.4455684787865097e-06,-5.650342184327996e-11,5,"[0.0009895322594382784, -0.004643918757129588, -0.1486223017844912, -0.0751195926365345, 1.0, 1]",0.0
10.444722222222223,0,-3.969284006374919e-05,1.424753698359597e-06,-5.487046065170591e-11,5,"[0.001004488407764607, -0.004660247800486057, -0.14896718416750723, -0.07536550524770105, 1.0, 1]",0.0
10.456111111111111,0,-3.5893991174525705e-05,1.404001879569309e-06,-5.326921955170743e-11,5,"[0.0010193770612378311, -0.004676491527263292, -0.14931037420243054, -0.07561029185690822, 1.0, 1]",0.0
10.467500000000001,0,-3.2115086039837113e-05,1.38331297419408e-06,-5.169910200082827e-11,5,"[0.001034198606096004, -0.004692650526291861, -0.14965188289442494, -0.07585395932810114, 1.0, 1]",0.0
10.47888888888889,0,-2.8355986865735583e-05,1.3626869305656098e-06,-5.015952308108643e-11,5,"[0.0010489534259922255, -0.004708725381365532, -0.14999172115969184, -0.07609651447300206, 1.0, 1]",0.0
10.490277777777779,0,-2.4616557035155594e-05,1.3421236936484843e-06,-4.864990925962348e-11,5,"[0.0010636419020133292, -0.0047247166712926295, -0.15032989982632858, -0.07633796405158726, 1.0, 1]",0.0
10.501666666666667,0,-2.0896661095984164e-05,1.3216232051184472e-06,-4.7169698154603014e-11,5,"[0.0010782644126985017, -0.004740624969946657, -0.15066642963517723, -0.07657831477255742, 1.0, 1]",0.0
10.513055555555557,0,-1.719616474923972e-05,1.3011854034389168e-06,-4.5718338306204596e-11,5,"[0.0010928213340577315, -0.004756450846316446, -0.15100132124066468, -0.07681757329380402, 1.0, 1]",0.0
10.524444444444445,0,-1.3514934837414425e-05,1.2808102239363295e-06,-4.429528895263461e-11,5,"[0.0011073130395901501, -0.004772194864555667, -0.15133458521163157, -0.07705574622287023, 1.0, 1]",0.0
10.535833333333334,0,-9.852839332939287e-06,1.2604975988738036e-06,-4.290001981099965e-11,5,"[0.001121739900302239, -0.004787857584031702, -0.15166623203215446, -0.07729284011740709, 1.0, 1]",0.0
10.547222222222222,0,-6.209747326787238e-06,1.2402474575235156e-06,-4.1532010862955555e-11,5,"[0.0011361022847259092, -0.004803439559374047, -0.15199627210235647, -0.07752886148562492, 1.0, 1]",0.0
10.558611111111112,0,-2.585529017213016e-06,1.2200597262376967e-06,-4.0190752145013324e-11,5,"[0.0011504005589364813, -0.00481894134052205, -0.15232471573921122, -0.07776381678674024, 1.0, 1]",0.0
10.57,0,1.0199443013830269e-06,1.1999343285181745e-06,-3.887574354338762e-11,5,"[0.0011646350865704821, -0.004834363472772199, -0.15265157317733474, -0.07799771243141705, 1.0, 1]",0.0
10.58138888888889,0,4.606800249456752e-06,1.1798711850846492e-06,-3.7586494593294165e-11,5,"[0.0011788062288433764, -0.004849706496824741, -0.15297685456977275, -0.07823055478220488, 1.0, 1]",0.0
10.592777777777778,0,8.175165373190838e-06,1.1598702139417168e-06,-3.632252428259248e-11,5,"[0.0011929143445671383, -0.004864970948829849, -0.15330056998877473, -0.07846235015397085, 1.0, 1]",0.0
10.604166666666668,0,1.1725165155250773e-05,1.1399313304444856e-06,-3.5083360859662694e-11,5,"[0.0012069597901676941, -0.004880157360433206, -0.1536227294265633, -0.07869310481432834, 1.0, 1]",0.0
10.615555555555556,0,1.5256924025404489e-05,1.1200544473629857e-06,-3.3868541645430633e-11,5,"[0.0012209429197022796, -0.004895266258821086, -0.15394334279609212, -0.0789228249840602, 1.0, 1]",0.0
10.626944444444446,0,1.8770565371023914e-05,1.1002394749454145e-06,-3.267761284944684e-11,5,"[0.001234864084876665, -0.0049102981667648714, -0.15426241993179818, -0.07915151683753838, 1.0, 1]",0.0
10.638333333333334,0,2.226621154746599e-05,1.0804863209800656e-06,-3.151012938991624e-11,5,"[0.0012487236350621678, -0.004925253602665099, -0.15457997059034292, -0.07937918650313867, 1.0, 1]",0.0
10.649722222222223,0,2.574398388833653e-05,1.0607948908561273e-06,-3.0365654717597876e-11,5,"[0.001262521917312724, -0.004940133080594988, -0.1548960044513482, -0.0796058400636513, 1.0, 1]",0.0
10.661111111111111,0,2.9204002715629473e-05,1.0411650876232311e-06,-2.924376064347831e-11,5,"[0.0012762592763816522, -0.0049549371103434475, -0.155210531118121, -0.07983148355668723, 1.0, 1]",0.0
10.672500000000001,0,3.264638734975505e-05,1.0215968120500295e-06,-2.814402717014717e-11,5,"[0.0012899360547383991, -0.004969666197457626, -0.15552356011837337, -0.08005612297508015, 1.0, 1]",0.0
10.68388888888889,0,3.607125611944726e-05,1.0020899626814822e-06,-2.7066042326771167e-11,5,"[0.0013035525925851636, -0.004984320843284881, -0.1558351009049322, -0.08027976426728459, 1.0, 1]",0.0
10.695277777777779,0,3.947872637156854e-05,9.826444358951125e-07,-2.6009402007598533e-11,5,"[0.0013171092278733707, -0.004998901545014384, -0.15614516285644253, -0.08050241333776945, 1.0, 1]",0.0
10.706666666666667,0,4.286891448078848e-05,9.63260125956161e-07,-2.4973709813908378e-11,5,"[0.0013306062963200312, -0.005013408795718213, -0.15645375527806196, -0.08072407604740792, 1.0, 1]",0.0
10.718055555555557,0,4.62419358591674e-05,9.43936925071664e-07,-2.3958576899327518e-11,5,"[0.0013440441314240003, -0.005027843084391904, -0.15676088740214908, -0.0809447582138632, 1.0, 1]",0.0
10.729444444444445,0,4.959790496561224e-05,9.246747234435953e-07,-2.2963621818444516e-11,5,"[0.0013574230644820735, -0.005042204895994627, -0.15706656838894328, -0.08116446561196988, 1.0, 1]",0.0
10.740833333333335,0,5.293693531524412e-05,9.054734093208127e-07,-2.1988470378632208e-11,5,"[0.0013707434246050694, -0.005056494711488862, -0.15737080732723735, -0.08138320397411242, 1.0, 1]",0.0
10.752222222222223,0,5.6259139488644185e-05,8.863328690501599e-07,-2.1032755495023218e-11,5,"[0.0013840055387336532, -0.005070713007879613, -0.15767361323504303, -0.08160097899059814, 1.0, 1]",0.0
10.763611111111112,0,5.956462914100463e-05,8.672529871265057e-07,-2.009611704855533e-11,5,"[0.0013972097316541784, -0.005084860258253215, -0.15797499506024976, -0.08181779631002825, 1.0, 1]",0.0
10.775,0,6.285351501117119e-05,8.482336462417689e-07,-1.9178201747019587e-11,5,"[0.0014103563260143004, -0.005098936931815696, -0.15827496168127464, -0.08203366153966335, 1.0, 1]",0.0
10.78638888888889,0,6.612590693058511e-05,8.292747273331519e-07,-1.8278662989053028e-11,5,"[0.0014234456423385601, -0.005112943493930624, -0.15857352190770793, -0.08224858024578649, 1.0, 1]",0.0
10.797777777777778,0,6.938191383211907e-05,8.103761096303146e-07,-1.7397160730996553e-11,5,"[0.0014364779990438132, -0.005126880406156653, -0.15887068448094957, -0.08246255795406167, 1.0, 1]",0.0
10.809166666666668,0,7.262164375882586e-05,7.915376707016526e-07,-1.6533361356560683e-11,5,"[0.0014494537124545778, -0.005140748126284553, -0.1591664580748393, -0.08267560014988931, 1.0, 1]",0.0
10.820555555555556,0,7.584520387257287e-05,7.727592864997079e-07,-1.5686937549237007e-11,5,"[0.0014623730968181953, -0.005154547108373844, -0.15946085129628065, -0.08288771227875741, 1.0, 1]",0.0
10.831944444444446,0,7.905270046259337e-05,7.540408314057057e-07,-1.4857568167392427e-11,5,"[0.0014752364643199748, -0.005168277802789038, -0.15975387268585772, -0.08309889974659004, 1.0, 1]",0.0
10.843333333333334,0,8.224423895392981e-05,7.353821782732278e-07,-1.4044938121986524e-11,5,"[0.0014880441250981703, -0.005181940656235418, -0.16004553071844552, -0.08330916792009134, 1.0, 1]",0.0
10.854722222222223,0,8.541992391579481e-05,7.167831984709944e-07,-1.3248738256851503e-11,5,"[0.0015007963872588563, -0.005195536111794525, -0.16033583380381364, -0.08351852212708664, 1.0, 1]",0.0
10.866111111111111,0,8.857985906982783e-05,6.982437619248679e-07,-1.246866523148194e-11,5,"[0.0015134935568906949, -0.005209064608959126, -0.16062479028722326, -0.08372696765685995, 1.0, 1]",0.0
10.877500000000001,0,9.172414729826601e-05,6.797637371590374e-07,-1.1704421406275921e-11,5,"[0.0015261359380796065, -0.005222526583667843, -0.1609124084500189, -0.08393450976048819, 1.0, 1]",0.0
10.88888888888889,0,9.485289065201757e-05,6.613429913363986e-07,-1.0955714730173513e-11,5,"[0.0015387238329233129, -0.0052359224683393765, -0.16119869651021265, -0.08414115365117152, 1.0, 1]",0.0
10.900277777777779,0,9.796619035865915e-05,6.429813902980768e-07,-1.0222258630636446e-11,5,"[0.001551257541545768, -0.005249252691906445, -0.16148366262306185, -0.0843469045045612, 1.0, 1]",0.0
10.911666666666667,0,0.00010106414683032468,6.246787986023088e-07,-9.503771905925467e-12,5,"[0.0015637373621115247, -0.005262517679849175, -0.16176731488164295, -0.08455176745908324, 1.0, 1]",0.0
10.923055555555557,0,0.00010414685967152216,6.064350795624897e-07,-8.799978619615928e-12,5,"[0.0015761635908399408, -0.005275717854228241, -0.16204966131741663, -0.08475574761625959, 1.0, 1]",0.0
10.934444444444445,0,0.00010721442768685569,5.882500952845139e-07,-8.11060799730706e-12,5,"[0.0015885365220192986, -0.005288853633717602, -0.16233070990078854, -0.0849588500410253, 1.0, 1]",0.0
10.945833333333335,0,0.00011026694888866774,5.701237067032766e-07,-7.435394325471364e-12,5,"[0.001600856448020848, -0.005301925433636914, -0.16261046854166336, -0.08516107976204346, 1.0, 1]",0.0
10.957222222222223,0,0.00011330452050459092,5.520557736186523e-07,-6.774076852407122e-12,5,"[0.0016131236593126864, -0.005314933665983469, -0.16288894508999344, -0.08536244177201603, 1.0, 1]",0.0
10.968611111111112,0,0.00011632723898501938,5.340461547306538e-07,-6.1263996912374125e-12,5,"[0.00162533844447362, -0.0053278787394639305, -0.1631661473363218, -0.08556294102799226, 1.0, 1]",0.0
10.98,0,0.00011933520001050102,5.16094707673848e-07,-5.492111724913115e-12,5,"[0.0016375010902067893, -0.005340761059525643, -0.16344208301231847, -0.0857625824516736, 1.0, 1]",0.0
10.99138888888889,0,0.00012232849849904033,4.982012890512612e-07,-4.8709665131827215e-12,5,"[0.0016496118813533634, -0.0053535810283875255, -0.16371675979131262, -0.0859613709297159, 1.0, 1]",0.0
11.002777777777778,0,0.00012530722861332872,4.803657544674906e-07,-4.262722201476547e-12,5,"[0.0016616711009059823, -0.005366339045070797, -0.1639901852888179, -0.0861593113140282, 1.0, 1]",0.0
11.014166666666668,0,0.0001282714837678965,4.6258795856112705e-07,-3.66714143166683e-12,5,"[0.0016736790300221737, -0.005379035505429218, -0.16426236706305275, -0.08635640842206918, 1.0, 1]",0.0
11.025555555555556,0,0.00013122135663617192,4.4486775503678235e-07,-3.08399125467053e-12,5,"[0.00168563594803765, -0.005391670802179031, -0.16453331261545567, -0.08655266703713976, 1.0, 1]",0.0
11.036944444444446,0,0.0001341569391574844,4.27204996696162e-07,-2.5130430448383067e-12,5,"[0.0016975421324795224, -0.005404245324928632, -0.1648030293911942, -0.08674809190867391, 1.0, 1]",0.0
11.048333333333334,0,0.00013707832254397488,4.0959953546878337e-07,-1.9540724161075198e-12,5,"[0.0017093978590793926, -0.005416759460207845, -0.16507152477966938, -0.08694268775252545, 1.0, 1]",0.0
11.059722222222224,0,0.00013998559728743915,3.920512224419486e-07,-1.4068591398696606e-12,5,"[0.0017212034017863428, -0.005429213591496915, -0.16533880611501484, -0.08713645925125287, 1.0, 1]",0.0
11.071111111111112,0,0.00014287885316609328,3.745599078901452e-07,-8.711870645196414e-13,5,"[0.0017329590327798514, -0.005441608099255213, -0.1656048806765897, -0.08732941105440085, 1.0, 1]",0.0
11.082500000000001,0,0.00014575817925126304,3.571254413039596e-07,-3.468440366518023e-13,5,"[0.0017446650224826144, -0.005453943360949526, -0.16586975568946866, -0.0875215477787795, 1.0, 1]",0.0
11.0901699437495,0,0.00014768948074074013,3.454160100492267e-07,1.1248525419727452e-24,5,"[0.001752520682469078, -0.005462217450370108, -0.1660474656666579, -0.08765048688887062, 1.0, 1]",0.0
11.09388888888889,0,0.0001486236639140113,3.3974767141825595e-07,1.6637817613919138e-13,5,"[0.001756321639573228, -0.005466219751082143, -0.1661334383249242, -0.08771287400873999, 1.0, 1]",0.0
11.10527777777778,0,0.00015147539483167827,3.224264462399344e-07,6.6868396087941e-13,5,"[0.0017679291509988153, -0.005478437641218617, -0.16639593570090547, -0.08790339429644851, 1.0, 1]",0.0
11.116666666666667,0,0.0001543134589943646,3.0516161307514266e-07,1.1602739332976358e-12,5,"[0.001779487821987563, -0.00549059740001514, -0.16665725488251268, -0.08809311316215676, 1.0, 1]",0.0
11.128055555555557,0,0.0001571379427113347,2.8795301855574993e-07,1.6413450104031783e-12,5,"[0.0017909979160610995, -0.005502699393245787, -0.16691740288246487, -0.08828203509447025, 1.0, 1]",0.0
11.139444444444445,0,0.00015994893161735797,2.708005086655898e-07,2.112090481584527e-12,5,"[0.0018024596950468692, -0.005514743983829285, -0.16717638666156429, -0.08847016455061357, 1.0, 1]",0.0
11.150833333333335,0,0.00016274651067897845,2.537039287659009e-07,2.5727000782698157e-12,5,"[0.001813873419090354, -0.0055267315318555926, -0.16743421312915507, -0.08865750595669354, 1.0, 1]",0.0
11.162222222222223,0,0.00016553076420071258,2.3666312362052183e-07,3.023360042171111e-12,5,"[0.0018252393466672246, -0.0055386623946121925, -0.16769088914357821, -0.0888440637079593, 1.0, 1]",0.0
11.17361111111111,0,0.00016830177583119387,2.1967793742029235e-07,3.4642531921526067e-12,5,"[0.00183655773459536, -0.0055505369266100986, -0.16794642151262099, -0.08902984216906033, 1.0, 1]",0.0
11.185,0,0.00017105962856923406,2.027482138072526e-07,3.895558989741581e-12,5,"[0.0018478288380468645, -0.005562355479609523, -0.16820081699396253, -0.08921484567430168, 1.0, 1]",0.0
11.196388888888889,0,0.00017380440476983156,1.858737958981466e-07,4.3174536033203615e-12,5,"[0.0018590529105598794, -0.005574118402645337, -0.16845408229561332, -0.08939907852789657, 1.0, 1]",0.0
11.207777777777778,0,0.0001765361861501143,1.690545263075348e-07,4.730109971022458e-12,5,"[0.0018702302040503889, -0.005585826042052249, -0.1687062240763524, -0.0895825450042171, 1.0, 1]",0.0
11.219166666666666,0,0.00017925505379521214,1.522902471705055e-07,5.1336978623606485e-12,5,"[0.0018813609688239322, -0.005597478741489658, -0.1689572489461586, -0.08976524934804175, 1.0, 1]",0.0
11.230555555555556,0,0.00018196108816407694,1.3558080016476373e-07,5.5283839386176734e-12,5,"[0.0018924454535871617, -0.005609076841966343, -0.16920716346663764, -0.08994719577480137, 1.0, 1]",0.0
11.241944444444444,0,0.00018465436909523023,1.1892602653245166e-07,5.914331812020811e-12,5,"[0.0019034839054593823, -0.005620620681864771, -0.1694559741514451, -0.09012838847082195, 1.0, 1]",0.0
11.253333333333334,0,0.0001873349758124576,1.0232576710137448e-07,6.291702103730791e-12,5,"[0.0019144765699839737, -0.005632110596965244, -0.16970368746670525, -0.09030883159356569, 1.0, 1]",0.0
11.264722222222222,0,0.00019000298693043735,8.577986230593769e-08,6.6606525006666984e-12,5,"[0.0019254236911396979, -0.005643546920469699, -0.1699503098314251, -0.09048852927186922, 1.0, 1]",0.0
11.276111111111112,0,0.00019265848046031513,6.928815220753742e-08,7.0213378111945345e-12,5,"[0.0019363255113520272, -0.005654929983025384, -0.1701958476179044, -0.09066748560618011, 1.0, 1]",0.0
11.2875,0,0.0001953015338152131,5.2850476514618936e-08,7.373910019700888e-12,5,"[0.0019471822715042143, -0.005666260112748112, -0.17044030715214248, -0.09084570466879047, 1.0, 1]",0.0
11.29888888888889,0,0.00019793222381568517,3.646667460225229e-08,7.7185183400773e-12,5,"[0.0019579942109484347, -0.005677537635245447, -0.17068369471423883, -0.09102319050406889, 1.0, 1]",0.0
11.310277777777777,0,0.00020055062669511144,2.0136585531390792e-08,8.055309268136866e-12,5,"[0.0019687615675167748, -0.005688762873639477, -0.17092601653879247, -0.09119994712868963, 1.0, 1]",0.0
11.321666666666667,0,0.00020315681810504396,3.860048067684013e-09,8.384426632987542e-12,5,"[0.001979484577532119, -0.005699936148589489, -0.1711672788152944, -0.09137597853186019, 1.0, 1]",0.0
11.333055555555555,0,0.00020575087312047903,-1.2363099300072464e-08,8.706011647380789e-12,5,"[0.0019901634758190197, -0.005711057778314295, -0.17140748768851857, -0.09155128867554604, 1.0, 1]",0.0
11.344444444444445,0,0.00020833286624509802,-2.8533018341964827e-08,9.020202957062109e-12,5,"[0.0020007984957143986, -0.005722128078614452, -0.1716466492589071, -0.09172588149469396, 1.0, 1]",0.0
11.355833333333333,0,0.00021090287141642741,-4.4649871069133103e-08,9.327136689138537e-12,5,"[0.002011389869078228, -0.005733147362894033, -0.1718847695829527, -0.09189976089745237, 1.0, 1]",0.0
11.367222222222223,0,0.00021346096201096802,-6.071381971658107e-08,9.626946499489575e-12,5,"[0.002021937826304145, -0.005744115942182435, -0.172121854673577, -0.09207293076539043, 1.0, 1]",0.0
11.37861111111111,0,0.0002160072108492533,-7.672502672615335e-08,9.919763619236813e-12,5,"[0.0020324425963298915, -0.0057550341251557694, -0.17235791050050484, -0.09224539495371448, 1.0, 1]",0.0
11.39,0,0.00021854169020086485,-9.268365472991391e-08,1.0205716900295398e-11,5,"[0.0020429044066477904, -0.005765902218158073, -0.17259294299063516, -0.09241715729148268, 1.0, 1]",0.0
11.401388888888889,0,0.00022106447178939107,-1.0858986653393622e-07,1.0484932860024272e-11,5,"[0.0020533234833150548, -0.005776720525222337, -0.17282695802840806, -0.09258822158181748, 1.0, 1]",0.0
11.412777777777778,0,0.0002235756267973315,-1.244438251023137e-07,1.0757535724995042e-11,5,"[0.002063700050964071, -0.005787489348091261, -0.17305996145616823, -0.0927585916021162, 1.0, 1]",0.0
11.424166666666666,0,0.00022607522587096088,-1.402456935416312e-07,1.1023647473898684e-11,5,"[0.0020740343328125715, -0.005798208986237854, -0.1732919590745243, -0.09292827110425944, 1.0, 1]",0.0
11.435555555555556,0,0.00022856333912513332,-1.5599563508569976e-07,1.1283387879606073e-11,5,"[0.002084326550673729, -0.005808879736885796, -0.17352295664270598, -0.09309726381481799, 1.0, 1]",0.0
11.446944444444444,0,0.00023104003614803385,-1.7169381308053898e-07,1.1536874550401183e-11,5,"[0.002094576924966216, -0.0058195018950294875, -0.17375295987891556, -0.0932655734352569, 1.0, 1]",0.0
11.458333333333334,0,0.0002335053860058933,-1.8734039096983763e-07,1.1784222970404696e-11,5,"[0.0021047856747241243, -0.005830075753454104, -0.17398197446067803, -0.09343320364213861, 1.0, 1]",0.0
11.469722222222222,0,0.0002359594572476401,-2.0293553228057734e-07,1.2025546539203072e-11,5,"[0.0021149530176068783, -0.005840601602755222, -0.1742100060251866, -0.09360015808732355, 1.0, 1]",0.0
11.481111111111112,0,0.0002384023179095158,-2.1847940060904295e-07,1.226095661070178e-11,5,"[0.002125079169908987, -0.00585107973135841, -0.17443706016964453, -0.09376644039816902, 1.0, 1]",0.0
11.4925,0,0.00024083403551963326,-2.3397215960711472e-07,1.2490562531216155e-11,5,"[0.002135164346569805, -0.005861510425538475, -0.1746631424516046, -0.09393205417772625, 1.0, 1]",0.0
11.50388888888889,0,0.00024325467710250125,-2.4941397296885933e-07,1.2714471676819207e-11,5,"[0.0021452087611831673, -0.005871893969438683, -0.1748882583893048, -0.09409700300493581, 1.0, 1]",0.0
11.515277777777778,0,0.00024566430918348007,-2.648050044172724e-07,1.293278948995768e-11,5,"[0.002155212626006995, -0.005882230645089548, -0.17511241346200013, -0.09426129043482036, 1.0, 1]",0.0
11.526666666666667,0,0.00024806299779321845,-2.801454176916415e-07,1.3145619515353618e-11,5,"[0.0021651761519727282, -0.005892520732427698, -0.17533561311029167, -0.09442491999867687, 1.0, 1]",0.0
11.538055555555555,0,0.00025045080847202196,-2.954353765347305e-07,1.3353063435208097e-11,5,"[0.0021750995486948476, -0.005902764509314297, -0.17555786273645307, -0.09458789520426598, 1.0, 1]",0.0
11.549444444444445,0,0.00025282780627419206,-3.10675044680673e-07,1.3555221103716006e-11,5,"[0.002184983024480158, -0.005912962251553445, -0.1757791677047523, -0.0947502195360001, 1.0, 1]",0.0
11.560833333333333,0,0.00025519405577231297,-3.258645858427861e-07,1.3752190580913108e-11,5,"[0.0021948267863371195, -0.00592311423291035, -0.17599953334177212, -0.09491189645512975, 1.0, 1]",0.0
11.572222222222223,0,0.0002575496210614947,-3.4100416370188116e-07,1.3944068165861783e-11,5,"[0.00220463103998505, -0.005933220725129227, -0.17621896493672526, -0.09507292939992787, 1.0, 1]",0.0
11.58361111111111,0,0.00025989456576357774,-3.560939418947164e-07,1.4130948429195345e-11,5,"[0.0022143959898632444, -0.00594328199795119, -0.17643746774176838, -0.09523332178587277, 1.0, 1]",0.0
11.595,0,0.0002622289530312919,-3.7113408400270734e-07,1.4312924245030893e-11,5,"[0.002224121839140089, -0.005953298319131752, -0.17665504697231213, -0.09539307700582925, 1.0, 1]",0.0
11.606388888888889,0,0.0002645528455523695,-3.861247535409563e-07,1.4490086822261997e-11,5,"[0.002233808789722042, -0.005963269954458325, -0.17687170780732872, -0.0955521984302279, 1.0, 1]",0.0
11.617777777777778,0,0.00026686630555362173,-4.010661139473522e-07,1.4662525735250514e-11,5,"[0.0022434570422625874, -0.0059731971677674115, -0.17708745538965545, -0.09571068940724294, 1.0, 1]",0.0
11.629166666666666,0,0.0002691693948049758,-4.159583285722371e-07,1.4830328953918994e-11,5,"[0.0022530667961710776, -0.005983080220961748, -0.1773022948262962, -0.09586855326296848, 1.0, 1]",0.0
11.640555555555556,0,0.0002714621746234613,-4.308015606678746e-07,1.4993582873269218e-11,5,"[0.0022626382496215573, -0.005992919374027128, -0.17751623118871995, -0.09602579330159276, 1.0, 1]",0.0
11.651944444444444,0,0.000273744705877164,-4.4559597337855567e-07,1.515237234232443e-11,5,"[0.0022721715995614664, -0.006002714885049188, -0.1777292695131563, -0.09618241280557123, 1.0, 1]",0.0
11.663333333333334,0,0.00027601704898914253,-4.603417297306307e-07,1.5306780692521347e-11,5,"[0.0022816670417203466, -0.006012467010229941, -0.17794141480088765, -0.09633841503579783, 1.0, 1]",0.0
11.674722222222222,0,0.00027827926394129654,-4.750389926229367e-07,1.5456889765550017e-11,5,"[0.0022911247706183914, -0.006022176003904195, -0.17815267201853932, -0.09649380323177474, 1.0, 1]",0.0
11.686111111111112,0,0.00028053141027819877,-4.896879248173552e-07,1.560277994066128e-11,5,"[0.0023005449795750247, -0.006031842118555716, -0.17836304609836637, -0.09664858061178054, 1.0, 1]",0.0
11.6975,0,0.0002827735471108932,-5.042886889296351e-07,1.5744530161449697e-11,5,"[0.002309927860717339, -0.006041465604833367, -0.17857254193853797, -0.09680275037303669, 1.0, 1]",0.0
11.70888888888889,0,0.0002850057331206538,-5.188414474204048e-07,1.5882217962123108e-11,5,"[0.0023192736049885074, -0.006051046711566962, -0.17878116440341893, -0.09695631569187302, 1.0, 1]",0.0
11.720277777777778,0,0.00028722802656269887,-5.333463625863575e-07,1.6015919493268217e-11,5,"[0.0023285824021561066, -0.006060585685783038, -0.17898891832384778, -0.0971092797238909, 1.0, 1]",0.0
11.731666666666667,0,0.0002894404852698755,-5.478035965517053e-07,1.6145709547123092e-11,5,"[0.0023378544408204295, -0.006070082772720392, -0.17919580849741387, -0.09726164560412569, 1.0, 1]",0.0
11.743055555555555,0,0.0002916431666563053,-5.622133112597819e-07,1.6271661582367264e-11,5,"[0.002347089908422655, -0.006079538215845572, -0.17940183968873047, -0.09741341644720718, 1.0, 1]",0.0
11.754444444444445,0,0.00029383612772099183,-5.765756684648479e-07,1.6393847748437993e-11,5,"[0.0023562889912530018, -0.006088952256868102, -0.17960701662970557, -0.09756459534751881, 1.0, 1]",0.0
11.765833333333333,0,0.0002960194250513913,-5.908908297240813e-07,1.6512338909382438e-11,5,"[0.0023654518744588614, -0.0060983251357556115, -0.1798113440198099, -0.09771518537935546, 1.0, 1]",0.0
11.777222222222223,0,0.000298193114826954,-6.051589563897971e-07,1.662720466725582e-11,5,"[0.002374578742052742, -0.006107657090748817, -0.18001482652634293, -0.09786518959707964, 1.0, 1]",0.0
11.788611111111111,0,0.0003003572528226236,-6.193802096018029e-07,1.673851338507366e-11,5,"[0.0023836697769202986, -0.006116948358376352, -0.18021746878469644, -0.09801461103527655, 1.0, 1]",0.0
11.8,0,0.0003025118944123033,-6.335547502799343e-07,1.6846332209328307e-11,5,"[0.002392725160828205, -0.006126199173469394, -0.18041927539861416, -0.09816345270890726, 1.0, 1]",0.0
11.811388888888889,0,0.0003046570945722891,-6.47682739116801e-07,1.6950727092076705e-11,5,"[0.0024017450744319912, -0.006135409769176241, -0.18062025094045137, -0.09831171761346102, 1.0, 1]",0.0
11.822777777777778,0,0.00030679290788466926,-6.617643365706942e-07,1.705176281260985e-11,5,"[0.002410729697283842, -0.006144580376976662, -0.1808203999514292, -0.098459408725106, 1.0, 1]",0.0
11.834166666666667,0,0.0003089193885406885,-6.757997028586479e-07,1.7149502998711244e-11,5,"[0.002419679207840296, -0.006153711226696164, -0.18101972694188895, -0.09860652900083845, 1.0, 1]",0.0
11.845555555555556,0,0.00031103659034407755,-6.897889979496992e-07,1.7244010147511517e-11,5,"[0.002428593783469931, -0.006162802546520064, -0.18121823639154272, -0.09875308137863092, 1.0, 1]",0.0
11.856944444444444,0,0.00031314456671435574,-7.037323815582488e-07,1.7335345645952394e-11,5,"[0.00243747360046095, -0.0061718545630074576, -0.18141593274972212, -0.09889906877757872, 1.0, 1]",0.0
11.868333333333334,0,0.0003152433706900942,-7.176300131376815e-07,1.742356979085846e-11,5,"[0.0024463188340287335, -0.006180867501105058, -0.18161282043562418, -0.09904449409804555, 1.0, 1]",0.0
11.879722222222222,0,0.00031733305493215127,-7.314820518740656e-07,1.7508741808634076e-11,5,"[0.0024551296583233363, -0.006189841584160871, -0.18180890383855552, -0.09918936022180734, 1.0, 1]",0.0
11.891111111111112,0,0.00031941367172687416,-7.452886566800282e-07,1.7590919874587556e-11,5,"[0.0024639062464368896, -0.006198777033937726, -0.18200418731817403, -0.09933367001219512, 1.0, 1]",0.0
11.9025,0,0.000321485272989268,-7.590499861887774e-07,1.7670161131891194e-11,5,"[0.0024726487704110098, -0.0062076740706267074, -0.18219867520472818, -0.09947742631423628, 1.0, 1]",0.0
11.91388888888889,0,0.0003235479102661426,-7.727661987483417e-07,1.774652171018427e-11,5,"[0.0024813574012440926, -0.00621653291286049, -0.18239237179929346, -0.09962063195479537, 1.0, 1]",0.0
11.925277777777778,0,0.0003256016347392065,-7.864374524157836e-07,1.7820056743826682e-11,5,"[0.0024900323088985904, -0.006225353777726361, -0.18258528137400845, -0.0997632897427123, 1.0, 1]",0.0
11.936666666666667,0,0.00032764649722816594,-8.000639049518161e-07,1.789082038980994e-11,5,"[0.0024986736623082025, -0.00623413688077943, -0.18277740817230664, -0.09990540246894068, 1.0, 1]",0.0
11.948055555555555,0,0.00032968254819375355,-8.136457138153013e-07,1.7958865845330367e-11,5,"[0.002507281629385043, -0.0062428824360553714, -0.18296875640914706, -0.10004697290668409, 1.0, 1]",0.0
11.959444444444445,0,0.00033170983774076024,-8.27183036158058e-07,1.8024245365035943e-11,5,"[0.0025158563770267188, -0.006251590656083272, -0.1831593302712429, -0.1001880038115313, 1.0, 1]",0.0
11.970833333333333,0,0.0003337284156210193,-8.406760288197246e-07,1.8087010277948036e-11,5,"[0.002524398071123374, -0.0062602617518982846, -0.18334913391728747, -0.1003284979215906, 1.0, 1]",0.0
11.982222222222223,0,0.00033573833123636606,-8.541248483228123e-07,1.814721100406533e-11,5,"[0.00253290687656472, -0.006268895933054119, -0.18353817147817858, -0.10046845795762233, 1.0, 1]",0.0
11.993611111111111,0,0.0003377396336415719,-8.675296508678137e-07,1.8204897070661967e-11,5,"[0.0025413829572469007, -0.006277493407635459, -0.1837264470572401, -0.10060788662317106, 1.0, 1]",0.0
12.005,0,0.0003397323715472447,-8.80890592328541e-07,1.8260117128275033e-11,5,"[0.0025498264760794366, -0.006286054382270268, -0.1839139647304426, -0.10074678660469578, 1.0, 1]",0.0
12.016388888888889,0,0.00034171659332270585,-8.942078282474621e-07,1.8312918966401404e-11,5,"[0.00255823759499202, -0.006294579062141912, -0.18410072854662066, -0.10088516057169944, 1.0, 1]",0.0
12.027777777777779,0,0.00034369234699883623,-9.074815138313025e-07,1.8363349528894404e-11,5,"[0.0025666164749413014, -0.006303067651001266, -0.18428674252768934, -0.10102301117685736, 1.0, 1]",0.0
12.039166666666667,0,0.0003456596802708936,-9.207118039466464e-07,1.841145492907904e-11,5,"[0.0025749632759176294, -0.006311520351178545, -0.18447201066885746, -0.10116034105614397, 1.0, 1]",0.0
12.050555555555556,0,0.0003476186405013121,-9.338988531157644e-07,1.8457280464584476e-11,5,"[0.002583278156951708, -0.006319937363595256, -0.18465653693884024, -0.10129715282895929, 1.0, 1]",0.0
12.061944444444444,0,0.0003495692747224567,-9.470428155124149e-07,1.850087063190138e-11,5,"[0.0025915612761212305, -0.006328318887775761, -0.1848403252800687, -0.10143344909825353, 1.0, 1]",0.0
12.073333333333334,0,0.00035151162963937134,-9.601438449579336e-07,1.854226914066786e-11,5,"[0.0025998127905574506, -0.006336665121858955, -0.1850233796088982, -0.10156923245065096, 1.0, 1]",0.0
12.084722222222222,0,0.0003534457516324877,-9.73202094917326e-07,1.8581518927691076e-11,5,"[0.0026080328564517053, -0.006344976262609723, -0.18520570381581417, -0.10170450545657274, 1.0, 1]",0.0
12.096111111111112,0,0.0003553716867603115,-9.86217718495457e-07,1.8618662170711198e-11,5,"[0.0026162216290619, -0.006353252505430269, -0.18538730176563653, -0.10183927067035833, 1.0, 1]",0.0
12.1075,0,0.0003572894807620826,-9.991908684334276e-07,1.865374030190659e-11,5,"[0.002624379262718921, -0.006361494044371424, -0.18556817729772204, -0.10197353063038642, 1.0, 1]",0.0
12.11888888888889,0,0.0003591991790604119,-1.0121216971050027e-06,1.8686794021152585e-11,5,"[0.0026325059108330173, -0.006369701072143766, -0.18574833422616516, -0.10210728785919414, 1.0, 1]",0.0
12.130277777777778,0,0.0003611008267638896,-1.025010356513159e-06,1.8717863309033612e-11,5,"[0.002640601725900134, -0.00637787378012866, -0.1859277763399958, -0.10224054486359581, 1.0, 1]",0.0
12.141666666666667,0,0.0003629944686696727,-1.037856998286735e-06,1.8746987439616458e-11,5,"[0.0026486668595081795, -0.006386012358389216, -0.1861065074033774, -0.10237330413480004, 1.0, 1]",0.0
12.153055555555556,0,0.0003648801492660413,-1.0506617736771676e-06,1.8774204992986582e-11,5,"[0.002656701462343262, -0.006394116995681099, -0.1862845311558009, -0.10250556814852657, 1.0, 1]",0.0
12.164444444444445,0,0.0003667579127349392,-1.063424833555347e-06,1.8799553867555527e-11,5,"[0.0026647056841958986, -0.0064021878794632845, -0.18646185131227894, -0.1026373393651215, 1.0, 1]",0.0
12.175833333333333,0,0.000368627802954482,-1.0761463284085669e-06,1.8823071292138765e-11,5,"[0.0026726796739671077, -0.006410225195908642, -0.1866384715635366, -0.10276862022967158, 1.0, 1]",0.0
12.187222222222223,0,0.00037048986350144894,-1.0888264083375673e-06,1.8844793837814598e-11,5,"[0.002680623579674551, -0.006418229129914527, -0.18681439557620205, -0.10289941317211793, 1.0, 1]",0.0
12.198611111111111,0,0.0003723441376537413,-1.1014652230536321e-06,1.886475742956341e-11,5,"[0.0026885375484585424, -0.006426199865113119, -0.18698962699299332, -0.10302972060736817, 1.0, 1]",0.0
12.21,0,0.0003741906683928306,-1.1140629218758538e-06,1.8882997357694334e-11,5,"[0.002696421726588067, -0.006434137583881839, -0.18716416943290606, -0.1031595449354082, 1.0, 1]",0.0
12.221388888888889,0,0.00037602949840617126,-1.1266196537284174e-06,1.889954828906145e-11,5,"[0.0027042762594667123, -0.006442042467353518, -0.18733802649139775, -0.10328888854141237, 1.0, 1]",0.0
12.232777777777779,0,0.0003778606700895969,-1.1391355671380227e-06,1.891444427807411e-11,5,"[0.0027121012916386314, -0.006449914695426548, -0.18751120174056987, -0.10341775379585334, 1.0, 1]",0.0
12.244166666666667,0,0.0003796842255496966,-1.151610810231346e-06,1.8927718777509703e-11,5,"[0.0027198969667943224, -0.006457754446774933, -0.18768369872935045, -0.10354614305461057, 1.0, 1]",0.0
12.255555555555556,0,0.0003815002066061595,-1.164045530732638e-06,1.8939404649121823e-11,5,"[0.0027276634277765385, -0.006465561898858205, -0.18785552098367303, -0.10367405865907792, 1.0, 1]",0.0
12.266944444444444,0,0.0003833086547941039,-1.176439875961336e-06,1.8949534174061263e-11,5,"[0.0027354008165860096, -0.006473337227931291, -0.1880266720066552, -0.10380150293627043, 1.0, 1]",0.0
12.278333333333334,0,0.0003851096113663865,-1.1887939928298413e-06,1.8958139063102956e-11,5,"[0.0027431092743871867, -0.006481080609054253, -0.18819715527877448, -0.10392847819893032, 1.0, 1]",0.0
12.289722222222222,0,0.0003869031172958854,-1.2011080278413138e-06,1.8965250466688023e-11,5,"[0.002750788941513935, -0.006488792216101987, -0.188366974258044, -0.10405498674563174, 1.0, 1]",0.0
12.301111111111112,0,0.00038868921327775966,-1.2133821270875599e-06,1.897089898478117e-11,5,"[0.002758439957475185, -0.006496472221773739, -0.18853613238018516, -0.10418103086088472, 1.0, 1]",0.0
12.3125,0,0.00039046793973169814,-1.2256164362470203e-06,1.8975114676551875e-11,5,"[0.0027660624609605203, -0.00650412079760265, -0.18870463305879934, -0.10430661281523856, 1.0, 1]",0.0
12.32388888888889,0,0.0003922393368041334,-1.2378111005827867e-06,1.897792706987605e-11,5,"[0.002773656589845771, -0.006511738113965102, -0.18887247968553916, -0.1044317348653839, 1.0, 1]",0.0
12.335277777777778,0,0.0003940034443704455,-1.2499662649407204e-06,1.8979365170668276e-11,5,"[0.002781222481198483, -0.0065193243400900585, -0.18903967563027602, -0.10455639925425415, 1.0, 1]",0.0
12.346666666666668,0,0.00039576030203714117,-1.2620820737476966e-06,1.89794574720391e-11,5,"[0.0027887602712834618, -0.006526879644068264, -0.18920622424126785, -0.10468060821112607, 1.0, 1]",0.0
12.358055555555556,0,0.0003975099491440116,-1.2741586710097692e-06,1.8978231963295808e-11,5,"[0.0027962700955681398, -0.0065344041928613785, -0.18937212884532473, -0.10480436395171924, 1.0, 1]",0.0
12.369444444444445,0,0.0003992524247662742,-1.2861962003105945e-06,1.8975716138769194e-11,5,"[0.0028037520887280363, -0.006541898152311067, -0.1895373927479731, -0.10492766867829507, 1.0, 1]",0.0
12.380833333333333,0,0.00040098776771668883,-1.2981948048097653e-06,1.8971937006488664e-11,5,"[0.0028112063846520694, -0.006549361687147883, -0.18970201923361846, -0.10505052457975475, 1.0, 1]",0.0
12.392222222222223,0,0.00040271601654765963,-1.3101546272412966e-06,1.8966921096697032e-11,5,"[0.002818633116447888, -0.0065567949610002155, -0.18986601156570707, -0.10517293383173629, 1.0, 1]",0.0
12.403611111111111,0,0.00040443720955331524,-1.322075809912193e-06,1.8960694470209318e-11,5,"[0.002826032416447137, -0.0065641981364031035, -0.19002937298688533, -0.10529489859671091, 1.0, 1]",0.0
12.415000000000001,0,0.0004061513847715679,-1.3339584947009486e-06,1.8953282726628832e-11,5,"[0.0028334044162107172, -0.0065715713748068895, -0.19019210671915857, -0.1054164210240787, 1.0, 1]",0.0
12.426388888888889,0,0.00040785857998615577,-1.3458028230563112e-06,1.8944711012402126e-11,5,"[0.0028407492465339513, -0.006578914836585878, -0.19035421596404795, -0.10553750325026284, 1.0, 1]",0.0
12.437777777777779,0,0.0004095588327286678,-1.357608935995917e-06,1.893500402874273e-11,5,"[0.00284806703745177, -0.006586228681046933, -0.1905157039027463, -0.10565814739880405, 1.0, 1]",0.0
12.449166666666667,0,0.00041125218028054686,-1.3693769741051372e-06,1.892418603940011e-11,5,"[0.0028553579182438015, -0.006593513066437917, -0.19067657369627242, -0.10577835558045354, 1.0, 1]",0.0
12.460555555555556,0,0.00041293865967507423,-1.3811070775358658e-06,1.8912280878296924e-11,5,"[0.0028626220174394795, -0.006600768149956092, -0.19083682848562378, -0.10589812989326493, 1.0, 1]",0.0
12.471944444444444,0,0.0004146183076993381,-1.392799386005419e-06,1.889931195702659e-11,5,"[0.00286985946282306, -0.006607994087756456, -0.19099647139192835, -0.10601747242268642, 1.0, 1]",0.0
12.483333333333334,0,0.00041629116089618527,-1.4044540387955289e-06,1.88853022722138e-11,5,"[0.002877070381438661, -0.006615191034959994, -0.19115550551659488, -0.10613638524165116, 1.0, 1]",0.0
12.494722222222222,0,0.0004179572555661476,-1.4160711747513054e-06,1.8870274412745618e-11,5,"[0.0028842548995951832, -0.006622359145661817, -0.19131393394146184, -0.10625487041066742, 1.0, 1]",0.0
12.506111111111112,0,0.0004196166277693629,-1.4276509322803383e-06,1.8854250566872886e-11,5,"[0.0028914131428712793, -0.006629498572939311, -0.19147175972894476, -0.10637292997790776, 1.0, 1]",0.0
12.5175,0,0.0004212693133274653,-1.4391934493517967e-06,1.883725252918187e-11,5,"[0.0028985452361202277, -0.006636609468860091, -0.1916289859221827, -0.10649056597929758, 1.0, 1]",0.0
12.52888888888889,0,0.00042291534782546716,-1.4506988634955898e-06,1.8819301707444878e-11,5,"[0.0029056513034748026, -0.00664369198449002, -0.1917856155451839, -0.106607780438603, 1.0, 1]",0.0
12.540277777777778,0,0.0004245547666136192,-1.4621673118015753e-06,1.880041912934649e-11,5,"[0.00291273146835207, -0.0066507462699010285, -0.19194165160296847, -0.1067245753675177, 1.0, 1]",0.0
12.551666666666668,0,0.00042618760480925695,-1.473598930918887e-06,1.8780625449085626e-11,5,"[0.002919785853458209, -0.006657772474178939, -0.19209709708171194, -0.10684095276574943, 1.0, 1]",0.0
12.563055555555556,0,0.0004278138972986303,-1.484993857055227e-06,1.8759940953866476e-11,5,"[0.0029268145807932067, -0.006664770745431226, -0.1922519549488857, -0.10695691462110542, 1.0, 1]",0.0
12.574444444444445,0,0.00042943367873871064,-1.4963522259761832e-06,1.8738385570272218e-11,5,"[0.0029338177716556548, -0.006671741230794612, -0.19240622815339803, -0.10707246290957746, 1.0, 1]",0.0
12.585833333333333,0,0.00043104698355898977,-1.5076741730047453e-06,1.8715978870517645e-11,5,"[0.0029407955466473124, -0.006678684076442736, -0.19255991962573163, -0.10718759959542591, 1.0, 1]",0.0
12.597222222222223,0,0.0004326538459632565,-1.518959833020673e-06,1.8692740078602444e-11,5,"[0.002947748025677876, -0.006685599427593612, -0.19271303227808276, -0.10730232663126327, 1.0, 1]",0.0
12.608611111111111,0,0.00043425429993136,-1.5302093404600606e-06,1.8668688076344664e-11,5,"[0.0029546753279694957, -0.00669248742851714, -0.1928655690044965, -0.107416645958137, 1.0, 1]",0.0
12.620000000000001,0,0.00043584837922095636,-1.5414228293148687e-06,1.8643841409312413e-11,5,"[0.002961577572061375, -0.006699348222542436, -0.1930175326810023, -0.10753055950561148, 1.0, 1]",0.0
12.631388888888889,0,0.0004374361173692397,-1.5526004331325473e-06,1.8618218292646356e-11,5,"[0.0029684548758143335, -0.006706181952065217, -0.19316892616574854, -0.10764406919184957, 1.0, 1]",0.0
12.642777777777779,0,0.00043901754769465703,-1.5637422850156182e-06,1.8591836616785735e-11,5,"[0.002975307356415288, -0.006712988758554997, -0.1933197522991348, -0.10775717692369331, 1.0, 1]",0.0
12.654166666666667,0,0.00044059270329860735,-1.574848517621422e-06,1.8564713953081856e-11,5,"[0.002982135130381731, -0.006719768782562313, -0.19347001390394378, -0.1078698845967438, 1.0, 1]",0.0
12.665555555555557,0,0.00044216161706712943,-1.5859192631618113e-06,1.8536867559322795e-11,5,"[0.0029889383135661882, -0.00672652216372586, -0.1936197137854726, -0.10798219409544134, 1.0, 1]",0.0
12.676944444444445,0,0.00044372432167256553,-1.5969546534028953e-06,1.8508314385153703e-11,5,"[0.002995717021160595, -0.006733249040779493, -0.1937688547316611, -0.10809410729314313, 1.0, 1]",0.0
12.688333333333334,0,0.0004452808495752196,-1.6079548196648645e-06,1.8479071077403384e-11,5,"[0.0030024713677007002, -0.006739949551559282, -0.1939174395132214, -0.10820562605220217, 1.0, 1]",0.0
12.699722222222222,0,0.00044683123302499634,-1.6189198928218176e-06,1.8449153985317442e-11,5,"[0.003009201467070392, -0.006746623833010422, -0.19406547088376452, -0.10831675222404452, 1.0, 1]",0.0
12.711111111111112,0,0.0004483755040630258,-1.6298500033016647e-06,1.8418579165695133e-11,5,"[0.0030159074325060045, -0.006753272021194129, -0.1942129515799264, -0.10842748764924615, 1.0, 1]",0.0
12.7225,0,0.00044991369452327345,-1.6407452810860129e-06,1.8387362387940912e-11,5,"[0.003022589376600615, -0.006759894251294401, -0.19435988432149404, -0.1085378341576091, 1.0, 1]",0.0
12.73388888888889,0,0.0004514458360341346,-1.6516058557101268e-06,1.8355519139022197e-11,5,"[0.0030292474113082697, -0.0067664906576248235, -0.19450627181152824, -0.10864779356823706, 1.0, 1]",0.0
12.745277777777778,0,0.00045297196002001697,-1.6624318562629124e-06,1.832306462834244e-11,5,"[0.003035881647948206, -0.006773061373635209, -0.1946521167364874, -0.10875736768961056, 1.0, 1]",0.0
12.756666666666668,0,0.0004544920977029119,-1.6732234113869636e-06,1.82900137925273e-11,5,"[0.003042492197209046, -0.006779606531918286, -0.19479742176634918, -0.1088665583196609, 1.0, 1]",0.0
12.768055555555556,0,0.0004560062801039379,-1.683980649278533e-06,1.825638130012821e-11,5,"[0.003049079169152932, -0.006786126264216199, -0.19494218955473167, -0.1089753672458445, 1.0, 1]",0.0
12.779444444444445,0,0.00045751453804489375,-1.694703697687761e-06,1.8222181556237217e-11,5,"[0.0030556426732196583, -0.006792620701427082, -0.19508642273901247, -0.10908379624521532, 1.0, 1]",0.0
12.790833333333333,0,0.0004590169021497733,-1.7053926839186625e-06,1.818742870702996e-11,5,"[0.003062182818230755, -0.006799089973611468, -0.19523012394044872, -0.10919184708449817, 1.0, 1]",0.0
12.802222222222223,0,0.0004605134028462835,-1.716047734829338e-06,1.815213664422239e-11,5,"[0.003068699712393589, -0.00680553420999874, -0.19537329576429363, -0.10929952152016013, 1.0, 1]",0.0
12.813611111111111,0,0.0004620040703673417,-1.7266689768321646e-06,1.8116319009448676e-11,5,"[0.0030751934633053207, -0.006811953538993393, -0.19551594079991444, -0.10940682129848218, 1.0, 1]",0.0
12.825000000000001,0,0.0004634889347525623,-1.7372565358939665e-06,1.8079989198569298e-11,5,"[0.0030816641779569756, -0.006818348088181392, -0.1956580616209075, -0.10951374815562993, 1.0, 1]",0.0
12.836388888888889,0,0.00046496802584972835,-1.7478105375363246e-06,1.804316036589149e-11,5,"[0.0030881119627373817, -0.00682471798433636, -0.19579966078521321, -0.10962030381772392, 1.0, 1]",0.0
12.847777777777779,0,0.0004664413733162529,-1.7583311068357936e-06,1.8005845428329524e-11,5,"[0.0030945369234371316, -0.006831063353425776, -0.1959407408352304, -0.10972649000090916, 1.0, 1]",0.0
12.859166666666667,0,0.00046790900662062367,-1.768818368424189e-06,1.796805706948546e-11,5,"[0.0031009391652524645, -0.006837384320617069, -0.1960813042979284, -0.10983230841142425, 1.0, 1]",0.0
12.870555555555557,0,0.000469370955043837,-1.7792724464889657e-06,1.7929807743654042e-11,5,"[0.003107318792789204, -0.00684368101028369, -0.19622135368496, -0.10993776074567008, 1.0, 1]",0.0
12.881944444444445,0,0.00047082724768082355,-1.789693464773571e-06,1.789110967976505e-11,5,"[0.0031136759100665666, -0.006849953546011138, -0.1963608914927717, -0.11004284869027783, 1.0, 1]",0.0
12.893333333333334,0,0.00047227791344185135,-1.800081546577785e-06,1.785197488525435e-11,5,"[0.003120010620521008, -0.00685620205060292, -0.19649992020271398, -0.11014757392217596, 1.0, 1]",0.0
12.904722222222222,0,0.0004737229810539248,-1.810436814758135e-06,1.7812415149867852e-11,5,"[0.0031263230270100377, -0.006862426646086425, -0.19663844228115046, -0.11025193810865774, 1.0, 1]",0.0
12.916111111111112,0,0.0004751624790621713,-1.8207593917283812e-06,1.7772442049394762e-11,5,"[0.0031326132318159794, -0.006868627453718818, -0.1967764601795663, -0.11035594290744714, 1.0, 1]",0.0
12.9275,0,0.00047659643583120845,-1.8310493994599138e-06,1.7732066949342048e-11,5,"[0.0031388813366497047, -0.006874804593992828, -0.19691397633467547, -0.11045958996676492, 1.0, 1]",0.0
12.93888888888889,0,0.0004780248795465093,-1.8413069594822578e-06,1.7691301008543083e-11,5,"[0.003145127442654373, -0.006880958186642488, -0.19705099316852667, -0.11056288092539382, 1.0, 1]",0.0
12.950277777777778,0,0.000479447838215747,-1.8515321928835806e-06,1.7650155182700045e-11,5,"[0.0031513516504091113, -0.006887088350648856, -0.19718751308861007, -0.1106658174127433, 1.0, 1]",0.0
12.961666666666668,0,0.00048086533967013276,-1.86172522031123e-06,1.7608640227867264e-11,5,"[0.0031575540599326816, -0.006893195204245671, -0.19732353848796028, -0.11076840104891392, 1.0, 1]",0.0
12.973055555555556,0,0.000482277411565741,-1.8718861619722607e-06,1.7566766703876603e-11,5,"[0.0031637347706871192, -0.006899278864924927, -0.1974590717452618, -0.11087063344476106, 1.0, 1]",0.0
12.984444444444446,0,0.0004836840813848232,-1.8820151376340464e-06,1.7524544977697144e-11,5,"[0.003169893881581324, -0.006905339449442474, -0.1975941152249508, -0.1109725162019581, 1.0, 1]",0.0
12.995833333333334,0,0.0004850853764371066,-1.892112266624827e-06,1.7481985226742616e-11,5,"[0.0031760314909746734, -0.006911377073823478, -0.19772867127731733, -0.11107405091305916, 1.0, 1]",0.0
13.007222222222223,0,0.00048648132386109016,-1.902177667834378e-06,1.7439097442117422e-11,5,"[0.003182147696680573, -0.006917391853367917, -0.19786274223860695, -0.11117523916156134, 1.0, 1]",0.0
13.018611111111111,0,0.0004878719506253169,-1.9122114597145738e-06,1.73958914318102e-11,5,"[0.00318824259596997, -0.0069233839026559395, -0.1979963304311211, -0.11127608252196645, 1.0, 1]",0.0
13.030000000000001,0,0.0004892572835296498,-1.9222137602801455e-06,1.735237682382501e-11,5,"[0.003194316285574888, -0.006929353335553311, -0.19812943816331607, -0.1113765825598424, 1.0, 1]",0.0
13.04138888888889,0,0.000490637349206525,-1.9321846871092663e-06,1.730856306926895e-11,5,"[0.0032003688616918727, -0.006935300265216661, -0.1982620677299019, -0.11147674083188366, 1.0, 1]",0.0
13.052777777777779,0,0.0004920121741221982,-1.9421243573443097e-06,1.726445944537473e-11,5,"[0.0032064004199854885, -0.006941224804098783, -0.19839422141194066, -0.11157655888597202, 1.0, 1]",0.0
13.064166666666667,0,0.0004933817845779819,-1.9520328876925135e-06,1.7220075058482023e-11,5,"[0.003212411055591724, -0.00694712706395387, -0.19852590147694296, -0.11167603826123569, 1.0, 1]",0.0
13.075555555555557,0,0.0004947462067114685,-1.9619103944267623e-06,1.7175418846956178e-11,5,"[0.0032184008631213883, -0.006953007155842657, -0.19865711017896479, -0.11177518048810946, 1.0, 1]",0.0
13.086944444444445,0,0.000496105466497748,-1.971756993386294e-06,1.7130499584068644e-11,5,"[0.0032243699366635197, -0.006958865190137626, -0.1987878497587026, -0.11187398708839288, 1.0, 1]",0.0
13.098333333333334,0,0.000497459589750608,-1.9815727999774916e-06,1.708532588081605e-11,5,"[0.0032303183697887277, -0.0069647012765280125, -0.198918122443588, -0.11197245957530896, 1.0, 1]",0.0
13.109722222222222,0,0.0004988086021237312,-1.9913579291746754e-06,1.7039906188698184e-11,5,"[0.0032362462555525213, -0.0069705155240249225, -0.19904793044788152, -0.11207059945356214, 1.0, 1]",0.0
13.121111111111112,0,0.0005001525291118772,-2.0011124955208942e-06,1.6994248802445205e-11,5,"[0.0032421536864986195, -0.0069763080409663315, -0.19917727597276633, -0.11216840821939565, 1.0, 1]",0.0
13.1325,0,0.0005014913960520546,-2.0108366131287346e-06,1.6948361862698838e-11,5,"[0.0032480407546622435, -0.006982078935021996, -0.1993061612064403, -0.11226588736064862, 1.0, 1]",0.0
13.14388888888889,0,0.0005028252281246877,-2.020530395681157e-06,1.6902253358649128e-11,5,"[0.003253907551573371, -0.006987828313198435, -0.19943458832420696, -0.11236303835681259, 1.0, 1]",0.0
13.155277777777778,0,0.0005041540503547664,-2.0301939564323724e-06,1.6855931130618427e-11,5,"[0.0032597541682599647, -0.006993556281843774, -0.19956255948856763, -0.11245986267908784, 1.0, 1]",0.0
13.166666666666668,0,0.0005054778876129921,-2.0398274082086613e-06,1.6809402872612624e-11,5,"[0.003265580695251203, -0.0069992629466525905, -0.19969007684931042, -0.11255636179043871, 1.0, 1]",0.0
13.178055555555556,0,0.0005067967646169079,-2.049430863409268e-06,1.6762676134818196e-11,5,"[0.003271387222580646, -0.007004948412670696, -0.19981714254360017, -0.11265253714564914, 1.0, 1]",0.0
13.189444444444446,0,0.0005081107059320304,-2.0590044340073424e-06,1.6715758326060408e-11,5,"[0.003277173839789438, -0.0070106127842999265, -0.1999437586960668, -0.11274839019137768, 1.0, 1]",0.0
13.200833333333334,0,0.0005094197359729537,-2.0685482315507534e-06,1.666865671622181e-11,5,"[0.0032829406359294166, -0.007016256165302813, -0.20006992741889346, -0.11284392236621138, 1.0, 1]",0.0
13.212222222222223,0,0.0005107238790044635,-2.078062367163082e-06,1.6621378438615516e-11,5,"[0.003288687699566249, -0.007021878658807283, -0.20019565081190377, -0.11293913510072022, 1.0, 1]",0.0
13.223611111111111,0,0.0005120231591426276,-2.087546951544531e-06,1.657393049231728e-11,5,"[0.003294415118782542, -0.007027480367311282, -0.20032093096264805, -0.11303402981751046, 1.0, 1]",0.0
13.235000000000001,0,0.0005133176003558839,-2.0970020949728497e-06,1.6526319744463683e-11,5,"[0.003300122981180898, -0.007033061392687382, -0.20044576994648927, -0.1131286079312777, 1.0, 1]",0.0
13.24638888888889,0,0.0005146072264661179,-2.1064279073043398e-06,1.6478552932500785e-11,5,"[0.0033058113738869857, -0.007038621836187321, -0.20057016982668793, -0.11322287084885987, 1.0, 1]",0.0
13.257777777777779,0,0.000515892061149731,-2.115824497974787e-06,1.6430636666405026e-11,5,"[0.0033114803835525676, -0.0070441617984465365, -0.20069413265448702, -0.11331681996928943, 1.0, 1]",0.0
13.269166666666667,0,0.0005171721279386968,-2.1251919760004317e-06,1.6382577430860423e-11,5,"[0.003317130096358495, -0.007049681379488621, -0.20081766046919514, -0.11341045668384506, 1.0, 1]",0.0
13.280555555555557,0,0.0005184474502216168,-2.1345304499790255e-06,1.6334381587396358e-11,5,"[0.003322760598017741, -0.007055180678729802, -0.20094075529826944, -0.11350378237610352, 1.0, 1]",0.0
13.291944444444445,0,0.0005197180512447535,-2.1438400280907363e-06,1.6286055376497e-11,5,"[0.003328371973778326, -0.00706065979498329, -0.20106341915739898, -0.11359679842199044, 1.0, 1]",0.0
13.303333333333335,0,0.0005209839541130733,-2.1531208180992758e-06,1.6237604919665092e-11,5,"[0.003333964308426273, -0.0070661188264637236, -0.20118565405058514, -0.11368950618983148, 1.0, 1]",0.0
13.314722222222223,0,0.0005222451817912583,-2.162372927352813e-06,1.6189036221457974e-11,5,"[0.00333953768628854, -0.0070715578707914025, -0.2013074619702238, -0.11378190704040198, 1.0, 1]",0.0
13.326111111111112,0,0.0005235017571047321,-2.1715964627851074e-06,1.614035517148342e-11,5,"[0.003345092191235947, -0.007076977024996678, -0.2014288448971846, -0.11387400232697754, 1.0, 1]",0.0
13.3375,0,0.0005247537027406606,-2.1807915309164875e-06,1.609156754636709e-11,5,"[0.0033506279066860085, -0.007082376385524139, -0.2015498048008916, -0.11396579339538332, 1.0, 1]",0.0
13.34888888888889,0,0.0005260010412489524,-2.189958237854948e-06,1.6042679011680132e-11,5,"[0.003356144915605845, -0.007087756048236881, -0.20167034363940206, -0.11405728158404302, 1.0, 1]",0.0
13.360277777777778,0,0.0005272437950432468,-2.199096689297183e-06,1.599369512383895e-11,5,"[0.0033616433005149962, -0.007093116108420661, -0.20179046335948472, -0.114148468224028, 1.0, 1]",0.0
13.371666666666668,0,0.0005284819864018976,-2.2082069905296663e-06,1.5944621331972522e-11,5,"[0.0033671231434882687, -0.007098456660788056, -0.20191016589669805, -0.11423935463910541, 1.0, 1]",0.0
13.383055555555556,0,0.0005297156374689446,-2.2172892464297495e-06,1.5895462979752366e-11,5,"[0.003372584526158499, -0.007103777799482609, -0.20202945317546706, -0.11432994214578651, 1.0, 1]",0.0
13.394444444444446,0,0.000530944770255081,-2.226343561466736e-06,1.5846225307198918e-11,5,"[0.003378027529719383, -0.0071090796180828565, -0.20214832710915992, -0.11442023205337411, 1.0, 1]",0.0
13.405833333333334,0,0.0005321694066386076,-2.2353700397029828e-06,1.5796913452451595e-11,5,"[0.003383452234928212, -0.007114362209606436, -0.2022667896001641, -0.11451022566400991, 1.0, 1]",0.0
13.417222222222223,0,0.0005333895683663857,-2.2443687847950094e-06,1.574753245351244e-11,5,"[0.003388858722108623, -0.007119625666514071, -0.20238484253996183, -0.11459992427272177, 1.0, 1]",0.0
13.428611111111111,0,0.0005346052770547757,-2.25333989999462e-06,1.5698087249956192e-11,5,"[0.0033942470711533085, -0.007124870080713542, -0.20250248780920463, -0.11468932916746966, 1.0, 1]",0.0
13.440000000000001,0,0.0005358165541905705,-2.2622834881500017e-06,1.5648582684616255e-11,5,"[0.0033996173615267393, -0.007130095543563662, -0.20261972727778757, -0.11477844162919248, 1.0, 1]",0.0
13.45138888888889,0,0.0005370234211319244,-2.2711996517068812e-06,1.559902350523834e-11,5,"[0.003404969672267858, -0.0071353021458781755, -0.20273656280492278, -0.11486726293185381, 1.0, 1]",0.0
13.462777777777779,0,0.0005382258991092682,-2.280088492709642e-06,1.5549414366107578e-11,5,"[0.0034103040819927015, -0.007140489977929647, -0.20285299623921293, -0.1149557943424873, 1.0, 1]",0.0
13.474166666666667,0,0.0005394240092262191,-2.2889501128024514e-06,1.5499759829648914e-11,5,"[0.003415620668897101, -0.007145659129453307, -0.20296902941872239, -0.11504403712124171, 1.0, 1]",0.0
13.485555555555557,0,0.0005406177724604884,-2.2977846132304804e-06,1.545006436799445e-11,5,"[0.0034209195107592653, -0.0071508096896508895, -0.20308466417105075, -0.11513199252142624, 1.0, 1]",0.0
13.496944444444445,0,0.0005418072096647708,-2.306592094840947e-06,1.5400332364537673e-11,5,"[0.0034262006849424377, -0.007155941747194395, -0.2031999023134029, -0.1152196617895547, 1.0, 1]",0.0
13.508333333333335,0,0.0005429923415676395,-2.3153726580843992e-06,1.5350568115443726e-11,5,"[0.0034314642683974353, -0.007161055390229858, -0.2033147456526601, -0.11530704616538966, 1.0, 1]",0.0
13.519722222222223,0,0.0005441731887744186,-2.3241264030157735e-06,1.5300775831149506e-11,5,"[0.0034367103376652585, -0.007166150706381085, -0.20342919598545012, -0.11539414688198638, 1.0, 1]",0.0
13.531111111111112,0,0.0005453497717680642,-2.332853429295632e-06,1.525095963783012e-11,5,"[0.003441938968879636, -0.0071712277827533175, -0.20354325509821677, -0.11548096516573624, 1.0, 1]",0.0
13.5425,0,0.0005465221109100276,-2.341553836191334e-06,1.5201123578841443e-11,5,"[0.00344715023776956, -0.00717628670593695, -0.20365692476728928, -0.11556750223641, 1.0, 1]",0.0
13.55388888888889,0,0.0005476902264411141,-2.350227722578193e-06,1.5151271616141465e-11,5,"[0.0034523442196617974, -0.007181327562011092, -0.2037702067589501, -0.11565375930720058, 1.0, 1]",0.0
13.565277777777778,0,0.0005488541384823373,-2.358875186940705e-06,1.5101407631682933e-11,5,"[0.0034575209894834123, -0.007186350436547256, -0.20388310282950362, -0.11573973758476563, 1.0, 1]",0.0
13.576666666666668,0,0.0005500138670357603,-2.367496327373674e-06,1.5051535428789753e-11,5,"[0.0034626806217642313, -0.0071913554146128406, -0.20399561472534328, -0.11582543826926957, 1.0, 1]",0.0
13.588055555555556,0,0.0005511694319853413,-2.3760912415835103e-06,1.5001658733500018e-11,5,"[0.003467823190639312, -0.007196342580774784, -0.20410774418301794, -0.11591086255442573, 1.0, 1]",0.0
13.599444444444446,0,0.0005523208530977559,-2.3846600268893345e-06,1.4951781195895185e-11,5,"[0.0034729487698513936, -0.007201312019102971, -0.20421949292929933, -0.11599601162753773, 1.0, 1]",0.0
13.610833333333334,0,0.0005534681500232307,-2.393202780224236e-06,1.4901906391405965e-11,5,"[0.003478057432753332, -0.007206263813173804, -0.20433086268124695, -0.11608088666954079, 1.0, 1]",0.0
13.622222222222224,0,0.000554611342296354,-2.401719598136474e-06,1.4852037822088087e-11,5,"[0.00348314925231051, -0.007211198046073629, -0.20444185514627403, -0.11616548885504263, 1.0, 1]",0.0
13.633611111111112,0,0.0005557504493368915,-2.4102105767906884e-06,1.4802178917886828e-11,5,"[0.003488224301103242, -0.00721611480040216, -0.20455247202221194, -0.11624981935236423, 1.0, 1]",0.0
13.645000000000001,0,0.0005568854904505893,-2.4186758119691203e-06,1.475233303787422e-11,5,"[0.0034932826513291385, -0.007221014158275903, -0.2046627149973746, -0.11633387932358005, 1.0, 1]",0.0
13.65638888888889,0,0.0005580164848299723,-2.4271153990728157e-06,1.4702503471469234e-11,5,"[0.0034983243748054854, -0.007225896201331517, -0.20477258575062238, -0.11641766992455807, 1.0, 1]",0.0
13.66777777777778,0,0.0005591434515551378,-2.4355294331228996e-06,1.465269343963103e-11,5,"[0.003503349542971589, -0.007230761010729181, -0.20488208595142565, -0.11650119230499976, 1.0, 1]",0.0
13.679166666666667,0,0.000560266409594536,-2.443918008761741e-06,1.4602906096040003e-11,5,"[0.003508358226891104, -0.007235608667155886, -0.20499121725992697, -0.11658444760847891, 1.0, 1]",0.0
13.690555555555557,0,0.0005613853778057555,-2.4522812202542288e-06,1.4553144528255424e-11,5,"[0.003513350497254336, -0.007240439250828777, -0.20509998132700374, -0.11666743697248165, 1.0, 1]",0.0
13.701944444444445,0,0.0005625003749362888,-2.460619161488984e-06,1.4503411758850363e-11,5,"[0.0035183264243805745, -0.007245252841498351, -0.20520837979433057, -0.1167501615284445, 1.0, 1]",0.0
13.713333333333335,0,0.0005636114196243037,-2.4689319259795846e-06,1.4453710746536495e-11,5,"[0.0035232860782203317, -0.007250049518451765, -0.2053164142944398, -0.11683262240179337, 1.0, 1]",0.0
13.724722222222223,0,0.000564718530399403,-2.477219606865861e-06,1.4404044387256784e-11,5,"[0.0035282295283576483, -0.007254829360516036, -0.20542408645078294, -0.11691482071198177, 1.0, 1]",0.0
13.736111111111112,0,0.0005658217256833762,-2.4854822969150733e-06,1.4354415515273839e-11,5,"[0.003533156844012312, -0.007259592446061207, -0.20553139787779062, -0.11699675757252881, 1.0, 1]",0.0
13.7475,0,0.0005669210237909478,-2.4937200885231605e-06,1.4304826904232512e-11,5,"[0.0035380680940421175, -0.0072643388530035085, -0.20563835018093327, -0.11707843409105671, 1.0, 1]",0.0
13.75888888888889,0,0.0005680164429305218,-2.5019330737160433e-06,1.425528126820121e-11,5,"[0.0035429633469450687, -0.0072690686588085425, -0.2057449449567799, -0.11715985136932844, 1.0, 1]",0.0
13.770277777777778,0,0.0005691080012049166,-2.5101213441508145e-06,1.4205781262706781e-11,5,"[0.0035478426708616005, -0.00727378194049436, -0.20585118379305756, -0.11724101050328503, 1.0, 1]",0.0
13.781666666666668,0,0.0005701957166120918,-2.5182849911170053e-06,1.4156329485739843e-11,5,"[0.003552706133576741, -0.007278478774634544, -0.20595706826870955, -0.11732191258308196, 1.0, 1]",0.0
13.793055555555556,0,0.0005712796070458785,-2.526424105537849e-06,1.4106928478753502e-11,5,"[0.003557553802522307, -0.007283159237361303, -0.20606259995395404, -0.11740255869312621, 1.0, 1]",0.0
13.804444444444446,0,0.0005723596902966905,-2.5345387779714972e-06,1.4057580727639068e-11,5,"[0.0035623857447790635, -0.00728782340436847, -0.20616778041034142, -0.11748294991211246, 1.0, 1]",0.0
13.815833333333334,0,0.0005734359840522443,-2.5426290986123293e-06,1.4008288663686018e-11,5,"[0.003567202027078848, -0.007292471350914564, -0.20627261119081142, -0.11756308731305906, 1.0, 1]",0.0
13.827222222222224,0,0.0005745085058982607,-2.550695157292165e-06,1.3959054664528657e-11,5,"[0.0035720027158067215, -0.00729710315182574, -0.20637709383975011, -0.11764297196334404, 1.0, 1]",0.0
13.838611111111112,0,0.0005755772733191685,-2.5587370434815395e-06,1.3909881055074522e-11,5,"[0.0035767878770030584, -0.0073017188814987815, -0.20648122989304635, -0.11772260492474036, 1.0, 1]",0.0
13.850000000000001,0,0.0005766423036987991,-2.566754846290941e-06,1.3860770108420123e-11,5,"[0.0035815575763656748, -0.007306318613904027, -0.20658502087814742, -0.11780198725345155, 1.0, 1]",0.0
13.86138888888889,0,0.0005777036143210772,-2.5747486544720974e-06,1.3811724046745956e-11,5,"[0.003586311879251881, -0.007310902422588298, -0.20668846831411467, -0.11788112000014632, 1.0, 1]",0.0
13.87277777777778,0,0.0005787612223707071,-2.582718556419216e-06,1.3762745042204164e-11,5,"[0.0035910508506805804, -0.007315470380677807, -0.20679157371167872, -0.11796000420999393, 1.0, 1]",0.0
13.884166666666667,0,0.0005798151449338486,-2.5906646401702435e-06,1.3713835217784087e-11,5,"[0.0035957745553343, -0.007320022560881007, -0.20689433857329395, -0.11803864092269793, 1.0, 1]",0.0
13.895555555555557,0,0.0005808653989987944,-2.598586993408154e-06,1.3664996648166317e-11,5,"[0.003600483057561264, -0.007324559035491463, -0.20699676439319303, -0.11811703117253104, 1.0, 1]",0.0
13.906944444444445,0,0.0005819120014566332,-2.606485703462142e-06,1.3616231360566274e-11,5,"[0.0036051764213773864, -0.007329079876390648, -0.20709885265743988, -0.11819517598836872, 1.0, 1]",0.0
13.918333333333335,0,0.0005829549691019214,-2.614360857308984e-06,1.356754133555505e-11,5,"[0.003609854710468309, -0.007333585155050801, -0.20720060484398414, -0.11827307639372348, 1.0, 1]",0.0
13.929722222222223,0,0.0005839943186333325,-2.622212541574207e-06,1.3518928507875607e-11,5,"[0.0036145179881913814, -0.007338074942537665, -0.2073020224227136, -0.11835073340677776, 1.0, 1]",0.0
13.941111111111113,0,0.0005850300666543161,-2.6300408425334067e-06,1.3470394767240224e-11,5,"[0.003619166317577678, -0.007342549309513272, -0.2074031068555069, -0.11842814804041753, 1.0, 1]",0.0
13.9525,0,0.0005860622296737404,-2.637845846113477e-06,1.3421941959114595e-11,5,"[0.0036237997613339334, -0.0073470083262386745, -0.207503859596286, -0.11850532130226549, 1.0, 1]",0.0
13.96388888888889,0,0.0005870908241065399,-2.645627637893909e-06,1.3373571885490747e-11,5,"[0.003628418381844528, -0.007351452062576665, -0.2076042820910676, -0.11858225419471344, 1.0, 1]",0.0
13.975277777777778,0,0.0005881158662743467,-2.6533863031079876e-06,1.3325286305648251e-11,5,"[0.0036330222411734272, -0.007355880587994458, -0.2077043757780144, -0.11865894771495504, 1.0, 1]",0.0
13.986666666666668,0,0.0005891373724061314,-2.661121926644147e-06,1.3277086936897477e-11,5,"[0.003637611401066098, -0.007360293971566414, -0.20780414208748696, -0.1187354028550183, 1.0, 1]",0.0
13.998055555555556,0,0.0005901553586388198,-2.668834593047126e-06,1.3228975455316526e-11,5,"[0.003642185922951449, -0.007364692281976613, -0.20790358244209348, -0.11881162060179727, 1.0, 1]",0.0
14.009444444444446,0,0.0005911698410179261,-2.6765243865193378e-06,1.3180953496469824e-11,5,"[0.0036467458679437415, -0.007369075587521593, -0.20800269825674056, -0.11888760193708439, 1.0, 1]",0.0
14.020833333333334,0,0.0005921808354981612,-2.6841913909220178e-06,1.3133022656123498e-11,5,"[0.0036512912968444337, -0.007373443956112852, -0.20810149093868266, -0.11896334783760143, 1.0, 1]",0.0
14.032222222222224,0,0.0005931883579440544,-2.691835689776577e-06,1.30851844909398e-11,5,"[0.0036558222701441293, -0.007377797455279522, -0.20819996188757225, -0.11903885927503162, 1.0, 1]",0.0
14.043611111111112,0,0.0005941924241305522,-2.6994573662658064e-06,1.3037440519161904e-11,5,"[0.0036603388480243885, -0.007382136152170906, -0.2082981124955082, -0.11911413721605027, 1.0, 1]",0.0
14.055000000000001,0,0.0005951930497436291,-2.707056503235144e-06,1.2989792221295223e-11,5,"[0.00366484109035961, -0.007386460113559039, -0.2083959441470852, -0.11918918262235599, 1.0, 1]",0.0
14.06638888888889,0,0.0005961902503808822,-2.714633183193952e-06,1.2942241040764705e-11,5,"[0.0036693290567188725, -0.007390769405841218, -0.20849345821944154, -0.11926399645070125, 1.0, 1]",0.0
14.07777777777778,0,0.0005971840415521248,-2.722187488316751e-06,1.289478838457001e-11,5,"[0.0036738028063677463, -0.007395064095042506, -0.20859065608230762, -0.11933857965292291, 1.0, 1]",0.0
14.089166666666667,0,0.0005981744386799796,-2.7297195004444868e-06,1.2847435623930431e-11,5,"[0.003678262398270124, -0.007399344246818258, -0.20868753909805346, -0.11941293317597262, 1.0, 1]",0.0
14.100555555555555,0,0.0005991614571004585,-2.737229301085783e-06,1.2800184094910833e-11,5,"[0.0036827078910900207, -0.007403609926456551, -0.20878410862173585, -0.11948705796194675, 1.0, 1]",0.0
14.111944444444445,0,0.0006001451120635442,-2.744716971418179e-06,1.2753035099046692e-11,5,"[0.0036871393431933642, -0.007407861198880653, -0.2088803660011457, -0.11956095494811633, 1.0, 1]",0.0
14.123333333333333,0,0.0006011254187337678,-2.752182592289409e-06,1.2705989903952207e-11,5,"[0.003691556812649777, -0.0074120981286514825, -0.20897631257685417, -0.11963462506695637, 1.0, 1]",0.0
14.134722222222223,0,0.000602102392190778,-2.759626244218624e-06,1.2659049743922814e-11,5,"[0.00369596035723435, -0.0074163207799699945, -0.20907194968225964, -0.11970806924617577, 1.0, 1]",0.0
14.14611111111111,0,0.0006030760474299063,-2.767048007397652e-06,1.2612215820522392e-11,5,"[0.0037003500344293906, -0.007420529216679579, -0.20916727864363271, -0.11978128840874623, 1.0, 1]",0.0
14.1575,0,0.0006040463993627342,-2.774447961692265e-06,1.2565489303166104e-11,5,"[0.0037047259014261393, -0.007424723502268473, -0.20926230078016228, -0.11985428347293116, 1.0, 1]",0.0
14.168888888888889,0,0.0006050134628176455,-2.781826186643391e-06,1.2518871329690049e-11,5,"[0.0037090880151265685, -0.007428903699872082, -0.20935701740400087, -0.11992705535231472, 1.0, 1]",0.0
14.180277777777778,0,0.0006059772525403841,-2.7891827614683715e-06,1.2472363006915266e-11,5,"[0.003713436432145034, -0.007433069872275346, -0.20945142982030962, -0.11999960495583036, 1.0, 1]",0.0
14.191666666666666,0,0.0006069377831946001,-2.7965177650622038e-06,1.2425965411196361e-11,5,"[0.0037177712088100234, -0.007437222081915054, -0.20954553932730224, -0.12007193318778892, 1.0, 1]",0.0
14.203055555555556,0,0.0006078950693623971,-2.80383127599879e-06,1.2379679588965278e-11,5,"[0.0037220924011658416, -0.007441360390882145, -0.20963934721628988, -0.1201440409479071, 1.0, 1]",0.0
14.214444444444444,0,0.000608849125544874,-2.811123372532177e-06,1.2333506557266453e-11,5,"[0.003726400064974291, -0.007445484860924023, -0.20973285477172474, -0.12021592913133547, 1.0, 1]",0.0
14.225833333333334,0,0.0006097999661626592,-2.818394132597777e-06,1.2287447304280892e-11,5,"[0.003730694255716352, -0.007449595553446805, -0.20982606327124367, -0.12028759862868607, 1.0, 1]",0.0
14.237222222222222,0,0.0006107476055564429,-2.825643633813603e-06,1.2241502789842716e-11,5,"[0.003734975028593842, -0.0074536925295175605, -0.2099189739857116, -0.12035905032606002, 1.0, 1]",0.0
14.248611111111112,0,0.0006116920579875095,-2.8328719534815334e-06,1.2195673945945806e-11,5,"[0.003739242438531083, -0.007457775849866597, -0.21001158817926427, -0.12043028510507504, 1.0, 1]",0.0
14.26,0,0.0006126333376382572,-2.8400791685884947e-06,1.2149961677245494e-11,5,"[0.0037434965401764993, -0.007461845574889618, -0.2101039071093511, -0.12050130384289247, 1.0, 1]",0.0
14.27138888888889,0,0.0006135714586127223,-2.8472653558077285e-06,1.2104366861547656e-11,5,"[0.0037477373879042995, -0.007465901764649989, -0.2101959320267771, -0.12057210741224439, 1.0, 1]",0.0
14.282777777777778,0,0.0006145064349370947,-2.8544305915000127e-06,1.2058890350291836e-11,5,"[0.003751965035816061, -0.007469944478880875, -0.21028766417574543, -0.12064269668146049, 1.0, 1]",0.0
14.294166666666667,0,0.0006154382805602285,-2.861574951714881e-06,1.2013532969024163e-11,5,"[0.0037561795377423495, -0.007473973776987413, -0.21037910479389849, -0.1207130725144945, 1.0, 1]",0.0
14.305555555555555,0,0.0006163670093541533,-2.868698512191833e-06,1.1968295517869725e-11,5,"[0.003760380947244308, -0.007477989718048905, -0.21047025511235976, -0.12078323577095075, 1.0, 1]",0.0
14.316944444444445,0,0.0006172926351145759,-2.8758013483615707e-06,1.1923178771985443e-11,5,"[0.0037645693176152476, -0.007481992360820895, -0.21056111635577485, -0.12085318730611048, 1.0, 1]",0.0
14.328333333333333,0,0.0006182151715613856,-2.882883535347212e-06,1.1878183482017795e-11,5,"[0.0037687447018822278, -0.007485981763737342, -0.21065168974235196, -0.12092292797095773, 1.0, 1]",0.0
14.339722222222223,0,0.000619134632339146,-2.8899451479655126e-06,1.1833310374539404e-11,5,"[0.0037729071528076067, -0.00748995798491268, -0.21074197648390247, -0.12099245861220537, 1.0, 1]",0.0
14.351111111111111,0,0.0006200510310175927,-2.8969862607280707e-06,1.1788560152492647e-11,5,"[0.0037770567228906137, -0.007493921082143952, -0.21083197778588167, -0.12106178007232078, 1.0, 1]",0.0
14.3625,0,0.0006209643810921201,-2.9040069478425326e-06,1.1743933495616113e-11,5,"[0.003781193464368882, -0.00749787111291282, -0.2109216948474276, -0.1211308931895512, 1.0, 1]",0.0
14.373888888888889,0,0.0006218746959842676,-2.9110072832138123e-06,1.1699431060866389e-11,5,"[0.0037853174292199784, -0.007501808134387678, -0.2110111288614018, -0.12119979879794938, 1.0, 1]",0.0
14.385277777777778,0,0.0006227819890422037,-2.9179873404453e-06,1.1655053482834237e-11,5,"[0.0037894286691629343, -0.007505732203425666, -0.2111002810144276, -0.12126849772739849, 1.0, 1]",0.0
14.396666666666667,0,0.0006236862735412024,-2.92494719284006e-06,1.161080137415247e-11,5,"[0.0037935272356597613, -0.00750964337657471, -0.21118915248693002, -0.12133699080363715, 1.0, 1]",0.0
14.408055555555556,0,0.0006245875626841187,-2.9318869134020168e-06,1.156667532589964e-11,5,"[0.0037976131799169342, -0.007513541710075497, -0.2112777444531737, -0.12140527884828438, 1.0, 1]",0.0
14.419444444444444,0,0.0006254858696018594,-2.938806574837184e-06,1.1522675907990112e-11,5,"[0.003801686552886923, -0.00751742725986351, -0.21136605808130218, -0.12147336267886405, 1.0, 1]",0.0
14.430833333333334,0,0.0006263812073538519,-2.945706249554819e-06,1.1478803669569938e-11,5,"[0.0038057474052696277, -0.007521300081570979, -0.2114540945333754, -0.1215412431088295, 1.0, 1]",0.0
14.442222222222222,0,0.0006272735889285079,-2.9525860096686583e-06,1.1435059139391293e-11,5,"[0.003809795787513886, -0.007525160230528869, -0.21154185496540806, -0.1216089209475877, 1.0, 1]",0.0
14.453611111111112,0,0.0006281630272436825,-2.959445926998087e-06,1.1391442826190107e-11,5,"[0.0038138317498189293, -0.007529007761768806, -0.21162934052740684, -0.12167639700052356, 1.0, 1]",0.0
14.465,0,0.0006290495351471354,-2.9662860730693077e-06,1.1347955219061731e-11,5,"[0.003817855342135825, -0.007532842730025026, -0.211716552363408, -0.12174367206902373, 1.0, 1]",0.0
14.47638888888889,0,0.0006299331254169798,-2.9731065191165644e-06,1.1304596787813219e-11,5,"[0.003821866614168935, -0.007536665189736301, -0.21180349161151488, -0.1218107469505005, 1.0, 1]",0.0
14.487777777777778,0,0.0006308138107621358,-2.9799073360832836e-06,1.1261367983329864e-11,5,"[0.003825865615377333, -0.007540475195047816, -0.2118901594039335, -0.12187762243841521, 1.0, 1]",0.0
14.499166666666667,0,0.0006316916038227781,-2.9866885946232854e-06,1.1218269237922157e-11,5,"[0.003829852394976251, -0.007544272799813109, -0.2119765568670107, -0.12194429932230215, 1.0, 1]",0.0
14.510555555555555,0,0.0006325665171707761,-2.9934503651019295e-06,1.1175300965671903e-11,5,"[0.003833827001938481, -0.007548058057595897, -0.212062685121269, -0.12201077838779134, 1.0, 1]",0.0
14.521944444444445,0,0.0006334385633101375,-3.0001927175973143e-06,1.113246356277101e-11,5,"[0.00383778948499577, -0.007551831021671974, -0.21214854528144375, -0.1220770604166322, 1.0, 1]",0.0
14.533333333333333,0,0.000634307754677443,-3.006915721901426e-06,1.1089757407856593e-11,5,"[0.0038417398926402463, -0.007555591745031045, -0.21223413845651792, -0.12214314618671593, 1.0, 1]",0.0
14.544722222222223,0,0.0006351741036422849,-3.013619447521332e-06,1.1047182862340511e-11,5,"[0.003845678273125777, -0.007559340280378579, -0.21231946574975855, -0.1222090364720991, 1.0, 1]",0.0
14.556111111111111,0,0.0006360376225076882,-3.020303963680284e-06,1.1004740270730718e-11,5,"[0.003849604674469368, -0.007563076680137602, -0.2124045282587511, -0.12227473204302541, 1.0, 1]",0.0
14.5675,0,0.0006368983235105481,-3.026969339318952e-06,1.096242996094958e-11,5,"[0.003853519144452522, -0.007566800996450523, -0.21248932707543525, -0.122340233665949, 1.0, 1]",0.0
14.578888888888889,0,0.000637756218822048,-3.033615643096548e-06,1.0920252244644007e-11,5,"[0.0038574217306226004, -0.007570513281180947, -0.21257386328613917, -0.12240554210355634, 1.0, 1]",0.0
14.590277777777779,0,0.0006386113205480837,-3.0402429433919727e-06,1.0878207417497466e-11,5,"[0.003861312480294173, -0.0075742135859154305, -0.2126581379716141, -0.1224706581147887, 1.0, 1]",0.0
14.601666666666667,0,0.000639463640729676,-3.0468513083049615e-06,1.0836295759526982e-11,5,"[0.0038651914405503623, -0.0075779019619652225, -0.21274215220706857, -0.12253558245486387, 1.0, 1]",0.0
14.613055555555556,0,0.0006403131913433933,-3.0534408056572636e-06,1.0794517535384237e-11,5,"[0.003869058658244187, -0.0075815784603681215, -0.212825907062203, -0.1226003158752985, 1.0, 1]",0.0
14.624444444444444,0,0.0006411599843017564,-3.060011502993754e-06,1.075287299464456e-11,5,"[0.0038729141799998634, -0.007585243131890097, -0.21290940360124222, -0.12266485912392933, 1.0, 1]",0.0
14.635833333333334,0,0.0006420040314536518,-3.066563467583607e-06,1.0711362372094744e-11,5,"[0.0038767580522141433, -0.0075888960270270945, -0.21299264288297057, -0.12272921294493531, 1.0, 1]",0.0
14.647222222222222,0,0.0006428453445847322,-3.0730967664213788e-06,1.0669985888018155e-11,5,"[0.0038805903210575965, -0.007592537196006722, -0.21307562596076352, -0.12279337807885865, 1.0, 1]",0.0
14.658611111111112,0,0.0006436839354178259,-3.07961146622821e-06,1.0628743748469774e-11,5,"[0.003884411032475948, -0.007596166688789972, -0.21315835388262203, -0.12285735526262635, 1.0, 1]",0.0
14.67,0,0.0006445198156133296,-3.086107633452917e-06,1.0587636145547461e-11,5,"[0.003888220232191334, -0.007599784555072906, -0.2132408276912051, -0.12292114522957125, 1.0, 1]",0.0
14.68138888888889,0,0.0006453529967696096,-3.0925853342731103e-06,1.0546663257667922e-11,5,"[0.003892017965703588, -0.00760339084428831, -0.21332304842386166, -0.12298474870945313, 1.0, 1]",0.0
14.692777777777778,0,0.0006461834904233942,-3.099044634596365e-06,1.0505825249820757e-11,5,"[0.0038958042782915297, -0.0076069856056074185, -0.21340501711266374, -0.12304816642847942, 1.0, 1]",0.0
14.704166666666667,0,0.0006470113080501634,-3.105485600061288e-06,1.0465122273837036e-11,5,"[0.0038995792150142298, -0.007610568887941501, -0.21348673478443816, -0.12311139910932625, 1.0, 1]",0.0
14.715555555555556,0,0.0006478364610645378,-3.1119082960386732e-06,1.0424554468638381e-11,5,"[0.0039033428207122345, -0.007614140739943545, -0.21356820246079866, -0.12317444747115858, 1.0, 1]",0.0
14.726944444444445,0,0.000648658960820665,-3.1183127876326017e-06,1.0384121960492466e-11,5,"[0.00390709514000886, -0.007617701210009878, -0.2136494211581773, -0.12323731222965112, 1.0, 1]",0.0
14.738333333333333,0,0.0006494788186125991,-3.1246991396815535e-06,1.0343824863256826e-11,5,"[0.0039108362173114015, -0.0076212503462817875, -0.21373039188785609, -0.12329999409700826, 1.0, 1]",0.0
14.749722222222223,0,0.0006502960456746825,-3.131067416759514e-06,1.0303663278623802e-11,5,"[0.003914566096812368, -0.007624788196647125, -0.2138111156559983, -0.1233624937819845, 1.0, 1]",0.0
14.761111111111111,0,0.0006511106531819213,-3.1374176831770893e-06,1.0263637296356555e-11,5,"[0.003918284822490725, -0.00762831480874189, -0.21389159346367906, -0.1234248119899043, 1.0, 1]",0.0
14.7725,0,0.0006519226522503603,-3.1437500029825976e-06,1.0223746994526561e-11,5,"[0.003921992438113095, -0.007631830229951835, -0.2139718263069169, -0.12348694942268215, 1.0, 1]",0.0
14.783888888888889,0,0.0006527320539374531,-3.1500644399631586e-06,1.0183992439744143e-11,5,"[0.003925688987234967, -0.007635334507414024, -0.2140518151767033, -0.12354890677884223, 1.0, 1]",0.0
14.795277777777779,0,0.0006535388692424311,-3.156361057645807e-06,1.0144373687382786e-11,5,"[0.003929374513201898, -0.007638827688018378, -0.21413156105903405, -0.12361068475353802, 1.0, 1]",0.0
14.806666666666667,0,0.0006543431091066685,-3.162639919298556e-06,1.0104890781806151e-11,5,"[0.00393304905915071, -0.007642309818409248, -0.21421106493493833, -0.12367228403857179, 1.0, 1]",0.0
14.818055555555556,0,0.0006551447844140483,-3.168901087931532e-06,1.0065543756582469e-11,5,"[0.003936712668010675, -0.007645780944986961, -0.21429032778051016, -0.12373370532241423, 1.0, 1]",0.0
14.829444444444444,0,0.0006559439059913181,-3.175144626297985e-06,1.0026332634707257e-11,5,"[0.003940365382504683, -0.007649241113909294, -0.21436935056693637, -0.12379494929022326, 1.0, 1]",0.0
14.840833333333334,0,0.0006567404846084516,-3.1813705968954335e-06,9.987257428808926e-12,5,"[0.003944007245150417, -0.007652690371093033, -0.21444813426052728, -0.12385601662386338, 1.0, 1]",0.0
14.852222222222222,0,0.0006575345309790029,-3.187579061966713e-06,9.948318141360333e-12,5,"[0.00394763829826152, -0.007656128762215486, -0.2145266798227456, -0.12391690800192476, 1.0, 1]",0.0
14.863611111111112,0,0.0006583260557604596,-3.1937700835010617e-06,9.90951476488299e-12,5,"[0.003951258583948748, -0.007659556332715943, -0.21460498821023566, -0.12397762409974183, 1.0, 1]",0.0
14.875,0,0.0006591150695545912,-3.199943723235171e-06,9.87084728214905e-12,5,"[0.003954868144121105, -0.007662973127797164, -0.21468306037485216, -0.12403816558941214, 1.0, 1]",0.0
14.88638888888889,0,0.000659901582907798,-3.2061000426542555e-06,9.832315666381075e-12,5,"[0.003958467020486999, -0.007666379192426872, -0.21476089726368902, -0.12409853313981498, 1.0, 1]",0.0
14.897777777777778,0,0.0006606856063114556,-3.2122391029931174e-06,9.793919881445179e-12,5,"[0.003962055254555367, -0.007669774571339184, -0.21483849981910763, -0.12415872741662974, 1.0, 1]",0.0
14.909166666666668,0,0.00066146715020226,-3.218360965237228e-06,9.755659882042522e-12,5,"[0.0039656328876367915, -0.007673159309036093, -0.2149158689787654, -0.12421874908235453, 1.0, 1]",0.0
14.920555555555556,0,0.000662246224962564,-3.2244656901237567e-06,9.717535613897234e-12,5,"[0.003969199960844636, -0.0076765334497889, -0.21499300567564403, -0.12427859879632405, 1.0, 1]",0.0
14.931944444444445,0,0.0006630228409207148,-3.230553338142603e-06,9.67954701394491e-12,5,"[0.0039727565150961455, -0.0076798970376395995, -0.21506991083807675, -0.12433827721472789, 1.0, 1]",0.0
14.943333333333333,0,0.0006637970083513934,-3.2366239695374992e-06,9.641694010511023e-12,5,"[0.0039763025911135385, -0.007683250116402367, -0.2151465853897766, -0.1243977849906286, 1.0, 1]",0.0
14.954722222222223,0,0.0006645687374759432,-3.2426776443070068e-06,9.603976523492229e-12,5,"[0.003979838229425132, -0.007686592729664926, -0.21522303024986375, -0.1244571227739793, 1.0, 1]",0.0
14.966111111111111,0,0.0006653380384627035,-3.248714422205592e-06,9.566394464530801e-12,5,"[0.003983363470366401, -0.007689924920789964, -0.215299246332893, -0.12451629121164166, 1.0, 1]",0.0
14.977500000000001,0,0.0006661049214273338,-3.254734362744618e-06,9.528947737190662e-12,5,"[0.00398687835408108, -0.0076932467329164965, -0.21537523454888058, -0.12457529094740358, 1.0, 1]",0.0
14.988888888888889,0,0.0006668693964331432,-3.2607375251934264e-06,9.491636237123962e-12,5,"[0.003990382920522218, -0.0076965582089612815, -0.21545099580333138, -0.12463412262199627, 1.0, 1]",0.0
15.000277777777779,0,0.0006676314734914112,-3.2667239685803392e-06,9.454459852239816e-12,5,"[0.003993877209453281, -0.007699859391620151, -0.21552653099726576, -0.12469278687311224, 1.0, 1]",0.0
15.011666666666667,0,0.0006683911625617106,-3.2726937516936843e-06,9.417418462871401e-12,5,"[0.0039973612604491775, -0.007703150323369403, -0.21560184102724592, -0.12475128433542203, 1.0, 1]",0.0
15.023055555555556,0,0.0006691484735522245,-3.278646933082838e-06,9.380511941932188e-12,5,"[0.004000835112897335, -0.007706431046467141, -0.21567692678540198, -0.12480961564059191, 1.0, 1]",0.0
15.034444444444444,0,0.0006699034163200639,-3.2845835710592246e-06,9.343740155079153e-12,5,"[0.004004298805998739, -0.007709701602954599, -0.21575178915945925, -0.12486778141730041, 1.0, 1]",0.0
15.045833333333334,0,0.0006706560006715814,-3.2905037236973315e-06,9.307102960868909e-12,5,"[0.0040077523787689735, -0.0077129620346574924, -0.21582642903276333, -0.12492578229125569, 1.0, 1]",0.0
15.057222222222222,0,0.0006714062363626824,-3.2964074488357215e-06,9.27060021091032e-12,5,"[0.004011195870039261, -0.007716212383187317, -0.21590084728430595, -0.12498361888521199, 1.0, 1]",0.0
15.068611111111112,0,0.000672154133099136,-3.302294804078053e-06,9.234231750014636e-12,5,"[0.004014629318457488, -0.007719452689942677, -0.21597504478875137, -0.12504129181898668, 1.0, 1]",0.0
15.08,0,0.0006728997005368828,-3.3081658467940857e-06,9.197997416344125e-12,5,"[0.004018052762489227, -0.007722682996110585, -0.2160490224164613, -0.12509880170947668, 1.0, 1]",0.0
15.09138888888889,0,0.0006736429482823392,-3.3140206341206565e-06,9.16189704156138e-12,5,"[0.004021466240418747, -0.007725903342667752, -0.21612278103352023, -0.12515614917067505, 1.0, 1]",0.0
15.102777777777778,0,0.000674383885892698,-3.3198592229626795e-06,9.125930450968183e-12,5,"[0.0040248697903500245, -0.007729113770381868, -0.21619632150176077, -0.12521333481368718, 1.0, 1]",0.0
15.114166666666668,0,0.0006751225228762375,-3.325681669994182e-06,9.090097463650413e-12,5,"[0.004028263450207749, -0.007732314319812886, -0.21626964467878895, -0.12527035924674745, 1.0, 1]",0.0
15.125555555555556,0,0.0006758588686926094,-3.3314880316592327e-06,9.05439789261252e-12,5,"[0.004031647257738324, -0.007735505031314272, -0.21634275141800802, -0.12532722307523497, 1.0, 1]",0.0
15.136944444444445,0,0.000676592932753145,-3.3372783641729803e-06,9.018831544917729e-12,5,"[0.004035021250510828, -0.007738685945034275, -0.21641564256864423, -0.12538392690168998, 1.0, 1]",0.0
15.148333333333333,0,0.000677324724421144,-3.34305272352259e-06,8.983398221821472e-12,5,"[0.004038385465918032, -0.007741857100917168, -0.2164883189757707, -0.1254404713258295, 1.0, 1]",0.0
15.159722222222223,0,0.0006780542530121691,-3.3488111654682514e-06,8.948097718901105e-12,5,"[0.004041739941177364, -0.007745018538704482, -0.21656078148033173, -0.12549685694456358, 1.0, 1]",0.0
15.171111111111111,0,0.0006787815277943369,-3.3545537455441563e-06,8.91292982618531e-12,5,"[0.004045084713331865, -0.007748170297936261, -0.21663303091916697, -0.12555308435201076, 1.0, 1]",0.0
15.182500000000001,0,0.0006795065579886055,-3.360280519059453e-06,8.877894328283181e-12,5,"[0.00404841981925117, -0.0077513124179522585, -0.2167050681250358, -0.12560915413951376, 1.0, 1]",0.0
15.193888888888889,0,0.0006802293527690602,-3.3659915410992114e-06,8.84299100450898e-12,5,"[0.004051745295632474, -0.007754444937893137, -0.21677689392664043, -0.12566506689565513, 1.0, 1]",0.0
15.205277777777779,0,0.0006809499212631999,-3.371686866525398e-06,8.808219629005385e-12,5,"[0.0040550611790014564, -0.007757567896701716, -0.21684850914865028, -0.12572082320627256, 1.0, 1]",0.0
15.216666666666667,0,0.0006816682725522184,-3.3773665499778463e-06,8.773579970861514e-12,5,"[0.004058367505713249, -0.007760681333124137, -0.2169199146117248, -0.1257764236544744, 1.0, 1]",0.0
15.228055555555557,0,0.0006823844156712827,-3.383030645875178e-06,8.73907179423494e-12,5,"[0.0040616643119533655, -0.007763785285711044, -0.21699111113253727, -0.1258318688206547, 1.0, 1]",0.0
15.239444444444445,0,0.0006830983596098158,-3.388679208415794e-06,8.704694858467131e-12,5,"[0.004064951633738646, -0.007766879792818796, -0.21706209952379787, -0.1258871592825086, 1.0, 1]",0.0
15.250833333333334,0,0.0006838101133117693,-3.3943122915788103e-06,8.670448918196259e-12,5,"[0.00406822950691818, -0.007769964892610613, -0.2171328805942766, -0.12594229561504705, 1.0, 1]",0.0
15.262222222222222,0,0.000684519685675899,-3.3999299491249814e-06,8.636333723474296e-12,5,"[0.004071497967174224, -0.007773040623057726, -0.21720345514882616, -0.12599727839061212, 1.0, 1]",0.0
15.273611111111112,0,0.0006852270855560387,-3.4055322345976754e-06,8.602349019874701e-12,5,"[0.004074757050023124, -0.007776107021940563, -0.21727382398840467, -0.12605210817889162, 1.0, 1]",0.0
15.285,0,0.0006859323217613691,-3.411119201323794e-06,8.56849454860089e-12,5,"[0.004078006790816222, -0.007779164126849887, -0.21734398791009837, -0.12610678554693389, 1.0, 1]",0.0
15.29638888888889,0,0.0006866354030566889,-3.4166909024147133e-06,8.534770046596398e-12,5,"[0.004081247224740779, -0.007782211975187919, -0.21741394770714378, -0.12616131105916256, 1.0, 1]",0.0
15.307777777777778,0,0.0006873363381626777,-3.4222473907672088e-06,8.501175246644356e-12,5,"[0.004084478386820832, -0.007785250604169474, -0.21748370416895005, -0.126215685277391, 1.0, 1]",0.0
15.319166666666668,0,0.0006880351357561661,-3.42778871906438e-06,8.467709877479927e-12,5,"[0.004087700311918147, -0.007788280050823096, -0.21755325808112122, -0.12626990876083688, 1.0, 1]",0.0
15.330555555555556,0,0.0006887318044703947,-3.4333149397766e-06,8.434373663880065e-12,5,"[0.0040909130347330505, -0.007791300351992161, -0.2176226102254778, -0.12632398206613646, 1.0, 1]",0.0
15.341944444444445,0,0.0006894263528952776,-3.4388261051623937e-06,8.401166326774191e-12,5,"[0.004094116589805348, -0.007794311544335979, -0.21769176138007895, -0.12637790574735894, 1.0, 1]",0.0
15.353333333333333,0,0.0006901187895776604,-3.4443222672693787e-06,8.368087583336382e-12,5,"[0.004097311011515193, -0.00779731366433091, -0.21776071231924404, -0.12643168035602062, 1.0, 1]",0.0
15.364722222222223,0,0.0006908091230215817,-3.449803477935188e-06,8.335137147083904e-12,5,"[0.004100496334083954, -0.007800306748271448, -0.217829463813574, -0.12648530644109907, 1.0, 1]",0.0
15.376111111111111,0,0.0006914973616885229,-3.455269788788356e-06,8.302314727969027e-12,5,"[0.004103672591575082, -0.007803290832271303, -0.21789801662997282, -0.1265387845490471, 1.0, 1]",0.0
15.387500000000001,0,0.0006921835139976679,-3.4607212512492334e-06,8.26962003247643e-12,5,"[0.004106839817894967, -0.007806265952264462, -0.21796637153166887, -0.12659211522380653, 1.0, 1]",0.0
15.398888888888889,0,0.0006928675883261519,-3.4661579165308954e-06,8.237052763710262e-12,5,"[0.004109998046793804, -0.007809232144006292, -0.21803452927823558, -0.12664529900682228, 1.0, 1]",0.0
15.410277777777779,0,0.0006935495930093158,-3.4715798356400322e-06,8.20461262148921e-12,5,"[0.004113147311866448, -0.007812189443074592, -0.21810249062561315, -0.12669833643705614, 1.0, 1]",0.0
15.421666666666667,0,0.00069422953634095,-3.476987059377845e-06,8.172299302428242e-12,5,"[0.004116287646553225, -0.007815137884870607, -0.21817025632612838, -0.12675122805099992, 1.0, 1]",0.0
15.433055555555557,0,0.0006949074265735466,-3.482379638340946e-06,8.140112500029954e-12,5,"[0.004119419084140811, -0.007818077504620144, -0.21823782712851628, -0.12680397438268973, 1.0, 1]",0.0
15.444444444444445,0,0.00069558327191854,-3.4877576229222034e-06,8.108051904771787e-12,5,"[0.004122541657763046, -0.007821008337374537, -0.2183052037779397, -0.12685657596371883, 1.0, 1]",0.0
15.455833333333334,0,0.0006962570805465566,-3.493121063311716e-06,8.076117204180164e-12,5,"[0.004125655400401768, -0.007823930418011753, -0.21837238701601072, -0.12690903332325149, 1.0, 1]",0.0
15.467222222222222,0,0.0006969288605876522,-3.4984700094975967e-06,8.044308082925358e-12,5,"[0.004128760344887634, -0.00782684378123737, -0.2184393775808099, -0.12696134698803604, 1.0, 1]",0.0
15.478611111111112,0,0.0006975986201315526,-3.503804511266889e-06,8.012624222893402e-12,5,"[0.004131856523900935, -0.007829748461585595, -0.2185061762069071, -0.12701351748241824, 1.0, 1]",0.0
15.49,0,0.0006982663672278964,-3.5091246182064763e-06,7.981065303266277e-12,5,"[0.004134943969972433, -0.007832644493420311, -0.21857278362538118, -0.12706554532835415, 1.0, 1]",0.0
15.50138888888889,0,0.0006989321098864669,-3.514430379703874e-06,7.949631000605505e-12,5,"[0.004138022715484134, -0.007835531910936038, -0.21863920056383987, -0.12711743104542353, 1.0, 1]",0.0
15.512777777777778,0,0.0006995958560774316,-3.519721844948159e-06,7.918320988923706e-12,5,"[0.004141092792670115, -0.007838410748158964, -0.21870542774643967, -0.12716917515084272, 1.0, 1]",0.0
15.524166666666666,0,0.000700257613731575,-3.5249990629308175e-06,7.887134939759814e-12,5,"[0.004144154233617323, -0.007841281038947925, -0.218771465893905, -0.12722077815947727, 1.0, 1]",0.0
15.535555555555558,0,0.0007009173907405291,-3.5302620824465805e-06,7.856072522256009e-12,5,"[0.004147207070266348, -0.007844142816995373, -0.21883731572354842, -0.12727224058385506, 1.0, 1]",0.0
15.546944444444446,0,0.0007015751949570069,-3.535510952094311e-06,7.825133403227713e-12,5,"[0.004150251334412244, -0.007846996115828385, -0.21890297794928917, -0.12732356293417899, 1.0, 1]",0.0
15.558333333333334,0,0.0007022310341950293,-3.540745720277833e-06,7.794317247236437e-12,5,"[0.004153287057705291, -0.00784984096880962, -0.21896845328167297, -0.12737474571833937, 1.0, 1]",0.0
15.569722222222222,0,0.0007028849162301548,-3.545966435206794e-06,7.763623716659678e-12,5,"[0.004156314271651769, -0.007852677409138252, -0.21903374242789056, -0.12742578944192684, 1.0, 1]",0.0
15.581111111111113,0,0.0007035368487997029,-3.551173144897493e-06,7.733052471759986e-12,5,"[0.004159333007614754, -0.007855505469850982, -0.21909884609179725, -0.12747669460824454, 1.0, 1]",0.0
15.592500000000001,0,0.0007041868396029807,-3.55636589717376e-06,7.702603170747469e-12,5,"[0.004162343296814865, -0.00785832518382296, -0.21916376497393134, -0.12752746171832072, 1.0, 1]",0.0
15.60388888888889,0,0.0007048348963015051,-3.5615447396677337e-06,7.672275469857858e-12,5,"[0.004165345170331051, -0.007861136583768708, -0.2192284997715329, -0.12757809127092104, 1.0, 1]",0.0
15.615277777777777,0,0.0007054810265192233,-3.566709719820746e-06,7.642069023405086e-12,5,"[0.004168338659101323, -0.007863939702243116, -0.21929305117856243, -0.1276285837625607, 1.0, 1]",0.0
15.626666666666669,0,0.000706125237842736,-3.5718608848841555e-06,7.611983483851339e-12,5,"[0.004171323793923537, -0.007866734571642322, -0.2193574198857194, -0.12767893968751676, 1.0, 1]",0.0
15.638055555555557,0,0.0007067675378215105,-3.5769982819201156e-06,7.582018501872504e-12,5,"[0.004174300605456134, -0.007869521224204647, -0.21942160658046042, -0.12772915953784017, 1.0, 1]",0.0
15.649444444444445,0,0.000707407933968102,-3.5821219578024726e-06,7.552173726412562e-12,5,"[0.004177269124218878, -0.00787229969201153, -0.21948561194701738, -0.12777924380336778, 1.0, 1]",0.0
15.660833333333333,0,0.0007080464337583675,-3.5872319592175364e-06,7.52244880475105e-12,5,"[0.0041802293805936076, -0.00787507000698844, -0.21954943666641602, -0.12782919297173426, 1.0, 1]",0.0
15.672222222222224,0,0.0007086830446316812,-3.592328332664936e-06,7.492843382557964e-12,5,"[0.00418318140482497, -0.007877832200905772, -0.21961308141649327, -0.12787900752838413, 1.0, 1]",0.0
15.683611111111112,0,0.0007093177739911436,-3.5974111244583746e-06,7.463357103957925e-12,5,"[0.004186125227021156, -0.007880586305379739, -0.21967654687191565, -0.12792868795658327, 1.0, 1]",0.0
15.695,0,0.0007099506292037964,-3.6024803807265186e-06,7.433989611577733e-12,5,"[0.004189060877154618, -0.007883332351873303, -0.21973983370419675, -0.12797823473743092, 1.0, 1]",0.0
15.706388888888888,0,0.0007105816176008289,-3.6075361474137224e-06,7.404740546614873e-12,5,"[0.004191988385062808, -0.007886070371697012, -0.21980294258171493, -0.12802764834987115, 1.0, 1]",0.0
15.71777777777778,0,0.00071121074647779,-3.6125784702809083e-06,7.375609548882025e-12,5,"[0.004194907780448889, -0.007888800396009922, -0.2198658741697309, -0.12807692927070463, 1.0, 1]",0.0
15.729166666666668,0,0.0007118380230947926,-3.6176073949063102e-06,7.346596256869829e-12,5,"[0.004197819092882452, -0.007891522455820473, -0.21992862913040506, -0.1281260779745998, 1.0, 1]",0.0
15.740555555555556,0,0.0007124634546767173,-3.622622966686298e-06,7.317700307791861e-12,5,"[0.004200722351800208, -0.007894236581987325, -0.21999120812281453, -0.12817509493410453, 1.0, 1]",0.0
15.751944444444444,0,0.0007130870484134225,-3.6276252308361567e-06,7.288921337648844e-12,5,"[0.004203617586506732, -0.007896942805220266, -0.22005361180297112, -0.12822398061965765, 1.0, 1]",0.0
15.763333333333335,0,0.0007137088114599405,-3.632614232390904e-06,7.260258981264059e-12,5,"[0.004206504826175128, -0.00789964115608104, -0.22011584082383742, -0.12827273549959986, 1.0, 1]",0.0
15.774722222222223,0,0.0007143287509366824,-3.6375900162060246e-06,7.231712872350196e-12,5,"[0.00420938409984775, -0.007902331664984205, -0.2201778958353445, -0.1283213600401851, 1.0, 1]",0.0
15.786111111111111,0,0.0007149468739296377,-3.642552626958313e-06,7.2032826435463674e-12,5,"[0.004212255436436884, -0.007905014362198003, -0.22023977748440826, -0.1283698547055918, 1.0, 1]",0.0
15.7975,0,0.0007155631874905723,-3.6475021091466177e-06,7.174967926472495e-12,5,"[0.0042151188647254366, -0.007907689277845175, -0.22030148641494662, -0.12841821995793384, 1.0, 1]",0.0
15.808888888888891,0,0.0007161776986372267,-3.652438507092624e-06,7.146768351777081e-12,5,"[0.004217974413367628, -0.007910356441903816, -0.220363023267896, -0.1284664562572716, 1.0, 1]",0.0
15.820277777777779,0,0.0007167904143535113,-3.6573618649416292e-06,7.118683549183115e-12,5,"[0.004220822110889661, -0.007913015884208181, -0.2204243886812271, -0.12851456406162287, 1.0, 1]",0.0
15.831666666666667,0,0.0007174013415896996,-3.662272226663304e-06,7.090713147532641e-12,5,"[0.004223661985690401, -0.007915667634449532, -0.22048558328996287, -0.12856254382697388, 1.0, 1]",0.0
15.843055555555555,0,0.0007180104872626266,-3.6671696360524946e-06,7.0628567748332825e-12,5,"[0.004226494066042064, -0.007918311722176974, -0.22054660772619342, -0.12861039600728977, 1.0, 1]",0.0
15.854444444444447,0,0.0007186178582558754,-3.672054136729922e-06,7.0351140583060156e-12,5,"[0.004229318380090861, -0.007920948176798202, -0.22060746261909303, -0.12865812105452565, 1.0, 1]",0.0
15.865833333333335,0,0.0007192234614199702,-3.6769257721430188e-06,7.00748462441722e-12,5,"[0.0042321349558576676, -0.007923577027580403, -0.22066814859493541, -0.12870571941863718, 1.0, 1]",0.0
15.877222222222223,0,0.0007198273035725663,-3.6817845855666137e-06,6.979968098935809e-12,5,"[0.004234943821238707, -0.00792619830365098, -0.22072866627711113, -0.12875319154759104, 1.0, 1]",0.0
15.88861111111111,0,0.0007204293914986378,-3.686630620103733e-06,6.952564106965484e-12,5,"[0.004237745004006166, -0.007928812033998384, -0.22078901628614192, -0.12880053788737567, 1.0, 1]",0.0
15.900000000000002,0,0.0007210297319506662,-3.691463918686342e-06,6.9252722729886854e-12,5,"[0.004240538531808893, -0.007931418247472921, -0.22084919923969737, -0.12884775888201164, 1.0, 1]",0.0
15.91138888888889,0,0.0007216283316488226,-3.696284524076066e-06,6.898092220907947e-12,5,"[0.004243324432173008, -0.007934016972787504, -0.22090921575261066, -0.128894854973562, 1.0, 1]",0.0
15.922777777777778,0,0.0007222251972811549,-3.7010924788649757e-06,6.87102357407945e-12,5,"[0.004246102732502558, -0.007936608238518456, -0.2209690664368939, -0.12894182660214293, 1.0, 1]",0.0
15.934166666666666,0,0.0007228203355037724,-3.7058878254762855e-06,6.84406595536379e-12,5,"[0.004248873460080178, -0.007939192073106295, -0.2210287519017533, -0.1289886742059334, 1.0, 1]",0.0
15.945555555555558,0,0.0007234137529410243,-3.7106706061651314e-06,6.817218987148934e-12,5,"[0.004251636642067696, -0.007941768504856476, -0.2210882727536054, -0.12903539822118615, 1.0, 1]",0.0
15.956944444444446,0,0.0007240054561856834,-3.715440863019261e-06,6.790482291401503e-12,5,"[0.0042543923055067935, -0.007944337561940195, -0.22114762959609158, -0.12908199908223728, 1.0, 1]",0.0
15.968333333333334,0,0.0007245954517991249,-3.720198637959822e-06,6.763855489689727e-12,5,"[0.004257140477319604, -0.007946899272395126, -0.22120682303009365, -0.1291284772215166, 1.0, 1]",0.0
15.979722222222222,0,0.0007251837463115045,-3.7249439727420178e-06,6.7373382032337485e-12,5,"[0.0042598811843093725, -0.00794945366412618, -0.22126585365374893, -0.1291748330695576, 1.0, 1]",0.0
15.991111111111113,0,0.0007257703462219371,-3.7296769089559048e-06,6.7109300529277484e-12,5,"[0.004262614453161057, -0.007952000764906271, -0.22132472206246523, -0.1292210670550074, 1.0, 1]",0.0
16.0025,0,0.0007263552579986714,-3.7343974880270504e-06,6.684630659384512e-12,5,"[0.004265340310441937, -0.007954540602377038, -0.22138342884893544, -0.12926717960463674, 1.0, 1]",0.0
16.01388888888889,0,0.0007269384880792657,-3.7391057512173018e-06,6.658439642961225e-12,5,"[0.00426805878260226, -0.007957073204049616, -0.22144197460315315, -0.12931317114334967, 1.0, 1]",0.0
16.025277777777777,0,0.000727520042870762,-3.743801739625464e-06,6.632356623799334e-12,5,"[0.004270769895975813, -0.007959598597305348, -0.22150035991242634, -0.12935904209419355, 1.0, 1]",0.0
16.03666666666667,0,0.0007280999287498584,-3.748485494188054e-06,6.606381221848795e-12,5,"[0.004273473676780561, -0.007962116809396534, -0.2215585853613926, -0.12940479287836862, 1.0, 1]",0.0
16.048055555555557,0,0.0007286781520630804,-3.7531570556799393e-06,6.580513056913306e-12,5,"[0.004276170151119227, -0.007964627867447147, -0.22161665153203397, -0.12945042391523767, 1.0, 1]",0.0
16.059444444444445,0,0.0007292547191269522,-3.7578164647151387e-06,6.5547517486637e-12,5,"[0.004278859344979916, -0.007967131798453571, -0.2216745590036907, -0.12949593562233586, 1.0, 1]",0.0
16.070833333333333,0,0.0007298296362281648,-3.7624637617474305e-06,6.529096916685817e-12,5,"[0.004281541284236677, -0.007969628629285293, -0.2217323083530759, -0.1295413284153798, 1.0, 1]",0.0
16.082222222222224,0,0.0007304029096237458,-3.7670989870711213e-06,6.503548180499117e-12,5,"[0.004284215994650125, -0.007972118386685649, -0.2217899001542897, -0.12958660270827776, 1.0, 1]",0.0
16.093611111111112,0,0.0007309745455412244,-3.771722180821698e-06,6.4781051595910556e-12,5,"[0.0042868835018680185, -0.007974601097272485, -0.221847334978834, -0.12963175891313833, 1.0, 1]",0.0
16.105,0,0.0007315445501788005,-3.776333382976558e-06,6.452767473444025e-12,5,"[0.004289543831425847, -0.007977076787538931, -0.22190461339562528, -0.12967679744028035, 1.0, 1]",0.0
16.11638888888889,0,0.0007321129297055054,-3.7809326333556617e-06,6.427534741564403e-12,5,"[0.004292197008747402, -0.007979545483854019, -0.2219617359710102, -0.12972171869824192, 1.0, 1]",0.0
16.12777777777778,0,0.0007326796902613714,-3.78551997162226e-06,6.402406583510424e-12,5,"[0.004294843059145378, -0.007982007212463458, -0.22201870326877815, -0.12976652309379003, 1.0, 1]",0.0
16.139166666666668,0,0.0007332448379575895,-3.7900954372835555e-06,6.377382618917352e-12,5,"[0.004297482007821927, -0.007984461999490267, -0.22207551585017596, -0.12981121103192933, 1.0, 1]",0.0
16.150555555555556,0,0.0007338083788766725,-3.7946590696913635e-06,6.352462467528811e-12,5,"[0.004300113879869228, -0.00798690987093547, -0.2221321742739208, -0.12985578291591152, 1.0, 1]",0.0
16.161944444444444,0,0.0007343703190726175,-3.7992109080428397e-06,6.327645749216329e-12,5,"[0.0043027387002700776, -0.007989350852678798, -0.22218867909621473, -0.1299002391472444, 1.0, 1]",0.0
16.173333333333336,0,0.0007349306645710622,-3.8037509913810938e-06,6.3029320840120105e-12,5,"[0.004305356493898435, -0.00799178497047934, -0.2222450308707578, -0.12994458012570093, 1.0, 1]",0.0
16.184722222222224,0,0.0007354894213694481,-3.8082793585959376e-06,6.278321092125596e-12,5,"[0.004307967285519984, -0.007994212249976252, -0.2223012301487613, -0.12998880624932826, 1.0, 1]",0.0
16.19611111111111,0,0.0007360465954371733,-3.8127960484244777e-06,6.253812393976362e-12,5,"[0.004310571099792703, -0.007996632716689376, -0.22235727747896153, -0.13003291791445654, 1.0, 1]",0.0
16.2075,0,0.0007366021927157538,-3.81730109945185e-06,6.229405610211215e-12,5,"[0.004313167961267405, -0.007999046396019956, -0.22241317340763292, -0.13007691551570794, 1.0, 1]",0.0
16.21888888888889,0,0.0007371562191189747,-3.821794550111825e-06,6.20510036173297e-12,5,"[0.004315757894388311, -0.008001453313251253, -0.2224689184786016, -0.13012079944600527, 1.0, 1]",0.0
16.23027777777778,0,0.0007377086805330455,-3.82627643868749e-06,6.180896269719634e-12,5,"[0.004318340923493561, -0.008003853493549212, -0.2225245132332576, -0.13016457009658103, 1.0, 1]",0.0
16.241666666666667,0,0.0007382595828167576,-3.83074680331193e-06,6.1567929556491716e-12,5,"[0.004320917072815802, -0.008006246961963144, -0.2225799582105691, -0.130208227856986, 1.0, 1]",0.0
16.253055555555555,0,0.000738808931801632,-3.835205681968843e-06,6.132790041321372e-12,5,"[0.0043234863664826945, -0.008008633743426332, -0.22263525394709488, -0.13025177311509772, 1.0, 1]",0.0
16.264444444444447,0,0.0007393567332920729,-3.839653112493223e-06,6.1088871488762535e-12,5,"[0.004326048828517479, -0.008011013862756695, -0.22269040097699674, -0.1302952062571295, 1.0, 1]",0.0
16.275833333333335,0,0.0007399029930655175,-3.844089132571976e-06,6.085083900820845e-12,5,"[0.0043286044828394835, -0.008013387344657402, -0.22274539983205302, -0.1303385276676386, 1.0, 1]",0.0
16.287222222222223,0,0.0007404477168725887,-3.848513779744614e-06,6.0613799200446426e-12,5,"[0.004331153353264675, -0.008015754213717561, -0.2228002510416712, -0.13038173772953496, 1.0, 1]",0.0
16.29861111111111,0,0.0007409909104372384,-3.852927091403842e-06,6.0377748298426675e-12,5,"[0.004333695463506191, -0.008018114494412781, -0.2228549551329001, -0.13042483682408965, 1.0, 1]",0.0
16.310000000000002,0,0.0007415325794569012,-3.857329104796252e-06,6.014268253934492e-12,5,"[0.0043362308371748546, -0.008020468211105861, -0.22290951263044317, -0.1304678253309432, 1.0, 1]",0.0
16.32138888888889,0,0.0007420727296026346,-3.861719857022897e-06,5.990859816484607e-12,5,"[0.004338759497779685, -0.008022815388047352, -0.22296392405667026, -0.13051070362811398, 1.0, 1]",0.0
16.33277777777778,0,0.000742611366519271,-3.8660993850399985e-06,5.967549142118399e-12,5,"[0.0043412814687284525, -0.00802515604937623, -0.22301818993163058, -0.13055347209200666, 1.0, 1]",0.0
16.344166666666666,0,0.0007431484958255564,-3.870467725659499e-06,5.944335855944948e-12,5,"[0.004343796773328165, -0.008027490219120453, -0.22307231077306483, -0.1305961310974201, 1.0, 1]",0.0
16.355555555555558,0,0.0007436841231143012,-3.874824915549774e-06,5.9212195835702126e-12,5,"[0.004346305434785596, -0.00802981792119764, -0.22312628709641733, -0.13063868101755594, 1.0, 1]",0.0
16.366944444444446,0,0.0007442182539525189,-3.879170991236201e-06,5.898199951119256e-12,5,"[0.004348807476207791, -0.008032139179415632, -0.22318011941484855, -0.13068112222402667, 1.0, 1]",0.0
16.378333333333334,0,0.0007447508938815678,-3.883505989101787e-06,5.875276585251606e-12,5,"[0.004351302920602564, -0.00803445401747309, -0.2232338082392469, -0.13072345508686364, 1.0, 1]",0.0
16.389722222222222,0,0.0007452820484172935,-3.887829945387803e-06,5.852449113178105e-12,5,"[0.00435379179087903, -0.008036762458960114, -0.22328735407824102, -0.13076567997452512, 1.0, 1]",0.0
16.401111111111113,0,0.00074581172305017,-3.8921428961944035e-06,5.829717162677558e-12,5,"[0.004356274109848082, -0.008039064527358836, -0.22334075743821166, -0.1308077972539046, 1.0, 1]",0.0
16.4125,0,0.000746339923245436,-3.896444877481214e-06,5.807080362114519e-12,5,"[0.004358749900222893, -0.008041360246043995, -0.2233940188233034, -0.1308498072903382, 1.0, 1]",0.0
16.42388888888889,0,0.0007468666544432395,-3.900735925068013e-06,5.784538340449317e-12,5,"[0.004361219184619431, -0.008043649638283558, -0.2234471387354367, -0.13089171044761325, 1.0, 1]",0.0
16.435277777777777,0,0.000747391922058766,-3.905016074635223e-06,5.7620907272631845e-12,5,"[0.004363681985556919, -0.00804593272723925, -0.22350011767431957, -0.1309335070879756, 1.0, 1]",0.0
16.44666666666667,0,0.0007479157314823864,-3.909285361724647e-06,5.73973715276539e-12,5,"[0.004366138325458357, -0.008048209535967197, -0.2235529561374595, -0.13097519757213796, 1.0, 1]",0.0
16.458055555555557,0,0.0007484380880797815,-3.913543821739953e-06,5.717477247812369e-12,5,"[0.004368588226650989, -0.008050480087418441, -0.22360565462017426, -0.1310167822592872, 1.0, 1]",0.0
16.469444444444445,0,0.0007489589971920867,-3.917791489947384e-06,5.695310643917078e-12,5,"[0.004371031711366798, -0.008052744404439564, -0.2236582136156043, -0.13105826150709235, 1.0, 1]",0.0
16.480833333333333,0,0.0007494784641360199,-3.922028401476269e-06,5.6732369732697805e-12,5,"[0.004373468801742977, -0.00805500250977322, -0.223710633614724, -0.13109963567171234, 1.0, 1]",0.0
16.492222222222225,0,0.0007499964942040173,-3.926254591319665e-06,5.651255868746731e-12,5,"[0.004375899519822428, -0.008057254426058718, -0.22376291510635277, -0.13114090510780343, 1.0, 1]",0.0
16.503611111111113,0,0.0007505130926643671,-3.93047009433495e-06,5.6293669639258915e-12,5,"[0.004378323887554208, -0.008059500175832601, -0.22381505857716671, -0.13118207016852704, 1.0, 1]",0.0
16.515,0,0.0007510282647613362,-3.934674945244369e-06,5.6075698931000116e-12,5,"[0.0043807419267940274, -0.008061739781529147, -0.22386706451170926, -0.1312231312055571, 1.0, 1]",0.0
16.52638888888889,0,0.0007515420157153073,-3.938869178635684e-06,5.585864291288364e-12,5,"[0.004383153659304714, -0.008063973265480981, -0.2239189333924035, -0.13126408856908778, 1.0, 1]",0.0
16.53777777777778,0,0.000752054350722904,-3.943052828962715e-06,5.5642497942488415e-12,5,"[0.004385559106756676, -0.008066200649919615, -0.22397066569956225, -0.13130494260784076, 1.0, 1]",0.0
16.549166666666668,0,0.0007525652749571216,-3.947225930545922e-06,5.542726038493882e-12,5,"[0.00438795829072836, -0.008068421956975965, -0.22402226191139923, -0.13134569366907267, 1.0, 1]",0.0
16.560555555555556,0,0.0007530747935674569,-3.951388517573028e-06,5.521292661295376e-12,5,"[0.004390351232706741, -0.00807063720868093, -0.22407372250404062, -0.13138634209858258, 1.0, 1]",0.0
16.571944444444444,0,0.000753582911680034,-3.9555406240995396e-06,5.499949300704939e-12,5,"[0.004392737954087749, -0.008072846426965926, -0.22412504795153573, -0.1314268882407195, 1.0, 1]",0.0
16.583333333333336,0,0.0007540896343977294,-3.959682284049349e-06,5.478695595557213e-12,5,"[0.004395118476176741, -0.008075049633663388, -0.2241762387258672, -0.1314673324383889, 1.0, 1]",0.0
16.594722222222224,0,0.0007545949668003017,-3.96381353121531e-06,5.457531185486104e-12,5,"[0.004397492820188969, -0.008077246850507362, -0.22422729529696292, -0.1315076750330612, 1.0, 1]",0.0
16.60611111111111,0,0.0007550989139445146,-3.967934399259806e-06,5.436455710931711e-12,5,"[0.004399861007250003, -0.008079438099134, -0.2242782181327057, -0.1315479163647778, 1.0, 1]",0.0
16.6175,0,0.0007556014808642603,-3.972044921715282e-06,5.415468813156864e-12,5,"[0.004402223058396201, -0.008081623401082072, -0.22432900769894457, -0.13158805677215893, 1.0, 1]",0.0
16.62888888888889,0,0.000756102672570685,-3.9761451319848734e-06,5.394570134247854e-12,5,"[0.004404578994575148, -0.00808380277779354, -0.22437966445950516, -0.13162809659241057, 1.0, 1]",0.0
16.64027777777778,0,0.0007566024940523106,-3.9802350633428945e-06,5.373759317135523e-12,5,"[0.0044069288366461075, -0.008085976250614033, -0.2244301888762002, -0.1316680361613314, 1.0, 1]",0.0
16.651666666666667,0,0.0007571009502751567,-3.984314748935458e-06,5.353036005594488e-12,5,"[0.004409272605380444, -0.00808814384079339, -0.22448058140883992, -0.13170787581332033, 1.0, 1]",0.0
16.663055555555555,0,0.0007575980461828635,-3.9883842217810025e-06,5.332399844260152e-12,5,"[0.0044116103214620886, -0.008090305569486174, -0.2245308425152428, -0.13174761588138284, 1.0, 1]",0.0
16.674444444444447,0,0.0007580937866968087,-3.992443514770842e-06,5.31185047863294e-12,5,"[0.004413942005487953, -0.00809246145775215, -0.2245809726512453, -0.1317872566971384, 1.0, 1]",0.0
16.685833333333335,0,0.0007585881767162296,-3.99649266066972e-06,5.291387555090505e-12,5,"[0.004416267677968376, -0.008094611526556841, -0.2246309722707126, -0.1318267985908271, 1.0, 1]",0.0
16.697222222222223,0,0.0007590812211183426,-4.000531692116364e-06,5.271010720896408e-12,5,"[0.004418587359327543, -0.008096755796772, -0.22468084182554868, -0.13186624189131682, 1.0, 1]",0.0
16.70861111111111,0,0.0007595729247584606,-4.004560641624047e-06,5.250719624203327e-12,5,"[0.004420901069903932, -0.008098894289176116, -0.22473058176570626, -0.13190558692610982, 1.0, 1]",0.0
16.720000000000002,0,0.0007600632924701106,-4.008579541581097e-06,5.230513914068979e-12,5,"[0.004423208829950732, -0.008101027024454933, -0.2247801925391976, -0.13194483402134977, 1.0, 1]",0.0
16.73138888888889,0,0.0007605523290651496,-4.01258842425146e-06,5.210393240458187e-12,5,"[0.004425510659636251, -0.008103154023201924, -0.22482967459210337, -0.13198398350182822, 1.0, 1]",0.0
16.74277777777778,0,0.0007610400393338812,-4.01658732177523e-06,5.190357254252705e-12,5,"[0.00442780657904437, -0.00810527530591878, -0.2248790283685836, -0.13202303569099155, 1.0, 1]",0.0
16.754166666666666,0,0.0007615264280451721,-4.020576266169183e-06,5.170405607261607e-12,5,"[0.0044300966081749285, -0.008107390893015914, -0.22492825431088712, -0.13206199091094756, 1.0, 1]",0.0
16.765555555555558,0,0.0007620114999465656,-4.024555289327339e-06,5.150537952221392e-12,5,"[0.0044323807669441675, -0.00810950080481295, -0.2249773528593616, -0.13210084948247217, 1.0, 1]",0.0
16.776944444444446,0,0.0007624952597643946,-4.028524423021444e-06,5.130753942810356e-12,5,"[0.0044346590751851295, -0.008111605061539184, -0.22502632445246326, -0.1321396117250159, 1.0, 1]",0.0
16.788333333333334,0,0.000762977712203897,-4.032483698901541e-06,5.111053233652004e-12,5,"[0.004436931552648071, -0.008113703683334098, -0.22507516952676623, -0.13217827795671053, 1.0, 1]",0.0
16.799722222222222,0,0.0007634588619493251,-4.036433148496472e-06,5.091435480320995e-12,5,"[0.00443919821900088, -0.008115796690247788, -0.2251238885169731, -0.13221684849437573, 1.0, 1]",0.0
16.811111111111114,0,0.0007639387136640609,-4.040372803214421e-06,5.071900339350639e-12,5,"[0.004441459093829487, -0.008117884102241494, -0.22517248185592373, -0.13225532365352533, 1.0, 1]",0.0
16.8225,0,0.0007644172719907241,-4.044302694343398e-06,5.052447468243805e-12,5,"[0.004443714196638236, -0.008119965939188022, -0.2252209499746052, -0.13229370374837374, 1.0, 1]",0.0
16.83388888888889,0,0.0007648945415512862,-4.048222853051832e-06,5.033076525468319e-12,5,"[0.004445963546850337, -0.008122042220872261, -0.22526929330216086, -0.1323319890918428, 1.0, 1]",0.0
16.845277777777778,0,0.0007653705269471746,-4.052133310389e-06,5.013787170470976e-12,5,"[0.004448207163808233, -0.008124112966991606, -0.2253175122659004, -0.1323701799955677, 1.0, 1]",0.0
16.85666666666667,0,0.000765845232759387,-4.056034097285592e-06,4.9945790636845196e-12,5,"[0.004450445066774013, -0.008126178197156433, -0.2253656072913091, -0.13240827676990347, 1.0, 1]",0.0
16.868055555555557,0,0.0007663186635485987,-4.059925244554237e-06,4.975451866525364e-12,5,"[0.004452677274929796, -0.008128237930890592, -0.22541357880205654, -0.13244627972393136, 1.0, 1]",0.0
16.879444444444445,0,0.0007667908238552654,-4.063806782889946e-06,4.956405241406782e-12,5,"[0.004454903807378127, -0.008130292187631782, -0.22546142722000653, -0.13248418916546487, 1.0, 1]",0.0
16.890833333333333,0,0.0007672617181997383,-4.067678742870709e-06,4.937438851737452e-12,5,"[0.004457124683142383, -0.008132340986732114, -0.22550915296522608, -0.13252200540105644, 1.0, 1]",0.0
16.902222222222225,0,0.0007677313510823637,-4.071541154957919e-06,4.918552361932682e-12,5,"[0.004459339921167144, -0.008134384347458477, -0.2255567564559948, -0.13255972873600314, 1.0, 1]",0.0
16.913611111111113,0,0.0007681997269835915,-4.075394049496918e-06,4.899745437414819e-12,5,"[0.0044615495403185915, -0.008136422288993011, -0.22560423810881342, -0.13259735947435305, 1.0, 1]",0.0
16.925,0,0.0007686668503640823,-4.079237456717511e-06,4.881017744618009e-12,5,"[0.004463753559384884, -0.008138454830433592, -0.22565159833841356, -0.13263489791891173, 1.0, 1]",0.0
16.93638888888889,0,0.0007691327256648074,-4.083071406734415e-06,4.8623689509960505e-12,5,"[0.004465951997076553, -0.008140481990794205, -0.2256988375577663, -0.1326723443712475, 1.0, 1]",0.0
16.94777777777778,0,0.0007695973573071541,-4.0868959295477836e-06,4.843798725022658e-12,5,"[0.004468144872026863, -0.00814250378900543, -0.22574595617809112, -0.13270969913169833, 1.0, 1]",0.0
16.95916666666667,0,0.0007700607496930327,-4.090711055043717e-06,4.825306736199058e-12,5,"[0.004470332202792214, -0.008144520243914889, -0.22579295460886503, -0.13274696249937726, 1.0, 1]",0.0
16.970555555555556,0,0.0007705229072049722,-4.0945168129947215e-06,4.806892655052337e-12,5,"[0.004472514007852499, -0.008146531374287641, -0.22583983325783127, -0.1327841347721788, 1.0, 1]",0.0
16.981944444444444,0,0.0007709838342062288,-4.098313233060213e-06,4.788556153148933e-12,5,"[0.004474690305611482, -0.008148537198806642, -0.225886592531008, -0.1328212162467846, 1.0, 1]",0.0
16.993333333333332,0,0.0007714435350408827,-4.102100344787012e-06,4.7702969030874e-12,5,"[0.004476861114397186, -0.00815053773607318, -0.22593323283269728, -0.1328582072186697, 1.0, 1]",0.0
17.004722222222224,0,0.0007719020140339414,-4.105878177609818e-06,4.752114578508797e-12,5,"[0.004479026452462232, -0.008152533004607276, -0.2259797545654936, -0.13289510798210794, 1.0, 1]",0.0
17.016111111111112,0,0.0007723592754914372,-4.109646760851679e-06,4.734008854099428e-12,5,"[0.004481186337984232, -0.008154523022848135, -0.22602615813029234, -0.13293191883017813, 1.0, 1]",0.0
17.0275,0,0.0007728153237005281,-4.113406123724493e-06,4.715979405591053e-12,5,"[0.0044833407890661455, -0.008156507809154542, -0.22607244392629885, -0.13296864005476988, 1.0, 1]",0.0
17.038888888888888,0,0.000773270162929599,-4.117156295329499e-06,4.698025909765793e-12,5,"[0.004485489823736652, -0.008158487381805322, -0.22611861235103642, -0.1330052719465894, 1.0, 1]",0.0
17.05027777777778,0,0.0007737237974283534,-4.120897304657694e-06,4.680148044459806e-12,5,"[0.004487633459950492, -0.008160461758999695, -0.22616466380035538, -0.13304181479516494, 1.0, 1]",0.0
17.061666666666667,0,0.0007741762314279198,-4.1246291805903835e-06,4.662345488565508e-12,5,"[0.004489771715588852, -0.008162430958857762, -0.22621059866844076, -0.133078268888853, 1.0, 1]",0.0
17.073055555555555,0,0.0007746274691409401,-4.128351951899586e-06,4.6446179220328115e-12,5,"[0.004491904608459696, -0.008164394999420857, -0.22625641734782137, -0.13311463451484357, 1.0, 1]",0.0
17.084444444444443,0,0.0007750775147616725,-4.132065647248554e-06,4.626965025872284e-12,5,"[0.004494032156298149, -0.00816635389865199, -0.2263021202293777, -0.13315091195916612, 1.0, 1]",0.0
17.095833333333335,0,0.0007755263724660845,-4.1357702951922026e-06,4.6093864821609345e-12,5,"[0.0044961543767668265, -0.008168307674436251, -0.22634770770235063, -0.133187101506695, 1.0, 1]",0.0
17.107222222222223,0,0.0007759740464119466,-4.139465924177587e-06,4.591881974038285e-12,5,"[0.004498271287456193, -0.008170256344581187, -0.226393180154349, -0.13322320344115504, 1.0, 1]",0.0
17.11861111111111,0,0.0007764205407389317,-4.1431525625443805e-06,4.574451185714075e-12,5,"[0.004500382905884929, -0.008172199926817251, -0.22643853797135852, -0.13325921804512741, 1.0, 1]",0.0
17.13,0,0.0007768658595687049,-4.146830238525314e-06,4.557093802467174e-12,5,"[0.00450248924950025, -0.008174138438798152, -0.22648378153774945, -0.13329514560005465, 1.0, 1]",0.0
17.14138888888889,0,0.0007773100070050186,-4.150498980246649e-06,4.539809510646669e-12,5,"[0.004504590335678271, -0.008176071898101286, -0.2265289112362848, -0.1333309863862467, 1.0, 1]",0.0
17.15277777777778,0,0.000777752987133806,-4.154158815728616e-06,4.522597997679256e-12,5,"[0.004506686181724349, -0.008178000322228126, -0.22657392744812874, -0.13336674068288604, 1.0, 1]",0.0
17.164166666666667,0,0.0007781948040232735,-4.157809772885904e-06,4.505458952062313e-12,5,"[0.004508776804873412, -0.0081799237286046, -0.2266188305528536, -0.13340240876803305, 1.0, 1]",0.0
17.175555555555555,0,0.000778635461723992,-4.161451879528072e-06,4.488392063373206e-12,5,"[0.00451086222229032, -0.008181842134581502, -0.2266636209284494, -0.13343799091863173, 1.0, 1]",0.0
17.186944444444446,0,0.0007790749642689861,-4.165085163360007e-06,4.471397022266549e-12,5,"[0.004512942451070179, -0.008183755557434832, -0.22670829895133013, -0.13347348741051485, 1.0, 1]",0.0
17.198333333333334,0,0.000779513315673832,-4.1687096519824125e-06,4.4544735204775626e-12,5,"[0.004515017508238709, -0.008185664014366273, -0.22675286499634256, -0.13350889851840944, 1.0, 1]",0.0
17.209722222222222,0,0.0007799505199367377,-4.172325372892199e-06,4.437621250819078e-12,5,"[0.00451708741075253, -0.00818756752250347, -0.22679731943677384, -0.13354422451594175, 1.0, 1]",0.0
17.22111111111111,0,0.0007803865810386416,-4.175932353482966e-06,4.420839907189601e-12,5,"[0.004519152175499544, -0.008189466098900483, -0.22684166264435923, -0.13357946567564322, 1.0, 1]",0.0
17.2325,0,0.0007808215029432953,-4.179530621045417e-06,4.404129184569073e-12,5,"[0.00452121181929925, -0.008191359760538123, -0.22688589498929004, -0.13361462226895504, 1.0, 1]",0.0
17.24388888888889,0,0.000781255289597357,-4.183120202767824e-06,4.3874887790215575e-12,5,"[0.004523266358903049, -0.008193248524324365, -0.22693001684022077, -0.1336496945662337, 1.0, 1]",0.0
17.255277777777778,0,0.0007816879449304768,-4.1867011257364696e-06,4.370918387693382e-12,5,"[0.004525315810994604, -0.00819513240709471, -0.2269740285642773, -0.13368468283675625, 1.0, 1]",0.0
17.266666666666666,0,0.0007821194728553835,-4.190273416936024e-06,4.3544177088213035e-12,5,"[0.0045273601921901425, -0.008197011425612506, -0.22701793052706445, -0.13371958734872524, 1.0, 1]",0.0
17.278055555555557,0,0.0007825498772679748,-4.193837103250069e-06,4.337986441722895e-12,5,"[0.004529399519038794, -0.008198885596569408, -0.22706172309267306, -0.1337544083692741, 1.0, 1]",0.0
17.289444444444445,0,0.000782979162047402,-4.197392211461458e-06,4.321624286805954e-12,5,"[0.004531433808022902, -0.008200754936585682, -0.2271054066236879, -0.1337891461644721, 1.0, 1]",0.0
17.300833333333333,0,0.0007834073310561537,-4.20093876825277e-06,4.30533094556302e-12,5,"[0.004533463075558352, -0.008202619462210577, -0.2271489814811951, -0.13382380099932933, 1.0, 1]",0.0
17.31222222222222,0,0.0007838343881401467,-4.20447680020676e-06,4.289106120573859e-12,5,"[0.00453548733799488, -0.008204479189922715, -0.22719244802478925, -0.13385837313780222, 1.0, 1]",0.0
17.323611111111113,0,0.0007842603371288071,-4.208006333806749e-06,4.272949515507531e-12,5,"[0.004537506611616399, -0.008206334136130434, -0.22723580661258144, -0.13389286284279797, 1.0, 1]",0.0
17.335,0,0.0007846851818351526,-4.211527395437045e-06,4.256860835120115e-12,5,"[0.0045395209126413046, -0.008208184317172117, -0.22727905760120568, -0.1339272703761798, 1.0, 1]",0.0
17.34638888888889,0,0.0007851089260558842,-4.215040011383422e-06,4.2408397852545005e-12,5,"[0.0045415302572227945, -0.008210029749316623, -0.22732220134582698, -0.13396159599877222, 1.0, 1]",0.0
17.357777777777777,0,0.0007855315735714616,-4.21854420783347e-06,4.224886072842975e-12,5,"[0.004543534661449175, -0.008211870448763566, -0.2273652382001482, -0.13399583997036538, 1.0, 1]",0.0
17.36916666666667,0,0.0007859531281461894,-4.222040010877055e-06,4.208999405902155e-12,5,"[0.004545534141344171, -0.0082137064316437, -0.2274081685164175, -0.13403000254972042, 1.0, 1]",0.0
17.380555555555556,0,0.000786373593528302,-4.22552744650672e-06,4.193179493541882e-12,5,"[0.004547528712867242, -0.008215537714019292, -0.22745099264543506, -0.1340640839945744, 1.0, 1]",0.0
17.391944444444444,0,0.0007867929734500408,-4.229006540618108e-06,4.177426045953844e-12,5,"[0.004549518391913864, -0.008217364311884417, -0.22749371093656073, -0.1340980845616447, 1.0, 1]",0.0
17.403333333333332,0,0.0007872112716277401,-4.232477319010376e-06,4.161738774418713e-12,5,"[0.004551503194315878, -0.008219186241165357, -0.22753632373772084, -0.13413200450663443, 1.0, 1]",0.0
17.414722222222224,0,0.0007876284917619037,-4.23593980738657e-06,4.1461173913059386e-12,5,"[0.004553483135841736, -0.00822100351772089, -0.22757883139541518, -0.1341658440842367, 1.0, 1]",0.0
17.426111111111112,0,0.0007880446375372913,-4.2393940313541035e-06,4.130561610067852e-12,5,"[0.004555458232196855, -0.008222816157342702, -0.22762123425472439, -0.1341996035481399, 1.0, 1]",0.0
17.4375,0,0.0007884597126229918,-4.242840016425093e-06,4.115071145243079e-12,5,"[0.004557428499023875, -0.008224624175755658, -0.2276635326593161, -0.13423328315103206, 1.0, 1]",0.0
17.448888888888888,0,0.0007888737206725078,-4.246277788016803e-06,4.099645712456438e-12,5,"[0.004559393951902982, -0.00822642758861818, -0.22770572695145305, -0.13426688314460586, 1.0, 1]",0.0
17.46027777777778,0,0.0007892866653238335,-4.2497073714520385e-06,4.0842850284169746e-12,5,"[0.004561354606352203, -0.008228226411522575, -0.22774781747199893, -0.134300403779563, 1.0, 1]",0.0
17.471666666666668,0,0.000789698550199533,-4.253128791959552e-06,4.068988810916512e-12,5,"[0.004563310477827677, -0.008230020659995368, -0.22778980456042558, -0.1343338453056194, 1.0, 1]",0.0
17.483055555555556,0,0.0007901093789068163,-4.256542074674424e-06,4.053756778828311e-12,5,"[0.00456526158172398, -0.008231810349497616, -0.22783168855482006, -0.1343672079715092, 1.0, 1]",0.0
17.494444444444444,0,0.0007905191550376225,-4.259947244638492e-06,4.038588652110064e-12,5,"[0.0045672079333743945, -0.008233595495425284, -0.22787346979189094, -0.13440049202498994, 1.0, 1]",0.0
17.505833333333335,0,0.0007909278821686919,-4.263344326800708e-06,4.02348415179997e-12,5,"[0.004569149548051209, -0.008235376113109519, -0.22791514860697562, -0.1344336977128469, 1.0, 1]",0.0
17.517222222222223,0,0.0007913355638616445,-4.266733346017564e-06,4.008443000014767e-12,5,"[0.004571086440965994, -0.008237152217817015, -0.22795672533404623, -0.13446682528089762, 1.0, 1]",0.0
17.52861111111111,0,0.0007917422036630577,-4.27011432705347e-06,3.99346491995087e-12,5,"[0.004573018627269907, -0.008238923824750314, -0.22799820030571694, -0.1344998749739966, 1.0, 1]",0.0
17.54,0,0.0007921478051045408,-4.27348729458115e-06,3.978549635881995e-12,5,"[0.004574946122053958, -0.008240690949048153, -0.22803957385325027, -0.13453284703603985, 1.0, 1]",0.0
17.55138888888889,0,0.0007925523717028106,-4.276852273182024e-06,3.963696873158949e-12,5,"[0.004576868940349313, -0.008242453605785762, -0.22808084630656403, -0.13456574170996927, 1.0, 1]",0.0
17.56277777777778,0,0.0007929559069597662,-4.28020928734659e-06,3.948906358206944e-12,5,"[0.004578787097127554, -0.008244211809975184, -0.2281220179942372, -0.13459855923777694, 1.0, 1]",0.0
17.574166666666667,0,0.0007933584143625644,-4.2835583614748196e-06,3.9341778185270436e-12,5,"[0.004580700607300981, -0.008245965576565602, -0.2281630892435171, -0.13463129986051017, 1.0, 1]",0.0
17.585555555555555,0,0.0007937598973836943,-4.286899519876546e-06,3.9195109826912e-12,5,"[0.004582609485722871, -0.008247714920443664, -0.2282040603803254, -0.13466396381827528, 1.0, 1]",0.0
17.596944444444446,0,0.0007941603594810483,-4.290232786771821e-06,3.9049055803433925e-12,5,"[0.004584513747187776, -0.008249459856433754, -0.22824493172926485, -0.1346965513502424, 1.0, 1]",0.0
17.608333333333334,0,0.000794559804097999,-4.293558186291323e-06,3.890361342196936e-12,5,"[0.004586413406431772, -0.008251200399298362, -0.2282857036136252, -0.13472906269464954, 1.0, 1]",0.0
17.619722222222222,0,0.0007949582346634693,-4.296875742476711e-06,3.8758780000344854e-12,5,"[0.004588308478132757, -0.00825293656373834, -0.22832637635539058, -0.1347614980888074, 1.0, 1]",0.0
17.63111111111111,0,0.0007953556545920073,-4.3001854792810314e-06,3.861455286702655e-12,5,"[0.00459019897691072, -0.008254668364393248, -0.2283669502752443, -0.13479385776910321, 1.0, 1]",0.0
17.642500000000002,0,0.000795752067283855,-4.303487420569039e-06,3.847092936118121e-12,5,"[0.0045920849173280015, -0.008256395815841642, -0.22840742569257655, -0.1348261419710053, 1.0, 1]",0.0
17.65388888888889,0,0.0007961474761250224,-4.306781590117632e-06,3.832790683255215e-12,5,"[0.004593966313889564, -0.008258118932601368, -0.22844780292549008, -0.13485835092906745, 1.0, 1]",0.0
17.665277777777778,0,0.0007965418844873593,-4.310068011616182e-06,3.818548264154191e-12,5,"[0.004595843181043281, -0.008259837729129905, -0.22848808229080594, -0.13489048487693286, 1.0, 1]",0.0
17.676666666666666,0,0.0007969352957286242,-4.313346708666913e-06,3.8043654159151315e-12,5,"[0.0045977155331801784, -0.008261552219824607, -0.22852826410407043, -0.13492254404733864, 1.0, 1]",0.0
17.688055555555557,0,0.0007973277131925538,-4.316617704785271e-06,3.790241876693186e-12,5,"[0.0045995833846347095, -0.008263262419023048, -0.22856834867956108, -0.13495452867212002, 1.0, 1]",0.0
17.699444444444445,0,0.000797719140208937,-4.319881023400297e-06,3.776177385703019e-12,5,"[0.0046014467496850245, -0.00826496834100331, -0.22860833633029237, -0.1349864389822143, 1.0, 1]",0.0
17.710833333333333,0,0.0007981095800936797,-4.32313668785497e-06,3.7621716832121935e-12,5,"[0.004603305642553227, -0.00826666999998426, -0.22864822736802207, -0.13501827520766532, 1.0, 1]",0.0
17.72222222222222,0,0.0007984990361488776,-4.326384721406591e-06,3.748224510541996e-12,5,"[0.004605160077405636, -0.008268367410125857, -0.22868802210325753, -0.13505003757762746, 1.0, 1]",0.0
17.733611111111113,0,0.0007988875116628822,-4.329625147227127e-06,3.734335610064027e-12,5,"[0.004607010068353051, -0.008270060585529454, -0.22872772084526105, -0.13508172632036974, 1.0, 1]",0.0
17.745,0,0.0007992750099103724,-4.332857988403599e-06,3.720504725196889e-12,5,"[0.004608855629451001, -0.00827174954023807, -0.22876732390205648, -0.13511334166327998, 1.0, 1]",0.0
17.75638888888889,0,0.0007996615341524186,-4.336083267938396e-06,3.706731600407638e-12,5,"[0.004610696774700007, -0.008273434288236688, -0.22880683158043474, -0.1351448838328688, 1.0, 1]",0.0
17.767777777777777,0,0.0008000470876365524,-4.339301008749659e-06,3.693015981207437e-12,5,"[0.004612533518045849, -0.00827511484345254, -0.22884624418596033, -0.1351763530547738, 1.0, 1]",0.0
17.77916666666667,0,0.0008004316735968348,-4.342511233671639e-06,3.679357614149698e-12,5,"[0.004614365873379779, -0.008276791219755391, -0.22888556202297605, -0.13520774955376352, 1.0, 1]",0.0
17.790555555555557,0,0.0008008152952539196,-4.345713965455025e-06,3.665756246827494e-12,5,"[0.004616193854538843, -0.008278463430957821, -0.2289247853946102, -0.13523907355374143, 1.0, 1]",0.0
17.801944444444445,0,0.0008011979558151242,-4.348909226767322e-06,3.652211627874079e-12,5,"[0.004618017475306062, -0.008280131490815518, -0.22896391460278154, -0.13527032527775, 1.0, 1]",0.0
17.813333333333333,0,0.0008015796584744915,-4.3520970401931875e-06,3.638723506954718e-12,5,"[0.0046198367494107275, -0.008281795413027551, -0.22900294994820497, -0.13530150494797455, 1.0, 1]",0.0
17.824722222222224,0,0.0008019604064128582,-4.355277428234774e-06,3.625291634771856e-12,5,"[0.00462165169052863, -0.008283455211236643, -0.2290418917303981, -0.13533261278574735, 1.0, 1]",0.0
17.836111111111112,0,0.0008023402027979185,-4.3584504133120786e-06,3.6119157630577796e-12,5,"[0.004623462312282324, -0.00828511089902945, -0.22908074024768632, -0.13536364901155143, 1.0, 1]",0.0
17.8475,0,0.0008027190507842903,-4.361616017763307e-06,3.598595644571719e-12,5,"[0.004625268628241345, -0.008286762489936863, -0.22911949579720833, -0.1353946138450246, 1.0, 1]",0.0
17.858888888888888,0,0.0008030969535135787,-4.364774263845169e-06,3.5853310331052256e-12,5,"[0.004627070651922491, -0.008288409997434227, -0.22915815867492237, -0.13542550750496313, 1.0, 1]",0.0
17.87027777777778,0,0.0008034739141144405,-4.3679251737332805e-06,3.57212168346687e-12,5,"[0.004628868396790038, -0.008290053434941672, -0.22919672917561143, -0.13545633020932582, 1.0, 1]",0.0
17.881666666666668,0,0.0008038499357026485,-4.371068769522458e-06,3.558967351492478e-12,5,"[0.004630661876255991, -0.008291692815824347, -0.2292352075928889, -0.13548708217523783, 1.0, 1]",0.0
17.893055555555556,0,0.0008042250213811534,-4.374205073227068e-06,3.545867794034686e-12,5,"[0.004632451103680325, -0.008293328153392702, -0.2292735942192042, -0.13551776361899437, 1.0, 1]",0.0
17.904444444444444,0,0.0008045991742401484,-4.377334106781372e-06,3.5328227689642875e-12,5,"[0.004634236092371234, -0.00829495946090276, -0.2293118893458485, -0.13554837475606463, 1.0, 1]",0.0
17.915833333333335,0,0.0008049723973571313,-4.380455892039858e-06,3.5198320351655783e-12,5,"[0.004636016855585359, -0.008296586751556364, -0.22935009326295966, -0.1355789158010954, 1.0, 1]",0.0
17.927222222222223,0,0.0008053446937969668,-4.383570450777574e-06,3.506895352534393e-12,5,"[0.004637793406528012, -0.008298210038501478, -0.22938820625952824, -0.1356093869679152, 1.0, 1]",0.0
17.93861111111111,0,0.0008057160666119483,-4.386677804690455e-06,3.4940124819765538e-12,5,"[0.004639565758353455, -0.00829982933483241, -0.22942622862340262, -0.13563978846953745, 1.0, 1]",0.0
17.95,0,0.0008060865188418602,-4.389777975395654e-06,3.4811831854062158e-12,5,"[0.004641333924165084, -0.008301444653590092, -0.22946416064129466, -0.13567012051816474, 1.0, 1]",0.0
17.96138888888889,0,0.0008064560535140377,-4.392870984431881e-06,3.468407225738216e-12,5,"[0.004643097917015691, -0.008303056007762358, -0.22950200259878467, -0.1357003833251922, 1.0, 1]",0.0
17.97277777777778,0,0.00080682467364343,-4.395956853259719e-06,3.4556843668927263e-12,5,"[0.004644857749907698, -0.008304663410284163, -0.22953975478032745, -0.1357305771012114, 1.0, 1]",0.0
17.984166666666667,0,0.000807192382232658,-4.399035603261957e-06,3.4430143737850163e-12,5,"[0.0046466134357933744, -0.008306266874037873, -0.2295774174692566, -0.13576070205601365, 1.0, 1]",0.0
17.995555555555555,0,0.0008075591822720778,-4.402107255743912e-06,3.430397012329797e-12,5,"[0.004648364987575073, -0.008307866411853512, -0.22961499094779073, -0.13579075839859425, 1.0, 1]",0.0
18.006944444444446,0,0.000807925076739838,-4.405171831933751e-06,3.4178320494348096e-12,5,"[0.00465011241810546, -0.00830946203650902, -0.22965247549703854, -0.13582074633715555, 1.0, 1]",0.0
18.018333333333334,0,0.0008082900686019395,-4.408229352982815e-06,3.4053192529955524e-12,5,"[0.004651855740187744, -0.008311053760730484, -0.2296898713970034, -0.1358506660791107, 1.0, 1]",0.0
18.029722222222222,0,0.0008086541608122955,-4.4112798399659325e-06,3.392858391898486e-12,5,"[0.004653594966575891, -0.008312641597192425, -0.22972717892658914, -0.13588051783108737, 1.0, 1]",0.0
18.04111111111111,0,0.0008090173563127916,-4.414323313881751e-06,3.3804492360162773e-12,5,"[0.0046553301099748635, -0.008314225558518016, -0.22976439836360554, -0.13591030179893146, 1.0, 1]",0.0
18.052500000000002,0,0.0008093796580333416,-4.4173597956530355e-06,3.368091556202422e-12,5,"[0.004657061183040839, -0.008315805657279352, -0.22980152998477263, -0.13594001818771012, 1.0, 1]",0.0
18.06388888888889,0,0.0008097410688919482,-4.420389306127017e-06,3.355785124289695e-12,5,"[0.0046587881983814325, -0.008317381905997704, -0.2298385740657262, -0.1359696672017158, 1.0, 1]",0.0
18.075277777777778,0,0.0008101015917947571,-4.423411866075647e-06,3.343529713089736e-12,5,"[0.004660511168555903, -0.008318954317143721, -0.22987553088102297, -0.13599924904446947, 1.0, 1]",0.0
18.086666666666666,0,0.0008104612296361204,-4.426427496195983e-06,3.3313250963874653e-12,5,"[0.00466223010607541, -0.008320522903137716, -0.2299124007041458, -0.13602876391872423, 1.0, 1]",0.0
18.098055555555558,0,0.0008108199852986486,-4.429436217110452e-06,3.3191710489377766e-12,5,"[0.004663945023403194, -0.008322087676349918, -0.22994918380750823, -0.1360582120264687, 1.0, 1]",0.0
18.109444444444446,0,0.0008111778616532701,-4.432438049367171e-06,3.307067346465743e-12,5,"[0.004665655932954817, -0.008323648649100669, -0.22998588046245982, -0.13608759356893066, 1.0, 1]",0.0
18.120833333333334,0,0.0008115348615592871,-4.435433013440257e-06,3.295013765662067e-12,5,"[0.004667362847098377, -0.008325205833660702, -0.23002249093929106, -0.13611690874658028, 1.0, 1]",0.0
18.13222222222222,0,0.0008118909878644319,-4.438421129730138e-06,3.2830100841796698e-12,5,"[0.004669065778154705, -0.008326759242251363, -0.23005901550723837, -0.1361461577591336, 1.0, 1]",0.0
18.143611111111113,0,0.0008122462434049235,-4.44140241856386e-06,3.271056080630381e-12,5,"[0.004670764738397616, -0.008328308887044859, -0.23009545443448898, -0.13617534080555602, 1.0, 1]",0.0
18.155,0,0.0008126006310055207,-4.444376900195367e-06,3.2591515345848366e-12,5,"[0.004672459740054083, -0.008329854780164476, -0.2301318079881858, -0.1362044580840655, 1.0, 1]",0.0
18.16638888888889,0,0.0008129541534795818,-4.447344594805845e-06,3.247296226566584e-12,5,"[0.004674150795304473, -0.008331396933684846, -0.2301680764344325, -0.13623350979213622, 1.0, 1]",0.0
18.177777777777777,0,0.0008133068136291155,-4.450305522503991e-06,3.235489938050015e-12,5,"[0.0046758379162827515, -0.008332935359632138, -0.2302042600382975, -0.1362624961265015, 1.0, 1]",0.0
18.18916666666667,0,0.0008136586142448381,-4.453259703326334e-06,3.2237324514567465e-12,5,"[0.004677521115076699, -0.008334470069984343, -0.23024035906382037, -0.1362914172831576, 1.0, 1]",0.0
18.200555555555557,0,0.0008140095581062272,-4.456207157237511e-06,3.2120235501568617e-12,5,"[0.004679200403728107, -0.00833600107667146, -0.2302763737740151, -0.1363202734573668, 1.0, 1]",0.0
18.211944444444445,0,0.0008143596479815748,-4.459147904130591e-06,3.2003630184572256e-12,5,"[0.00468087579423299, -0.008337528391575746, -0.23031230443087572, -0.1363490648436606, 1.0, 1]",0.0
18.223333333333333,0,0.0008147088866280414,-4.462081963827336e-06,3.188750641608206e-12,5,"[0.004682547298541806, -0.008339052026531927, -0.23034815129538058, -0.13637779163584304, 1.0, 1]",0.0
18.234722222222224,0,0.0008150572767917125,-4.46500935607854e-06,3.177186205795712e-12,5,"[0.004684214928559646, -0.008340571993327469, -0.23038391462749755, -0.13640645402699433, 1.0, 1]",0.0
18.246111111111112,0,0.0008154048212076461,-4.467930100564287e-06,3.165669498135404e-12,5,"[0.004685878696146436, -0.008342088303702744, -0.23041959468618808, -0.13643505220947344, 1.0, 1]",0.0
18.2575,0,0.0008157515225999322,-4.4708442168942626e-06,3.1542003066774492e-12,5,"[0.004687538613117165, -0.008343600969351316, -0.23045519172941265, -0.1364635863749219, 1.0, 1]",0.0
18.26888888888889,0,0.0008160973836817396,-4.47375172460803e-06,3.1427784203963897e-12,5,"[0.004689194691242059, -0.008345110001920111, -0.23049070601413457, -0.1364920567142668, 1.0, 1]",0.0
18.28027777777778,0,0.0008164424071553703,-4.476652643175324e-06,3.1314036291909346e-12,5,"[0.004690846942246802, -0.008346615413009672, -0.23052613779632525, -0.13652046341772378, 1.0, 1]",0.0
18.291666666666668,0,0.0008167865957123139,-4.479546991996355e-06,3.120075723881376e-12,5,"[0.004692495377812718, -0.008348117214174373, -0.23056148733096843, -0.13654880667480068, 1.0, 1]",0.0
18.303055555555556,0,0.0008171299520332952,-4.482434790402068e-06,3.108794496205039e-12,5,"[0.004694140009576992, -0.008349615416922624, -0.23059675487206469, -0.13657708667430007, 1.0, 1]",0.0
18.314444444444444,0,0.0008174724787883292,-4.485316057654452e-06,3.0975597388154545e-12,5,"[0.004695780849132854, -0.008351110032717124, -0.2306319406726365, -0.13660530360432313, 1.0, 1]",0.0
18.325833333333335,0,0.0008178141786367708,-4.488190812946817e-06,3.0863712452768793e-12,5,"[0.004697417908029781, -0.00835260107297504, -0.2306670449847321, -0.13663345765227214, 1.0, 1]",0.0
18.337222222222223,0,0.0008181550542273634,-4.491059075404057e-06,3.075228810061918e-12,5,"[0.0046990511977736925, -0.008354088549068248, -0.23070206805943042, -0.13666154900485392, 1.0, 1]",0.0
18.34861111111111,0,0.0008184951081982941,-4.493920864082967e-06,3.0641322285498685e-12,5,"[0.0047006807298271445, -0.008355572472323535, -0.23073701014684522, -0.13668957784808283, 1.0, 1]",0.0
18.36,0,0.0008188343431772402,-4.496776197972497e-06,3.0530812970201046e-12,5,"[0.00470230651560952, -0.008357052854022821, -0.23077187149612985, -0.13671754436728395, 1.0, 1]",0.0
18.37138888888889,0,0.0008191727617814219,-4.499625095994049e-06,3.0420758126535235e-12,5,"[0.00470392856649724, -0.00835852970540338, -0.23080665235548153, -0.136745448747096, 1.0, 1]",0.0
18.38277777777778,0,0.0008195103666176487,-4.50246757700172e-06,3.031115573527893e-12,5,"[0.004705546893823924, -0.008360003037658012, -0.2308413529721456, -0.13677329117147433, 1.0, 1]",0.0
18.394166666666667,0,0.0008198471602823734,-4.505303659782633e-06,3.020200378611131e-12,5,"[0.004707161508880621, -0.008361472861935317, -0.23087597359242018, -0.1368010718236944, 1.0, 1]",0.0
18.405555555555555,0,0.0008201831453617368,-4.508133363057164e-06,3.009330027762959e-12,5,"[0.004708772422915963, -0.008362939189339842, -0.2309105144616602, -0.13682879088635413, 1.0, 1]",0.0
18.416944444444447,0,0.0008205183244316194,-4.510956705479233e-06,2.99850432173056e-12,5,"[0.004710379647136372, -0.008364402030932328, -0.23094497582428206, -0.1368564485413774, 1.0, 1]",0.0
18.428333333333335,0,0.00082085270005769,-4.513773705636589e-06,2.9877230621446495e-12,5,"[0.0047119831927062514, -0.008365861397729905, -0.23097935792376764, -0.1368840449700169, 1.0, 1]",0.0
18.439722222222223,0,0.0008211862747954518,-4.516584382051061e-06,2.9769860515140983e-12,5,"[0.004713583070748169, -0.008367317300706298, -0.23101366100266868, -0.13691158035285694, 1.0, 1]",0.0
18.45111111111111,0,0.0008215190511902943,-4.5193887531788456e-06,2.966293093228725e-12,5,"[0.004715179292343039, -0.008368769750792027, -0.23104788530261136, -0.13693905486981675, 1.0, 1]",0.0
18.462500000000002,0,0.0008218510317775374,-4.522186837410764e-06,2.9556439915495758e-12,5,"[0.004716771868530314, -0.008370218758874625, -0.2310820310642998, -0.13696646870015303, 1.0, 1]",0.0
18.47388888888889,0,0.000822182219082481,-4.5249786530725275e-06,2.94503855161182e-12,5,"[0.004718360810308156, -0.008371664335798822, -0.2311160985275208, -0.13699382202246313, 1.0, 1]",0.0
18.485277777777778,0,0.0008225126156204513,-4.527764218425019e-06,2.934476579415031e-12,5,"[0.00471994612863365, -0.008373106492366753, -0.23115008793114813, -0.13702111501468775, 1.0, 1]",0.0
18.496666666666666,0,0.0008228422238968495,-4.53054355166454e-06,2.9239578818275286e-12,5,"[0.004721527834422946, -0.008374545239338161, -0.23118399951314625, -0.1370483478541142, 1.0, 1]",0.0
18.508055555555558,0,0.0008231710464071975,-4.533316670923095e-06,2.913482266576969e-12,5,"[0.004723105938551479, -0.008375980587430606, -0.23121783351057498, -0.1370755207173789, 1.0, 1]",0.0
18.519444444444446,0,0.000823499085637184,-4.536083594268636e-06,2.9030495422497268e-12,5,"[0.004724680451854118, -0.008377412547319643, -0.231251590159593, -0.13710263378047036, 1.0, 1]",0.0
18.530833333333334,0,0.0008238263440627125,-4.5388443397053375e-06,2.8926595182887206e-12,5,"[0.004726251385125371, -0.008378841129639034, -0.2312852696954625, -0.13712968721873212, 1.0, 1]",0.0
18.54222222222222,0,0.000824152824149944,-4.541598925173841e-06,2.8823120049872117e-12,5,"[0.004727818749119544, -0.008380266344980921, -0.23131887235255297, -0.13715668120686553, 1.0, 1]",0.0
18.553611111111113,0,0.0008244785283553478,-4.544347368551538e-06,2.872006813489423e-12,5,"[0.0047293825545509345, -0.008381688203896063, -0.23135239836434532, -0.13718361591893244, 1.0, 1]",0.0
18.565,0,0.000824803459125742,-4.5470896876528045e-06,2.8617437557838185e-12,5,"[0.004730942812094005, -0.008383106716893992, -0.23138584796343598, -0.1372104915283584, 1.0, 1]",0.0
18.57638888888889,0,0.0008251276188983423,-4.54982590022927e-06,2.8515226447033108e-12,5,"[0.004732499532383539, -0.00838452189444321, -0.23141922138154075, -0.1372373082079348, 1.0, 1]",0.0
18.587777777777777,0,0.0008254510101008059,-4.55255602397007e-06,2.841343293921124e-12,5,"[0.004734052726014853, -0.008385933746971401, -0.23145251884949902, -0.13726406612982242, 1.0, 1]",0.0
18.59916666666667,0,0.0008257736351512762,-4.5552800765021215e-06,2.831205517942316e-12,5,"[0.004735602403543944, -0.008387342284865614, -0.2314857405972776, -0.1372907654655535, 1.0, 1]",0.0
18.610555555555557,0,0.0008260954964584259,-4.557998075390324e-06,2.821109132109982e-12,5,"[0.004737148575487663, -0.008388747518472434, -0.23151888685397456, -0.13731740638603493, 1.0, 1]",0.0
18.621944444444445,0,0.0008264165964215053,-4.5607100381378745e-06,2.8110539525951213e-12,5,"[0.0047386912523238985, -0.008390149458098193, -0.23155195784782345, -0.13734398906155088, 1.0, 1]",0.0
18.633333333333333,0,0.0008267369374303813,-4.563415982186467e-06,2.801039796396018e-12,5,"[0.004740230444491752, -0.008391548114009141, -0.23158495380619698, -0.13737051366176534, 1.0, 1]",0.0
18.644722222222224,0,0.0008270565218655866,-4.566115924916581e-06,2.7910664813366883e-12,5,"[0.004741766162391691, -0.008392943496431653, -0.2316178749556109, -0.13739698035572506, 1.0, 1]",0.0
18.656111111111112,0,0.0008273753520983583,-4.56880988364771e-06,2.7811338260578865e-12,5,"[0.004743298416385731, -0.008394335615552397, -0.23165072152172808, -0.13742338931186215, 1.0, 1]",0.0
18.6675,0,0.0008276934304906837,-4.5714978756386055e-06,2.771241650020413e-12,5,"[0.004744827216797606, -0.008395724481518513, -0.2316834937293621, -0.1374497406979969, 1.0, 1]",0.0
18.67888888888889,0,0.0008280107593953449,-4.5741799180875455e-06,2.7613897734995304e-12,5,"[0.00474635257391293, -0.008397110104437826, -0.23171619180248132, -0.13747603468134, 1.0, 1]",0.0
18.69027777777778,0,0.0008283273411559598,-4.576856028132566e-06,2.7515780175812424e-12,5,"[0.004747874497979366, -0.008398492494379002, -0.23174881596421246, -0.1375022714284958, 1.0, 1]",0.0
18.701666666666668,0,0.0008286431781070223,-4.579526222851691e-06,2.74180620415764e-12,5,"[0.004749392999206802, -0.00839987166137173, -0.2317813664368446, -0.13752845110546455, 1.0, 1]",0.0
18.713055555555556,0,0.0008289582725739504,-4.5821905192632044e-06,2.7320741559288656e-12,5,"[0.0047509080877675, -0.008401247615406912, -0.2318138434418327, -0.13755457387764505, 1.0, 1]",0.0
18.724444444444444,0,0.0008292726268731244,-4.5848489343258735e-06,2.72238169639567e-12,5,"[0.004752419773796268, -0.00840262036643685, -0.23184624719980154, -0.13758063990983746, 1.0, 1]",0.0
18.735833333333336,0,0.0008295862433119292,-4.5875014849391965e-06,2.712728649855482e-12,5,"[0.0047539280673906375, -0.0084039899243754, -0.23187857793054936, -0.13760664936624573, 1.0, 1]",0.0
18.747222222222224,0,0.0008298991241887984,-4.59014818794365e-06,2.703114841403029e-12,5,"[0.004755432978611001, -0.008405356299098176, -0.23191083585305183, -0.13763260241048023, 1.0, 1]",0.0
18.75861111111111,0,0.0008302112717932527,-4.592789060120902e-06,2.6935400969258906e-12,5,"[0.004756934517480794, -0.008406719500442719, -0.2319430211854652, -0.13765849920556034, 1.0, 1]",0.0
18.77,0,0.000830522688405943,-4.595424118194085e-06,2.6840042430983995e-12,5,"[0.004758432693986653, -0.008408079538208641, -0.23197513414513035, -0.13768433991391704, 1.0, 1]",0.0
18.78138888888889,0,0.0008308333762986924,-4.5980533788280104e-06,2.6745071073828806e-12,5,"[0.0047599275180785685, -0.008409436422157869, -0.2320071749485765, -0.13771012469739535, 1.0, 1]",0.0
18.79277777777778,0,0.0008311433377345336,-4.600676858629396e-06,2.665048518024896e-12,5,"[0.004761418999670057, -0.00841079016201474, -0.23203914381152468, -0.1377358537172569, 1.0, 1]",0.0
18.804166666666667,0,0.0008314525749677534,-4.603294574147135e-06,2.655628304047143e-12,5,"[0.004762907148638298, -0.008412140767466237, -0.2320710409488914, -0.13776152713418266, 1.0, 1]",0.0
18.815555555555555,0,0.0008317610902439318,-4.605906541872499e-06,2.6462462952523515e-12,5,"[0.004764391974824328, -0.008413488248162123, -0.232102866574792, -0.13778714510827514, 1.0, 1]",0.0
18.826944444444447,0,0.0008320688857999796,-4.608512778239379e-06,2.6369023222125285e-12,5,"[0.004765873488033159, -0.008414832613715116, -0.23213462090254464, -0.13781270779906094, 1.0, 1]",0.0
18.838333333333335,0,0.0008323759638641833,-4.611113299624521e-06,2.6275962162744393e-12,5,"[0.0047673516980339704, -0.008416173873701097, -0.23216630414467374, -0.13783821536549348, 1.0, 1]",0.0
18.849722222222223,0,0.0008326823266562403,-4.61370812234775e-06,2.6183278095490608e-12,5,"[0.0047688266145602285, -0.008417512037659208, -0.2321979165129132, -0.13786366796595514, 1.0, 1]",0.0
18.86111111111111,0,0.0008329879763873022,-4.616297262672215e-06,2.609096934913339e-12,5,"[0.0047702982473098775, -0.008418847115092108, -0.23222945821821034, -0.13788906575826013, 1.0, 1]",0.0
18.872500000000002,0,0.0008332929152600105,-4.618880736804593e-06,2.599903426004192e-12,5,"[0.0047717666059454685, -0.008420179115466053, -0.23226092947072918, -0.13791440889965642, 1.0, 1]",0.0
18.88388888888889,0,0.0008335971454685383,-4.621458560895332e-06,2.5907471172170625e-12,5,"[0.004773231700094332, -0.00842150804821113, -0.23229233047985393, -0.1379396975468285, 1.0, 1]",0.0
18.89527777777778,0,0.0008339006691986285,-4.624030751038876e-06,2.581627843702196e-12,5,"[0.004774693539348702, -0.008422833922721383, -0.23232366145419248, -0.13796493185589986, 1.0, 1]",0.0
18.906666666666666,0,0.0008342034886276329,-4.626597323273896e-06,2.572545441360607e-12,5,"[0.004776152133265907, -0.008424156748355005, -0.23235492260157992, -0.13799011198243516, 1.0, 1]",0.0
18.918055555555558,0,0.0008345056059245504,-4.629158293583506e-06,2.5634997468436674e-12,5,"[0.004777607491368487, -0.008425476534434477, -0.2323861141290817, -0.13801523808144286, 1.0, 1]",0.0
18.929444444444446,0,0.000834807023250064,-4.631713677895477e-06,2.5544905975470035e-12,5,"[0.0047790596231443655, -0.008426793290246742, -0.23241723624299765, -0.13804031030737743, 1.0, 1]",0.0
18.940833333333334,0,0.000835107742756581,-4.634263492082478e-06,2.5455178316097743e-12,5,"[0.004780508538046994, -0.008428107025043374, -0.23244828914886473, -0.1380653288141418, 1.0, 1]",0.0
18.952222222222222,0,0.0008354077665882703,-4.636807751962294e-06,2.5365812879096043e-12,5,"[0.004781954245495482, -0.008429417748040733, -0.23247927305146046, -0.13809029375508958, 1.0, 1]",0.0
18.963611111111113,0,0.0008357070968810989,-4.639346473298033e-06,2.5276808060610323e-12,5,"[0.004783396754874786, -0.008430725468420115, -0.23251018815480684, -0.13811520528302776, 1.0, 1]",0.0
18.975,0,0.0008360057357628715,-4.641879671798364e-06,2.51881622641241e-12,5,"[0.00478483607553581, -0.008432030195327934, -0.23254103466217305, -0.13814006355021885, 1.0, 1]",0.0
18.98638888888889,0,0.0008363036853532656,-4.644407363117718e-06,2.509987390041972e-12,5,"[0.004786272216795598, -0.008433331937875859, -0.2325718127760792, -0.13816486870838285, 1.0, 1]",0.0
18.997777777777777,0,0.0008366009477638704,-4.646929562856522e-06,2.5011941387545286e-12,5,"[0.004787705187937437, -0.008434630705140988, -0.23260252269829929, -0.13818962090870024, 1.0, 1]",0.0
19.00916666666667,0,0.0008368975250982218,-4.649446286561396e-06,2.4924363150803266e-12,5,"[0.004789134998211031, -0.008435926506165998, -0.23263316462986494, -0.1382143203018138, 1.0, 1]",0.0
19.020555555555557,0,0.0008371934194518417,-4.651957549725393e-06,2.4837137622694673e-12,5,"[0.004790561656832642, -0.008437219349959295, -0.23266373877106827, -0.1382389670378312, 1.0, 1]",0.0
19.031944444444445,0,0.0008374886329122713,-4.654463367788183e-06,2.4750263242915954e-12,5,"[0.004791985172985216, -0.008438509245495177, -0.2326942453214653, -0.13826356126632677, 1.0, 1]",0.0
19.043333333333333,0,0.000837783167559111,-4.656963756136304e-06,2.466373845830006e-12,5,"[0.004793405555818554, -0.008439796201714006, -0.23272468447987926, -0.1382881031363445, 1.0, 1]",0.0
19.054722222222225,0,0.0008380770254640538,-4.659458730103338e-06,2.4577561722825744e-12,5,"[0.004794822814449437, -0.008441080227522319, -0.23275505644440372, -0.13831259279639976, 1.0, 1]",0.0
19.066111111111113,0,0.0008383702086909211,-4.661948304970141e-06,2.449173149752865e-12,5,"[0.004796236957961756, -0.008442361331793012, -0.23278536141240577, -0.13833703039448164, 1.0, 1]",0.0
19.0775,0,0.0008386627192957017,-4.664432495965065e-06,2.440624625052818e-12,5,"[0.004797647995406684, -0.008443639523365498, -0.2328155995805293, -0.13836141607805555, 1.0, 1]",0.0
19.08888888888889,0,0.0008389545593265826,-4.666911318264137e-06,2.4321104456962375e-12,5,"[0.004799055935802789, -0.008444914811045832, -0.23284577114469815, -0.13838574999406478, 1.0, 1]",0.0
19.10027777777778,0,0.0008392457308239891,-4.6693847869912964e-06,2.423630459898893e-12,5,"[0.004800460788136196, -0.008446187203606879, -0.23287587630011927, -0.13841003228893328, 1.0, 1]",0.0
19.111666666666668,0,0.0008395362358206158,-4.671852917218584e-06,2.4151845165714896e-12,5,"[0.004801862561360707, -0.008447456709788463, -0.23290591524128584, -0.13843426310856774, 1.0, 1]",0.0
19.123055555555556,0,0.0008398260763414664,-4.674315723966368e-06,2.4067724653219417e-12,5,"[0.004803261264397941, -0.008448723338297515, -0.2329358881619803, -0.13845844259835943, 1.0, 1]",0.0
19.134444444444444,0,0.0008401152544038818,-4.676773222203524e-06,2.3983941564453443e-12,5,"[0.004804656906137486, -0.008449987097808212, -0.23296579525527775, -0.13848257090318708, 1.0, 1]",0.0
19.145833333333336,0,0.0008404037720175816,-4.679225426847668e-06,2.390049440927695e-12,5,"[0.004806049495437028, -0.00845124799696214, -0.23299563671354886, -0.13850664816741826, 1.0, 1]",0.0
19.157222222222224,0,0.000840691631184694,-4.681672352765334e-06,2.3817381704405175e-12,5,"[0.004807439041122476, -0.00845250604436842, -0.23302541272846267, -0.13853067453491194, 1.0, 1]",0.0
19.16861111111111,0,0.0008409788338997924,-4.684114014772209e-06,2.3734601973349674e-12,5,"[0.004808825551988117, -0.00845376124860388, -0.23305512349099025, -0.13855465014902094, 1.0, 1]",0.0
19.18,0,0.0008412653821499293,-4.686550427633304e-06,2.3652153746458654e-12,5,"[0.004810209036796751, -0.00845501361821319, -0.23308476919140725, -0.1385785751525933, 1.0, 1]",0.0
19.19138888888889,0,0.0008415512779146678,-4.688981606063172e-06,2.357003556080116e-12,5,"[0.004811589504279788, -0.008456263161708983, -0.23311435001929715, -0.13860244968797528, 1.0, 1]",0.0
19.20277777777778,0,0.0008418365231661183,-4.691407564726103e-06,2.3488245960210515e-12,5,"[0.004812966963137429, -0.008457509887572033, -0.23314386616355412, -0.1386262738970126, 1.0, 1]",0.0
19.214166666666667,0,0.0008421211198689712,-4.693828318236338e-06,2.3406783495211924e-12,5,"[0.004814341422038784, -0.00845875380425139, -0.23317331781238648, -0.13865004792105345, 1.0, 1]",0.0
19.225555555555555,0,0.0008424050699805286,-4.69624388115823e-06,2.3325646723024556e-12,5,"[0.004815712889621988, -0.008459994920164486, -0.23320270515331892, -0.13867377190094962, 1.0, 1]",0.0
19.236944444444447,0,0.0008426883754507411,-4.698654268006502e-06,2.3244834207501566e-12,5,"[0.004817081374494346, -0.008461233243697344, -0.23323202837319632, -0.13869744597705952, 1.0, 1]",0.0
19.248333333333335,0,0.0008429710382222358,-4.701059493246378e-06,2.316434451911666e-12,5,"[0.004818446885232472, -0.00846246878320465, -0.2332612876581858, -0.13872107028924963, 1.0, 1]",0.0
19.259722222222223,0,0.0008432530602303543,-4.703459571293838e-06,2.3084176234927895e-12,5,"[0.004819809430382391, -0.008463701547009941, -0.23329048319378043, -0.1387446449768968, 1.0, 1]",0.0
19.27111111111111,0,0.000843534443403182,-4.705854516515763e-06,2.300432793858493e-12,5,"[0.004821169018459704, -0.00846493154340572, -0.23331961516480204, -0.13876817017889026, 1.0, 1]",0.0
19.282500000000002,0,0.0008438151896615818,-4.708244343230171e-06,2.2924798220236994e-12,5,"[0.004822525657949695, -0.0084661587806536, -0.23334868375540346, -0.13879164603363375, 1.0, 1]",0.0
19.29388888888889,0,0.0008440953009192261,-4.710629065706378e-06,2.2845585676553564e-12,5,"[0.004823879357307464, -0.008467383266984443, -0.2333776891490722, -0.13881507267904733, 1.0, 1]",0.0
19.30527777777778,0,0.0008443747790826303,-4.7130086981652235e-06,2.2766688910677843e-12,5,"[0.004825230124958056, -0.008468605010598507, -0.23340663152863328, -0.1388384502525697, 1.0, 1]",0.0
19.316666666666666,0,0.0008446536260511818,-4.715383254779226e-06,2.2688106532193666e-12,5,"[0.004826577969296583, -0.008469824019665556, -0.23343551107625138, -0.13886177889115994, 1.0, 1]",0.0
19.328055555555558,0,0.0008449318437171751,-4.717752749672794e-06,2.260983715712654e-12,5,"[0.00482792289868836, -0.008471040302325015, -0.23346432797343455, -0.13888505873129983, 1.0, 1]",0.0
19.339444444444446,0,0.000845209433965842,-4.720117196922428e-06,2.2531879407861955e-12,5,"[0.004829264921469027, -0.008472253866686116, -0.23349308240103628, -0.1389082899089955, 1.0, 1]",0.0
19.350833333333334,0,0.0008454863986753825,-4.7224766105568816e-06,2.2454231913171236e-12,5,"[0.004830604045944669, -0.008473464720828, -0.2335217745392592, -0.13893147255977958, 1.0, 1]",0.0
19.362222222222222,0,0.0008457627397169985,-4.724831004557377e-06,2.237689330815364e-12,5,"[0.0048319402803919465, -0.00847467287279988, -0.23355040456765713, -0.13895460681871347, 1.0, 1]",0.0
19.373611111111114,0,0.0008460384589549212,-4.727180392857764e-06,2.2299862234215674e-12,5,"[0.004833273633058219, -0.008475878330621151, -0.23357897266513816, -0.13897769282038852, 1.0, 1]",0.0
19.385,0,0.0008463135582464457,-4.7295247893447376e-06,2.2223137339039048e-12,5,"[0.0048346041121616655, -0.008477081102281545, -0.23360747900996734, -0.1390007306989289, 1.0, 1]",0.0
19.39638888888889,0,0.0008465880394419608,-4.731864207858003e-06,2.214671727657136e-12,5,"[0.004835931725891413, -0.008478281195741249, -0.23363592377976994, -0.13902372058799292, 1.0, 1]",0.0
19.407777777777778,0,0.0008468619043849772,-4.734198662190462e-06,2.2070600706954762e-12,5,"[0.004837256482407646, -0.008479478618931018, -0.23366430715153308, -0.1390466626207752, 1.0, 1]",0.0
19.41916666666667,0,0.0008471351549121626,-4.736528166088411e-06,2.1994786296554903e-12,5,"[0.004838578389841749, -0.008480673379752354, -0.2336926293016098, -0.13906955693000872, 1.0, 1]",0.0
19.430555555555557,0,0.0008474077928533697,-4.738852733251725e-06,2.191927271788545e-12,5,"[0.004839897456296409, -0.008481865486077596, -0.23372089040572105, -0.13909240364796646, 1.0, 1]",0.0
19.441944444444445,0,0.0008476798200316636,-4.741172377333998e-06,2.184405864961844e-12,5,"[0.004841213689845741, -0.008483054945750036, -0.2337490906389583, -0.13911520290646343, 1.0, 1]",0.0
19.453333333333333,0,0.0008479512382633591,-4.743487111942801e-06,2.1769142776530484e-12,5,"[0.004842527098535415, -0.008484241766584116, -0.23377723017578675, -0.1391379548368587, 1.0, 1]",0.0
19.464722222222225,0,0.0008482220493580413,-4.745796950639776e-06,2.1694523789485228e-12,5,"[0.004843837690382767, -0.008485425956365453, -0.23380530919004738, -0.13916065957005708, 1.0, 1]",0.0
19.476111111111113,0,0.0008484922551186048,-4.748101906940902e-06,2.16202003853992e-12,5,"[0.004845145473376919, -0.008486607522851072, -0.23383332785496028, -0.13918331723651117, 1.0, 1]",0.0
19.4875,0,0.0008487618573412757,-4.750401994316605e-06,2.1546171267225284e-12,5,"[0.004846450455478903, -0.008487786473769453, -0.233861286343127, -0.13920592796622322, 1.0, 1]",0.0
19.49888888888889,0,0.0008490308578156453,-4.752697226191971e-06,2.1472435143927896e-12,5,"[0.004847752644621767, -0.00848896281682069, -0.23388918482653284, -0.13922849188874672, 1.0, 1]",0.0
19.51027777777778,0,0.0008492992583246998,-4.754987615946932e-06,2.1398990730444732e-12,5,"[0.004849052048710714, -0.008490136559676625, -0.23391702347655033, -0.13925100913318883, 1.0, 1]",0.0
19.52166666666667,0,0.0008495670606448447,-4.757273176916405e-06,2.1325836747652644e-12,5,"[0.004850348675623185, -0.008491307709980944, -0.2339448024639409, -0.1392734798282116, 1.0, 1]",0.0
19.533055555555556,0,0.00084983426654594,-4.759553922390518e-06,2.125297192235937e-12,5,"[0.004851642533209007, -0.00849247627534932, -0.23397252195885837, -0.1392959041020341, 1.0, 1]",0.0
19.544444444444444,0,0.0008501008777913236,-4.761829865614731e-06,2.118039498727871e-12,5,"[0.004852933629290486, -0.008493642263369525, -0.23400018213085072, -0.13931828208243432, 1.0, 1]",0.0
19.555833333333336,0,0.0008503668961378452,-4.7641010197900635e-06,2.110810468099643e-12,5,"[0.004854221971662546, -0.008494805681601577, -0.23402778314886336, -0.13934061389675095, 1.0, 1]",0.0
19.567222222222224,0,0.0008506323233358904,-4.766367398073241e-06,2.103609974791129e-12,5,"[0.004855507568092812, -0.008495966537577825, -0.23405532518124114, -0.1393628996718851, 1.0, 1]",0.0
19.578611111111112,0,0.000850897161129411,-4.768629013576853e-06,2.096437893828987e-12,5,"[0.00485679042632174, -0.008497124838803088, -0.23408280839573142, -0.13938513953430198, 1.0, 1]",0.0
19.59,0,0.0008511614112559551,-4.770885879369577e-06,2.089294100814869e-12,5,"[0.004858070554062746, -0.008498280592754802, -0.23411023295948633, -0.1394073336100331, 1.0, 1]",0.0
19.60138888888889,0,0.0008514250754466897,-4.773138008476286e-06,2.082178471927695e-12,5,"[0.004859347959002289, -0.008499433806883071, -0.23413759903906503, -0.1394294820246778, 1.0, 1]",0.0
19.61277777777778,0,0.000851688155426436,-4.775385413878273e-06,2.0750908839213803e-12,5,"[0.004860622648799992, -0.008500584488610869, -0.23416490680043714, -0.13945158490340484, 1.0, 1]",0.0
19.624166666666667,0,0.0008519506529136917,-4.777628108513386e-06,2.068031214121834e-12,5,"[0.004861894631088775, -0.008501732645334091, -0.23419215640898383, -0.13947364237095458, 1.0, 1]",0.0
19.635555555555555,0,0.0008522125696206608,-4.779866105276216e-06,2.0609993404227226e-12,5,"[0.004863163913474935, -0.00850287828442171, -0.23421934802950187, -0.13949565455164045, 1.0, 1]",0.0
19.646944444444447,0,0.000852473907253281,-4.782099417018265e-06,2.0539951412820555e-12,5,"[0.004864430503538273, -0.008504021413215889, -0.23424648182620492, -0.1395176215693508, 1.0, 1]",0.0
19.658333333333335,0,0.000852734667511252,-4.784328056548112e-06,2.047018495723531e-12,5,"[0.004865694408832205, -0.008505162039032083, -0.2342735579627265, -0.13953954354755058, 1.0, 1]",0.0
19.669722222222223,0,0.0008529948520880586,-4.7865520366315504e-06,2.0400692833321925e-12,5,"[0.004866955636883865, -0.008506300169159152, -0.2343005766021224, -0.13956142060928317, 1.0, 1]",0.0
19.68111111111111,0,0.0008532544626710057,-4.788771369991822e-06,2.03314738425081e-12,5,"[0.0048682141951942185, -0.008507435810859512, -0.23432753790687322, -0.13958325287717213, 1.0, 1]",0.0
19.692500000000003,0,0.0008535135009412369,-4.790986069309724e-06,2.0262526791747104e-12,5,"[0.004869470091238166, -0.008508568971369219, -0.2343544420388865, -0.13960504047342268, 1.0, 1]",0.0
19.70388888888889,0,0.0008537719685737672,-4.793196147223785e-06,2.0193850493592213e-12,5,"[0.004870723332464649, -0.008509699657898084, -0.23438128915949952, -0.13962678351982366, 1.0, 1]",0.0
19.71527777777778,0,0.0008540298672375074,-4.7954016163304545e-06,2.0125443766054032e-12,5,"[0.004871973926296776, -0.008510827877629797, -0.23440807942948125, -0.13964848213774925, 1.0, 1]",0.0
19.726666666666667,0,0.0008542871985952903,-4.7976024891842395e-06,2.0057305432641848e-12,5,"[0.004873221880131899, -0.008511953637722048, -0.23443481300903538, -0.13967013644816043, 1.0, 1]",0.0
19.738055555555558,0,0.000854543964303898,-4.7997987782978776e-06,1.9989434322320202e-12,5,"[0.004874467201341752, -0.008513076945306609, -0.2344614900578019, -0.13969174657160685, 1.0, 1]",0.0
19.749444444444446,0,0.0008548001660140874,-4.8019904961424965e-06,1.992182926947684e-12,5,"[0.00487570989727252, -0.008514197807489477, -0.23448811073486014, -0.13971331262822836, 1.0, 1]",0.0
19.760833333333334,0,0.0008550558053706198,-4.804177655147795e-06,1.985448911392892e-12,5,"[0.004876949975244985, -0.008515316231350987, -0.2345146751987309, -0.139734834737757, 1.0, 1]",0.0
19.772222222222222,0,0.000855310884012281,-4.806360267702164e-06,1.9787412700864054e-12,5,"[0.0048781874425546014, -0.008516432223945889, -0.2345411836073788, -0.1397563130195182, 1.0, 1]",0.0
19.783611111111114,0,0.000855565403571912,-4.808538346152879e-06,1.9720598880835173e-12,5,"[0.004879422306471614, -0.008517545792303492, -0.23456763611821463, -0.13977774759243278, 1.0, 1]",0.0
19.795,0,0.0008558193656764335,-4.810711902806262e-06,1.9654046509707764e-12,5,"[0.0048806545742411485, -0.008518656943427768, -0.23459403288809758, -0.13979913857501866, 1.0, 1]",0.0
19.80638888888889,0,0.00085607277194687,-4.812880949927806e-06,1.9587754448670225e-12,5,"[0.004881884253083324, -0.008519765684297437, -0.2346203740733375, -0.13982048608539185, 1.0, 1]",0.0
19.817777777777778,0,0.0008563256239983772,-4.815045499742367e-06,1.9521721564198705e-12,5,"[0.004883111350193369, -0.008520872021866108, -0.23464665982969757, -0.13984179024126908, 1.0, 1]",0.0
19.82916666666667,0,0.0008565779234402683,-4.817205564434314e-06,1.9455946728036427e-12,5,"[0.004884335872741698, -0.008521975963062384, -0.23467289031239633, -0.13986305115996858, 1.0, 1]",0.0
19.840555555555557,0,0.0008568296718760357,-4.819361156147673e-06,1.939042881713475e-12,5,"[0.004885557827874028, -0.008523077514789935, -0.23469906567610996, -0.13988426895841224, 1.0, 1]",0.0
19.851944444444445,0,0.0008570808709033796,-4.821512286986297e-06,1.9325166713668673e-12,5,"[0.0048867772227114735, -0.00852417668392765, -0.23472518607497436, -0.1399054437531267, 1.0, 1]",0.0
19.863333333333333,0,0.000857331522114231,-4.823658969014006e-06,1.9260159305022374e-12,5,"[0.004887994064350657, -0.008525273477329709, -0.23475125166258795, -0.1399265756602455, 1.0, 1]",0.0
19.874722222222225,0,0.0008575816270947787,-4.8258012142547706e-06,1.919540548370958e-12,5,"[0.0048892083598638, -0.008526367901825718, -0.23477726259201365, -0.1399476647955103, 1.0, 1]",0.0
19.886111111111113,0,0.0008578311874254911,-4.827939034692824e-06,1.913090414740769e-12,5,"[0.004890420116298832, -0.008527459964220791, -0.23480321901578055, -0.13996871127427268, 1.0, 1]",0.0
19.8975,0,0.0008580802046811423,-4.830072442272837e-06,1.9066654198906085e-12,5,"[0.004891629340679468, -0.008528549671295654, -0.2348291210858871, -0.1399897152114954, 1.0, 1]",0.0
19.90888888888889,0,0.0008583286804308383,-4.832201448900095e-06,1.900265454606993e-12,5,"[0.004892836040005338, -0.008529637029806789, -0.23485496895380284, -0.1400106767217545, 1.0, 1]",0.0
19.920277777777777,0,0.0008585766162380399,-4.834326066440611e-06,1.893890410185052e-12,5,"[0.0048940402212520745, -0.008530722046486488, -0.23488076277047049, -0.14003159591924025, 1.0, 1]",0.0
19.93166666666667,0,0.0008588240136605849,-4.836446306721287e-06,1.8875401784232534e-12,5,"[0.004895241891371387, -0.008531804728042972, -0.23490650268630817, -0.14005247291775916, 1.0, 1]",0.0
19.943055555555556,0,0.0008590708742507165,-4.838562181530081e-06,1.881214651621855e-12,5,"[0.004896441057291195, -0.00853288508116052, -0.2349321888512122, -0.14007330783073535, 1.0, 1]",0.0
19.954444444444444,0,0.0008593171995551049,-4.840673702616141e-06,1.8749137225833154e-12,5,"[0.004897637725915713, -0.008533963112499534, -0.2349578214145583, -0.14009410077121218, 1.0, 1]",0.0
19.965833333333332,0,0.0008595629911148692,-4.8427808816899406e-06,1.8686372846056785e-12,5,"[0.004898831904125525, -0.008535038828696656, -0.23498340052520425, -0.14011485185185354, 1.0, 1]",0.0
19.977222222222224,0,0.0008598082504656076,-4.84488373042349e-06,1.862385231480091e-12,5,"[0.004900023598777719, -0.008536112236364893, -0.23500892633149237, -0.14013556118494577, 1.0, 1]",0.0
19.988611111111112,0,0.0008600529791374132,-4.846982260450394e-06,1.8561574574949387e-12,5,"[0.0049012128167059505, -0.008537183342093673, -0.23503439898125106, -0.1401562288823988, 1.0, 1]",0.0
20.0,0,0.0008602971786549038,-4.849076483366071e-06,1.8499538574263334e-12,5,"[0.004902399564720555, -0.008538252152448982, -0.23505981862179706, -0.14017685505574778, 1.0, 1]",0.0
